time,Population,hotspot
December 2000,540846.0733450865,Australia
January 2001,540855.0940330259,Australia
February 2001,540879.3519832708,Australia
March 2001,540903.0365652022,Australia
April 2001,540900.0233647854,Australia
May 2001,540915.3427381295,Australia
June 2001,540950.617911118,Australia
July 2001,540957.2320600402,Australia
August 2001,540959.797984535,Australia
September 2001,540986.4803056902,Australia
October 2001,540991.0119675696,Australia
November 2001,541006.8170115387,Australia
December 2001,541029.725097234,Australia
January 2002,541018.9147519589,Australia
February 2002,541033.2358984028,Australia
March 2002,541056.814097841,Australia
April 2002,541064.2839782138,Australia
May 2002,541090.4192557887,Australia
June 2002,541089.6135641963,Australia
July 2002,541096.1103951059,Australia
August 2002,541139.273181817,Australia
September 2002,541133.4365521126,Australia
October 2002,541148.486223452,Australia
November 2002,541144.7851513684,Australia
December 2002,541166.1301318654,Australia
January 2003,541160.8249162198,Australia
February 2003,541134.9605034165,Australia
March 2003,541140.1929927845,Australia
April 2003,541117.390972332,Australia
May 2003,541108.7694016054,Australia
June 2003,541093.1126606369,Australia
July 2003,541107.4932822768,Australia
August 2003,541075.1534250167,Australia
September 2003,541051.6235301082,Australia
October 2003,541059.8518074156,Australia
November 2003,541025.6073273133,Australia
December 2003,541029.0041766893,Australia
January 2004,541005.9980055959,Australia
February 2004,541013.0176392562,Australia
March 2004,541029.6033414498,Australia
April 2004,541035.6591665122,Australia
May 2004,541029.8178831467,Australia
June 2004,541026.9880362431,Australia
July 2004,541025.2392750016,Australia
August 2004,541012.8612642998,Australia
September 2004,541021.2448512253,Australia
October 2004,541024.2643810682,Australia
November 2004,541040.7879464115,Australia
December 2004,541033.3766919171,Australia
January 2005,540993.2119226042,Australia
February 2005,540998.0189020043,Australia
March 2005,540974.5407722997,Australia
April 2005,540953.8370909918,Australia
May 2005,540950.6480399604,Australia
June 2005,540937.5704673287,Australia
July 2005,540919.4938837739,Australia
August 2005,540882.9339124901,Australia
September 2005,540871.0432300054,Australia
October 2005,540860.9040806065,Australia
November 2005,540850.2388350946,Australia
December 2005,540817.6319994902,Australia
January 2006,540807.7916769474,Australia
February 2006,540784.9310551259,Australia
March 2006,540772.2363937361,Australia
April 2006,540780.7890887053,Australia
May 2006,540774.0507196637,Australia
June 2006,540745.7471601423,Australia
July 2006,540744.7118220406,Australia
August 2006,540724.8406696358,Australia
September 2006,540701.0569769887,Australia
October 2006,540699.2814253686,Australia
November 2006,540698.9112425845,Australia
December 2006,540669.4651793132,Australia
January 2007,540669.099191892,Australia
February 2007,540606.699659229,Australia
March 2007,540627.7737289977,Australia
April 2007,540602.3650377137,Australia
May 2007,540581.2621270223,Australia
June 2007,540567.923985221,Australia
July 2007,540528.6633496622,Australia
August 2007,540530.0927581085,Australia
September 2007,540518.7493500866,Australia
October 2007,540513.8048939545,Australia
November 2007,540474.8706412785,Australia
December 2007,540454.7953683131,Australia
January 2008,540456.0720955698,Australia
February 2008,540469.2563658123,Australia
March 2008,540461.0827522653,Australia
April 2008,540449.8640213882,Australia
May 2008,540459.1012377945,Australia
June 2008,540452.6257113767,Australia
July 2008,540460.0242857678,Australia
August 2008,540440.0961240213,Australia
September 2008,540442.0983386118,Australia
October 2008,540439.4596349935,Australia
November 2008,540425.9579335666,Australia
December 2008,540442.8796438283,Australia
January 2009,540444.384522587,Australia
February 2009,540443.5208435436,Australia
March 2009,540442.6493040086,Australia
April 2009,540431.8681454515,Australia
May 2009,540444.3552393304,Australia
June 2009,540447.0718211613,Australia
July 2009,540443.9639524639,Australia
August 2009,540452.7184788467,Australia
September 2009,540460.6617239813,Australia
October 2009,540478.3755225871,Australia
November 2009,540461.9021029946,Australia
December 2009,540464.612075864,Australia
January 2010,540461.4322718093,Australia
February 2010,540442.0351082907,Australia
March 2010,540462.6701336765,Australia
April 2010,540463.9806643893,Australia
May 2010,540490.1172702133,Australia
June 2010,540462.0204233538,Australia
July 2010,540467.6848836304,Australia
August 2010,540464.4593676637,Australia
September 2010,540452.679692018,Australia
October 2010,540477.8349851737,Australia
November 2010,540474.0236408497,Australia
December 2010,540474.8109828248,Australia
January 2011,540463.9453453562,Australia
February 2011,540496.1085698744,Australia
March 2011,540472.6887388619,Australia
April 2011,540501.3832156272,Australia
May 2011,540525.7102950203,Australia
June 2011,540498.9678362041,Australia
July 2011,540510.6481276858,Australia
August 2011,540525.1580855467,Australia
September 2011,540526.0591900294,Australia
October 2011,540521.9607385807,Australia
November 2011,540546.6931023437,Australia
December 2011,540541.697325647,Australia
January 2012,540557.6566581412,Australia
February 2012,540542.2079887493,Australia
March 2012,540568.2101957474,Australia
April 2012,540542.679664762,Australia
May 2012,540547.1309521105,Australia
June 2012,540558.7975074509,Australia
July 2012,540536.3804459034,Australia
August 2012,540551.5079413542,Australia
September 2012,540562.5751005762,Australia
October 2012,540530.8260304419,Australia
November 2012,540549.5329312542,Australia
December 2012,540549.8455861991,Australia
January 2013,540557.258485848,Australia
February 2013,540537.4262113901,Australia
March 2013,540538.1709180893,Australia
April 2013,540559.743662443,Australia
May 2013,540559.0886843265,Australia
June 2013,540560.4060422631,Australia
July 2013,540563.1923453517,Australia
August 2013,540554.0009409934,Australia
September 2013,540565.5996079067,Australia
October 2013,540568.0091261821,Australia
November 2013,540559.0219929359,Australia
December 2013,540588.4471340613,Australia
January 2014,540572.3346130328,Australia
February 2014,540553.2925054212,Australia
March 2014,540572.0365369973,Australia
April 2014,540553.3579659997,Australia
May 2014,540571.1022838817,Australia
June 2014,540573.9000292596,Australia
July 2014,540551.5275085594,Australia
August 2014,540569.4726128943,Australia
September 2014,540562.3822139502,Australia
October 2014,540565.6232269205,Australia
November 2014,540575.9619250505,Australia
December 2014,540551.8425226959,Australia
January 2015,540548.8863232032,Australia
February 2015,540549.9253510225,Australia
March 2015,540552.9692943488,Australia
April 2015,540563.385823697,Australia
May 2015,540570.2854912465,Australia
June 2015,540572.0892831391,Australia
July 2015,540580.4070043031,Australia
August 2015,540574.1712216458,Australia
September 2015,540592.1137098372,Australia
October 2015,540576.1033557411,Australia
November 2015,540610.6059760359,Australia
December 2015,540590.5602769188,Australia
January 2016,540584.6080295555,Australia
February 2016,540592.2647840759,Australia
March 2016,540618.2290631159,Australia
April 2016,540620.6077408659,Australia
May 2016,540640.2883663373,Australia
June 2016,540647.6552886689,Australia
July 2016,540651.4273807307,Australia
August 2016,540653.0765475336,Australia
September 2016,540655.8614471115,Australia
October 2016,540676.9454375353,Australia
November 2016,540700.8658734818,Australia
December 2016,540703.6059582449,Australia
January 2017,540691.5884147062,Australia
February 2017,540710.4409793875,Australia
March 2017,540716.0007285684,Australia
April 2017,540706.0276902808,Australia
May 2017,540720.67369274,Australia
June 2017,540723.2863026211,Australia
July 2017,540713.9250942724,Australia
August 2017,540733.6552428113,Australia
September 2017,540739.4689429476,Australia
October 2017,540748.588990396,Australia
November 2017,540751.9122121539,Australia
December 2017,540729.3580449657,Australia
January 2018,540733.5248506196,Australia
February 2018,540748.5546658112,Australia
March 2018,540748.0446429937,Australia
April 2018,540747.5083373588,Australia
May 2018,540782.7676687159,Australia
June 2018,540747.0252292722,Australia
July 2018,540752.5483863683,Australia
August 2018,540750.0515624309,Australia
September 2018,540746.2567029411,Australia
October 2018,540735.3586842138,Australia
November 2018,540746.3283732419,Australia
December 2018,540729.3701782714,Australia
January 2019,540737.1630495611,Australia
February 2019,540736.542834449,Australia
March 2019,540744.4727030421,Australia
April 2019,540770.4608585297,Australia
May 2019,540727.5953479965,Australia
June 2019,540757.0229478093,Australia
July 2019,540734.3491017922,Australia
August 2019,540748.627263318,Australia
September 2019,540767.4103227364,Australia
October 2019,540758.4014068971,Australia
November 2019,540748.2000199208,Australia
December 2019,540754.065703651,Australia
December 2000,33831876.67184578,California
January 2001,33794179.55677305,California
February 2001,33900054.65928049,California
March 2001,34012400.847276874,California
April 2001,33861315.11929386,California
May 2001,33886924.87268416,California
June 2001,34096609.11551519,California
July 2001,34040194.39825442,California
August 2001,33941677.65016087,California
September 2001,34070396.24652028,California
October 2001,33994359.4162562,California
November 2001,34020587.501163825,California
December 2001,34117701.45517552,California
January 2002,33926833.45062925,California
February 2002,33972765.46466776,California
March 2002,34114535.21440835,California
April 2002,34095911.57249591,California
May 2002,34256032.780588046,California
June 2002,34159433.04330159,California
July 2002,34134512.13024416,California
August 2002,34452202.82171032,California
September 2002,34308199.36276063,California
October 2002,34363867.09105432,California
November 2002,34239985.79954023,California
December 2002,34354970.71211277,California
January 2003,34448580.23766308,California
February 2003,34348471.92411714,California
March 2003,34527475.819048256,California
April 2003,34456222.719258144,California
May 2003,34513951.90099132,California
June 2003,34510024.78143179,California
July 2003,34784490.78248228,California
August 2003,34623367.97027897,California
September 2003,34545256.51577698,California
October 2003,34761752.410295025,California
November 2003,34582683.40017187,California
December 2003,34753655.44609479,California
January 2004,34562352.69596882,California
February 2004,34653966.34425079,California
March 2004,34834072.39038129,California
April 2004,34916604.60822283,California
May 2004,34886215.350891925,California
June 2004,34885022.84159663,California
July 2004,34893195.135877915,California
August 2004,34802035.60870183,California
September 2004,34906501.02726933,California
October 2004,34959602.26687751,California
November 2004,35140766.15850774,California
December 2004,35095583.93955479,California
January 2005,34911119.0553362,California
February 2005,35150397.85693334,California
March 2005,35104389.090906076,California
April 2005,35103295.17617807,California
May 2005,35260974.255339764,California
June 2005,35331736.9059303,California
July 2005,35349139.07603945,California
August 2005,35198640.19152404,California
September 2005,35280586.24547228,California
October 2005,35372778.42712004,California
November 2005,35466271.089647606,California
December 2005,35346762.80518208,California
January 2006,35405260.52981865,California
February 2006,35341075.24201419,California
March 2006,35358044.16448199,California
April 2006,35589849.02652808,California
May 2006,35672696.740744166,California
June 2006,35557225.68913055,California
July 2006,35693809.8805779,California
August 2006,35657792.69442874,California
September 2006,35584909.82547306,California
October 2006,35714519.39810938,California
November 2006,35862248.96365406,California
December 2006,35731134.75011181,California
January 2007,35922248.75535281,California
February 2007,35528855.289632365,California
March 2007,35903158.357299715,California
April 2007,35858308.94236576,California
May 2007,35847754.28486498,California
June 2007,35916638.92017309,California
July 2007,35734994.15651682,California
August 2007,35943025.17486496,California
September 2007,36030705.073156126,California
October 2007,36172402.51364975,California
November 2007,36000109.28340781,California
December 2007,35999237.48259397,California
January 2008,36060057.13795304,California
February 2008,36233074.92432065,California
March 2008,36201701.56636532,California
April 2008,36144783.49443957,California
May 2008,36279036.532218724,California
June 2008,36266811.02835188,California
July 2008,36383739.56871434,California
August 2008,36244757.39113019,California
September 2008,36312412.90868384,California
October 2008,36334765.78096652,California
November 2008,36256336.551856,California
December 2008,36462996.28590773,California
January 2009,36489857.93251079,California
February 2009,36494401.98102623,California
March 2009,36497644.672833204,California
April 2009,36408741.847623445,California
May 2009,36538673.68002918,California
June 2009,36576952.52833297,California
July 2009,36559941.733172126,California
August 2009,36655112.7627315,California
September 2009,36742639.541930184,California
October 2009,36921819.695538685,California
November 2009,36779281.8718966,California
December 2009,36817089.35041768,California
January 2010,36814488.475837745,California
February 2010,36659080.47522553,California
March 2010,36878225.641243145,California
April 2010,36917934.68476371,California
May 2010,37190683.3752281,California
June 2010,36953303.114479676,California
July 2010,37033154.204582445,California
August 2010,37030122.612170674,California
September 2010,36946489.94785895,California
October 2010,37209992.27679909,California
November 2010,37201440.75077357,California
December 2010,37235337.47742793,California
January 2011,37095031.106573306,California
February 2011,37360161.68439201,California
March 2011,37105234.36822951,California
April 2011,37337680.87215486,California
May 2011,37530199.23275575,California
June 2011,37240294.43645843,California
July 2011,37313649.17374699,California
August 2011,37412442.87354565,California
September 2011,37383007.94414234,California
October 2011,37307688.39416891,California
November 2011,37502802.11884541,California
December 2011,37419027.57392894,California
January 2012,37606253.657959804,California
February 2012,37497539.67151911,California
March 2012,37777016.72388078,California
April 2012,37573306.98313424,California
May 2012,37650910.46511474,California
June 2012,37797688.10616511,California
July 2012,37622126.133859366,California
August 2012,37801514.28174398,California
September 2012,37942644.147740886,California
October 2012,37679151.8674586,California
November 2012,37892266.75411451,California
December 2012,37930874.21305523,California
January 2013,38016164.37196225,California
February 2013,37844738.462957166,California
March 2013,37865703.52208122,California
April 2013,38084413.99390578,California
May 2013,38093186.897398226,California
June 2013,38121042.16915624,California
July 2013,38162240.344590925,California
August 2013,38091077.41502043,California
September 2013,38215807.72244999,California
October 2013,38253455.66490392,California
November 2013,38184217.46800158,California
December 2013,38476418.54500382,California
January 2014,38368998.90324861,California
February 2014,38233975.402354635,California
March 2014,38450692.85923622,California
April 2014,38319094.76093807,California
May 2014,38529256.967261806,California
June 2014,38600018.21053058,California
July 2014,38432181.839289516,California
August 2014,38645668.19106569,California
September 2014,38623258.96974666,California
October 2014,38696764.6293347,California
November 2014,38838580.06118131,California
December 2014,38654283.79918483,California
January 2015,38636690.907581545,California
February 2015,38656742.8128854,California
March 2015,38694692.84763896,California
April 2015,38803103.71551862,California
May 2015,38878046.13428814,California
June 2015,38905303.984579235,California
July 2015,38993607.93102909,California
August 2015,38945113.357861705,California
September 2015,39124437.13508677,California
October 2015,38983511.20779295,California
November 2015,39318871.866302416,California
December 2015,39139923.13532224,California
January 2016,39024464.76660991,California
February 2016,39037236.4263792,California
March 2016,39226340.22979704,California
April 2016,39189379.51827377,California
May 2016,39317360.68202978,California
June 2016,39327401.41486452,California
July 2016,39305485.34811847,California
August 2016,39261650.86213944,California
September 2016,39228517.752155654,California
October 2016,39369722.040529214,California
November 2016,39535737.29232463,California
December 2016,39504097.19684732,California
January 2017,39391691.22492558,California
February 2017,39570157.05170118,California
March 2017,39623291.90751129,California
April 2017,39530150.16736924,California
May 2017,39668953.176248625,California
June 2017,39694398.97375013,California
July 2017,39606995.43551726,California
August 2017,39793730.24513318,California
September 2017,39849338.129326664,California
October 2017,39936073.1486143,California
November 2017,39968214.645181574,California
December 2017,39756501.21984358,California
January 2018,39836697.15130834,California
February 2018,40019249.15813785,California
March 2018,40051416.54726912,California
April 2018,40087297.68623926,California
May 2018,40459140.666143,California
June 2018,40163294.057572916,California
July 2018,40254949.665537655,California
August 2018,40272357.93486387,California
September 2018,40277535.539717145,California
October 2018,40214463.57386055,California
November 2018,40358759.27813043,California
December 2018,40238585.654200725,California
January 2019,40329167.226982705,California
February 2019,40340476.98261314,California
March 2019,40430689.36937689,California
April 2019,40692714.94892202,California
May 2019,40305417.52120999,California
June 2019,40599851.064805,California
July 2019,40402808.42125583,California
August 2019,40554497.26397842,California
September 2019,40748633.24499864,California
October 2019,40680347.61103259,California
November 2019,40601379.332200125,California
December 2019,40673248.74728015,California
December 2000,9438892.396069007,Chile
January 2001,9415415.747316342,Chile
February 2001,9465508.530193346,Chile
March 2001,9519319.800056793,Chile
April 2001,9437740.435154127,Chile
May 2001,9446837.749458628,Chile
June 2001,9550124.524740929,Chile
July 2001,9517190.77072851,Chile
August 2001,9462548.859582596,Chile
September 2001,9524347.13038373,Chile
October 2001,9481358.591919571,Chile
November 2001,9490638.563553732,Chile
December 2001,9536376.137983158,Chile
January 2002,9435057.099769246,Chile
February 2002,9455079.384206768,Chile
March 2002,9524551.033760743,Chile
April 2002,9511493.63887841,Chile
May 2002,9590142.236965718,Chile
June 2002,9537128.246621853,Chile
July 2002,9520957.36006255,Chile
August 2002,9680234.521075478,Chile
September 2002,9602929.864203818,Chile
October 2002,9628054.296752468,Chile
November 2002,9561060.662767723,Chile
December 2002,9616580.471293837,Chile
January 2003,9660942.68635603,Chile
February 2003,9606039.795960885,Chile
March 2003,9694508.784538455,Chile
April 2003,9654391.914108377,Chile
May 2003,9680484.583775342,Chile
June 2003,9674866.965240626,Chile
July 2003,9812020.15120486,Chile
August 2003,9725852.14515539,Chile
September 2003,9682220.909156738,Chile
October 2003,9789668.990185043,Chile
November 2003,9694304.973910691,Chile
December 2003,9778425.675010012,Chile
January 2004,9677279.320743877,Chile
February 2004,9721105.294553425,Chile
March 2004,9810477.851300897,Chile
April 2004,9849650.308663126,Chile
May 2004,9831060.027273877,Chile
June 2004,9827330.169044537,Chile
July 2004,9828499.639804292,Chile
August 2004,9778668.784582198,Chile
September 2004,9829080.276476495,Chile
October 2004,9853272.28618655,Chile
November 2004,9942985.692930339,Chile
December 2004,9916815.186083846,Chile
January 2005,9819665.684746165,Chile
February 2005,9939651.383014336,Chile
March 2005,9913703.826269878,Chile
April 2005,9910517.476231094,Chile
May 2005,9988774.45951343,Chile
June 2005,10022408.928700302,Chile
July 2005,10028785.065926887,Chile
August 2005,9949040.459038937,Chile
September 2005,9988405.539917808,Chile
October 2005,10033105.6560674,Chile
November 2005,10078387.462652322,Chile
December 2005,10014607.796082158,Chile
January 2006,10042022.078098062,Chile
February 2006,10006570.99766415,Chile
March 2006,10012952.902446153,Chile
April 2006,10129173.415998213,Chile
May 2006,10169147.765003875,Chile
June 2006,10107416.777790453,Chile
July 2006,10174926.830808468,Chile
August 2006,10153909.679610964,Chile
September 2006,10114001.775199309,Chile
October 2006,10177937.886472814,Chile
November 2006,10251076.445298847,Chile
December 2006,10181412.190952992,Chile
January 2007,10277256.401521917,Chile
February 2007,10073586.659135995,Chile
March 2007,10263502.740457824,Chile
April 2007,10238434.319040887,Chile
May 2007,10231006.565289794,Chile
June 2007,10264217.869395502,Chile
July 2007,10169119.937670795,Chile
August 2007,10273632.782465342,Chile
September 2007,10316475.175637575,Chile
October 2007,10387064.607263021,Chile
November 2007,10296691.287621683,Chile
December 2007,10294225.233808197,Chile
January 2008,10324306.193337206,Chile
February 2008,10411879.840987438,Chile
March 2008,10394789.112288501,Chile
April 2008,10364538.77775725,Chile
May 2008,10432283.528724253,Chile
June 2008,10424934.60844696,Chile
July 2008,10483801.921635978,Chile
August 2008,10411500.208974307,Chile
September 2008,10445084.008431751,Chile
October 2008,10455488.75508877,Chile
November 2008,10414215.650035102,Chile
December 2008,10519063.11892858,Chile
January 2009,10531794.27116285,Chile
February 2009,10533089.415551597,Chile
March 2009,10533817.71621488,Chile
April 2009,10487228.712100497,Chile
May 2009,10552808.533826118,Chile
June 2009,10571390.100953193,Chile
July 2009,10561673.421904163,Chile
August 2009,10609407.742326342,Chile
September 2009,10653224.987678217,Chile
October 2009,10744040.687630624,Chile
November 2009,10669967.979380231,Chile
December 2009,10688341.339655465,Chile
January 2010,10685822.228554748,Chile
February 2010,10605001.524007643,Chile
March 2010,10716224.569630332,Chile
April 2010,10735385.952704702,Chile
May 2010,10874000.034650566,Chile
June 2010,10751175.01555526,Chile
July 2010,10790944.29966684,Chile
August 2010,10788204.479667036,Chile
September 2010,10744162.970883952,Chile
October 2010,10878039.022217436,Chile
November 2010,10872470.671841485,Chile
December 2010,10888691.971135492,Chile
January 2011,10817989.25037472,Chile
February 2011,10955040.971095005,Chile
March 2011,10825488.587968266,Chile
April 2011,10945792.300054265,Chile
May 2011,11045597.498545257,Chile
June 2011,10898237.390178371,Chile
July 2011,10936980.635418378,Chile
August 2011,10988797.832487486,Chile
September 2011,10974907.976144454,Chile
October 2011,10937467.381668374,Chile
November 2011,11038640.990474043,Chile
December 2011,10996867.87830844,Chile
January 2012,11093814.16200905,Chile
February 2012,11039114.513453433,Chile
March 2012,11183267.126231065,Chile
April 2012,11079889.650103342,Chile
May 2012,11120630.494885424,Chile
June 2012,11196850.14351321,Chile
July 2012,11107863.671311373,Chile
August 2012,11200793.631261133,Chile
September 2012,11274119.240863409,Chile
October 2012,11140075.424769508,Chile
November 2012,11250287.676822478,Chile
December 2012,11271046.137134863,Chile
January 2013,11315908.032358363,Chile
February 2013,11229223.20130836,Chile
March 2013,11241011.550726429,Chile
April 2013,11354240.827568972,Chile
May 2013,11359856.331577849,Chile
June 2013,11375287.379563037,Chile
July 2013,11397518.27662939,Chile
August 2013,11362210.310371358,Chile
September 2013,11427282.169326687,Chile
October 2013,11447693.85215403,Chile
November 2013,11413372.159499787,Chile
December 2013,11564222.235937739,Chile
January 2014,11511549.356333207,Chile
February 2014,11444731.677255267,Chile
March 2014,11557924.009774595,Chile
April 2014,11492861.579214267,Chile
May 2014,11602847.844406351,Chile
June 2014,11641478.607382715,Chile
July 2014,11557770.431011012,Chile
August 2014,11669536.549066147,Chile
September 2014,11660424.801409699,Chile
October 2014,11700385.370535595,Chile
November 2014,11775425.797976878,Chile
December 2014,11683283.226511385,Chile
January 2015,11676532.858118586,Chile
February 2015,11689072.477433382,Chile
March 2015,11710564.320814831,Chile
April 2015,11768380.935676895,Chile
May 2015,11808974.559884185,Chile
June 2015,11825206.657353884,Chile
July 2015,11872647.010083688,Chile
August 2015,11850061.968469359,Chile
September 2015,11944215.853338653,Chile
October 2015,11874193.985256512,Chile
November 2015,12048304.458265493,Chile
December 2015,11958798.903831502,Chile
January 2016,11903040.737211687,Chile
February 2016,11912990.341024423,Chile
March 2016,12013076.567158515,Chile
April 2016,11997542.255271848,Chile
May 2016,12066417.795118922,Chile
June 2016,12074968.014386497,Chile
July 2016,12067033.052614482,Chile
August 2016,12047976.473757342,Chile
September 2016,12034403.50560772,Chile
October 2016,12110054.853329593,Chile
November 2016,12198529.704967216,Chile
December 2016,12185611.94583394,Chile
January 2017,12132123.00577313,Chile
February 2017,12227682.90864264,Chile
March 2017,12258622.813138634,Chile
April 2017,12215005.271644358,Chile
May 2017,12290108.521586025,Chile
June 2017,12307257.734898794,Chile
July 2017,12266447.980343848,Chile
August 2017,12366245.08437923,Chile
September 2017,12398849.986906072,Chile
October 2017,12447272.501083348,Chile
November 2017,12467852.731781892,Chile
December 2017,12363343.969895214,Chile
January 2018,12409032.279102882,Chile
February 2018,12507169.999591827,Chile
March 2018,12527802.868766734,Chile
April 2018,12550783.343885291,Chile
May 2018,12745769.549598131,Chile
June 2018,12598765.732117057,Chile
July 2018,12650178.020460727,Chile
August 2018,12663692.607657664,Chile
September 2018,12670939.94448476,Chile
October 2018,12643066.561440665,Chile
November 2018,12721600.94583158,Chile
December 2018,12664467.469154092,Chile
January 2019,12716563.925109796,Chile
February 2019,12728039.830443766,Chile
March 2019,12779397.377240438,Chile
April 2019,12919345.357303413,Chile
May 2019,12726383.293437002,Chile
June 2019,12882937.79762846,Chile
July 2019,12787466.296850078,Chile
August 2019,12870875.4064218,Chile
September 2019,12976035.324691027,Chile
October 2019,12946541.630573442,Chile
November 2019,12911757.167459939,Chile
December 2019,12954081.875761267,Chile
December 2000,485871298.9987924,China
January 2001,485479980.3770571,China
February 2001,486480416.7189342,China
March 2001,487546087.8787417,China
April 2001,486055606.9852604,China
May 2001,486278805.32190824,China
June 2001,488285542.80441535,China
July 2001,487713615.41207194,China
August 2001,486732725.71893805,China
September 2001,487954601.46246666,China
October 2001,487192461.9689995,China
November 2001,487420819.0468675,China
December 2001,488337162.1145173,China
January 2002,486462556.5455219,China
February 2002,486883434.0915997,China
March 2002,488235698.8905686,China
April 2002,488030789.2466643,China
May 2002,489559376.04607177,China
June 2002,488598584.6611942,China
July 2002,488333417.1052823,China
August 2002,491388658.6988716,China
September 2002,489968346.8995958,China
October 2002,490484386.4846029,China
November 2002,489259134.1953016,China
December 2002,490350180.4705934,China
January 2003,491237021.25478804,China
February 2003,490246007.3352901,China
March 2003,491962633.2055037,China
April 2003,491251334.871985,China
May 2003,491791024.2484152,China
June 2003,491732367.9701999,China
July 2003,494373052.5751395,China
August 2003,492790578.60306346,China
September 2003,492012797.00855356,China
October 2003,494091533.17480856,China
November 2003,492335093.0242206,China
December 2003,493972531.8189305,China
January 2004,492098199.1252033,China
February 2004,492966390.77502984,China
March 2004,494693689.8831963,China
April 2004,495473848.30413496,China
May 2004,495160014.3655208,China
June 2004,495128565.1750863,China
July 2004,495188537.75534755,China
August 2004,494284969.67027324,China
September 2004,495277743.32759094,China
October 2004,495773246.42846745,China
November 2004,497509516.8596436,China
December 2004,497052283.46596056,China
January 2005,495245520.89834857,China
February 2005,497546428.9370235,China
March 2005,497083627.4498685,China
April 2005,497054419.4904692,China
May 2005,498564919.33133394,China
June 2005,499232271.842587,China
July 2005,499382960.6577211,China
August 2005,497905456.4207091,China
September 2005,498681218.1868686,China
October 2005,499556903.60330814,China
November 2005,500444595.4494931,China
December 2005,499268106.8487157,China
January 2006,499822022.68604153,China
February 2006,499186678.5509749,China
March 2006,499339296.35781413,China
April 2006,501573210.40638494,China
May 2006,502363593.3604088,China
June 2006,501231097.21677744,China
July 2006,502542388.8129757,China
August 2006,502180099.56244755,China
September 2006,501460443.1422977,China
October 2006,502704124.4409526,China
November 2006,504123032.54202753,China
December 2006,502839319.406984,China
January 2007,504678371.523341,China
February 2007,500851347.0986366,China
March 2007,504467502.8761829,China
April 2007,504019181.66367084,China
May 2007,503903743.15335673,China
June 2007,504557932.80000705,China
July 2007,502783987.45264465,China
August 2007,504787029.0744797,China
September 2007,505623415.5346217,China
October 2007,506983872.68626463,China
November 2007,505300141.4095627,China
December 2007,505278566.2112677,China
January 2008,505862093.4813871,China
February 2008,507533242.7745623,China
March 2008,507223462.8158517,China
April 2008,506665668.5328538,China
May 2008,507961236.53226334,China
June 2008,507836681.3848093,China
July 2008,508964309.82266474,China
August 2008,507611005.59833205,China
September 2008,508260798.09232426,China
October 2008,508471632.4755536,China
November 2008,507705314.1459848,China
December 2008,509702775.4548006,China
January 2009,509958109.4442594,China
February 2009,509997101.9406504,China
March 2009,510023968.72627676,China
April 2009,509157109.4323066,China
May 2009,510411744.42350197,China
June 2009,510777754.05345285,China
July 2009,510607962.12745696,China
August 2009,511525471.04458004,China
September 2009,512368878.4150258,China
October 2009,514100914.93026775,China
November 2009,512714130.70548815,China
December 2009,513075734.0994181,China
January 2010,513047348.6998713,China
February 2010,511537687.32844615,China
March 2010,513659162.43628037,China
April 2010,514040919.3297125,China
May 2010,516681809.54835093,China
June 2010,514377528.5642602,China
July 2010,515148515.278606,China
August 2010,515115954.6027384,China
September 2010,514302066.287165,China
October 2010,516853324.47417754,China
November 2010,516767254.8734273,China
December 2010,517092770.9075332,China
January 2011,515735970.38567895,China
February 2011,518309379.3100424,China
March 2011,515841151.6016102,China
April 2011,518097728.87958103,China
May 2011,519967145.89753485,China
June 2011,517160173.7849115,China
July 2011,517874446.95245874,China
August 2011,518835425.70392364,China
September 2011,518553386.591787,China
October 2011,517826446.5445082,China
November 2011,519721128.7309302,China
December 2011,518912227.9716305,China
January 2012,520732402.18068695,China
February 2012,519683803.6637065,China
March 2012,522397898.1928698,China
April 2012,520428433.4052026,China
May 2012,521185782.83320504,China
June 2012,522613859.4467984,China
July 2012,520917083.11456203,China
August 2012,522661278.2329568,China
September 2012,524034606.6571266,China
October 2012,521485454.812128,China
November 2012,523556588.92249864,China
December 2012,523935920.16883963,China
January 2013,524768966.8425422,China
February 2013,523113468.95116365,China
March 2013,523322357.1846235,China
April 2013,525448748.6702916,China
May 2013,525539853.18196815,China
June 2013,525816139.7065176,China
July 2013,526221567.0999654,China
August 2013,525537994.7081477,China
September 2013,526753364.81041473,China
October 2013,527124377.0889034,China
November 2013,526459462.5982431,China
December 2013,529298052.4797098,China
January 2014,528272797.66931754,China
February 2014,526979957.60727465,China
March 2014,529095258.0070843,China
April 2014,527835622.98390937,China
May 2014,529888413.5471027,China
June 2014,530590401.8992988,China
July 2014,528978964.0662811,China
August 2014,531064495.7080163,China
September 2014,530863311.7143527,China
October 2014,531591386.18389565,China
November 2014,532982156.9572689,China
December 2014,531211160.85423577,China
January 2015,531054261.61185133,China
February 2015,531262282.0860581,China
March 2015,531642482.5742571,China
April 2015,532707033.83706045,China
May 2015,533446709.83976144,China
June 2015,533724583.0324992,China
July 2015,534593782.5097552,China
August 2015,534137329.708711,China
September 2015,535889293.86538124,China
October 2015,534536393.4129426,China
November 2015,537800942.0214959,China
December 2015,536079457.5445653,China
January 2016,534983452.7563327,China
February 2016,535130479.3959863,China
March 2016,536985329.7963828,China
April 2016,536650262.64543253,China
May 2016,537913353.7711605,China
June 2016,538033907.453995,China
July 2016,537843930.4437064,China
August 2016,537442230.5564315,China
September 2016,537144267.2653441,China
October 2016,538535540.219222,China
November 2016,540168073.8283913,China
December 2016,539883834.3940686,China
January 2017,538820237.8923862,China
February 2017,540576283.4944131,China
March 2017,541114880.4160105,China
April 2017,540238026.799905,China
May 2017,541608750.460276,China
June 2017,541881456.2569852,China
July 2017,541059387.3976661,China
August 2017,542895590.5545875,China
September 2017,543460680.4529985,China
October 2017,544326669.39393,China
November 2017,544664281.7064451,China
December 2017,542637182.3382947,China
January 2018,543445502.4333429,China
February 2018,545246038.0025669,China
March 2018,545585788.5823143,China
April 2018,545964531.608377,China
May 2018,549599011.4813302,China
June 2018,546762064.5432165,China
July 2018,547680474.606773,China
August 2018,547880146.0237708,China
September 2018,547961256.2854462,China
October 2018,547379774.012567,China
November 2018,548809462.0747023,China
December 2018,547674449.8961549,China
January 2019,548586223.4303895,China
February 2019,548729554.8046106,China
March 2019,549634488.5092018,China
April 2019,552208199.5088865,China
May 2019,548486440.5498466,China
June 2019,551374306.6527066,China
July 2019,549496832.3656774,China
August 2019,551000965.2552668,China
September 2019,552916570.617822,China
October 2019,552287236.1882632,China
November 2019,551555433.7469969,China
December 2019,552284729.0612205,China
December 2000,574489346.3131095,Ganges
January 2001,573221593.9903513,Ganges
February 2001,576684896.9928722,Ganges
March 2001,580363909.7119777,Ganges
April 2001,575359725.5782689,Ganges
May 2001,576178913.1142039,Ganges
June 2001,583062980.9026861,Ganges
July 2001,581179261.7396959,Ganges
August 2001,577907353.9226897,Ganges
September 2001,582123405.8557341,Ganges
October 2001,579593090.1312212,Ganges
November 2001,580431829.3211244,Ganges
December 2001,583607254.9568213,Ganges
January 2002,577296417.2913592,Ganges
February 2002,578788718.7556957,Ganges
March 2002,583441166.1954932,Ganges
April 2002,582806201.082693,Ganges
May 2002,588062001.6113316,Ganges
June 2002,584857533.6554228,Ganges
July 2002,584015744.2225717,Ganges
August 2002,594463158.0317951,Ganges
September 2002,589696621.636791,Ganges
October 2002,591510424.8196098,Ganges
November 2002,587406963.001337,Ganges
December 2002,591175412.3217787,Ganges
January 2003,594239029.3313447,Ganges
February 2003,590919170.2777499,Ganges
March 2003,596798777.0485178,Ganges
April 2003,594429767.7832907,Ganges
May 2003,596311718.6948837,Ganges
June 2003,596161264.9598844,Ganges
July 2003,605185223.5697477,Ganges
August 2003,599854787.7231113,Ganges
September 2003,597259778.9147332,Ganges
October 2003,604373480.8897141,Ganges
November 2003,598451673.9779217,Ganges
December 2003,604065253.9240499,Ganges
January 2004,597739189.5520138,Ganges
February 2004,600735911.6901835,Ganges
March 2004,606650104.9422908,Ganges
April 2004,609347571.7609389,Ganges
May 2004,608324715.3044957,Ganges
June 2004,608263247.8191789,Ganges
July 2004,608511088.6966684,Ganges
August 2004,605484988.1770613,Ganges
September 2004,608905207.5438275,Ganges
October 2004,610633566.9340947,Ganges
November 2004,616581188.3675009,Ganges
December 2004,615070867.6854699,Ganges
January 2005,608983390.4804158,Ganges
February 2005,616859302.9556288,Ganges
March 2005,615335155.2256497,Ganges
April 2005,615290199.4521923,Ganges
May 2005,620477489.0944095,Ganges
June 2005,622800382.6983345,Ganges
July 2005,623365205.4819046,Ganges
August 2005,618396990.948157,Ganges
September 2005,621088405.0144802,Ganges
October 2005,624117741.3949782,Ganges
November 2005,627189644.4230858,Ganges
December 2005,623242933.247516,Ganges
January 2006,625156773.120302,Ganges
February 2006,623027908.0107934,Ganges
March 2006,623574608.1753656,Ganges
April 2006,631199341.6260988,Ganges
May 2006,633916018.4043416,Ganges
June 2006,630097162.0829546,Ganges
July 2006,634584587.0675819,Ganges
August 2006,633383929.72407,Ganges
September 2006,630968458.0668873,Ganges
October 2006,635226052.3222557,Ganges
November 2006,640080299.3519982,Ganges
December 2006,635746407.8880745,Ganges
January 2007,642034709.9284725,Ganges
February 2007,629062062.8119515,Ganges
March 2007,641387798.9052439,Ganges
April 2007,639900529.7773097,Ganges
May 2007,639543658.9922192,Ganges
June 2007,641804204.6792432,Ganges
July 2007,635809496.9123733,Ganges
August 2007,642655255.8639851,Ganges
September 2007,645535151.3843173,Ganges
October 2007,650195359.1896524,Ganges
November 2007,644508504.9940147,Ganges
December 2007,644470707.9925908,Ganges
January 2008,646469785.5929252,Ganges
February 2008,652166065.7171247,Ganges
March 2008,651127485.948933,Ganges
April 2008,649246817.7945147,Ganges
May 2008,653665868.5747652,Ganges
June 2008,653257929.7246592,Ganges
July 2008,657106095.9901865,Ganges
August 2008,652521215.0665202,Ganges
September 2008,654745551.0266099,Ganges
October 2008,655477217.9745666,Ganges
November 2008,652887704.6377915,Ganges
December 2008,659692732.9543643,Ganges
January 2009,660571098.959594,Ganges
February 2009,660714045.584532,Ganges
March 2009,660814766.508085,Ganges
April 2009,657878410.3471516,Ganges
May 2009,662153409.8420509,Ganges
June 2009,663408000.5362656,Ganges
July 2009,662840881.4627084,Ganges
August 2009,665970208.5204935,Ganges
September 2009,668847638.8535067,Ganges
October 2009,674745490.8488019,Ganges
November 2009,670041730.4558284,Ganges
December 2009,671281007.4246019,Ganges
January 2010,671125815.8081508,Ganges
February 2010,665935256.0714575,Ganges
March 2010,673093862.7269765,Ganges
April 2010,674332886.2777439,Ganges
May 2010,683253377.0241389,Ganges
June 2010,675361631.0525389,Ganges
July 2010,677925674.605974,Ganges
August 2010,677756289.7846928,Ganges
September 2010,674930902.7307892,Ganges
October 2010,683546703.2755134,Ganges
November 2010,683195423.1561123,Ganges
December 2010,684245158.1645045,Ganges
January 2011,679696074.3671715,Ganges
February 2011,688507128.5367466,Ganges
March 2011,680173809.0266188,Ganges
April 2011,687907843.1121471,Ganges
May 2011,694323748.8152608,Ganges
June 2011,684845031.4211712,Ganges
July 2011,687334204.6118711,Ganges
August 2011,690664052.2791668,Ganges
September 2011,689768453.3436024,Ganges
October 2011,687358445.5483278,Ganges
November 2011,693862273.3512641,Ganges
December 2011,691173652.816529,Ganges
January 2012,697341551.0149428,Ganges
February 2012,693757500.890999,Ganges
March 2012,702965400.8821937,Ganges
April 2012,696251008.5732331,Ganges
May 2012,698806627.7247974,Ganges
June 2012,703641650.908898,Ganges
July 2012,697854849.8425049,Ganges
August 2012,703764468.8963256,Ganges
September 2012,708413384.0945426,Ganges
October 2012,699729064.561016,Ganges
November 2012,706750062.0539078,Ganges
December 2012,708020666.9765593,Ganges
January 2013,710841338.096189,Ganges
February 2013,705202587.6045157,Ganges
March 2013,705902607.083002,Ganges
April 2013,713119803.4675319,Ganges
May 2013,713418716.6004193,Ganges
June 2013,714346767.8714252,Ganges
July 2013,715714172.9318007,Ganges
August 2013,713379332.5613004,Ganges
September 2013,717499652.9295266,Ganges
October 2013,718750069.139742,Ganges
November 2013,716478653.4129016,Ganges
December 2013,726117217.2958997,Ganges
January 2014,722583662.7104032,Ganges
February 2014,718140493.5283098,Ganges
March 2014,725287449.6777598,Ganges
April 2014,720957155.8796741,Ganges
May 2014,727888499.5434036,Ganges
June 2014,730226440.4266248,Ganges
July 2014,724701807.4851497,Ganges
August 2014,731742889.3801615,Ganges
September 2014,731010635.8338736,Ganges
October 2014,733438812.422071,Ganges
November 2014,738118162.4088109,Ganges
December 2014,732051135.8543899,Ganges
January 2015,731499126.7190267,Ganges
February 2015,732187605.610375,Ganges
March 2015,733463189.0491425,Ganges
April 2015,737063311.6239003,Ganges
May 2015,739559672.853536,Ganges
June 2015,740485605.2367935,Ganges
July 2015,743422261.4465541,Ganges
August 2015,741851966.40889,Ganges
September 2015,747788842.5913038,Ganges
October 2015,743171814.4381232,Ganges
November 2015,754250487.0668328,Ganges
December 2015,748380514.6400714,Ganges
January 2016,744592502.9549419,Ganges
February 2016,745029983.982356,Ganges
March 2016,751276967.4409275,Ganges
April 2016,750075645.3349218,Ganges
May 2016,754309024.7364829,Ganges
June 2016,754656515.0495766,Ganges
July 2016,753950414.4976754,Ganges
August 2016,752522584.7302864,Ganges
September 2016,751447391.4460794,Ganges
October 2016,756116505.1087191,Ganges
November 2016,761603736.8771869,Ganges
December 2016,760577205.8221731,Ganges
January 2017,756893804.6440891,Ganges
February 2017,762795339.8512936,Ganges
March 2017,764564914.9661134,Ganges
April 2017,761516317.2889079,Ganges
May 2017,766110199.6117983,Ganges
June 2017,766969351.0168062,Ganges
July 2017,764109174.975439,Ganges
August 2017,770283193.36888,Ganges
September 2017,772136259.2182753,Ganges
October 2017,775014374.0787244,Ganges
November 2017,776094165.125966,Ganges
December 2017,769137674.6075643,Ganges
January 2018,771801578.4016063,Ganges
February 2018,777838364.9412855,Ganges
March 2018,778917554.2904245,Ganges
April 2018,780121177.4079262,Ganges
May 2018,792394878.4141454,Ganges
June 2018,782667261.8183177,Ganges
July 2018,785708104.4036666,Ganges
August 2018,786303001.3360115,Ganges
September 2018,786494867.9936856,Ganges
October 2018,784437059.0123674,Ganges
November 2018,789213206.9201393,Ganges
December 2018,785273758.8023481,Ganges
January 2019,788281695.5803106,Ganges
February 2019,788677432.3170642,Ganges
March 2019,791670972.6113669,Ganges
April 2019,800328408.2607327,Ganges
May 2019,787588320.8496407,Ganges
June 2019,797313678.0891572,Ganges
July 2019,790842950.6207086,Ganges
August 2019,795864521.2321415,Ganges
September 2019,802284828.7515262,Ganges
October 2019,800056959.3103639,Ganges
November 2019,797477814.2566137,Ganges
December 2019,799868396.0891734,Ganges
December 2000,9695929.389131878,Greece
January 2001,9692229.2981406,Greece
February 2001,9694359.047410848,Greece
March 2001,9696961.498784242,Greece
April 2001,9688657.19179711,Greece
May 2001,9687597.695914099,Greece
June 2001,9693942.680666344,Greece
July 2001,9689552.529525012,Greece
August 2001,9683382.81905406,Greece
September 2001,9686440.142770233,Greece
October 2001,9681253.223379925,Greece
November 2001,9680148.855369408,Greece
December 2001,9681992.832558531,Greece
January 2002,9672373.502779394,Greece
February 2002,9672369.586800665,Greece
March 2002,9676438.094755407,Greece
April 2002,9673812.855734412,Greece
May 2002,9678505.95463725,Greece
June 2002,9672714.447184173,Greece
July 2002,9669893.794289218,Greece
August 2002,9680924.81045676,Greece
September 2002,9673208.445048876,Greece
October 2002,9673660.144659784,Greece
November 2002,9666760.85252584,Greece
December 2002,9669621.163739588,Greece
January 2003,9670878.44608718,Greece
February 2003,9664269.693649115,Greece
March 2003,9669240.64147112,Greece
April 2003,9663803.57314955,Greece
May 2003,9663685.969338477,Greece
June 2003,9660982.714820236,Greece
July 2003,9669665.845975213,Greece
August 2003,9660579.56141565,Greece
September 2003,9654864.005284246,Greece
October 2003,9661193.223776149,Greece
November 2003,9651378.222554423,Greece
December 2003,9655858.91652067,Greece
January 2004,9645894.789544167,Greece
February 2004,9647418.660997191,Greece
March 2004,9652677.509602025,Greece
April 2004,9653832.623856014,Greece
May 2004,9650473.334355328,Greece
June 2004,9648228.753366224,Greece
July 2004,9646435.279940018,Greece
August 2004,9640537.531563167,Greece
September 2004,9642583.257237747,Greece
October 2004,9642614.151915547,Greece
November 2004,9647774.267364101,Greece
December 2004,9643814.300345823,Greece
January 2005,9633993.298877703,Greece
February 2005,9641378.676483283,Greece
March 2005,9637405.323364,Greece
April 2005,9635030.21552871,Greece
May 2005,9639177.368552327,Greece
June 2005,9639720.041779483,Greece
July 2005,9638171.162618458,Greece
August 2005,9629729.371947039,Greece
September 2005,9630726.15430655,Greece
October 2005,9632214.170638096,Greece
November 2005,9633679.810306594,Greece
December 2005,9626571.595963903,Greece
January 2006,9626485.406462085,Greece
February 2006,9621417.596021421,Greece
March 2006,9619883.315603811,Greece
April 2006,9626834.37149883,Greece
May 2006,9627816.332728557,Greece
June 2006,9620666.03156833,Greece
July 2006,9623829.996278645,Greece
August 2006,9619905.969335154,Greece
September 2006,9614484.988137446,Greece
October 2006,9617365.744060997,Greece
November 2006,9620902.869623221,Greece
December 2006,9613196.772105215,Greece
January 2007,9618480.200275254,Greece
February 2007,9600029.334688416,Greece
March 2007,9612990.96774719,Greece
April 2007,9608692.952721817,Greece
May 2007,9605867.39714328,Greece
June 2007,9606187.624814047,Greece
July 2007,9596414.847788174,Greece
August 2007,9602385.20192327,Greece
September 2007,9603468.623077504,Greece
October 2007,9606825.359767972,Greece
November 2007,9597352.408406815,Greece
December 2007,9594920.031318596,Greece
January 2008,9595028.154768208,Greece
February 2008,9599692.153946744,Greece
March 2008,9596209.076704051,Greece
April 2008,9591536.38563123,Greece
May 2008,9594702.495114721,Greece
June 2008,9591844.573898159,Greece
July 2008,9594307.211259726,Greece
August 2008,9586302.255524164,Greece
September 2008,9586687.953460792,Greece
October 2008,9585310.286292521,Greece
November 2008,9579764.121142738,Greece
December 2008,9585870.35010233,Greece
January 2009,9584050.490604088,Greece
February 2009,9581324.410988439,Greece
March 2009,9578827.159309618,Greece
April 2009,9572306.610569378,Greece
May 2009,9574765.870954724,Greece
June 2009,9573409.614117712,Greece
July 2009,9569902.176622644,Greece
August 2009,9570856.062614376,Greece
September 2009,9571499.549008798,Greece
October 2009,9575958.568474274,Greece
November 2009,9567260.136863954,Greece
December 2009,9565978.62987525,Greece
January 2010,9563443.520906113,Greece
February 2010,9554703.582405152,Greece
March 2010,9561407.723774046,Greece
April 2010,9560590.635659928,Greece
May 2010,9569314.64001857,Greece
June 2010,9557246.166300109,Greece
July 2010,9558137.442183185,Greece
August 2010,9555584.843645388,Greece
September 2010,9549759.387851467,Greece
October 2010,9558107.937880607,Greece
November 2010,9555331.198964085,Greece
December 2010,9554356.468994921,Greece
January 2011,9546346.366321236,Greece
February 2011,9554799.286137028,Greece
March 2011,9542358.754367806,Greece
April 2011,9549484.51679127,Greece
May 2011,9555063.580667945,Greece
June 2011,9540978.939769486,Greece
July 2011,9541719.289718047,Greece
August 2011,9543417.995906703,Greece
September 2011,9539909.897897433,Greece
October 2011,9534613.234833714,Greece
November 2011,9540223.076257922,Greece
December 2011,9534583.092802828,Greece
January 2012,9539044.305144265,Greece
February 2012,9531488.684654724,Greece
March 2012,9539898.46502586,Greece
April 2012,9528485.48214086,Greece
May 2012,9528596.729425984,Greece
June 2012,9531415.50728129,Greece
July 2012,9521246.811948678,Greece
August 2012,9525389.759959573,Greece
September 2012,9527979.206354033,Greece
October 2012,9514240.04552127,Greece
November 2012,9519752.48898813,Greece
December 2012,9518280.278212992,Greece
January 2013,9519351.328146305,Greece
February 2013,9509998.260560788,Greece
March 2013,9508688.853586808,Greece
April 2013,9515177.519303046,Greece
May 2013,9513218.706004601,Greece
June 2013,9511957.576194776,Greece
July 2013,9511315.411472537,Greece
August 2013,9506033.585274108,Greece
September 2013,9508706.127262447,Greece
October 2013,9507919.803095449,Greece
November 2013,9502716.131878467,Greece
December 2013,9512266.097959677,Greece
January 2014,9505414.207247382,Greece
February 2014,9497441.44446044,Greece
March 2014,9503992.31709549,Greece
April 2014,9496158.644936955,Greece
May 2014,9502282.689203754,Greece
June 2014,9502665.945477797,Greece
July 2014,9493441.119584143,Greece
August 2014,9499619.818722628,Greece
September 2014,9496219.82963908,Greece
October 2014,9496794.848811831,Greece
November 2014,9500063.305135738,Greece
December 2014,9490170.115017837,Greece
January 2015,9486901.94412285,Greece
February 2015,9485162.363900524,Greece
March 2015,9484396.6904697,Greece
April 2015,9486244.981537329,Greece
May 2015,9486816.645823196,Greece
June 2015,9485369.667532617,Greece
July 2015,9486483.885059906,Greece
August 2015,9481960.93193499,Greece
September 2015,9486688.686320325,Greece
October 2015,9478494.880543252,Greece
November 2015,9489558.610705284,Greece
December 2015,9479820.865052357,Greece
January 2016,9472496.124238119,Greece
February 2016,9470378.244440438,Greece
March 2016,9475590.537875554,Greece
April 2016,9471453.243839176,Greece
May 2016,9474098.566242425,Greece
June 2016,9471869.795437677,Greece
July 2016,9468428.44644864,Greece
August 2016,9464012.038474023,Greece
September 2016,9460030.166607311,Greece
October 2016,9463212.422308505,Greece
November 2016,9467317.095019048,Greece
December 2016,9463480.895722916,Greece
January 2017,9455965.992221106,Greece
February 2017,9460262.121184833,Greece
March 2017,9459754.647986686,Greece
April 2017,9453021.980741512,Greece
May 2017,9455802.75628665,Greece
June 2017,9453885.410648411,Greece
July 2017,9447480.926969986,Greece
August 2017,9452112.823186575,Greece
September 2017,9451420.228062972,Greece
October 2017,9452086.7501183,Greece
November 2017,9450441.287555007,Greece
December 2017,9438989.12266802,Greece
January 2018,9439888.967587985,Greece
February 2018,9444945.045372708,Greece
March 2018,9444122.715425836,Greece
April 2018,9443223.130304107,Greece
May 2018,9456041.505301507,Greece
June 2018,9441671.90619608,Greece
July 2018,9443113.09660142,Greece
August 2018,9441463.408980673,Greece
September 2018,9439317.087530827,Greece
October 2018,9434475.467413105,Greece
November 2018,9437978.123953257,Greece
December 2018,9430817.855068767,Greece
January 2019,9431812.885475604,Greece
February 2019,9429589.033852035,Greece
March 2019,9430828.727231728,Greece
April 2019,9438785.349442823,Greece
May 2019,9420462.353584304,Greece
June 2019,9429734.921573743,Greece
July 2019,9419137.340975605,Greece
August 2019,9422613.670540286,Greece
September 2019,9427813.592872461,Greece
October 2019,9422444.271690197,Greece
November 2019,9416554.623654801,Greece
December 2019,9416876.386454916,Greece
December 2000,184963024.44126946,Indus
January 2001,184412325.02722254,Indus
February 2001,185875731.1762792,Indus
March 2001,187432033.0112416,Indus
April 2001,185290659.3016771,Indus
May 2001,185628766.79995388,Indus
June 2001,188548461.43260947,Indus
July 2001,187735887.0968001,Indus
August 2001,186331978.31343523,Indus
September 2001,188115844.84698305,Indus
October 2001,187028001.32869586,Indus
November 2001,187374077.7886516,Indus
December 2001,188715283.31441692,Indus
January 2002,186019020.04429802,Indus
February 2002,186644710.30260706,Indus
March 2002,188616668.6121821,Indus
April 2002,188336738.63301006,Indus
May 2002,190564936.3437761,Indus
June 2002,189191117.23947313,Indus
July 2002,188823448.0624985,Indus
August 2002,193261510.0543785,Indus
September 2002,191222686.94635576,Indus
October 2002,191985557.045043,Indus
November 2002,190229018.1425359,Indus
December 2002,191824020.48001772,Indus
January 2003,193120950.5787424,Indus
February 2003,191700306.31682643,Indus
March 2003,194196767.73399165,Indus
April 2003,193180919.38266134,Indus
May 2003,193975026.33334014,Indus
June 2003,193903661.76591536,Indus
July 2003,197738265.27556568,Indus
August 2003,195461677.9680728,Indus
September 2003,194349617.05827013,Indus
October 2003,197370985.83470684,Indus
November 2003,194842639.95110422,Indus
December 2003,197225376.55862454,Indus
January 2004,194524675.97063625,Indus
February 2004,195792873.4155039,Indus
March 2004,198303585.31695402,Indus
April 2004,199444383.74354842,Indus
May 2004,199001609.7170823,Indus
June 2004,198967874.2294014,Indus
July 2004,199066061.65726855,Indus
August 2004,197770222.1618371,Indus
September 2004,199218710.90862995,Indus
October 2004,199947184.89369094,Indus
November 2004,202471639.6169162,Indus
December 2004,201821342.24923596,Indus
January 2005,199219724.77243596,Indus
February 2005,202562603.58688366,Indus
March 2005,201904660.54105332,Indus
April 2005,201875466.16941616,Indus
May 2005,204074068.45969036,Indus
June 2005,205052915.27034396,Indus
July 2005,205283640.2953668,Indus
August 2005,203158515.4862402,Indus
September 2005,204294248.88189477,Indus
October 2005,205574166.9948518,Indus
November 2005,206871882.20681158,Indus
December 2005,205181956.33674097,Indus
January 2006,205991226.90531996,Indus
February 2006,205079436.51920682,Indus
March 2006,205307219.42547154,Indus
April 2006,208547732.4409897,Indus
May 2006,209698963.9386085,Indus
June 2006,208067710.24728882,Indus
July 2006,209972784.92959368,Indus
August 2006,209456151.2890001,Indus
September 2006,208422346.72160947,Indus
October 2006,210229577.83233348,Indus
November 2006,212290638.96463117,Indus
December 2006,210440301.52186748,Indus
January 2007,213112298.08154833,Indus
February 2007,207584520.55693072,Indus
March 2007,212827264.12882686,Indus
April 2007,212189043.39665604,Indus
May 2007,212032219.24742153,Indus
June 2007,212989518.78489456,Indus
July 2007,210432553.85349673,Indus
August 2007,213341871.0507248,Indus
September 2007,214562840.28956616,Indus
October 2007,216541887.5695899,Indus
November 2007,214115818.8698857,Indus
December 2007,214094830.8583707,Indus
January 2008,214942502.01432264,Indus
February 2008,217364146.76797253,Indus
March 2008,216918843.82154134,Indus
April 2008,216114829.0489179,Indus
May 2008,217992840.45777205,Indus
June 2008,217815796.21937847,Indus
July 2008,219450770.58936095,Indus
August 2008,217495517.96220317,Indus
September 2008,218439086.1399241,Indus
October 2008,218747303.9658882,Indus
November 2008,217641519.51884657,Indus
December 2008,220535289.63245934,Indus
January 2009,220904825.13781923,Indus
February 2009,220961277.79734015,Indus
March 2009,221000180.1830279,Indus
April 2009,219745711.61143056,Indus
May 2009,221561404.44071883,Indus
June 2009,222091106.3755459,Indus
July 2009,221845411.7816465,Indus
August 2009,223173226.75460365,Indus
September 2009,224393804.21715152,Indus
October 2009,226900378.0496019,Indus
November 2009,224893489.89056405,Indus
December 2009,225416814.48326907,Indus
January 2010,225380348.19313237,Indus
February 2010,223200224.25243616,Indus
March 2010,226274524.5286408,Indus
April 2010,226831603.72283903,Indus
May 2010,230657883.35166353,Indus
June 2010,227327810.0130741,Indus
July 2010,228448022.01582214,Indus
August 2010,228405513.39245504,Indus
September 2010,227232291.1112372,Indus
October 2010,230928857.98296732,Indus
November 2010,230808912.86675516,Indus
December 2010,231284453.21484512,Indus
January 2011,229314820.99137345,Indus
February 2011,233032868.65175384,Indus
March 2011,229455404.17183983,Indus
April 2011,232714942.68495613,Indus
May 2011,235414391.76524162,Indus
June 2011,231346115.20797026,Indus
July 2011,232373875.15035596,Indus
August 2011,233758462.77915034,Indus
September 2011,233344192.6638926,Indus
October 2011,232286272.56238234,Indus
November 2011,235022087.4774476,Indus
December 2011,233845556.3198584,Indus
January 2012,236479932.05354542,Indus
February 2012,234962706.925114,Indus
March 2012,238890719.29682386,Indus
April 2012,236040844.43682578,Indus
May 2012,237137123.52354363,Indus
June 2012,239204067.5117371,Indus
July 2012,236748810.2465218,Indus
August 2012,239273231.34510264,Indus
September 2012,241260945.41440177,Indus
October 2012,237572156.1647545,Indus
November 2012,240569713.45451155,Indus
December 2012,241118936.09627697,Indus
January 2013,242323941.58145696,Indus
February 2013,239927600.86446396,Indus
March 2013,240229396.83999464,Indus
April 2013,243306091.70218238,Indus
May 2013,243437398.88155267,Indus
June 2013,243836677.96873733,Indus
July 2013,244422863.68731767,Indus
August 2013,243433064.06898668,Indus
September 2013,245191356.42183337,Indus
October 2013,245727737.6300607,Indus
November 2013,244764939.16027912,Indus
December 2013,248872323.81917718,Indus
January 2014,247375118.9459356,Indus
February 2014,245490672.81396326,Indus
March 2014,248539689.38337153,Indus
April 2014,246703296.5763419,Indus
May 2014,249660980.66367352,Indus
June 2014,250663389.6977337,Indus
July 2014,248318313.60798994,Indus
August 2014,251322944.51954404,Indus
September 2014,251018309.9332849,Indus
October 2014,252058905.07643282,Indus
November 2014,254058099.13553816,Indus
December 2014,251482115.1577828,Indus
January 2015,251250172.4805329,Indus
February 2015,251546330.5469402,Indus
March 2015,252092134.84054592,Indus
April 2015,253627838.28051832,Indus
May 2015,254693549.61087537,Indus
June 2015,255090796.41249093,Indus
July 2015,256343950.18600383,Indus
August 2015,255678502.68590915,Indus
September 2015,258209009.21254906,Indus
October 2015,256246407.3773637,Indus
November 2015,260965880.23705307,Indus
December 2015,258469874.78297666,Indus
January 2016,256866070.6466991,Indus
February 2016,257061143.8842949,Indus
March 2016,259728869.74737492,Indus
April 2016,259226271.47599137,Indus
May 2016,261037050.324649,Indus
June 2016,261193812.70221916,Indus
July 2016,260901755.42466432,Indus
August 2016,260302728.27864045,Indus
September 2016,259853825.58766896,Indus
October 2016,261850105.28950498,Indus
November 2016,264194959.14908972,Indus
December 2016,263766488.15101495,Indus
January 2017,262210787.43118864,Indus
February 2017,264735587.22727305,Indus
March 2017,265500128.6249929,Indus
April 2017,264214676.54414687,Indus
May 2017,266182382.2485372,Indus
June 2017,266560537.67691743,Indus
July 2017,265354900.56729946,Indus
August 2017,267995701.94517022,Indus
September 2017,268796986.77577776,Indus
October 2017,270034255.7058124,Indus
November 2017,270506341.8748647,Indus
December 2017,267556821.168635,Indus
January 2018,268703911.6968142,Indus
February 2018,271286906.3594018,Indus
March 2018,271758092.6987934,Indus
April 2018,272283512.3243734,Indus
May 2018,277521267.34858817,Indus
June 2018,273393038.0090851,Indus
July 2018,274700179.199752,Indus
August 2018,274966451.82500416,Indus
September 2018,275061146.34294146,Indus
October 2018,274197688.84500694,Indus
November 2018,276244004.24535453,Indus
December 2018,274579495.0598032,Indus
January 2019,275875716.71369225,Indus
February 2019,276059872.1850478,Indus
March 2019,277348447.31709737,Indus
April 2019,281049774.4545013,Indus
May 2019,275641239.07086694,Indus
June 2019,279797201.9433865,Indus
July 2019,277057659.3889223,Indus
August 2019,279211125.5320854,Indus
September 2019,281960062.155708,Indus
October 2019,281026789.73944205,Indus
November 2019,279944478.101057,Indus
December 2019,280977373.43464243,Indus
December 2000,72145743.36512958,Iran
January 2001,72038874.6357567,Iran
February 2001,72050303.1304136,Iran
March 2001,72074399.77015188,Iran
April 2001,71874103.78604998,Iran
May 2001,71821842.56369151,Iran
June 2001,71918805.24689947,Iran
July 2001,71798959.4504216,Iran
August 2001,71641978.0051338,Iran
September 2001,71672228.53900813,Iran
October 2001,71536214.98015244,Iran
November 2001,71482017.81795795,Iran
December 2001,71488672.92762072,Iran
January 2002,71270471.00569059,Iran
February 2002,71247381.93582135,Iran
March 2002,71309155.90523873,Iran
April 2002,71232875.80006245,Iran
May 2002,71305839.27517635,Iran
June 2002,71165310.27993695,Iran
July 2002,71085807.1453577,Iran
August 2002,71286635.3325145,Iran
September 2002,71107047.74518844,Iran
October 2002,71093946.12422268,Iran
November 2002,70930938.3222424,Iran
December 2002,70966711.46518096,Iran
January 2003,70995518.61643226,Iran
February 2003,70864710.74608417,Iran
March 2003,70968555.5399901,Iran
April 2003,70861523.10296492,Iran
May 2003,70862325.22765581,Iran
June 2003,70810766.45190437,Iran
July 2003,70990150.23050028,Iran
August 2003,70809069.08348079,Iran
September 2003,70696385.66232023,Iran
October 2003,70828004.61012174,Iran
November 2003,70632136.5814089,Iran
December 2003,70726245.8702616,Iran
January 2004,70530934.17049217,Iran
February 2004,70568733.20153302,Iran
March 2004,70681877.48956512,Iran
April 2004,70712193.81936033,Iran
May 2004,70650683.49243973,Iran
June 2004,70612014.31118084,Iran
July 2004,70582277.01519121,Iran
August 2004,70469478.94849116,Iran
September 2004,70517867.2758058,Iran
October 2004,70525149.46450713,Iran
November 2004,70636733.97701393,Iran
December 2004,70563034.89711198,Iran
January 2005,70381342.47023869,Iran
February 2005,70548796.29587172,Iran
March 2005,70484059.98346516,Iran
April 2005,70453457.21045382,Iran
May 2005,70554634.54671985,Iran
June 2005,70583238.43881941,Iran
July 2005,70568833.74106741,Iran
August 2005,70415127.81147057,Iran
September 2005,70452946.33850937,Iran
October 2005,70500165.33717504,Iran
November 2005,70547497.76436052,Iran
December 2005,70420284.84375165,Iran
January 2006,70447129.51256835,Iran
February 2006,70372888.74820033,Iran
March 2006,70367582.10434397,Iran
April 2006,70537224.2698187,Iran
May 2006,70584821.132022,Iran
June 2006,70468323.14273171,Iran
July 2006,70560196.51046468,Iran
August 2006,70509165.02911933,Iran
September 2006,70427757.8385213,Iran
October 2006,70513884.42558934,Iran
November 2006,70614252.22619581,Iran
December 2006,70485553.82369904,Iran
January 2007,70627644.20086846,Iran
February 2007,70288126.0021949,Iran
March 2007,70582644.4593747,Iran
April 2007,70530311.3049602,Iran
May 2007,70506731.63300683,Iran
June 2007,70548110.35856514,Iran
July 2007,70383559.92668146,Iran
August 2007,70539589.18229951,Iran
September 2007,70596454.38200495,Iran
October 2007,70698323.7756787,Iran
November 2007,70540982.49486762,Iran
December 2007,70525381.07306632,Iran
January 2008,70566425.76565644,Iran
February 2008,70699916.80798848,Iran
March 2008,70665583.52726835,Iran
April 2008,70609617.48521833,Iran
May 2008,70711460.58867878,Iran
June 2008,70692319.26679562,Iran
July 2008,70779887.7425694,Iran
August 2008,70656304.4688885,Iran
September 2008,70702981.6127641,Iran
October 2008,70712623.8770245,Iran
November 2008,70638933.58286276,Iran
December 2008,70800436.63526444,Iran
January 2009,70817946.17206858,Iran
February 2009,70817066.98474996,Iran
March 2009,70815562.9510781,Iran
April 2009,70737687.62939398,Iran
May 2009,70840271.62677081,Iran
June 2009,70867188.438117,Iran
July 2009,70848698.14113697,Iran
August 2009,70922491.62002347,Iran
September 2009,70989986.57115372,Iran
October 2009,71133149.0299112,Iran
November 2009,71011080.81678665,Iran
December 2009,71037758.37826821,Iran
January 2010,71036761.24324852,Iran
February 2010,70909857.7237886,Iran
March 2010,71091458.73096631,Iran
April 2010,71125323.11682145,Iran
May 2010,71351165.0094665,Iran
June 2010,71156719.93506649,Iran
July 2010,71223622.64693277,Iran
August 2010,71222270.61926946,Iran
September 2010,71154506.83576444,Iran
October 2010,71372730.13116881,Iran
November 2010,71366829.9197807,Iran
December 2010,71395868.2473,Iran
January 2011,71285326.64792672,Iran
February 2011,71508847.35082564,Iran
March 2011,71303372.97554499,Iran
April 2011,71499963.43193288,Iran
May 2011,71663491.467888,Iran
June 2011,71429687.31293558,Iran
July 2011,71495029.7383264,Iran
August 2011,71581496.13325962,Iran
September 2011,71562307.74949402,Iran
October 2011,71505149.06872286,Iran
November 2011,71670978.9488315,Iran
December 2011,71606853.72224943,Iran
January 2012,71768595.47496961,Iran
February 2012,71686495.56106365,Iran
March 2012,71923765.77423573,Iran
April 2012,71763393.51615062,Iran
May 2012,71834569.89217271,Iran
June 2012,71962983.89805186,Iran
July 2012,71825563.0192076,Iran
August 2012,71980846.65556061,Iran
September 2012,72104607.1419634,Iran
October 2012,71894735.53750505,Iran
November 2012,72077808.5305976,Iran
December 2012,72116853.89024648,Iran
January 2013,72199026.08207308,Iran
February 2013,72069675.46879369,Iran
March 2013,72097695.2870376,Iran
April 2013,72289799.97773719,Iran
May 2013,72308541.53096029,Iran
June 2013,72343389.88934116,Iran
July 2013,72388848.4475937,Iran
August 2013,72342110.1414861,Iran
September 2013,72456779.28964709,Iran
October 2013,72499312.61129491,Iran
November 2013,72454160.20067239,Iran
December 2013,72706434.16499244,Iran
January 2014,72633895.53695509,Iran
February 2014,72538612.53703533,Iran
March 2014,72731603.16485561,Iran
April 2014,72639142.54676642,Iran
May 2014,72827762.28698888,Iran
June 2014,72902036.9103505,Iran
July 2014,72779202.36528866,Iran
August 2014,72971076.23187675,Iran
September 2014,72968582.4699054,Iran
October 2014,73044603.19621839,Iran
November 2014,73177423.36137156,Iran
December 2014,73041026.58667351,Iran
January 2015,73045996.8412778,Iran
February 2015,73081984.76105669,Iran
March 2015,73130836.14711434,Iran
April 2015,73239627.98513758,Iran
May 2015,73320215.34943208,Iran
June 2015,73362140.65252142,Iran
July 2015,73453737.33087417,Iran
August 2015,73433245.9522426,Iran
September 2015,73600466.92415279,Iran
October 2015,73503188.2184959,Iran
November 2015,73798976.75182793,Iran
December 2015,73670368.91995335,Iran
January 2016,73596520.04074599,Iran
February 2016,73628327.09318268,Iran
March 2016,73804050.96898621,Iran
April 2016,73794880.7239521,Iran
May 2016,73920928.7926525,Iran
June 2016,73950485.68081069,Iran
July 2016,73953024.99163987,Iran
August 2016,73938191.05727623,Iran
September 2016,73932174.58840051,Iran
October 2016,74069117.93309246,Iran
November 2016,74227190.99884693,Iran
December 2016,74221718.13556136,Iran
January 2017,74153926.25128567,Iran
February 2017,74325799.99950069,Iran
March 2017,74392004.02382204,Iran
April 2017,74340085.02345812,Iran
May 2017,74478477.51592988,Iran
June 2017,74524269.45675083,Iran
July 2017,74476277.65404515,Iran
August 2017,74654964.68223901,Iran
September 2017,74725608.86248863,Iran
October 2017,74821099.61022641,Iran
November 2017,74872408.51404877,Iran
December 2017,74721990.80463326,Iran
January 2018,74815354.37856036,Iran
February 2018,74993054.879104,Iran
March 2018,75044204.49063016,Iran
April 2018,75101054.61492248,Iran
May 2018,75433842.41139074,Iran
June 2018,75217363.38935469,Iran
July 2018,75319289.05339073,Iran
August 2018,75360918.34153819,Iran
September 2018,75392470.0974195,Iran
October 2018,75366907.01208308,Iran
November 2018,75513085.99355622,Iran
December 2018,75440473.64094931,Iran
January 2019,75545032.60153812,Iran
February 2019,75584275.05402474,Iran
March 2019,75685633.97870399,Iran
April 2019,75931455.29783577,Iran
May 2019,75641297.59485763,Iran
June 2019,75913821.65807302,Iran
July 2019,75780425.57098538,Iran
August 2019,75935334.24772297,Iran
September 2019,76125217.50877254,Iran
October 2019,76097911.56269392,Iran
November 2019,76062768.86568697,Iran
December 2019,76150944.54631409,Iran
December 2000,36010033.20235598,Italy
January 2001,35997150.07883755,Italy
February 2001,36030718.641123384,Italy
March 2001,36066447.30996289,Italy
April 2001,36016878.17358302,Italy
May 2001,36024499.64558295,Italy
June 2001,36091654.85611589,Italy
July 2001,36072737.94204668,Italy
August 2001,36040177.09444324,Italy
September 2001,36081136.49331967,Italy
October 2001,36055870.99563582,Italy
November 2001,36063670.37848603,Italy
December 2001,36094426.48417019,Italy
January 2002,36032092.08754535,Italy
February 2002,36046372.51408854,Italy
March 2002,36091716.68192335,Italy
April 2002,36085110.62292174,Italy
May 2002,36136354.81074167,Italy
June 2002,36104520.186328135,Italy
July 2002,36095895.42027196,Italy
August 2002,36198101.27494615,Italy
September 2002,36150929.54129402,Italy
October 2002,36168378.60978975,Italy
November 2002,36127717.248514496,Italy
December 2002,36164357.93537035,Italy
January 2003,36194096.931810126,Italy
February 2003,36161160.01261631,Italy
March 2003,36218580.69781792,Italy
April 2003,36194979.66091242,Italy
May 2003,36213127.514277294,Italy
June 2003,36211309.28001179,Italy
July 2003,36299580.66286469,Italy
August 2003,36246902.97230921,Italy
September 2003,36221082.9675311,Italy
October 2003,36290598.568659164,Italy
November 2003,36232114.523913406,Italy
December 2003,36286901.23426313,Italy
January 2004,36224545.06715943,Italy
February 2004,36253724.32291973,Italy
March 2004,36311564.39570271,Italy
April 2004,36337805.42455127,Italy
May 2004,36327526.47080641,Italy
June 2004,36326679.00868814,Italy
July 2004,36328876.34812733,Italy
August 2004,36298920.74992406,Italy
September 2004,36332258.097029574,Italy
October 2004,36348991.850874126,Italy
November 2004,36407144.39852767,Italy
December 2004,36392079.29592362,Italy
January 2005,36332050.077333495,Italy
February 2005,36409119.866384365,Italy
March 2005,36393920.64211565,Italy
April 2005,36393219.68914659,Italy
May 2005,36443899.7105077,Italy
June 2005,36466447.3961082,Italy
July 2005,36471741.90337244,Italy
August 2005,36422702.12252195,Italy
September 2005,36448868.11219096,Italy
October 2005,36478360.351968095,Italy
November 2005,36508262.15795917,Italy
December 2005,36469260.34155847,Italy
January 2006,36487843.41599943,Italy
February 2006,36466733.34615743,Italy
March 2006,36471913.32995683,Italy
April 2006,36546568.59461864,Italy
May 2006,36573040.99861899,Italy
June 2006,36535337.81468537,Italy
July 2006,36579196.24223991,Italy
August 2006,36567199.74485537,Italy
September 2006,36543275.639584355,Italy
October 2006,36584877.482911974,Italy
November 2006,36632330.83258766,Italy
December 2006,36589577.50190325,Italy
January 2007,36651209.434958875,Italy
February 2007,36523728.47522108,Italy
March 2007,36644649.32238142,Italy
April 2007,36629937.10724452,Italy
May 2007,36626327.197918095,Italy
June 2007,36648412.759232216,Italy
July 2007,36589447.96308085,Italy
August 2007,36656553.265503086,Italy
September 2007,36684719.88947273,Italy
October 2007,36730369.9744424,Italy
November 2007,36674424.29390278,Italy
December 2007,36673947.19832047,Italy
January 2008,36693456.054152146,Italy
February 2008,36749265.75159008,Italy
March 2008,36738957.16284185,Italy
April 2008,36720372.883334935,Italy
May 2008,36763645.992367454,Italy
June 2008,36759521.64922043,Italy
July 2008,36797189.55047473,Italy
August 2008,36752054.061297156,Italy
September 2008,36773774.60772062,Italy
October 2008,36780843.27959464,Italy
November 2008,36755299.23076971,Italy
December 2008,36821998.96900716,Italy
January 2009,36830609.002028406,Italy
February 2009,36831998.34798536,Italy
March 2009,36832974.47379958,Italy
April 2009,36804129.803100415,Italy
May 2009,36846090.0092561,Italy
June 2009,36858393.989999995,Italy
July 2009,36852812.04014513,Italy
August 2009,36883523.04818822,Italy
September 2009,36911760.817871206,Italy
October 2009,36969654.93924709,Italy
November 2009,36923457.07767797,Italy
December 2009,36935611.15829142,Italy
January 2010,36934802.74185998,Italy
February 2010,36884554.75608329,Italy
March 2010,36955487.36317165,Italy
April 2010,36968367.99504728,Italy
May 2010,37056645.74380875,Italy
June 2010,36979876.26427309,Italy
July 2010,37005743.479329504,Italy
August 2010,37004795.70745915,Italy
September 2010,36977770.07922852,Italy
October 2010,37063056.238895684,Italy
November 2010,37060322.5349961,Italy
December 2010,37071321.56950742,Italy
January 2011,37025980.82307453,Italy
February 2011,37111816.08040226,Italy
March 2011,37029385.3546273,Italy
April 2011,37104645.93144312,Italy
May 2011,37166986.3132396,Italy
June 2011,37073244.14783721,Italy
July 2011,37097030.05661169,Italy
August 2011,37129048.29748819,Italy
September 2011,37119579.15246794,Italy
October 2011,37095262.64006743,Italy
November 2011,37158444.48353847,Italy
December 2011,37131392.42260922,Italy
January 2012,37191967.720020935,Italy
February 2012,37156793.88572641,Italy
March 2012,37247216.29063833,Italy
April 2012,37181307.31129883,Italy
May 2012,37206415.06808703,Italy
June 2012,37253903.58313743,Italy
July 2012,37197101.60601465,Italy
August 2012,37255140.9995213,Italy
September 2012,37300802.22042874,Italy
October 2012,37215551.06903226,Italy
November 2012,37284502.48924584,Italy
December 2012,37296993.38296407,Italy
January 2013,37324884.13242442,Italy
February 2013,37269716.37426714,Italy
March 2013,37276766.60945981,Italy
April 2013,37347824.47411843,Italy
May 2013,37350949.113473736,Italy
June 2013,37360257.247320734,Italy
July 2013,37373872.83380889,Italy
August 2013,37351144.39084081,Italy
September 2013,37391795.69675228,Italy
October 2013,37404262.63268859,Italy
November 2013,37382156.922159046,Italy
December 2013,37476982.565273,Italy
January 2014,37442495.372822486,Italy
February 2014,37399077.164237306,Italy
March 2014,37469436.137570255,Italy
April 2014,37427126.1916268,Italy
May 2014,37495381.528989494,Italy
June 2014,37518543.39028324,Italy
July 2014,37464500.19764171,Italy
August 2014,37533839.66912013,Italy
September 2014,37526856.94380641,Italy
October 2014,37550898.10743094,Italy
November 2014,37597049.004476346,Italy
December 2014,37537680.34088625,Italy
January 2015,37532410.52728443,Italy
February 2015,37539320.39793886,Italy
March 2015,37551980.209530786,Italy
April 2015,37587477.94235479,Italy
May 2015,37612133.595747046,Italy
June 2015,37621374.89443199,Italy
July 2015,37650353.56725052,Italy
August 2015,37635085.75245436,Italy
September 2015,37693526.81122192,Italy
October 2015,37648339.92296211,Italy
November 2015,37757265.513524644,Italy
December 2015,37699776.639824994,Italy
January 2016,37662824.821384445,Italy
February 2016,37667360.84156682,Italy
March 2016,37728921.71474446,Italy
April 2016,37717367.20902622,Italy
May 2016,37759165.35000678,Italy
June 2016,37762817.799801685,Italy
July 2016,37756117.84573593,Italy
August 2016,37742339.383205645,Italy
September 2016,37732023.26850129,Italy
October 2016,37778099.64966256,Italy
November 2016,37832216.454402655,Italy
December 2016,37822370.365694776,Italy
January 2017,37786559.53458942,Italy
February 2017,37844858.03487242,Italy
March 2017,37862552.736292,Italy
April 2017,37832974.69908627,Italy
May 2017,37878422.62396191,Italy
June 2017,37887212.67169466,Italy
July 2017,37859473.209550515,Italy
August 2017,37920447.07557831,Italy
September 2017,37938995.834277794,Italy
October 2017,37967597.56193129,Italy
November 2017,37978553.95155445,Italy
December 2017,37910594.98235318,Italy
January 2018,37937102.80946909,Italy
February 2018,37996727.15685013,Italy
March 2018,38007641.42356824,Italy
April 2018,38019811.54070003,Italy
May 2018,38140661.42687677,Italy
June 2018,38045503.58487403,Italy
July 2018,38075701.00369323,Italy
August 2018,38081894.36605264,Italy
September 2018,38084130.591071345,Italy
October 2018,38064267.09444642,Italy
November 2018,38111513.9096246,Italy
December 2018,38073175.611088686,Italy
January 2019,38103102.15952772,Italy
February 2019,38107380.921747945,Italy
March 2019,38137128.06374627,Italy
April 2019,38222524.00082758,Italy
May 2019,38097816.4909035,Italy
June 2019,38193697.775282316,Italy
July 2019,38130545.73622611,Italy
August 2019,38180243.071461365,Italy
September 2019,38243673.85154218,Italy
October 2019,38222180.15178769,Italy
November 2019,38197250.150901936,Italy
December 2019,38221102.53837728,Italy
December 2000,123983046.4796012,Japan
January 2001,123980833.3875385,Japan
February 2001,123993413.37541965,Japan
March 2001,124006498.40128604,Japan
April 2001,123992602.22147988,Japan
May 2001,123996858.09879488,Japan
June 2001,124020134.14568798,Japan
July 2001,124015938.56510851,Japan
August 2001,124007458.87280378,Japan
September 2001,124022392.55861095,Japan
October 2001,124016175.19769527,Japan
November 2001,124020548.69048634,Japan
December 2001,124032172.06113636,Japan
January 2002,124009985.918243,Japan
February 2002,124012198.65742226,Japan
March 2002,124024529.97706579,Japan
April 2002,124020091.17184871,Japan
May 2002,124034150.77449785,Japan
June 2002,124021677.63901813,Japan
July 2002,124016671.27655725,Japan
August 2002,124046884.89159109,Japan
September 2002,124029527.47518279,Japan
October 2002,124032824.62877932,Japan
November 2002,124017540.5162214,Japan
December 2002,124026949.46403463,Japan
January 2003,124044455.90164645,Japan
February 2003,124042002.46450946,Japan
March 2003,124067546.80889323,Japan
April 2003,124068066.4921209,Japan
May 2003,124081622.37893389,Japan
June 2003,124089079.04916808,Japan
July 2003,124124966.5900363,Japan
August 2003,124116226.47451831,Japan
September 2003,124116039.50160284,Japan
October 2003,124145954.0455031,Japan
November 2003,124135364.82891952,Japan
December 2003,124160588.78613822,Japan
January 2004,124142548.62204933,Japan
February 2004,124153658.97865048,Japan
March 2004,124173779.42320843,Japan
April 2004,124183954.0672548,Japan
May 2004,124182439.85644108,Japan
June 2004,124183987.85528621,Japan
July 2004,124186446.86523467,Japan
August 2004,124178725.03938632,Japan
September 2004,124191159.58856776,Japan
October 2004,124198247.88885675,Japan
November 2004,124218585.12744923,Japan
December 2004,124215546.71183065,Japan
January 2005,124201189.11353673,Japan
February 2005,124230492.289769,Japan
March 2005,124229950.73731454,Japan
April 2005,124234486.91566336,Japan
May 2005,124255232.43406077,Japan
June 2005,124267172.41192712,Japan
July 2005,124273464.38516885,Japan
August 2005,124262606.50121698,Japan
September 2005,124275698.77012336,Japan
October 2005,124289696.79289433,Japan
November 2005,124303978.7759855,Japan
December 2005,124296164.06944047,Japan
January 2006,124306460.60364476,Japan
February 2006,124304116.3941078,Japan
March 2006,124309720.8286413,Japan
April 2006,124337874.2043833,Japan
May 2006,124350541.94424348,Japan
June 2006,124342913.46441522,Japan
July 2006,124361117.98581283,Japan
August 2006,124361676.09948766,Japan
September 2006,124358435.72761889,Japan
October 2006,124375921.61350757,Japan
November 2006,124395412.22284938,Japan
December 2006,124386034.22185788,Japan
January 2007,124394815.28709611,Japan
February 2007,124343371.15074964,Japan
March 2007,124372083.10659604,Japan
April 2007,124356551.48935772,Japan
May 2007,124344905.41258343,Japan
June 2007,124341092.47550435,Japan
July 2007,124311817.99080665,Japan
August 2007,124322342.11421816,Japan
September 2007,124320465.76231246,Japan
October 2007,124324507.10400404,Japan
November 2007,124295844.20983778,Japan
December 2007,124285195.81405962,Japan
January 2008,124308924.93807773,Japan
February 2008,124344214.4875705,Japan
March 2008,124357317.81536059,Japan
April 2008,124368915.7371065,Japan
May 2008,124399647.82212743,Japan
June 2008,124415850.67889026,Japan
July 2008,124444797.72026141,Japan
August 2008,124447940.10028769,Japan
September 2008,124472373.56291418,Japan
October 2008,124491575.92357877,Japan
November 2008,124500957.42578834,Japan
December 2008,124539149.99351604,Japan
January 2009,124529944.12782466,Japan
February 2009,124518438.75030413,Japan
March 2009,124507958.01972105,Japan
April 2009,124486824.26773626,Japan
May 2009,124488624.56670542,Japan
June 2009,124480595.08165608,Japan
July 2009,124467255.0277534,Japan
August 2009,124465087.47476642,Japan
September 2009,124462132.29024036,Japan
October 2009,124469006.92994854,Japan
November 2009,124442346.85237671,Japan
December 2009,124434655.04378662,Japan
January 2010,124429184.94546781,Japan
February 2010,124407970.24091884,Japan
March 2010,124425851.3563279,Japan
April 2010,124424740.6947541,Japan
May 2010,124447809.27247378,Japan
June 2010,124418148.4895831,Japan
July 2010,124421341.7065176,Japan
August 2010,124415827.22883749,Japan
September 2010,124402007.95430826,Japan
October 2010,124424123.82566507,Japan
November 2010,124418040.59714575,Japan
December 2010,124416498.86895147,Japan
January 2011,124410279.97132844,Japan
February 2011,124445835.59871462,Japan
March 2011,124427009.4438357,Japan
April 2011,124459197.44114591,Japan
May 2011,124487005.67809331,Japan
June 2011,124465372.78530915,Japan
July 2011,124480902.90163006,Japan
August 2011,124499319.87381093,Japan
September 2011,124504524.70512745,Japan
October 2011,124504736.04561459,Japan
November 2011,124533077.42972021,Japan
December 2011,124532417.60294236,Japan
January 2012,124527300.18318555,Japan
February 2012,124491690.33811922,Japan
March 2012,124497652.80795385,Japan
April 2012,124452254.99825576,Japan
May 2012,124436629.8928455,Japan
June 2012,124427344.8349432,Japan
July 2012,124385634.62151267,Japan
August 2012,124379709.61364473,Japan
September 2012,124369842.63265677,Japan
October 2012,124319072.44859047,Japan
November 2012,124316622.5026203,Japan
December 2012,124296979.41033174,Japan
January 2013,124317965.28029081,Japan
February 2013,124312500.20187345,Japan
March 2013,124325677.83821434,Japan
April 2013,124360410.77838236,Japan
May 2013,124373119.14924991,Japan
June 2013,124388187.16900451,Japan
July 2013,124404236.504079,Japan
August 2013,124409102.10310875,Japan
September 2013,124434151.7207756,Japan
October 2013,124449835.25471398,Japan
November 2013,124454899.17013606,Japan
December 2013,124496810.79285657,Japan
January 2014,124474340.03662907,Japan
February 2014,124449025.09437531,Japan
March 2014,124461055.55290368,Japan
April 2014,124436093.54978602,Japan
May 2014,124446712.92557497,Japan
June 2014,124442601.18142556,Japan
July 2014,124414273.16703808,Japan
August 2014,124424867.22026181,Japan
September 2014,124411155.58168793,Japan
October 2014,124407694.43929036,Japan
November 2014,124410903.82111987,Japan
December 2014,124380879.8485316,Japan
January 2015,124366917.18735503,Japan
February 2015,124356833.28837566,Japan
March 2015,124349769.34058942,Japan
April 2015,124348789.57902029,Japan
May 2015,124344753.30293868,Japan
June 2015,124335411.87434855,Japan
July 2015,124332752.31411405,Japan
August 2015,124315605.67310153,Japan
September 2015,124321932.48069097,Japan
October 2015,124295654.03440061,Japan
November 2015,124318058.22867349,Japan
December 2015,124287862.07195066,Japan
January 2016,124302557.81784382,Japan
February 2016,124330465.84877726,Japan
March 2016,124374826.78634323,Japan
April 2016,124397610.60204388,Japan
May 2016,124436531.52827156,Japan
June 2016,124464158.17593223,Japan
July 2016,124487634.31937702,Japan
August 2016,124509709.89014871,Japan
September 2016,124532888.08588,Japan
October 2016,124573171.4674829,Japan
November 2016,124616869.07627438,Japan
December 2016,124639343.29652801,Japan
January 2017,124632331.9264835,Japan
February 2017,124655290.76825345,Japan
March 2017,124664893.72813128,Japan
April 2017,124659867.26384066,Japan
May 2017,124678591.98045136,Japan
June 2017,124685784.27933288,Japan
July 2017,124681201.62080054,Japan
August 2017,124705012.46392754,Japan
September 2017,124715312.53788719,Japan
October 2017,124728672.38693836,Japan
November 2017,124736554.58260651,Japan
December 2017,124719163.55398172,Japan
January 2018,124725766.94351608,Japan
February 2018,124742916.6743352,Japan
March 2018,124744732.01661757,Japan
April 2018,124746769.39554682,Japan
May 2018,124783476.412909,Japan
June 2018,124751333.9541811,Japan
July 2018,124759171.63831002,Japan
August 2018,124759305.6501252,Japan
September 2018,124758179.46550152,Japan
October 2018,124750074.66850393,Japan
November 2018,124763282.63014473,Japan
December 2018,124749294.31747091,Japan
January 2019,124749016.25438835,Japan
February 2019,124740570.35529836,Japan
March 2019,124741184.36982892,Japan
April 2019,124758571.17910603,Japan
May 2019,124709364.50441791,Japan
June 2019,124730090.4945692,Japan
July 2019,124700486.87595464,Japan
August 2019,124706505.05001755,Japan
September 2019,124716896.7994198,Japan
October 2019,124700559.76377097,Japan
November 2019,124682811.99414155,Japan
December 2019,124680915.94770372,Japan
December 2000,120897954.28173113,Java
January 2001,120716125.31346986,Java
February 2001,121205130.95168044,Java
March 2001,121724923.17501254,Java
April 2001,121013291.10973081,Java
May 2001,121127444.161148,Java
June 2001,122101493.24976204,Java
July 2001,121832390.72139023,Java
August 2001,121366384.80531174,Java
September 2001,121962125.6215875,Java
October 2001,121601339.66952425,Java
November 2001,121718198.26836498,Java
December 2001,122166451.42002025,Java
January 2002,121270778.31108594,Java
February 2002,121481542.43602075,Java
March 2002,122140476.67623913,Java
April 2002,122049607.45744422,Java
May 2002,122794039.5873098,Java
June 2002,122338830.63666372,Java
July 2002,122218661.93626921,Java
August 2002,123699206.02629861,Java
September 2002,123022505.35877842,Java
October 2002,123278883.39157547,Java
November 2002,122696202.62916319,Java
December 2002,123229737.48689057,Java
January 2003,123662705.27693427,Java
February 2003,123190535.34223567,Java
March 2003,124022931.99922149,Java
April 2003,123685586.72831099,Java
May 2003,123951047.78625838,Java
June 2003,123928280.0723052,Java
July 2003,125206433.98507681,Java
August 2003,124449176.60180523,Java
September 2003,124079785.9828341,Java
October 2003,125087077.22970654,Java
November 2003,124245967.05916083,Java
December 2003,125040550.20991187,Java
January 2004,124142834.14492793,Java
February 2004,124567031.98494071,Java
March 2004,125404955.70670153,Java
April 2004,125786720.97919953,Java
May 2004,125640990.43863024,Java
June 2004,125631555.76083538,Java
July 2004,125666002.30282919,Java
August 2004,125236200.85733561,Java
September 2004,125720448.0049879,Java
October 2004,125964822.98484774,Java
November 2004,126807440.23265748,Java
December 2004,126592590.25689702,Java
January 2005,125727748.93205972,Java
February 2005,126842830.55826561,Java
March 2005,126625203.3846001,Java
April 2005,126617154.51048812,Java
May 2005,127351059.93501365,Java
June 2005,127678757.56903774,Java
July 2005,127757225.5651568,Java
August 2005,127051088.81721012,Java
September 2005,127431040.39086765,Java
October 2005,127858961.2881409,Java
November 2005,128292863.86118363,Java
December 2005,127731624.03315347,Java
January 2006,128001783.88580362,Java
February 2006,127698712.98560494,Java
March 2006,127775138.00229876,Java
April 2006,128855067.51151891,Java
May 2006,129239103.77075514,Java
June 2006,128696402.48967636,Java
July 2006,129331519.97593683,Java
August 2006,129160063.23972802,Java
September 2006,128816353.2902259,Java
October 2006,129418882.18975104,Java
November 2006,130105973.72938958,Java
December 2006,129490282.68743268,Java
January 2007,130381464.06663415,Java
February 2007,128541561.07679078,Java
March 2007,130288858.18505746,Java
April 2007,130077511.29811691,Java
May 2007,130026462.8370796,Java
June 2007,130346533.08726023,Java
July 2007,129496073.94657686,Java
August 2007,130466299.29418449,Java
September 2007,130874189.5492329,Java
October 2007,131534532.03808855,Java
November 2007,130727709.76509938,Java
December 2007,130721904.00814918,Java
January 2008,131004624.29852146,Java
February 2008,131811585.21379018,Java
March 2008,131663631.85945505,Java
April 2008,131396228.0152196,Java
May 2008,132022109.41168323,Java
June 2008,131963529.54336265,Java
July 2008,132508463.01965952,Java
August 2008,131857618.40287986,Java
September 2008,132172278.94605651,Java
October 2008,132275311.94782262,Java
November 2008,131907398.20753609,Java
December 2008,132871596.57380496,Java
January 2009,132996735.93756865,Java
February 2009,133017597.34712334,Java
March 2009,133032414.07699203,Java
April 2009,132616649.25190301,Java
May 2009,133223391.28490238,Java
June 2009,133401877.00034195,Java
July 2009,133322036.34067984,Java
August 2009,133766348.16556573,Java
September 2009,134174942.58099093,Java
October 2009,135011795.1376716,Java
November 2009,134345423.24059543,Java
December 2009,134521718.4522926,Java
January 2010,134508924.83515364,Java
February 2010,133782146.92505258,Java
March 2010,134805513.56634942,Java
April 2010,134990411.1023958,Java
May 2010,136264196.39041728,Java
June 2010,135154406.8517651,Java
July 2010,135526886.94293883,Java
August 2010,135512080.81647113,Java
September 2010,135120669.87564212,Java
October 2010,136351251.9632188,Java
November 2010,136310654.19992936,Java
December 2010,136468414.63406104,Java
January 2011,135813294.54501358,Java
February 2011,137052560.01674196,Java
March 2011,135861834.7819348,Java
April 2011,136948385.41636604,Java
May 2011,137848358.95372805,Java
June 2011,136494247.07816294,Java
July 2011,136837434.04708004,Java
August 2011,137299498.0797763,Java
September 2011,137162419.71947372,Java
October 2011,136810932.8951676,Java
November 2011,137723047.82958657,Java
December 2011,137332055.42891666,Java
January 2012,138204657.88616732,Java
February 2012,137694493.92760217,Java
March 2012,138998276.9250277,Java
April 2012,138044249.65829378,Java
May 2012,138404716.591002,Java
June 2012,139088325.55225074,Java
July 2012,138265888.50283188,Java
August 2012,139101868.5626658,Java
September 2012,139759088.55382487,Java
October 2012,138525801.17038888,Java
November 2012,139519367.8713749,Java
December 2012,139697627.6736872,Java
January 2013,140097837.63159928,Java
February 2013,139298553.5279484,Java
March 2013,139398043.3149925,Java
April 2013,140421653.57012025,Java
May 2013,140464285.4622749,Java
June 2013,140596133.54232678,Java
July 2013,140790271.03152338,Java
August 2013,140459461.104049,Java
September 2013,141043953.34832013,Java
October 2013,141221502.53662756,Java
November 2013,140899685.83433127,Java
December 2013,142266622.8771904,Java
January 2014,141768243.6031273,Java
February 2014,141140886.5623725,Java
March 2014,142156681.01828083,Java
April 2014,141545329.01416272,Java
May 2014,142530722.36736244,Java
June 2014,142864885.1122253,Java
July 2014,142084097.4361042,Java
August 2014,143085136.709121,Java
September 2014,142983964.72836632,Java
October 2014,143330836.6301574,Java
November 2014,143996996.8146097,Java
December 2014,143139301.05332014,Java
January 2015,143061492.97264642,Java
February 2015,143159578.48019302,Java
March 2015,143340866.9612549,Java
April 2015,143851805.67178765,Java
May 2015,144206222.84909374,Java
June 2015,144337977.80433184,Java
July 2015,144754826.1073416,Java
August 2015,144532631.3358389,Java
September 2015,145374907.36522263,Java
October 2015,144720689.5891801,Java
November 2015,146292040.79491585,Java
December 2015,145460163.21130192,Java
January 2016,144924286.91428465,Java
February 2016,144987559.54833633,Java
March 2016,145874503.93621826,Java
April 2016,145705404.34472895,Java
May 2016,146306872.05302587,Java
June 2016,146357384.55613914,Java
July 2016,146258464.32497332,Java
August 2016,146057247.33737683,Java
September 2016,145906032.03865492,Java
October 2016,146569284.19068792,Java
November 2016,147348580.48505387,Java
December 2016,147204225.17531085,Java
January 2017,146684745.35730183,Java
February 2017,147524350.68753156,Java
March 2017,147777798.09677437,Java
April 2017,147348329.51884183,Java
May 2017,148002427.24917158,Java
June 2017,148127053.50579962,Java
July 2017,147724211.51219794,Java
August 2017,148602453.28576675,Java
September 2017,148868010.51008072,Java
October 2017,149278822.94541216,Java
November 2017,149434734.5490491,Java
December 2017,148451060.30529314,Java
January 2018,148833094.55748558,Java
February 2018,149693382.88065776,Java
March 2018,149850297.34700385,Java
April 2018,150025272.7622913,Java
May 2018,151769778.2739335,Java
June 2018,150394770.99251506,Java
July 2018,150830113.85026047,Java
August 2018,150918775.62878135,Java
September 2018,150950290.1881056,Java
October 2018,150662675.5486122,Java
November 2018,151344213.0514293,Java
December 2018,150789793.5316604,Java
January 2019,151221219.171215,Java
February 2019,151282250.8782981,Java
March 2019,151711159.18482107,Java
April 2019,152943649.0883911,Java
May 2019,151141942.89075917,Java
June 2019,152525857.52103734,Java
July 2019,151613108.08268943,Java
August 2019,152330054.64038604,Java
September 2019,153245333.5063501,Java
October 2019,152934195.29411536,Java
November 2019,152573407.02277434,Java
December 2019,152917136.8536509,Java
December 2000,54026561.734991364,Mexico
January 2001,53887432.07490765,Mexico
February 2001,54193442.90611433,Mexico
March 2001,54521670.43831571,Mexico
April 2001,54030983.46646001,Mexico
May 2001,54088852.25049168,Mexico
June 2001,54716719.58362414,Mexico
July 2001,54520274.449692756,Mexico
August 2001,54192575.70723855,Mexico
September 2001,54569411.96865341,Mexico
October 2001,54312129.179849334,Mexico
November 2001,54371197.30067825,Mexico
December 2001,54650762.28422819,Mexico
January 2002,54038101.95793314,Mexico
February 2002,54159631.56327685,Mexico
March 2002,54580323.35466331,Mexico
April 2002,54501700.4730571,Mexico
May 2002,54977943.142227985,Mexico
June 2002,54657558.18444356,Mexico
July 2002,54560084.41943075,Mexico
August 2002,55524192.019469224,Mexico
September 2002,55056833.52943868,Mexico
October 2002,55209221.94534142,Mexico
November 2002,54804251.51094643,Mexico
December 2002,55140550.72099086,Mexico
January 2003,55410042.53476019,Mexico
February 2003,55078919.163221315,Mexico
March 2003,55615180.35267615,Mexico
April 2003,55373521.532455415,Mexico
May 2003,55532436.70143931,Mexico
June 2003,55499519.65885196,Mexico
July 2003,56330419.53252124,Mexico
August 2003,55810122.904721856,Mexico
September 2003,55547200.00265197,Mexico
October 2003,56198365.64823078,Mexico
November 2003,55622427.4799337,Mexico
December 2003,56132448.07202921,Mexico
January 2004,55519944.54833491,Mexico
February 2004,55784613.13150109,Mexico
March 2004,56324899.287691765,Mexico
April 2004,56561411.22275422,Mexico
May 2004,56448439.2296133,Mexico
June 2004,56425365.662696354,Mexico
July 2004,56431952.37192058,Mexico
August 2004,56129939.3053262,Mexico
September 2004,56434454.339534745,Mexico
October 2004,56580341.6260786,Mexico
November 2004,57122657.51449005,Mexico
December 2004,56963820.47646046,Mexico
January 2005,56373416.84542652,Mexico
February 2005,57096815.2553752,Mexico
March 2005,56937477.92069826,Mexico
April 2005,56915609.37829913,Mexico
May 2005,57386606.815839775,Mexico
June 2005,57587526.96701557,Mexico
July 2005,57623600.89870812,Mexico
August 2005,57138507.62680827,Mexico
September 2005,57374101.51743623,Mexico
October 2005,57642059.18709028,Mexico
November 2005,57913452.921882875,Mexico
December 2005,57525040.9186268,Mexico
January 2006,57689524.119948015,Mexico
February 2006,57473633.05839703,Mexico
March 2006,57510991.91877742,Mexico
April 2006,58212807.65971434,Mexico
May 2006,58453331.86531868,Mexico
June 2006,58078431.13962101,Mexico
July 2006,58485563.35809931,Mexico
August 2006,58357006.48153822,Mexico
September 2006,58114148.8827842,Mexico
October 2006,58499656.54675999,Mexico
November 2006,58940799.85802491,Mexico
December 2006,58517942.81031252,Mexico
January 2007,59094957.4214671,Mexico
February 2007,57859727.66409395,Mexico
March 2007,59006216.0270354,Mexico
April 2007,58851634.549799144,Mexico
May 2007,58803883.61968697,Mexico
June 2007,59001930.47023241,Mexico
July 2007,58423720.82608343,Mexico
August 2007,59053186.02727974,Mexico
September 2007,59309506.91398079,Mexico
October 2007,59733808.1318643,Mexico
November 2007,59184091.693879515,Mexico
December 2007,59166362.11229399,Mexico
January 2008,59341567.95835973,Mexico
February 2008,59864640.06992435,Mexico
March 2008,59754866.94636374,Mexico
April 2008,59565031.20812913,Mexico
May 2008,59968345.68679281,Mexico
June 2008,59917077.646669134,Mexico
July 2008,60266678.14486081,Mexico
August 2008,59822405.60174997,Mexico
September 2008,60018805.79242482,Mexico
October 2008,60075177.83693156,Mexico
November 2008,59818647.530354634,Mexico
December 2008,60446456.363808736,Mexico
January 2009,60518342.01374297,Mexico
February 2009,60521032.7543515,Mexico
March 2009,60520791.7096832,Mexico
April 2009,60233753.78286091,Mexico
May 2009,60625572.50761566,Mexico
June 2009,60732856.7803467,Mexico
July 2009,60669085.17899976,Mexico
August 2009,60952761.61131106,Mexico
September 2009,61212737.32061023,Mexico
October 2009,61757248.692068614,Mexico
November 2009,61303917.38373474,Mexico
December 2009,61410107.86620696,Mexico
January 2010,61393687.703923754,Mexico
February 2010,60903494.549197175,Mexico
March 2010,61575398.67062421,Mexico
April 2010,61690158.88604322,Mexico
May 2010,62527719.6924879,Mexico
June 2010,61783374.49661979,Mexico
July 2010,62022863.23842028,Mexico
August 2010,62005107.651007436,Mexico
September 2010,61737451.34220995,Mexico
October 2010,62546344.137663856,Mexico
November 2010,62511474.1948268,Mexico
December 2010,62608483.08734209,Mexico
January 2011,62168191.587686285,Mexico
February 2011,62984942.749637075,Mexico
March 2011,62189783.77938886,Mexico
April 2011,62905199.1470232,Mexico
May 2011,63496988.95836198,Mexico
June 2011,62592872.926911585,Mexico
July 2011,62815200.2146561,Mexico
August 2011,63116229.87526408,Mexico
September 2011,63019691.287902474,Mexico
October 2011,62781059.30100807,Mexico
November 2011,63380725.73074783,Mexico
December 2011,63115879.3364546,Mexico
January 2012,63695116.718254596,Mexico
February 2012,63356802.566878065,Mexico
March 2012,64222141.4222769,Mexico
April 2012,63589296.35499671,Mexico
May 2012,63828693.1399931,Mexico
June 2012,64282521.58067804,Mexico
July 2012,63736987.98988067,Mexico
August 2012,64291924.13286406,Mexico
September 2012,64728241.850343816,Mexico
October 2012,63910083.50559545,Mexico
November 2012,64569588.18780818,Mexico
December 2012,64688079.20742133,Mexico
January 2013,64956605.57041471,Mexico
February 2013,64429193.007907175,Mexico
March 2013,64497886.17025729,Mexico
April 2013,65180077.40965387,Mexico
May 2013,65211232.928974055,Mexico
June 2013,65301684.4923047,Mexico
July 2013,65433373.39981006,Mexico
August 2013,65216822.59507144,Mexico
September 2013,65607631.71851664,Mexico
October 2013,65728313.25649126,Mexico
November 2013,65517730.016090326,Mexico
December 2013,66427644.382547766,Mexico
January 2014,66104894.413170725,Mexico
February 2014,65696559.672410734,Mexico
March 2014,66377788.258843794,Mexico
April 2014,65980073.855500564,Mexico
May 2014,66641642.68890665,Mexico
June 2014,66871336.13814469,Mexico
July 2014,66360933.99164782,Mexico
August 2014,67033141.50099631,Mexico
September 2014,66973963.279381916,Mexico
October 2014,67211833.40995221,Mexico
November 2014,67661827.81257015,Mexico
December 2014,67100392.367424384,Mexico
January 2015,67065112.38505271,Mexico
February 2015,67146548.74009094,Mexico
March 2015,67281613.13545823,Mexico
April 2015,67637003.27259877,Mexico
May 2015,67888004.19976874,Mexico
June 2015,67991782.3277899,Mexico
July 2015,68284210.19045101,Mexico
August 2015,68153120.6570047,Mexico
September 2015,68728373.71635176,Mexico
October 2015,68310082.60889098,Mexico
November 2015,69369122.40055324,Mexico
December 2015,68832942.95927377,Mexico
January 2016,68504786.07386564,Mexico
February 2016,68574201.77484336,Mexico
March 2016,69188405.22032,Mexico
April 2016,69103627.49471891,Mexico
May 2016,69529284.25566706,Mexico
June 2016,69590232.81601124,Mexico
July 2016,69551138.61083676,Mexico
August 2016,69445048.99502577,Mexico
September 2016,69372138.61018506,Mexico
October 2016,69838793.19291145,Mexico
November 2016,70383335.13343148,Mexico
December 2016,70314091.92728934,Mexico
January 2017,70010789.51454784,Mexico
February 2017,70609324.64083001,Mexico
March 2017,70814900.61165594,Mexico
April 2017,70571326.25593884,Mexico
May 2017,71045429.91255377,Mexico
June 2017,71169531.94755687,Mexico
July 2017,70942290.34941572,Mexico
August 2017,71566463.15926957,Mexico
September 2017,71784081.6580754,Mexico
October 2017,72096750.38766882,Mexico
November 2017,72241612.19654672,Mexico
December 2017,71628952.26921293,Mexico
January 2018,71943866.36922109,Mexico
February 2018,72576131.79556768,Mexico
March 2018,72735721.95172963,Mexico
April 2018,72913239.63316205,Mexico
May 2018,74130257.18023537,Mexico
June 2018,73279264.92427503,Mexico
July 2018,73627571.61279623,Mexico
August 2018,73747814.82701324,Mexico
September 2018,73830137.30639689,Mexico
October 2018,73698716.72325046,Mexico
November 2018,74212369.86092892,Mexico
December 2018,73903907.64287172,Mexico
January 2019,74280548.01764616,Mexico
February 2019,74411408.9775236,Mexico
March 2019,74777634.17501014,Mexico
April 2019,75685830.51991323,Mexico
May 2019,74577734.08324309,Mexico
June 2019,75586410.15383428,Mexico
July 2019,75068191.82533863,Mexico
August 2019,75634293.09039702,Mexico
September 2019,76332000.17943825,Mexico
October 2019,76212988.32325968,Mexico
November 2019,76063945.487745,Mexico
December 2019,76379479.31485204,Mexico
December 2000,39658305.061419286,Nile
January 2001,39581278.370630704,Nile
February 2001,39797820.22248801,Nile
March 2001,40027588.5389,Nile
April 2001,39718711.073597014,Nile
May 2001,39771129.02047984,Nile
June 2001,40199934.07027168,Nile
July 2001,40084632.90884659,Nile
August 2001,39883245.59083422,Nile
September 2001,40146496.55753348,Nile
October 2001,39991073.18294553,Nile
November 2001,40044757.21121444,Nile
December 2001,40243382.99916345,Nile
January 2002,39853247.178597316,Nile
February 2002,39947306.96025928,Nile
March 2002,40237316.85163076,Nile
April 2002,40199376.79267948,Nile
May 2002,40526919.79956241,Nile
June 2002,40329538.52652401,Nile
July 2002,40278717.62185384,Nile
August 2002,40928454.54097637,Nile
September 2002,40634144.75544984,Nile
October 2002,40748107.05461958,Nile
November 2002,40494941.96594672,Nile
December 2002,40730192.76811585,Nile
January 2003,40920894.23406557,Nile
February 2003,40715492.15946613,Nile
March 2003,41080871.65103983,Nile
April 2003,40934471.12418276,Nile
May 2003,41051829.22251707,Nile
June 2003,41043093.142386705,Nile
July 2003,41603622.72094952,Nile
August 2003,41273461.56863289,Nile
September 2003,41113037.456769966,Nile
October 2003,41555032.96252548,Nile
November 2003,41188176.41566692,Nile
December 2003,41537087.26957992,Nile
January 2004,41145623.293782905,Nile
February 2004,41332651.147192806,Nile
March 2004,41700642.63870137,Nile
April 2004,41869101.28461087,Nile
May 2004,41806673.96816135,Nile
June 2004,41803936.915186696,Nile
July 2004,41820358.1301575,Nile
August 2004,41633661.48687622,Nile
September 2004,41846967.93050875,Nile
October 2004,41955257.37196891,Nile
November 2004,42325392.618135035,Nile
December 2004,42232717.4706079,Nile
January 2005,41856392.10171429,Nile
February 2005,42346514.423028305,Nile
March 2005,42253213.42372617,Nile
April 2005,42251834.88775206,Nile
May 2005,42575078.91727941,Nile
June 2005,42720628.71824714,Nile
July 2005,42757042.27004341,Nile
August 2005,42450168.7017867,Nile
September 2005,42618585.70840796,Nile
October 2005,42807925.74599596,Nile
November 2005,42999952.62025227,Nile
December 2005,42756419.23454282,Nile
January 2006,42875834.78715919,Nile
February 2006,42744394.890324794,Nile
March 2006,42778913.74122603,Nile
April 2006,43252698.15863366,Nile
May 2006,43421909.591967605,Nile
June 2006,43185603.39722615,Nile
July 2006,43464692.2119476,Nile
August 2006,43390848.89397379,Nile
September 2006,43241624.66346991,Nile
October 2006,43506452.1627755,Nile
November 2006,43808324.05642026,Nile
December 2006,43540037.95455977,Nile
January 2007,43930817.63496151,Nile
February 2007,43126428.714446604,Nile
March 2007,43891783.24371148,Nile
April 2007,43800077.95211768,Nile
May 2007,43778496.67663482,Nile
June 2007,43919348.49073689,Nile
July 2007,43547931.61354957,Nile
August 2007,43973302.2682184,Nile
September 2007,44152585.59821942,Nile
October 2007,44442321.00556231,Nile
November 2007,44090025.63770041,Nile
December 2007,44088243.33289687,Nile
January 2008,44212519.08384786,Nile
February 2008,44566211.37765732,Nile
March 2008,44501981.424590856,Nile
April 2008,44385513.57210656,Nile
May 2008,44659944.5879566,Nile
June 2008,44634861.63077648,Nile
July 2008,44873868.470943995,Nile
August 2008,44589600.466677375,Nile
September 2008,44727853.81117684,Nile
October 2008,44773477.54759422,Nile
November 2008,44613024.86871526,Nile
December 2008,45035509.09890444,Nile
January 2009,45089893.056603126,Nile
February 2009,45098643.222079545,Nile
March 2009,45104784.82463814,Nile
April 2009,44922459.982730195,Nile
May 2009,45187613.624769926,Nile
June 2009,45265342.84606394,Nile
July 2009,45230036.31722701,Nile
August 2009,45424095.5292438,Nile
September 2009,45602524.20022811,Nile
October 2009,45968378.09003812,Nile
November 2009,45676383.364987224,Nile
December 2009,45753166.21518478,Nile
January 2010,45749066.59375322,Nile
February 2010,45432515.39881194,Nile
March 2010,45881711.91700684,Nile
April 2010,45964125.2798112,Nile
May 2010,46523005.937997036,Nile
June 2010,46038842.39192563,Nile
July 2010,46203296.688434415,Nile
August 2010,46198316.35896395,Nile
September 2010,46028527.408353746,Nile
October 2010,46568501.617066234,Nile
November 2010,46552234.43214561,Nile
December 2010,46622723.78381235,Nile
January 2011,46335133.7412483,Nile
February 2011,46876558.78365617,Nile
March 2011,46354665.837755,Nile
April 2011,46829260.29063572,Nile
May 2011,47222234.43962956,Nile
June 2011,46628753.79734131,Nile
July 2011,46778068.74943885,Nile
August 2011,46979377.32856685,Nile
September 2011,46918491.0873127,Nile
October 2011,46763805.066408284,Nile
November 2011,47162063.51374608,Nile
December 2011,46990089.18605545,Nile
January 2012,47373030.38963942,Nile
February 2012,47150849.67853017,Nile
March 2012,47722413.36526005,Nile
April 2012,47305990.58128219,Nile
May 2012,47464777.939942,Nile
June 2012,47765012.40082731,Nile
July 2012,47406141.01801366,Nile
August 2012,47773055.64256592,Nile
September 2012,48061741.84488433,Nile
October 2012,47523075.42371193,Nile
November 2012,47958952.621359214,Nile
December 2012,48038003.06541449,Nile
January 2013,48212879.54250528,Nile
February 2013,47862837.17944051,Nile
March 2013,47906138.80542996,Nile
April 2013,48353825.77108683,Nile
May 2013,48372228.50981458,Nile
June 2013,48429665.3011392,Nile
July 2013,48514369.44545515,Nile
August 2013,48369339.28635325,Nile
September 2013,48624860.80131174,Nile
October 2013,48702305.625267655,Nile
November 2013,48561211.05324452,Nile
December 2013,49159152.0706479,Nile
January 2014,48939532.44888669,Nile
February 2014,48663469.98020598,Nile
March 2014,49106625.47060616,Nile
April 2014,48837567.076007344,Nile
May 2014,49267320.43785391,Nile
June 2014,49412035.25088428,Nile
July 2014,49068877.99389225,Nile
August 2014,49505429.227712736,Nile
September 2014,49459634.21949994,Nile
October 2014,49609959.82056949,Nile
November 2014,49899962.31488844,Nile
December 2014,49523148.78217244,Nile
January 2015,49487192.98250978,Nile
February 2015,49528211.18486852,Nile
March 2015,49605824.832051255,Nile
April 2015,49827514.56202358,Nile
May 2015,49980769.301349446,Nile
June 2015,50036521.82211564,Nile
July 2015,50217097.47543692,Nile
August 2015,50117955.62366068,Nile
September 2015,50484644.15494836,Nile
October 2015,50196503.22019957,Nile
November 2015,50882247.350193806,Nile
December 2015,50516359.48603453,Nile
January 2016,50280197.831355214,Nile
February 2016,50306233.858227864,Nile
March 2016,50692829.19676035,Nile
April 2016,50617175.216967694,Nile
May 2016,50878787.81645456,Nile
June 2016,50899239.79472952,Nile
July 2016,50854350.81440641,Nile
August 2016,50764641.72016706,Nile
September 2016,50696814.2086474,Nile
October 2016,50985464.72318935,Nile
November 2016,51324844.785134874,Nile
December 2016,51260072.6478097,Nile
January 2017,51029452.44302643,Nile
February 2017,51393590.83067551,Nile
March 2017,51501534.72565787,Nile
April 2017,51310304.95827313,Nile
May 2017,51593368.12473414,Nile
June 2017,51644619.60608083,Nile
July 2017,51465148.11582371,Nile
August 2017,51846194.4629827,Nile
September 2017,51959119.71368788,Nile
October 2017,52135717.130155064,Nile
November 2017,52200659.60722408,Nile
December 2017,51767006.12403681,Nile
January 2018,51931292.391393006,Nile
February 2018,52304870.70969213,Nile
March 2018,52370921.247528896,Nile
April 2018,52444595.07419448,Nile
May 2018,53205215.2491043,Nile
June 2018,52600590.49515339,Nile
July 2018,52788299.00348686,Nile
August 2018,52824200.526351206,Nile
September 2018,52835093.46186188,Nile
October 2018,52706423.57109107,Nile
November 2018,53001777.51437713,Nile
December 2018,52756349.30625411,Nile
January 2019,52940102.16480112,Nile
February 2019,52961764.38891828,Nile
March 2019,53144903.969799235,Nile
April 2019,53679216.066471316,Nile
May 2019,52885875.53714081,Nile
June 2019,53486453.64917853,Nile
July 2019,53082135.59689454,Nile
August 2019,53390837.22675601,Nile
September 2019,53786332.42113539,Nile
October 2019,53645289.59226053,Nile
November 2019,53482356.27653787,Nile
December 2019,53627894.75278178,Nile
December 2000,12029378.5425267,ArabianPeninsula
January 2001,11901795.355921142,ArabianPeninsula
February 2001,12158476.028697954,ArabianPeninsula
March 2001,12435059.01976293,ArabianPeninsula
April 2001,12003996.88199751,ArabianPeninsula
May 2001,12046712.289661726,ArabianPeninsula
June 2001,12581232.934351198,ArabianPeninsula
July 2001,12404413.94888967,ArabianPeninsula
August 2001,12114050.056485303,ArabianPeninsula
September 2001,12431870.198006734,ArabianPeninsula
October 2001,12202533.608520046,ArabianPeninsula
November 2001,12246043.022351112,ArabianPeninsula
December 2001,12480135.846593058,ArabianPeninsula
January 2002,11943197.107170725,ArabianPeninsula
February 2002,12040041.77359709,ArabianPeninsula
March 2002,12395916.19182522,ArabianPeninsula
April 2002,12319980.87394281,ArabianPeninsula
May 2002,12723288.822136061,ArabianPeninsula
June 2002,12438654.385071686,ArabianPeninsula
July 2002,12346706.351155907,ArabianPeninsula
August 2002,13170899.525316324,ArabianPeninsula
September 2002,12759391.398185609,ArabianPeninsula
October 2002,12883134.832089309,ArabianPeninsula
November 2002,12525482.679660829,ArabianPeninsula
December 2002,12807985.590452608,ArabianPeninsula
January 2003,13036432.972937558,ArabianPeninsula
February 2003,12746404.248157682,ArabianPeninsula
March 2003,13205543.501810329,ArabianPeninsula
April 2003,12992744.313412933,ArabianPeninsula
May 2003,13125872.454492351,ArabianPeninsula
June 2003,13093267.884776386,ArabianPeninsula
July 2003,13806481.28235491,ArabianPeninsula
August 2003,13353150.303646479,ArabianPeninsula
September 2003,13121995.071893204,ArabianPeninsula
October 2003,13680054.378795905,ArabianPeninsula
November 2003,13178691.29895992,ArabianPeninsula
December 2003,13614908.302038483,ArabianPeninsula
January 2004,13080067.769051006,ArabianPeninsula
February 2004,13302438.825931871,ArabianPeninsula
March 2004,13763128.152518973,ArabianPeninsula
April 2004,13961193.215046803,ArabianPeninsula
May 2004,13857765.993675152,ArabianPeninsula
June 2004,13831746.011633897,ArabianPeninsula
July 2004,13831526.854440816,ArabianPeninsula
August 2004,13564714.648871385,ArabianPeninsula
September 2004,13821482.826121695,ArabianPeninsula
October 2004,13941513.743910244,ArabianPeninsula
November 2004,14403561.548128536,ArabianPeninsula
December 2004,14260541.704866704,ArabianPeninsula
January 2005,13746800.059723532,ArabianPeninsula
February 2005,14367187.195516337,ArabianPeninsula
March 2005,14225954.871644093,ArabianPeninsula
April 2005,14202996.454779714,ArabianPeninsula
May 2005,14605632.163472744,ArabianPeninsula
June 2005,14774994.249674018,ArabianPeninsula
July 2005,14802185.82743923,ArabianPeninsula
August 2005,14379352.481643306,ArabianPeninsula
September 2005,14578646.38757745,ArabianPeninsula
October 2005,14806009.690495763,ArabianPeninsula
November 2005,15036207.516772252,ArabianPeninsula
December 2005,14696965.110641623,ArabianPeninsula
January 2006,14835736.707223859,ArabianPeninsula
February 2006,14646153.357174994,ArabianPeninsula
March 2006,14675497.253574627,ArabianPeninsula
April 2006,15278116.735227743,ArabianPeninsula
May 2006,15482633.88158627,ArabianPeninsula
June 2006,15155786.7498334,ArabianPeninsula
July 2006,15504126.889794214,ArabianPeninsula
August 2006,15389934.054957626,ArabianPeninsula
September 2006,15177072.06397952,ArabianPeninsula
October 2006,15506744.985538192,ArabianPeninsula
November 2006,15884341.141252168,ArabianPeninsula
December 2006,15516199.889578994,ArabianPeninsula
January 2007,16013042.83504999,ArabianPeninsula
February 2007,14945480.769474385,ArabianPeninsula
March 2007,15934039.187489118,ArabianPeninsula
April 2007,15799337.840911621,ArabianPeninsula
May 2007,15756897.733777083,ArabianPeninsula
June 2007,15926599.884100413,ArabianPeninsula
July 2007,15426245.665158385,ArabianPeninsula
August 2007,15968366.150081908,ArabianPeninsula
September 2007,16188372.881707259,ArabianPeninsula
October 2007,16553427.899747105,ArabianPeninsula
November 2007,16077629.55578349,ArabianPeninsula
December 2007,16061105.130269554,ArabianPeninsula
January 2008,16210631.157099053,ArabianPeninsula
February 2008,16660449.869822012,ArabianPeninsula
March 2008,16564081.052117541,ArabianPeninsula
April 2008,16398487.940690976,ArabianPeninsula
May 2008,16744982.314909535,ArabianPeninsula
June 2008,16699006.62652953,ArabianPeninsula
July 2008,16999132.84992198,ArabianPeninsula
August 2008,16613899.26425494,ArabianPeninsula
September 2008,16781721.134342745,ArabianPeninsula
October 2008,16828720.312457714,ArabianPeninsula
November 2008,16605553.664737549,ArabianPeninsula
December 2008,17145840.940004613,ArabianPeninsula
January 2009,17210577.991023086,ArabianPeninsula
February 2009,17215583.107006785,ArabianPeninsula
March 2009,17217797.800648604,ArabianPeninsula
April 2009,16972697.03298657,ArabianPeninsula
May 2009,17313527.145702027,ArabianPeninsula
June 2009,17408821.76602472,ArabianPeninsula
July 2009,17356367.285605058,ArabianPeninsula
August 2009,17603930.98351407,ArabianPeninsula
September 2009,17831035.227670863,ArabianPeninsula
October 2009,18303676.0088599,ArabianPeninsula
November 2009,17915023.85052534,ArabianPeninsula
December 2009,18009287.73780055,ArabianPeninsula
January 2010,17997310.045737036,ArabianPeninsula
February 2010,17576351.723716266,ArabianPeninsula
March 2010,18158351.693978216,ArabianPeninsula
April 2010,18259614.381519273,ArabianPeninsula
May 2010,18984757.853496846,ArabianPeninsula
June 2010,18344404.877182003,ArabianPeninsula
July 2010,18553267.569842566,ArabianPeninsula
August 2010,18540137.0830451,ArabianPeninsula
September 2010,18311281.85868593,ArabianPeninsula
October 2010,19011677.906513892,ArabianPeninsula
November 2010,18983773.59348667,ArabianPeninsula
December 2010,19069641.730851136,ArabianPeninsula
January 2011,18691859.157146882,ArabianPeninsula
February 2011,19399208.29805478,ArabianPeninsula
March 2011,18714867.16713992,ArabianPeninsula
April 2011,19334739.019013207,ArabianPeninsula
May 2011,19847818.082333565,ArabianPeninsula
June 2011,19069642.805312324,ArabianPeninsula
July 2011,19263786.39097722,ArabianPeninsula
August 2011,19525943.197442602,ArabianPeninsula
September 2011,19444902.49138823,ArabianPeninsula
October 2011,19241126.78335469,ArabianPeninsula
November 2011,19761079.318821047,ArabianPeninsula
December 2011,19534674.239711214,ArabianPeninsula
January 2012,20038894.404487185,ArabianPeninsula
February 2012,19751045.772514205,ArabianPeninsula
March 2012,20501969.819624107,ArabianPeninsula
April 2012,19959869.802600794,ArabianPeninsula
May 2012,20170589.94575173,ArabianPeninsula
June 2012,20566551.875977453,ArabianPeninsula
July 2012,20099687.34316549,ArabianPeninsula
August 2012,20582929.663871672,ArabianPeninsula
September 2012,20963775.606648374,ArabianPeninsula
October 2012,20261570.002498016,ArabianPeninsula
November 2012,20835080.252634212,ArabianPeninsula
December 2012,20941429.49056135,ArabianPeninsula
January 2013,21177165.348451678,ArabianPeninsula
February 2013,20725813.49059854,ArabianPeninsula
March 2013,20788664.402668994,ArabianPeninsula
April 2013,21381493.05487429,ArabianPeninsula
May 2013,21412193.62791371,ArabianPeninsula
June 2013,21494207.883038163,ArabianPeninsula
July 2013,21611693.074634384,ArabianPeninsula
August 2013,21428690.066440813,ArabianPeninsula
September 2013,21769985.509195983,ArabianPeninsula
October 2013,21877968.67978919,ArabianPeninsula
November 2013,21700117.12231371,ArabianPeninsula
December 2013,22489399.02568437,ArabianPeninsula
January 2014,22214619.552531887,ArabianPeninsula
February 2014,21865959.73104122,ArabianPeninsula
March 2014,22457485.65227885,ArabianPeninsula
April 2014,22117993.74950947,ArabianPeninsula
May 2014,22692795.76245138,ArabianPeninsula
June 2014,22894908.516092386,ArabianPeninsula
July 2014,22458016.242324583,ArabianPeninsula
August 2014,23042125.61028409,ArabianPeninsula
September 2014,22994872.27551061,ArabianPeninsula
October 2014,23203919.876188166,ArabianPeninsula
November 2014,23596205.61168032,ArabianPeninsula
December 2014,23115259.263570737,ArabianPeninsula
January 2015,23089857.017496664,ArabianPeninsula
February 2015,23165209.187485926,ArabianPeninsula
March 2015,23286366.330098026,ArabianPeninsula
April 2015,23598206.844020825,ArabianPeninsula
May 2015,23819771.23599007,ArabianPeninsula
June 2015,23914409.75732198,ArabianPeninsula
July 2015,24171735.609831616,ArabianPeninsula
August 2015,24063626.558643263,ArabianPeninsula
September 2015,24565261.927617896,ArabianPeninsula
October 2015,24209065.488314405,ArabianPeninsula
November 2015,25128325.765637703,ArabianPeninsula
December 2015,24670363.1940329,ArabianPeninsula
January 2016,24389509.804256476,ArabianPeninsula
February 2016,24451857.672101855,ArabianPeninsula
March 2016,24984332.59586746,ArabianPeninsula
April 2016,24913574.259384386,ArabianPeninsula
May 2016,25283366.048756473,ArabianPeninsula
June 2016,25338404.727252785,ArabianPeninsula
July 2016,25307004.076511685,ArabianPeninsula
August 2016,25217848.426499475,ArabianPeninsula
September 2016,25157334.474093825,ArabianPeninsula
October 2016,25562517.295131214,ArabianPeninsula
November 2016,26035013.9723359,ArabianPeninsula
December 2016,25977587.445056863,ArabianPeninsula
January 2017,25713592.346139748,ArabianPeninsula
February 2017,26228101.0680648,ArabianPeninsula
March 2017,26403601.21195925,ArabianPeninsula
April 2017,26191165.865872253,ArabianPeninsula
May 2017,26598330.20520754,ArabianPeninsula
June 2017,26703288.472297262,ArabianPeninsula
July 2017,26505022.30233236,ArabianPeninsula
August 2017,27041662.543244436,ArabianPeninsula
September 2017,27227348.126765117,ArabianPeninsula
October 2017,27495155.096213482,ArabianPeninsula
November 2017,27618034.066957716,ArabianPeninsula
December 2017,27087058.701693717,ArabianPeninsula
January 2018,27347578.604899865,ArabianPeninsula
February 2018,27882049.424333405,ArabianPeninsula
March 2018,28009583.384224214,ArabianPeninsula
April 2018,28151496.96178657,ArabianPeninsula
May 2018,29191115.619000982,ArabianPeninsula
June 2018,28445176.47211225,ArabianPeninsula
July 2018,28734887.642306257,ArabianPeninsula
August 2018,28827359.50821379,ArabianPeninsula
September 2018,28887096.612393744,ArabianPeninsula
October 2018,28762687.17017705,ArabianPeninsula
November 2018,29194766.909253772,ArabianPeninsula
December 2018,28917527.73522596,ArabianPeninsula
January 2019,29216945.767162163,ArabianPeninsula
February 2019,29304196.74538621,ArabianPeninsula
March 2019,29597112.38073714,ArabianPeninsula
April 2019,30355391.72175638,ArabianPeninsula
May 2019,29373952.414451502,ArabianPeninsula
June 2019,30218970.05031933,ArabianPeninsula
July 2019,29746738.156959727,ArabianPeninsula
August 2019,30209706.740523987,ArabianPeninsula
September 2019,30786282.966687202,ArabianPeninsula
October 2019,30658662.769509833,ArabianPeninsula
November 2019,30504289.103879638,ArabianPeninsula
December 2019,30751786.885417763,ArabianPeninsula
December 2000,12445367.539951032,Peru
January 2001,12408698.680001067,Peru
February 2001,12498592.091770172,Peru
March 2001,12594522.62372842,Peru
April 2001,12457899.046362543,Peru
May 2001,12477147.575639222,Peru
June 2001,12658551.175423795,Peru
July 2001,12605493.213116487,Peru
August 2001,12515210.422491271,Peru
September 2001,12625240.908999732,Peru
October 2001,12554885.59460381,Peru
November 2001,12574568.295324648,Peru
December 2001,12656849.451808933,Peru
January 2002,12484722.60593993,Peru
February 2002,12521340.521420565,Peru
March 2002,12642816.37706144,Peru
April 2002,12622526.970170273,Peru
May 2002,12759930.244750941,Peru
June 2002,12670903.083880272,Peru
July 2002,12645187.395676028,Peru
August 2002,12921366.94887679,Peru
September 2002,12790552.29734284,Peru
October 2002,12835877.383572944,Peru
November 2002,12722800.893819068,Peru
December 2002,12820415.466976674,Peru
January 2003,12899799.513661511,Peru
February 2003,12808416.749038704,Peru
March 2003,12963381.313438939,Peru
April 2003,12897435.09542264,Peru
May 2003,12945290.906013357,Peru
June 2003,12938694.116091933,Peru
July 2003,13177608.508073235,Peru
August 2003,13032440.03415353,Peru
September 2003,12960448.015861798,Peru
October 2003,13148260.401492564,Peru
November 2003,12987271.933873963,Peru
December 2003,13134953.980970541,Peru
January 2004,12963723.068459831,Peru
February 2004,13041889.585985301,Peru
March 2004,13198231.518482437,Peru
April 2004,13268392.542421663,Peru
May 2004,13239094.288853781,Peru
June 2004,13235450.005303208,Peru
July 2004,13240144.662448192,Peru
August 2004,13157192.345946003,Peru
September 2004,13246687.999918364,Peru
October 2004,13290988.574436184,Peru
November 2004,13448095.728403546,Peru
December 2004,13405757.132770214,Peru
January 2005,13240178.563788239,Peru
February 2005,13448139.97633861,Peru
March 2005,13404900.987413166,Peru
April 2005,13400968.221896604,Peru
May 2005,13537093.324943922,Peru
June 2005,13596503.80436657,Peru
July 2005,13608971.527325654,Peru
August 2005,13473334.78243819,Peru
September 2005,13542603.693793956,Peru
October 2005,13621000.563225525,Peru
November 2005,13700448.08042218,Peru
December 2005,13592226.031745002,Peru
January 2006,13641043.299531119,Peru
February 2006,13581712.619075052,Peru
March 2006,13594187.389456758,Peru
April 2006,13795778.957071686,Peru
May 2006,13866150.015576113,Peru
June 2006,13761609.733402276,Peru
July 2006,13879350.754892552,Peru
August 2006,13844850.915636783,Peru
September 2006,13777853.11373122,Peru
October 2006,13889445.845420191,Peru
November 2006,14016923.070441427,Peru
December 2006,13898681.679442044,Peru
January 2007,14065033.77724861,Peru
February 2007,13716128.852432767,Peru
March 2007,14044171.498979567,Peru
April 2007,14002516.31652475,Peru
May 2007,13991161.132672211,Peru
June 2007,14049765.178730117,Peru
July 2007,13887590.06001374,Peru
August 2007,14068854.901007168,Peru
September 2007,14144027.411499105,Peru
October 2007,14266886.017200995,Peru
November 2007,14112886.127296643,Peru
December 2007,14110066.608349787,Peru
January 2008,14162785.682241803,Peru
February 2008,14314410.035876716,Peru
March 2008,14285916.543684058,Peru
April 2008,14234847.053999092,Peru
May 2008,14352328.24101151,Peru
June 2008,14340656.29660256,Peru
July 2008,14442865.533467501,Peru
August 2008,14319454.61301148,Peru
September 2008,14378199.659498237,Peru
October 2008,14397038.23034388,Peru
November 2008,14327006.151890013,Peru
December 2008,14508315.537159614,Peru
January 2009,14530802.61581459,Peru
February 2009,14533616.20916099,Peru
March 2009,14535397.98982094,Peru
April 2009,14455835.975803722,Peru
May 2009,14569220.291335417,Peru
June 2009,14601771.900637569,Peru
July 2009,14585622.849124819,Peru
August 2009,14668326.248405,Peru
September 2009,14744291.061992593,Peru
October 2009,14901088.925875254,Peru
November 2009,14774246.404809706,Peru
December 2009,14806420.945185672,Peru
January 2010,14803273.876646494,Peru
February 2010,14665423.748340819,Peru
March 2010,14857833.684792502,Peru
April 2010,14891983.799798297,Peru
May 2010,15131591.379746651,Peru
June 2010,14921480.784648424,Peru
July 2010,14991044.612940619,Peru
August 2010,14987517.856546877,Peru
September 2010,14912939.367898915,Peru
October 2010,15144396.063648572,Peru
November 2010,15136003.356518203,Peru
December 2010,15165057.33735201,Peru
January 2011,15041723.911655344,Peru
February 2011,15275792.650024971,Peru
March 2011,15051384.313273774,Peru
April 2011,15256641.275168141,Peru
May 2011,15426689.355830302,Peru
June 2011,15171481.415072585,Peru
July 2011,15236483.971420381,Peru
August 2011,15323922.856830316,Peru
September 2011,15298325.20296578,Peru
October 2011,15232267.89369866,Peru
November 2011,15404615.136491667,Peru
December 2011,15331104.551198035,Peru
January 2012,15496825.520430373,Peru
February 2012,15401668.387736952,Peru
March 2012,15648667.081722375,Peru
April 2012,15469768.967164537,Peru
May 2012,15538833.213738937,Peru
June 2012,15668897.933333335,Peru
July 2012,15514790.903770208,Peru
August 2012,15673602.548754597,Peru
September 2012,15798688.622389678,Peru
October 2012,15567068.967347635,Peru
November 2012,15755611.52231248,Peru
December 2012,15790299.861436903,Peru
January 2013,15867101.278525904,Peru
February 2013,15717601.470424144,Peru
March 2013,15737542.404688908,Peru
April 2013,15931956.951817395,Peru
May 2013,15941254.482807256,Peru
June 2013,15967425.701965034,Peru
July 2013,16005306.86945008,Peru
August 2013,15944191.225502355,Peru
September 2013,16055760.057054143,Peru
October 2013,16090511.611033518,Peru
November 2013,16031092.664002798,Peru
December 2013,16290238.766764963,Peru
January 2014,16197731.364814172,Peru
February 2014,16080890.514653845,Peru
March 2014,16273906.05255196,Peru
April 2014,16160084.774989918,Peru
May 2014,16347462.707803937,Peru
June 2014,16412025.928328969,Peru
July 2014,16266189.263712486,Peru
August 2014,16456568.009472836,Peru
September 2014,16438999.28376133,Peru
October 2014,16505911.270644724,Peru
November 2014,16633110.422223374,Peru
December 2014,16472763.978477158,Peru
January 2015,16459902.956302468,Peru
February 2015,16480226.7041012,Peru
March 2015,16516071.860142637,Peru
April 2015,16614286.102487009,Peru
May 2015,16682911.719244009,Peru
June 2015,16709587.676285164,Peru
July 2015,16789991.79256918,Peru
August 2015,16749890.214494396,Peru
September 2015,16910615.846940774,Peru
October 2015,16788948.461816963,Peru
November 2015,17087224.258913305,Peru
December 2015,16932038.881988704,Peru
January 2016,16833684.35709176,Peru
February 2016,16848367.604967073,Peru
March 2016,17018270.816135883,Peru
April 2016,16989113.814171445,Peru
May 2016,17105246.462400313,Peru
June 2016,17117522.33423478,Peru
July 2016,17101517.06374588,Peru
August 2016,17066300.668640703,Peru
September 2016,17040517.78706137,Peru
October 2016,17168306.929276533,Peru
November 2016,17318077.991912313,Peru
December 2016,17293500.762396578,Peru
January 2017,17199118.968845997,Peru
February 2017,17361147.476972315,Peru
March 2017,17412238.31204179,Peru
April 2017,17334838.389900982,Peru
May 2017,17461751.366174173,Peru
June 2017,17488889.13534093,Peru
July 2017,17416395.743426837,Peru
August 2017,17585713.553555414,Peru
September 2017,17639439.908423956,Peru
October 2017,17720453.73263525,Peru
November 2017,17753493.91731661,Peru
December 2017,17571418.449048635,Peru
January 2018,17647290.03447891,Peru
February 2018,17813390.89713809,Peru
March 2018,17846423.198438145,Peru
April 2018,17883230.256598387,Peru
May 2018,18216028.544701185,Peru
June 2018,17960409.825586647,Peru
July 2018,18046216.384389184,Peru
August 2018,18066739.175393075,Peru
September 2018,18076480.34926783,Peru
October 2018,18025890.92860815,Peru
November 2018,18158267.964742087,Peru
December 2018,18057342.095384575,Peru
January 2019,18142811.161678713,Peru
February 2019,18158400.264905516,Peru
March 2019,18243000.082937066,Peru
April 2019,18479601.055767715,Peru
May 2019,18143627.325613976,Peru
June 2019,18408796.67762741,Peru
July 2019,18240536.99476579,Peru
August 2019,18379873.550415356,Peru
September 2019,18556628.252426855,Peru
October 2019,18501870.888518382,Peru
November 2019,18437877.7903936,Peru
December 2019,18506670.38412415,Peru
December 2000,28975022.005161032,Spain
January 2001,28934621.827622015,Spain
February 2001,29048444.973125737,Spain
March 2001,29169210.21734271,Spain
April 2001,29007009.534295257,Spain
May 2001,29034609.715902243,Spain
June 2001,29259943.227775935,Spain
July 2001,29199433.838827834,Spain
August 2001,29093702.03885656,Spain
September 2001,29232063.354705043,Spain
October 2001,29150476.158897817,Spain
November 2001,29178743.561572485,Spain
December 2001,29283152.58278096,Spain
January 2002,29078481.365452524,Spain
February 2002,29128177.506783396,Spain
March 2002,29280786.730721965,Spain
April 2002,29261138.06461193,Spain
May 2002,29433483.18170582,Spain
June 2002,29330073.654691335,Spain
July 2002,29303649.042463265,Spain
August 2002,29645264.65822302,Spain
September 2002,29490934.698253497,Spain
October 2002,29551077.308278784,Spain
November 2002,29418362.306837063,Spain
December 2002,29542222.629294522,Spain
January 2003,29643274.777927432,Spain
February 2003,29536237.85904001,Spain
March 2003,29728971.277307387,Spain
April 2003,29652930.236505143,Spain
May 2003,29715424.14114266,Spain
June 2003,29711703.752436437,Spain
July 2003,30007013.400009494,Spain
August 2003,29834435.536673877,Spain
September 2003,29751027.344537623,Spain
October 2003,29984066.29226876,Spain
November 2003,29792210.867258407,Spain
December 2003,29976348.71611144,Spain
January 2004,29771353.412672743,Spain
February 2004,29870263.055756126,Spain
March 2004,30064197.80245775,Spain
April 2004,30153352.29650107,Spain
May 2004,30121191.96486624,Spain
June 2004,30120410.495966885,Spain
July 2004,30129672.45850255,Spain
August 2004,30032249.642860226,Spain
September 2004,30144964.482755512,Spain
October 2004,30202488.507171296,Spain
November 2004,30397591.80346438,Spain
December 2004,30349541.073690902,Spain
January 2005,30151786.69389465,Spain
February 2005,30409212.017012633,Spain
March 2005,30360147.062072996,Spain
April 2005,30359367.28322009,Spain
May 2005,30529126.543265034,Spain
June 2005,30605534.109377924,Spain
July 2005,30624609.82197283,Spain
August 2005,30463341.257001918,Spain
September 2005,30551761.88286843,Spain
October 2005,30651176.008453634,Spain
November 2005,30751999.844182,Spain
December 2005,30624008.208931506,Spain
January 2006,30687424.00173565,Spain
February 2006,30619055.371491622,Spain
March 2006,30637805.522254705,Spain
April 2006,30887385.48448387,Spain
May 2006,30976939.048953846,Spain
June 2006,30853479.94889091,Spain
July 2006,31000756.50619958,Spain
August 2006,30962645.667569447,Spain
September 2006,30884934.21397015,Spain
October 2006,31024718.7306311,Spain
November 2006,31183986.153075125,Spain
December 2006,31043704.725374024,Spain
January 2007,31248612.92372526,Spain
February 2007,30825651.148105748,Spain
March 2007,31227375.69365454,Spain
April 2007,31178815.19597764,Spain
May 2007,31167106.04299007,Spain
June 2007,31240717.11490426,Spain
July 2007,31045225.297305398,Spain
August 2007,31268305.521006063,Spain
September 2007,31362106.20873564,Spain
October 2007,31513944.188255195,Spain
November 2007,31328485.277853936,Spain
December 2007,31327177.317798927,Spain
January 2008,31393414.13115677,Spain
February 2008,31580172.650558874,Spain
March 2008,31547318.585293785,Spain
April 2008,31487083.133645166,Spain
May 2008,31632171.88851583,Spain
June 2008,31619944.585501593,Spain
July 2008,31746423.600920714,Spain
August 2008,31598036.003331304,Spain
September 2008,31671615.80686704,Spain
October 2008,31696502.926193133,Spain
November 2008,31613160.482123237,Spain
December 2008,31836027.52514681,Spain
January 2009,31864438.133947425,Spain
February 2009,31868875.482479323,Spain
March 2009,31871957.880360726,Spain
April 2009,31776015.868339743,Spain
May 2009,31915157.384957235,Spain
June 2009,31955832.196511086,Spain
July 2009,31937129.94152774,Spain
August 2009,32038917.560254652,Spain
September 2009,32132493.829232525,Spain
October 2009,32324537.222537436,Spain
November 2009,32170981.224823117,Spain
December 2009,32211164.013709567,Spain
January 2010,32208141.520585965,Spain
February 2010,32040975.691387255,Spain
March 2010,32276171.90781661,Spain
April 2010,32318598.153154407,Spain
May 2010,32611359.793509293,Spain
June 2010,32356140.477580328,Spain
July 2010,32441694.139705524,Spain
August 2010,32438208.975346215,Spain
September 2010,32348143.236007098,Spain
October 2010,32630972.560595326,Spain
November 2010,32621557.95863845,Spain
December 2010,32657748.068686653,Spain
January 2011,32506923.093686067,Spain
February 2011,32791612.9735967,Spain
March 2011,32517674.362269245,Spain
April 2011,32767255.454620805,Spain
May 2011,32973949.819867957,Spain
June 2011,32662428.251316108,Spain
July 2011,32741118.673441198,Spain
August 2011,32847131.741743185,Spain
September 2011,32815403.360912103,Spain
October 2011,32734389.88614815,Spain
November 2011,32943868.61488632,Spain
December 2011,32853772.89957192,Spain
January 2012,33054034.393799953,Spain
February 2012,32936401.090142436,Spain
March 2012,33235812.43047598,Spain
April 2012,33016135.979816023,Spain
May 2012,33098669.921599902,Spain
June 2012,33255482.248617902,Spain
July 2012,33066069.303338833,Spain
August 2012,33257911.393181775,Spain
September 2012,33408656.95706673,Spain
October 2012,33124790.471117508,Spain
November 2012,33352861.36494753,Spain
December 2012,33393506.309263725,Spain
January 2013,33485280.300021224,Spain
February 2013,33301293.38285958,Spain
March 2013,33323955.084962305,Spain
April 2013,33559047.36087518,Spain
May 2013,33568622.5095963,Spain
June 2013,33598700.7258927,Spain
July 2013,33643106.66063761,Spain
August 2013,33566820.8720591,Spain
September 2013,33700960.93383622,Spain
October 2013,33741553.25660872,Spain
November 2013,33667334.9896793,Spain
December 2013,33981364.826774955,Spain
January 2014,33866321.0698372,Spain
February 2014,33721625.62292114,Spain
March 2014,33954732.144628085,Spain
April 2014,33813716.21858306,Spain
May 2014,34039803.43486045,Spain
June 2014,34116159.16073524,Spain
July 2014,33936205.44708885,Spain
August 2014,34165874.542964034,Spain
September 2014,34142147.82322121,Spain
October 2014,34221440.43599981,Spain
November 2014,34374121.60466062,Spain
December 2014,34176486.90027657,Spain
January 2015,34157441.83617027,Spain
February 2015,34178834.30080136,Spain
March 2015,34219466.9202818,Spain
April 2015,34335773.38052238,Spain
May 2015,34416133.23057335,Spain
June 2015,34445266.223283805,Spain
July 2015,34539978.844605714,Spain
August 2015,34487739.61453368,Spain
September 2015,34680219.75733071,Spain
October 2015,34528696.76660131,Spain
November 2015,34888789.604629345,Spain
December 2015,34696423.03542254,Spain
January 2016,34570688.54509427,Spain
February 2016,34582697.00698626,Spain
March 2016,34784229.42538968,Spain
April 2016,34742816.05057256,Spain
May 2016,34878636.17766434,Spain
June 2016,34887711.114993356,Spain
July 2016,34862513.67620391,Spain
August 2016,34813716.58637366,Spain
September 2016,34776414.76906154,Spain
October 2016,34926438.99673699,Spain
November 2016,35103059.64053721,Spain
December 2016,35067416.78236528,Spain
January 2017,34948355.17640972,Spain
February 2017,35141744.09974598,Spain
March 2017,35200341.293204956,Spain
April 2017,35101973.062966555,Spain
May 2017,35252702.42493654,Spain
June 2017,35281719.31443156,Spain
July 2017,35189460.680689946,Spain
August 2017,35391732.03290633,Spain
September 2017,35453148.62561652,Spain
October 2017,35547947.26147294,Spain
November 2017,35584156.579819605,Spain
December 2017,35358365.9563968,Spain
January 2018,35443205.7646058,Spain
February 2018,35637995.076572694,Spain
March 2018,35671369.62348755,Spain
April 2018,35708607.08443423,Spain
May 2018,36106772.29983646,Spain
June 2018,35787672.3270274,Spain
July 2018,35884864.07901623,Spain
August 2018,35902258.23468674,Spain
September 2018,35906514.37696001,Spain
October 2018,35837499.8739835,Spain
November 2018,35991194.78615974,Spain
December 2018,35860842.4588624,Spain
January 2019,35958651.73340478,Spain
February 2019,35971308.3003356,Spain
March 2019,36068671.86015509,Spain
April 2019,36350643.95452722,Spain
May 2019,35935105.727515206,Spain
June 2019,36251890.01600862,Spain
July 2019,36040720.890017085,Spain
August 2019,36204170.7626581,Spain
September 2019,36413216.77382961,Spain
October 2019,36340356.675988786,Spain
November 2019,36256037.80639505,Spain
December 2019,36333730.35564302,Spain
December 2000,8810932.310860982,Sudan
January 2001,8787325.12221072,Sudan
February 2001,8848313.059092168,Sudan
March 2001,8913248.907703495,Sudan
April 2001,8822831.272682182,Sudan
May 2001,8836570.551841341,Sudan
June 2001,8958724.551384667,Sudan
July 2001,8924133.655609213,Sudan
August 2001,8864690.533120876,Sudan
September 2001,8939138.234450912,Sudan
October 2001,8892985.665110128,Sudan
November 2001,8907044.261721969,Sudan
December 2001,8962914.99869074,Sudan
January 2002,8850016.440549107,Sudan
February 2002,8876644.370440617,Sudan
March 2002,8959783.670424532,Sudan
April 2002,8948374.33996723,Sudan
May 2002,9042298.495513905,Sudan
June 2002,8984944.35980239,Sudan
July 2002,8969838.636650138,Sudan
August 2002,9156591.274641857,Sudan
September 2002,9071306.081986595,Sudan
October 2002,9103684.519394314,Sudan
November 2002,9030255.640647652,Sudan
December 2002,9097584.744241573,Sudan
January 2003,9152775.354790026,Sudan
February 2003,9093824.21011394,Sudan
March 2003,9199327.27345025,Sudan
April 2003,9157378.098034382,Sudan
May 2003,9191426.309075233,Sudan
June 2003,9189146.7148997,Sudan
July 2003,9350899.845085194,Sudan
August 2003,9255997.948514562,Sudan
September 2003,9210007.717053372,Sudan
October 2003,9337603.901543856,Sudan
November 2003,9232127.808297615,Sudan
December 2003,9332900.588152435,Sudan
January 2004,9219055.375866685,Sudan
February 2004,9271909.185450787,Sudan
March 2004,9376976.854983184,Sudan
April 2004,9424479.735529173,Sudan
May 2004,9405483.752645621,Sudan
June 2004,9403654.6390104,Sudan
July 2004,9407379.76021169,Sudan
August 2004,9352540.591430597,Sudan
September 2004,9412966.876657505,Sudan
October 2004,9443164.87564808,Sudan
November 2004,9548783.169929313,Sudan
December 2004,9521070.929356804,Sudan
January 2005,9413961.253067106,Sudan
February 2005,9556528.365915498,Sudan
March 2005,9530846.41333028,Sudan
April 2005,9531781.945538286,Sudan
May 2005,9626218.181647396,Sudan
June 2005,9669492.790773304,Sudan
July 2005,9681275.551645292,Sudan
August 2005,9594179.204237249,Sudan
September 2005,9644043.259614397,Sudan
October 2005,9699893.532441432,Sudan
November 2005,9756561.040594453,Sudan
December 2005,9687673.89689468,Sudan
January 2006,9721248.390651485,Sudan
February 2006,9682536.024088241,Sudan
March 2006,9691727.512253916,Sudan
April 2006,9827417.438173031,Sudan
May 2006,9875368.165782854,Sudan
June 2006,9806437.378827773,Sudan
July 2006,9886050.527716782,Sudan
August 2006,9863935.272598093,Sudan
September 2006,9820098.147347469,Sudan
October 2006,9895601.735460727,Sudan
November 2006,9981753.105929999,Sudan
December 2006,9903633.926403245,Sudan
January 2007,10016198.713159312,Sudan
February 2007,9784362.029257605,Sudan
March 2007,10004868.978617078,Sudan
April 2007,9978400.214961853,Sudan
May 2007,9972139.868600026,Sudan
June 2007,10012685.08870587,Sudan
July 2007,9905615.621670146,Sudan
August 2007,10028148.192385675,Sudan
September 2007,10079767.892347379,Sudan
October 2007,10163217.000637604,Sudan
November 2007,10061656.232861185,Sudan
December 2007,10061101.185830547,Sudan
January 2008,10096293.409460923,Sudan
February 2008,10197594.627833199,Sudan
March 2008,10178506.733526379,Sudan
April 2008,10144325.940654341,Sudan
May 2008,10222807.09319212,Sudan
June 2008,10214959.900712967,Sudan
July 2008,10283233.172795601,Sudan
August 2008,10200698.851386996,Sudan
September 2008,10239918.878099432,Sudan
October 2008,10252466.602103889,Sudan
November 2008,10205611.079586731,Sudan
December 2008,10326755.455300642,Sudan
January 2009,10342320.295531308,Sudan
February 2009,10344735.237796966,Sudan
March 2009,10346408.801061952,Sudan
April 2009,10293763.299555365,Sudan
May 2009,10370067.265520142,Sudan
June 2009,10392359.309853194,Sudan
July 2009,10382082.24896984,Sudan
August 2009,10437896.107594028,Sudan
September 2009,10489205.847456535,Sudan
October 2009,10594527.738926627,Sudan
November 2009,10510279.609127821,Sudan
December 2009,10532302.381887175,Sudan
January 2010,10530816.165685615,Sudan
February 2010,10439293.463130953,Sudan
March 2010,10568459.20513382,Sudan
April 2010,10591902.692556493,Sudan
May 2010,10752655.502511818,Sudan
June 2010,10612833.388321558,Sudan
July 2010,10659927.741282962,Sudan
August 2010,10658187.739010058,Sudan
September 2010,10608956.251892189,Sudan
October 2010,10764260.952686565,Sudan
November 2010,10759268.514219172,Sudan
December 2010,10779285.796071902,Sudan
January 2011,10697060.238867428,Sudan
February 2011,10853724.838451568,Sudan
March 2011,10703919.632879844,Sudan
April 2011,10841326.235474752,Sudan
May 2011,10955192.1517546,Sudan
June 2011,10784820.727661887,Sudan
July 2011,10828473.465913117,Sudan
August 2011,10887129.625467397,Sudan
September 2011,10870231.355571972,Sudan
October 2011,10826282.74443788,Sudan
November 2011,10941692.255950443,Sudan
December 2011,10892761.821935637,Sudan
January 2012,11001872.341320392,Sudan
February 2012,10936610.07582128,Sudan
March 2012,11100154.210213069,Sudan
April 2012,10978918.874882424,Sudan
May 2012,11023476.853028903,Sudan
June 2012,11108754.480722154,Sudan
July 2012,11004143.18540749,Sudan
August 2012,11108635.463161817,Sudan
September 2012,11190585.328369567,Sudan
October 2012,11034164.041075336,Sudan
November 2012,11158528.671212459,Sudan
December 2012,11180109.547522046,Sudan
January 2013,11229925.084181046,Sudan
February 2013,11128479.26709724,Sudan
March 2013,11140435.858897613,Sudan
April 2013,11268864.850930993,Sudan
May 2013,11273609.310965689,Sudan
June 2013,11289583.262043843,Sudan
July 2013,11313433.22867714,Sudan
August 2013,11271064.01759976,Sudan
September 2013,11344118.3421767,Sudan
October 2013,11365876.452810718,Sudan
November 2013,11324641.32605984,Sudan
December 2013,11496386.354320038,Sudan
January 2014,11433298.734934947,Sudan
February 2014,11353946.465129592,Sudan
March 2014,11481825.868911294,Sudan
April 2014,11404491.9029775,Sudan
May 2014,11528522.12278848,Sudan
June 2014,11570421.628280375,Sudan
July 2014,11471728.833438143,Sudan
August 2014,11597724.333783424,Sudan
September 2014,11584726.260339115,Sudan
October 2014,11628236.182277143,Sudan
November 2014,11712001.991038606,Sudan
December 2014,11603610.756288141,Sudan
January 2015,11594525.229923183,Sudan
February 2015,11607620.640606143,Sudan
March 2015,11631138.006221995,Sudan
April 2015,11696295.979265098,Sudan
May 2015,11741692.48213132,Sudan
June 2015,11759033.754799591,Sudan
July 2015,11812303.090797907,Sudan
August 2015,11785009.782487972,Sudan
September 2015,11891950.814739892,Sudan
October 2015,11810154.117268777,Sudan
November 2015,12009034.661094092,Sudan
December 2015,11904834.29872786,Sudan
January 2016,11837493.763621097,Sudan
February 2016,11845708.482442774,Sudan
March 2016,11957776.536779054,Sudan
April 2016,11936688.119775483,Sudan
May 2016,12012763.943929834,Sudan
June 2016,12019369.555427408,Sudan
July 2016,12007123.451809792,Sudan
August 2016,11981984.893192735,Sudan
September 2016,11963151.762331394,Sudan
October 2016,12047018.870243825,Sudan
November 2016,12145527.248402078,Sudan
December 2016,12127551.586203706,Sudan
January 2017,12061978.946435085,Sudan
February 2017,12167792.78198296,Sudan
March 2017,12199695.779638844,Sudan
April 2017,12145473.94389863,Sudan
May 2017,12227896.538847756,Sudan
June 2017,12243548.441930655,Sudan
July 2017,12192686.397472642,Sudan
August 2017,12303372.454493344,Sudan
September 2017,12336796.357988387,Sudan
October 2017,12388539.632175209,Sudan
November 2017,12408136.751906136,Sudan
December 2017,12284029.26566466,Sudan
January 2018,12333273.461425822,Sudan
February 2018,12442827.549938887,Sudan
March 2018,12463579.81540154,Sudan
April 2018,12486713.002381343,Sudan
May 2018,12707736.223870663,Sudan
June 2018,12535409.934647502,Sudan
July 2018,12591342.121805297,Sudan
August 2018,12603590.788417602,Sudan
September 2018,12608632.945206042,Sudan
October 2018,12573397.086405888,Sudan
November 2018,12660409.928625235,Sudan
December 2018,12591528.828327952,Sudan
January 2019,12644839.550375003,Sudan
February 2019,12651442.006463032,Sudan
March 2019,12704541.143712044,Sudan
April 2019,12858869.510525152,Sudan
May 2019,12630608.002437301,Sudan
June 2019,12804031.677752532,Sudan
July 2019,12687871.435637528,Sudan
August 2019,12777187.57195381,Sudan
September 2019,12891514.264304342,Sudan
October 2019,12851219.782099957,Sudan
November 2019,12804628.926927181,Sudan
December 2019,12846916.11802833,Sudan
December 2000,20242337.072348893,Thailand
January 2001,20226804.396872465,Thailand
February 2001,20261638.592751745,Thailand
March 2001,20298966.285470564,Thailand
April 2001,20243655.51242128,Thailand
May 2001,20250406.106418632,Thailand
June 2001,20321657.804962076,Thailand
July 2001,20299633.22204195,Thailand
August 2001,20262764.283297524,Thailand
September 2001,20305612.253258932,Thailand
October 2001,20276703.995641693,Thailand
November 2001,20283597.053904463,Thailand
December 2001,20315432.1867826,Thailand
January 2002,20246744.875770785,Thailand
February 2002,20261129.876896445,Thailand
March 2002,20309303.190180514,Thailand
April 2002,20301041.285983082,Thailand
May 2002,20355540.996468466,Thailand
June 2002,20319924.134391874,Thailand
July 2002,20309508.829504423,Thailand
August 2002,20419230.063339274,Thailand
September 2002,20366983.402050585,Thailand
October 2002,20384839.5677866,Thailand
November 2002,20339652.006341238,Thailand
December 2002,20378317.3581448,Thailand
January 2003,20409525.500613794,Thailand
February 2003,20372775.080865696,Thailand
March 2003,20434098.460723538,Thailand
April 2003,20407470.799150225,Thailand
May 2003,20426144.302543636,Thailand
June 2003,20423135.409575593,Thailand
July 2003,20517842.812010136,Thailand
August 2003,20459687.76777058,Thailand
September 2003,20430654.11236847,Thailand
October 2003,20505024.89991047,Thailand
November 2003,20440574.11226605,Thailand
December 2003,20498974.582817383,Thailand
January 2004,20430466.26200158,Thailand
February 2004,20461208.437439192,Thailand
March 2004,20523084.946025345,Thailand
April 2004,20550641.24576619,Thailand
May 2004,20538628.39005518,Thailand
June 2004,20536813.04232782,Thailand
July 2004,20538328.045572136,Thailand
August 2004,20504951.179242972,Thailand
September 2004,20540201.911221493,Thailand
October 2004,20557478.5321908,Thailand
November 2004,20619636.016680636,Thailand
December 2004,20602433.611016676,Thailand
January 2005,20536555.175047204,Thailand
February 2005,20619331.151964806,Thailand
March 2005,20602137.628963403,Thailand
April 2005,20600587.94814147,Thailand
May 2005,20654775.365352396,Thailand
June 2005,20678433.83721113,Thailand
July 2005,20683410.417175762,Thailand
August 2005,20629447.6649392,Thailand
September 2005,20657029.410030942,Thailand
October 2005,20688243.23110912,Thailand
November 2005,20719875.66622092,Thailand
December 2005,20676822.401909,Thailand
January 2006,20696749.176300954,Thailand
February 2006,20673637.26528918,Thailand
March 2006,20679052.80770806,Thailand
April 2006,20759777.8231668,Thailand
May 2006,20788266.06003467,Thailand
June 2006,20747162.482447755,Thailand
July 2006,20794502.125816364,Thailand
August 2006,20781271.925739467,Thailand
September 2006,20755108.79800671,Thailand
October 2006,20800001.66069357,Thailand
November 2006,20851232.044708624,Thailand
December 2006,20804659.8480744,Thailand
January 2007,20870753.050959866,Thailand
February 2007,20731793.95965806,Thailand
March 2007,20862244.22212758,Thailand
April 2007,20845558.601721767,Thailand
May 2007,20840934.70378431,Thailand
June 2007,20864148.36454763,Thailand
July 2007,20799503.98693654,Thailand
August 2007,20871531.882739976,Thailand
September 2007,20901339.14920723,Thailand
October 2007,20950127.129713736,Thailand
November 2007,20888732.676645964,Thailand
December 2007,20887505.642010663,Thailand
January 2008,20908115.922794502,Thailand
February 2008,20968086.66569353,Thailand
March 2008,20956401.359824937,Thailand
April 2008,20935707.82108285,Thailand
May 2008,20982102.84011091,Thailand
June 2008,20977087.995087694,Thailand
July 2008,21017405.37077085,Thailand
August 2008,20967922.75067108,Thailand
September 2008,20990931.134636454,Thailand
October 2008,20998070.221456766,Thailand
November 2008,20969830.30845858,Thailand
December 2008,21041626.472763345,Thailand
January 2009,21050261.210532118,Thailand
February 2009,21051066.664816987,Thailand
March 2009,21051491.908670943,Thailand
April 2009,21019515.068812568,Thailand
May 2009,21064333.515474062,Thailand
June 2009,21076973.545763873,Thailand
July 2009,21070242.740459647,Thailand
August 2009,21102841.236410446,Thailand
September 2009,21132758.036828384,Thailand
October 2009,21194853.390542723,Thailand
November 2009,21144060.74417432,Thailand
December 2009,21156560.852657005,Thailand
January 2010,21155797.606973253,Thailand
February 2010,21101427.772293225,Thailand
March 2010,21178441.285037022,Thailand
April 2010,21192520.87063327,Thailand
May 2010,21288348.772470362,Thailand
June 2010,21205222.0769533,Thailand
July 2010,21233379.16624747,Thailand
August 2010,21232464.819536004,Thailand
September 2010,21203274.641414117,Thailand
October 2010,21295858.807734337,Thailand
November 2010,21293008.001512103,Thailand
December 2010,21305043.743995234,Thailand
January 2011,21256554.249599956,Thailand
February 2011,21350296.94316458,Thailand
March 2011,21261526.22649055,Thailand
April 2011,21343802.95140947,Thailand
May 2011,21412048.797933415,Thailand
June 2011,21311078.36553854,Thailand
July 2011,21337520.17095473,Thailand
August 2011,21372909.874796472,Thailand
September 2011,21363315.42376488,Thailand
October 2011,21337600.49003866,Thailand
November 2011,21406780.42421721,Thailand
December 2011,21378099.375947475,Thailand
January 2012,21442489.025388516,Thailand
February 2012,21403059.31681123,Thailand
March 2012,21499895.04660388,Thailand
April 2012,21427139.677832,Thailand
May 2012,21453114.054030392,Thailand
June 2012,21503313.900190033,Thailand
July 2012,21440474.771361757,Thailand
August 2012,21502114.777952492,Thailand
September 2012,21550333.316277247,Thailand
October 2012,21456647.171328675,Thailand
November 2012,21530118.926022016,Thailand
December 2012,21542413.02543056,Thailand
January 2013,21573034.928486347,Thailand
February 2013,21513597.72828802,Thailand
March 2013,21521585.761155274,Thailand
April 2013,21599013.12455859,Thailand
May 2013,21602769.23286062,Thailand
June 2013,21613242.28246049,Thailand
July 2013,21628373.568551887,Thailand
August 2013,21604109.83486426,Thailand
September 2013,21648567.819303796,Thailand
October 2013,21662453.640702665,Thailand
November 2013,21638865.126527037,Thailand
December 2013,21742051.26798141,Thailand
January 2014,21705698.584639605,Thailand
February 2014,21659662.13346586,Thailand
March 2014,21736891.819080867,Thailand
April 2014,21692057.040589992,Thailand
May 2014,21767072.963492177,Thailand
June 2014,21793228.29085961,Thailand
July 2014,21735637.7384302,Thailand
August 2014,21811862.761039387,Thailand
September 2014,21805332.761933915,Thailand
October 2014,21832407.914502118,Thailand
November 2014,21883489.91107967,Thailand
December 2014,21820125.029785104,Thailand
January 2015,21815626.267019324,Thailand
February 2015,21824333.7545643,Thailand
March 2015,21839158.215754308,Thailand
April 2015,21878863.096640334,Thailand
May 2015,21906772.871642947,Thailand
June 2015,21918008.29189166,Thailand
July 2015,21950605.45249808,Thailand
August 2015,21935266.00588519,Thailand
September 2015,21999847.993516922,Thailand
October 2015,21952028.540405676,Thailand
November 2015,22071350.154260766,Thailand
December 2015,22010191.841486193,Thailand
January 2016,21971203.480036404,Thailand
February 2016,21977199.76434419,Thailand
March 2016,22044957.70293331,Thailand
April 2016,22033507.26955905,Thailand
May 2016,22079871.54427418,Thailand
June 2016,22084909.786365222,Thailand
July 2016,22078688.29864997,Thailand
August 2016,22064826.462014154,Thailand
September 2016,22054718.797579378,Thailand
October 2016,22105721.904429015,Thailand
November 2016,22165477.895285584,Thailand
December 2016,22155845.100616787,Thailand
January 2017,22118692.80411225,Thailand
February 2017,22183581.854554333,Thailand
March 2017,22204282.53414486,Thailand
April 2017,22173888.36327332,Thailand
May 2017,22224789.63403629,Thailand
June 2017,22235997.406448435,Thailand
July 2017,22207542.683062606,Thailand
August 2017,22275332.592751555,Thailand
September 2017,22297121.590179514,Thailand
October 2017,22329756.78009677,Thailand
November 2017,22343313.484768696,Thailand
December 2017,22271249.348659467,Thailand
January 2018,22301456.70073599,Thailand
February 2018,22367571.80270495,Thailand
March 2018,22380729.485223453,Thailand
April 2018,22395390.671820678,Thailand
May 2018,22527844.445936956,Thailand
June 2018,22426131.524318222,Thailand
July 2018,22460292.17769151,Thailand
August 2018,22468472.858069573,Thailand
September 2018,22472362.873342045,Thailand
October 2018,22452243.221394498,Thailand
November 2018,22504937.549469724,Thailand
December 2018,22464785.944858633,Thailand
January 2019,22499272.729386024,Thailand
February 2019,22505950.001154616,Thailand
March 2019,22540045.04437566,Thailand
April 2019,22634676.461192556,Thailand
May 2019,22501430.100534722,Thailand
June 2019,22607430.6233229,Thailand
July 2019,22540927.94330362,Thailand
August 2019,22596851.89761129,Thailand
September 2019,22667666.821704682,Thailand
October 2019,22646333.658790607,Thailand
November 2019,22621340.30357665,Thailand
December 2019,22649175.22794391,Thailand
December 2000,52895331.26519194,Turkey
January 2001,52841990.963379584,Turkey
February 2001,52911881.24014703,Turkey
March 2001,52989356.49328753,Turkey
April 2001,52838692.73566455,Turkey
May 2001,52840366.75058428,Turkey
June 2001,52999358.2520842,Turkey
July 2001,52930629.21029563,Turkey
August 2001,52825086.33968209,Turkey
September 2001,52914583.59203025,Turkey
October 2001,52829012.54292919,Turkey
November 2001,52830540.37307287,Turkey
December 2001,52893587.71050566,Turkey
January 2002,52708916.32719768,Turkey
February 2002,52727494.5961535,Turkey
March 2002,52830349.44612208,Turkey
April 2002,52793518.45159005,Turkey
May 2002,52910779.78071468,Turkey
June 2002,52807020.52171556,Turkey
July 2002,52765456.919142224,Turkey
August 2002,53017290.476746045,Turkey
September 2002,52872843.76340614,Turkey
October 2002,52900450.81980876,Turkey
November 2002,52773275.31936201,Turkey
December 2002,52851795.36618582,Turkey
January 2003,52912453.9111753,Turkey
February 2003,52806841.00201154,Turkey
March 2003,52942700.35424578,Turkey
April 2003,52861854.38638937,Turkey
May 2003,52892351.2986945,Turkey
June 2003,52869292.41274782,Turkey
July 2003,53085818.37784729,Turkey
August 2003,52927835.6432533,Turkey
September 2003,52841103.02801137,Turkey
October 2003,53007872.22339085,Turkey
November 2003,52834485.94909923,Turkey
December 2003,52962181.218505345,Turkey
January 2004,52782552.85212517,Turkey
February 2004,52845756.64403536,Turkey
March 2004,52985910.50182293,Turkey
April 2004,53041319.54105487,Turkey
May 2004,53000303.81339362,Turkey
June 2004,52983850.435645424,Turkey
July 2004,52975932.77107882,Turkey
August 2004,52882259.10758585,Turkey
September 2004,52956493.80167722,Turkey
October 2004,52987139.44706661,Turkey
November 2004,53127205.79975469,Turkey
December 2004,53073493.010988444,Turkey
January 2005,52903184.55422437,Turkey
February 2005,53096582.812120855,Turkey
March 2005,53046272.951080784,Turkey
April 2005,53033355.04693144,Turkey
May 2005,53157101.235677205,Turkey
June 2005,53205859.0949047,Turkey
July 2005,53209203.12677578,Turkey
August 2005,53068048.289465465,Turkey
September 2005,53126405.06197499,Turkey
October 2005,53193942.68609694,Turkey
November 2005,53262210.117366545,Turkey
December 2005,53148041.47989795,Turkey
January 2006,53188325.937684536,Turkey
February 2006,53123309.391838014,Turkey
March 2006,53128909.443688616,Turkey
April 2006,53317946.48867447,Turkey
May 2006,53379451.14098578,Turkey
June 2006,53270415.115231305,Turkey
July 2006,53378042.73820964,Turkey
August 2006,53337203.37317833,Turkey
September 2006,53264721.53930064,Turkey
October 2006,53366362.72335686,Turkey
November 2006,53483236.45146455,Turkey
December 2006,53361093.7895802,Turkey
January 2007,53515904.61331518,Turkey
February 2007,53169022.316718,Turkey
March 2007,53481960.37001202,Turkey
April 2007,53434239.60872363,Turkey
May 2007,53416252.249141574,Turkey
June 2007,53466151.43864714,Turkey
July 2007,53301314.40907896,Turkey
August 2007,53470645.40494873,Turkey
September 2007,53536676.90174186,Turkey
October 2007,53649370.215914555,Turkey
November 2007,53492262.16952658,Turkey
December 2007,53482585.777427986,Turkey
January 2008,53529838.161281526,Turkey
February 2008,53673392.18923299,Turkey
March 2008,53641833.04402222,Turkey
April 2008,53588029.05012719,Turkey
May 2008,53698470.29142235,Turkey
June 2008,53683026.720685385,Turkey
July 2008,53778598.03884189,Turkey
August 2008,53654356.968809396,Turkey
September 2008,53707476.69432226,Turkey
October 2008,53721872.04059872,Turkey
November 2008,53649604.63929466,Turkey
December 2008,53822193.83111333,Turkey
January 2009,53842176.10804885,Turkey
February 2009,53843002.79505754,Turkey
March 2009,53843009.944899246,Turkey
April 2009,53763629.52422569,Turkey
May 2009,53872177.91491912,Turkey
June 2009,53901959.77839761,Turkey
July 2009,53884384.70789315,Turkey
August 2009,53962998.13872469,Turkey
September 2009,54035050.37400856,Turkey
October 2009,54185869.47151553,Turkey
November 2009,54060453.18122638,Turkey
December 2009,54089929.60645297,Turkey
January 2010,54086143.41265695,Turkey
February 2010,53951200.15470565,Turkey
March 2010,54137892.8864891,Turkey
April 2010,54170422.04516909,Turkey
May 2010,54403023.385627046,Turkey
June 2010,54197721.884177566,Turkey
July 2010,54264755.79592356,Turkey
August 2010,54260599.90937976,Turkey
September 2010,54187262.69449965,Turkey
October 2010,54411927.71900736,Turkey
November 2010,54403033.97562461,Turkey
December 2010,54430624.442869574,Turkey
January 2011,54312814.28392822,Turkey
February 2011,54542997.84274603,Turkey
March 2011,54326553.20956364,Turkey
April 2011,54528683.44856716,Turkey
May 2011,54696458.22602696,Turkey
June 2011,54450245.08750749,Turkey
July 2011,54515739.61539014,Turkey
August 2011,54603153.284162015,Turkey
September 2011,54580506.048161484,Turkey
October 2011,54518390.80064309,Turkey
November 2011,54688477.65364637,Turkey
December 2011,54619105.33413814,Turkey
January 2012,54779306.32912783,Turkey
February 2012,54685496.71730357,Turkey
March 2012,54924910.512586266,Turkey
April 2012,54749564.36142981,Turkey
May 2012,54815690.41416875,Turkey
June 2012,54941173.79376495,Turkey
July 2012,54790003.45076703,Turkey
August 2012,54943477.00626701,Turkey
September 2012,55064112.80045108,Turkey
October 2012,54837470.31591159,Turkey
November 2012,55019892.12896757,Turkey
December 2012,55052547.204086326,Turkey
January 2013,55132813.30559352,Turkey
February 2013,54992735.456768684,Turkey
March 2013,55017106.95490707,Turkey
April 2013,55211890.07532112,Turkey
May 2013,55226252.317108504,Turkey
June 2013,55257221.03717707,Turkey
July 2013,55299414.4644779,Turkey
August 2013,55245394.10765329,Turkey
September 2013,55359512.38755281,Turkey
October 2013,55398658.586972885,Turkey
November 2013,55346290.26230538,Turkey
December 2013,55603923.92802217,Turkey
January 2014,55522302.365902,Turkey
February 2014,55416987.922317445,Turkey
March 2014,55612555.23854582,Turkey
April 2014,55510180.87871052,Turkey
May 2014,55700804.19883119,Turkey
June 2014,55772118.44785504,Turkey
July 2014,55638298.890372,Turkey
August 2014,55832116.62924696,Turkey
September 2014,55823461.0174494,Turkey
October 2014,55896789.60182808,Turkey
November 2014,56029090.92005336,Turkey
December 2014,55881143.546650656,Turkey
January 2015,55879002.3337025,Turkey
February 2015,55909172.31703991,Turkey
March 2015,55953450.47776384,Turkey
April 2015,56059460.524481535,Turkey
May 2015,56136325.97347273,Turkey
June 2015,56172680.947088614,Turkey
July 2015,56261014.83206632,Turkey
August 2015,56232350.15822568,Turkey
September 2015,56399226.01167601,Turkey
October 2015,56290807.83385692,Turkey
November 2015,56591612.907629624,Turkey
December 2015,56450559.08360773,Turkey
January 2016,56363870.74558236,Turkey
February 2016,56387244.51335592,Turkey
March 2016,56561166.53473358,Turkey
April 2016,56541854.126923725,Turkey
May 2016,56663713.87855866,Turkey
June 2016,56684743.643349774,Turkey
July 2016,56677943.94572904,Turkey
August 2016,56652731.65549425,Turkey
September 2016,56636704.54591432,Turkey
October 2016,56769913.93973434,Turkey
November 2016,56924819.398160264,Turkey
December 2016,56909673.394360825,Turkey
January 2017,56829519.12586367,Turkey
February 2017,56999025.276702255,Turkey
March 2017,57059377.72103937,Turkey
April 2017,56995758.284058504,Turkey
May 2017,57130694.49772123,Turkey
June 2017,57168860.84577925,Turkey
July 2017,57109639.971469015,Turkey
August 2017,57286243.53681336,Turkey
September 2017,57350298.53837881,Turkey
October 2017,57440543.87388264,Turkey
November 2017,57484457.2591027,Turkey
December 2017,57318539.00580547,Turkey
January 2018,57405956.03539403,Turkey
February 2018,57581227.09831123,Turkey
March 2018,57625621.98144077,Turkey
April 2018,57675002.83933262,Turkey
May 2018,58012146.233026765,Turkey
June 2018,57776799.28668633,Turkey
July 2018,57873452.89386922,Turkey
August 2018,57906978.16038958,Turkey
September 2018,57930005.630854264,Turkey
October 2018,57893853.819512464,Turkey
November 2018,58036288.82000614,Turkey
December 2018,57951125.64364668,Turkey
January 2019,58048543.04508182,Turkey
February 2019,58077920.04108682,Turkey
March 2019,58173117.05081425,Turkey
April 2019,58417687.88139851,Turkey
May 2019,58104298.76398887,Turkey
June 2019,58376685.92441584,Turkey
July 2019,58226595.85974163,Turkey
August 2019,58376462.7138434,Turkey
September 2019,58562762.69894806,Turkey
October 2019,58523187.05729079,Turkey
November 2019,58475076.816507116,Turkey
December 2019,58555798.7371215,Turkey
December 2000,5560461.362355906,USHighPlain
January 2001,5556585.487301712,USHighPlain
February 2001,5567341.024349794,USHighPlain
March 2001,5578759.335084761,USHighPlain
April 2001,5563328.052228428,USHighPlain
May 2001,5565904.868046342,USHighPlain
June 2001,5587239.571019822,USHighPlain
July 2001,5581457.29165348,USHighPlain
August 2001,5571383.301604371,USHighPlain
September 2001,5584466.813925369,USHighPlain
October 2001,5576684.849477138,USHighPlain
November 2001,5579323.577041733,USHighPlain
December 2001,5589187.369713308,USHighPlain
January 2002,5569710.394074462,USHighPlain
February 2002,5574365.654575288,USHighPlain
March 2002,5588790.200252176,USHighPlain
April 2002,5586866.608509365,USHighPlain
May 2002,5603159.69161695,USHighPlain
June 2002,5593289.5736953765,USHighPlain
July 2002,5590725.056241716,USHighPlain
August 2002,5623075.181869173,USHighPlain
September 2002,5608374.161433685,USHighPlain
October 2002,5614022.414126257,USHighPlain
November 2002,5601372.03920634,USHighPlain
December 2002,5613065.292683595,USHighPlain
January 2003,5622581.091194881,USHighPlain
February 2003,5612355.14869839,USHighPlain
March 2003,5630575.783523461,USHighPlain
April 2003,5623290.469310607,USHighPlain
May 2003,5629150.481966753,USHighPlain
June 2003,5628726.343116003,USHighPlain
July 2003,5656673.955828879,USHighPlain
August 2003,5640230.039624685,USHighPlain
September 2003,5632245.792040012,USHighPlain
October 2003,5654285.684355553,USHighPlain
November 2003,5636012.875195188,USHighPlain
December 2003,5653413.442434447,USHighPlain
January 2004,5633899.864099037,USHighPlain
February 2004,5643218.231702524,USHighPlain
March 2004,5661555.998095388,USHighPlain
April 2004,5669948.8791842,USHighPlain
May 2004,5666834.537678032,USHighPlain
June 2004,5666695.050830091,USHighPlain
July 2004,5667510.508295136,USHighPlain
August 2004,5658202.503077741,USHighPlain
September 2004,5668830.591673637,USHighPlain
October 2004,5674224.747757941,USHighPlain
November 2004,5692669.16033288,USHighPlain
December 2004,5688047.271465854,USHighPlain
January 2005,5669228.7013481585,USHighPlain
February 2005,5693593.7540608775,USHighPlain
March 2005,5688887.13122531,USHighPlain
April 2005,5688755.854982648,USHighPlain
May 2005,5704805.737074414,USHighPlain
June 2005,5711997.347091714,USHighPlain
July 2005,5713751.641225207,USHighPlain
August 2005,5698394.53842688,USHighPlain
September 2005,5706725.846541696,USHighPlain
October 2005,5716101.973773535,USHighPlain
November 2005,5725609.994147558,USHighPlain
December 2005,5713411.774934422,USHighPlain
January 2006,5719362.607532636,USHighPlain
February 2006,5712810.842182391,USHighPlain
March 2006,5714530.515324587,USHighPlain
April 2006,5738143.038954974,USHighPlain
May 2006,5746575.717245664,USHighPlain
June 2006,5734797.431347647,USHighPlain
July 2006,5748706.381834636,USHighPlain
August 2006,5745025.22132984,USHighPlain
September 2006,5737587.08745885,USHighPlain
October 2006,5750785.256126066,USHighPlain
November 2006,5765829.685375336,USHighPlain
December 2006,5752457.552178161,USHighPlain
January 2007,5771909.373582414,USHighPlain
February 2007,5731794.171305905,USHighPlain
March 2007,5769917.125589157,USHighPlain
April 2007,5765321.9684077725,USHighPlain
May 2007,5764222.57454192,USHighPlain
June 2007,5771218.02860274,USHighPlain
July 2007,5752682.880856539,USHighPlain
August 2007,5773858.711226328,USHighPlain
September 2007,5782769.5862711705,USHighPlain
October 2007,5797186.169150253,USHighPlain
November 2007,5779603.241680953,USHighPlain
December 2007,5779490.62554203,USHighPlain
January 2008,5785688.074354892,USHighPlain
February 2008,5803319.609229527,USHighPlain
March 2008,5800121.732109962,USHighPlain
April 2008,5794320.555862039,USHighPlain
May 2008,5808001.605570916,USHighPlain
June 2008,5806755.038788531,USHighPlain
July 2008,5818670.552898386,USHighPlain
August 2008,5804506.242271609,USHighPlain
September 2008,5811400.332248959,USHighPlain
October 2008,5813677.66149376,USHighPlain
November 2008,5805684.288100232,USHighPlain
December 2008,5826744.287789713,USHighPlain
January 2009,5829482.4733136725,USHighPlain
February 2009,5829946.277482682,USHighPlain
March 2009,5830277.390889815,USHighPlain
April 2009,5821218.045370205,USHighPlain
May 2009,5834460.066867037,USHighPlain
June 2009,5838361.776824578,USHighPlain
July 2009,5836628.908502508,USHighPlain
August 2009,5846328.487737113,USHighPlain
September 2009,5855249.043152727,USHighPlain
October 2009,5873509.949883817,USHighPlain
November 2009,5858984.673849272,USHighPlain
December 2009,5862838.323354216,USHighPlain
January 2010,5862578.056551452,USHighPlain
February 2010,5846745.2502224045,USHighPlain
March 2010,5869082.60875071,USHighPlain
April 2010,5873134.13609709,USHighPlain
May 2010,5900934.526519756,USHighPlain
June 2010,5876747.945768173,USHighPlain
July 2010,5884890.18552631,USHighPlain
August 2010,5884586.024367076,USHighPlain
September 2010,5876067.826267199,USHighPlain
October 2010,5902925.922085878,USHighPlain
November 2010,5902059.225745109,USHighPlain
December 2010,5905518.266755994,USHighPlain
January 2011,5891227.764776209,USHighPlain
February 2011,5918255.250200341,USHighPlain
March 2011,5892282.970952808,USHighPlain
April 2011,5915979.62982585,USHighPlain
May 2011,5935606.959759596,USHighPlain
June 2011,5906070.9162022285,USHighPlain
July 2011,5913554.30833471,USHighPlain
August 2011,5923630.44027878,USHighPlain
September 2011,5920638.821729155,USHighPlain
October 2011,5912970.850996267,USHighPlain
November 2011,5932862.934810708,USHighPlain
December 2011,5924333.317462485,USHighPlain
January 2012,5943411.830123213,USHighPlain
February 2012,5932331.157381452,USHighPlain
March 2012,5960811.052061724,USHighPlain
April 2012,5940049.38356297,USHighPlain
May 2012,5947956.335122496,USHighPlain
June 2012,5962912.756140998,USHighPlain
July 2012,5945019.673723516,USHighPlain
August 2012,5963299.424090814,USHighPlain
September 2012,5977680.281635678,USHighPlain
October 2012,5950826.2414927455,USHighPlain
November 2012,5972543.076152157,USHighPlain
December 2012,5976475.951855911,USHighPlain
January 2013,5985194.618173527,USHighPlain
February 2013,5967751.408285522,USHighPlain
March 2013,5969912.128068385,USHighPlain
April 2013,5992227.628188622,USHighPlain
May 2013,5993147.574970628,USHighPlain
June 2013,5996013.064976775,USHighPlain
July 2013,6000237.463861783,USHighPlain
August 2013,5993012.031447965,USHighPlain
September 2013,6005750.034348483,USHighPlain
October 2013,6009612.629796335,USHighPlain
November 2013,6002583.34645181,USHighPlain
December 2013,6032387.394057167,USHighPlain
January 2014,6021449.634109819,USHighPlain
February 2014,6007698.771143796,USHighPlain
March 2014,6029792.844368188,USHighPlain
April 2014,6016391.063403129,USHighPlain
May 2014,6037817.695844737,USHighPlain
June 2014,6045038.3094425965,USHighPlain
July 2014,6027943.192651367,USHighPlain
August 2014,6049708.889658196,USHighPlain
September 2014,6047434.5223598825,USHighPlain
October 2014,6054934.517145095,USHighPlain
November 2014,6069396.246971412,USHighPlain
December 2014,6050623.7064497415,USHighPlain
January 2015,6048849.692688074,USHighPlain
February 2015,6050912.051633733,USHighPlain
March 2015,6054796.5783892,USHighPlain
April 2015,6065863.579153214,USHighPlain
May 2015,6073519.209032688,USHighPlain
June 2015,6076315.924196227,USHighPlain
July 2015,6085333.224328499,USHighPlain
August 2015,6080410.027213406,USHighPlain
September 2015,6098703.746471371,USHighPlain
October 2015,6084360.282206283,USHighPlain
November 2015,6118555.684615107,USHighPlain
December 2015,6100337.325057632,USHighPlain
January 2016,6088586.769788419,USHighPlain
February 2016,6089904.107613174,USHighPlain
March 2016,6109190.396048149,USHighPlain
April 2016,6105439.519203875,USHighPlain
May 2016,6118497.322366474,USHighPlain
June 2016,6119536.352047258,USHighPlain
July 2016,6117318.162476507,USHighPlain
August 2016,6112866.780837813,USHighPlain
September 2016,6109505.973997551,USHighPlain
October 2016,6123911.342788237,USHighPlain
November 2016,6140845.7002896285,USHighPlain
December 2016,6137636.537158258,USHighPlain
January 2017,6126192.203765666,USHighPlain
February 2017,6144390.549349566,USHighPlain
March 2017,6149815.386033891,USHighPlain
April 2017,6140334.266128931,USHighPlain
May 2017,6154490.230244943,USHighPlain
June 2017,6157094.339381517,USHighPlain
July 2017,6148197.645630873,USHighPlain
August 2017,6167238.681378945,USHighPlain
September 2017,6172916.601923416,USHighPlain
October 2017,6181766.329039722,USHighPlain
November 2017,6185052.795348143,USHighPlain
December 2017,6163487.709221327,USHighPlain
January 2018,6171668.244298535,USHighPlain
February 2018,6190279.863781032,USHighPlain
March 2018,6193565.067536847,USHighPlain
April 2018,6197229.492170516,USHighPlain
May 2018,6235131.460591131,USHighPlain
June 2018,6204989.585776152,USHighPlain
July 2018,6214337.722725823,USHighPlain
August 2018,6216119.581407476,USHighPlain
September 2018,6216655.015849088,USHighPlain
October 2018,6210234.900874241,USHighPlain
November 2018,6224947.829247181,USHighPlain
December 2018,6212708.49726035,USHighPlain
January 2019,6221945.592881632,USHighPlain
February 2019,6223104.115611937,USHighPlain
March 2019,6232303.011947197,USHighPlain
April 2019,6259011.927379416,USHighPlain
May 2019,6219548.290666059,USHighPlain
June 2019,6249559.894357899,USHighPlain
July 2019,6229485.079510182,USHighPlain
August 2019,6244949.603139581,USHighPlain
September 2019,6264739.904997267,USHighPlain
October 2019,6257786.687767944,USHighPlain
November 2019,6249744.996499516,USHighPlain
December 2019,6257074.94850287,USHighPlain
December 2000,49693522.221170686,Vietnam
January 2001,49601742.0374001,Vietnam
February 2001,49830822.02678292,Vietnam
March 2001,50075092.85767126,Vietnam
April 2001,49729907.86769777,Vietnam
May 2001,49779851.08174226,Vietnam
June 2001,50240927.33962696,Vietnam
July 2001,50107559.42078305,Vietnam
August 2001,49879857.4109719,Vietnam
September 2001,50159988.83298084,Vietnam
October 2001,49982768.735198736,Vietnam
November 2001,50033850.80625898,Vietnam
December 2001,50243594.08872387,Vietnam
January 2002,49812781.017619096,Vietnam
February 2002,49911176.84393505,Vietnam
March 2002,50224165.90574183,Vietnam
April 2002,50178290.51234989,Vietnam
May 2002,50532017.557587326,Vietnam
June 2002,50311878.48083645,Vietnam
July 2002,50252066.97360584,Vietnam
August 2002,50957798.521031596,Vietnam
September 2002,50631719.96241341,Vietnam
October 2002,50752010.746934906,Vietnam
November 2002,50470901.906249814,Vietnam
December 2002,50723756.79223516,Vietnam
January 2003,50926233.211312495,Vietnam
February 2003,50695782.28244644,Vietnam
March 2003,51089751.845831245,Vietnam
April 2003,50923787.54981188,Vietnam
May 2003,51046294.27991389,Vietnam
June 2003,51030792.420420215,Vietnam
July 2003,51637670.11411795,Vietnam
August 2003,51270861.86672582,Vietnam
September 2003,51089570.281642504,Vietnam
October 2003,51566894.36996158,Vietnam
November 2003,51159979.336806454,Vietnam
December 2003,51535565.14881388,Vietnam
January 2004,51104012.99389003,Vietnam
February 2004,51304732.2220451,Vietnam
March 2004,51703476.82355874,Vietnam
April 2004,51883900.55588104,Vietnam
May 2004,51812093.2038053,Vietnam
June 2004,51805406.011053614,Vietnam
July 2004,51819777.35243188,Vietnam
August 2004,51612028.74667241,Vietnam
September 2004,51841469.55695976,Vietnam
October 2004,51956249.66418536,Vietnam
November 2004,52357098.883162715,Vietnam
December 2004,52252231.70720528,Vietnam
January 2005,51833210.50674672,Vietnam
February 2005,52361186.39733461,Vietnam
March 2005,52252247.15397543,Vietnam
April 2005,52243029.75827601,Vietnam
May 2005,52588862.23147981,Vietnam
June 2005,52740232.38105144,Vietnam
July 2005,52772569.150931604,Vietnam
August 2005,52429456.34507596,Vietnam
September 2005,52605819.55248478,Vietnam
October 2005,52805299.635025874,Vietnam
November 2005,53007467.603902765,Vietnam
December 2005,52733832.13972715,Vietnam
January 2006,52861685.03360093,Vietnam
February 2006,52715361.67472698,Vietnam
March 2006,52750683.25588665,Vietnam
April 2006,53265848.95341546,Vietnam
May 2006,53448212.94724713,Vietnam
June 2006,53187274.384028874,Vietnam
July 2006,53489730.5215892,Vietnam
August 2006,53406358.213599965,Vietnam
September 2006,53240597.198602594,Vietnam
October 2006,53527466.21605635,Vietnam
November 2006,53854737.52393206,Vietnam
December 2006,53558931.97810017,Vietnam
January 2007,53982014.17198027,Vietnam
February 2007,53098818.78999546,Vietnam
March 2007,53931687.87085063,Vietnam
April 2007,53827430.82646243,Vietnam
May 2007,53799946.76733669,Vietnam
June 2007,53949866.52448557,Vietnam
July 2007,53540024.36007223,Vietnam
August 2007,54000913.28178785,Vietnam
September 2007,54192837.344761685,Vietnam
October 2007,54505611.55669163,Vietnam
November 2007,54116538.652130336,Vietnam
December 2007,54110694.17707983,Vietnam
January 2008,54242873.00936077,Vietnam
February 2008,54625796.11758624,Vietnam
March 2008,54552180.291721545,Vietnam
April 2008,54421234.76610084,Vietnam
May 2008,54717645.812564306,Vietnam
June 2008,54686580.78867117,Vietnam
July 2008,54944274.447226286,Vietnam
August 2008,54629929.21102761,Vietnam
September 2008,54777385.06531443,Vietnam
October 2008,54823717.73949779,Vietnam
November 2008,54644698.333460875,Vietnam
December 2008,55102926.37693851,Vietnam
January 2009,55160642.8145285,Vietnam
February 2009,55168483.109592766,Vietnam
March 2009,55173639.11032886,Vietnam
April 2009,54972641.08980902,Vietnam
May 2009,55260777.02896419,Vietnam
June 2009,55344009.02504013,Vietnam
July 2009,55303752.48186628,Vietnam
August 2009,55514129.09851306,Vietnam
September 2009,55707422.0792329,Vietnam
October 2009,56105619.875305556,Vietnam
November 2009,55784756.4993978,Vietnam
December 2009,55867009.73619397,Vietnam
January 2010,55862738.60812877,Vietnam
February 2010,55516968.81309187,Vietnam
March 2010,56008114.26271562,Vietnam
April 2010,56098398.80758382,Vietnam
May 2010,56709438.71838799,Vietnam
June 2010,56180474.472332776,Vietnam
July 2010,56360420.13317628,Vietnam
August 2010,56355186.42195652,Vietnam
September 2010,56169822.63876285,Vietnam
October 2010,56760198.460025765,Vietnam
November 2010,56742628.609649345,Vietnam
December 2010,56819873.8646502,Vietnam
January 2011,56504621.678925306,Vietnam
February 2011,57095454.05292026,Vietnam
March 2011,56524206.61213048,Vietnam
April 2011,57041995.48379931,Vietnam
May 2011,57470606.09221984,Vietnam
June 2011,56821026.15492824,Vietnam
July 2011,56983325.7635327,Vietnam
August 2011,57202422.71139261,Vietnam
September 2011,57134949.86975968,Vietnam
October 2011,56964987.02286707,Vietnam
November 2011,57399343.30419231,Vietnam
December 2011,57210484.94125101,Vietnam
January 2012,57630459.447902344,Vietnam
February 2012,57389056.81728458,Vietnam
March 2012,58015096.65586746,Vietnam
April 2012,57561394.21760483,Vietnam
May 2012,57736330.163394205,Vietnam
June 2012,58065909.08629507,Vietnam
July 2012,57675062.091151595,Vietnam
August 2012,58077520.10616244,Vietnam
September 2012,58394477.18542161,Vietnam
October 2012,57807120.48722898,Vietnam
November 2012,58284952.18821089,Vietnam
December 2012,58372738.46872568,Vietnam
January 2013,58568488.060654394,Vietnam
February 2013,58190519.67712901,Vietnam
March 2013,58242015.86695511,Vietnam
April 2013,58735937.80327213,Vietnam
May 2013,58760518.16555899,Vietnam
June 2013,58827910.278956786,Vietnam
July 2013,58924955.76399014,Vietnam
August 2013,58771058.56557615,Vietnam
September 2013,59054950.36981746,Vietnam
October 2013,59144061.6710084,Vietnam
November 2013,58994465.93194074,Vietnam
December 2013,59652461.410060376,Vietnam
January 2014,59414312.124795444,Vietnam
February 2014,59114472.7773984,Vietnam
March 2014,59600530.92072907,Vietnam
April 2014,59308346.781899124,Vietnam
May 2014,59779878.62752977,Vietnam
June 2014,59939934.166185625,Vietnam
July 2014,59566701.675836936,Vietnam
August 2014,60045724.23889955,Vietnam
September 2014,59997559.190701716,Vietnam
October 2014,60163686.24432462,Vietnam
November 2014,60482536.14887254,Vietnam
December 2014,60072518.52358002,Vietnam
January 2015,60038578.67126227,Vietnam
February 2015,60088768.717176475,Vietnam
March 2015,60178437.73484324,Vietnam
April 2015,60426095.45597738,Vietnam
May 2015,60598783.26286147,Vietnam
June 2015,60665077.404646784,Vietnam
July 2015,60867626.01717534,Vietnam
August 2015,60764626.01474983,Vietnam
September 2015,61170762.36604567,Vietnam
October 2015,60861020.10349414,Vietnam
November 2015,61615873.09085694,Vietnam
December 2015,61221156.14740819,Vietnam
January 2016,60968415.42668922,Vietnam
February 2016,61002247.62262185,Vietnam
March 2016,61429811.74352191,Vietnam
April 2016,61352500.31060204,Vietnam
May 2016,61643636.069499515,Vietnam
June 2016,61671365.09516804,Vietnam
July 2016,61627505.322584964,Vietnam
August 2016,61534832.14002254,Vietnam
September 2016,61466074.763823524,Vietnam
October 2016,61786762.02039882,Vietnam
November 2016,62163068.31264958,Vietnam
December 2016,62097476.94327817,Vietnam
January 2017,61855198.72350206,Vietnam
February 2017,62262970.89138798,Vietnam
March 2017,62389784.81053197,Vietnam
April 2017,62190558.96431868,Vietnam
May 2017,62509403.2085129,Vietnam
June 2017,62575200.90587552,Vietnam
July 2017,62388510.910241276,Vietnam
August 2017,62814762.887874946,Vietnam
September 2017,62947967.86306453,Vietnam
October 2017,63150448.757595874,Vietnam
November 2017,63231210.235541075,Vietnam
December 2017,62766708.1912146,Vietnam
January 2018,62954366.512190856,Vietnam
February 2018,63370773.74168416,Vietnam
March 2018,63450280.04818043,Vietnam
April 2018,63538902.13336725,Vietnam
May 2018,64378071.343125656,Vietnam
June 2018,63725336.74866012,Vietnam
July 2018,63938333.49837725,Vietnam
August 2018,63985671.77355895,Vietnam
September 2018,64005676.53542789,Vietnam
October 2018,63872882.73482352,Vietnam
November 2018,64203793.45203626,Vietnam
December 2018,63943386.884801365,Vietnam
January 2019,64157140.56872942,Vietnam
February 2019,64193734.845314436,Vietnam
March 2019,64405568.08768393,Vietnam
April 2019,65002470.786256336,Vietnam
May 2019,64147878.7756995,Vietnam
June 2019,64817207.916740075,Vietnam
July 2019,64387803.89880917,Vietnam
August 2019,64738122.229745835,Vietnam
September 2019,65183302.89807338,Vietnam
October 2019,65041649.51244355,Vietnam
November 2019,64876487.30537221,Vietnam
December 2019,65048057.28609557,Vietnam
