,+10% population,1K temperature,+10% precipitation,+10% EVI,+10% LWE thickness,+10% discharge,Model,Hotspot
0,0.7940762588026111,0.7940762588026111,0.7940762588026111,0.7940762588026111,0.8431274029285063,0.7940762588026111,0.7940762588026111,USHighPlain
1,0.6634020820212392,0.6835077243635517,0.7030376213083773,0.6748199423289829,0.7262078241665949,0.6819285390395924,0.6824073968413611,USHighPlain
2,0.5549029167499621,0.5925400032653039,0.6190034100310404,0.5787685924677108,0.6300316339378386,0.590376331219323,0.5909198564643283,USHighPlain
3,0.4852412477732221,0.5386074253156985,0.5836153038929827,0.5245777107269305,0.5712769211419415,0.5356221485944482,0.536351893452632,USHighPlain
4,0.42694239968143033,0.49452530064008027,0.5589851154775383,0.47906902180190325,0.5228621482452961,0.49021068958759173,0.49167569654477805,USHighPlain
5,0.4480932057480014,0.5285989019916055,0.5971136754772375,0.5010275726393112,0.5527173732760478,0.5231504093800607,0.5248692988716155,USHighPlain
6,0.44020776229473113,0.5315294408130853,0.5982932441218882,0.49573228822849824,0.5527518419079979,0.5259431646114615,0.5278847856785163,USHighPlain
7,0.38064426741998025,0.4820596108079924,0.5513131391239353,0.4385477621148621,0.500205406357087,0.4757662285126105,0.47800026295867015,USHighPlain
8,0.32510015486716104,0.4353846739809957,0.5060008466244927,0.390692626521687,0.45090319580651506,0.42827122896678005,0.4310750187680247,USHighPlain
9,0.3073082046874831,0.42607940560734825,0.5046629549270103,0.37943034281284094,0.4388044066307657,0.418147142592741,0.4210987517914573,USHighPlain
10,0.31131036147971836,0.4369505574963879,0.5358534781277238,0.38837835195104087,0.4474656547219935,0.42836106332990287,0.4316553150886435,USHighPlain
11,0.3199542799222008,0.4518594106666747,0.5768607539115043,0.39775052512765563,0.4603839798206373,0.44223750599377887,0.44626606994435747,USHighPlain
12,0.3036107055929531,0.44098303281764384,0.5945588382389848,0.38696370993632645,0.447798138329059,0.4309810075429299,0.4351914907871979,USHighPlain
13,0.3341447368779922,0.4768422884878689,0.6364102420571416,0.42466256312387207,0.48177744540528544,0.4655871007701877,0.4705202859788935,USHighPlain
14,0.3084907824383416,0.45519396259186745,0.6015068416468575,0.3984352795755535,0.45919369309234165,0.443569465543071,0.449141564806022,USHighPlain
15,0.2343824134051964,0.3845842879591922,0.5258428915213942,0.32135019798263253,0.38746722493120767,0.3724795442732828,0.3784911343156897,USHighPlain
16,0.24447209887743582,0.3977298014362409,0.5411034207454744,0.3372764020977934,0.39985284215619643,0.3862467180675502,0.3918376039456335,USHighPlain
17,0.22106225788435807,0.37725942468591617,0.5136469694612095,0.30992945243802167,0.37865530337845016,0.36624790024047665,0.37149806240084654,USHighPlain
18,0.1817262441651637,0.34009496159368013,0.470572874284781,0.26825823468596877,0.34100572448415245,0.3295133151011629,0.3346146357771469,USHighPlain
19,0.1671185059073843,0.3284701237331742,0.45890056535468204,0.25287864987244557,0.3282616526017239,0.31717035149385997,0.32255470281637666,USHighPlain
20,0.17979537168819149,0.3431223693992933,0.47070048962042854,0.2687081371008073,0.34231823857849597,0.33150866801832346,0.33722219354679805,USHighPlain
21,0.23902261056106555,0.40449631736424596,0.5260953890621969,0.3298254806144536,0.402618267582066,0.39254449826886395,0.39806773254288097,USHighPlain
22,0.31379841342628567,0.4812888542611129,0.5988468580948492,0.41102234936442184,0.47878350424806415,0.4691344371297006,0.4747200846718931,USHighPlain
23,0.33884721932384254,0.5074995195163654,0.6349211171372944,0.43375717067218356,0.5047146154950792,0.4962385962484782,0.5010861677389737,USHighPlain
24,0.25814714621821266,0.4284472118264056,0.560287304369283,0.35204243706039035,0.42514200307392913,0.41646476224946155,0.4219019652506156,USHighPlain
25,0.26665211229909724,0.43807903721695185,0.5639313544220996,0.35563707293435787,0.434752717745736,0.42641106442936083,0.4318595122203599,USHighPlain
26,0.3716447673623726,0.5439679859310695,0.6628011843363304,0.46143007266140623,0.5405566355282341,0.532055426087727,0.5379731353752928,USHighPlain
27,0.365021296480069,0.538310037974356,0.6515170310744924,0.4504543073284666,0.5347419170312465,0.5269252815575723,0.5324349696050417,USHighPlain
28,0.34098135923453765,0.5149510583564074,0.6284730503527058,0.423468456950882,0.5112735646027287,0.5039556171077018,0.509213566107581,USHighPlain
29,0.35662921447229645,0.5312625188034608,0.6523140497315053,0.4337821409499185,0.5271811018528758,0.5204446857334917,0.5253416174537918,USHighPlain
30,0.39782645379593884,0.5732326789619957,0.6922158452749825,0.4752169853448249,0.5688035082973135,0.5622021961786903,0.5671609328961935,USHighPlain
31,0.39414590695511187,0.5706178486117233,0.6772301234405584,0.4717545882304054,0.5655506613638488,0.5595186143315336,0.5640839166881626,USHighPlain
32,0.3874730787196117,0.5642218742992406,0.6626788529059817,0.47024269018665876,0.5591691514792416,0.5535498401600503,0.557859415596075,USHighPlain
33,0.4492821002612404,0.6267760414623791,0.7209182294633776,0.5339314071109573,0.621194787345672,0.6163562584614697,0.6200252531301469,USHighPlain
34,0.45210330487698625,0.6295033476497851,0.7293656029880007,0.5416002531642721,0.624240470124234,0.6199572060878977,0.6231961295828594,USHighPlain
35,0.3980638723621639,0.5762367204116803,0.693069283629503,0.4915655980858039,0.5704849080462934,0.5651492484520868,0.569552359727586,USHighPlain
36,0.30968645691470864,0.48820068314374543,0.6190782236477563,0.41086363177604,0.4820698385627531,0.4754663442153496,0.48123711558373405,USHighPlain
37,0.30588763709332767,0.48471294193131964,0.6190936353207634,0.4079932942173936,0.4780280853411607,0.4711335807238788,0.47728450182288507,USHighPlain
38,0.3344094969934881,0.5131353944516591,0.6515098092014655,0.43358204307711334,0.506019051727246,0.5000079026972468,0.5053550656687582,USHighPlain
39,0.36451276204648053,0.5436362644741852,0.6870238906468358,0.45253785542092584,0.5362761833703238,0.5301545960231908,0.5356832742013733,USHighPlain
40,0.35229239879743024,0.5317505436208803,0.6699492836805042,0.4302384305334376,0.5239839058770343,0.517582623763157,0.5234544651182534,USHighPlain
41,0.28757123601689194,0.46582943443696534,0.6074382027239557,0.35927556155008533,0.4585705967602457,0.4521167206638721,0.45809783038769225,USHighPlain
42,0.2724790987077288,0.44987826523940777,0.5971630567093487,0.3421328753009034,0.4426510943737081,0.43630531450544696,0.4422289356348681,USHighPlain
43,0.23248021225597615,0.40936112460123786,0.5482204675487011,0.30279474536521445,0.40243668393689647,0.39581603310781355,0.40205971549936503,USHighPlain
44,0.19553964311578254,0.37203830945570404,0.49860352988747847,0.26799407047807455,0.3648850416017755,0.35886345767311445,0.36454842603558957,USHighPlain
45,0.14156255814484586,0.3172937966380087,0.4333730108619832,0.22238662665091846,0.31088557140017614,0.3043614656616911,0.31058498910171994,USHighPlain
46,0.15060855654017669,0.32614042521510433,0.4376934688320888,0.23675677706227494,0.3195976157054585,0.3135218374415598,0.31932920946635046,USHighPlain
47,0.17156278242958845,0.34656745217207086,0.4632599007033389,0.2551309439768972,0.3395210506317412,0.33345243371821764,0.3392813761413864,USHighPlain
48,0.10582682012832878,0.27903685957957675,0.3933924862587352,0.18525730060037704,0.2726553290962927,0.266124559782897,0.2724413107429276,USHighPlain
49,0.029844578946362943,0.20229070794539172,0.3110151082100071,0.10807207961236143,0.19608288474910873,0.189645770174257,0.19589177615215592,USHighPlain
50,0.007990874372818979,0.17937891285114227,0.29298523088749295,0.08951312135999556,0.1731788805820964,0.16726040770759676,0.17300822934936333,USHighPlain
51,0.07575322222341763,0.24639228148658732,0.36622839169263877,0.15767124701836366,0.24021266902201233,0.2344510533918629,0.24006028527948242,USHighPlain
52,0.17482397367204183,0.3452228318302466,0.46605952557435293,0.24788624320264185,0.33884216032166914,0.3331132494611566,0.338706088612045,USHighPlain
53,0.18590126256589468,0.3551241058339085,0.48452378525501993,0.25458793328247853,0.34900214892054526,0.34367211713368273,0.3488806431099343,USHighPlain
54,0.13561959739942053,0.30392548828626365,0.4359555424425078,0.2036155931070296,0.2973781013903516,0.2920089033350245,0.2972696022610837,USHighPlain
55,0.1809112348943991,0.3484971259174272,0.4714195502692431,0.24957975073936334,0.3418896729942045,0.33678727555443233,0.34179278823624326,USHighPlain
56,0.274224570965133,0.4401060088563855,0.553863618500138,0.34330959157127805,0.433773860675692,0.4286350275796622,0.4336873470198819,USHighPlain
57,0.3209126736218768,0.4868425593315484,0.5995981552368477,0.3995956463911481,0.4807556247294207,0.4763158100789522,0.48067837199329233,USHighPlain
58,0.396015474652589,0.5610138553303683,0.6709937694238337,0.48037143624715006,0.5547601365031691,0.551315018115333,0.5546911533445749,USHighPlain
59,0.4598747624834727,0.623600046744945,0.7352199372708843,0.5464325971162802,0.6178480123496775,0.6152374933725544,0.6177864135454392,USHighPlain
60,0.5136437190518033,0.6766430366400238,0.7906144186212734,0.6047635185658726,0.6710327883470504,0.6687797253794097,0.6709777834333743,USHighPlain
61,0.566156701892885,0.7283770582817393,0.8424189258335797,0.6634300788256267,0.7226055045302116,0.7210362083542752,0.7225563876590981,USHighPlain
62,0.5592586818018885,0.7213682444823347,0.8439896325260516,0.6609334741441253,0.7153911445086417,0.7144184991652918,0.715347285390124,USHighPlain
63,0.5133674323856718,0.6750240542580995,0.8125941568066625,0.6082167111771027,0.6684848327677543,0.66764248011792,0.6684456685817314,USHighPlain
64,0.4630453766698308,0.6230976997147973,0.7739572898633184,0.5469991645216177,0.6169424077377494,0.6166557238889983,0.6169074359116236,USHighPlain
65,0.4424440951403916,0.6012396512424492,0.7654681597775514,0.5173594609504661,0.5949374271465349,0.5949519450196095,0.5949061989059719,USHighPlain
66,0.3992088244447214,0.5568037091444628,0.7186917748999821,0.4704986477099422,0.5508673375539744,0.5515749208994171,0.5508394521640279,USHighPlain
67,0.39641499201232344,0.5534770607189738,0.7046503591949367,0.4665118757910953,0.5474327050789836,0.5471923364630007,0.5474078047016824,USHighPlain
68,0.4237440025794217,0.5797578640388059,0.7225240273909491,0.5012904795361978,0.5738755454251059,0.5734586316684127,0.573853310527515,USHighPlain
69,0.4220233799307971,0.5772690571319865,0.7181275646049985,0.5042985666134865,0.570944993178901,0.5703322705621869,0.5709251384327303,USHighPlain
70,0.4205258901423501,0.5752116522801054,0.7280687708405023,0.5003418441699399,0.5684717466556721,0.5675674673930553,0.5684540172758132,USHighPlain
71,0.44033480080859255,0.5946473461164234,0.7577497313444532,0.5168167618187667,0.5876186612732619,0.586175881715322,0.5876028297482718,USHighPlain
72,0.5032021302946863,0.6561310555850159,0.8229626979988915,0.5756530042631458,0.6491622733370477,0.6477138710030839,0.6491481365096172,USHighPlain
73,0.5471252901221193,0.6993969175419836,0.8697980714125864,0.6122976528297963,0.6920080691086803,0.6903809131400949,0.6919954455686284,USHighPlain
74,0.5546365415081382,0.7059272108974461,0.8829577171788593,0.6100735288950181,0.6981386635508675,0.6971253260258727,0.6981273913072025,USHighPlain
75,0.5347443130683562,0.6857953660878869,0.8800260148937626,0.5799306508917421,0.6776415018400888,0.6763297163914223,0.6776314362422675,USHighPlain
76,0.5620812024608508,0.7124116652204395,0.9109875626356381,0.6018298628780301,0.7040195933630853,0.7029604095227355,0.7040106052447914,USHighPlain
77,0.628202462207812,0.7773512239386084,0.9626265305360651,0.6703222664144506,0.7691800354488016,0.7682757922171608,0.7691720094704246,USHighPlain
78,0.6438960509150079,0.7928605633134653,0.9653503102254443,0.6850102779965921,0.7844342780853453,0.7839793993692583,0.7844271112538905,USHighPlain
79,0.5809491763332358,0.7288705481310422,0.8922400478536698,0.6213028662665179,0.7203625023240695,0.7204239703960764,0.7203561026715053,USHighPlain
80,0.5079150211043078,0.6548267306811004,0.8084281953318414,0.5507813459908367,0.6462192067782677,0.6465783775973915,0.6462134921813498,USHighPlain
81,0.448238703608389,0.5940760641714825,0.7400612779855004,0.49511769194965005,0.5854478226946528,0.5857273635716913,0.5854427198210815,USHighPlain
82,0.4124400571646851,0.5563998023927121,0.7048119933261228,0.46201676572412365,0.5485666768594512,0.5488070910174948,0.5485621202268386,USHighPlain
83,0.44393981172357333,0.5876896620793746,0.7383936857811504,0.4917140764719585,0.5795184291302271,0.5788229414212416,0.5795143602657968,USHighPlain
84,0.43108972821676633,0.5737957675150798,0.7209624484837099,0.4775876743881803,0.5656557294822702,0.5653277431079586,0.5656520961725084,USHighPlain
85,0.4334031492441497,0.5753489099838294,0.7140435001185517,0.4747599739600754,0.5668556205598863,0.5660378357871143,0.5668523761805144,USHighPlain
86,0.49519468159503877,0.6365651501853709,0.7687161800581328,0.5424338072890578,0.6277574766506366,0.627335902944691,0.627754579568307,USHighPlain
87,0.5072892548257146,0.6473843190009201,0.7909669543756217,0.5597186708775128,0.6388482996200651,0.6386622567217979,0.6388457126581033,USHighPlain
88,0.5120858956258252,0.6511523248700786,0.8044622515161313,0.5677648949862981,0.6425393272954951,0.6427123084119171,0.6425370172568319,USHighPlain
89,0.571788203748548,0.7088598753987809,0.8536308046576122,0.6205170252579926,0.7006264432795559,0.7008834125226917,0.7006243805207273,USHighPlain
90,0.5982983716342736,0.7336709839854297,0.8692663971792143,0.6458024086267798,0.7262175936622288,0.7266892490766501,0.7262157517129781,USHighPlain
91,0.6067111692933307,0.7406673722281008,0.871460060491831,0.6532840394315329,0.73360044067265,0.7345521143789528,0.7335987958962491,USHighPlain
92,0.6364956384899367,0.7690163547476148,0.8956835318029501,0.6890356412919507,0.7625698661007825,0.7637190351005496,0.7625683973907147,USHighPlain
93,0.658627186165335,0.7904904425356323,0.9136877741931886,0.7169914487245115,0.7842875820873165,0.7857583487805286,0.7842862705964282,USHighPlain
94,0.691297169804713,0.8220150085296345,0.9429015253419513,0.7542158197510336,0.8160647577915752,0.817753852284484,0.8160635866902202,USHighPlain
95,0.6890131140094634,0.8192215631137278,0.9536656028231543,0.7491941182141209,0.8128788103270533,0.814813376635068,0.8128777645871281,USHighPlain
96,0.6503777574424574,0.7788657183181651,0.9438138853410729,0.7096413390688175,0.7726008654907238,0.7743748628520029,0.7725999316928194,USHighPlain
97,0.6601777077356707,0.7881716065814759,0.9659003720238801,0.7199462655497724,0.7814573347897387,0.7833660041554467,0.7814565009509367,USHighPlain
98,0.7125682707755825,0.8394991811741686,1.0090471172456779,0.7741951619859331,0.8327961024027704,0.8345004568134651,0.8327953578228731,USHighPlain
99,0.6651765130622979,0.7917436786495949,0.9525628313839224,0.7313599872608817,0.7845697945335677,0.7863165936126967,0.7845691296577882,USHighPlain
100,0.6171727969726362,0.7427546065980957,0.9062490629938016,0.6765173092840218,0.7360301734091454,0.7377675253070848,0.7360295797054963,USHighPlain
101,0.5573102894252145,0.681648071202934,0.8393622157050425,0.6066807195159928,0.6748518869109731,0.6767253556591621,0.6748513567607799,USHighPlain
102,0.5034868295216339,0.6263440439772474,0.7790387972614115,0.5472562809041561,0.6199581516434607,0.6208005484867112,0.6199576782435956,USHighPlain
103,0.4555661206324031,0.5776434229430049,0.7263498032149528,0.4958563046767164,0.570872425756769,0.5712485421516861,0.5708720030323503,USHighPlain
104,0.40450250578149216,0.5263558689609216,0.6664520674221837,0.4463657363953779,0.5192917792057299,0.5188945676839254,0.5192914017321659,USHighPlain
105,0.42311635316720864,0.5431065865279627,0.6837338494455667,0.46981794863790394,0.5363973905960735,0.5358524707606125,0.5363970535294527,USHighPlain
106,0.3894035524038766,0.5092006573964591,0.6522038233764808,0.4357461331254273,0.5022796994095345,0.5018777198933478,0.5022793984244649,USHighPlain
107,0.3418428785583405,0.4608575487196589,0.6139504848049396,0.384302933110529,0.4535202366666733,0.4523421217736677,0.453519967900778,USHighPlain
108,0.36517790297998953,0.48238265236119693,0.6470888257697647,0.403683459086293,0.4750522122135885,0.4736906316168308,0.4750519722179416,USHighPlain
109,0.3495015192859262,0.46655155825141303,0.6285728632470857,0.3903325340647188,0.45881233871891836,0.45762606399584904,0.4588121244137869,USHighPlain
110,0.29258807763704187,0.4086822402206356,0.56246921193696,0.3278792550670453,0.40118641639219366,0.40044422712493155,0.401186225027517,USHighPlain
111,0.2472653010192274,0.3617642713350473,0.5130224251147278,0.2709604866991624,0.35480880699149786,0.354398896110771,0.35480863611159763,USHighPlain
112,0.19196005426060814,0.30516681553043545,0.4505417870746732,0.20532113765617066,0.2986662978570279,0.2987359291320073,0.29866614526909585,USHighPlain
113,0.151305100634058,0.26453558489409945,0.4113555244921796,0.1615181042872036,0.2576823273762995,0.2575496218876172,0.257682191122258,USHighPlain
114,0.19692426396714646,0.3089656624724415,0.45667535312195917,0.20675851750360907,0.3021704534375418,0.3017778607016681,0.3021703317689173,USHighPlain
115,0.28695467193794477,0.3984423516909872,0.5381378140431883,0.2957829571826076,0.39140020694509037,0.3910694608044054,0.39140009830057565,USHighPlain
116,0.3013805700795589,0.4118609312469015,0.5430991068398288,0.31269496770609084,0.40453555459626245,0.4043690248050775,0.40453545758168197,USHighPlain
117,0.263103022390075,0.3718782186389906,0.4951877538307755,0.27983706050753354,0.3651056043691112,0.3644959688733822,0.3651055177395297,USHighPlain
118,0.2876156835775967,0.3953391932306938,0.5133896044631903,0.30966016032791366,0.38906017047469366,0.3880548618595068,0.38906009311844114,USHighPlain
119,0.3432234593150463,0.44946889515605437,0.5716964059948837,0.3644008418641689,0.4432276975301459,0.44229327689103837,0.443227628454552,USHighPlain
120,0.36062352400699504,0.46554272016391773,0.6008266849920014,0.3850064784195293,0.4599696162555891,0.4577144639041344,0.45996955457424415,USHighPlain
121,0.2880810832417908,0.3915850036014258,0.5250381385551617,0.3193352342335536,0.38642086111859275,0.3837753291598294,0.38642080603997403,USHighPlain
122,0.17819303984372337,0.28013974908299794,0.40204955674763343,0.20121641630044085,0.27532025992801124,0.2725966174456359,0.27532021074532487,USHighPlain
123,0.09098431789457617,0.19203253132399367,0.3036007673543063,0.11235906092560788,0.1874473994895839,0.18501531137553273,0.18744735557169534,USHighPlain
124,0.0260841039072206,0.1256336360374427,0.23020931448038828,0.05179208626622234,0.12143086504735068,0.11919586103758806,0.12143082583068576,USHighPlain
125,-0.016955542649836453,0.0813996429356818,0.18348024410080965,0.013730237236859733,0.07687112023012921,0.07451857044879129,0.07687108521144181,USHighPlain
126,-0.06096497079774532,0.0371934137324359,0.13647994943393693,-0.02522079697023638,0.03234155416488238,0.02983415130319611,0.03234152289479686,USHighPlain
127,-0.10046300115599305,-0.002708863901155878,0.09149991745174169,-0.06351069485144878,-0.008248865760815072,-0.010759666538504353,-0.008248893683570513,USHighPlain
128,-0.09555439518584063,0.0008264166572680143,0.09386127683652612,-0.06202341127482214,-0.004420368725570167,-0.00690547755361659,-0.0044203936593130155,USHighPlain
129,-0.058172047173945085,0.03696268012010662,0.1335710568427655,-0.02835969263885474,0.03178818135992789,0.029215201835604665,0.03178815909523647,USHighPlain
130,0.019359865003024,0.11433399124663524,0.21078776286962642,0.047879767641241244,0.10879522086900728,0.10601075836789997,0.10879520098765649,USHighPlain
131,0.04471632799691694,0.13951341498939218,0.24006951648501929,0.07116228483466003,0.13357834155205417,0.1303502331167239,0.13357832379891765,USHighPlain
132,0.05316102807676004,0.14672864111869854,0.26938790256029055,0.07707412509246425,0.14098779800990058,0.1375559107638078,0.1409877821571619,USHighPlain
133,0.0711502427869235,0.16333037336244605,0.3164914491711448,0.09774606937111674,0.15784327746524207,0.15371984127749228,0.15784326330947174,USHighPlain
134,0.04209672128894015,0.13373831924432822,0.2942717326376558,0.06874421020968069,0.12767272722533696,0.12323829532225505,0.12767271458488183,USHighPlain
135,0.06962835417280244,0.16030912285317678,0.31376368100596785,0.08446623252125995,0.15410224951887574,0.14961471442293028,0.1541022382315278,USHighPlain
136,0.13805233850376752,0.22846363190310037,0.38303211132638615,0.1420410482158727,0.22185606462406637,0.21742946683382725,0.22185605454498103,USHighPlain
137,0.17359903686747047,0.2632939411607589,0.42540407651917955,0.18280527766855892,0.2562810573611429,0.2520375342118364,0.25628104836098076,USHighPlain
138,0.21636531044648266,0.30445796370435874,0.4705312622519924,0.22258312676945535,0.2978363890713449,0.2932332111955829,0.29783638103461185,USHighPlain
139,0.23687727326255947,0.3246311456077533,0.48658187699814426,0.24566611939839444,0.3175810013096312,0.31391199166468176,0.3175809941331962,USHighPlain
140,0.20660100267316217,0.29289951075130705,0.44371797005880764,0.21343519467588512,0.285782281489555,0.28264225155582134,0.28578227508132703,USHighPlain
141,0.16363343533185537,0.24870719758596693,0.38763400442040674,0.1706868091744611,0.2417692017496087,0.23848470087812657,0.24176919602735425,USHighPlain
142,0.14339742855806503,0.22835102244339778,0.3609558133486599,0.15521647429399033,0.22091356534551498,0.21760193237665915,0.22091356023580366,USHighPlain
143,0.10008865655842791,0.18356458791043329,0.30810099809397207,0.11155099640721178,0.17652821726552304,0.17271844738831432,0.17652821270278463,USHighPlain
144,0.03229330593849744,0.11487971153440935,0.23119814380700898,0.03960155837544077,0.10808549856886462,0.10409047900805635,0.10808549449454807,USHighPlain
145,-0.03243217591538072,0.04938120624845077,0.16216282794994563,-0.03059124969637883,0.042258671471172016,0.0376973877107033,0.04225866783299381,USHighPlain
146,0.02561169194756152,0.10635387326862977,0.21252318435043938,0.024071144061293737,0.0992144333899887,0.09429686588588515,0.09921443014126163,USHighPlain
147,0.09668585614628866,0.17725480231171553,0.2855366094550926,0.09418172077686271,0.16973558890564133,0.1656956998588206,0.16973558600467675,USHighPlain
148,0.1193264308159292,0.19848430705738984,0.3196554629748394,0.12103807322230598,0.1911497668836195,0.18700102409815833,0.19114976429319097,USHighPlain
149,0.17884502096756227,0.25723291442036644,0.38374034021713754,0.18056215041371493,0.24978255097336244,0.24589261518271077,0.2497825486602283,USHighPlain
150,0.177797233900701,0.2550266031170715,0.3891017329942914,0.18403545092740003,0.24731584941744145,0.24421826807712477,0.24731584735191847,USHighPlain
151,0.13345937109637163,0.20867562524705163,0.3460174506056324,0.13860657121517694,0.2013969957947659,0.19814626326122387,0.20139699395034838,USHighPlain
152,0.13227373983148083,0.2063479171599525,0.34535936955822266,0.13610720583383884,0.1994275422753935,0.19606336176255268,0.19942754062841295,USHighPlain
153,0.1749641445251493,0.24861535157756776,0.3939888408590184,0.17654218387116116,0.2416273396291837,0.2376922535095758,0.24162733815850546,USHighPlain
154,0.18895651006430647,0.26231330448667767,0.40552946848176186,0.18887123419151908,0.25486765015868706,0.25060122697219067,0.25486764884543867,USHighPlain
155,0.13910597246424017,0.21197326033177555,0.34442462240229155,0.1378560523837843,0.20424090681151197,0.1993888301332859,0.20424090563884123,USHighPlain
156,0.12652518553520808,0.19830026063501727,0.3375410651472399,0.12117796667127756,0.1907053660802014,0.18566237178027345,0.1907053650330599,USHighPlain
157,0.16439095905595802,0.23515507440778327,0.3951405715075653,0.1528961519209595,0.22771858814113477,0.2224449959017747,0.2277185872060854,USHighPlain
158,0.24908969589108265,0.318689432859228,0.4774611333106167,0.23184373613234577,0.3113943979457998,0.3059148922977424,0.31139439711084327,USHighPlain
159,0.3329848806836473,0.40145901333612,0.5581104754704354,0.31068333511298496,0.3942715006706681,0.3894706795023457,0.39427149992509003,USHighPlain
160,0.3945112876421639,0.4621793866569426,0.6181949656240648,0.37802376218980793,0.4545748418226696,0.4505180491789338,0.4545748411569024,USHighPlain
161,0.4221340341923485,0.48929383017296946,0.6555306725436334,0.4111944475519975,0.4813147566389937,0.47783782259947194,0.48131475604449414,USHighPlain
162,0.37564636210843116,0.44181151580730815,0.6217185576057497,0.3663450345434127,0.4335154810392938,0.4299647484901321,0.4335154805084329,USHighPlain
163,0.3529835559894867,0.41781550297582615,0.6095043427724778,0.3363940956243163,0.41010009313211726,0.406076742950771,0.4101000926580829,USHighPlain
164,0.40715547979738353,0.469536101206633,0.6580119167783804,0.38542187638881176,0.46234413542488806,0.45803380412821904,0.4623441350015973,USHighPlain
165,0.5026718403248909,0.5640189836075895,0.7359943271382057,0.47780989595700984,0.5568715712124261,0.5530962514203073,0.5568715708344469,USHighPlain
166,0.5287732553080313,0.5891228269980904,0.7494387254325519,0.5034414346905003,0.5824038867552368,0.5797442229286995,0.5824038864177186,USHighPlain
167,0.505797637211574,0.5659668301535272,0.7176827252163052,0.48129549766404867,0.5588154338637806,0.5569577794964454,0.5588154335623923,USHighPlain
168,0.4589800970087423,0.517436046766221,0.6691236461869874,0.4356222161418548,0.5110320400920587,0.5095307703976465,0.5110320398229327,USHighPlain
169,0.4777396580545954,0.5350412516000635,0.6799845128408426,0.45855166256515023,0.529033793128832,0.5271088293714192,0.5290337928885145,USHighPlain
170,0.5254761687937788,0.5817390843838395,0.7285034716897145,0.5091056279211414,0.5755703408178894,0.5740398542170853,0.5755703406032968,USHighPlain
171,0.4609925004161397,0.5162463478827181,0.6652220012391414,0.44707548233545424,0.509805850272994,0.5085762637540862,0.5098058500813727,USHighPlain
172,0.44387147898817303,0.4979478199859595,0.6426043612673937,0.42636659665591004,0.49185507835815945,0.4901474551143137,0.4918550781870503,USHighPlain
173,0.5045048657891311,0.5580461154179202,0.7032242806391831,0.48661313235214965,0.5518521909747651,0.5504517991898799,0.5518521908219725,USHighPlain
174,0.53722770146467,0.5908410107979514,0.7351685967378494,0.5182133339071806,0.5841115179514149,0.5818739675002402,0.584111517814978,USHighPlain
175,0.48649372434775573,0.5391138481847575,0.6760491805008708,0.46575907857485743,0.5323357185680057,0.5307512872519589,0.5323357184461738,USHighPlain
176,0.418551983895717,0.46916782034948157,0.6001285735993678,0.3944792673068531,0.4630450583637373,0.46113320865379737,0.463045058254947,USHighPlain
177,0.3862868147454108,0.4353052996344453,0.5634616537322275,0.36032754078172946,0.4297846756646069,0.4276688204898391,0.4297846755674619,USHighPlain
178,0.4040042568654745,0.4527214824594157,0.5739836519709365,0.38062898437342163,0.4467180926569023,0.4436857552711091,0.4467180925701564,USHighPlain
179,0.4069408410298705,0.45465145420900765,0.572846245843664,0.38396219236115525,0.4485359581182129,0.44559222703109547,0.44853595804075264,USHighPlain
180,0.4066809682005843,0.4525700374921755,0.5708439795359888,0.38366890802479525,0.4470678106061685,0.443158238449457,0.44706781053699984,USHighPlain
181,0.47630827608965065,0.5212775453509355,0.6335615436086355,0.4508085942025777,0.5160348046269889,0.5116494847137965,0.5160348045652245,USHighPlain
182,0.5278158027125188,0.5719926437659013,0.6847045571462234,0.4997857634171101,0.5664294260065645,0.5605240970809819,0.5664294259514118,USHighPlain
183,0.48682458203781903,0.5304167551995573,0.6444685137607448,0.4509093821145555,0.5243397768371441,0.5192089938124022,0.5243397767878952,USHighPlain
184,0.4063231137066734,0.4493861612152398,0.5683448166284276,0.36039607932283,0.44317142722311853,0.4382994893002221,0.4431714271791416,USHighPlain
185,0.42520531207891077,0.4672949447492287,0.588593277731666,0.3702747643363242,0.46093485595129224,0.45582737853640554,0.46093485591202277,USHighPlain
186,0.48044043897956734,0.5211319018237441,0.6394013722794525,0.4326835758743144,0.5149616626812281,0.5104557240064225,0.5149616626461624,USHighPlain
187,0.5191476861203639,0.5587940227880723,0.6757776415020598,0.4703140851044285,0.5524852801629059,0.548018632755749,0.5524852801315938,USHighPlain
188,0.4903758368527771,0.5291172469653186,0.6408803062185965,0.4400041163096835,0.5225518487333245,0.519070029880913,0.5225518487053642,USHighPlain
189,0.39309524066891677,0.4311871347277192,0.5343246041451425,0.3408784047962381,0.4247572880002435,0.42109254909521077,0.42475728797527623,USHighPlain
190,0.35003366571927264,0.38747373618722714,0.48961480673749036,0.2996854404695912,0.3810274561561737,0.37733232267888783,0.3810274561338791,USHighPlain
191,0.36372127796911147,0.4006220159956575,0.5111908897966224,0.314561544451716,0.3936997254382213,0.38931081442104953,0.39369972541831344,USHighPlain
192,0.33233885111645556,0.3685832665712583,0.48751286577212716,0.28377439269334614,0.3613059887388179,0.35689095737374577,0.361305988721041,USHighPlain
193,0.2556833882156917,0.29099137726538604,0.41049833072627695,0.2063681740909291,0.28364281738385855,0.2789054550388441,0.2836428173679846,USHighPlain
194,0.2124791798288319,0.2450436759662129,0.379540931753084,0.16600628758761227,0.23817825600827724,0.233060068889146,0.23817825599410258,USHighPlain
195,0.22536430017030828,0.25646691619863105,0.4157266761903371,0.17025954306248914,0.2503008449685973,0.24490596646953922,0.25030084495594007,USHighPlain
196,0.27631355975042693,0.30610705113006187,0.47057749377227,0.22451974427931143,0.30025523381233077,0.2951484222970788,0.3002552338010287,USHighPlain
197,0.33152080095817293,0.3608744567005431,0.5208233748451732,0.2862532199188925,0.35446944593924856,0.34948739096313997,0.3544694459291562,USHighPlain
198,0.3830022977947751,0.4118759451098679,0.5692061969507807,0.3428697912421901,0.4049595582091685,0.39983701631533997,0.4049595582001564,USHighPlain
199,0.4712315574603738,0.4999741150881172,0.6462373567726738,0.4292895143184854,0.4927221769561747,0.4883308659358705,0.49272217694812737,USHighPlain
200,0.5338136891325871,0.5612126248740699,0.7019204284356166,0.4846838202933159,0.5540503793641329,0.5506491474365125,0.5540503793569471,USHighPlain
201,0.5919603986779025,0.6185655714207292,0.7548356306390147,0.5430869955986839,0.6118099726922153,0.6090944180705953,0.6118099726857986,USHighPlain
202,0.6426297337150173,0.668623856958833,0.796282335174282,0.5926848529238224,0.6616103554879875,0.6595444123490233,0.6616103554822577,USHighPlain
203,0.6489008265405836,0.6743487193388862,0.8001375606758414,0.597920453500419,0.6670008586872844,0.6655233410237884,0.6670008586821681,USHighPlain
204,0.6919248338162816,0.7158941567130552,0.8410583804490201,0.6454585557353973,0.7089245746155719,0.707861068117694,0.7089245746110033,USHighPlain
205,0.6752699143084832,0.6968939810617373,0.8335676652923645,0.6264056594679146,0.6905545600382692,0.6901758836928765,0.6905545600341897,USHighPlain
206,0.6919066349594316,0.7135599600839897,0.8505059881090533,0.6362569114659236,0.7069156396811569,0.7066657982663918,0.706915639677514,USHighPlain
207,0.737921128514726,0.758328981219285,0.8907053585937161,0.6789618317668134,0.7518467581529273,0.7517395883398561,0.7518467581496746,USHighPlain
208,0.6924389675292004,0.7124581346991234,0.8529011666956781,0.6336781180256641,0.70581581292638,0.7060531142132858,0.7058158129234754,USHighPlain
209,0.6859579305773915,0.7055359788327396,0.8445506853252458,0.6330862872105194,0.6985307716541327,0.6989075678476342,0.698530771651539,USHighPlain
210,0.6829354664559747,0.7013737406767264,0.8421001984890519,0.6352825837093483,0.6941624382558595,0.6946791524191412,0.6941624382535435,USHighPlain
211,0.6361021399859754,0.6529232929408539,0.810547177675133,0.5934656565562193,0.6463366221719684,0.6470159171284648,0.6463366221699003,USHighPlain
212,0.6301743172627794,0.6459886139644921,0.8084013411568165,0.5828161554383202,0.6397318617047034,0.6409081037886293,0.6397318617028565,USHighPlain
0,0.20100252671385552,0.20100252671385552,0.20100252671385552,0.20100252671385552,0.2027817551501095,0.20100252671385552,0.20100252671385552,Greece
1,0.20843684265884316,0.18905423564910195,0.2238667362784552,0.20263009882401056,0.20697804369817185,0.20526163008947723,0.2058281426936967,Greece
2,0.34316950602559504,0.31546814102532317,0.3592317305249243,0.33202690971655807,0.33857451605853006,0.3369336531263395,0.3378313443032062,Greece
3,0.6092930252397595,0.5784396025076532,0.6322092243975939,0.5984746510145205,0.6063233202423473,0.6055769597780335,0.6058430143240451,Greece
4,0.8072892714933424,0.7793494844117452,0.8345731464901973,0.7960317619325561,0.803283015106028,0.8038683754665559,0.8029725972604849,Greece
5,0.8727756470841201,0.8454603956439005,0.923955998897028,0.8628598755728504,0.868621215877239,0.8698526706962757,0.8684205953244625,Greece
6,0.7571532672542031,0.7168664011813162,0.8359736433951491,0.7440964234485279,0.7487291519109324,0.75113093194302,0.7485994924639184,Greece
7,0.7842638017579834,0.7414710449841069,0.8562380754058911,0.7688894972955951,0.7741237039409854,0.7771920284827007,0.7740399060849469,Greece
8,1.003446359854983,0.9564164815067663,1.056987110256042,0.9883156700916486,0.993762456368655,0.9972336815141142,0.9937082984893922,Greece
9,1.0415633597011735,1.002333016633689,1.1007779963277406,1.0237274328541521,1.0290438509773747,1.0319563260138036,1.0290088491763156,Greece
10,0.9186831041389177,0.8879005126655671,0.9844615960750476,0.9009174682872183,0.9053744465804915,0.9082541871117682,0.9053518251984497,Greece
11,0.775680634265553,0.7464361395960099,0.8446835633047817,0.7556996224049588,0.7602967361937848,0.765092195936591,0.7602821161768143,Greece
12,0.8005915119171756,0.771696457573076,0.8767594280587181,0.7791629302477652,0.7833446626272229,0.7886263377790739,0.7833352138280372,Greece
13,0.7105074261384837,0.6805886629671846,0.7759754155524582,0.6845179115820148,0.6910130864985256,0.6962338609448471,0.6910069798157336,Greece
14,0.5998862854997421,0.5707087068114042,0.6560510841098119,0.575676327165103,0.5831133308971118,0.5867307789884098,0.5831093841972201,Greece
15,0.5973205232498776,0.5553787471749079,0.6437376187956343,0.5692074878782655,0.5776107179355013,0.5801838860463994,0.5776081672151568,Greece
16,0.6008575836563604,0.5516207422126272,0.6531784627069648,0.569403114164886,0.578206235400873,0.58051826619359,0.5782045868908635,Greece
17,0.7039394243756377,0.6522186742894496,0.7595166131396643,0.6726744790515652,0.6814739405871775,0.6826920202178097,0.6814728751684391,Greece
18,0.7462923174193626,0.688286918285701,0.7853247327051263,0.7118522588677515,0.7202947763873699,0.722467668153057,0.7202940878158226,Greece
19,0.6628123876522872,0.6040241696157735,0.7085191115884817,0.628660005603532,0.6366190664509868,0.6365659293311713,0.6366186214327431,Greece
20,0.7913837971759824,0.7217079282929434,0.8455256176084724,0.7523885165134933,0.7598465448982158,0.7587097692283647,0.75984625728651,Greece
21,0.7417577577531602,0.6701941365182831,0.7860395961797741,0.7007225229681059,0.7078102458586768,0.7074284545577163,0.7078100599775485,Greece
22,0.5366749072509428,0.46299217888998123,0.5759470343671166,0.49683585340814246,0.5037783639489306,0.5033199496619349,0.503778243815455,Greece
23,0.5443136268903043,0.4693287223919217,0.6057311158781973,0.5055377497031346,0.5126180561157896,0.5110669896599284,0.5126179784744922,Greece
24,0.611306594916871,0.5333286436099329,0.6790733237059317,0.5715181171799443,0.5788219830324776,0.5769993640546965,0.5788219328535326,Greece
25,0.6730048845600937,0.605297820511536,0.740741815760335,0.6322403833266088,0.639488581770054,0.6379429237897317,0.6394885493398061,Greece
26,0.7025815088309513,0.627933721824214,0.7665424588025841,0.6587847396501257,0.6668332125410452,0.6677805873685346,0.6668331915816372,Greece
27,0.6648443855990355,0.582593641524893,0.7060148303078582,0.6166540450785173,0.6245231299334459,0.6245776759283703,0.6245231163875494,Greece
28,0.6164452349877024,0.5340057725575188,0.6491302573597677,0.5662910318420105,0.5742119925044856,0.5741485855449019,0.5742119837498818,Greece
29,0.5106903929930746,0.42406791435811086,0.5434530937566749,0.4596689982166569,0.4677431888260626,0.4665966197718475,0.46774318316803265,Greece
30,0.4317752591361152,0.3580411687627394,0.4809071518119023,0.38297949616826493,0.3909753272498531,0.38937575476379915,0.39097532359311393,Greece
31,0.516668396316616,0.4366465401520989,0.5883131245523209,0.467555311033431,0.4751692692343635,0.4722456595778087,0.4751692668710424,Greece
32,0.5972484036154079,0.5180602642728951,0.6787682630747585,0.5429186591246937,0.550079992380572,0.5476166061337979,0.5500799908531767,Greece
33,0.6847625737127673,0.6041625326046342,0.7797012183246815,0.6311072529919645,0.6375823297543862,0.6351896335661743,0.637582328767243,Greece
34,0.7618967733374311,0.6858210382559539,0.8584692188989818,0.7076377503662243,0.7121001820200036,0.7126121581467504,0.7121001813820209,Greece
35,0.6521616422461172,0.565749340014269,0.7348163095217952,0.5952397781150457,0.6001523867154079,0.6034328300173498,0.600152386303085,Greece
36,0.5968281379920658,0.5064863188664601,0.6605426931248997,0.5394107085775194,0.5449540753851352,0.5470465349356559,0.5449540751186542,Greece
37,0.6094431916465388,0.5208119115890713,0.6690005281680556,0.5506986620773334,0.5581782431301302,0.5599997257554832,0.5581782429579057,Greece
38,0.6212499172359802,0.5331055292901813,0.6609360077476518,0.5610020222278503,0.5693351542630533,0.5709321536011875,0.5693351541517461,Greece
39,0.6995926745270131,0.6032996008838506,0.7230213266800878,0.6345958071414616,0.643605761754689,0.646532291213163,0.6436057616827521,Greece
40,0.7555824005542013,0.6577731463681628,0.7825150078697202,0.6885265766530196,0.6974854301657366,0.7005139798787757,0.6974854301192444,Greece
41,0.6507472383732578,0.5506190921277563,0.6757517237090748,0.5828119750403744,0.5918082947396229,0.5954315474699498,0.5918082947095753,Greece
42,0.6363938992637311,0.5375339254443304,0.6564709905974568,0.5685776449076085,0.5774325350979034,0.5796774632508237,0.5774325350784839,Greece
43,0.8340735112915167,0.7386436409654804,0.8534049106757038,0.763514833260629,0.7719672169581819,0.7735758850046532,0.7719672169456313,Greece
44,0.9256044275127998,0.8231003512826599,0.9566103283275845,0.8537403553012843,0.8609438501554608,0.8641706472223263,0.8609438501473494,Greece
45,0.9817520705592876,0.8844772565861352,1.02627902413481,0.9079533574164131,0.9143972006753711,0.9174505891398684,0.9143972006701286,Greece
46,1.0440132463140965,0.940322268818654,1.0768592557781484,0.9674784402663033,0.9728301169039795,0.9772837078273703,0.9728301169005913,Greece
47,1.0346631542914053,0.9270795672554988,1.071401340239371,0.9592202447191549,0.9651797715350832,0.9701690545184097,0.9651797715328934,Greece
48,0.8799381916906918,0.7750103757021461,0.9091108368094315,0.8057300568550455,0.8120750814961943,0.8168575471880544,0.8120750814947791,Greece
49,0.709065021801016,0.5986367143073384,0.7260748601998982,0.6320715768940898,0.6385969007587305,0.6427680368436278,0.6385969007578159,Greece
50,0.7610097422486629,0.6485267774081525,0.7729975594766416,0.6825267827045738,0.6904232436611097,0.6936660969977463,0.6904232436605187,Greece
51,0.7986775378251778,0.6892912512332325,0.7929450090207268,0.7192398179444182,0.7259275728116779,0.7287607900626054,0.7259275728112958,Greece
52,0.7690259800711797,0.6564838660765668,0.7619521858378826,0.6861992947868245,0.6927908241638592,0.6948585386135898,0.6927908241636123,Greece
53,0.8198872501970096,0.7016509162455548,0.8297197313424438,0.7354053943690143,0.7419213834855459,0.7451387990264214,0.7419213834853864,Greece
54,0.7098215885618262,0.5928887722168191,0.7270320155357601,0.6267488280963849,0.6333458773657978,0.6364184244822695,0.6333458773656947,Greece
55,0.4874562040686834,0.3760742035009514,0.4806235954902852,0.4015736530550965,0.40829138842603846,0.40854449979852203,0.4082913884259718,Greece
56,0.2980083686509293,0.18281446457317846,0.26772821534606117,0.2120921122904259,0.21867082644757124,0.21817003836670343,0.21867082644752817,Greece
57,0.17813661965462133,0.06761064440912654,0.13976590498962135,0.0871739374158565,0.09294830574327748,0.09205118047983732,0.09294830574324964,Greece
58,0.16704470780214475,0.056484729065542874,0.14761051450873738,0.07754121838963858,0.08172726722230467,0.08114746239199191,0.08172726722228668,Greece
59,0.19269396184556475,0.07750911143159289,0.18516615745171008,0.10228135317718023,0.10677132774712061,0.10621577963152468,0.10677132774710898,Greece
60,0.3237771406473103,0.20339594729006694,0.31458979396794,0.22974387160726806,0.23589815487428353,0.23476738173746833,0.235898154874276,Greece
61,0.4778071737768622,0.35790715318822797,0.46525522050256535,0.3813013214154335,0.3891855536704034,0.38774562753322295,0.3891855536703986,Greece
62,0.4370327002690575,0.3171521280963982,0.4085528423848227,0.33536740372106494,0.3442789416245306,0.3419381210713619,0.34427894162452743,Greece
63,0.43370383684302266,0.31933953249833,0.3955481856660849,0.33125474805519134,0.3403664703229234,0.3374735675054399,0.34036647032292133,Greece
64,0.49909554178891624,0.38025713090228064,0.469474605439799,0.3967873254762955,0.4059027341935437,0.40435624351444105,0.4059027341935424,Greece
65,0.544457799884952,0.4197491222693134,0.5292560771296518,0.44413421227631517,0.4529236395371181,0.4519123681407596,0.45292363953711723,Greece
66,0.7127430734496233,0.5837965225297335,0.6982821589761797,0.6102436668003415,0.6186287035042226,0.6189000167752392,0.6186287035042222,Greece
67,0.7722019990886672,0.6393340934786453,0.7508552469162217,0.6665061167967665,0.6743331004950073,0.675160285007738,0.674333100495007,Greece
68,0.5708322957663087,0.43775248245125403,0.5387562815261789,0.46437758811313223,0.4710586155476595,0.4723228921469663,0.4710586155476593,Greece
69,0.34929717997105697,0.21612258411634042,0.2978533078661081,0.24410984085046555,0.25037941470565567,0.2501083126338165,0.25037941470565556,Greece
70,0.26403141853616685,0.12815348021900005,0.21366754978091693,0.15792999025477525,0.16410160423051295,0.16330943065809855,0.1641016042305129,Greece
71,0.34228961110062206,0.21219426077644285,0.30473349431945723,0.23350316343857078,0.2385752776953783,0.23778011910885877,0.23857527769537826,Greece
72,0.3845882736961679,0.2511088366926485,0.3450194953062899,0.2759019068034083,0.27999325606490827,0.2784467933220959,0.2799932560649082,Greece
73,0.30807209404640556,0.1687717998595944,0.2606875638813367,0.19582115109422626,0.20186441730880916,0.1994802980311436,0.2018644173088091,Greece
74,0.3026813013604848,0.16320905181165968,0.2518473307825731,0.1883035570937773,0.195953116027447,0.19319792461772547,0.19595311602744694,Greece
75,0.3345420318993312,0.19169185310477796,0.269123418566546,0.21687310352832,0.22539048608228004,0.22260692587015984,0.22539048608228,Greece
76,0.43469233275800007,0.2938381016445196,0.36546528569479103,0.31591475587382406,0.32449632857631305,0.32169547582045577,0.324496328576313,Greece
77,0.48709971989351664,0.33791224664719244,0.4143136406444462,0.3670110876064793,0.37466347070607575,0.37336387846854907,0.3746634707060757,Greece
78,0.36568159774779185,0.21149592087860736,0.3004048336273373,0.24236054390671796,0.2502322762819762,0.24809345374782088,0.2502322762819762,Greece
79,0.4232916316585832,0.2716495197196369,0.384788685349698,0.30065855534441943,0.3079819458253782,0.30632791340253185,0.3079819458253782,Greece
80,0.6390608433117151,0.48657109108978086,0.5995720816325814,0.5159070044360691,0.5227979228768709,0.5211831369672452,0.5227979228768709,Greece
81,0.7111816283576214,0.5648543232959787,0.676079043557056,0.5872351160971182,0.593780900086187,0.5938947129469021,0.593780900086187,Greece
82,0.7229237855525423,0.5688445705208469,0.7025215184005401,0.5990353958964231,0.603744221256704,0.6052015541505898,0.603744221256704,Greece
83,0.8255644804567748,0.6665731155669932,0.8030654482966579,0.6981340038401717,0.7031483087969616,0.7067034154382745,0.7031483087969616,Greece
84,0.7297109660843256,0.5654990252960821,0.7053282524003489,0.601381436003608,0.6062464811460915,0.6097371755140484,0.6062464811460915,Greece
85,0.6458952198965301,0.4855393521454133,0.6191952172857692,0.5163594745366327,0.5212314785388775,0.5234301350553512,0.5212314785388775,Greece
86,0.6683612142000369,0.5008849030028076,0.6324647066802539,0.533964165715923,0.5408354431078841,0.5427770675078343,0.5408354431078841,Greece
87,0.6961942504371392,0.5258740080970156,0.6477853899051641,0.5593128859124775,0.5673405125777818,0.5691658254934227,0.5673405125777818,Greece
88,0.7217314609370201,0.5487297830506135,0.6804815369785921,0.5841648300032332,0.5925412088474551,0.5940300792002472,0.5925412088474551,Greece
89,0.7873070116657301,0.615153366334647,0.7537064684845813,0.6513987138932408,0.6599862331123355,0.66161022394517,0.6599862331123355,Greece
90,0.8257298669378064,0.6515533740273566,0.7976435515548407,0.6871956773343878,0.6954433941256932,0.6988840180718835,0.6954433941256932,Greece
91,0.857730079406016,0.6838857141028326,0.8281227524305568,0.7172125923119903,0.7250051622937826,0.7280863321094203,0.7250051622937826,Greece
92,0.9424290668229923,0.7793009427474404,0.9019968361586567,0.8006337789950733,0.8076064628112332,0.8105682390922149,0.8076064628112332,Greece
93,0.9793885387258368,0.8090202464129476,0.9364327324377467,0.8317794456192907,0.8379928166400722,0.8419910283100503,0.8379928166400722,Greece
94,0.9923709844926639,0.8249199916605072,0.9488597001859266,0.846003491123733,0.8514227690874928,0.8541737479365069,0.8514227690874928,Greece
95,0.8409472159287517,0.668626005624072,0.7959735716376931,0.694320068409972,0.6997664804930013,0.702605258373943,0.6997664804930013,Greece
96,0.7286120798903266,0.5585730111208455,0.6759381477781303,0.5860173738510595,0.5898897685971946,0.5924515640516652,0.5898897685971946,Greece
97,0.7703314812025199,0.5971426913030625,0.7148674841788132,0.623045643836983,0.6290241096828942,0.6329572170055014,0.6290241096828942,Greece
98,0.8646671467087497,0.6853421028717108,0.7972469887978781,0.7157049810725342,0.7227325515766427,0.7274004136433242,0.7227325515766427,Greece
99,0.8408891433846408,0.6557480266507758,0.7537896365378275,0.6898468784307232,0.696983958705758,0.701511268768358,0.696983958705758,Greece
100,0.7327037671378197,0.5536152972228918,0.6467042139470008,0.5771777938922139,0.584394566352205,0.5875985826362943,0.584394566352205,Greece
101,0.8510848995917389,0.6677985605258207,0.7727561327531411,0.6966273655771701,0.7041033386203501,0.7069653150460127,0.7041033386203501,Greece
102,0.9617967208119599,0.7811361100961757,0.88986322293002,0.8063539865168547,0.8141079827776441,0.8169723237400532,0.8141079827776441,Greece
103,0.7970412495682614,0.6239376100748476,0.7507853174177143,0.6398160535233985,0.6468085087232406,0.6495402892239814,0.6468085087232406,Greece
104,0.606091764903053,0.4313407033412872,0.5575213877869897,0.44772955173814066,0.45264963555746074,0.45541855086709326,0.45264963555746074,Greece
105,0.5353179725912315,0.3594776087357035,0.4961144370064479,0.3790483908704271,0.38241034127844237,0.38554688668498055,0.38241034127844237,Greece
106,0.5638851170021527,0.37994959360410396,0.5433201120362249,0.4031830590632297,0.4076707475107197,0.4096290389397606,0.4076707475107197,Greece
107,0.5799138677635632,0.39063669034836307,0.5625890024474898,0.4180175121827958,0.42312760000620786,0.4241193611350351,0.42312760000620786,Greece
108,0.6728705071976545,0.4842135674766413,0.6445513277122981,0.5120359266336891,0.5183233261635248,0.5179432552916721,0.5183233261635248,Greece
109,0.7404709105316991,0.549032522057095,0.695585787703491,0.5759189485216766,0.5821534332778967,0.582138349456767,0.5821534332778967,Greece
110,0.6321037007125367,0.43325394632143827,0.5647840473637991,0.4672184373869613,0.4718712513793674,0.4715166885635616,0.4718712513793674,Greece
111,0.5473011674099747,0.3488591899228813,0.4563042690570211,0.3818401221646122,0.3868745670354273,0.38509252892973184,0.3868745670354273,Greece
112,0.5225717645851882,0.3182112845976111,0.4218999294214425,0.35404128433681764,0.3594109859915772,0.3578959766653593,0.3594109859915772,Greece
113,0.4598821792958501,0.26397689061768936,0.37096730418188706,0.2870967336693215,0.29286736337431346,0.2912315658806295,0.29286736337431346,Greece
114,0.4317797988018829,0.2432796594121989,0.34685437814229053,0.25924852462500264,0.2648828495694704,0.2650012690497696,0.2648828495694704,Greece
115,0.3641185027022324,0.17848652886974478,0.283543273978017,0.18788641598248584,0.19416728980326378,0.19275260477871103,0.19416728980326378,Greece
116,0.33310309260659665,0.137140910463024,0.27410224902845187,0.15677187747949287,0.1624822836883606,0.15985620148397972,0.1624822836883606,Greece
117,0.25491996371735676,0.06474057173321446,0.18144380658549647,0.07831147522078691,0.08386640028628853,0.08111965777673176,0.08386640028628853,Greece
118,0.39014509335365866,0.20187698208645868,0.2993134157248343,0.2115313153365788,0.21698575419171492,0.2141610298989903,0.21698575419171492,Greece
119,0.5121710221107187,0.32758597850819815,0.40918557030470737,0.3364317622700664,0.34025943702367295,0.3375329564871837,0.34025943702367295,Greece
120,0.5177433695794492,0.3211919310110156,0.4056054377911901,0.3386659298277284,0.34246427795458034,0.3402487536097616,0.34246427795458034,Greece
121,0.7122420002321806,0.5097801345338986,0.6008248839836344,0.5298141198308584,0.5353082562543574,0.5332660675762235,0.5353082562543574,Greece
122,0.7037010500275642,0.4936402122199513,0.5881865227622001,0.5216386833882066,0.5262196575573179,0.5260944822050995,0.5262196575573179,Greece
123,0.4801210690133295,0.2762674438314807,0.3424504988352269,0.2952056993275968,0.29967703576926674,0.2983849627930134,0.29967703576926674,Greece
124,0.42856283870764234,0.23043604945513782,0.27821597218386634,0.24029989680993,0.24672581459221052,0.24542211993989047,0.24672581459221052,Greece
125,0.49956024448366665,0.30096091327739527,0.3543902545437532,0.3096109179233611,0.31734468158335494,0.31602151557494873,0.31734468158335494,Greece
126,0.5562178610742179,0.35494728935238967,0.43211055177124746,0.3623115198559574,0.37010547165562935,0.3691739554164358,0.37010547165562935,Greece
127,0.5670443363613763,0.36976303482746686,0.4727308454943089,0.37457986277396194,0.3805004193298783,0.37986393257236933,0.3805004193298783,Greece
128,0.6416408373279898,0.4431144133642661,0.5575974880033043,0.4490295843420595,0.45377454749069607,0.4519604242867572,0.45377454749069607,Greece
129,0.8223598982337557,0.6109787980685094,0.7349479466520141,0.6302877574850859,0.6341607094984466,0.6334283135891615,0.6341607094984466,Greece
130,0.9275967672981781,0.7114849601027902,0.8251584730068329,0.7320835141302651,0.7350085087427581,0.7359670523724865,0.7350085087427581,Greece
131,1.0074885820273178,0.7897368012590066,0.8889563665807827,0.8084998781265752,0.811020223020463,0.8129418490801676,0.811020223020463,Greece
132,0.9197416003644906,0.6999155296592107,0.8020507023497306,0.7230395108121727,0.7249394836390946,0.7267770825769153,0.7249394836390946,Greece
133,0.754411114084268,0.5391140042576263,0.6328099035318088,0.5575223042959505,0.5596423963356869,0.5616488598596071,0.5596423963356869,Greece
134,0.6727990650172494,0.4613079318723764,0.5545658010933807,0.4718011286826611,0.47700845277225545,0.4796353231954917,0.47700845277225545,Greece
135,0.6576511102301783,0.43474412361869946,0.534405651884434,0.4537424162169602,0.4606783158117417,0.46351938622739053,0.4606783158117417,Greece
136,0.5856026427922271,0.3517993042927438,0.43826081876488643,0.3773876672937422,0.38525711359388115,0.3889466118077977,0.38525711359388115,Greece
137,0.47252393511525836,0.23946074974727194,0.3124354817381986,0.2629721204488736,0.27156385457927645,0.2741943215705647,0.27156385457927645,Greece
138,0.347078622090703,0.11302664526160044,0.18291283003264192,0.13587733089296072,0.14467788199011603,0.14640945429732144,0.14467788199011603,Greece
139,0.41890682379402466,0.1810367453417149,0.2542740300825984,0.2049226145014798,0.213488037051003,0.21424743591973644,0.213488037051003,Greece
140,0.5307884954385508,0.29947492761744937,0.3792460341569423,0.32085629837726365,0.3286365693948981,0.3297267436550053,0.3286365693948981,Greece
141,0.4639592734761418,0.22451220911634517,0.33839811533633674,0.2525144810845227,0.25974477323967177,0.2592432292095794,0.25974477323967177,Greece
142,0.36039342316350165,0.12788936995898137,0.2415969452282422,0.1450506311163077,0.15119371789158348,0.1494451233885462,0.15119371789158348,Greece
143,0.333743554603348,0.10801927553691451,0.2085273085031047,0.12024667688012422,0.12445239143716011,0.12281496046652099,0.12445239143716011,Greece
144,0.5554044343090433,0.32274478422640784,0.42773626463802994,0.3380185322203672,0.34135850270533136,0.3405221432011269,0.34135850270533136,Greece
145,0.6970822633690245,0.45637409924858086,0.5645456749027681,0.47986621533895363,0.48309380318783063,0.48345001481430544,0.48309380318783063,Greece
146,0.6966063127205031,0.44883441498520715,0.5712347815624016,0.4791533851678725,0.4831767358497091,0.4852438152592147,0.4831767358497091,Greece
147,0.7354735756845806,0.4796115508701635,0.5988625441700617,0.5128000251438375,0.5182312806505703,0.5216871780809131,0.5182312806505703,Greece
148,0.7528735174505172,0.49423329086331524,0.6085284467706641,0.5297495370440891,0.5357757933489061,0.5382459572018673,0.5357757933489061,Greece
149,0.8078896019244082,0.5493732489641349,0.6619183986543331,0.5837435094962112,0.5893200928726219,0.5921042050645862,0.5893200928726219,Greece
150,0.9506902265892695,0.6896495184664743,0.8075733284986558,0.7269596459634903,0.7316912547742545,0.7347238736516157,0.7316912547742545,Greece
151,0.925226357834913,0.6630471602566124,0.810283052079259,0.7033134024345433,0.7075150476749621,0.7113140631164523,0.7075150476749621,Greece
152,0.90846476347828,0.6465201531028352,0.8023311164578005,0.6831335318352795,0.687933478721092,0.6919497773060133,0.687933478721092,Greece
153,0.974048034443194,0.7189566838133719,0.8555673336371433,0.7472003241718498,0.750650742836121,0.7539849165453502,0.750650742836121,Greece
154,0.9863787567792474,0.7258856324457928,0.8740774123694093,0.7544732327760545,0.7574770080831025,0.7603584915376457,0.7574770080831025,Greece
155,1.0818723922650182,0.8112769825989601,0.9546099479137176,0.8452389174547537,0.8488914173043565,0.8507536968471305,0.8488914173043565,Greece
156,1.078043984736448,0.8051752659454046,0.9352656162831418,0.8391343201262107,0.8442527286798217,0.8457636260472285,0.8442527286798217,Greece
157,0.9305413987413136,0.6545824776758837,0.7993288818437512,0.6897637366387046,0.6962264645401773,0.6975984808833747,0.6962264645401773,Greece
158,0.8073738344505423,0.5312438305261631,0.6801350194383815,0.5672149905932358,0.574546541259084,0.5758287999151924,0.574546541259084,Greece
159,0.787288344167431,0.5165012020215934,0.6505149491793449,0.5457753957317012,0.5528138014106011,0.5540362009268293,0.5528138014106011,Greece
160,0.8334825898871827,0.5651658071340627,0.681162118022836,0.5931336173644864,0.5995086629859644,0.6020131863898786,0.5995086629859644,Greece
161,0.7779871664939262,0.5091515835658338,0.6051450997323581,0.5358473541101005,0.5412063436289368,0.5442683368530782,0.5412063436289368,Greece
162,0.8936302224962899,0.6252260112913062,0.7177541933151116,0.6539256753982271,0.6586875053341235,0.6622465120726603,0.6586875053341235,Greece
163,0.9798116239967619,0.7170929971766121,0.8063660028992649,0.7369720103170944,0.7413611998048617,0.744231426883816,0.7413611998048617,Greece
164,0.9122030574090113,0.648818517799244,0.7485543700671001,0.6748284842654813,0.6777465103390446,0.6801397902056339,0.6777465103390446,Greece
165,0.634189569467989,0.3727729564972473,0.4573170998830487,0.3940239017630893,0.396575093083008,0.39976236168076607,0.396575093083008,Greece
166,0.5149256332622494,0.24532751157771507,0.3402430230002059,0.27085175251900195,0.2731832526298665,0.27487860916841006,0.2731832526298665,Greece
167,0.5178538650112203,0.2452083045991792,0.36076272827105593,0.2700010672200363,0.2718784331400051,0.2749391413280087,0.2718784331400051,Greece
168,0.518418350871479,0.255079142836981,0.3552485335786308,0.271102505582611,0.2723158320521928,0.2743282076433322,0.2723158320521928,Greece
169,0.587703073106046,0.31823256660038446,0.41051167248995707,0.3385930770761972,0.339431459043946,0.3422520117651775,0.339431459043946,Greece
170,0.5669535491384504,0.3047920845239543,0.38675728772222756,0.31827633734053545,0.31884528627474085,0.3221206144535771,0.31884528627474085,Greece
171,0.7046402699726672,0.4297045026570934,0.5311423076942546,0.4529486698322356,0.4555940996864236,0.4592166500650947,0.4555940996864236,Greece
172,0.61992560724327,0.34462783944955777,0.4390845774810077,0.36403938674868563,0.368708054966754,0.37129703377430484,0.368708054966754,Greece
173,0.6014802241750197,0.32247227151117774,0.4100545718096092,0.3420816706416949,0.34781584522528775,0.3504155405600076,0.34781584522528775,Greece
174,0.7529644358505211,0.46387553593417824,0.5581219991592972,0.4895032818781857,0.49563173256197407,0.4979575198230296,0.49563173256197407,Greece
175,0.8559184903783674,0.5598505360851076,0.6754375498625916,0.5919144324906455,0.5972584586085722,0.6001549957236372,0.5972584586085722,Greece
176,0.8446248769580977,0.547868388517195,0.6965218619600968,0.5817814240898228,0.5866722234632248,0.5898840597127085,0.5866722234632248,Greece
177,0.7239681290618138,0.42344282865568894,0.5698128275684846,0.4606385093073325,0.46542916846116156,0.4680126245712165,0.46542916846116156,Greece
178,0.6224159656465282,0.32876066012267985,0.44481885094520746,0.3556122640438246,0.36036763952866074,0.36129463185926236,0.36036763952866074,Greece
179,0.5995932325388613,0.3152604777561765,0.4118118356341079,0.33315476093374685,0.3373637917315949,0.3376858171091572,0.3373637917315949,Greece
180,0.4112651643334981,0.12832610517642093,0.21471607091708653,0.14298896605486985,0.14787519057551654,0.1476547859790397,0.14787519057551654,Greece
181,0.3333943597547646,0.051050688986978676,0.13553835149207522,0.06200691011016482,0.06664564293511131,0.06610633466745972,0.06664564293511131,Greece
182,0.3873637662003533,0.09640538543636704,0.1846426905276212,0.11573076129659862,0.11948780078481111,0.11877020386576342,0.11948780078481111,Greece
183,0.5397578166844731,0.24261583345629642,0.3480740487367965,0.2652099207260119,0.270631579589754,0.26909616225485805,0.270631579589754,Greece
184,0.6483373244187551,0.3481539042187892,0.45702317231453393,0.37071136492330126,0.3752726068520861,0.37375935749420885,0.3752726068520861,Greece
185,0.691558379223499,0.3889324726330989,0.4885867930038796,0.4137954597849672,0.41803521342923555,0.4170874194295713,0.41803521342923555,Greece
186,0.5605255056085111,0.25729202062748513,0.3450015001816075,0.2814758091820716,0.2856625684320596,0.2839930516924174,0.2856625684320596,Greece
187,0.394895078021688,0.0908498481913495,0.1715852548861957,0.11508656132517914,0.11968799738746588,0.1171576696806203,0.11968799738746588,Greece
188,0.4559621710763922,0.14432733156353467,0.23638264459817027,0.17369656894810637,0.1794891933118536,0.17716822185868378,0.1794891933118536,Greece
189,0.6974996417670817,0.37553764475447327,0.48796439085221,0.4088070531955448,0.4149911249552868,0.4139455542101428,0.4149911249552868,Greece
190,0.6969074773609504,0.3749154767239222,0.4941737122915909,0.4055710583209708,0.4115417202726709,0.4127875700220248,0.4115417202726709,Greece
191,0.6708090562860782,0.36012677071916205,0.4576153088721504,0.3817667382335701,0.38672712778387097,0.38735025930763434,0.38672712778387097,Greece
192,0.8633079235157068,0.5547820141207132,0.6471490935698315,0.5751661165859029,0.5795339830928287,0.5822160666346827,0.5795339830928287,Greece
193,0.7828218297920356,0.47728014725366724,0.567281257532506,0.4945376412877429,0.49872519959057554,0.5013834759464342,0.49872519959057554,Greece
194,0.6879344225422616,0.3958033846951188,0.4710165567890776,0.40704818814449434,0.40989012045291867,0.41289213145390397,0.40989012045291867,Greece
195,0.8593561214949959,0.5660565242547787,0.635433180841972,0.5746800681745686,0.5779190304031493,0.580485893228132,0.5779190304031493,Greece
196,1.013378859264503,0.7056471533862947,0.7792452408359376,0.7268017079239619,0.7302707759664604,0.7332408130828363,0.7302707759664604,Greece
197,1.0597340721134871,0.7420807935034064,0.8215221435196737,0.7714743560433666,0.7745025600284212,0.7780041653916441,0.7745025600284212,Greece
198,0.9674668856046912,0.6416420355550713,0.7301070448465152,0.677564231126586,0.6798195386153472,0.682847084323243,0.6798195386153472,Greece
199,0.7053269375013812,0.3776162054367287,0.46606297861886026,0.41083419859417025,0.4140312959038098,0.4159431975291967,0.4140312959038098,Greece
200,0.6156603655739806,0.2880597150404791,0.3750861338833312,0.31743334185715344,0.32252860055564625,0.3224867650120315,0.32252860055564625,Greece
201,0.6117131496411954,0.2815568513073995,0.37946698435315374,0.30942175910553715,0.3153077528761397,0.31312176785249457,0.3153077528761397,Greece
202,0.621947001288064,0.2861535877507532,0.37865643610822,0.31833407286474646,0.32446936268429555,0.32220483633817965,0.32446936268429555,Greece
203,0.7050933723556352,0.3669531387295612,0.4489759145657977,0.3994845053599076,0.40483579251761775,0.40522822226419253,0.40483579251761775,Greece
204,0.45687592155207724,0.1200636132093239,0.20421079501748818,0.1506573463115497,0.15638690806930203,0.15624066308849335,0.15638690806930203,Greece
205,0.444969348984537,0.11744008541651672,0.2044995111632891,0.1399833965398754,0.146417721773755,0.14564108450844626,0.146417721773755,Greece
206,0.5563123515008552,0.21777187001236728,0.3296147749152331,0.24594465682016345,0.25327370150630846,0.2524722028958365,0.25327370150630846,Greece
207,0.5511614169115501,0.21047391124363693,0.3390069333317315,0.24209178903133008,0.24783154020549578,0.24604901191976777,0.24783154020549578,Greece
208,0.6159994022504531,0.27890151394252877,0.39756226505400916,0.305316000093885,0.3093508681087656,0.3079588657029474,0.3093508681087656,Greece
209,0.6605126741590013,0.3168138991238684,0.42287101127598625,0.3505683980488428,0.3532845384316237,0.35243939273667535,0.3532845384316237,Greece
210,0.5109911542255986,0.17364579604297992,0.25540736560937377,0.2016125585553199,0.20391016665582323,0.20306103193881722,0.20391016665582323,Greece
211,0.3489699950598736,0.017468193228280034,0.08655300529394422,0.038886404691929756,0.04094062817283837,0.04001284764355003,0.04094062817283837,Greece
212,0.42251152878908,0.09466202736544502,0.15350140746023813,0.10986349366964274,0.1117822720175457,0.11010670825079699,0.1117822720175457,Greece
0,0.039596003419014966,0.039596003419014966,0.039596003419014966,0.039596003419014966,0.016444768144719565,0.039596003419014966,0.039596003419014966,Sudan
1,0.12623641277295877,0.02247710738589788,0.02934244844269187,0.06870158000135754,0.015512693640263534,0.026455675617246578,0.026887410874049854,Sudan
2,0.17048629900704337,0.017287759325659638,0.03192674240249261,0.08027078211694952,0.01770176758297457,0.02292322580329974,0.0232904193596791,Sudan
3,0.1829965365009107,-0.001740157604105487,0.017839043055926748,0.03705993911705078,-0.0006893921960910779,0.0017368481562901397,0.0020564368244749207,Sudan
4,0.22291301954165796,0.025282539320237336,0.04650578104382458,0.055338601000691615,0.02898566411588952,0.029673328920089573,0.03033475103549508,Sudan
5,0.2519077226584987,0.0454541784231738,0.08765301825170661,0.07612749082656647,0.052222099610592855,0.052498460318255266,0.0528849360446967,Sudan
6,0.25772137725466715,0.047652139854689204,0.09124772747563605,0.11114486562392738,0.05515559729435392,0.05511622447971872,0.05548126358908306,Sudan
7,0.2784286163244682,0.0672604137314909,0.09414957492653364,0.15684894444039682,0.07463839594514793,0.07450632856056649,0.07479840304503826,Sudan
8,0.31375678209122515,0.09624745349677141,0.11359690516154795,0.1959279521375182,0.10353591759857328,0.1032980970748729,0.10361453264848691,Sudan
9,0.31622730946879607,0.09884321571195118,0.11267744934996164,0.19410813929661083,0.10750209325461374,0.10719165830399408,0.10754071857859723,Sudan
10,0.32196385772560976,0.10428753686062282,0.11808105779987868,0.19508966760351437,0.11483718348846317,0.11426125170218032,0.11485616096993101,Sudan
11,0.310494110586693,0.0899680923679443,0.10430341128152867,0.18415778517213657,0.10193652904609685,0.10156080073604776,0.1019458531051783,Sudan
12,0.3007436541669794,0.08029214118531733,0.09395636604461899,0.17433796681894242,0.09212709102857916,0.09160198028624955,0.09213167214635826,Sudan
13,0.3187462457990776,0.10010870154834041,0.11264972077575122,0.19055260716918435,0.10828133303972007,0.10768014943261268,0.10828358384486003,Sudan
14,0.3957772352063821,0.17201286406554794,0.1868668932690118,0.26323202832527365,0.18245237908224382,0.18190427749290644,0.18245348495291172,Sudan
15,0.46741003817445403,0.2512433426590315,0.26478451065680675,0.3225265526100075,0.26055003482049743,0.2602957343349011,0.2605505781593731,Sudan
16,0.5139066465744986,0.29889995462682206,0.31726321341858305,0.34209105661597766,0.3091464567628069,0.3086306515308065,0.3091467237172912,Sudan
17,0.5157907164572512,0.29251755928947504,0.3162838055071866,0.32412163427606994,0.304592179077705,0.3045029476757185,0.3045923102383855,Sudan
18,0.47738026020547536,0.26228173712609526,0.2821965305186753,0.30235797347443594,0.2726761616736421,0.27275987425168247,0.27267622611580405,Sudan
19,0.4830804991048799,0.25995956000177434,0.27648679738688475,0.29832966645270553,0.2703127307614239,0.27003281893569575,0.27031276242329255,Sudan
20,0.45696057981005556,0.2397186004675323,0.2547350696267008,0.29183303712149394,0.25081961566528194,0.250300486663934,0.2508196312214628,Sudan
21,0.42410049331860844,0.2088751256976537,0.22233635047626765,0.2880180833096583,0.22014999175234656,0.21966154000967542,0.2201499993954445,Sudan
22,0.4147281789085396,0.1982656049871003,0.20700231041907935,0.2862417078958808,0.2058094251485736,0.2050837888087712,0.20580942890379772,Sudan
23,0.44685037733355193,0.2287810158022774,0.24066149005736187,0.31167917626851444,0.2388816078431032,0.2384170616799806,0.23888160968812838,Sudan
24,0.45476396527196716,0.23050922906668755,0.24414100914337283,0.2991216273998293,0.241680505351732,0.24091342845259955,0.24168050625823395,Sudan
25,0.45669436848963985,0.2328620537072012,0.24374573440060654,0.2971485852285348,0.24123434642461328,0.24022176486988278,0.24123434686999784,Sudan
26,0.4626587223415795,0.23676014834223102,0.24947004268234513,0.2892292812025551,0.24724352258517573,0.24653905645283034,0.24724352280400308,Sudan
27,0.40184311822269586,0.1784425124677312,0.22399022619544914,0.24629783836776162,0.18767665025006755,0.18681179387670283,0.18767665035758233,Sudan
28,0.35192085485458946,0.12971647726382735,0.21040139840417815,0.17987739518377743,0.1385621344328913,0.13787355676634805,0.13856213448571572,Sudan
29,0.32149618476975445,0.10099273071488007,0.16732560157720625,0.1320342972615365,0.11008276155910099,0.10960103502621338,0.1100827615850548,Sudan
30,0.3495883107634474,0.1294525574844767,0.16884800851403658,0.15870415626035295,0.13882237315480578,0.13838263872278875,0.13882237316755747,Sudan
31,0.3723760770602951,0.1489281998873966,0.1741186530048026,0.19596611068370498,0.1581026757138168,0.15774051415669255,0.158102675720082,Sudan
32,0.38078087239150527,0.15785951946061055,0.17763723032455958,0.22675468852274241,0.16920044723872502,0.1686609006896714,0.16920044724180325,Sudan
33,0.4025414253818407,0.18290828672558823,0.19764173002258784,0.24864902904451058,0.19283243764755315,0.19200331297136325,0.19283243764906555,Sudan
34,0.40332402956790403,0.18533284987056536,0.1948329473574023,0.2462081665390665,0.19107596286315712,0.19032682907986576,0.1910759628639002,Sudan
35,0.42680342472855276,0.20658088916349046,0.2196199876539081,0.2851451347176055,0.21518785744982485,0.21446269513794342,0.21518785745018995,Sudan
36,0.470691537425624,0.2514496485065567,0.2619403048702845,0.3319123335807995,0.2575546394546766,0.2570519305265202,0.25755463945485596,Sudan
37,0.5127130070276352,0.28649734518947884,0.2997026303199922,0.3720511005980126,0.29565906835056255,0.2953235659371302,0.29565906835065064,Sudan
38,0.5320731482516919,0.30319473778667677,0.31996041956982646,0.39030611393779807,0.31446569886251924,0.31422355368814564,0.3144656988625625,Sudan
39,0.5106120683974386,0.2835641252484394,0.3092221754157048,0.3602836974204941,0.29506948310466496,0.29462548469928657,0.2950694831046862,Sudan
40,0.5380035383334785,0.31038748761291485,0.3371911508298614,0.36243281123202425,0.32083452210567265,0.3201003963390766,0.3208345221056831,Sudan
41,0.5578725692883181,0.33357234879476344,0.3809467724556376,0.3829647661545297,0.3450808909899999,0.34498244388210786,0.345080890990005,Sudan
42,0.5254976289002334,0.30247666524561245,0.3495580620090672,0.36851024614665995,0.3142567026687862,0.3142010263961151,0.3142567026687887,Sudan
43,0.49891562327941313,0.2758571869455855,0.3052486781574008,0.3539287317260129,0.2877055177106913,0.28733649629757796,0.2877055177106925,Sudan
44,0.4793300996893907,0.26292351148366816,0.2791004095931738,0.3535146644466209,0.27017140481618507,0.2697024215683433,0.2701714048161857,Sudan
45,0.4661513833278521,0.24899577275277862,0.2592230267867983,0.3456167487149725,0.25428394283359407,0.2537831568531713,0.2542839428335944,Sudan
46,0.4525039106783607,0.2330841062659252,0.24416439811911875,0.3315730434739376,0.24086179261675275,0.2404023367997425,0.24086179261675292,Sudan
47,0.4644404171882323,0.24179499960196918,0.25423597791482716,0.33850480143193495,0.2517861758139315,0.2513053344439435,0.2517861758139316,Sudan
48,0.5299246413818792,0.3012392723860543,0.31475345124027065,0.38685845855121537,0.3130394780607738,0.31270304757836553,0.31303947806077387,Sudan
49,0.5440521827069084,0.3141854355093474,0.3289324434650644,0.3852457500828921,0.3260512044475523,0.3251885315468225,0.32605120444755237,Sudan
50,0.5374899476382319,0.30821073005643634,0.3261548676968136,0.38482124606813145,0.31854281862533074,0.3178614149140489,0.3185428186253308,Sudan
51,0.5529595716151511,0.321723522730018,0.34193928504778515,0.41055952720429223,0.3326563540171218,0.33229741498923293,0.33265635401712185,Sudan
52,0.5540161576335592,0.32373422019013504,0.34254003256943655,0.38540412806946256,0.33555969262143376,0.3353738136450506,0.33555969262143376,Sudan
53,0.5727049950153006,0.34255044463415374,0.3612069275398331,0.4454670669412922,0.3542601769288243,0.3543420024762918,0.3542601769288243,Sudan
54,0.5980536431897049,0.3668029861220413,0.38489386075581444,0.44901784022926255,0.3793065946418314,0.37851774446809544,0.3793065946418314,Sudan
55,0.5962360469968537,0.36778512827887977,0.3809628757369576,0.4370044525173905,0.3773708457600444,0.376883156470786,0.3773708457600444,Sudan
56,0.5955838714959647,0.36958974507340736,0.378202506043076,0.4509836566200984,0.37535691641942814,0.3753830195097697,0.37535691641942814,Sudan
57,0.5684997303718958,0.348120022943171,0.3536834043357035,0.43000776091877996,0.35144350189283174,0.35157101160191384,0.35144350189283174,Sudan
58,0.5849779704483797,0.3592590071587779,0.36448803837592475,0.4364834962601406,0.3630380234505206,0.36330222680447055,0.3630380234505206,Sudan
59,0.5935371043345165,0.3628055499703629,0.3739475219537417,0.44229622626028314,0.3714543774936771,0.37174320352961887,0.3714543774936771,Sudan
60,0.5820284449925981,0.34802342387678525,0.3616623042669811,0.4194030709754809,0.35851311883148956,0.3585885763762262,0.35851311883148956,Sudan
61,0.5825983869086917,0.35096601798413024,0.3615652973156974,0.4245586035282306,0.3585508820514627,0.35811059133158657,0.3585508820514627,Sudan
62,0.6193592297912349,0.3899559755359924,0.40185337352770084,0.46675331668776227,0.39971394964380796,0.39913935748901574,0.39971394964380796,Sudan
63,0.6750469933511225,0.44920375186990513,0.48321213499180615,0.49100845950423766,0.45444992931642303,0.4541867834309193,0.45444992931642303,Sudan
64,0.7053904097046974,0.4786261917371645,0.5254006466684811,0.508444081947302,0.48795090505474137,0.48782777854452464,0.48795090505474137,Sudan
65,0.6621118212628886,0.4297377245990911,0.46311505341991294,0.49613471881645616,0.44015474256307124,0.4401384623471518,0.44015474256307124,Sudan
66,0.6301272655180569,0.3987188748522762,0.42350204449764567,0.48742778412478194,0.4106795058727595,0.4107742548840592,0.4106795058727595,Sudan
67,0.627815848620659,0.3957256147848558,0.4147885306645223,0.47983580413087523,0.40769915048159566,0.40740677185858487,0.40769915048159566,Sudan
68,0.6241628324529186,0.39710244658517924,0.4112733185131032,0.47289663090820977,0.40721233744163476,0.40646941933260866,0.40721233744163476,Sudan
69,0.6588445826825908,0.42624929915909787,0.4401944790187881,0.48551768749361923,0.43769039096589657,0.4370299545660269,0.43769039096589657,Sudan
70,0.6720082062410068,0.4396547555872504,0.44941453215738336,0.4841782696342553,0.4478935946919672,0.4471474211425105,0.4478935946919672,Sudan
71,0.6893186636606607,0.45646779567841134,0.46543395465600557,0.4943436123598521,0.4640107345008209,0.463099739274316,0.4640107345008209,Sudan
72,0.6886102854502788,0.4591159424770315,0.47143099236173136,0.49622851329996087,0.4696673665307594,0.46864951155271606,0.4696673665307594,Sudan
73,0.6486466395481688,0.41964368886621956,0.43581072054057357,0.4607938772400678,0.43133692932037165,0.4309158184917925,0.43133692932037165,Sudan
74,0.635251776155658,0.4053904689318155,0.42721704109999925,0.44852031722016683,0.41729790942511363,0.41709100830115975,0.41729790942511363,Sudan
75,0.6061010095008025,0.37419326095167477,0.4267439382967373,0.43991082390142255,0.38620680439753563,0.3861576878903257,0.38620680439753563,Sudan
76,0.6013010161665089,0.3751544205345646,0.42901753042701274,0.46039339184126427,0.3860096626388152,0.38488034455299464,0.3860096626388152,Sudan
77,0.6493700384545472,0.42146391269323447,0.45682610603724627,0.4826064755098783,0.43368319749396095,0.43304386173522474,0.43368319749396095,Sudan
78,0.6201537643300766,0.3913134420734299,0.4156328055492452,0.46108574094178817,0.40302932119454576,0.4024612878840592,0.40302932119454576,Sudan
79,0.6129445527296226,0.37951657030766583,0.3987186364025926,0.47576253097978066,0.39212859408765105,0.39198800937011324,0.39212859408765105,Sudan
80,0.6507954391734894,0.41894878517566636,0.43236571940278995,0.4991879968856324,0.4285175405698862,0.4285982617995579,0.4285175405698862,Sudan
81,0.6817765881126453,0.45277795951305033,0.4631697122216486,0.5140545333756082,0.4605679368775438,0.46013357858933174,0.4605679368775438,Sudan
82,0.6754195638230477,0.4501756392197448,0.45894148321013284,0.5073563706199595,0.4565643281722959,0.45587468438351275,0.4565643281722959,Sudan
83,0.6671028584833066,0.4385363561741902,0.45162254632395893,0.49573465787852466,0.4484957817955362,0.4480319447286619,0.4484957817955362,Sudan
84,0.614722873528226,0.38976538782834136,0.40095922323057304,0.46020031661709054,0.39772805302952957,0.3970036479365822,0.39772805302952957,Sudan
85,0.5818220620423975,0.35961809397111383,0.370459838158294,0.43711017598535035,0.36782453775831697,0.36729725263869295,0.36782453775831697,Sudan
86,0.5453904948228995,0.3265050635156156,0.33519951352424004,0.405625088350031,0.33169933457747836,0.33134601296297567,0.33169933457747836,Sudan
87,0.5372968596421486,0.3157426997783796,0.3360319459844251,0.40663812468988625,0.3229160439157239,0.322742449141625,0.3229160439157239,Sudan
88,0.5211674588206935,0.3008365911220501,0.32250186406905573,0.3949648246404823,0.30598114384998665,0.30561968843209664,0.30598114384998665,Sudan
89,0.5210301801802425,0.29716189588038205,0.3129378810265221,0.3518936392988168,0.301376000460658,0.30114970265971913,0.301376000460658,Sudan
90,0.5281472001248344,0.3052575065896572,0.31808610216247896,0.34421971421988456,0.31122752695649575,0.31104854169771196,0.31122752695649575,Sudan
91,0.5669461441292597,0.34354911947842154,0.35708785108565966,0.39235395933022543,0.3527140637272487,0.3522818587174084,0.3527140637272487,Sudan
92,0.6053365647564352,0.3792953014053893,0.3935531455002292,0.43956065823047374,0.3907745144511063,0.3902544660505608,0.3907745144511063,Sudan
93,0.6185846350837824,0.39882678193103305,0.4069954983310975,0.4781821254419358,0.405484704464027,0.40476219934554336,0.405484704464027,Sudan
94,0.6392573697556374,0.4131432776764648,0.4205074730277758,0.5052166903993807,0.4196545651356359,0.4191136239424589,0.4196545651356359,Sudan
95,0.6277904401379578,0.3950153275270695,0.40498499135860383,0.49095983797730763,0.4041318261942358,0.40371471612844495,0.4041318261942358,Sudan
96,0.6344949451334426,0.40195570858177193,0.41017706100760853,0.4942023943829849,0.40824138165073376,0.40741867463321785,0.40824138165073376,Sudan
97,0.6273506541742787,0.3981763423559131,0.41300845033505673,0.486725660202829,0.4055048331960867,0.4044213717715951,0.4055048331960867,Sudan
98,0.6621747967304019,0.43318580351633756,0.4516401217635463,0.5190759392542669,0.44094131092415856,0.4404214222234185,0.44094131092415856,Sudan
99,0.6826447402136152,0.4491988619130504,0.474360794616199,0.538374153359441,0.45991627145878355,0.45952485361722106,0.45991627145878355,Sudan
100,0.7312469637319818,0.4982678897420439,0.5261564522087601,0.5566372962005377,0.5093391615607068,0.5087409264643455,0.5093391615607068,Sudan
101,0.8064192601035001,0.571108477170731,0.598768883509578,0.6145246181998518,0.5833894204983046,0.5829087356420557,0.5833894204983046,Sudan
102,0.7700595825164303,0.533472526593868,0.5564381307878891,0.6210556357974406,0.5454802147738476,0.5448914429993496,0.5454802147738476,Sudan
103,0.7347544763509215,0.5024813017365672,0.5173094081482068,0.6032560240404653,0.5106806056776949,0.5101044337760633,0.5106806056776949,Sudan
104,0.7072125010387718,0.474892991142073,0.4870467127766176,0.5794801265684596,0.4832931990132214,0.48283671230599734,0.4832931990132214,Sudan
105,0.7208450796466722,0.4913382564061046,0.5032583642308264,0.5992234156301186,0.5011930068738258,0.5005941777248297,0.5011930068738258,Sudan
106,0.7094605034225768,0.47882203755924013,0.49054667908099336,0.5801864764710802,0.48907572526393905,0.48821567039469244,0.48907572526393905,Sudan
107,0.7235731201878056,0.4951730142982144,0.5058204271845719,0.5830996629318502,0.5046340539458903,0.5036222109215016,0.5046340539458903,Sudan
108,0.7647244436410435,0.5338936573829451,0.5463418345690609,0.6152237740783522,0.5434256061679708,0.5425108408530254,0.5434256061679708,Sudan
109,0.7462837880726729,0.5138278205578237,0.5315434326281745,0.5933589913137806,0.525488559118829,0.5247696040498241,0.525488559118829,Sudan
110,0.7011515575186887,0.47238948434066974,0.4870618451463061,0.5414917513692121,0.4809432351370362,0.48029676918648473,0.4809432351370362,Sudan
111,0.6876182600129201,0.4632203369087491,0.4810017319388671,0.5187531156406531,0.4687152495934682,0.46826024836825675,0.4687152495934682,Sudan
112,0.724196093243947,0.5001726923151956,0.5217474566787229,0.5585295764027329,0.5072754544453718,0.5068316613674728,0.5072754544453718,Sudan
113,0.7182762649658737,0.48799823393848496,0.5290614776469028,0.5543750555913549,0.49819725147778443,0.4981564529615565,0.49819725147778443,Sudan
114,0.710295412696465,0.4771426564634337,0.5179683805747607,0.5714508618671194,0.4877653222532461,0.4876112469900272,0.4877653222532461,Sudan
115,0.7138605523036489,0.4877553593455272,0.5100762492762911,0.5920027527788753,0.49510627334281626,0.49490160778599923,0.49510627334281626,Sudan
116,0.7393881404650842,0.5104495328815966,0.5283812058681835,0.6179543903708752,0.5203599395176014,0.5203141483314981,0.5203599395176014,Sudan
117,0.7733720828256577,0.5424975585143819,0.5591543965341624,0.6507048817239409,0.5542092979086654,0.5541488759994131,0.5542092979086654,Sudan
118,0.7795307604950411,0.5433225955103766,0.5592372581874385,0.6518750557651063,0.5559193697862385,0.555851759477025,0.5559193697862385,Sudan
119,0.7714600654240477,0.5371004823623967,0.5499355083032157,0.6426931078211163,0.5476264696753073,0.5474588787359583,0.5476264696753073,Sudan
120,0.7463320993954712,0.5117300069671037,0.5246152449573553,0.616104162249876,0.5226680798668563,0.5221592351447263,0.5226680798668563,Sudan
121,0.7407420529335782,0.511697986945793,0.5280354181538373,0.6070107748034788,0.5234048458783049,0.5228216448500046,0.5234048458783049,Sudan
122,0.7603767873290446,0.5325887356671154,0.5525997298149938,0.6249889293899566,0.5428210556941867,0.5424384438743626,0.5428210556941867,Sudan
123,0.7953094498054539,0.5684531577743658,0.5940573194347049,0.6580809069745233,0.5796763717568925,0.5789989840877179,0.5796763717568925,Sudan
124,0.8213395062196926,0.5904329711627605,0.6473913301132904,0.6643381077852125,0.6027103794835985,0.6022268831896692,0.6027103794835985,Sudan
125,0.8441762729912045,0.6165267032913662,0.7048641637568122,0.6639088702239311,0.628859651585907,0.6286019700859736,0.628859651585907,Sudan
126,0.8187762989671498,0.594261999172196,0.6661952431904137,0.6438306946067696,0.6063352337014567,0.6064140611823585,0.6063352337014567,Sudan
127,0.8416109205736346,0.617003498597905,0.6592304762320146,0.6775022776943483,0.6282751508635754,0.628262669933523,0.6282751508635754,Sudan
128,0.8580480506748933,0.6320101209739222,0.6607988174438568,0.7044274043233785,0.6443363959568,0.6443433749921861,0.6443363959568,Sudan
129,0.8660058229160931,0.6386968213539164,0.6601793977915908,0.7109199623523457,0.6509902242580583,0.6510054271864124,0.6509902242580583,Sudan
130,0.854433114120991,0.6297462172460018,0.6429839163012016,0.697737543209285,0.637727763359407,0.6377381620291809,0.637727763359407,Sudan
131,0.8290932999297547,0.6061373897550655,0.6158474627204067,0.6810074800597805,0.612686557377101,0.6127212519347313,0.612686557377101,Sudan
132,0.8039192574710882,0.5806870100376792,0.5892729343800667,0.6616606785301345,0.5874711681584618,0.587352717484418,0.5874711681584618,Sudan
133,0.7947015682135082,0.5714633051253232,0.58327976004817,0.6475026398478941,0.5815611266209794,0.5809832568001583,0.5815611266209794,Sudan
134,0.780954643192026,0.5614833900123214,0.6001420438992867,0.6406896541823502,0.5700811875157522,0.5697323343627109,0.5700811875157522,Sudan
135,0.7833027675808517,0.5642373818269102,0.6096776623781953,0.6383884732250744,0.5739385919938507,0.5739333039167983,0.5739385919938507,Sudan
136,0.7900410599018238,0.5710138603946089,0.5982524469874386,0.6544240270482993,0.5787357688076338,0.5779022243870505,0.5787357688076338,Sudan
137,0.812085315280788,0.5940936143274139,0.6430930287155395,0.7009531433791224,0.6033682596538089,0.6025907214218865,0.6033682596538089,Sudan
138,0.816095830120133,0.6007107878516942,0.676415498949589,0.6995335288742415,0.611189698553458,0.6106466357877279,0.611189698553458,Sudan
139,0.8632034813663156,0.6458154112729525,0.7072340933965148,0.7228334205987204,0.6575503450005479,0.6565161898371978,0.6575503450005479,Sudan
140,0.9011457588828572,0.68018830451289,0.7169312944686187,0.7509296230613816,0.6922624898385015,0.6917317515930886,0.6922624898385015,Sudan
141,0.8899192148958922,0.6736262384110391,0.697736611018722,0.7526454059339033,0.685206634616507,0.684614815615107,0.685206634616507,Sudan
142,0.8910681771847576,0.6761983174411519,0.6934708486585032,0.7472862536398224,0.6867272450581001,0.6859679599043366,0.6867272450581001,Sudan
143,0.9247604287930172,0.7074536489520283,0.7210789591229839,0.7723652916123848,0.7169188989404133,0.7162144078215914,0.7169188989404133,Sudan
144,0.9465169632655124,0.7328396035398548,0.7449000689014337,0.7904159492572308,0.7421802564212482,0.7413662557706775,0.7421802564212482,Sudan
145,0.9691799347349228,0.7471562115275256,0.7611665160953768,0.8104350256189211,0.7579030955297369,0.7570866432084723,0.7579030955297369,Sudan
146,0.9657698831246659,0.7367742642013586,0.7638710713402915,0.7933244480540107,0.748164211216666,0.7478836649524537,0.748164211216666,Sudan
147,0.9431185816440466,0.7182887923247853,0.7456132704555744,0.7786696302224377,0.7278104116817828,0.7276809127511574,0.7278104116817828,Sudan
148,0.9418781232122772,0.7163743708834462,0.7435860123940375,0.7670743612562863,0.7272204291543867,0.7269417724897279,0.7272204291543867,Sudan
149,0.9707137128530282,0.7406996252388515,0.7685951893751735,0.7780358125539693,0.7529316285801204,0.7524436933551963,0.7529316285801204,Sudan
150,1.0394044912636387,0.8149199337781061,0.8377435799037114,0.8413536583269607,0.8277538353131471,0.8276453397025232,0.8277538353131471,Sudan
151,1.05218755223293,0.8304012287461613,0.8465411165809269,0.8507643754143517,0.8411909884512407,0.841193298326057,0.8411909884512407,Sudan
152,1.0132534882417912,0.7914035258298752,0.8055740975767056,0.8141274226017677,0.8024547994459089,0.8025174235595209,0.8024547994459089,Sudan
153,0.991453466199673,0.7703965931749321,0.779364770867254,0.7941106082897216,0.777189060433829,0.7771754844152765,0.777189060433829,Sudan
154,0.991337043098752,0.770849453130764,0.7824688644739024,0.7996758285061719,0.7807304606806172,0.7806775370991849,0.7807304606806172,Sudan
155,0.9891067532615985,0.7767285954094639,0.7842928505451937,0.8036596739269316,0.7826729084475821,0.7825479619806093,0.7826729084475821,Sudan
156,0.966414228372256,0.7526092464029104,0.757879922637265,0.784739753293764,0.7561173281039322,0.755746537973492,0.7561173281039322,Sudan
157,0.9425462667361431,0.7219017989230996,0.7322535538553993,0.7640491585413118,0.7303513613319996,0.7299104315411392,0.7303513613319996,Sudan
158,0.9290399133524903,0.7083293407329873,0.7214663408354269,0.7553982030700064,0.7192067626103941,0.7187313716430692,0.7192067626103941,Sudan
159,0.9529069284766851,0.7377852773362671,0.7544603415261546,0.7796232306114576,0.7461537434685118,0.7457182031249177,0.7461537434685118,Sudan
160,0.9433895716525903,0.7360333085669374,0.7532234735387727,0.7735796394186593,0.7439083916574453,0.7432375127683952,0.7439083916574453,Sudan
161,0.8556306556712082,0.6516468110588567,0.6612348774191383,0.7169183223738266,0.6558832074206551,0.6554044591914551,0.6558832074206551,Sudan
162,0.7911400071006165,0.5983375836860987,0.6048441665003275,0.6347731528335863,0.6008596508096014,0.6005904034324574,0.6008596508096014,Sudan
163,0.8114420710799058,0.6166018735089078,0.6235321471905164,0.6428115585258845,0.6181347754204497,0.6178813138611848,0.6181347754204497,Sudan
164,0.8355849288860634,0.6599330719960594,0.6666123478884832,0.7315951319833293,0.661905844592748,0.661626579281301,0.661905844592748,Sudan
165,0.8700772695234306,0.690860958979487,0.6972214807968979,0.7786211561797866,0.6945244638191448,0.6941475132108473,0.6945244638191448,Sudan
166,0.928122615710372,0.7395359754321099,0.7476973136869923,0.8222510666691772,0.7458904596797681,0.7452874011930979,0.7458904596797681,Sudan
167,0.9572471976574558,0.7642781158440921,0.7751405108939791,0.8370875088895937,0.7736529112261543,0.7734433701469312,0.7736529112261543,Sudan
168,0.9697284138337832,0.782992757611298,0.794541362771423,0.8524256291473612,0.7931432148001848,0.7929863853040168,0.7931432148001848,Sudan
169,0.935827652891208,0.7557794458566095,0.76393504237586,0.8261755242998569,0.7607665914213836,0.7601855182544276,0.7607665914213836,Sudan
170,0.9462755454239317,0.7785366107534888,0.7879954419027503,0.8458604677118144,0.7834808252429164,0.782545495266846,0.7834808252429164,Sudan
171,0.9559296926673965,0.7923721201648077,0.8310257552465504,0.8581300242025868,0.8010812821048587,0.8008656033424844,0.8010812821048587,Sudan
172,0.9568324130714618,0.7928339883722195,0.8345162224464128,0.8637558257369514,0.8001294520200039,0.800130723830789,0.8001294520200039,Sudan
173,0.9765431470548485,0.8067846618659372,0.842207610837776,0.8593049935627249,0.8170094209700248,0.8170458189049384,0.8170094209700248,Sudan
174,0.9461102087005541,0.7733092423292836,0.8019477770991936,0.815172971231467,0.7832660816462682,0.7832668564469233,0.7832660816462682,Sudan
175,0.9334049269490925,0.7746585104434351,0.7914468942314623,0.800264246925585,0.7804518247860298,0.7806914105656291,0.7804518247860298,Sudan
176,0.9315557811968753,0.7875599223430917,0.7976207859612795,0.818487902190247,0.7911406921202285,0.7913141768946305,0.7911406921202285,Sudan
177,0.9395514631267277,0.7987859475756408,0.8056561986121833,0.8384572315731014,0.8014574127817916,0.8013182652661411,0.8014574127817916,Sudan
178,0.9688321738920468,0.8278385440932614,0.8328955754982165,0.8562965132025924,0.8299589184459212,0.8296245502126003,0.8299589184459212,Sudan
179,0.9980848858966529,0.8653184578085611,0.8683180805993848,0.8844042128438313,0.8665071220237209,0.865900602287745,0.8665071220237209,Sudan
180,1.0122628294885594,0.8818493843314081,0.8894015517062415,0.9024850414205459,0.8881086692144504,0.8873097475467115,0.8881086692144504,Sudan
181,1.0153473907102417,0.8801092737862265,0.889401390857069,0.9028008155847714,0.8871622797482837,0.8861620183398606,0.8871622797482837,Sudan
182,1.022521249919035,0.8975433771876986,0.9047970441065337,0.9306218554687478,0.9019535586362092,0.9012073819826139,0.9019535586362092,Sudan
183,1.0127790104471455,0.8896204617656703,0.9016167164056134,0.9215616345344373,0.8978735101115647,0.8972833195847644,0.8978735101115647,Sudan
184,0.9555236039382046,0.831533352889458,0.8438102356223083,0.8622643266396581,0.8376413147663385,0.8374916603141694,0.8376413147663385,Sudan
185,0.8903297788438516,0.7753986784924485,0.7869909289454619,0.8287737335436254,0.7805828425342981,0.7806158986945452,0.7805828425342981,Sudan
186,0.8287097140567962,0.7227022829249758,0.7339913441351689,0.7581910199134685,0.7267990238926143,0.7268754884422782,0.7267990238926143,Sudan
187,0.8101347549479404,0.7099784099446149,0.7206246794303223,0.7963795988561991,0.7139937700449162,0.7141037303240321,0.7139937700449162,Sudan
188,0.8368212643275593,0.7428008644156974,0.749540080706341,0.8315047846417469,0.7454346471483437,0.7456614887068707,0.7454346471483437,Sudan
189,0.8867184582034695,0.7846536906261364,0.790546201762337,0.8577265289900726,0.7880698522380589,0.7882487896143973,0.7880698522380589,Sudan
190,0.9316686913079726,0.8310987687123863,0.8348124071934262,0.8843750689272689,0.8332912747931733,0.8333673182940089,0.8332912747931733,Sudan
191,0.9841399785023073,0.8857171905353425,0.8947386512256191,0.9274882180613875,0.8935741357856497,0.8932428896317531,0.8935741357856497,Sudan
192,0.9983622739140806,0.9094734066444585,0.9147110939374548,0.9437521506753672,0.913554014385183,0.9128332545015986,0.913554014385183,Sudan
193,0.975066825578655,0.8902354744295662,0.8963927847136718,0.9291928040171709,0.8950069779290697,0.8941275234933607,0.8950069779290697,Sudan
194,0.9789951006351392,0.9177818315259391,0.9288342195144248,0.9684084932534777,0.9262228336902433,0.9257721737084844,0.9262228336902433,Sudan
195,1.0066133191198858,0.9343535164234898,0.9520600985409559,0.9835220449494156,0.9442130508400061,0.9438393090641743,0.9442130508400061,Sudan
196,1.0285808594253534,0.9537471009376595,0.97807287918627,1.0027674173458436,0.9652893059637293,0.9653202380737848,0.9652893059637293,Sudan
197,1.0566166851493124,0.9860337735454995,1.0140516262860464,1.0193428888301361,0.9967263896302105,0.9968872644839781,0.9967263896302105,Sudan
198,1.0450187995799922,0.9777384036686454,1.0330473153659265,0.9998311903930122,0.9887192008957202,0.9887227471046968,0.9887192008957202,Sudan
199,1.0071202767087295,0.9342167163765166,0.9897212077787296,0.9520535408636581,0.9449065349234463,0.9450302302281969,0.9449065349234463,Sudan
200,0.975790190862516,0.9190358175361265,0.9497722862267507,0.9418023693992533,0.926027363692467,0.9260447083580378,0.926027363692467,Sudan
201,0.9852752723379352,0.9232425470856935,0.9425222587606998,0.9473927655305385,0.930112358097491,0.9301864243497917,0.930112358097491,Sudan
202,1.0027556879707777,0.9461587773772057,0.9596592452644019,0.9677731445633689,0.9526179231318173,0.952534736670765,0.9526179231318173,Sudan
203,1.0076489942168696,0.9586528195969274,0.9658546468217689,0.9746075879959621,0.9618997802341421,0.9614016846071097,0.9618997802341421,Sudan
204,1.0006410384276616,0.9589630185608456,0.9648378583648708,0.973555478673408,0.9628067664574904,0.9619619617490196,0.9628067664574904,Sudan
205,0.9869724112968699,0.9579048989765432,0.9685164756963843,0.9774856213031878,0.9664640081957846,0.9659230255207564,0.9664640081957846,Sudan
206,0.9948208106291694,0.9515539013871119,0.9646051593378827,0.9752889229970173,0.9597899954218416,0.9592923448107464,0.9597899954218416,Sudan
207,1.0295703402808543,0.9969698883105288,1.007754121698418,1.0186221001768372,1.002761005507528,1.0018073076570635,1.002761005507528,Sudan
208,1.0177324539941774,0.9802045377160736,0.99074309409215,1.0013289772520073,0.9872841831827613,0.9870235000153958,0.9872841831827613,Sudan
209,1.019017369868707,0.9875686328987792,0.9949699334333183,1.0062431616716017,0.9925399580678386,0.9925421728663346,0.9925399580678386,Sudan
210,1.0616359758331464,1.0406440115198952,1.0561794304571024,1.0605298966202008,1.0486270340315924,1.0482092609162157,1.0486270340315924,Sudan
211,1.0863289626098178,1.0670439240272838,1.0842344203615792,1.0827900741534757,1.076098213733133,1.0761796651854145,1.076098213733133,Sudan
212,1.1052874304506939,1.0864249851401404,1.0976254284488605,1.0962922229296592,1.0925825034080083,1.09263560765046,1.0925825034080083,Sudan
0,0.8887790738927834,0.8887790738927834,0.8887790738927834,0.8887790738927834,0.9117191189956505,0.8887790738927834,0.8887790738927834,Indus
1,0.7630568119614756,0.8400918261969184,0.8670642705867148,0.8585186015582834,0.8551697997925978,0.8396784878843877,0.8402247104909855,Indus
2,0.6360574787879222,0.7631821211846187,0.7965480254296902,0.799958354328731,0.7734502666787667,0.7617398571019263,0.7637137690724367,Indus
3,0.5360181966541202,0.6997821225551973,0.7537500048046415,0.7306013684262709,0.7066808986872961,0.697836185295872,0.7003377190832879,Indus
4,0.5351945395573031,0.7244104062861676,0.8038648641481235,0.7521479168602295,0.7291942272161448,0.7231628286574932,0.725061742505981,Indus
5,0.5284292127882273,0.7322083097916484,0.8029836533187122,0.7753619125337753,0.7358291822855069,0.7312978126263433,0.7331369315617615,Indus
6,0.5176087883235023,0.7297932202198434,0.7821683308146048,0.7847290223639463,0.7326054506544208,0.72742152926842,0.7308514903937378,Indus
7,0.5468085024264159,0.7671391848441841,0.8117304015688599,0.8252866670643627,0.7693425734148506,0.7645701410300783,0.7681998950718113,Indus
8,0.5324672518044508,0.7596525828978619,0.8011026208020018,0.8248153364500709,0.7614017244603336,0.7576385090256523,0.7606572869580025,Indus
9,0.5748755334282393,0.8065509525843791,0.8440337572384936,0.8595124119587827,0.8079875690271136,0.8047033433482376,0.8075025793550393,Indus
10,0.6509799900222473,0.8835897537521606,0.920603001553289,0.9519888673096737,0.8853307497780569,0.8828917174598823,0.8850147864080196,Indus
11,0.6898536816857368,0.923143396738277,0.9651516125870372,0.9996567778154847,0.9250501707196447,0.9245965792508575,0.9248443254059119,Indus
12,0.6887251827380897,0.9237444364395361,0.9674256120761364,0.9961323616199265,0.92554110672859,0.9246646849167427,0.9254070016480526,Indus
13,0.6343269709766095,0.8717651821064728,0.9115049515202469,0.9379743418413528,0.8734276476487993,0.8730108258257693,0.8733402802353768,Indus
14,0.6293390851129642,0.867327915823717,0.9014746967494659,0.9304903984603421,0.868817754587675,0.8679434181403403,0.868760836051125,Indus
15,0.6940770584993515,0.9303896949019441,0.993305889254076,0.982665571342519,0.932069666515225,0.9308165406421602,0.9320325849572837,Indus
16,0.6799093475352003,0.9142538507102392,1.0053488369232984,0.9755218946666,0.9161677263155438,0.9154520159222947,0.9161435682464383,Indus
17,0.6261683923845408,0.8606635847365526,0.9379702376564545,0.9356292703923107,0.8626677185781285,0.8633052165392061,0.8626519799647773,Indus
18,0.6097368450784669,0.8427165418621063,0.9029351908703303,0.920677089827165,0.8448328054881546,0.8450724994377843,0.8448225520217398,Indus
19,0.642905797644074,0.877821421846706,0.92846358431264,0.9508035766427515,0.8796964599087165,0.8793961988227649,0.8796897799318232,Indus
20,0.6993014674918262,0.9315543482800318,0.9770307202220354,1.0044526005951027,0.9335579341344047,0.9327945456978238,0.9335535822314004,Indus
21,0.6392034352335878,0.8709546964655299,0.9087508934788241,0.9436442198832661,0.8726650982855376,0.8720786723261922,0.8726622630871438,Indus
22,0.49121857625446685,0.7273754106402657,0.7539190483368553,0.8050110627603184,0.7289931392011584,0.7279004897283415,0.7289912921126721,Indus
23,0.46215231687108715,0.6960985697961544,0.7201436731588502,0.7768606191234553,0.6971615324249798,0.6957968492016671,0.697160329075019,Indus
24,0.4504426397526304,0.6883137694150999,0.7163668521640753,0.7621381216339814,0.6890671727132499,0.6881781024193876,0.6890663887491145,Indus
25,0.3960274313647206,0.6374841343513341,0.673309307089834,0.7060417058546077,0.6385585899723922,0.6361293246949615,0.6385580792317219,Indus
26,0.3406418800875023,0.5812354898166129,0.6153130667577593,0.6480087994499025,0.5826942023876124,0.5791559744168017,0.58269386964786,Indus
27,0.27917964581935184,0.5179734385357324,0.5482839778581701,0.5937672029592782,0.5193378796031983,0.5141653757871133,0.5193376628283275,Indus
28,0.23219174090766231,0.4698464047427445,0.4985327757648151,0.559393625875126,0.47145135586997106,0.4662109789835772,0.4714512146444509,Indus
29,0.3067577748138005,0.54197099270607,0.5668850552745562,0.6293487450159804,0.5432856255939952,0.5390639917407267,0.543285533587724,Indus
30,0.3934862626167014,0.6327710603262967,0.6598066640494962,0.7159236650168168,0.6336905234885842,0.6295848156705101,0.6336904635479027,Indus
31,0.4732795600215238,0.7179463623875049,0.744958020022682,0.7976577621268797,0.7192579573922186,0.7155364539337924,0.7192579183417793,Indus
32,0.5601391112180423,0.8005094845003321,0.8322316289002044,0.8725912380635383,0.8015553777355022,0.7973039689425347,0.801555352294737,Indus
33,0.6506903469063651,0.8912858890128112,0.9253933944183454,0.9480488402202101,0.8925930759189484,0.8898683642451508,0.8925930593446783,Indus
34,0.7548409598950466,0.9979566163320306,1.0294864313241634,1.0378495354995279,0.9992406850417919,0.9982149296042082,0.9992406742439077,Indus
35,0.7768223299601463,1.0226157995276963,1.0615351110228857,1.0516784752729293,1.02429315871861,1.0247274117666745,1.024293151683953,Indus
36,0.7594477449850974,1.0046012550350432,1.0446918529317246,1.0392522520477003,1.006118562570849,1.0093599176123547,1.0061185579878773,Indus
37,0.6681899007360104,0.9147178321089499,0.9560566149771803,0.9569946920131943,0.9159598499290368,0.9183196040018539,0.9159598469433007,Indus
38,0.6124738938646065,0.8551499788114076,0.9085099794888201,0.904632428813803,0.8565314282792784,0.8587523413285638,0.8565314263341168,Indus
39,0.5569433609366948,0.7997702783853543,0.85139109183426,0.8586474915575416,0.8014792791921209,0.8032255777286502,0.8014792779248777,Indus
40,0.4459619984722553,0.6882848976091801,0.743517729622824,0.7656879572745307,0.6898768663715255,0.6882520305577119,0.6898768655459359,Indus
41,0.43781688195509716,0.6752473824538024,0.7308653497426156,0.7508371555052339,0.6766977024207788,0.6744174017219245,0.6766977018829197,Indus
42,0.41554705553249277,0.6534098600094858,0.6995349675557856,0.7251307878943078,0.6550480104897778,0.6515991013664981,0.6550480101393708,Indus
43,0.3673722467680214,0.6055200885393142,0.6414593712938951,0.6776541531018508,0.6074667817634332,0.6037676522879484,0.6074667815351482,Indus
44,0.3984024849594978,0.6321902036673361,0.6594137995625293,0.6933829609266722,0.6343581098599647,0.6302786069771409,0.6343581097112405,Indus
45,0.3906208755459662,0.6278812945777514,0.6519314575276356,0.676376039551524,0.6298280506803933,0.6263860322380013,0.6298280505835018,Indus
46,0.35390866492998957,0.5895312319039667,0.6225888633229781,0.6585581571633318,0.5907995137958277,0.5881259958204591,0.5907995137327045,Indus
47,0.31680265395063434,0.5524185063170338,0.5966718293956209,0.6285543307998629,0.5540395171720022,0.5504043972357651,0.5540395171308783,Indus
48,0.2637288917320803,0.4985125275039024,0.5412470595204812,0.5700149100243417,0.5002887438413464,0.497658336097879,0.5002887438145548,Indus
49,0.2745788214869441,0.5118013980504276,0.5587350883156087,0.5762947888239423,0.5130220082418626,0.5108093426299101,0.5130220082244082,Indus
50,0.35354028115548075,0.590978707511424,0.6432859055572702,0.6554152598367264,0.5925944694962733,0.5884349007302917,0.5925944694849019,Indus
51,0.48376669558011465,0.7211662749271293,0.7660290851204533,0.7948997220630389,0.7226803572780568,0.7189797882243298,0.7226803572706486,Indus
52,0.5316247913081207,0.7689220918487916,0.8267027086862139,0.846983872769048,0.7707007948678669,0.7689714324395744,0.7707007948630406,Indus
53,0.4990282000919125,0.7362464401627885,0.8003904956984846,0.823388324754495,0.7381578910358709,0.7373879704049672,0.7381578910327266,Indus
54,0.5194648257094521,0.7596222356804725,0.8082007952580706,0.8397153091166183,0.7611080089682285,0.7604315370470168,0.7611080089661801,Indus
55,0.5967415311188575,0.8346645079912903,0.8729599280219837,0.9008981347557917,0.8362937683390267,0.8367082189020885,0.8362937683376922,Indus
56,0.5438329618285909,0.7824079161799642,0.8119569796316907,0.8411908741323938,0.7842671884461934,0.7855547748771603,0.7842671884453241,Indus
57,0.5379251781569652,0.7762101924425988,0.8041293033663335,0.8397492851581942,0.7779916892727041,0.7791247843687538,0.7779916892721377,Indus
58,0.6198707248323598,0.8618959609882236,0.8919380709424819,0.9185714756049227,0.8634557464734095,0.8650263042478357,0.8634557464730407,Indus
59,0.5779925752971125,0.8222071047783929,0.8471162752515012,0.8626176167113982,0.8237342407148526,0.8261682102926518,0.8237342407146123,Indus
60,0.5112607874077166,0.7581798387574016,0.7834091678219431,0.7941905719606431,0.7592210516915634,0.7610719218662467,0.7592210516914069,Indus
61,0.5385269912791385,0.7848946083813343,0.8125341295192251,0.824203856584813,0.7858786239357943,0.7861389576229781,0.7858786239356923,Indus
62,0.5130765661935208,0.7568422368335828,0.8013934152130565,0.7907658699561587,0.7579706180962074,0.7560670865703081,0.757970618096141,Indus
63,0.4246697310370807,0.6659035908927419,0.7372974853568165,0.6906663930290621,0.6673165738725193,0.6665416662197718,0.6673165738724761,Indus
64,0.3202839707186931,0.5605539639458186,0.6404090765342555,0.5971324319016286,0.5618302239181724,0.5584604043145713,0.5618302239181443,Indus
65,0.2315313355520801,0.4752502531135627,0.5435624063547128,0.5321164452051944,0.47646766431316423,0.4739304310484865,0.4764676643131459,Indus
66,0.19935796271376188,0.4411805476616897,0.4918867352622799,0.5072918866990783,0.44274799418748784,0.4391219019844701,0.4427479941874759,Indus
67,0.2201592159106965,0.4630606322016941,0.5049641297009375,0.5301218951527008,0.4641191965571109,0.4594851341437696,0.46411919655710315,Indus
68,0.3198776831984206,0.560593540167243,0.5995966493057822,0.6306813607197614,0.5621751565268003,0.5588892276798669,0.5621751565267952,Indus
69,0.2942849114995387,0.5368218242574387,0.569739837339515,0.6067840403558986,0.5383947550776972,0.5366561716483776,0.538394755077694,Indus
70,0.16248990934082802,0.4065107168267566,0.4323725315166739,0.458517268276107,0.40797369487959106,0.405921541286799,0.40797369487958896,Indus
71,0.1838966277258947,0.43144485164393526,0.45671206048729807,0.49621168517257525,0.43245243067644407,0.4292143865187572,0.4324524306764427,Indus
72,0.2814730365372076,0.5251357173832227,0.5547181797987731,0.5910986121563032,0.5265866114111127,0.5238543366767938,0.5265866114111118,Indus
73,0.36573324707919963,0.6080185256354007,0.6375044902230109,0.6735767941913616,0.6097545573761541,0.6075770499882944,0.6097545573761536,Indus
74,0.4165264156580206,0.6590523972536233,0.715698549560481,0.7195015944277111,0.6608704229374757,0.6602938504431018,0.6608704229374753,Indus
75,0.44965428226974774,0.6931173201295406,0.7683689855751973,0.7610243395442705,0.6949715559173435,0.6950564833899979,0.6949715559173433,Indus
76,0.4366601213813191,0.6782498431251542,0.7505923427106362,0.7466077119678383,0.6802608281047823,0.6808726041862362,0.6802608281047822,Indus
77,0.38934620827315375,0.6296091077645057,0.6932995159323359,0.710291328538658,0.6317266830974966,0.6332606183790541,0.6317266830974965,Indus
78,0.3442356730621321,0.5859072459482392,0.6380467739520702,0.6650141247267266,0.5876343238276823,0.5880218262172291,0.5876343238276822,Indus
79,0.3581515237992219,0.599131802781915,0.6422191734431899,0.6726155734444126,0.6006860206994358,0.5993845058051424,0.6006860206994358,Indus
80,0.4418539847356374,0.6817037121733723,0.7166273906825887,0.7491672075215521,0.682865608833188,0.6822065559397247,0.682865608833188,Indus
81,0.44785926631277023,0.6854861060360008,0.734829815530178,0.7307792279542223,0.6863446150658953,0.6864146006505208,0.6863446150658953,Indus
82,0.38224586236251856,0.6167593294926418,0.6795766209249341,0.6588688473367516,0.6175190435792145,0.6183524062103912,0.6175190435792145,Indus
83,0.3415508639526642,0.5781410973012621,0.6383399804446526,0.6360249700015194,0.5790577432578191,0.5804947302354635,0.5790577432578191,Indus
84,0.3543005587649138,0.5906428621128099,0.6489627507612847,0.6541761628712802,0.59206634651745,0.5946378194803529,0.59206634651745,Indus
85,0.2902678418422648,0.5250869726270382,0.5777598205916307,0.588116215783789,0.526710599312635,0.5300739793580036,0.526710599312635,Indus
86,0.20429264494315144,0.4388227535171443,0.5108692536743737,0.5021597431177174,0.44075609403082755,0.44372963852910396,0.44075609403082755,Indus
87,0.09822675217291645,0.33566799860884095,0.41660057512621235,0.4077685634337138,0.3374384175858079,0.3376716595981793,0.3374384175858079,Indus
88,0.03270229069992926,0.27261301762876566,0.348058777173948,0.3499420701834167,0.2740216786154928,0.27363522670442897,0.2740216786154928,Indus
89,0.04094000529058783,0.27997438707884226,0.34903453187951355,0.3508347983078275,0.28153169129747235,0.27955692817523553,0.28153169129747235,Indus
90,0.11929876333515299,0.3594723779450474,0.4155723983653212,0.43116034367491435,0.36121399150317285,0.3575809078380477,0.36121399150317285,Indus
91,0.15005334310339782,0.388661494586454,0.43731446118417217,0.45732009285596426,0.39055498148481155,0.38699756454242173,0.39055498148481155,Indus
92,0.1004799258537877,0.3397873335076868,0.380205577879458,0.40689710915449645,0.34162867553364457,0.3389044740064806,0.34162867553364457,Indus
93,0.1364209093749172,0.3759758103916007,0.4165571962070692,0.45139480960870426,0.3772522615081459,0.37324236791290305,0.3772522615081459,Indus
94,0.1197575283957365,0.36071531898600273,0.39969063179632786,0.4468249527069773,0.36187706761694227,0.3590128400857474,0.36187706761694227,Indus
95,0.06097897001435855,0.3027976037541061,0.33818043529270847,0.38823259142043354,0.3035725395763734,0.3016802132540855,0.3035725395763734,Indus
96,0.08381422298892063,0.33012341304057014,0.3637507738345742,0.40557422079062655,0.3306603971178649,0.32828466283325985,0.3306603971178649,Indus
97,0.15798196641533768,0.3990743755774707,0.43898381121119545,0.466984899356215,0.39969828232787663,0.39722896724454193,0.39969828232787663,Indus
98,0.2512001468447774,0.4903731271713512,0.5285197441608154,0.5587955914570291,0.4915191174464396,0.4886136521766041,0.4915191174464396,Indus
99,0.37954820522695054,0.6180558265407002,0.6450882494971858,0.695052050365076,0.6196056527475633,0.6179305765476499,0.6196056527475633,Indus
100,0.48320005939637156,0.7201579445701809,0.7442365011648225,0.7879776435558516,0.7219596559468728,0.7208683693655931,0.7219596559468728,Indus
101,0.47036977167304844,0.7106279100313978,0.7365205487952464,0.7694765339465142,0.7125773311494347,0.7119847167541934,0.7125773311494347,Indus
102,0.3725056912617652,0.6163383334689553,0.6414148283590841,0.675409527579827,0.6180950395677015,0.6182388419763396,0.6180950395677015,Indus
103,0.2872065302059026,0.5315077288079718,0.5580380833662898,0.5859435134634091,0.5332786491405003,0.5341599403667686,0.5332786491405003,Indus
104,0.1963035862769691,0.4433733254690996,0.46880717956954615,0.5052040314768657,0.4452156204936345,0.44659807432461596,0.4452156204936345,Indus
105,0.2021620180855686,0.4473636560713289,0.4722304560231576,0.5190827542494264,0.44935355342194927,0.4502195731385229,0.44935355342194927,Indus
106,0.25131566940934735,0.4973610422341954,0.5391701786570515,0.5600413400650582,0.4994842053353736,0.5015217067259989,0.4994842053353736,Indus
107,0.24397688529916986,0.4879887375640642,0.5406859202677523,0.5436547898479491,0.49006522273352354,0.49179083791830225,0.49006522273352354,Indus
108,0.20863436281677614,0.4501255386660335,0.5000839186420427,0.5049064063085118,0.45189394139558847,0.4532723038006072,0.45189394139558847,Indus
109,0.21176660263788222,0.4534596834392577,0.5084891231055545,0.5075262794148634,0.4548580274496926,0.45695064115795236,0.4548580274496926,Indus
110,0.16420336408048364,0.40602088043983076,0.48005105541361415,0.45705074763450576,0.4075463596932942,0.40751027196408035,0.4075463596932942,Indus
111,0.20014552629482912,0.44214322476678064,0.5160506111744583,0.4936151399740674,0.4439441732298001,0.4436427265545559,0.4439441732298001,Indus
112,0.33793157723379474,0.5793001055766583,0.6350268701815185,0.6186551102131972,0.5813347007698396,0.5800782356065413,0.5813347007698396,Indus
113,0.41096403242949997,0.6537932639995527,0.7005933597385471,0.6844093943822676,0.6558792644354057,0.655668302438138,0.6558792644354057,Indus
114,0.3749584543582685,0.6160018769037828,0.6567072381178417,0.6451769888086155,0.6181571390742793,0.6188051678073567,0.6181571390742793,Indus
115,0.2975620868061177,0.538293647902129,0.5722712808630382,0.5647727331365727,0.5397657096054718,0.5412336083287015,0.5397657096054718,Indus
116,0.24069414895962848,0.4805153718749831,0.5163938782977231,0.5207521024224162,0.48218956015201037,0.483789744051329,0.48218956015201037,Indus
117,0.22765734210387478,0.4671863323395619,0.5076943869786417,0.5230786735664246,0.4686913642421734,0.4698445681672271,0.4686913642421734,Indus
118,0.16110325512556076,0.40183001360680604,0.45417674874145403,0.4679217462745385,0.4032248427129432,0.4040868460060248,0.4032248427129432,Indus
119,0.05780509327498573,0.3017723847550149,0.37015197642799885,0.35513393450975195,0.3029403098329704,0.303502419024257,0.3029403098329704,Indus
120,0.050642042001254585,0.29205666285507625,0.36742087642581617,0.360969736839768,0.2935926968135937,0.29381338434749693,0.2935926968135937,Indus
121,0.0762791366325137,0.31455989812648627,0.3872335646316095,0.38014497884894466,0.3163031975913577,0.3182913800958326,0.3163031975913577,Indus
122,0.027102875225843814,0.2675817153907722,0.3264719125865621,0.33117920357986985,0.2695967419045739,0.27163674260283466,0.2695967419045739,Indus
123,-0.07736027172657847,0.1608666487544773,0.20282470386770737,0.22195678535620805,0.16283611192151234,0.16247976682238358,0.16283611192151234,Indus
124,-0.07147709401804607,0.16802710323289588,0.21213531618803239,0.23038480968803432,0.16957143568048216,0.1665246817985386,0.16957143568048216,Indus
125,0.06089064155797984,0.3002663170412771,0.34369825817378413,0.37200865665209226,0.30181482565383044,0.29623727388583254,0.30181482565383044,Indus
126,0.19005673816703145,0.43083595692599097,0.4675978726851126,0.4797318189206989,0.43251344944961145,0.42962172544872673,0.43251344944961145,Indus
127,0.19078381018248508,0.43195613815444855,0.46887582006377426,0.4712650836979101,0.4335582908986907,0.43255011525383014,0.4335582908986907,Indus
128,0.20634344344857064,0.44752940894213944,0.48253454447924776,0.4890307372495285,0.44933923569634,0.44895031049229583,0.44933923569634,Indus
129,0.16743617519386603,0.41050344828065344,0.44545033811474044,0.4642991976614421,0.4125237326193769,0.41296083686428775,0.4125237326193769,Indus
130,0.18546423424371383,0.4271712701180377,0.4603206195461772,0.4947638177371318,0.4292454864493746,0.4301336238967422,0.4292454864493746,Indus
131,0.21579632114144887,0.45776239132025304,0.5062097077413797,0.5238814868188625,0.45989449801323323,0.4615470386616567,0.45989449801323323,Indus
132,0.16534456989328078,0.4092453106573149,0.47022808474678673,0.4558814239717122,0.4114665843111427,0.41315795962376645,0.4114665843111427,Indus
133,0.1335147955233063,0.3761182662913703,0.43538322363541193,0.41770126839094884,0.3782188970887111,0.38023425754869233,0.3782188970887111,Indus
134,0.1974125362605841,0.43877095264216115,0.4912456290386171,0.4792233094591344,0.4408753189028937,0.4431302330327222,0.4408753189028937,Indus
135,0.18786213948417327,0.42955307940147947,0.49534541084008793,0.4651423141504986,0.4317246622884312,0.4337403217062108,0.4317246622884312,Indus
136,0.2116730242582225,0.45447958201066985,0.5238970315077818,0.4830085972772521,0.4565250010727888,0.45828364503107727,0.4565250010727888,Indus
137,0.19723190213543018,0.43770290941406936,0.4898932327984241,0.4667697003766835,0.4398430029870759,0.44134336299755794,0.4398430029870759,Indus
138,0.14801931395239754,0.3854902576299695,0.42764248027519214,0.4311019527906286,0.38724733357005425,0.38883281062689284,0.38724733357005425,Indus
139,0.16715391432617083,0.40584793002424113,0.44285465026667103,0.4428813099818152,0.40711792250601364,0.40935277075162185,0.40711792250601364,Indus
140,0.13663429131181648,0.3726190170780343,0.4106831946813802,0.409785191024806,0.37396008343726744,0.3766579626891481,0.37396008343726744,Indus
141,0.05768510660719025,0.29369512542108595,0.3318671873613327,0.33535614662179597,0.2952889334630465,0.29762404045984137,0.2952889334630465,Indus
142,0.005290460589514594,0.24014779251566679,0.28986033779719145,0.2802458632222104,0.24198938036993095,0.24368409901336224,0.24198938036993095,Indus
143,0.08317530655633151,0.3176230065797615,0.37166376089191355,0.3496470306980637,0.31926693005374696,0.32215544757901127,0.31926693005374696,Indus
144,0.1738694108686472,0.40838309808177425,0.4635821493489417,0.4348662692582709,0.4098655380540816,0.4126216022967698,0.4098655380540816,Indus
145,0.214694258800821,0.44957553103112163,0.5051422132951409,0.47589968826596574,0.45097247499480464,0.4539607479478023,0.45097247499480464,Indus
146,0.1589931415086211,0.39899503758907917,0.443319901355012,0.4244248875482015,0.4003405474844055,0.4030569950453221,0.4003405474844055,Indus
147,0.03348422059120275,0.2726258815568285,0.3224417441652876,0.30929604262883054,0.27388217466213655,0.27590723686194607,0.27388217466213655,Indus
148,-0.09841215607558351,0.14411248413295075,0.19440270363993778,0.19254465341265875,0.1454263117280217,0.1462310434996601,0.1454263117280217,Indus
149,-0.09323939318038951,0.15329576876912282,0.19340839719087577,0.21655525272178994,0.1545890819303415,0.15380626772260103,0.1545890819303415,Indus
150,0.05380685564483671,0.29840882368633515,0.33322981889193565,0.35644396346930785,0.29995221781282827,0.2999999823018027,0.29995221781282827,Indus
151,0.10007079953480752,0.3413382328820416,0.37123681888291227,0.3923326219324383,0.34302173484841975,0.34391485595575544,0.34302173484841975,Indus
152,0.05496437787742407,0.29720282047297286,0.32555958473823715,0.34928465725001223,0.29918079098687095,0.3002372821063919,0.29918079098687095,Indus
153,0.000201820027598984,0.245879801419327,0.2843548007385903,0.3027575059061079,0.248004528245918,0.24922202643401947,0.248004528245918,Indus
154,0.0356476308054565,0.2795976072118017,0.3272530746202008,0.3409338824915682,0.28152938256576504,0.28255377676353793,0.28152938256576504,Indus
155,0.14263575873500062,0.3844838074792336,0.42619129139543427,0.4342071668266786,0.3860810296925281,0.3876545451032541,0.3860810296925281,Indus
156,0.2288028276084085,0.4700565558045784,0.5040595737009083,0.513797791400849,0.4715311757207848,0.47311179439090933,0.4715311757207848,Indus
157,0.2655723364979563,0.506108494225373,0.5373125278156614,0.5499450610971577,0.507833620317516,0.5090890938746223,0.507833620317516,Indus
158,0.2526376313352215,0.49244747609385403,0.5268787095992693,0.536346149836807,0.494335803136701,0.495379449614643,0.494335803136701,Indus
159,0.23098417981186725,0.4692914704736133,0.510634065194725,0.5091989779201402,0.47137063412014885,0.4722341532173431,0.47137063412014885,Indus
160,0.2646393429344839,0.50278827873554,0.539282301405278,0.5404499374310922,0.5047697689292945,0.5058613222380066,0.5047697689292945,Indus
161,0.19715267848591408,0.4371076148037326,0.47720729571700515,0.4730178919705261,0.43910766155064157,0.44028846880759354,0.43910766155064157,Indus
162,0.07692835839244416,0.3110065580121544,0.37411998703222715,0.355597760710439,0.3131675793176438,0.3150260565916859,0.3131675793176438,Indus
163,0.03916788259372204,0.2758128003549564,0.3403030674531501,0.33976851985670187,0.2780739973011425,0.27770443623286023,0.2780739973011425,Indus
164,0.09337810323397305,0.31392941336980645,0.3650196373339346,0.37839296858309784,0.31616718517839315,0.3166677035737517,0.31616718517839315,Indus
165,0.09364886912998209,0.31350242794272354,0.360783787488141,0.3752233185294045,0.3157641054226823,0.3168313453060698,0.3157641054226823,Indus
166,0.030096659610941365,0.2543430581205409,0.30234345780756394,0.3120228566615592,0.25668597336242244,0.25824029585792196,0.25668597336242244,Indus
167,-0.060100319944481624,0.16608140578627956,0.20528497079444552,0.20431328270261104,0.16776609445434215,0.1709181874682486,0.16776609445434215,Indus
168,-0.04662679158120503,0.1739852507677977,0.2042437755005524,0.21842885026240366,0.17552086424319013,0.17813704079595888,0.17552086424319013,Indus
169,0.005759440303783087,0.22435523233580723,0.2629652998446127,0.27429026898255326,0.22581910472879152,0.22777010613382653,0.22581910472879152,Indus
170,0.006201684163709836,0.21354633060243128,0.26191897474732795,0.2630438232732796,0.21507489882145153,0.21742972660676596,0.21507489882145153,Indus
171,-0.008810359367064258,0.18991482161888712,0.2500649469915408,0.2346968221541748,0.19113736144205906,0.19385441858831776,0.19113736144205906,Indus
172,-0.0031730362181823513,0.19489375262176747,0.2776773425902764,0.23632487478078976,0.19587293917600293,0.19817470573507562,0.19587293917600293,Indus
173,0.03912946234773004,0.23799738760830036,0.33462425158070597,0.2715321147755357,0.23922565690457454,0.2414658059538431,0.23922565690457454,Indus
174,-0.027325998097230186,0.17348710975176704,0.2556598065435183,0.20283597408382306,0.1750920907560829,0.17572454303710267,0.1750920907560829,Indus
175,-0.13795632592007884,0.054884792149605885,0.11398324519530392,0.09855659826732484,0.05614828639853632,0.05350282304498199,0.05614828639853632,Indus
176,-0.19345480903367457,-0.010612584787665198,0.033430362485977326,0.04637275808057349,-0.009679377424774635,-0.013753559350404315,-0.009679377424774635,Indus
177,-0.23624059865659808,-0.05825015480442788,-0.024795701198950117,0.0021902874314365176,-0.057556778109601185,-0.06070542753610291,-0.057556778109601185,Indus
178,-0.13628950132468054,0.04023611129588448,0.06601096145736642,0.09069412729942516,0.04071490485658185,0.03704263981459767,0.04071490485658185,Indus
179,-0.07736478965582372,0.09115614605925143,0.12105367633696286,0.12455543423846555,0.09199473353870587,0.09026529171561766,0.09199473353870587,Indus
180,-0.13522036441750007,0.025101199159054823,0.06618585555646171,0.0627217264790693,0.025883249099712867,0.02599757265304877,0.025883249099712867,Indus
181,-0.14251584794368333,0.01686815810871705,0.06422737101352868,0.07444844275305801,0.0181222440278202,0.017293703868610386,0.0181222440278202,Indus
182,-0.09102003446678039,0.061772743082931625,0.10951999932045003,0.12263125942964723,0.06276400716528917,0.06311479448699216,0.06276400716528917,Indus
183,-0.023802557058275137,0.12291101554884529,0.16775090067862716,0.17921014195302437,0.12387848283662878,0.12311721127914879,0.12387848283662878,Indus
184,0.06767522806330911,0.2148511588177125,0.25797367586010034,0.2587897570058005,0.21629333308046406,0.2138742028336792,0.21629333308046406,Indus
185,0.028287479457747074,0.16756921644814543,0.22880113226679882,0.1987495634842974,0.169327605405927,0.16668110644326317,0.169327605405927,Indus
186,-0.10954926478300331,0.021661674633619673,0.08913600571017186,0.05534387988559612,0.023278538369273277,0.020625048229061558,0.023278538369273277,Indus
187,-0.1863900621434686,-0.06220279266337579,-0.01124917088532856,-0.01742197745186118,-0.06055015450545481,-0.06310640321331118,-0.06055015450545481,Indus
188,-0.18681090359221994,-0.06833141594632638,-0.02818033402314639,-0.012305503804434743,-0.06716119578019158,-0.07027751335202931,-0.06716119578019158,Indus
189,-0.1456778663877047,-0.023257590435176403,0.014095041029922525,0.03537416601371979,-0.021872516599268158,-0.025992041040165878,-0.021872516599268158,Indus
190,-0.17091094192227863,-0.04919196687444875,-0.019127063360848066,0.012808661108240044,-0.04767363988284848,-0.051562863205779665,-0.04767363988284848,Indus
191,-0.23731907870564123,-0.12213325125361979,-0.10007636469961094,-0.07539865938991017,-0.12100262126246361,-0.12432225906227777,-0.12100262126246361,Indus
192,-0.2856261348078992,-0.17635960809108484,-0.15474110945228803,-0.13235247123988558,-0.1754561945408722,-0.17845704657922826,-0.1754561945408722,Indus
193,-0.2765974529311547,-0.17277677942246641,-0.14231245739378398,-0.11234410354086799,-0.17206956734291987,-0.174765458204379,-0.17206956734291987,Indus
194,-0.20542515515387,-0.12658710816579954,-0.0922288420054799,-0.06354154903597344,-0.12586298509576171,-0.12869612789595303,-0.12586298509576171,Indus
195,-0.11744468522104093,-0.03572830882650388,-0.0017507723781986367,0.02472546053453075,-0.03449498736472664,-0.03846925376440634,-0.03449498736472664,Indus
196,-0.04610122193959372,0.032820021016966426,0.07461082847937779,0.09382738436972862,0.03414232096347803,0.030348979467301335,0.03414232096347803,Indus
197,-0.10935517545087788,-0.03408119707709749,0.010132150245181087,0.03777941591088027,-0.032512343740973434,-0.035943757143697394,-0.032512343740973434,Indus
198,-0.1363740844294985,-0.0646888281474091,-0.024417019291431266,0.018367364177722098,-0.06338445670360447,-0.06808575936834828,-0.06338445670360447,Indus
199,-0.10320787619738225,-0.027675282531096454,0.00994677554802268,0.061611129475086054,-0.026177781907561065,-0.03092363339733891,-0.026177781907561065,Indus
200,-0.054507589931417424,0.010634299697558941,0.0458920515788413,0.09853506681261895,0.01205326635089543,0.009357629276083315,0.01205326635089543,Indus
201,-0.048512037446088216,0.020880554271388248,0.05268660349466609,0.10074380234999541,0.022692117817129077,0.021295318302797905,0.022692117817129077,Indus
202,-0.0018173051120157213,0.06225898369117045,0.08962170543731321,0.1227617327968139,0.06422342588113127,0.06287231010708946,0.06422342588113127,Indus
203,0.09027605194230749,0.1492223945963952,0.17861393275565723,0.19342043799934883,0.1513151982822124,0.14931425324713646,0.1513151982822124,Indus
204,0.09855348895538021,0.14956221372144898,0.19616513245342454,0.1798441292467494,0.15142110160429592,0.15070913664590974,0.15142110160429592,Indus
205,0.08285926447415234,0.11746818613148705,0.1732532023504305,0.1409289414437263,0.11893939985324642,0.1186541666200634,0.11893939985324642,Indus
206,0.09097451894251712,0.1344202364171197,0.18507760691122938,0.15955015345952978,0.13577017954013776,0.13628204639848765,0.13577017954013776,Indus
207,0.03920033258803763,0.07507666347185113,0.12719899836160428,0.09652925401850637,0.07657248454659529,0.07657787461605557,0.07657248454659529,Indus
208,0.005845772405188923,0.04319656710013016,0.1054185744049834,0.07390415028146725,0.044932391930529045,0.044764175260828785,0.044932391930529045,Indus
209,0.04394540699839048,0.0775437148902165,0.1413669871350387,0.1228437660673514,0.07923589836191412,0.07772461891523158,0.07923589836191412,Indus
210,0.02832199055115628,0.04944818671279186,0.11320297619564104,0.08344346690459453,0.05131320711418401,0.048243276547875164,0.05131320711418401,Indus
211,0.0003575007188551804,0.017335415793952397,0.07440022807516664,0.04028776633894107,0.01861131252415843,0.01585866427998455,0.01861131252415843,Indus
212,0.08448918309101756,0.10129590048339918,0.14520014082337943,0.11730193856361126,0.1029320330714515,0.10027797088965994,0.1029320330714515,Indus
0,0.9672052488197234,0.9672052488197234,0.9672052488197234,0.9672052488197234,0.954200152652188,0.9672052488197234,0.9672052488197234,Ganges
1,0.9771242172602128,1.0176209685829187,1.0572803038268153,1.0517216734546848,1.0200938450365513,1.0311427045585566,1.0308497370766325,Ganges
2,0.8621195329320762,0.9343039254001941,0.9989570433457654,1.001019172032446,0.9515877969400518,0.961644037895381,0.9604834799928752,Ganges
3,0.7719949995807492,0.8871029872640527,0.9841419913503482,0.9435968992736194,0.9021671777381761,0.9112910316152187,0.9095243710496564,Ganges
4,0.7478276576992263,0.8845544519763867,1.0427201082560436,0.9460389861521118,0.9104284422014027,0.919002292495798,0.9165132243480992,Ganges
5,0.6808900414742889,0.8329774325262512,1.0058934640771613,0.9195077971806489,0.8691991485508314,0.8769489670346472,0.874231580377107,Ganges
6,0.6908816322380793,0.8601244281485136,1.0212199307880558,0.9753921059458472,0.902309166889051,0.9091361723510563,0.906471250177417,Ganges
7,0.7287533887951657,0.9114285046773131,1.059628248738651,1.0414022491605257,0.9579655347760953,0.9648533003880382,0.9614077944821974,Ganges
8,0.7055710992312404,0.9097006692362837,1.0406403511744486,1.0427698987434582,0.9528407734139006,0.9591636954447949,0.9556877015177605,Ganges
9,0.7269547676891438,0.9422490886967836,1.06730701923676,1.0704325256438996,0.9864140110526703,0.9942380599738002,0.9887685689072621,Ganges
10,0.7226001495084274,0.9410753253039323,1.072649984969032,1.0912986815948877,0.9928376343562054,0.9991669558274912,0.9947849763642816,Ganges
11,0.6865128388733887,0.9128372255496244,1.0607176118414159,1.0729421345649501,0.9670225565101829,0.9714175833752098,0.9686331097989982,Ganges
12,0.6038967233706789,0.8407266179520815,0.9868325580216789,1.000919154103382,0.8921220355054498,0.8963020240873953,0.8934540469781935,Ganges
13,0.6345961851085987,0.8771544746554752,1.0128076100448795,1.0394855393322122,0.9299764634478985,0.9344764339981668,0.9310781063279217,Ganges
14,0.6347988566819278,0.8792611296271223,1.069044056305143,1.045180109757723,0.9358590493650729,0.9409820983657036,0.936770165417704,Ganges
15,0.5713305210640554,0.8128206022285368,1.063298903286178,0.9680231637620421,0.8747280315139749,0.8787555872775701,0.8754815719547252,Ganges
16,0.6002183391979117,0.8432459393094255,1.0876767238791263,1.017334143676684,0.9062019162746396,0.9136199822156742,0.9068251334753534,Ganges
17,0.6559062832298318,0.8995209718145345,1.12370218271889,1.0922539866940497,0.966292930701721,0.9722801261562928,0.9668083637936448,Ganges
18,0.643600044474543,0.8842254400578236,1.0910499439645573,1.0803838591552442,0.9547649890006464,0.9594020576036436,0.9551912790195128,Ganges
19,0.6318596571503372,0.8735220833970951,1.0666004311527353,1.0725759323822417,0.9472772949536883,0.9508133849677022,0.9476298590071658,Ganges
20,0.6432426819443602,0.8843629789763884,1.0651091637417396,1.089780963676225,0.9588237800372444,0.9621231527344607,0.9591153688765399,Ganges
21,0.5878280884261142,0.8276828884555342,0.9963441155491418,1.0412536471917178,0.9047680229189765,0.9074747153768207,0.9050091820795972,Ganges
22,0.523327927109883,0.7624485194825631,0.9224653779322879,0.9804144810539088,0.8418392593182261,0.8441257819117066,0.8420387105074137,Ganges
23,0.5402602635571214,0.7903314241126552,0.928023325179747,0.9945213199969226,0.8564147094782582,0.8588394570889578,0.8565796660022648,Ganges
24,0.5170209400551199,0.7698111872983799,0.9270883167857479,0.9708542857073397,0.833842068354836,0.8352026724573922,0.8339784959937142,Ganges
25,0.515734504206109,0.7742605926278844,0.9433521509535511,0.9710473207886696,0.8339195206205302,0.8347039624314248,0.8340323533851753,Ganges
26,0.5411027086276702,0.797561069542917,1.0096868298222688,0.9915558961771604,0.8588898189768003,0.8592848523315901,0.858983137551263,Ganges
27,0.45180140952163045,0.710686753192983,0.9846660012368431,0.9041798055688589,0.7714910576556556,0.7707358827126604,0.7715682369782324,Ganges
28,0.40776855991577615,0.6625868355382161,0.9857149520058225,0.8699562691036834,0.7262515007514704,0.7262413238058077,0.7263153320719519,Ganges
29,0.45842950110708686,0.7136880396454026,1.0231307812688266,0.9208959612733514,0.7754281920824078,0.7759541104618481,0.7754809839097829,Ganges
30,0.4829463252425393,0.7389345076923739,1.0100866873368124,0.945322460513708,0.8012562710408445,0.8028005900700678,0.8012999326323108,Ganges
31,0.46999106802809176,0.7238915935923226,0.965789011356778,0.9341113744988288,0.7905316571933634,0.7930521521247725,0.790567767604087,Ganges
32,0.4902533517247546,0.7482860499955147,0.9588178061451649,0.9514064823075231,0.8086408202639099,0.8124198234737736,0.8086706854547753,Ganges
33,0.4988892392907395,0.756654778288001,0.9511045397971587,0.9576374704814217,0.81763532949831,0.8214445207268841,0.8176600295670035,Ganges
34,0.5290207121092546,0.7889000744481028,0.9682871675013753,0.9910211751716687,0.8483040241431536,0.8511416201863071,0.8483244523867304,Ganges
35,0.4790248993283242,0.7442339754730709,0.9063523672923738,0.9424192880349379,0.7995960117972489,0.8012150818344144,0.7996129070189105,Ganges
36,0.3951849261690519,0.6559125524366014,0.8201042887443455,0.8574402532841139,0.7161058440851544,0.7170887059566756,0.7161198173136368,Ganges
37,0.303155099584591,0.561657577475973,0.7244109112502795,0.7649493340665662,0.6263603520483285,0.6274452144564917,0.6263719086362285,Ganges
38,0.30363213034193637,0.5718519327143399,0.746244861531139,0.7598380454641953,0.6263577957112114,0.6284993365103886,0.6263673536114531,Ganges
39,0.2568796336682291,0.5202463478876858,0.7014966309146404,0.7178921167743957,0.5797914310549426,0.581457381024177,0.5797993359363679,Ganges
40,0.2073882959716607,0.47433663743952764,0.6726636648483093,0.6789268944291532,0.529601917621447,0.5314792893637983,0.5296084553701961,Ganges
41,0.3087578416269636,0.5763686866029382,0.7762855532383115,0.7831872404324957,0.6292272472658772,0.631150546651037,0.6292326543246812,Ganges
42,0.35551391797598103,0.6196913075856291,0.8045604739507837,0.8227901523530297,0.6766765317140901,0.6811499056005996,0.6766810036334056,Ganges
43,0.36001581745634176,0.6195010589927642,0.791312193376016,0.8182440838661896,0.6818668521234593,0.685310381693256,0.681870550633701,Ganges
44,0.33768199897981815,0.5916002333765893,0.7519587556695141,0.7979232627553674,0.6586222129318011,0.6629424110214778,0.6586252717924475,Ganges
45,0.2737336373386043,0.5387136979321997,0.6776263041449259,0.7339474553240748,0.596180171038106,0.6008886049822824,0.5961827008752141,Ganges
46,0.2547092218923076,0.5284980450668642,0.6550175629281929,0.7041759998249794,0.5760258120813314,0.5815456311339079,0.5760279043884133,Ganges
47,0.23720657116239852,0.5084951892163345,0.6534073944702437,0.6890655284643485,0.5597879941602267,0.5658919334962116,0.5597897246071837,Ganges
48,0.2813022910735575,0.553190601087472,0.706846654795249,0.7347255149272987,0.6049113474919904,0.6102145066569147,0.6049127786617726,Ganges
49,0.2997989205584182,0.5679991111956939,0.7353755334596399,0.7478001325475623,0.6240678083008849,0.6287819845502862,0.6240689919528526,Ganges
50,0.24950135519030106,0.5137042819507369,0.7493523106401702,0.6859446766965241,0.5755644071479433,0.5789591901200805,0.5755653860897837,Ganges
51,0.21376510632828433,0.47808416070231974,0.73690554728693,0.6534256610108965,0.540652677715825,0.543931580922787,0.5406534873517257,Ganges
52,0.19610599244391985,0.46075194149222387,0.7011721729916668,0.6233779820994382,0.5236821819079137,0.5263940056768143,0.5236828515189821,Ganges
53,0.13926525964460626,0.40734697610128034,0.6215304342730603,0.5840423206335675,0.4678408635782733,0.4710060103954916,0.4678414173815107,Ganges
54,0.1588823693820055,0.435366074366718,0.6182847786290817,0.6091419899508778,0.4876696801352314,0.4906633097513504,0.4876701381593595,Ganges
55,0.2044087770071268,0.4847183417869199,0.6443635705606763,0.6552555352209665,0.533657536331612,0.5367308865736515,0.5336579151414269,Ganges
56,0.19469566189614715,0.47925150731199667,0.6164252034142836,0.6439124591154455,0.523325520949673,0.5277877975669611,0.5233258342451242,Ganges
57,0.2629009411551454,0.5509461480767475,0.6697561369642091,0.7196680790500393,0.5918040367540061,0.5971777648261043,0.5918042958656657,Ganges
58,0.30350059229050774,0.5835369031199669,0.7072054708903757,0.767315408742623,0.632763424520923,0.6375013886100362,0.6327636388197642,Ganges
59,0.33884792644940137,0.6170625877309878,0.749074242784298,0.7997137936417528,0.6689464581825939,0.6725605683818248,0.6689466354188995,Ganges
60,0.31051920920705356,0.5934243950739584,0.7233226248214362,0.7666107311399338,0.6410504566215168,0.6449067594867745,0.6410506032051748,Ganges
61,0.3714472098644679,0.6528628714557094,0.7797076203655362,0.817600950619751,0.7017413383563017,0.7060080089449617,0.7017414595886232,Ganges
62,0.4625479335178738,0.7385294149037414,0.863102860333739,0.9041944820946477,0.7922464302655963,0.7953540381787092,0.7922465305310418,Ganges
63,0.4567488185247847,0.7274767756983465,0.9121886712222874,0.9034825060946494,0.7855253088722379,0.7882891404702453,0.7855253917969848,Ganges
64,0.42921170980683104,0.7015634645032406,0.905385679906376,0.8877207101919371,0.7568429335605159,0.7587034047229398,0.7568430021436016,Ganges
65,0.4190447799700889,0.6903449291066397,0.8890675913059007,0.8884220358242618,0.7474038821461488,0.7485814063829418,0.7474039388679335,Ganges
66,0.4263614339306544,0.6948097759218581,0.8818953413294663,0.9022331662355701,0.7541081277243564,0.7582135770095655,0.7541081746362273,Ganges
67,0.405600082573876,0.6781770326466882,0.8416880399157063,0.8828980542717442,0.7336868100329076,0.7396870951824018,0.7336868488314686,Ganges
68,0.39500482904033146,0.6629219877855675,0.8181283205495927,0.8676859530250194,0.7215754176098438,0.7287785876393174,0.7215754496982749,Ganges
69,0.3375884562504534,0.6119806359666946,0.7571791149247987,0.807989406266969,0.6652861534319934,0.6729845036572064,0.6652861799707976,Ganges
70,0.31602404784335547,0.5984393416233359,0.7309400796700123,0.7868142330215726,0.6444839964239364,0.652147104675559,0.6444840183729101,Ganges
71,0.25817662487150483,0.5454526998503261,0.6646668425845507,0.7239853538353449,0.5873729442232042,0.5945202000072335,0.5873729623761489,Ganges
72,0.20808198942687936,0.4943963298171434,0.6328101862396506,0.6701519281978404,0.5364376274245695,0.542701627263084,0.5364376424380004,Ganges
73,0.2803083880026017,0.5598409381821791,0.7053878914217833,0.7422603956204693,0.608484785808934,0.6154237160015386,0.6084847982258235,Ganges
74,0.3858799115142514,0.6717367903311712,0.7990644334764769,0.8330832513930998,0.7125153085911329,0.7177407764257748,0.7125153188605473,Ganges
75,0.4509172986333962,0.729046131679227,0.865681514960379,0.8919539387091908,0.7782738251715315,0.7819584659528251,0.7782738336648722,Ganges
76,0.36796637076321903,0.6398222695268242,0.8130697490390635,0.8233910127884511,0.6944025876624891,0.6971864680035703,0.6944025946869243,Ganges
77,0.26296569896752126,0.532198490450042,0.7288276233218063,0.729080647079951,0.5881030095947167,0.5906490010039402,0.5881030154042906,Ganges
78,0.20207134501361185,0.4758580375765769,0.6575926145820888,0.6690104785002617,0.5278718898536067,0.5313227349434763,0.5278718946584269,Ganges
79,0.17362440003452176,0.44852589705264956,0.6092263726276038,0.6409796443875837,0.49858886289883797,0.5016321983772392,0.49858886687267456,Ganges
80,0.15303823426240828,0.4352285178080984,0.572346585885249,0.6170393761086929,0.47717090111419463,0.48092827720788345,0.4771709044007645,Ganges
81,0.10762569259620805,0.3952276403944547,0.5113889870397184,0.5711018260888431,0.4302856025575475,0.43479711781931607,0.43028560527571197,Ganges
82,0.05759507882369483,0.34817571490379456,0.4577044565474906,0.5157812000838695,0.3782295386488722,0.3832968090973855,0.37822954089693583,Ganges
83,0.0009140461122176501,0.2929461760620621,0.39407599591567244,0.4531941309905692,0.32079603230751436,0.32604971202664595,0.3207960341667801,Ganges
84,0.0374419091861639,0.32942780596962495,0.4286673671771999,0.4848067034152963,0.3555770045947195,0.3602595849571888,0.35557700613242915,Ganges
85,0.03976150867216668,0.3210325746244056,0.4231773427750717,0.48458907303927473,0.35523768016942786,0.3592442005461655,0.35523768144119383,Ganges
86,-0.030259832439975536,0.25419713327329924,0.35876029063608655,0.41424003811656124,0.28364873280159175,0.2872868620677656,0.2836487338534085,Ganges
87,0.062440152668617466,0.34762106956720584,0.4651255366557523,0.49209595584020777,0.37744186583829786,0.3808886620435936,0.3774418667082051,Ganges
88,0.12039653248908794,0.4072108707870418,0.5601037155698985,0.5488800458362623,0.43744517124456384,0.4409168747006709,0.43744517196402244,Ganges
89,0.19697922274809349,0.4862155829797207,0.6469296072376611,0.6257189129503798,0.5154180887930638,0.5190116369379192,0.5154180893880936,Ganges
90,0.27825791574156145,0.5591337452653345,0.7143204306379023,0.7169660965375555,0.5976022186262988,0.6020909973715605,0.5976022191184194,Ganges
91,0.30524550561104097,0.5821756397620197,0.7257496513046229,0.7426373453355103,0.6255166512982093,0.6314381129289184,0.6255166517052186,Ganges
92,0.2680871864971216,0.548689702460809,0.6752084927516165,0.7038810907150871,0.589884158859508,0.597058104486587,0.5898841591961259,Ganges
93,0.2210203550926388,0.5035999081530652,0.6213331851403047,0.6635497009142726,0.5433810021342071,0.5505785599798514,0.5433810024126077,Ganges
94,0.20735649497906897,0.4949564052186799,0.6097325060788646,0.6600022147311474,0.5307331502028025,0.5383724992638979,0.5307331504330542,Ganges
95,0.2278457748659495,0.5223728751889042,0.6322054891502875,0.6789255955332271,0.5520852491556261,0.5606629401945536,0.5520852493460563,Ganges
96,0.2318668726332167,0.5321592516190816,0.6392130007764171,0.6819190699759067,0.5569792168772285,0.5636794270119453,0.5569792170347242,Ganges
97,0.15993717022469145,0.4606044545623184,0.608299292318988,0.608369702726606,0.48376486211141956,0.48873835191158904,0.4837648622416767,Ganges
98,0.037901608999476,0.34139350478634994,0.5431104734906884,0.48998851241525215,0.3619217804902059,0.36566264668814213,0.3619217805979353,Ganges
99,0.04555955318986238,0.34897534495240695,0.6012691228451479,0.48912580375692943,0.3705420238261847,0.3741884728853146,0.3705420239152825,Ganges
100,0.13929468627987124,0.43891102767164825,0.7012440885432919,0.5696199560745581,0.4635670596534763,0.46678582698649307,0.46356705972716483,Ganges
101,0.1760220052866182,0.46563651434636877,0.721031008879308,0.6075013707529299,0.500558746448165,0.5031436459273431,0.5005587465091093,Ganges
102,0.20150095572426263,0.4938699753101702,0.721744373176061,0.6323408344152371,0.5276693652087031,0.528976553382161,0.5276693652591072,Ganges
103,0.21540248353913322,0.5097991111588449,0.7100130984104851,0.6407085551868889,0.5412324113249112,0.5421063387390804,0.541232411366598,Ganges
104,0.20224096046368234,0.48635385014504984,0.6724173160899274,0.6283964391496888,0.5276637720610327,0.5279932562104198,0.5276637720955099,Ganges
105,0.1553718031449862,0.43317860856641177,0.6110125510280788,0.5885905980523024,0.48146613738779914,0.4825609549810836,0.48146613741631367,Ganges
106,0.15902904632874182,0.4330488685690298,0.6000083016944935,0.5872195540327098,0.4844333916234286,0.4858704928656895,0.4844333916470116,Ganges
107,0.10879638343946456,0.38524542716109406,0.5370549036353209,0.5314297615201518,0.4354119536428109,0.43654873320283805,0.4354119536623153,Ganges
108,0.14009685145199985,0.4097037065415575,0.5658362033361225,0.5594573162829987,0.4659764388479243,0.46832284071630037,0.4659764388640554,Ganges
109,0.2555304581353631,0.5222543682287125,0.6717449562816988,0.6697906943307425,0.580658271142104,0.5833992070937926,0.5806582711554452,Ganges
110,0.254066691726619,0.5209435334812156,0.7116488096226581,0.6645170015618145,0.5815022594010624,0.5847666809674104,0.5815022594120963,Ganges
111,0.26651350340440627,0.5293308817368483,0.7323783445714969,0.6655295934582631,0.5931047198657114,0.5956031098618458,0.5931047198748371,Ganges
112,0.3185449296374312,0.5776102551687445,0.769611283323598,0.7226519160255979,0.6450687435879001,0.6471350422700677,0.6450687435954476,Ganges
113,0.23589299312105927,0.493390914123876,0.6717417047576645,0.6529251351533142,0.5636375805720854,0.5650655004933176,0.5636375805783275,Ganges
114,0.1350574503034641,0.398173221366186,0.5531442946168651,0.55984718877917,0.46239930080679226,0.4633248074254403,0.4623993008119548,Ganges
115,0.10099368829160296,0.3667271744182695,0.5044887115601279,0.5276697804711348,0.4267771936206818,0.4275153585006114,0.4267771936249515,Ganges
116,0.10014809303684392,0.36572442791905235,0.49861707440306285,0.5359820943631277,0.4260438429571274,0.42638523390942973,0.42604384296065867,Ganges
117,0.14382686642064163,0.40543233516988886,0.540981864851678,0.5755076946171125,0.4698154484653113,0.4697503450561313,0.46981544846823187,Ganges
118,0.12191764032377919,0.3808489041750476,0.5142054192599744,0.5507734862384648,0.4485929076304832,0.44819161220775083,0.44859290763289866,Ganges
119,0.048556472971631646,0.3036567787945558,0.43358545315309066,0.4829633149223445,0.37505373370639405,0.3753631259180163,0.3750537337083918,Ganges
120,0.07154164792092785,0.3256663130618733,0.4582348636093601,0.5079788366181843,0.3982856316846475,0.3994653038782361,0.3982856316862997,Ganges
121,0.04031041681705492,0.292225554904033,0.42467528184790426,0.47232798435865075,0.36548747714509033,0.36686738384417295,0.36548747714645685,Ganges
122,-0.06476675968857622,0.195301884112966,0.32054438424677834,0.3716919455250045,0.25985273450587765,0.2634941214338507,0.25985273450700785,Ganges
123,-0.10784997528370867,0.16197367054336517,0.3147060069831349,0.32781424936842785,0.21601543804142823,0.21856101749943596,0.21601543804236298,Ganges
124,-0.024813489887770962,0.24430435143121207,0.4146850247723787,0.414296769572879,0.2979003565796977,0.3006891494902662,0.29790035658047076,Ganges
125,0.08586990264907488,0.3481121956611264,0.5346229383510825,0.508439178736488,0.4064114411456923,0.4095653077026077,0.40641144114633165,Ganges
126,0.05482196783381508,0.31218789327461627,0.49963628405565275,0.46298239863875024,0.3746111780882808,0.3770716440070649,0.3746111780888096,Ganges
127,0.03083353307738885,0.28243447095558327,0.4620001542549145,0.4444578229090834,0.34937217017998534,0.3507201971376289,0.3493721701804227,Ganges
128,0.04160579423055724,0.29161172355905046,0.4588344827033361,0.45948618670440783,0.35923855160551477,0.3605523598428774,0.3592385516058765,Ganges
129,0.0243230068828563,0.27134877047796946,0.4283749332598252,0.444276296505005,0.3410312999010633,0.3423899435168719,0.34103129990136244,Ganges
130,0.06576649694874763,0.31053865971626343,0.46149189708614075,0.48954234120295115,0.38252623873975866,0.38399281422967635,0.38252623874000613,Ganges
131,0.05965129935328785,0.3012725790752727,0.44630565645856596,0.4721279749142071,0.3760853688690976,0.3768200604684556,0.3760853688693023,Ganges
132,0.0006409823738914178,0.2435095546758412,0.3844918776842791,0.4057213422864584,0.3166062596583052,0.31679596666100945,0.3166062596584745,Ganges
133,0.0641714769285544,0.3028784546529256,0.44267053156967673,0.46716596396292764,0.3783620861079737,0.3798944206974159,0.3783620861081137,Ganges
134,0.1367114795003609,0.3748273906649699,0.5182691419403508,0.5411540515795009,0.4500687695291048,0.4517883011030597,0.4500687695292205,Ganges
135,0.13622205442870466,0.382246150825655,0.5766964044095847,0.528702870008272,0.4502680672127521,0.45290263110910695,0.4502680672128477,Ganges
136,0.13950084003502175,0.3810448675749168,0.6122486295393332,0.5180120757543114,0.4529207984847651,0.4545511047023913,0.4529207984848441,Ganges
137,0.058113769085135006,0.2984613958076048,0.5237747728866406,0.4487615762374106,0.3733305809593189,0.37380385921166914,0.3733305809593843,Ganges
138,0.05039725773120554,0.2955049045637126,0.497080696067899,0.4492289399228936,0.36610450177917514,0.36575166332119613,0.36610450177922926,Ganges
139,0.06275815815430698,0.30501820178528244,0.4926668521435321,0.44975773621892345,0.3787934030281335,0.37784337837582294,0.37879340302817827,Ganges
140,0.03906855749385983,0.28906814313775087,0.4537615588117622,0.4254425750013058,0.35601858287067206,0.3547599066734354,0.3560185828707091,Ganges
141,0.0652495428629879,0.3144534958814984,0.4695599923221431,0.45051834429408977,0.38311284642065835,0.3818887941467176,0.383112846420689,Ganges
142,0.13547044301131048,0.38170638216824027,0.5331135377461194,0.5111725136226977,0.4538733906507163,0.4526351241258594,0.4538733906507416,Ganges
143,0.11689584142939428,0.3749501794442508,0.5085854128092341,0.48439070129662354,0.4363365138349782,0.43470027234683994,0.43633651383499905,Ganges
144,0.0299061158095094,0.2944730040795894,0.4127513886938885,0.39176265461163884,0.35024646422812683,0.34840865669969756,0.3502464642281441,Ganges
145,-0.03371530654967593,0.23291470477869897,0.36768766133249364,0.3318433111663307,0.28822067646030786,0.2874917987832615,0.2882206764603221,Ganges
146,-0.09920583354488721,0.16545726662298363,0.31693430262685873,0.2710537156841977,0.22389620782837294,0.22483371511545847,0.22389620782838476,Ganges
147,-0.17645823668444593,0.09663484132548039,0.24351451186670112,0.20262085784888828,0.1466627093738738,0.14783930370897655,0.14666270937388357,Ganges
148,-0.2048563329070582,0.0711902083342588,0.25967033834774966,0.1914286235626098,0.11664190682296473,0.11824788710829592,0.11664190682297282,Ganges
149,-0.21702523460826123,0.059485256742493005,0.3048644981887604,0.1878700236702231,0.10485349432936902,0.10777593911843239,0.10485349432937571,Ganges
150,-0.2206739582191363,0.046188387719862986,0.29521715439282453,0.1707474733160865,0.09721307542222661,0.1008800183468127,0.09721307542223215,Ganges
151,-0.21187743526178704,0.04745406800588628,0.2682420481260359,0.1717477329540516,0.09926315466517341,0.10314075431523641,0.09926315466517799,Ganges
152,-0.17333688450977355,0.0865813704293027,0.285131606190064,0.2175213455226414,0.137391700636069,0.14135452479351968,0.1373917006360728,Ganges
153,-0.09247975688804304,0.16317085993109132,0.3502877217945395,0.29855397302326714,0.21963063071726274,0.22451750482492128,0.2196306307172659,Ganges
154,-0.047032723537186454,0.20376547062686173,0.37845614874874245,0.3322345131566211,0.26363665887237053,0.26786672049703364,0.26363665887237314,Ganges
155,0.012569069895140048,0.26272438781364804,0.4223020813790255,0.3790525963849906,0.3203241140605215,0.32416403008542427,0.32032411406052363,Ganges
156,0.09768405808124525,0.3450823275165733,0.49142829708059843,0.45815426131042647,0.4017368787863733,0.40471519173896864,0.4017368787863751,Ganges
157,0.1831322801207898,0.4347175556370811,0.5625046477719905,0.539421516358447,0.4841231691543823,0.4862971884179916,0.48412316915438375,Ganges
158,0.1496902552484524,0.4025852130722899,0.5227970941886779,0.5003684241273321,0.44599557742982093,0.44750440391239965,0.44599557742982215,Ganges
159,0.13788927903329215,0.3847765720784583,0.5229152080657099,0.4832594267356912,0.4294581173914459,0.43339990123609445,0.429458117391447,Ganges
160,0.173944691816023,0.4086577270840228,0.5525817695259425,0.5188989702435396,0.4590123834862742,0.46132387888964965,0.4590123834862751,Ganges
161,0.16832429571981447,0.39491755060394046,0.5950162966334143,0.5028128272290111,0.4497377522745356,0.4524893509900687,0.44973775227453633,Ganges
162,0.07082944980027078,0.2896934044039347,0.503598173478036,0.39435036687331126,0.3449142838517203,0.34822567372775065,0.34491428385172096,Ganges
163,-0.03936544759294518,0.18451849076152224,0.3691238993946941,0.3011334446795925,0.2321033376128594,0.23576362454651018,0.23210333761285995,Ganges
164,-0.07696423371429924,0.14193074262250271,0.30051864738969086,0.2680444281336402,0.18286690748709428,0.1862571790941425,0.18286690748709478,Ganges
165,-0.07462114766734061,0.1456551483787081,0.2807655964466992,0.27773341027411813,0.18075271130261714,0.18499917553962014,0.18075271130261755,Ganges
166,-0.06319994103317164,0.15208286091806678,0.2762482459777229,0.2982244217671648,0.191071341141856,0.19621721821514637,0.19107134114185637,Ganges
167,-0.06029251268183682,0.15623899861927898,0.26791758008431077,0.3029563406553788,0.19220560510571705,0.1982117578967025,0.19220560510571733,Ganges
168,-0.047794033359208024,0.16858101618952762,0.27268972929265856,0.3160130590246536,0.1997924813514263,0.20597010989225406,0.19979248135142652,Ganges
169,-0.01991692632172895,0.19626005616777514,0.30210793844678996,0.34440177579821074,0.2244687127094764,0.23072527865177966,0.2244687127094766,Ganges
170,0.002572366101869533,0.21493988298390884,0.31986664695528566,0.36200467915183204,0.23914305856297235,0.2437847144029599,0.23914305856297252,Ganges
171,-0.05207980835264582,0.14381898448580344,0.2583823873364209,0.2959675172971335,0.17716624023134392,0.18070021866538005,0.17716624023134409,Ganges
172,0.004156466190094299,0.19378054142196663,0.30657069995615494,0.33493295464472084,0.22992848052097972,0.23346707150027124,0.22992848052097986,Ganges
173,0.05588021922529291,0.23460076420199513,0.36237313389673714,0.3929577197529286,0.2796403021851923,0.2818491462320485,0.2796403021851924,Ganges
174,0.09240004089509826,0.2675740775551864,0.4135913632791346,0.41794120509706123,0.3153574277367898,0.31679282188428076,0.31535742773678993,Ganges
175,0.10313375219547288,0.27094370769283693,0.42921726951814826,0.4137445003892185,0.32025961189902385,0.32179357195785263,0.32025961189902397,Ganges
176,0.09761033776990435,0.2593302951679445,0.406383214285329,0.4039260090371873,0.3064681169785044,0.31083203995295405,0.3064681169785045,Ganges
177,0.05049825508462231,0.20440243112300288,0.3383825957187916,0.35661848054689416,0.2542404528696178,0.2580957566915758,0.25424045286961783,Ganges
178,0.020732767200885953,0.17737166431926485,0.293975426442235,0.3161931721792302,0.22110538858735013,0.224126733494478,0.22110538858735018,Ganges
179,-0.022153001289034302,0.1324585889333851,0.23495521736717473,0.25195990726818496,0.17198770112117173,0.17464045049744423,0.1719877011211718,Ganges
180,-0.0020739206076157146,0.14798242288165817,0.24155848473625235,0.25820117547083504,0.1851901082759483,0.18762355566335606,0.18519010827594837,Ganges
181,0.0689194451864884,0.209913467284423,0.31200157858991545,0.3287485649612696,0.25394121057267643,0.2556771457444538,0.25394121057267643,Ganges
182,0.043454846945876466,0.17843595927128456,0.30293593026754073,0.29793847410063856,0.2223157639146497,0.222844410558498,0.2223157639146497,Ganges
183,0.012022977359121848,0.13821624524715911,0.31068078093628726,0.2543774981046797,0.18492727579444831,0.1848687922338586,0.18492727579444831,Ganges
184,0.05308092015019779,0.17199074711474424,0.3589977429864796,0.2901836669242813,0.22364261255986376,0.22331783594403337,0.22364261255986376,Ganges
185,0.07585696365289628,0.1819456875152613,0.40214358096527825,0.312966414981343,0.2401748191468424,0.2409915825581782,0.2401748191468424,Ganges
186,0.05592053776535602,0.15686704090658138,0.4225745125236424,0.2739975233438971,0.21335186297585196,0.21482186684591328,0.21335186297585196,Ganges
187,0.09261343351045458,0.1924532070294699,0.45303073534126903,0.30140140745343535,0.24348796347939092,0.2449405370064502,0.24348796347939092,Ganges
188,0.09805663663814654,0.198643524308028,0.42575496470322616,0.30741554061770626,0.24264707942294328,0.24449012874469112,0.24264707942294328,Ganges
189,0.11283914035737216,0.20768904975310143,0.41605453598400766,0.3210523833295709,0.2565386953598017,0.25973904936847636,0.2565386953598017,Ganges
190,0.07874490804394728,0.17512294909725254,0.35608390138528073,0.27799507548134855,0.21998510056181714,0.2245123068974505,0.21998510056181714,Ganges
191,0.024617836227770935,0.11057863584338931,0.28275641814505725,0.22259498104699565,0.16037890409446404,0.16590948364421076,0.16037890409446404,Ganges
192,-0.013900457045634376,0.07252730111651111,0.23222934207229287,0.18360946519991256,0.11646781335716473,0.12242617575995113,0.11646781335716473,Ganges
193,-0.0273621742177748,0.05810498359733537,0.20502289116576553,0.17203584615234696,0.09768469580228778,0.10367536035474685,0.09768469580228778,Ganges
194,0.010621525158103037,0.07325187796751609,0.23427849925718655,0.19483164081938364,0.12007073263828669,0.1252190048921514,0.12007073263828669,Ganges
195,-0.025413130161189994,0.028138375375809422,0.20696233995469723,0.15491010729631535,0.08147130909017644,0.08772653395922614,0.08147130909017644,Ganges
196,-0.0414053034755342,0.011635551090011978,0.21949687092226242,0.13996636718325844,0.060774111021530686,0.06698489164518995,0.060774111021530686,Ganges
197,-0.04123906300876637,0.00734425393083897,0.2564623916927474,0.12764673437189028,0.05618777496639267,0.062070908450522724,0.05618777496639267,Ganges
198,-0.13491162242759508,-0.09287433684625755,0.15817590909812573,0.05207318631607073,-0.04227668876339305,-0.03705722572653809,-0.04227668876339305,Ganges
199,-0.211246030374049,-0.17410751760719712,0.05516928721974167,-0.03577826373602713,-0.11912914745834938,-0.11486152915793217,-0.11912914745834938,Ganges
200,-0.20191421693163839,-0.17492132604440608,0.029868027876724747,-0.031099650152438908,-0.11711599648165782,-0.11316905282769929,-0.11711599648165782,Ganges
201,-0.15558114226799602,-0.12651042880505048,0.052718672983952164,0.012179120420038478,-0.07080690537804434,-0.06616961801863447,-0.07080690537804434,Ganges
202,-0.11197636886319833,-0.09183918163274815,0.07527920723522978,0.048579039547882535,-0.03152834731963918,-0.02702952935680765,-0.03152834731963918,Ganges
203,-0.04300338279614742,-0.02657752431850212,0.12778097982097203,0.10369052437069602,0.033005357340186184,0.037782053381424374,0.033005357340186184,Ganges
204,0.0008587707968121805,0.006449510419775047,0.15935821269757233,0.1301805278636599,0.07061216612623285,0.07441076551767804,0.07061216612623285,Ganges
205,-0.011591068155124524,-0.014313249173811866,0.14731069070586011,0.09866373964716504,0.04695989957250913,0.05005497218183993,0.04695989957250913,Ganges
206,-0.02709381925427304,-0.03100396212186832,0.15847281003335367,0.08093195270396063,0.032527468511166224,0.035245860807386536,0.032527468511166224,Ganges
207,-0.11757266867695648,-0.12406498736687974,0.05949493927059697,-0.01366284485716067,-0.06395637798967879,-0.061815709139767784,-0.06395637798967879,Ganges
208,-0.07842368939201697,-0.07730816076073566,0.08710102299333378,0.03238798419186939,-0.0263287403686312,-0.0237834147222927,-0.0263287403686312,Ganges
209,-0.021558508459630907,-0.02059732235864281,0.1557129367032196,0.08146123281426831,0.026694383936679056,0.028506969490005696,0.026694383936679056,Ganges
210,0.09610787080151677,0.09100704468132483,0.25981039979969733,0.18219700068830788,0.13601552658125293,0.13799823397146033,0.13601552658125293,Ganges
211,0.17980325091007826,0.16398867812970508,0.32968539988022083,0.25693657367565814,0.21453151313412594,0.21688049582599345,0.21453151313412594,Ganges
212,0.1923912101656593,0.1677064929044053,0.33287743005620435,0.25962959016113407,0.2245583959721666,0.22595170961315308,0.2245583959721666,Ganges
0,0.8997083343902676,0.8997083343902676,0.8997083343902676,0.8997083343902676,0.9543592721513472,0.8997083343902676,0.8997083343902676,Turkey
1,0.6298610392575571,0.80193842633924,0.818212762757625,0.7755777821089244,0.835836742955384,0.7922809432826419,0.7932943335463535,Turkey
2,0.515499811675537,0.8241367813135221,0.8481951280472881,0.7797273454894922,0.8418094077099398,0.8083589101433762,0.8086927463593547,Turkey
3,0.5036390034045053,0.8986614556284569,0.9199575681904718,0.8430560097309054,0.9040706754425009,0.8792110228357044,0.8782913819270627,Turkey
4,0.4761261008343093,0.9484736561034436,0.9687545943131665,0.887468624716853,0.9467128854793513,0.9285761920910657,0.926645283642327,Turkey
5,0.38262111251355535,0.9161980660661115,0.9358039920404886,0.8491192751805589,0.9057812403776562,0.8938088524625104,0.8901598408521737,Turkey
6,0.22107379043163478,0.8094411549816671,0.8373903735304667,0.7409862565880532,0.793967298425386,0.7856685070990865,0.7818069952104539,Turkey
7,0.1363064966317672,0.7597767356883713,0.8174323996636392,0.6935979131513462,0.743327694785415,0.7367131178521847,0.7338616431657846,Turkey
8,0.03989920320301823,0.6809592010269958,0.7616618676767701,0.6262285133075485,0.6670083298752809,0.6589457961693838,0.6596395881850674,Turkey
9,0.0321884669919308,0.6974138316692207,0.7647229469268128,0.6488147373170947,0.6846014312987535,0.6782316383054178,0.6788653169948247,Turkey
10,0.17716801129923462,0.8494256955432408,0.9116680226890774,0.8099614669998102,0.8383800781214579,0.8352048033224375,0.8339148642910645,Turkey
11,0.2596276258485365,0.9442378854803708,1.0116191157014685,0.9118520493413882,0.934711475186067,0.9344708619594521,0.9312355795719436,Turkey
12,0.2821894198401229,0.9795356826717816,1.0469688767384193,0.9431044508038997,0.9652211681208624,0.9650338654538775,0.9625153961737176,Turkey
13,0.1892321996225989,0.8966163199788271,0.9614448532092065,0.8458971796307895,0.8805790525487143,0.8816163314435863,0.878472774730644,Turkey
14,0.12095595735907463,0.8223692022010174,0.8748773724310284,0.7604525993826977,0.8021164369456041,0.8044333909538635,0.8004768286070018,Turkey
15,0.09999671174970617,0.8081446287670422,0.8517663842190079,0.7385332108688465,0.7842583425497403,0.7884236714812736,0.7829820078321874,Turkey
16,0.09589462597114637,0.8181472810993096,0.8592089536537453,0.7431759779756493,0.791108473906949,0.7967588275475361,0.7901149254643867,Turkey
17,0.14255865327485845,0.8592006402056731,0.9060218147165501,0.7829327536782245,0.8309227762111098,0.83736175326879,0.83014935957193,Turkey
18,0.16464514763325505,0.8931882047052083,0.9460798154822285,0.8163386856226953,0.8637855739706074,0.8703569210509406,0.8631835164642644,Turkey
19,0.160475477086167,0.8883932257444538,0.9480474908843004,0.8107284255820087,0.8565397405075869,0.8623579113435678,0.8560710755958411,Turkey
20,0.27498929349496165,1.0151694086739727,1.0709790865335627,0.9385547791175302,0.9819431145670651,0.9872629740771692,0.9815782876241442,Turkey
21,0.35460999204658505,1.1008528209597237,1.1632219379285145,1.026797851632266,1.0667295545340878,1.0713874076031547,1.0664455590931121,Turkey
22,0.2726591086016806,1.0119503709643718,1.0821664365039398,0.9389081537096323,0.9765103826835781,0.9806267984005581,0.9762893096184991,Turkey
23,0.18408416705366892,0.9132141063913758,0.9852983049373234,0.8375501716519788,0.8769140165041492,0.8806183973368149,0.8767419246567044,Turkey
24,0.16200637271406465,0.8860911950287236,0.9856501413023713,0.8072560874832994,0.849288903366469,0.8529349310832195,0.849154940398405,Turkey
25,0.1536699302146181,0.8759909188966715,0.9818003347248174,0.7891405820068249,0.8389944425937296,0.8423571717651026,0.8388901606240781,Turkey
26,0.11908299471243407,0.8416490008515046,0.9314139482875907,0.7500372513242509,0.8036554129361665,0.8081060695156991,0.8035742358067586,Turkey
27,0.11264874597207478,0.8418137320510268,0.9155541614646311,0.7491427921729139,0.8037253327596616,0.8093727364091259,0.803662141333944,Turkey
28,0.07778084558351302,0.8067416422028613,0.8667228694882205,0.7141281896132186,0.7683534256896123,0.7748659712305991,0.7683042350331633,Turkey
29,-0.03087127963562425,0.6937384469441665,0.7357024868301213,0.6024641802412057,0.6553946399584497,0.6619205837150017,0.655356348043773,Turkey
30,-0.01511929957835148,0.6934418532273134,0.7279563529478708,0.6081013046025755,0.6595902549024312,0.6644265859684468,0.6595604469910216,Turkey
31,0.03743819028372833,0.7407567788632804,0.764541599400006,0.6642042336883558,0.7061962337674497,0.7104250593565388,0.7061730301332072,Turkey
32,-0.09650396419614914,0.6140860783276965,0.6430110518489831,0.5458719580215284,0.5801467089057845,0.5829926948251687,0.580128646297014,Turkey
33,-0.10937106069730088,0.5929849022463127,0.6440041981853464,0.5289943509322452,0.5597663322651725,0.5617403154157992,0.5597522716300071,Turkey
34,-0.018556473890099706,0.6805288372598048,0.7428742432099235,0.618743373787066,0.6464608057550985,0.6476266992965737,0.6464498604113906,Turkey
35,0.03572333571233299,0.7347945959749878,0.8100857097983183,0.6752901772771782,0.6990951192858472,0.7016631295571604,0.6990865990058259,Turkey
36,0.008341667317965387,0.6999854741341165,0.7985552059665555,0.6384804899665518,0.663240040436744,0.6648408696157875,0.6632334079203446,Turkey
37,0.006972877564584,0.6900863555846815,0.798019923288208,0.62173321375245,0.6529302461407316,0.6540474527007054,0.652925083132746,Turkey
38,0.012733957652701522,0.6886622917030456,0.7856871071832933,0.6121289659346318,0.6510040222982052,0.6530048731895222,0.651000003212559,Turkey
39,0.05247576941524513,0.7295949386362626,0.8114347933531382,0.6490184457225147,0.6927759990179241,0.6951799643926676,0.6927728704057902,Turkey
40,0.06997409686549314,0.7467058619629546,0.817789105121241,0.6628720566509986,0.7097093362102277,0.7112903014026746,0.7097069007772098,Turkey
41,0.06786368865480544,0.7401793104436112,0.8129091924682469,0.6552656077866481,0.7025875004798361,0.7030847264543816,0.7025856046443246,Turkey
42,0.11343529995006577,0.776743549126595,0.854766358638286,0.6965203588839466,0.7436061143660204,0.7433810327050787,0.7436046385741346,Turkey
43,0.10614920519474307,0.7677133153365844,0.8452731983860217,0.6902389985425141,0.7358800481517187,0.7358787563146861,0.7358788993380811,Turkey
44,-0.010985942514177088,0.6449877725207372,0.738049186389905,0.5741817505944151,0.6166645281602541,0.6161793785228253,0.6166636338791657,Turkey
45,-0.03620827181865832,0.623877717254136,0.7227876024168884,0.5550213197909661,0.5944510063476309,0.5927430171012791,0.59445031020455,Turkey
46,0.08162920084549828,0.7435128819563059,0.8392755433177199,0.6767968214385527,0.7122594153358823,0.7130307304849983,0.7122588734311106,Turkey
47,0.15945675478974192,0.8163418093451976,0.9099512252657507,0.74458058082734,0.7831619860035784,0.7869590944920908,0.7831615641638882,Turkey
48,0.14173274484712672,0.787763807579777,0.8779745929193099,0.7159571986501643,0.7559485901656833,0.7584808015116372,0.7559482617893087,Turkey
49,0.028922086549597152,0.6745851383503916,0.7588329464925436,0.598189201862773,0.6414892203631828,0.6431289368428946,0.6414889647422779,Turkey
50,0.013215391241279198,0.6499690183497936,0.7251777687856599,0.570132151646371,0.6195806516592738,0.6205411250861608,0.6195804526740479,Turkey
51,0.021995864219692754,0.6584389163046394,0.7174027620261222,0.5746211211422416,0.6259925720775691,0.6278739514379803,0.6259924171797523,Turkey
52,0.04506061020769066,0.6789977255198534,0.7327335705353437,0.5982212178479916,0.6504925131764967,0.653006464159539,0.6504923925980289,Turkey
53,0.1394771967176343,0.7723881923485141,0.8166543203735881,0.6899333933490861,0.7411078587997815,0.7446935658594982,0.7411077649368258,Turkey
54,0.2282458361889235,0.8522978361172597,0.8995548933547621,0.7699054483931018,0.8195397863158932,0.8238843533269128,0.8195397132493284,Turkey
55,0.14719807161926513,0.7682101355474154,0.8246203066049954,0.6919317492401721,0.7386429449856519,0.7430542211164406,0.7386428881078042,Turkey
56,-0.05643389339138048,0.5568979108825691,0.5947544231515076,0.4830830633745985,0.5252915596370259,0.52550779115707,0.5252915153611034,Turkey
57,-0.1690180085027168,0.4542306798269685,0.5003150444819046,0.3831017319623411,0.42172114482703044,0.42150693812549134,0.42172111036093524,Turkey
58,-0.18192369946622883,0.4358546144577402,0.5176858383443581,0.3652384554003748,0.40253136199684103,0.4010247141224267,0.4025313351670959,Turkey
59,-0.14599754712285315,0.4705614180973982,0.578429057612004,0.3951695381486698,0.4360249597336334,0.43382456793261537,0.4360249388483193,Turkey
60,-0.1129081304498863,0.49726728763741,0.6169577438337706,0.4260453585084303,0.46804052363230375,0.46737953585244885,0.4680405073743652,Turkey
61,-0.11071840415878804,0.4936225813247407,0.6115160061310171,0.4181573638149394,0.4677548371379624,0.4676051910713016,0.46775482448215255,Turkey
62,-0.09616945413692027,0.5129808362347785,0.6189067691173002,0.4340212347418413,0.4877545084774001,0.4900399026176042,0.48775449862562686,Turkey
63,-0.04325749301493516,0.5633636431276703,0.6507886128116104,0.4815466686450388,0.5367121017606729,0.5406268561737537,0.5367120940916705,Turkey
64,-0.02263581861713196,0.5764201052535034,0.6449783360693331,0.4932998816265644,0.5485173483853982,0.5528892586540604,0.5485173424155494,Turkey
65,-0.08403521003566364,0.5065142809923728,0.5657916197986451,0.42317993402751963,0.47779568146217083,0.480846336411105,0.47779567681500895,Turkey
66,-0.040026740533754934,0.5473803367437091,0.6061006153602536,0.4672176886844833,0.5194657825979125,0.5211449168311775,0.5194657789803816,Turkey
67,0.08868085156682087,0.6781682699173959,0.7355056737134705,0.5981308789518035,0.6479925822164837,0.6509103074517729,0.6479925794004573,Turkey
68,0.0610934099233439,0.6491689673115661,0.7055204635793637,0.5711664401928523,0.6169854364133758,0.6205559178063257,0.6169854342212715,Turkey
69,-0.11080043273590608,0.4630516862178372,0.5114171258178053,0.3948162694523626,0.4366913689240066,0.43850502178098866,0.4366913672175877,Turkey
70,-0.2336084984122623,0.33358142038123434,0.3783981931301576,0.2771047612194829,0.3106232107451585,0.31146445766405806,0.3106232094168158,Turkey
71,-0.2996683957671581,0.2627371367296176,0.30367551979630303,0.20627920321406917,0.24284527302447154,0.2430738630983558,0.2428452719904381,Turkey
72,-0.3481972074052157,0.20474859751508048,0.2465202771588758,0.14308164149033142,0.18724087764682004,0.18683104476682347,0.1872408768418883,Turkey
73,-0.37991327285018806,0.1731187418234342,0.21403341143629462,0.10591915287242004,0.15083664548589235,0.14982817946223165,0.15083664485930226,Turkey
74,-0.372251075637734,0.1766705167921229,0.2115822988820965,0.10429559578474987,0.15075068156136112,0.14866773623222101,0.1507506810735991,Turkey
75,-0.32706326051504364,0.2249682470020547,0.25376342070378255,0.1484584887332722,0.19564522205857826,0.19310931456930885,0.19564522167888543,Turkey
76,-0.2079164715758378,0.3392542015510956,0.3654411898788256,0.2638407892999911,0.3112847463754293,0.3084189436367444,0.3112847460798617,Turkey
77,-0.15433806676026246,0.3908227663379271,0.41552402893980095,0.31284953218141676,0.36131321832125907,0.35835928156820956,0.3613132180911778,Turkey
78,-0.21301877219915966,0.3369368608370282,0.3772448996527901,0.2576821030896582,0.30478755988445133,0.30144883609150064,0.30478755970534716,Turkey
79,-0.24347632269618122,0.2980833772117655,0.36365238997154165,0.2274884770153841,0.2686299029197732,0.2647984024497856,0.26862990278035154,Turkey
80,-0.3230116586004444,0.21538671896251627,0.2912457611483199,0.14491384972402777,0.1838376410112656,0.1800218344475778,0.1838376409027344,Turkey
81,-0.26674816200194273,0.2668685562994677,0.34541358933975863,0.20151321101514455,0.2351892004655311,0.2313720735736589,0.2351892003810462,Turkey
82,-0.07868021864893913,0.44951763463052163,0.5166950430972886,0.3879355780303504,0.41861375938218026,0.41679560236427504,0.418613759316414,Turkey
83,0.006125011085364368,0.5351760088531768,0.6127737739165527,0.47365375107449015,0.5039031089431736,0.505085307010016,0.5039031088919785,Turkey
84,-0.018766981263500807,0.5076397885533849,0.6074095699374795,0.4466567088211895,0.4744695218220888,0.4755560103212241,0.47446952178223656,Turkey
85,-0.05326671926745273,0.4689539852577825,0.5738045173806434,0.4075800941574245,0.4347949461766138,0.43723576947535464,0.4347949461455913,Turkey
86,-0.010411164476535811,0.5100036566566135,0.602013081150869,0.439080309073049,0.47444194872846235,0.477915027106775,0.4744419487043132,Turkey
87,0.04292997480196101,0.5588798620324893,0.63271204043573,0.48276736992860825,0.5228262003008352,0.5279443766402567,0.5228262002820365,Turkey
88,0.05321436909582186,0.5618751333196835,0.6249493052426862,0.4855137945223536,0.5284322188977093,0.5328788110133948,0.5284322188830757,Turkey
89,0.09042784041018186,0.5873264217231118,0.6570945284289695,0.5128987243626887,0.5570854087139114,0.5624798490041305,0.5570854087025201,Turkey
90,0.12300748817734064,0.614256036188558,0.6938758723824006,0.5428939103272459,0.5871001117309588,0.5906201402147665,0.5871001117220913,Turkey
91,0.24914418385742815,0.7386509456921097,0.8083820786131095,0.6665043556573158,0.7096006708045635,0.7137255706158673,0.7096006707976605,Turkey
92,0.35550097281485726,0.8383806741328073,0.9056877272639755,0.7787187275900483,0.8139466920820284,0.8182247340046305,0.8139466920766549,Turkey
93,0.43253642343668364,0.9133922239174467,0.9789529589464483,0.8642962571734877,0.8926958514409993,0.8962060298273686,0.8926958514368164,Turkey
94,0.39941253608437255,0.8742920072592004,0.9548273636734829,0.8335680208550152,0.8559875290099044,0.8587996336626829,0.8559875290066483,Turkey
95,0.3266706745562935,0.7963358931962111,0.8996009563803338,0.7615591223362698,0.7796356621359946,0.7823294496011196,0.7796356621334599,Turkey
96,0.2588050461478578,0.7225194165862674,0.8285642747475561,0.684344874471219,0.70240192900385,0.7062773793112357,0.7024019290018769,Turkey
97,0.2410249529659283,0.7027925562853221,0.7990312846510614,0.650974738633707,0.6814280501442889,0.6855191124227642,0.681428050142753,Turkey
98,0.29668407470275987,0.7576359845905837,0.8384256611756177,0.693508502976369,0.7329615211091411,0.7378317105943148,0.7329615211079455,Turkey
99,0.25949119385146424,0.7176295131532275,0.7881981002590611,0.6495142403399392,0.6933768157672716,0.6988297662664482,0.6933768157663409,Turkey
100,0.18377444415438987,0.6386655313032403,0.6995872269314063,0.5717180012127651,0.6174376612678353,0.6225840569359083,0.6174376612671107,Turkey
101,0.19151324086763155,0.6379807338512213,0.6918360846779058,0.5715758455681917,0.6184453928972832,0.6231388613580626,0.6184453928967192,Turkey
102,0.18036464411600625,0.6262242495352668,0.6677058154884812,0.5566138174041568,0.6028768161123936,0.6074581311580458,0.6028768161119545,Turkey
103,0.08915755770374867,0.5249115691899251,0.5672358554614697,0.4654859854113801,0.506589561687841,0.5090763977267692,0.5065895616874992,Turkey
104,0.06351888386060883,0.4956524793402574,0.5445640599356072,0.4471437659964723,0.4810949983966728,0.48273481708203847,0.4810949983964068,Turkey
105,-0.0570146607154274,0.36922546836125775,0.4348184791574753,0.3243490310320048,0.35247621436264115,0.35273653211897504,0.3524762143624341,Turkey
106,-0.10365495646091118,0.3285513888265569,0.4285316100383119,0.27845402771472777,0.30691973329424266,0.30652692243939483,0.30691973329408145,Turkey
107,-0.07190047481188894,0.35820756244452095,0.4570643467238489,0.2994941933846859,0.3329599617596737,0.33217274267239016,0.33295996175954823,Turkey
108,0.09078248870512758,0.513440242070428,0.5899381337735297,0.44929376348626826,0.4854565344998282,0.4854857869291147,0.4854565344997305,Turkey
109,0.16854398877552002,0.5910223913758886,0.6585783364914007,0.5334624946776318,0.563485973644548,0.5650632128745141,0.563485973644472,Turkey
110,0.18242796809661194,0.6067208965461423,0.6656080690282433,0.5517106425140315,0.5767587850621767,0.579463869661907,0.5767587850621175,Turkey
111,0.1555766312890908,0.5760937681888468,0.6291475187225307,0.5196394458311836,0.5453329811062243,0.5501662616606231,0.5453329811061782,Turkey
112,0.11462890722655578,0.5347135452423254,0.5809630073551215,0.47452794263781894,0.5016440564798269,0.5058181888006876,0.501644056479791,Turkey
113,0.11414667859147559,0.5363614881510045,0.5806473654908527,0.47214767557691617,0.5014871972275922,0.5055551360183232,0.5014871972275642,Turkey
114,0.08282594006066582,0.49608891340937555,0.546039162010974,0.43212983892120616,0.4646815443524135,0.46876349408802187,0.46468154435239173,Turkey
115,-0.04276711341317449,0.3613879230736309,0.42661056991665336,0.3023170062545648,0.33645830497876084,0.3377653781518009,0.33645830497874385,Turkey
116,-0.03488749997029979,0.36573461830942555,0.4305594102901852,0.3038920466449102,0.33778189832888805,0.33674724776930626,0.33778189832887484,Turkey
117,0.12973274257489517,0.527895862527996,0.579925006216269,0.470010814336372,0.49729868058033977,0.4976267572391988,0.4972986805803295,Turkey
118,0.249879713554235,0.6498174931610026,0.6959598849248606,0.5950131347201311,0.6171617594614328,0.6185506358359927,0.6171617594614248,Turkey
119,0.22044104977983142,0.6066696544926304,0.6645421817092592,0.5628162999662284,0.5801244244374875,0.5829719541866658,0.5801244244374812,Turkey
120,0.05176981473850631,0.4323907174083015,0.503425874629902,0.3967981926877697,0.4104565414264956,0.413405488991317,0.4104565414264908,Turkey
121,0.08549605363439397,0.46081261578863997,0.5349002561558669,0.4233954490199885,0.44012798261090025,0.4434222840064361,0.4401279826108965,Turkey
122,0.10858865314330249,0.48189662271545847,0.5451926977010225,0.4316272659509092,0.4576049441191263,0.4612043337337128,0.45760494411912334,Turkey
123,0.05659686483371529,0.4269559263116368,0.48445652293653135,0.3755468878413847,0.40452069368606786,0.4095849897411146,0.4045206936860656,Turkey
124,0.07752053970278361,0.44294970264818956,0.4955586721127917,0.3888293642857985,0.42049524332044663,0.4256588538378946,0.42049524332044486,Turkey
125,0.035385634500815506,0.39574595999771567,0.4384246739741891,0.3355819074004118,0.37040903675009784,0.37446574518482767,0.3704090367500965,Turkey
126,-0.02091755269335517,0.3378308516424733,0.389886197978047,0.276538037009842,0.31447418476626415,0.31667248124270536,0.3144741847662631,Turkey
127,0.01753339459750053,0.36994644163532564,0.4429552347583835,0.30913667313577675,0.348293406049208,0.3483879809168318,0.3482934060492072,Turkey
128,0.11599510112690099,0.4612989086154913,0.5318378387550328,0.40919431351067065,0.44232985535783076,0.44228689273723854,0.44232985535783015,Turkey
129,0.22898888609364842,0.569760807667102,0.6384688028815604,0.5223470632930495,0.5502393643448644,0.5518285341486238,0.550239364344864,Turkey
130,0.2544837802429369,0.5974517155212431,0.6836826970873815,0.5521037765537451,0.5758751712449719,0.5787918960228915,0.5758751712449716,Turkey
131,0.2189681396817159,0.5584201344351777,0.6590674881414974,0.5204176351796385,0.5396494805637732,0.5427228193499074,0.5396494805637728,Turkey
132,0.13187587069590787,0.46906766633574004,0.5820379017010779,0.43246671249774155,0.44790577067737924,0.4514107283705292,0.447905770677379,Turkey
133,0.08739870881635127,0.4193354933496802,0.5529970507998921,0.3860331553219232,0.39898800474001067,0.4031105157019327,0.39898800474001045,Turkey
134,0.04682276389508472,0.3730411800997701,0.5062829945064924,0.3389439935877315,0.35331583726590654,0.3578952767730544,0.3533158372659064,Turkey
135,0.0055789389863018235,0.33082761508850445,0.43845711260411613,0.2820721480818711,0.30728517301181413,0.31164569646015416,0.307285173011814,Turkey
136,-0.014118156751826733,0.31266901604589614,0.39669363793553614,0.25235691633787605,0.28550130002567037,0.2896804938234666,0.28550130002567026,Turkey
137,-0.04856512987825676,0.2757741988262039,0.34534107960371324,0.20850837239472167,0.24615093028043347,0.2500400764046861,0.2461509302804334,Turkey
138,-0.08727777069833412,0.23418540565213442,0.299964939573693,0.16289687347812254,0.20280155330021193,0.20659023914334396,0.20280155330021182,Turkey
139,-0.1403173614553952,0.17637589865208264,0.2542682089112421,0.10717952155292092,0.14779203143572367,0.15007275647381751,0.14779203143572356,Turkey
140,-0.20084067578998197,0.10566463077416767,0.1872531607877193,0.04037757214854962,0.08081679390955453,0.08100747891094201,0.08081679390955444,Turkey
141,-0.3154850994343821,-0.016794354463493453,0.05234098269132291,-0.07692048714160582,-0.0380303148936177,-0.03901887333846343,-0.03803031489361777,Turkey
142,-0.4049722938153822,-0.11129152422922889,-0.05311768822597052,-0.16202675510283798,-0.12914955824934493,-0.13100544551512935,-0.129149558249345,Turkey
143,-0.3967707759219747,-0.10938126601389335,-0.051829043850313894,-0.15378798675504657,-0.12549745885168528,-0.12735390362097798,-0.12549745885168534,Turkey
144,-0.3470064856948195,-0.06051612009808158,0.010557596009504483,-0.10330856371981324,-0.07681538620561439,-0.0784305369306553,-0.07681538620561443,Turkey
145,-0.323185194159259,-0.04191704296131295,0.039297384561577664,-0.08954824901627982,-0.0579352451556487,-0.05919254111829762,-0.057935245155648726,Turkey
146,-0.20573156025188613,0.07423631424725227,0.15458659854223722,0.014205638591245504,0.05485226351751348,0.053713214968234224,0.05485226351751346,Turkey
147,-0.12981600566000662,0.15243861391815403,0.22154924176669613,0.08277338620890384,0.1287750094069545,0.1274272776259081,0.12877500940695447,Turkey
148,-0.09692839427408298,0.18249953423830273,0.24383539707803548,0.10746049629490353,0.15683237293420735,0.15501245473203673,0.15683237293420732,Turkey
149,-0.01678846576967183,0.25885891380210635,0.31467772528744553,0.18350180723248685,0.2340319912502971,0.23181425484562135,0.2340319912502971,Turkey
150,0.08372892554690699,0.3570440239746574,0.40723598490439594,0.27888340769577624,0.3289815628058836,0.32653771031536044,0.3289815628058836,Turkey
151,0.10799793231208178,0.3775319159929192,0.4360967397415565,0.3015490288690746,0.3464571365294835,0.3440139625102464,0.3464571365294835,Turkey
152,0.11752317068105372,0.38656037535050486,0.4580160780300202,0.31378128170677116,0.3539730714382698,0.35186049785052176,0.3539730714382698,Turkey
153,0.15123128156873317,0.41333624492377535,0.5072126722278187,0.35455323331370975,0.3869368046584041,0.3854580365265074,0.3869368046584041,Turkey
154,0.1982203444100113,0.46047543982640937,0.561809098994238,0.4025987780562966,0.43088718884488963,0.4327177843723436,0.43088718884488963,Turkey
155,0.2888813799510074,0.5486634455476778,0.6353940096239974,0.49469403571341153,0.5183630570058471,0.5223912757224162,0.5183630570058471,Turkey
156,0.3096044077967619,0.5672000717302178,0.6553887196379626,0.5148344699986019,0.5345572718616757,0.5404604396261954,0.5345572718616757,Turkey
157,0.2404999462273456,0.49454098100745114,0.6093407628612189,0.44440808370092033,0.46192740662587295,0.4670103779997991,0.46192740662587295,Turkey
158,0.17932191328984048,0.4293662737773717,0.5627321335559285,0.3809714001833814,0.3967754496482602,0.401219948343145,0.3967754496482602,Turkey
159,0.1842692205130685,0.43020640065121984,0.5598613759707153,0.3830507069526293,0.39780955821312236,0.40272928525082174,0.39780955821312236,Turkey
160,0.18371718475240506,0.42660666293829425,0.5267741838095302,0.37652276024626613,0.3925718527162238,0.39862940275087944,0.3925718527162238,Turkey
161,0.1455804248892495,0.3857480839153722,0.46144978558853955,0.3335137457145373,0.35160732788223487,0.3578044109830334,0.35160732788223487,Turkey
162,0.1521396883188728,0.38545862150591764,0.4504780692772422,0.33078022436267684,0.3518666390428023,0.3583060946486358,0.3518666390428023,Turkey
163,0.17220602013357206,0.39681705078388396,0.4611239905950583,0.34538917635764427,0.3694880698986137,0.37514081943964805,0.3694880698986137,Turkey
164,0.1899772616932594,0.40616468121563465,0.4668585494892088,0.354315273681591,0.3796179112441574,0.38532964818323995,0.3796179112441574,Turkey
165,0.03466628865809553,0.2457700887457211,0.3013121223557888,0.19446437782751902,0.22081780214602886,0.22499779677080595,0.22081780214602886,Turkey
166,-0.028830720516228994,0.184638845927315,0.2275630803828474,0.13061222572374592,0.1570639403558447,0.158442297684954,0.1570639403558447,Turkey
167,0.00915030003455207,0.22420220582030692,0.27067951760232356,0.16728751302093983,0.19402527479921164,0.19681206255284878,0.19402527479921164,Turkey
168,-0.009020504544054522,0.19527263214849014,0.2587434585838476,0.14531489162598865,0.17178173872924143,0.17529511465222705,0.17178173872924143,Turkey
169,-0.034081199552047456,0.16616643397486403,0.22712267565055233,0.11870364104286293,0.1443704136510051,0.14668935002124173,0.1443704136510051,Turkey
170,-0.08016417450372572,0.11021053348417714,0.16565235293203504,0.06796139056807539,0.09235890674098866,0.09394018981823507,0.09235890674098866,Turkey
171,0.001135309558209785,0.18995365675392856,0.24411130844298312,0.13308012393703866,0.16740390746795641,0.1661282934096118,0.16740390746795641,Turkey
172,0.022423809623216606,0.20738828836696216,0.26272900471618416,0.1464076941634615,0.1846434172156315,0.18311041487258378,0.1846434172156315,Turkey
173,0.03171487545303074,0.21699845150996294,0.2654467858265832,0.15203997552643003,0.19242207609584155,0.19135689885501855,0.19242207609584155,Turkey
174,0.07936343073174178,0.26257131947246887,0.31210626499887373,0.19729371692518283,0.2397130572213312,0.23908741475599085,0.2397130572213312,Turkey
175,0.0506851781554134,0.2324477625989402,0.27285135468328076,0.1630988993575179,0.2066577447065543,0.20778829779165653,0.2066577447065543,Turkey
176,-0.048063802286677115,0.12824396094000556,0.16957038259095847,0.05797520871124912,0.10204226484843706,0.10195277383364743,0.10204226484843706,Turkey
177,-0.021348522048056526,0.1542649544951119,0.20297398795425212,0.08159799956509331,0.1250105764989023,0.12425041616618433,0.1250105764989023,Turkey
178,0.022839946297557118,0.19104789236614322,0.2651004753624186,0.1327475016988555,0.16710200125176616,0.16573961265653256,0.16710200125176616,Turkey
179,-0.09226866997149535,0.06968429313391489,0.15958951147123474,0.02023568928205811,0.04708199664301921,0.045050501909490254,0.04708199664301921,Turkey
180,-0.14941553098591437,0.01135043881335987,0.08773442482542823,-0.03668236997165136,-0.01470782159701528,-0.01732717725216809,-0.01470782159701528,Turkey
181,-0.0625796450458265,0.097592308953911,0.1817720160685914,0.051066096409042874,0.07015329051701906,0.06732805829591225,0.07015329051701906,Turkey
182,0.021384755323159622,0.1788815488270826,0.2598284855636256,0.11979845420868582,0.14930148207453553,0.14582433311390408,0.14930148207453553,Turkey
183,0.045545209769742453,0.20016006920826762,0.27472321485518525,0.13507852871673656,0.1688930707314962,0.16458234520232368,0.1688930707314962,Turkey
184,-0.016996876896570902,0.13710345194188156,0.2052545643446314,0.07488135204218009,0.10443388588629772,0.10029658871493524,0.10443388588629772,Turkey
185,-0.02253359635238758,0.12397399799521017,0.1834542158013906,0.06444454388586512,0.09494559664957648,0.09065007181508128,0.09494559664957648,Turkey
186,-0.03724175864756401,0.10481531973779651,0.15238777626745678,0.04425132018615354,0.07552189504828366,0.07080473547726673,0.07552189504828366,Turkey
187,-0.09771463694620329,0.03396417214469029,0.08926488200281149,-0.023670096611773356,0.009738773937072766,0.00516678319440677,0.009738773937072766,Turkey
188,-0.10878202118814909,0.020981550477789504,0.09643141921354641,-0.04205693946845748,-0.006282051320427279,-0.01034410835628019,-0.006282051320427279,Turkey
189,-0.11701274288098974,0.014730596833087521,0.10969503288292057,-0.051733592295715364,-0.015089755322395981,-0.020509785785773053,-0.015089755322395981,Turkey
190,-0.12981508043435497,-0.005201663775456319,0.11600810036572312,-0.06207930821011856,-0.029980722421636574,-0.03565561001279695,-0.029980722421636574,Turkey
191,-0.13132924341157293,-0.01341116348864365,0.12265933129280637,-0.06174688401118439,-0.035579981848101044,-0.04010254256116735,-0.035579981848101044,Turkey
192,-0.16894396635860243,-0.059200077049147565,0.09285090464140408,-0.09771985710507207,-0.07719444436822405,-0.08099996577844112,-0.07719444436822405,Turkey
193,-0.21904401476653484,-0.11677789425511734,0.03477642438555019,-0.14720556453115496,-0.13122778724656858,-0.13513164654153134,-0.13122778724656858,Turkey
194,-0.21557324655926197,-0.12471884589834963,-0.003918680535706098,-0.1500873330434232,-0.13655704248522782,-0.13989974357502022,-0.13655704248522782,Turkey
195,-0.06260475234866208,0.0278397585055698,0.12573245905584185,-0.005952202295625597,0.01447962461556497,0.00983653192412376,0.01447962461556497,Turkey
196,-0.0025616780500213043,0.08950924854086467,0.17179658181726715,0.04709241443898416,0.07219914770235883,0.06721828942318128,0.07219914770235883,Turkey
197,-0.004293888910649718,0.0869975749763144,0.1603626119175079,0.04112382023553078,0.06701871032708243,0.06190431891214139,0.06701871032708243,Turkey
198,-0.03153592332359889,0.0595884764217781,0.1265481522303194,0.009316854982956285,0.03627270059702435,0.0304839487391236,0.03627270059702435,Turkey
199,-0.009429718244920934,0.07997579247767561,0.1442152534590455,0.027931610235956396,0.05729075953887532,0.050951638782314165,0.05729075953887532,Turkey
200,0.08393074013485785,0.16846373557985292,0.23049389914030508,0.112797667074273,0.1457054524153497,0.1399252826588835,0.1457054524153497,Turkey
201,0.17794168050266823,0.2610633798524867,0.3140957840196664,0.20517891589987014,0.23750590125033638,0.23105385712465015,0.23750590125033638,Turkey
202,0.3287450494599554,0.40768549514181973,0.44585287515980343,0.3520871720252605,0.3841293116617227,0.37974591847337913,0.3841293116617227,Turkey
203,0.3567315336814984,0.43428738394105676,0.485609858779833,0.3767420360369147,0.40804221197522367,0.4059715873330943,0.40804221197522367,Turkey
204,0.3076419261224989,0.3787122395923017,0.4619987168818587,0.3274996363435315,0.3541420845816298,0.35392127892389086,0.3541420845816298,Turkey
205,0.34463910073701176,0.4117064497449693,0.49339103646561094,0.3552006581012689,0.38411559571659804,0.38597323930178906,0.38411559571659804,Turkey
206,0.29974919884443496,0.36779853811087526,0.4392962196474798,0.3046847788547038,0.3378569121322441,0.3400848739729197,0.3378569121322441,Turkey
207,0.24591973953410548,0.3070180293558875,0.37169082802504894,0.24728018222360404,0.2796829717891657,0.28237630950968007,0.2796829717891657,Turkey
208,0.2960001475825341,0.3525186837496323,0.41322891778205745,0.294481822601001,0.3280209514554798,0.331389181884771,0.3280209514554798,Turkey
209,0.2714034976864299,0.329185203621755,0.3814743708570929,0.27182216993558717,0.30124818566234024,0.3048239332458952,0.30124818566234024,Turkey
210,0.22363183458560168,0.2772048469016967,0.3255491441949126,0.22061417659513857,0.24686409713353114,0.250843324349517,0.24686409713353114,Turkey
211,0.12410071490629375,0.17588389853842828,0.2176500756837954,0.11695690525715292,0.14382509320014036,0.14820648147009133,0.14382509320014036,Turkey
212,0.013047443993844526,0.05790854108320982,0.09399398702388528,0.0019276342284847148,0.030860891212678307,0.03525207202429517,0.030860891212678307,Turkey
0,0.4234513150702499,0.4234513150702499,0.4234513150702499,0.4234513150702499,0.4265024819905512,0.4234513150702499,0.4234513150702499,Italy
1,0.45327139102158176,0.5034343122862692,0.5589794603925923,0.5249473790117367,0.5282430391835697,0.5266614469147433,0.526047382715686,Italy
2,0.48138431057197006,0.5774581861341964,0.6512162397167731,0.6049183124935728,0.6084540863145533,0.607440968672823,0.6068740654730572,Italy
3,0.6186147021655464,0.7340915265267407,0.8167834705118049,0.7765162662573173,0.7797420882526347,0.7790301242144062,0.7786050862233653,Italy
4,0.6741885355168964,0.8169209317699275,0.9114417075025432,0.8590559993982181,0.8618838861180831,0.8618651692742623,0.8610656857623598,Italy
5,0.6028559249990473,0.7643028121100323,0.8871545647819752,0.8060043811932703,0.8086400539429953,0.8082666381422554,0.808051267111598,Italy
6,0.575075698777645,0.7381549668483749,0.8886844134104004,0.792800860137081,0.7955931453991489,0.7948725705388007,0.7951694473031973,Italy
7,0.6022439001404054,0.7819087895158927,0.9268467722558087,0.8290390957756382,0.8319904877102551,0.8322296181334274,0.8316855894568634,Italy
8,0.6378437407005294,0.8279909686269431,0.9681514017495128,0.8706968499230004,0.8735451633046393,0.874009940976053,0.8733257548489264,Italy
9,0.5452515232895324,0.7331624039874023,0.8692145954255944,0.7839132271462166,0.7862679658507747,0.7874088882597134,0.7861100768832164,Italy
10,0.3843509509103886,0.5856442340317971,0.6907156069587068,0.6238236235441422,0.6264458820159562,0.6282372364185278,0.6263322632130909,Italy
11,0.3109655946985981,0.5030942822082908,0.614640543992352,0.5526263159140236,0.555209751070071,0.5563117926135679,0.5551279896109635,Italy
12,0.27262531965041825,0.4615526877980711,0.5727320058537139,0.5153560502555063,0.5173862354721013,0.5178326630898027,0.5173273989412912,Italy
13,0.1403877992939243,0.34243655595188255,0.4361525214925563,0.38307059526153836,0.38586386442015874,0.3850751585886825,0.3858215249438877,Italy
14,0.06488599896249661,0.2755248855964052,0.35574923329386116,0.3038642966716806,0.30710058136584967,0.30562632292269176,0.3070701133687359,Italy
15,0.07146320188034067,0.28197072275164214,0.36881109013033997,0.3095555971468563,0.31304719692941524,0.3107381688043383,0.31302527179169787,Italy
16,0.05899058774913299,0.2778130038295905,0.3694337579068649,0.2981354518749313,0.3011506534815608,0.2986355008687331,0.30113487588836585,Italy
17,0.18741838378745893,0.3851820822125427,0.49661389833693925,0.4253278574649988,0.4279332990444018,0.4252234889564548,0.42792194529829386,Italy
18,0.28374692462168183,0.4703091699313626,0.6133567139174998,0.5216050669442454,0.5244511016989916,0.5211153294235673,0.5244429314065338,Italy
19,0.3112445929450339,0.49569681225530515,0.6546199337717941,0.5481096139484762,0.551055116168916,0.5487507218763765,0.5510492367280503,Italy
20,0.3473562189060203,0.5250040691339182,0.6926921325857343,0.5849329539685284,0.5878967899714584,0.585436555073548,0.5878925590549923,Italy
21,0.31572862097452936,0.48791744605236226,0.6734314387632522,0.5527536416355038,0.5557646943212845,0.5534468033499872,0.555761649702833,Italy
22,0.26205099884403443,0.4349970144780176,0.6318203148154338,0.4969117794587044,0.5000076146571837,0.4982355524435871,0.5000054237130729,Italy
23,0.35459538477046165,0.520166019124346,0.7233275658431639,0.5856960243163535,0.58899590001673,0.5887466867706662,0.5889943233869575,Italy
24,0.45283796367152146,0.612139977281634,0.8197251550882552,0.6830035329966719,0.6860525980345376,0.6859516966835935,0.6860514634727624,Italy
25,0.514264088944159,0.6869610548030649,0.8788940633208263,0.7435566083795973,0.7469686321190572,0.7472818088476427,0.7469678156747377,Italy
26,0.5133724454414726,0.679065969041538,0.8684399398958441,0.7417477143869844,0.7450233548938526,0.74498299194761,0.7450227673706861,Italy
27,0.4463872722968363,0.6068145693118308,0.7934724363745849,0.6757138685847814,0.678996389129668,0.6783810935247097,0.6789959663409205,Italy
28,0.373815812054955,0.5289444947527632,0.724812963410633,0.6014716595201384,0.6047114856027727,0.6039682258807368,0.6047111813588973,Italy
29,0.34684763858159484,0.49976374089625775,0.7031751234929504,0.5724339068329205,0.575823731743304,0.5750103175454372,0.5758235128057466,Italy
30,0.33771148864148,0.5028710307300134,0.6978710805378345,0.5605236107218963,0.5639330967167842,0.5624390436263283,0.5639329391666807,Italy
31,0.44453284251611985,0.6012478543838657,0.7942421680668101,0.6665894358045759,0.6698021388838833,0.6686050271286833,0.6698020255089312,Italy
32,0.42376115054946745,0.58985179949752,0.7539109428463581,0.6464914830428214,0.6497182838604191,0.6492586807211708,0.6497182022744379,Italy
33,0.36637682505585667,0.53029614647847,0.6979257476284911,0.587022468224858,0.5900826702787735,0.5899970220203551,0.5900826115685187,Italy
34,0.29938817551760455,0.4763247691454449,0.6269784424298636,0.519781599982827,0.5221605326744467,0.522503678973529,0.5221604904258402,Italy
35,0.31205922489973026,0.4791297975533829,0.6306938249256724,0.5324593990865449,0.5345031157798275,0.5353972926574269,0.5345030853772212,Italy
36,0.30795767611049585,0.4651750511527194,0.6188352374827407,0.5265954743154502,0.5284487838029464,0.5284707827706548,0.5284487619248647,Italy
37,0.20777311992026126,0.3717323974317366,0.5168421586639823,0.42385415989741315,0.4261724153497629,0.4254567576572933,0.4261723996060318,Italy
38,0.21391276942331489,0.36981309494526127,0.5253796285770927,0.4270752305858776,0.42977692261295225,0.4285344550061453,0.4297769112835737,Italy
39,0.3120778655741278,0.462477709733129,0.618336471495098,0.5250993353114951,0.5281773977496995,0.5270109114871877,0.5281773895969423,Italy
40,0.43548551848658335,0.594825725090885,0.7429255488838018,0.647902108154201,0.6510678662562513,0.6500687849388207,0.651067860389429,Italy
41,0.46548806754913685,0.6166855811975157,0.7828452011035865,0.6761029014136244,0.6786385453125716,0.6778293498983068,0.6786385410907355,Italy
42,0.4547323549792875,0.5959517029076806,0.7932446413879789,0.6631190416873001,0.6654462638344028,0.6653075810173982,0.6654462607963185,Italy
43,0.4944876820221371,0.6317131169132033,0.835469849769351,0.7027151976091632,0.7051646214402167,0.70491700574818,0.7051646192539748,Italy
44,0.5502423947506815,0.6942688128394953,0.8792099947217672,0.7569022694306943,0.7595195985978077,0.7598187575596187,0.7595195970245615,Italy
45,0.5319813962540233,0.6806850866047925,0.8605389860339313,0.7393757134668978,0.7419677484225881,0.7427947048136008,0.7419677472904611,Italy
46,0.47057391191767134,0.6120223683775952,0.8073731819312767,0.6778735544447156,0.6800407268211366,0.6804308237746296,0.6800407260064444,Italy
47,0.44616248591807495,0.5805177575093233,0.7837567769065918,0.6508894795325268,0.6528524546897999,0.6534135664953268,0.6528524541035376,Italy
48,0.34481743384607777,0.4759824394480686,0.6596611326769913,0.5466242217495542,0.5488225847342487,0.5495134787472622,0.5488225843123673,Italy
49,0.22564102945445802,0.3603883959910733,0.521247225741425,0.4262673813486664,0.429087284973107,0.4293266263567407,0.42908728466951607,Italy
50,0.20635047303148948,0.33462080358491636,0.49929249884682403,0.40475245532123005,0.4076781258117563,0.4066210291306413,0.4076781255932886,Italy
51,0.25673238703597606,0.3913565370010036,0.5484861054274371,0.4538917308964522,0.457222033726005,0.45510514956249315,0.457222033568793,Italy
52,0.3885292729875777,0.5343043338361888,0.6870395014876882,0.5856806574271429,0.589102446360466,0.5877211381154682,0.5891024462473344,Italy
53,0.31509655443610135,0.45968537065448345,0.6068216723585336,0.5106270082872876,0.5140134197176285,0.5126759351231676,0.5140134196362176,Italy
54,0.14515016538746922,0.292098377698838,0.410802362209919,0.33814360782462477,0.34115871651738006,0.33928517660648533,0.3411587164587958,Italy
55,0.12980174491650182,0.2677398730607937,0.39615379476058493,0.3216301156291632,0.3247472870906378,0.3233990652035219,0.3247472870484799,Italy
56,0.10036720994609732,0.24224779983432104,0.3706894040629219,0.2893325701212559,0.29248810019332583,0.2907620746084399,0.2924881001629885,Italy
57,0.03009536371191779,0.185281319982662,0.3150607537992447,0.22268946543635437,0.22533284510427348,0.22346769566639899,0.2253328450824424,Italy
58,0.0740551848720344,0.2369516381353976,0.3712997881272111,0.26508963021482634,0.2670727240565497,0.2653746621874977,0.26707272404083976,Italy
59,0.09394870383732751,0.250272463149509,0.38808095683250793,0.2846039878156165,0.28605531182872473,0.2844672279308419,0.28605531181741967,Italy
60,0.08383336716352269,0.24237068384563443,0.37422028746506597,0.2743568700551436,0.2756277410756573,0.273916860846959,0.275627741067522,Italy
61,0.15748977488625382,0.31352907853572287,0.4486629541662598,0.3458699960759948,0.34768632947526024,0.3455709910492334,0.34768632946940603,Italy
62,0.16953909420508104,0.31376748471842764,0.45318002400532625,0.35812167503524817,0.36064553664118365,0.35802404562185225,0.3606455366369709,Italy
63,0.1620583564420789,0.29786172896530705,0.43517480937470326,0.34803474698877873,0.3510733012952554,0.3486182830816045,0.3510733012922238,Italy
64,0.20209186581197286,0.3266449889578246,0.48308287556062535,0.38528772990827237,0.38857189487281985,0.38653180397490844,0.38857189487063826,Italy
65,0.23693406699608094,0.3525857577271073,0.5323083680060507,0.4174760087108026,0.42056009118003335,0.4183604454408054,0.42056009117846344,Italy
66,0.19814630855802196,0.3101590211766473,0.4871280255227811,0.3780096285711759,0.3810916883741468,0.3784424828037786,0.3810916883730171,Italy
67,0.14247553876874927,0.2648915761242259,0.4161324460932416,0.32261038360917693,0.32527440167895044,0.3225909537098482,0.3252744016781375,Italy
68,0.14895524164854013,0.2641896426754335,0.42533742909959565,0.32840487275421665,0.33061882028934,0.3286273520703162,0.33061882028875494,Italy
69,0.06674389348332496,0.1912237944068515,0.33396769510516977,0.24401475019311292,0.24621737597033633,0.24423673495726098,0.24621737596991533,Italy
70,0.09714612192205746,0.22319881802596098,0.35199282097352325,0.2731313790522422,0.2753868678162602,0.27384579585967195,0.2753868678159572,Italy
71,0.2167846778969154,0.335535346557568,0.47937686104367583,0.39286164184070155,0.39482489764970446,0.39324719904974176,0.3948248976494864,Italy
72,0.29684416702458094,0.4054351842673182,0.5708488169076649,0.47068166438710907,0.4723371048927992,0.47105683541941357,0.47233710489264225,Italy
73,0.37793247869272073,0.48484900244781337,0.6527567802850617,0.5497989042380058,0.5519356448138719,0.5512722529596141,0.551935644813759,Italy
74,0.43217378413790963,0.5324435479482756,0.6946246963719078,0.6011097330957388,0.6037317606464577,0.6034879254989958,0.6037317606463765,Italy
75,0.3877285203198655,0.48461176080167845,0.6384360059931076,0.5567799690854484,0.5595866068084261,0.5599674409205729,0.5595866068083677,Italy
76,0.3255169750654704,0.42381719460980266,0.580249152914117,0.49310194810224733,0.49621789239178776,0.4964882301223659,0.49621789239174574,Italy
77,0.3043163223219951,0.397135555312146,0.5784344627365827,0.4706816385478932,0.47384124380109416,0.47355557849215274,0.4738412438010639,Italy
78,0.33341308522596297,0.430165550166938,0.6204512218083281,0.5004880494643043,0.5034648778470091,0.50221267385936,0.5034648778469873,Italy
79,0.49382474503175694,0.5850564900805388,0.763033352576741,0.6589122141152679,0.6618526996150129,0.6614989396398339,0.6618526996149973,Italy
80,0.6404800893562111,0.7281230425501413,0.8826038528535567,0.8040703523932282,0.8067083827301713,0.8070098598756403,0.80670838273016,Italy
81,0.6138839113814414,0.70108786557607,0.8597740194444925,0.7758911892182925,0.7784738638921535,0.7791687048538729,0.7784738638921453,Italy
82,0.6080515629872245,0.6923120824557158,0.8669115399773124,0.7684701369803858,0.7711192626988468,0.7723431027960941,0.771119262698841,Italy
83,0.6874724406608869,0.7694284055932432,0.9391674265022001,0.8480154085599882,0.850817840841142,0.8524184040651392,0.8508178408411378,Italy
84,0.5961987020217233,0.677037214403801,0.8297265732951631,0.7549079107577881,0.7580275239057293,0.7592098111910927,0.7580275239057261,Italy
85,0.4986542301414519,0.5949754784879804,0.722819562542299,0.6554526391815514,0.6587051380565504,0.660499682830267,0.6587051380565482,Italy
86,0.5188691555426851,0.6092610357459437,0.7494560698623058,0.674899558746043,0.6779839381300484,0.6791758732471864,0.6779839381300468,Italy
87,0.43203959894602684,0.5196213740026815,0.6686085540084056,0.5867218669492464,0.5897941685123201,0.5906411527529455,0.5897941685123189,Italy
88,0.3961272348185064,0.49046631949780084,0.6349601565789389,0.5488763850373457,0.5522164127513685,0.5515178680715279,0.5522164127513676,Italy
89,0.40314193571036516,0.494662610300391,0.6505097334614413,0.5524681061244173,0.5559729798856344,0.555276550359208,0.5559729798856339,Italy
90,0.33381287513665203,0.4191873347362205,0.585147322218065,0.4828940188610333,0.48601574191340374,0.48458300331080884,0.4860157419134033,Italy
91,0.33222513320828456,0.41248355146481763,0.5797969247187693,0.4806312406594292,0.48328939000313775,0.4816097886119664,0.4832893900031374,Italy
92,0.46419078404796066,0.5418267694629227,0.709529199763573,0.6123668017080768,0.6147789663646994,0.6137472697528467,0.6147789663646991,Italy
93,0.5717245907150393,0.645508067833308,0.8160428541295024,0.721029892815436,0.7230000330419635,0.7223912462954966,0.7230000330419633,Italy
94,0.5756587577778779,0.6515929075558118,0.8268156608476973,0.7241289907747026,0.7257123457878967,0.7257165991942989,0.7257123457878967,Italy
95,0.5574673096061459,0.6271127554859321,0.8122623967835181,0.7047075416076722,0.7062983535525033,0.7072676837398382,0.7062983535525033,Italy
96,0.5755418859803388,0.6413308210215041,0.8251797129058732,0.7188349494945013,0.7207469086551365,0.7222147567231914,0.7207469086551365,Italy
97,0.6364896039349959,0.7008395328101735,0.8824542985919951,0.7783179424787928,0.780801712924932,0.7829496262011717,0.780801712924932,Italy
98,0.6099308669959569,0.671648318800636,0.852985371624524,0.7500255338030679,0.7529138585835298,0.7548922961906159,0.7529138585835298,Italy
99,0.5418579314346923,0.6073114664415694,0.7858979188934391,0.6812807854517077,0.6842277571096769,0.6843363056791931,0.6842277571096769,Italy
100,0.5819408960338409,0.6451274725678571,0.8251207161555102,0.721936152018039,0.7245560460917752,0.7255487564853312,0.7245560460917752,Italy
101,0.6634721164051123,0.7241087482443072,0.8948917327730799,0.8012681996091883,0.8035175410064946,0.8043593881001485,0.8035175410064946,Italy
102,0.7563194462903492,0.8235884088508846,0.973200238642655,0.8922819028913476,0.8948589484799288,0.8954289408830913,0.8948589484799288,Italy
103,0.7694095784233534,0.8315648954718281,0.9865902164285847,0.9033623952038108,0.9061788347468259,0.906750446421733,0.9061788347468259,Italy
104,0.6833636163887495,0.7485205885613867,0.9127442171616235,0.8178004980585544,0.8205753973623824,0.8214868685957396,0.8205753973623824,Italy
105,0.5433713862989135,0.6041440699607434,0.786109810879563,0.6746208799854699,0.6774687835442251,0.6787592395749052,0.6774687835442251,Italy
106,0.5169208527731374,0.5807784042582793,0.768391981086358,0.6489671143071254,0.6518666487912553,0.6533557900212534,0.6518666487912553,Italy
107,0.49294486094664325,0.5502203609424581,0.7345049257927807,0.6228755876025771,0.625754911103325,0.6279097905518009,0.625754911103325,Italy
108,0.3426333955911199,0.40354334936717623,0.5728689719362134,0.4686879560741662,0.47150355644251873,0.47309595031456975,0.47150355644251873,Italy
109,0.32651359500876054,0.38783559839724735,0.5554228238198681,0.45300194457851656,0.4559813938560611,0.4565385689952105,0.4559813938560611,Italy
110,0.4172789857707318,0.47180552677090587,0.6440300638032012,0.5441440235895258,0.5464902861591975,0.5468832558391106,0.5464902861591975,Italy
111,0.4023816882791441,0.45774383533310076,0.6140111380154639,0.5276789309155928,0.5300352773682901,0.5299665979277726,0.5300352773682901,Italy
112,0.2770533944957706,0.3365371608102868,0.4821937726265049,0.401051568840437,0.4039293187506105,0.40308809313404564,0.4039293187506105,Italy
113,0.18606273743470153,0.2629817974943327,0.4006489372662863,0.3106676857451985,0.3137521766263725,0.31317404766542734,0.3137521766263725,Italy
114,0.1362492735056958,0.20248875569860697,0.3433951477981228,0.25865948125798155,0.26177786400737896,0.2606599799691563,0.26177786400737896,Italy
115,0.061753538234313426,0.12255927089227875,0.25810593893727896,0.18322660861264456,0.18641372195012068,0.18480990462292204,0.18641372195012068,Italy
116,-0.006897275826284716,0.054556388016938316,0.18070956253622572,0.11210239961709692,0.11524993551794874,0.11346464130954231,0.11524993551794874,Italy
117,-0.03898006933950672,0.013616484714304503,0.13968593138454646,0.07821010603632116,0.08135877681678906,0.07907313457246908,0.08135877681678906,Italy
118,0.04940841045439577,0.09717605502634283,0.23357349942050665,0.16684122119435235,0.16999070864786195,0.16734500993008686,0.16999070864786195,Italy
119,0.1073184879475311,0.17037275191326548,0.2848863617252321,0.22264676701044603,0.2249864303421805,0.22283308403256416,0.2249864303421805,Italy
120,0.131698563563434,0.20425901593026918,0.30509140102786736,0.24661957698640202,0.2493289982992778,0.24759157804539253,0.2493289982992778,Italy
121,0.23260667789395648,0.2928893308728015,0.4261330704283545,0.34641197564268045,0.3488369897479782,0.346915308070591,0.3488369897479782,Italy
122,0.1961213991210121,0.247159888168068,0.39759273037713305,0.3084398297972676,0.31031431674539245,0.30809497438475925,0.31031431674539245,Italy
123,0.17563126905426207,0.23619605143984068,0.37249721704880046,0.2879859404188459,0.2897311851688486,0.2877415942062429,0.2897311851688486,Italy
124,0.172850118262123,0.23507773494830664,0.3627880028971965,0.2826935034219295,0.28516669447159065,0.28404604553865187,0.28516669447159065,Italy
125,0.1978301684335993,0.2659249891606911,0.3805772061570987,0.3044259481961991,0.30714701686814205,0.30542242795681684,0.30714701686814205,Italy
126,0.3311629162997066,0.3957434410151695,0.5160045820524995,0.43799245487083993,0.44106738833248854,0.44021013836115125,0.44106738833248854,Italy
127,0.43117262961265795,0.4945315806730164,0.6222603509596067,0.5367172931024966,0.5394402647866645,0.5388985960587832,0.5394402647866645,Italy
128,0.3963802007870191,0.4618386058264439,0.5912167679635789,0.5009395832656541,0.5031266654616705,0.5027991812413087,0.5031266654616705,Italy
129,0.4040551987743671,0.45645196808242006,0.5977617081276639,0.5072160901173526,0.5090204448754421,0.5100448141324597,0.5090204448754421,Italy
130,0.4478128715855788,0.4986702567573385,0.6520016631682903,0.551504122910417,0.5532127462443506,0.5545469645375717,0.5532127462443506,Italy
131,0.5634971120986932,0.6065856181985452,0.7640149447332107,0.666903245790806,0.6688664677230991,0.6706550085781194,0.6688664677230991,Italy
132,0.5800475116210999,0.617510666759737,0.7812896786225008,0.6816023128466804,0.6836784904823214,0.6855890366368834,0.6836784904823214,Italy
133,0.5831716332993323,0.6247414208221089,0.7811416769737681,0.682545759811862,0.6852083723229133,0.6870406991105414,0.6852083723229133,Italy
134,0.6044633931796952,0.6388276515754768,0.7983595555966572,0.7017346652715435,0.7046663320537316,0.7063169886166816,0.7046663320537316,Italy
135,0.55820042454052,0.5922342677864315,0.7589310885170718,0.6533951770476673,0.6567404557586939,0.658429959538003,0.6567404557586939,Italy
136,0.5123977305984019,0.5410458430017855,0.7050226215756069,0.6072614799559578,0.6104276793966755,0.611122689867314,0.6104276793966755,Italy
137,0.4121624825560031,0.4398791280194286,0.5945426872373434,0.5058123607998295,0.5084522379820948,0.50864266552213,0.5084522379820948,Italy
138,0.3315689271529082,0.3594505882009691,0.5169654787798038,0.423442801669126,0.42591985250795455,0.42495158128032157,0.42591985250795455,Italy
139,0.38902609252520337,0.4269739241347754,0.5738238331410423,0.48073450854905464,0.4830116613465213,0.48268910095597245,0.4830116613465213,Italy
140,0.45687067780503415,0.48623046634811096,0.6345074222065036,0.5457891053250514,0.547847067826361,0.5484364284234344,0.547847067826361,Italy
141,0.5229680848825258,0.5497473835109129,0.6897795394724564,0.6109030941918487,0.6128088825321683,0.6135973569880431,0.6128088825321683,Italy
142,0.6126992184738133,0.6531937454209635,0.7665937071291836,0.7011158803653861,0.702752679113378,0.7035258012668448,0.702752679113378,Italy
143,0.5828810272799476,0.6350581392292035,0.7417110258159555,0.670177070576994,0.6713711078701909,0.6719274558842668,0.6713711078701909,Italy
144,0.5480651243192326,0.5959039597372489,0.7208913325645286,0.6355360743210772,0.6364600267337654,0.6371708385812945,0.6364600267337654,Italy
145,0.503677026181593,0.5410634336952804,0.6898948194138262,0.589533160458793,0.5902870223359947,0.5914851947612493,0.5902870223359947,Italy
146,0.5002331136516611,0.5267097262655185,0.6935353406627501,0.5838720062009892,0.5852153867819607,0.5866706337712593,0.5852153867819607,Italy
147,0.5913660169906655,0.6092166587499868,0.7722716159539116,0.6749176258054201,0.676550092945265,0.677957633526298,0.676550092945265,Italy
148,0.6518096381696755,0.6757772134193868,0.8213667734275396,0.7334641468012326,0.7347359530095803,0.736240573659461,0.7347359530095803,Italy
149,0.6126653245821297,0.6297717605455281,0.786711630407415,0.6936654888279757,0.6946534932880063,0.6962374442194388,0.6946534932880063,Italy
150,0.4695873622425491,0.4814543610599495,0.6411136343042949,0.548184019179311,0.5491840147917387,0.5504077711059342,0.5491840147917387,Italy
151,0.39926416852086755,0.4186231635287548,0.5665781122837036,0.47399809302302537,0.4757667253185647,0.47522860149133134,0.4757667253185647,Italy
152,0.37987067019523507,0.4100866225786428,0.558226501175716,0.45409701806975744,0.4562063762991704,0.45674515289080614,0.4562063762991704,Italy
153,0.3441700136222323,0.3769522086559526,0.5241152002160001,0.41920585806076205,0.42107221791655847,0.4217159052868629,0.42107221791655847,Italy
154,0.4029247041795461,0.4354852585593162,0.5772342998343831,0.47728716363680235,0.4792047184562161,0.4796043272347163,0.4792047184562161,Italy
155,0.5219951214875774,0.5441317972417692,0.6918179858273091,0.5952291897424625,0.5971408343737362,0.5982533191414394,0.5971408343737362,Italy
156,0.47314207615055415,0.4882906997558367,0.632631966538641,0.5450610593650881,0.5469566076236358,0.5485879486596011,0.5469566076236358,Italy
157,0.3244297176744821,0.3332619579258884,0.4741187780945309,0.3952294293699433,0.39728631496831535,0.39936297376406465,0.39728631496831535,Italy
158,0.26009849605869717,0.26352718331708375,0.4174656683037638,0.32923455903791765,0.3314075449293741,0.33380465974902285,0.3314075449293741,Italy
159,0.2542818761048607,0.2668690813065278,0.4151853188990545,0.3218395583487493,0.3241340075099544,0.3258340055109544,0.3241340075099544,Italy
160,0.2535729113230218,0.25907262192646424,0.40733764519070503,0.3191308951345109,0.3213467784318952,0.32227873139656915,0.3213467784318952,Italy
161,0.2226351767165034,0.24283754361542595,0.3714118706253122,0.28728737219716716,0.2896000657640047,0.2894884991472966,0.2896000657640047,Italy
162,0.2682611229105649,0.2833629931299865,0.4106235017766216,0.3307789907454438,0.3329274467023229,0.33271396157427924,0.3329274467023229,Italy
163,0.37828220033819354,0.3922910837349723,0.509535642840623,0.4407319646150959,0.4426675808039074,0.4431915036010443,0.4426675808039074,Italy
164,0.3776731064871333,0.3795442661270475,0.48810299004683666,0.4365498050630543,0.4380802039748156,0.4386854495829599,0.4380802039748156,Italy
165,0.1871496908481289,0.18945212796508448,0.28322347790283453,0.2455391319830928,0.24675366586358516,0.2466241903383772,0.24675366586358516,Italy
166,0.07779178803804457,0.08881347373332998,0.18331096842648784,0.1368015897643115,0.13784767538775228,0.1372687279201145,0.13784767538775228,Italy
167,0.1538584106377159,0.16913966907809394,0.2731160079682271,0.21299539709697413,0.21389621656685387,0.21290458238706417,0.21389621656685387,Italy
168,0.2763769915502686,0.302821303276388,0.40097406857160967,0.3343804134115015,0.3350286539526128,0.3348842795638134,0.3350286539526128,Italy
169,0.28870978144242665,0.3037802157065255,0.41655790990032815,0.346192227949024,0.3467072412461492,0.34819176879510205,0.3467072412461492,Italy
170,0.28078305885868693,0.2984762036334696,0.4109951270293908,0.33587135034295523,0.3362500487142796,0.3374606207786674,0.3362500487142796,Italy
171,0.4111809593919034,0.41222575108044557,0.5431904471588195,0.46340224595904245,0.464483709613017,0.4653556932676247,0.464483709613017,Italy
172,0.48620557541100606,0.4772479955825042,0.6192655493915287,0.5374352802854839,0.5389807616614324,0.5399654058605893,0.5389807616614324,Italy
173,0.47783208881749817,0.4684883102330824,0.6153279789963536,0.5288752359219768,0.530570916659673,0.5311183259215052,0.530570916659673,Italy
174,0.5171687295808718,0.501252864411772,0.659184426885399,0.5687941405898596,0.5702246764542123,0.5706113705121778,0.5702246764542123,Italy
175,0.5215206330253528,0.5051354439434502,0.6701103548006145,0.5712994587335972,0.5727450846951597,0.5716721527589776,0.5727450846951597,Italy
176,0.47402419000473517,0.45323388106289,0.6456730129052659,0.5215015623980193,0.5229008267262142,0.5211321634535981,0.5229008267262142,Italy
177,0.3229092367446966,0.30136566351893845,0.4893773766488029,0.3688738507439645,0.37043964052905587,0.36842665236360816,0.37043964052905587,Italy
178,0.2619116109910096,0.2416664874793303,0.41562646064801795,0.3072512074444732,0.30881653231780914,0.30663879807409733,0.30881653231780914,Italy
179,0.2957575458135749,0.28574899779263163,0.45879761043142714,0.3387991712152994,0.3408392305110719,0.33830590879279476,0.3408392305110719,Italy
180,0.16104874030375205,0.1628638334460842,0.3133926474959947,0.20188300142384555,0.2041318360021037,0.20222286412563348,0.2041318360021037,Italy
181,0.07420340560973356,0.08249521866799871,0.22178147453091496,0.11495768960598533,0.11687814152988556,0.11503006196939977,0.11687814152988556,Italy
182,0.04719452683143391,0.04381937857352747,0.19010177144034307,0.08654527750623878,0.08820227021764551,0.08650249863656895,0.08820227021764551,Italy
183,0.015676660291905398,0.01334166973860211,0.1502220236833281,0.05309659255983819,0.055141532791680756,0.05284662327804111,0.055141532791680756,Italy
184,0.022048469251799527,0.026071674925374044,0.15595055954726167,0.05873307357278011,0.061432922216514405,0.05904631930079571,0.061432922216514405,Italy
185,0.03320751112349904,0.03234385043143963,0.15774590512837813,0.06762003377733088,0.07081767832366585,0.06865487375914096,0.07081767832366585,Italy
186,0.1273847156117657,0.131771592930012,0.24107389496082993,0.15974629590456246,0.16303151944468924,0.16114122702005784,0.16303151944468924,Italy
187,0.19690927579656203,0.1854825015641826,0.2954217255120023,0.22761217872836326,0.23079993672154714,0.23011970498106907,0.23079993672154714,Italy
188,0.1639357134683013,0.14236114098563807,0.2634883089686173,0.19330356445904529,0.19621934982388356,0.19451841185620028,0.19621934982388356,Italy
189,0.25178992410335227,0.22413650505855087,0.37011565069848273,0.28158014930900543,0.2846335411202431,0.28269635922047864,0.2846335411202431,Italy
190,0.2517196959402126,0.2181082472638306,0.37334893522161355,0.2813224834981199,0.28427971582670347,0.2822750693714935,0.28427971582670347,Italy
191,0.2778466330940731,0.25861260329488384,0.3885295657208921,0.3058914196342995,0.3088294411507763,0.30668488730664084,0.3088294411507763,Italy
192,0.46421764157501694,0.43541772172003623,0.5608876841946963,0.49071042231832235,0.4937221860214224,0.49198973491857534,0.4937221860214224,Italy
193,0.4597617446005182,0.4227834585638909,0.5512953790429518,0.48507493061597895,0.4878592297672256,0.48721077253674805,0.4878592297672256,Italy
194,0.43747436797129935,0.41034339525461755,0.5214275536724192,0.45773712402201117,0.4600966375960115,0.4601142279507504,0.4600966375960115,Italy
195,0.5015547760256452,0.47979384262483116,0.5863975170885768,0.5224643495814549,0.5243564103523275,0.5246220562257613,0.5243564103523275,Italy
196,0.48263436617946914,0.45000464693426095,0.5755324001003108,0.5028582194751283,0.5045352245671124,0.5036481962865799,0.5045352245671124,Italy
197,0.485650923444976,0.4505210222880804,0.5855532225604574,0.5052968763782331,0.5065602896371361,0.5048339587415822,0.5065602896371361,Italy
198,0.43132216422705727,0.39231098866134817,0.5283177187522055,0.4502332359166574,0.45117475771289817,0.4498670734875836,0.45117475771289817,Italy
199,0.41291797893690296,0.3818875893042298,0.49643273690466727,0.43260055575721007,0.43338323797295325,0.4316287465053798,0.43338323797295325,Italy
200,0.46007149029677963,0.4313590266706638,0.5449427514809163,0.4774505836922972,0.4782313670049503,0.4772478136825552,0.4782313670049503,Italy
201,0.34824427456733675,0.32161043454083243,0.4360121068293842,0.36642662888822963,0.36714815124130806,0.3675074494232664,0.36714815124130806,Italy
202,0.2696545686251305,0.23633825315280976,0.35450272530552507,0.28667900044203054,0.28737742173770364,0.2870634542433758,0.28737742173770364,Italy
203,0.24703814292919996,0.20845276515497757,0.3335600731682174,0.26255884409073943,0.2635678342815906,0.2623708144970619,0.2635678342815906,Italy
204,0.10879666065227175,0.07493238035892388,0.1862253447168247,0.12231340577572611,0.12343788949104903,0.12243688904467373,0.12343788949104903,Italy
205,0.13803610816397704,0.10458545681316081,0.20932022025432886,0.14742469584923093,0.1489153957731516,0.14786847064690972,0.1489153957731516,Italy
206,0.33779717014009764,0.29640203868732606,0.40545512362286934,0.34842410584457884,0.350088715283239,0.3486823228854137,0.350088715283239,Italy
207,0.38557239016837547,0.35433798915002507,0.44338095701265723,0.3946044434342971,0.3961339490064253,0.3955817523449544,0.3961339490064253,Italy
208,0.3315272830081617,0.3076922525651289,0.39359781536064986,0.3407928601785672,0.3422170547817257,0.34169314663079275,0.3422170547817257,Italy
209,0.35621771317722845,0.3272326715976562,0.4221014514795416,0.36451699361645257,0.36596989958447645,0.36513460660691827,0.36596989958447645,Italy
210,0.3119750084311889,0.2825912418180763,0.3934864523209014,0.31780167581548374,0.31899279923726104,0.3173987927188072,0.31899279923726104,Italy
211,0.21593113617806803,0.18700198272766103,0.3069806564574674,0.22077019917451204,0.22166778893246367,0.21963822089974455,0.22166778893246367,Italy
212,0.2531035575373917,0.22704662163693645,0.3276274832846595,0.2578376084872369,0.2586048538775652,0.256342377373716,0.2586048538775652,Italy
0,0.7257110921089689,0.7257110921089689,0.7257110921089689,0.7257110921089689,0.7781371231314875,0.7257110921089689,0.7257110921089689,California
1,0.6066583715852778,0.6881483417245824,0.690216722750636,0.6880735501083675,0.7272103618373417,0.6848521549892711,0.687333677091002,California
2,0.54106098931824,0.684709931432624,0.6874588649491338,0.6845210025823564,0.7136742449986013,0.6808753454524541,0.6833429390548815,California
3,0.49601180213342283,0.6888140563697247,0.6918724397091884,0.6884598913923161,0.7101159881748158,0.6836573124902061,0.6870451605444928,California
4,0.4690090204702919,0.6988673231019417,0.7022944984805287,0.6984389101405226,0.7143096330600414,0.6932764200470467,0.6967613254291174,California
5,0.42009917502554034,0.6774568663274056,0.6817993638211158,0.6770214205106171,0.68847444067668,0.6708179753809967,0.6751267140305494,California
6,0.41019187631009196,0.6897926459670368,0.6944822141110117,0.6892863835570082,0.6973642369413711,0.6831833983366041,0.6872115880155074,California
7,0.5283643261769204,0.8235114946635546,0.829813745209693,0.8229596286242928,0.8285745971639978,0.8175804520283063,0.820852212450514,California
8,0.5498276221911843,0.8585491566867167,0.8653529918914097,0.857415590690992,0.8616089724154132,0.854031585160191,0.8557351136718957,California
9,0.4641164575353427,0.7812539207070425,0.7939244463450099,0.7803435819182726,0.7834997223295306,0.7769546918775905,0.779031903408446,California
10,0.360979279936293,0.6846406329993714,0.7102972081740117,0.6832463362275346,0.6855930393407088,0.6785975542041204,0.6821946930775081,California
11,0.3745002027455049,0.7036885676407338,0.7351514857308645,0.701966063333562,0.7036046756501632,0.69677504266399,0.7010197997792749,California
12,0.487849055129816,0.8205720619425563,0.8518338380846483,0.8192498003784763,0.8204114851009783,0.8160897070667354,0.8184453572404207,California
13,0.5034577087078811,0.8402259916183241,0.8685283478708427,0.8386667653603082,0.8393046145229317,0.8366356948189447,0.8378091234598609,California
14,0.48644608599304884,0.8261601796441496,0.8506068210608911,0.8247921207919992,0.8247178857939944,0.8227134725677434,0.8235803740560292,California
15,0.5278548704819712,0.8669480812123583,0.8899501224599794,0.8656544152226661,0.8652249229344209,0.8638685822448873,0.8643597001417473,California
16,0.540131126831936,0.8799927364666754,0.9014519853278419,0.8784951258947953,0.877915951752468,0.8772050509548469,0.877257839439446,California
17,0.46833631639342604,0.8101786634252306,0.8295898002401523,0.8088446908740516,0.8081227411121943,0.8074987034691523,0.8076221627406828,California
18,0.4329084516803463,0.7731415935135016,0.793686477047847,0.7726226269784884,0.7715483728467744,0.7698041775370577,0.7711676191348823,California
19,0.4941220297883862,0.8363852387820762,0.8629492594008271,0.8363300339754728,0.8349233822476617,0.8305111696564917,0.8346337704758189,California
20,0.5102897542947294,0.8520421341859811,0.8821297096965569,0.8516266617419498,0.8501689900506119,0.8470800737319631,0.8499487033514406,California
21,0.5015610163666676,0.8433727048526471,0.8735385600335844,0.8431135649570762,0.8413673790979945,0.8376275294162804,0.8411998229606075,California
22,0.5129056323988239,0.8552928468406231,0.8813008641477182,0.8550393365143536,0.8533764650071307,0.850677349935723,0.8532490171889844,California
23,0.3840133510587769,0.7234623702081204,0.74446173482137,0.7237182462974107,0.7219631821562377,0.7181459070491976,0.7218662418316183,California
24,0.30668667223374224,0.6467142147100773,0.6647609531012935,0.6472327910255173,0.6451316050491704,0.6408654241685142,0.6450578695653153,California
25,0.28490266005466514,0.6263361310266805,0.6425192316599027,0.6267499676587973,0.6244048500982793,0.6194211377348733,0.6243487648561398,California
26,0.30176266545958014,0.6430489013466374,0.6580020804665586,0.6430823404049288,0.6407777309957898,0.6349015466606174,0.6407350710141719,California
27,0.3329340777904702,0.6756042566145932,0.6893850548692755,0.6752946985506517,0.6731249413282158,0.6681407868274939,0.6730924929699273,California
28,0.3496480216872301,0.691354113176087,0.7055505102235489,0.6908039733229964,0.6886528325659487,0.6828713100228236,0.6886281514499312,California
29,0.40451290058882194,0.7445694162529848,0.7595229912026461,0.7439924913346276,0.7417423290349575,0.7356730415458264,0.7417235558975785,California
30,0.4437536767820232,0.7842816630614379,0.8026914768870502,0.7836874812480803,0.7817444335388584,0.7780865629641418,0.7817301541729335,California
31,0.45067173248501713,0.7908135363040196,0.8163727712812467,0.7900363902212205,0.7885417238811162,0.7848937268655699,0.7885308626016666,California
32,0.5218936203944218,0.8609369933983215,0.8898138844009416,0.8596689259784118,0.8584938967499766,0.8548605642314401,0.8584856353613476,California
33,0.5696901908331796,0.9098249422453194,0.9555575251275951,0.9081651146660019,0.9072036453844343,0.9046151594682286,0.9071973615444506,California
34,0.5684541678760465,0.9075710325581026,0.9694791944373807,0.9055919147844355,0.9048605947381422,0.8952514899216137,0.9048558150761853,California
35,0.598944747500123,0.9380130564200432,1.0012707335803688,0.9357300887648142,0.9351682496806318,0.928406819815728,0.9351646141379572,California
36,0.6206519899505655,0.9610512321871337,1.022648239371135,0.9587975891961696,0.9583099081916722,0.9536681487901941,0.9583071428976704,California
37,0.6632704466139516,1.0053936328270405,1.056177729323764,1.0030652425532522,1.0025879662612238,0.999438997035112,1.0025858629023583,California
38,0.6451377428030294,0.9863202978789036,1.0279336460246717,0.984594180535293,0.9840168311046237,0.9827047294163417,0.9840152312318745,California
39,0.609426114876832,0.951661500076388,0.987488102478906,0.9500212879557723,0.9493508446278893,0.949555500653918,0.9493496277205629,California
40,0.5859747636242283,0.929154917491051,0.9600147606308069,0.9273424673989638,0.9266613030314295,0.9270251318599237,0.926660377418163,California
41,0.5278424878694024,0.86924124136487,0.9008014719902782,0.8676579639896373,0.8669975880626629,0.8673478019835754,0.8669968840156903,California
42,0.4838309722900095,0.8253649070641418,0.8623911195701741,0.8236124086024763,0.8228678843079593,0.8213698674099108,0.8228673487904191,California
43,0.5425629476307257,0.8844156492241335,0.9208113921532024,0.8830268425102562,0.8818570416179099,0.879810811388122,0.8818566342885028,California
44,0.6188071437300555,0.9590724857168462,0.9921956069050859,0.9582484471813415,0.9568323203235976,0.9553955523606358,0.9568320104976191,California
45,0.5907086071201824,0.9322335395815964,0.9685325778405812,0.9315024690294001,0.9297912928741693,0.9294026111025884,0.9297910572119872,California
46,0.5672737722021164,0.9081004610285961,0.9455626076584632,0.9075921763208219,0.90552893576152,0.9050959854257512,0.9055287565103664,California
47,0.6447461945664927,0.9847890767762568,1.0171753348073798,0.9849240454105634,0.9827892848941684,0.9827463406280541,0.9827891485507984,California
48,0.6511939285067686,0.9917805736808569,1.0268147050597267,0.991638246564019,0.9898857527139353,0.9898530881210204,0.9898856490074086,California
49,0.613827017102708,0.9545056868727988,0.9933978049179598,0.954135155518441,0.9526805234436473,0.9530272131934375,0.9526804445616036,California
50,0.5931822822252758,0.9339460594746445,0.9669767699400356,0.9336759191818733,0.9322747698760203,0.93304631647442,0.9322747098761629,California
51,0.5602576291203818,0.9010432014038458,0.9285044363125968,0.9007867954419595,0.8994554107642851,0.9003606110243892,0.8994553651267392,California
52,0.507248285728694,0.8485918030467161,0.8708199701494004,0.847863964776533,0.8466270962414992,0.8475261776757356,0.8466270615283235,California
53,0.43691175073792243,0.7783107673228179,0.7971000369395603,0.7772409389400056,0.7760699375385597,0.7770544044580769,0.776069911134761,California
54,0.3992041964800011,0.7412588714485403,0.7660986061410725,0.7401575509000974,0.7388551466681978,0.7396746200398534,0.7388551265847405,California
55,0.3702786506744912,0.7117637667581577,0.747147901977474,0.7108359574575234,0.7092385576851667,0.7095178670913481,0.7092385424091353,California
56,0.24419903312171123,0.5848820903728923,0.6194646134009262,0.5839022877496677,0.5822346768807879,0.5809752107738477,0.5822346652614172,California
57,0.21341564588285278,0.5545711715237811,0.5835910504290117,0.5536066644271409,0.5522163807548215,0.5498954798771236,0.5522163719168078,California
58,0.21465055643542919,0.5561212980820712,0.581098291718033,0.5547456410287271,0.5536127932306926,0.5470738671031525,0.5536127865082557,California
59,0.13023433252051497,0.47247238240112743,0.49953886253019486,0.4717694266496186,0.4704045372314813,0.4641734639391367,0.4704045321182105,California
60,0.09004116244849364,0.43396355453647883,0.46363640539722606,0.4335900682378406,0.4317534861355449,0.42521535366383945,0.4317534822462501,California
61,0.07414648246561359,0.41671895505604956,0.4448529558015406,0.41694905155403467,0.41480615150723554,0.40903094766384396,0.4148061485489306,California
62,0.11741575960343775,0.45884103848570007,0.48587972576944527,0.4589576412678465,0.4566435238775526,0.4501015332789848,0.4566435216273843,California
63,0.1716696233278593,0.5127962564885693,0.5364123062516093,0.5127547486219259,0.5103593788234216,0.503442371776914,0.5103593771118816,California
64,0.22870224816615373,0.5696909155731358,0.5889111039556592,0.5695347839228178,0.5671102542310503,0.5596755869928756,0.5671102529292058,California
65,0.2937210280556888,0.6347256627891652,0.6524190026607019,0.6347339357054974,0.6323739183922575,0.6264468694702019,0.6323739174020387,California
66,0.2826216107032581,0.6230557448005077,0.6393033199568721,0.6230929605163021,0.6207122553833442,0.616252322374254,0.6207122546301564,California
67,0.1821558773924513,0.5224835890275623,0.5436393945531609,0.522919745584294,0.5204958679941882,0.5149900223119845,0.520495867421293,California
68,0.1872818859443355,0.5272787330923489,0.5528980404285153,0.5271666242463974,0.5252202591434697,0.5200965143533963,0.5252202587077097,California
69,0.2538176371166908,0.5941124427995508,0.6252168439046113,0.593820489539437,0.5922460821911555,0.5892636148024992,0.5922460818597044,California
70,0.1958222251357682,0.5365497917009592,0.5707321932224465,0.5362352755999922,0.5343271394910588,0.5302419211593292,0.5343271392389479,California
71,0.08790824450302862,0.42919453230820914,0.45473241938092174,0.42876295131481973,0.4267627064079926,0.42191756780108985,0.4267627062162301,California
72,0.03487823746887672,0.37421712834999005,0.39895800944059157,0.3739247561958778,0.3716282566965195,0.36729489832628665,0.3716282565506597,California
73,0.028194893208682154,0.3666438438078293,0.39161312516594027,0.3663976904758197,0.363931542081072,0.3590369519687691,0.363931541970127,California
74,0.04668519821459968,0.38344378138314006,0.4046845680562321,0.3830689527751594,0.38066399174464316,0.37433093213689456,0.38066399166025533,California
75,0.08982130091226931,0.42751494681240937,0.4479269476048486,0.426810295273763,0.424645866611231,0.41701397408929286,0.4246458665470433,California
76,0.11211205899687676,0.44838975138967435,0.46721827664741433,0.4475820356513642,0.4454991510075518,0.43730876547517206,0.44549915095872883,California
77,0.1064877751827164,0.44143199431658214,0.4576613364644926,0.44064579353985234,0.4386179127509767,0.43052211539209473,0.43861791271384065,California
78,0.13280596101478925,0.4684428839165573,0.48771939054758734,0.46768547072508226,0.46563136342257877,0.45714683960092434,0.46563136339433203,California
79,0.1494331870053468,0.48374862999556567,0.51285071540906,0.4831567449361217,0.4813369171818737,0.4712394334793093,0.48133691716038846,California
80,0.05565869128634965,0.38900640377323414,0.4194045505511933,0.3881513163358602,0.3864365306455263,0.3772967331874205,0.38643653062918404,California
81,0.060318874377732146,0.3922607896785908,0.4210159247553764,0.39134083770456635,0.38959094806207645,0.381157356891821,0.38959094804964606,California
82,0.1326291457032155,0.4628679681422758,0.4997922898675127,0.46181990002721507,0.46009341728443376,0.45151766657308656,0.4600934172749789,California
83,0.07689635776462142,0.4073195307810143,0.4463207294157912,0.40625888799731735,0.40448215027229,0.3958423977143266,0.4044821502650984,California
84,0.07290041773968314,0.4018156527981055,0.4353659579720246,0.40109330911158847,0.3989295472168435,0.39079834394864754,0.3989295472113733,California
85,0.16336918173101264,0.48994754749154823,0.5199418133251746,0.49001413313583203,0.48770349793037654,0.47934942571967454,0.48770349792621576,California
86,0.20181685677611916,0.5270563720671528,0.5521454555848329,0.5270944101692816,0.5250179514227732,0.5172493319236809,0.5250179514196084,California
87,0.20644176517981827,0.5335712038933459,0.5559817726252099,0.533468058975843,0.531268835353828,0.5233804140674305,0.5312688353514208,California
88,0.20473970809960473,0.5345998487405214,0.554582571236021,0.5344547454563645,0.532100084922983,0.5246242857103249,0.532100084921152,California
89,0.2259054060940171,0.5563894836072534,0.5740470506809476,0.5566479785964262,0.5542682604373994,0.546541066188935,0.5542682604360067,California
90,0.22907938372915387,0.5614800594330334,0.5808897295180573,0.5614457413849144,0.5594257042094554,0.5541351403658265,0.5594257042083961,California
91,0.12329805714084216,0.45641271299789077,0.4811242873998936,0.4557911310407492,0.45409910655699515,0.44804107102817814,0.45409910655618946,California
92,0.12087703258924817,0.45503899241578244,0.48147389927552764,0.45427530741132005,0.4526982068367341,0.4463610754823488,0.4526982068361213,California
93,0.22684207255466293,0.5601887754798108,0.605586385251644,0.5589365404393298,0.5576584511641273,0.5532323388425333,0.5576584511636611,California
94,0.17858580618705328,0.5123573602910707,0.5798440667177236,0.51061564669866,0.5096323429706441,0.5015139747817915,0.5096323429702895,California
95,0.1673001512819794,0.501830747955758,0.5657550792191635,0.499890804245936,0.49912056874892075,0.4904474715109963,0.49912056874865096,California
96,0.26586171811253767,0.5976913057341187,0.6543547758779287,0.5960400990469928,0.595409621552729,0.5894829434093117,0.5954096215525237,California
97,0.29906729317815606,0.6298794961886558,0.6799369975326867,0.6286160447895297,0.6280387882534086,0.6237663735876524,0.6280387882532525,California
98,0.2891609597741007,0.6204378480645112,0.6631617210142149,0.6191976784195834,0.6184759938714108,0.6158006564775591,0.6184759938712922,California
99,0.2645657020909413,0.5970677073949018,0.6324342332865224,0.5956049878236968,0.5947956887336812,0.5914471268670132,0.5947956887335908,California
100,0.25778064906834897,0.5902647058832755,0.6198605356938156,0.5887129928407637,0.5878935713401392,0.5842841818918505,0.5878935713400705,California
101,0.2932642729636971,0.6226641825430079,0.6506199667987433,0.6209257405325578,0.620123207674163,0.6147056386473693,0.6201232076741108,California
102,0.36410724339027534,0.6919015071643113,0.7208936633322365,0.6899476109919865,0.6891862058405631,0.6862254902547956,0.6891862058405234,California
103,0.4307400392937189,0.7556232687953031,0.7818440934452188,0.7539223062613719,0.7530749049602008,0.7515735927439109,0.7530749049601706,California
104,0.41780710426438505,0.7439763774462953,0.7648250177455692,0.7422612537163391,0.7415302362619207,0.7408490670930943,0.7415302362618976,California
105,0.3064786851093612,0.6269595204263406,0.6591761689549653,0.6249474917221054,0.6243067667407709,0.6220086915452031,0.6243067667407534,California
106,0.3228931431283033,0.6448719178709927,0.6863870094083726,0.6433922231928941,0.6424931905209088,0.638871886285758,0.6424931905208955,California
107,0.35503295351636,0.6726232311213276,0.7086295880360738,0.6715024911950497,0.6704200037124853,0.6685928218977257,0.6704200037124752,California
108,0.34999270616250616,0.6595407350936227,0.6942950821804962,0.6583352263404441,0.6573095317139246,0.656448488244533,0.6573095317139169,California
109,0.40714234391920745,0.7171013404149809,0.7485311492292368,0.716435686655014,0.7152717381007744,0.7155738743175751,0.7152717381007686,California
110,0.43471104120601006,0.7436975272521756,0.7718018778879137,0.7433047630839748,0.7420682966894624,0.7430533830000431,0.742068296689458,California
111,0.40335849355292236,0.7089585805330917,0.7356462960996537,0.7084989133164108,0.7073480374457374,0.709383623418702,0.707348037445734,California
112,0.3659469828030425,0.6700486976621285,0.693917702007737,0.669122013818711,0.6680700528032546,0.6705893216438132,0.668070052803252,California
113,0.3676460231945455,0.6730894470430181,0.6960558304931924,0.6720667400192508,0.6711298032940448,0.6734726162196409,0.6711298032940429,California
114,0.3527029382016871,0.6538642640751635,0.6914353280605153,0.6525351200725145,0.651660908708646,0.6551451897882814,0.6516609087086447,California
115,0.25532162359259153,0.5542847924654837,0.6004033898370931,0.553092364094963,0.5522273393359343,0.5537179311788842,0.5522273393359334,California
116,0.118478900982325,0.41233943751653357,0.45536559972159546,0.41127122886841516,0.41000056295632337,0.4099706125170651,0.4100005629563227,California
117,0.04428016200313331,0.33399741186845233,0.38372276246710896,0.3328877701691377,0.33170656422486716,0.3303466975951257,0.33170656422486666,California
118,-0.03026510763180945,0.2594285959570817,0.3079293088301791,0.2582874391365876,0.2571742789105347,0.2548028413563383,0.25717427891053435,California
119,-0.021086629061199236,0.26253939726700964,0.3045077393719777,0.2610457082880885,0.2601067300986637,0.2573115174919454,0.2601067300986634,California
120,0.08888476050088925,0.3719394531414752,0.4096818620260014,0.3705267741553642,0.36949782142084886,0.3656834272453027,0.36949782142084864,California
121,0.12103298863394174,0.4010429742433227,0.43220317943807135,0.39979386626428537,0.39842425710542445,0.39338190099154347,0.3984242571054243,California
122,0.10916156955714373,0.3844393403458166,0.4101198887882287,0.3836027782911319,0.3820169526524423,0.37577686558930745,0.3820169526524422,California
123,0.15387609432753724,0.4286439604264401,0.4522538634732761,0.42784707495906704,0.4260617595436384,0.42013685246494503,0.42606175954363834,California
124,0.18397748365492697,0.4547007871507689,0.4766305671321578,0.4539581904091994,0.4521782409776838,0.44546666301853255,0.4521782409776838,California
125,0.18628232178183035,0.4503017468072799,0.4695464232772501,0.44962015968081676,0.4479765462762642,0.44121618734943513,0.4479765462762642,California
126,0.1647242310256159,0.42906219380143373,0.45458590446432,0.42857841397336105,0.42703021045836365,0.4193214738177392,0.42703021045836365,California
127,0.198272028850777,0.459067407704315,0.4901798429156535,0.4584385213411918,0.4568727235477772,0.44938640530678514,0.4568727235477772,California
128,0.3059609055641692,0.5634154966070848,0.5918242894524195,0.5626936761355453,0.561048158123163,0.5548915085299182,0.561048158123163,California
129,0.3074575694874113,0.5610391493858295,0.5866690738985191,0.560059164271062,0.558482200276305,0.5541116035432316,0.558482200276305,California
130,0.14922241815118173,0.40287915826124343,0.42383079029051574,0.4024609324471108,0.4006324088106716,0.39593360071032946,0.4006324088106716,California
131,0.02858234043390262,0.2820325783862396,0.29799156188108056,0.28173914884145884,0.2795903460349123,0.2737173482386013,0.2795903460349123,California
132,-0.04937810745040094,0.19986303816437012,0.21397791735800717,0.20029231400316178,0.19784863522293816,0.1915774294933827,0.19784863522293816,California
133,-0.08136710576678569,0.16327423907517602,0.17699346295610727,0.1641834848868404,0.161593303259173,0.15586864273630077,0.161593303259173,California
134,-0.05016758482166994,0.19059534252381866,0.20606173966975766,0.19157417329427567,0.18885263279421075,0.18404275819868338,0.18885263279421075,California
135,0.02041572878859363,0.25758754387716576,0.277668809419633,0.25837712429485504,0.2557438277728561,0.24961112222835863,0.2557438277728561,California
136,0.09410815583485269,0.33082268114700586,0.350811011993712,0.3313080732110567,0.32871322878949855,0.3226756973822154,0.32871322878949855,California
137,0.17132075104334077,0.4042503246252954,0.4216852733109704,0.4044664837925302,0.4019003684555601,0.3951649321909251,0.4019003684555601,California
138,0.17585591307777163,0.4045184211531747,0.420079909088781,0.40455872111790014,0.4019834572066685,0.3961137032926808,0.4019834572066685,California
139,0.09311623973329866,0.3204416098448629,0.33575049730355344,0.32050724502261796,0.3179427153701521,0.3127275078759254,0.3179427153701521,California
140,0.010199319111499405,0.23111488615725764,0.2453264796707574,0.2309599546972358,0.22847536296563656,0.22092043430638458,0.22847536296563656,California
141,-0.08810074612092311,0.13002910936337106,0.14077097079944886,0.1294328152247506,0.12727815990818628,0.1210043520205952,0.12727815990818628,California
142,-0.08181077649374185,0.13556548183155673,0.15266305506743127,0.13516945378143302,0.13344978782736566,0.1286777565594425,0.13344978782736566,California
143,-0.0035068911714928874,0.20992355003528154,0.24969323562603363,0.20951451582617048,0.20818815717525735,0.20142338459868883,0.20818815717525735,California
144,-0.008923911857484201,0.20367463748070763,0.2551705835560071,0.20347608736549586,0.20214440793159572,0.19553375744725143,0.20214440793159572,California
145,-0.048603344013368466,0.16000517085254135,0.20212382616489716,0.1602540137280048,0.15851276674567155,0.15299310588617174,0.15851276674567155,California
146,-0.06686051316911679,0.1378797616588861,0.1715651517447519,0.13860038389505763,0.1365543380251984,0.13092715601387495,0.1365543380251984,California
147,-0.027286356060455763,0.1776823507607636,0.2063382338276754,0.1783795042312068,0.17609361666011725,0.17129106497247848,0.17609361666011725,California
148,0.058357503150850615,0.2587931273070584,0.2834825757573885,0.2593490373413478,0.25684524353110916,0.25253894812774147,0.25684524353110916,California
149,0.13913480518516386,0.3375758413535255,0.3582318379823778,0.3378948078916568,0.3352915795564214,0.33033084876819785,0.3352915795564214,California
150,0.1728448463812598,0.3654883590190512,0.39349695962430675,0.3656733872814586,0.3630580213241675,0.35832724109774716,0.3630580213241675,California
151,0.14798094678756488,0.33353800190565047,0.38154976515660477,0.3341761175395484,0.33158795491661563,0.3265498631082654,0.33158795491661563,California
152,0.17831041115377905,0.36308525253518836,0.420559690842484,0.36346570138090173,0.3610631890612451,0.3535008381269721,0.3610631890612451,California
153,0.2004478153819813,0.3858516516222035,0.43574248499984114,0.385840685403085,0.3839410430323744,0.37993489420272136,0.3839410430323744,California
154,0.07690093242836646,0.26047135171142777,0.3052899847981274,0.2603448701920056,0.2588720653648402,0.2540184865727583,0.2588720653648402,California
155,-0.0030887025871716434,0.17824604403188593,0.22083050658115608,0.17819825525778948,0.17702958273931538,0.17179597389404155,0.17702958273931538,California
156,-0.07440973268068868,0.1034992061259137,0.1415341183017697,0.10419159152431728,0.10256147466070586,0.0981880460337893,0.10256147466070586,California
157,-0.10738709406294836,0.06839157785836684,0.10499700317270678,0.06888240943536704,0.06719035898814382,0.062045892500128375,0.06719035898814382,California
158,-0.08166853024365467,0.09075205094245214,0.1286351714654393,0.09108957512542004,0.08935041628679792,0.08361947714169105,0.08935041628679792,California
159,-0.018073383633845724,0.15138705323829865,0.1896367065426242,0.15158046411268344,0.1495437643161487,0.14374874255796768,0.1495437643161487,California
160,0.052759073637205334,0.21724240943384443,0.2516395642124826,0.2179342042844622,0.2157034185836953,0.21001368057403583,0.2157034185836953,California
161,0.10513709300414192,0.2675195176988714,0.29666670957373986,0.26833385732665616,0.2659173759455657,0.2603365434270563,0.2659173759455657,California
162,0.13383786003884232,0.29140970906062935,0.3185511358419373,0.29205728050617574,0.28949659574101705,0.28423475286672384,0.28949659574101705,California
163,0.15215312102192854,0.3088330972471628,0.3457255759751557,0.3092206232827172,0.3066966682833186,0.3014970691045633,0.3066966682833186,California
164,0.12300092742871577,0.27006927748138254,0.3266872174194856,0.2709031362313674,0.2683550267931165,0.263633221436108,0.2683550267931165,California
165,0.13481952907095385,0.2796497466739113,0.3473958832762096,0.2805500364780993,0.27804958379439215,0.2726129180828275,0.27804958379439215,California
166,0.20825499736243963,0.35387980715799694,0.4156337892126233,0.354485407927401,0.35195474637028734,0.3458408459986929,0.35195474637028734,California
167,0.23601409689165193,0.3816456497188784,0.42977146549801815,0.3814055750890668,0.37937600792153103,0.375300983190348,0.37937600792153103,California
168,0.1959511018027858,0.33806207421359724,0.37751134318085844,0.3378840027497389,0.3362756423448078,0.3315162048704282,0.3362756423448078,California
169,0.2766305108112715,0.41724651240643695,0.4646938610476381,0.4167910543407986,0.4153398440120088,0.41203931399649313,0.4153398440120088,California
170,0.2733290312544872,0.4090281267512933,0.4667239845770951,0.4087813210006898,0.40733429120689757,0.40277685813920383,0.40733429120689757,California
171,0.27342645200879345,0.40453083240483934,0.4555448455559599,0.40407560356640304,0.4024634633391483,0.39705920708395825,0.4024634633391483,California
172,0.25981099867533675,0.3888944849375028,0.4307024269202009,0.3888827045556533,0.38715432431842983,0.38229551044245097,0.38715432431842983,California
173,0.23776040378334906,0.36659164440643427,0.3997460316297227,0.3665282341314874,0.3645105657941076,0.3602540520039842,0.3645105657941076,California
174,0.21721152187759415,0.34653454555827634,0.3726058960398375,0.34643288759007906,0.34420560767585107,0.3408971837883158,0.34420560767585107,California
175,0.2536065722657397,0.37915462379920006,0.4011654745336398,0.3789329112841522,0.3766155908126766,0.3740301731609249,0.3766155908126766,California
176,0.3278468165912549,0.4477646968488558,0.4784071404448865,0.44721546709263027,0.4450442814994382,0.4439065559333769,0.4450442814994382,California
177,0.3420410844787707,0.4588690444886568,0.5159908327114151,0.45800509648446663,0.4562083222497797,0.45552979168989416,0.4562083222497797,California
178,0.3827350370980171,0.4980726732685448,0.5629993786166775,0.49676973995867624,0.49529250095723537,0.4963516089951029,0.49529250095723537,California
179,0.4818125714097484,0.5928157849856368,0.6424219924053605,0.5917375984778099,0.5903651952385691,0.5915404283110994,0.5903651952385691,California
180,0.48294552683354275,0.5896103320092747,0.6418506403956001,0.5882178823182016,0.5870617581059249,0.5881809136481253,0.5870617581059249,California
181,0.45729390627113803,0.5632507370707615,0.6192705235060567,0.5618155369283939,0.5608160966463511,0.5619321697328887,0.5608160966463511,California
182,0.43930189666978814,0.5414963847010039,0.5876128474065565,0.5397982855108521,0.5388967411508401,0.5401651636729434,0.5388967411508401,California
183,0.3886364469264253,0.48708701552850364,0.5290434065579084,0.48564041228598864,0.48454894342945676,0.48625764333204713,0.48454894342945676,California
184,0.38410654828879554,0.4815947368265616,0.5190122336799258,0.48057652871443657,0.4793034505907446,0.4818037252329832,0.4793034505907446,California
185,0.3839541625604064,0.47729291373901256,0.5105269256045326,0.4765970005162917,0.4751312621736309,0.4780764642772102,0.4751312621736309,California
186,0.4015915275291524,0.4902703641105548,0.5205087084405076,0.4899099875788434,0.4883208535754471,0.49149927590971887,0.4883208535754471,California
187,0.3608674340145194,0.44573829223117334,0.4691800231612274,0.4451126976694033,0.44351856044505755,0.4470871722318162,0.44351856044505755,California
188,0.3313732002831935,0.4124664586434752,0.4312399881557279,0.4119054778789263,0.41022723523555393,0.4127931995384805,0.41022723523555393,California
189,0.3076156185115514,0.38901476075309094,0.4044314139500895,0.38887133575247346,0.3870569829960495,0.38939641595166286,0.3870569829960495,California
190,0.17113111112576423,0.25123206608877025,0.2889038215684841,0.25158554172644904,0.2496290138436501,0.2498313939692604,0.2496290138436501,California
191,0.07823346963567981,0.1545231054295015,0.21015975027782102,0.1553223735084566,0.15323334771311314,0.15050092990470187,0.15323334771311314,California
192,0.06222057998363617,0.13554307824465756,0.18040360058889005,0.13562437984454945,0.1338646636663573,0.13145396500766615,0.1338646636663573,California
193,0.14573817335774406,0.21599942789818216,0.25754612588616205,0.2158768161937523,0.2141346468923984,0.21020184475248882,0.2141346468923984,California
194,0.1569046141148368,0.21560791143398728,0.26205978698406385,0.215524461768142,0.2137945606027282,0.20966557926920232,0.2137945606027282,California
195,0.1219820063720628,0.1805292832438313,0.22679727042384845,0.18005189069573418,0.1784609759367099,0.1743740563907773,0.1784609759367099,California
196,0.12751096499410416,0.18373398881193212,0.22146115104873565,0.18332678878449898,0.18159203297408624,0.17593778027428147,0.18159203297408624,California
197,0.1584638157145481,0.211857729040507,0.24352856996947098,0.2120203291748778,0.21002587322990368,0.2042775583436957,0.21002587322990368,California
198,0.1525407944404684,0.20348833422019946,0.22826189260607357,0.20362628613495246,0.20149172273774596,0.19472403480628792,0.20149172273774596,California
199,0.12173219497561028,0.17373173044670506,0.1942171734059324,0.17370940911418956,0.1714774279991287,0.16540307751008257,0.1714774279991287,California
200,0.1355499281503751,0.1827804743626028,0.20468431938044906,0.18258995439680298,0.180338528037036,0.17368453170511144,0.180338528037036,California
201,0.13876286640010577,0.18684226492146924,0.20945323976580368,0.18687568732496412,0.18464701726438015,0.17568219255221842,0.18464701726438015,California
202,0.12395194827634687,0.1695632202929481,0.1898893176492341,0.1693331060626268,0.16719390341378346,0.1587032658506863,0.16719390341378346,California
203,0.26193479535891073,0.30498102589060605,0.32285340707912724,0.30422967766379055,0.3024719231712261,0.2958498352607354,0.3024719231712261,California
204,0.3721028201981346,0.41051940428087774,0.4264028253360623,0.4104968133100727,0.40849728056144513,0.403618279972467,0.40849728056144513,California
205,0.38330432361350614,0.4137671636061573,0.44060598762295844,0.41360700589149857,0.4116820540772518,0.4085425068798955,0.4116820540772518,California
206,0.3852250478101308,0.41761233338057424,0.45270103995065786,0.41745339868906295,0.4158462372854777,0.41389138495390176,0.4158462372854777,California
207,0.4043910461243831,0.4328346326126462,0.4650171355396361,0.43256890495986733,0.4311578691700605,0.42996990550513464,0.4311578691700605,California
208,0.3612910699843599,0.389892113534966,0.4199003598587492,0.3891791629144725,0.38790655725318013,0.3875169731800218,0.38790655725318013,California
209,0.33260938205832885,0.35932380491664667,0.38507218674245824,0.35829234406377386,0.3570244579575495,0.35796368075313056,0.3570244579575495,California
210,0.34103399149196634,0.36188383361737064,0.38529238545158373,0.36092438865661625,0.35960477142136793,0.360664391061012,0.35960477142136793,California
211,0.30593029008353484,0.3239261650731498,0.3444592291139641,0.32277498707045077,0.3214459381559447,0.3225165037106682,0.3214459381559447,California
212,0.21107767587783588,0.2282975740148809,0.2511499062537165,0.22719254054204935,0.22565970722349996,0.2256696833602633,0.22565970722349996,California
0,0.4530180251819464,0.4530180251819464,0.4530180251819464,0.4530180251819464,0.35728296679113436,0.4530180251819464,0.4530180251819464,Mexico
1,0.4036555076440521,0.44470887382035995,0.4813861963179566,0.4372405849288099,0.3649338815117828,0.44377919955751455,0.44507706644280365,Mexico
2,0.3598589086324936,0.4349390101472435,0.5424292059758286,0.41432867700597853,0.36867126197595185,0.4333645415102627,0.4357619411780051,Mexico
3,0.2736203063325621,0.3773246223616565,0.497755225141455,0.34540949142848154,0.32251282073380866,0.3764123037468508,0.3786767882585204,Mexico
4,0.25602390931229474,0.3854202479951908,0.546644132705462,0.3394006094880941,0.3400543024138589,0.3847528890512648,0.3870711352382364,Mexico
5,0.2955908470204145,0.44625055943961256,0.6297374130086516,0.38878698336020967,0.4087978850866988,0.4461230906331932,0.44815732969614197,Mexico
6,0.39955171161422226,0.5667417896198687,0.7387755891218623,0.5026694018665175,0.5361752798241578,0.5671506264387047,0.5691244554045387,Mexico
7,0.4404843725077191,0.6224197432373701,0.7784568845699485,0.5583237853274127,0.5975614577716134,0.6258097330557069,0.6251443716617727,Mexico
8,0.4078174713614163,0.6024178444042297,0.7403642931204041,0.5370308142004805,0.582178661225009,0.6049843555645917,0.6052692886920271,Mexico
9,0.4503968562691924,0.6557960916543051,0.7781356576244765,0.5927551339590639,0.6390447932624846,0.6562707878551798,0.6583747697451663,Mexico
10,0.4503411905547403,0.6616885315721777,0.774383103726935,0.5976835592026519,0.6483608318565282,0.6622857185141411,0.6645426351165188,Mexico
11,0.4603648996500716,0.679509149796532,0.7871846346504981,0.6107781489398376,0.6691007457370417,0.6795956269990746,0.682647102452977,Mexico
12,0.43433097977562396,0.6580285883480292,0.7614516800122163,0.5849489703280918,0.6500625673029513,0.6576344518107029,0.6614026990130603,Mexico
13,0.4709043551576241,0.7006572241055853,0.8147283667382154,0.627776135485145,0.6940452737438535,0.6989878141980168,0.7035384968959754,Mexico
14,0.40510736767085814,0.6372670344670885,0.7638805192723407,0.5686337430897863,0.6325184428421313,0.6370409609353674,0.6404655538739764,Mexico
15,0.3925743055582729,0.6260067888058085,0.7906733527211339,0.5549094511644413,0.6225608981992065,0.6273563424055972,0.629213704389521,Mexico
16,0.5132734205942953,0.7484651864769982,0.9120441671495315,0.6756109747176029,0.7462858130647995,0.7512183923899961,0.7518551111441307,Mexico
17,0.6195818884148556,0.8570636212470039,1.00759270465287,0.7864522735369728,0.8559867990531408,0.8610084895854251,0.8606490543795622,Mexico
18,0.5935468563364066,0.8312750702577132,0.9702053421499915,0.7672578841097694,0.8310193337753139,0.8354230162541306,0.8349222717073692,Mexico
19,0.5031179819910909,0.742494651535274,0.8644842965318328,0.6836683819054252,0.7428544549935179,0.7468208710514348,0.7461217416251937,Mexico
20,0.5694763376524732,0.811156470596104,0.918063325843836,0.750682836033514,0.8122166518389157,0.8168147224238766,0.8149518124075353,Mexico
21,0.5909547275165264,0.8326961980968572,0.9348522093064928,0.7681672043977171,0.8341471308003489,0.8388631206603361,0.8364368299236531,Mexico
22,0.6324418855204422,0.8758509302262892,0.9703211857907487,0.8077714694157914,0.8771667498820843,0.8811568703277676,0.8790835375600765,Mexico
23,0.6900642235223946,0.9327278810474305,1.0212639854645753,0.8645288588988047,0.9340642405923775,0.9388843224661353,0.9356688509820607,Mexico
24,0.7102399937362613,0.9518074618682816,1.0408678825322897,0.8903325062412619,0.9533065469639853,0.9579928048197421,0.9546498227645562,Mexico
25,0.7645820601695247,1.0064125815205684,1.0934273932677252,0.9515730255512422,1.008400928226116,1.0131289018563352,1.009525431649502,Mexico
26,0.6712708752480318,0.9129881209106584,0.9938305019163635,0.8669580658488419,0.9152037442482756,0.9200651653765379,0.9161451056192385,Mexico
27,0.4932470620176371,0.7363748136607445,0.8151145092651702,0.6951742619197214,0.7388589376703685,0.7420466937863436,0.7396469843870898,Mexico
28,0.45103629973176246,0.6932284107236759,0.8241732560975595,0.6438379486910122,0.6959375864633203,0.6988703186693,0.6965972880900186,Mexico
29,0.47504457577783377,0.7156088881271344,0.8748209985767063,0.6499483642290499,0.7186845694666223,0.7247131748695788,0.7192368289038282,Mexico
30,0.48649067243048083,0.7268833024863413,0.8840522015185415,0.6498305388094063,0.7301974637499709,0.7366741815209178,0.7306597795509935,Mexico
31,0.5275497270298903,0.7681635530524021,0.9175065640511056,0.6882026363720792,0.771356159839151,0.7785954184478312,0.7717431806584901,Mexico
32,0.602800742735417,0.843788734165346,0.9838288069173893,0.7599743205146372,0.8472435213426412,0.8545920611738745,0.847567510084256,Mexico
33,0.706783054239502,0.9481807981025909,1.0715217931709158,0.8614508095308454,0.951447384966579,0.9580186127922721,0.95171860733873,Mexico
34,0.7478610171419,0.9894806264892623,1.1034085893720056,0.9028174278949972,0.9929207432874511,0.9994047881035458,0.993147793075628,Mexico
35,0.681117823808038,0.9237790422893003,1.0284646788374796,0.8413184444801782,0.9269342105406069,0.9333983051451895,0.9271242819049353,Mexico
36,0.6438308516643985,0.8870677383389285,0.9893355569279162,0.8017201973760897,0.8903467113585364,0.8953881509722157,0.8905058267835178,Mexico
37,0.5378743522345905,0.7798480822395392,0.8717084985934804,0.6926627443298629,0.7833030701349311,0.7878905779515785,0.7834362712541867,Mexico
38,0.5296412481445227,0.7709307169819273,0.8732773116159137,0.6961801870173308,0.7742080706272455,0.7776656788583209,0.774319577969623,Mexico
39,0.5842811555407857,0.8254344162678232,0.9481127689050107,0.7493888902468362,0.8283261400955331,0.8304653773371646,0.8284194868141912,Mexico
40,0.4616779208965133,0.7034878617119547,0.8194035669169568,0.6387405248494012,0.7066658345087822,0.7077104597324658,0.7067439783305113,Mexico
41,0.45317255050063904,0.6941372911038083,0.8001722343322867,0.6275300577764021,0.696922311203742,0.6977303840850875,0.6969877281456788,Mexico
42,0.41079621173813585,0.6510701073293246,0.7470720317158928,0.5755780722277948,0.6540585943774431,0.6555665570230006,0.654113357200628,Mexico
43,0.3210495269179403,0.561315328869208,0.6464058062621203,0.4800126868595063,0.5641423972781386,0.5647622286367983,0.5641882411637499,Mexico
44,0.25132354849077343,0.4905801779854462,0.565124022235978,0.40543425413794715,0.4931878333418096,0.49273458114402446,0.49322621087104757,Mexico
45,0.1823052646940312,0.4228298817882806,0.48792199677772774,0.3358287103768743,0.4251858407839598,0.42353284501655825,0.42521796796364314,Mexico
46,0.18301278661710257,0.4241849896407359,0.4867883987515057,0.33559045026627654,0.4262940138542757,0.4243000384069352,0.4263209086464861,Mexico
47,0.203986312128289,0.4444270540219016,0.5081368581624809,0.3594100517790076,0.446946667856214,0.44406018241035533,0.44696918243281775,Mexico
48,0.27089496246686473,0.5110413218085574,0.5807202793196331,0.4299399484418659,0.5133976459318206,0.5097756967649322,0.5134164936758625,Mexico
49,0.24650409366476028,0.4870410493344617,0.5669999349336904,0.4016230604812471,0.48952388866241336,0.486087919865734,0.4895396667719344,Mexico
50,0.20448625955945215,0.44408948811939764,0.5757325138502709,0.3560355798690508,0.4466360606331259,0.4429606373135363,0.4466492690436127,Mexico
51,0.287988496495876,0.5272066862232968,0.6827589617848769,0.4320771836244435,0.5297347745268589,0.5262706140103787,0.529745831751893,Mexico
52,0.32891230896850965,0.5680716891555059,0.7564161676702973,0.4690322175750759,0.5709417688010862,0.5674096588194125,0.5709510251931084,Mexico
53,0.4042195705065481,0.6418874803550468,0.8245325210481722,0.5495426375430735,0.6450587820922776,0.6421262460235644,0.64506653094364,Mexico
54,0.3985763350945331,0.6355328755577687,0.8001468193300297,0.5515314282639389,0.6389873171477104,0.6379636801857834,0.6389938039837575,Mexico
55,0.41361636221287945,0.6491833679248532,0.8018039435528415,0.5723243424634628,0.6526373844559723,0.6521168710103447,0.6526428148146066,Mexico
56,0.46594082678268983,0.699458800207655,0.8434008993722257,0.6227135688926128,0.7030639185611547,0.7035599649065717,0.7030684645053844,Mexico
57,0.47139915051873926,0.7054160491128878,0.8427397204302162,0.6300864622010527,0.7087350942550084,0.7086767293662213,0.7087388998248301,Mexico
58,0.43378270452249396,0.6668164696054661,0.7944710500515423,0.5947282567813503,0.6703463268933976,0.6712957101487353,0.6703495126697592,Mexico
59,0.43558921457040184,0.6694442066746643,0.7859416845107227,0.5990965353437657,0.6727306486298805,0.6732683543213248,0.6727333155553349,Mexico
60,0.4506252498989882,0.684803787310202,0.7976271536190775,0.6134101267877128,0.6882126089348437,0.6893521563102023,0.6882148415119527,Mexico
61,0.4911411316764099,0.7248938329795542,0.843626914421728,0.6544835328705079,0.7284468688337491,0.7296669443713287,0.7284487378025795,Mexico
62,0.5793678439968102,0.8132253227525628,0.9323142370915414,0.746509543134831,0.8169624860854805,0.8184596984346818,0.8169640506650307,Mexico
63,0.64944769703888,0.8818959810603263,1.0009834419941197,0.8251699227128411,0.885807951064176,0.8879288932883238,0.8858092608287528,Mexico
64,0.6037039207757483,0.8345907890410859,1.007951159902532,0.7824185489961276,0.8386345502696588,0.8413863576325842,0.838635646719658,Mexico
65,0.4787837912829333,0.7094920737511675,0.8943556083571355,0.658838568398831,0.7136338615129071,0.7171878619401467,0.7136347793897698,Mexico
66,0.42343497266379215,0.6520806584287308,0.8266925739695037,0.5877850309344874,0.6562188842646197,0.6590566066145824,0.6562196526516286,Mexico
67,0.4561627555993817,0.6839048637597476,0.8451375072707601,0.6099279240225962,0.6877124903390485,0.6896959427224689,0.6877131335828421,Mexico
68,0.4596320665136498,0.6864224641654779,0.8370271940783467,0.6067036090034572,0.6902183889064645,0.6916025354766422,0.6902189273884708,Mexico
69,0.3808111549072248,0.6065233999431513,0.740457845311414,0.5244884082660051,0.6104789447900268,0.6097801956971213,0.6104793955722558,Mexico
70,0.2912583782807841,0.5178339424824628,0.6336499428299152,0.43382238618624935,0.521525424165078,0.5202633452039109,0.5215258015307385,Mexico
71,0.30468839625599425,0.5310799170476614,0.6416893350138849,0.4492397459729618,0.5349328201295513,0.5330246963271565,0.5349331360356199,Mexico
72,0.3232086398182472,0.5482056137735909,0.6605150858481751,0.46988427384771625,0.551750483648997,0.5498526081483196,0.5517507481050793,Mexico
73,0.3607825538369665,0.5845879647826865,0.7097138366701626,0.5024867335486102,0.588320360392623,0.5862309822931882,0.5883205817781119,Mexico
74,0.4754597274313782,0.696770799732445,0.8133426632850602,0.608400994803614,0.7005388766449769,0.6978560428753392,0.7005390619745571,Mexico
75,0.6012659813623756,0.8231033860280721,0.9233452458005745,0.744538060092419,0.8267662014732782,0.8248709891505007,0.8267663566191888,Mexico
76,0.6472621307218593,0.8679291907494293,0.9809351525146116,0.8018734879655867,0.871498322681967,0.8704450071577834,0.8714984525600662,Mexico
77,0.5610544911749009,0.7802464299677067,0.8982252647185893,0.7230231764222126,0.7839593504552619,0.7831446176232778,0.7839594591807872,Mexico
78,0.4659387644238698,0.6863680221400811,0.79565242547969,0.6202378970935142,0.6901527486763313,0.6896632374601654,0.690152839694293,Mexico
79,0.4058597836740897,0.6252364929450057,0.7254215393583858,0.550173253120415,0.6290035697843561,0.6303071404797751,0.6290036459786935,Mexico
80,0.3437757986053678,0.5620967216013175,0.6526846959759558,0.4839417828372799,0.565681420502635,0.5675149194026434,0.565681484287595,Mexico
81,0.269255110499985,0.4860136553863971,0.5693959834356593,0.40705331072988266,0.4890460251899437,0.4905669640416448,0.4890460785865774,Mexico
82,0.21792660031606778,0.43385049838954237,0.5134121910918182,0.3536530218816155,0.4364893989049887,0.43711560712813785,0.43648944360518904,Mexico
83,0.20363073132084192,0.4189734237590439,0.49790792187009064,0.33605712299895313,0.4216626515018833,0.4217145842981728,0.4216626889219934,Mexico
84,0.27809994770289337,0.4913871977120103,0.572240140865587,0.4106181552389523,0.4943888463531622,0.4943650213347503,0.4943888776788526,Mexico
85,0.3603497821933953,0.5715637656359602,0.6686428845404807,0.4870957539342593,0.5743727401588844,0.5743710100794825,0.5743727663827217,Mexico
86,0.27255294004270647,0.48195346598281114,0.5779176116017409,0.3936131977332613,0.48505606365651727,0.4842031402717891,0.485056085609414,Mexico
87,0.1520230382544901,0.36063611925790984,0.4530414550220201,0.26347322831578723,0.3632838005208304,0.36215077546750274,0.36328381889837247,Mexico
88,0.11656767248436611,0.32639121569398843,0.47002877798046905,0.23130185129587322,0.32878692397765524,0.32738992218321816,0.32878693936214215,Mexico
89,0.1913788050405795,0.40049645795343847,0.5578351648033836,0.3046345802530336,0.4029270777039359,0.4013124521306136,0.40292709058283094,Mexico
90,0.15635244349380373,0.36559522246566817,0.5072383428619085,0.2837087878724233,0.3684227313265829,0.36695494314350985,0.368422742107959,Mexico
91,0.18381102661058454,0.3922997855272248,0.521994484538489,0.3178851068724654,0.3954110316527508,0.3939792499426427,0.3954110406782201,Mexico
92,0.2955547661346709,0.5041224540730709,0.622351400949878,0.43116145929032806,0.5072763435404505,0.5055106013635142,0.5072763510959883,Mexico
93,0.43203041660939545,0.6394106532958979,0.7424504300301726,0.5650641947440882,0.6425663559734709,0.6411112001905863,0.6425663622984774,Mexico
94,0.4301638849696353,0.6386711760458206,0.7297924347749057,0.5686355964232854,0.6413241473533869,0.6404828195397649,0.6413241526482724,Mexico
95,0.4431001831488168,0.6520169598099039,0.7326619985219548,0.590889859978773,0.6545432191333791,0.653758111216098,0.6545432235659139,Mexico
96,0.38816790417164504,0.5965834939697349,0.6739878413643986,0.5453735476071078,0.5991017104842291,0.5989008032444194,0.5991017141948599,Mexico
97,0.26956579975569306,0.4769181089778956,0.5700734145102779,0.4334730144635199,0.47964545616632454,0.4792039445746197,0.4796454592726241,Mexico
98,0.33296682999534877,0.5394699145829583,0.6281793450386711,0.4851303738779768,0.5422441676204165,0.5410826280381136,0.5422441702208092,Mexico
99,0.4015663144906216,0.607506996466722,0.7199589673368693,0.5593573248514375,0.6106339750877349,0.6096616094453682,0.6106339772646151,Mexico
100,0.4689750791196271,0.6752593999267384,0.7991272279236084,0.6322283209472432,0.6783139828768213,0.6784612765453658,0.6783139846991644,Mexico
101,0.38221806698509786,0.5879120901928859,0.6987571288844974,0.5449709711413712,0.5909539318792377,0.5923654768769713,0.5909539334047852,Mexico
102,0.22883102794325144,0.4346086212224828,0.5290905837110901,0.382536556405941,0.43794864928870914,0.43886418015837664,0.43794865056579846,Mexico
103,0.14601812485003351,0.35019227117119744,0.4349983894241109,0.2864611281218013,0.35372195556428637,0.3540475251571278,0.3537219566333828,Mexico
104,0.08429303163194003,0.2886202489564281,0.36638304635226193,0.21736716908669845,0.292034963777164,0.2918006948885442,0.2920349646721422,Mexico
105,0.01990063908880277,0.22206942744128355,0.2904480045330558,0.14752158028827841,0.22557961503708046,0.22410794763358216,0.2255796157862982,Mexico
106,-0.01781412913546883,0.18414641054938402,0.24781757187769982,0.10603874496445141,0.18775609481911842,0.18557024233374375,0.18775609544631494,Mexico
107,-0.03379590302570426,0.1672101562250946,0.22805468632106057,0.0875452659789208,0.17034441787378501,0.16746105980425258,0.17034441839883324,Mexico
108,-0.06671468875895914,0.13354477193233438,0.1904593488913603,0.055884002786982315,0.13623155712603696,0.13272535794674917,0.1362315575655733,Mexico
109,-0.06581185175644855,0.13459401328713172,0.2241859157415878,0.059602626253496716,0.13723411933000768,0.13261038388047103,0.137234119697959,Mexico
110,0.054730256341761124,0.254227539511615,0.35824407253870866,0.19102361396951734,0.2567216141224909,0.25198548531243814,0.2567216144305159,Mexico
111,0.14043775421615662,0.33805135957970767,0.48289914183184274,0.26170352131384844,0.3408892248348527,0.337321635627295,0.34088922509271125,Mexico
112,0.05099371159962704,0.24749419424618,0.39178189999542773,0.1647803695762582,0.2501415518533737,0.24653831904587425,0.25014155206923616,Mexico
113,-0.028232137283237244,0.16860479259460687,0.29918121394685615,0.07493872544545976,0.17096349455971194,0.16794710163015308,0.170963494740418,Mexico
114,-0.0004214837272921712,0.19621249542921437,0.3240763717064616,0.1024641625287368,0.1986412571801336,0.19587263801378457,0.19864125733140892,Mexico
115,0.05067015357485974,0.2464089030749144,0.3685913693277647,0.15444901293041072,0.24920995736857024,0.24625713709232955,0.24920995749520816,Mexico
116,0.034890607459715006,0.22934777906035655,0.33987120617913436,0.1406033754540609,0.23240562912393822,0.22916827353544805,0.23240562922995125,Mexico
117,-0.007782246180758096,0.1862237678688553,0.28449390223581295,0.09628648879719832,0.1888748943153954,0.1850775116075989,0.18887489440414262,Mexico
118,0.0730169931646146,0.2681294095370697,0.35956332781519845,0.17719353245307423,0.27044005333697757,0.2661738522282382,0.27044005341127103,Mexico
119,0.12500967876292213,0.3186275394557203,0.40412962303465816,0.23052866610120715,0.3213145518876659,0.3181633750167075,0.32131455194985953,Mexico
120,0.1274805379719302,0.3207913818011798,0.40399980890733883,0.23998095660671048,0.32364507580426405,0.3191060552813996,0.32364507585632857,Mexico
121,0.14217864206118946,0.33363956991536386,0.4241145506864095,0.2527498803957596,0.33661109767860486,0.3325621531283478,0.33661109772218994,Mexico
122,0.16168862770907233,0.3524186348786457,0.46924014484225673,0.2677464853928884,0.3551224948089526,0.35045942708459105,0.3551224948454392,Mexico
123,0.17658386580365923,0.3663567408120381,0.5290129913072031,0.2835759667008713,0.36909268538335965,0.3640552088104629,0.36909268541390383,Mexico
124,0.23170454333119522,0.41995467065030473,0.5982597718418934,0.33087731738098,0.42301252638190784,0.4185922774331005,0.4230125264074775,Mexico
125,0.14891036838114363,0.3352335777226764,0.4979843981720814,0.251739382255966,0.338418161118121,0.3345124310091034,0.3384181611395263,Mexico
126,0.02477705199236646,0.21005387496825498,0.34942013118333787,0.11862072790185582,0.2132543000459776,0.20974542140508873,0.21325430006389665,Mexico
127,-0.020497155375175463,0.16420148501719406,0.2897164683444909,0.07184351242092,0.1670412690690506,0.16355597746135597,0.16704126908405126,Mexico
128,-0.006303899354192816,0.17798483247638255,0.2971976345090636,0.08858071140177864,0.18049267732885324,0.17732382956698922,0.18049267734141075,Mexico
129,0.07605267513895972,0.2593786190914644,0.3713444689909148,0.1670982000487219,0.2615845056672823,0.25837632278432,0.2615845056777946,Mexico
130,0.05361793911861398,0.23649520612349575,0.3363909586021735,0.14352610969468863,0.2390338360291777,0.23484778476693544,0.23903383603797793,Mexico
131,0.002107269392526631,0.1845813875100098,0.27499875566906284,0.09061882652978209,0.18721065491057343,0.18262475619069274,0.18721065491794042,Mexico
132,-0.0015373901587457384,0.1802785463899766,0.2651823945671307,0.09266462423059314,0.1829751092536303,0.17886715938547587,0.18297510925979749,Mexico
133,0.044038776268770785,0.22480802429910163,0.3077466588159959,0.14744629881490962,0.22763369837396097,0.22332242139614839,0.22763369837912373,Mexico
134,0.026919870982550997,0.20599234386234988,0.30856760425726537,0.13057816863414912,0.20900425582472615,0.2045037946845162,0.20900425582904802,Mexico
135,0.09649186148413241,0.27446688832545074,0.3898972591451946,0.19274578502253423,0.27726604638787133,0.272527751598442,0.27726604639148933,Mexico
136,0.15775718759359555,0.33458628860894557,0.474115709249565,0.2521133804637763,0.337701299058255,0.3328600814662211,0.33770129906128377,Mexico
137,0.26870636735315034,0.44403771471681497,0.5789283854120717,0.35647765741120696,0.44729785901960495,0.44280904463580834,0.4472978590221405,Mexico
138,0.29429255268675686,0.46752139273680504,0.6136161895017358,0.37570996000716606,0.47103699531142407,0.46746239503779713,0.4710369953135466,Mexico
139,0.3541406382860179,0.5265197103449298,0.6650996586642342,0.44668035382796567,0.5302311992239687,0.5281651368039907,0.5302311992257455,Mexico
140,0.44297629416684714,0.612776607989388,0.737694516954522,0.5456479982575115,0.6166779047490719,0.6158577294561582,0.6166779047505594,Mexico
141,0.3943129583918606,0.5628167978781535,0.6766509074058553,0.5053269576706391,0.5667981206368268,0.5666334957269608,0.566798120638072,Mexico
142,0.27667874222628885,0.44482938397940264,0.5452029177638673,0.39388841694541066,0.44879753194345684,0.44909698886586,0.4487975319444991,Mexico
143,0.23572679542653602,0.4032368384039361,0.4984335605414004,0.3579745911311514,0.40656501309896875,0.4070020887717031,0.4065650130998414,Mexico
144,0.20773130335615397,0.37463473921632867,0.4671554358885967,0.3332804769956263,0.3778952306418851,0.3793600122620573,0.37789523064261565,Mexico
145,0.25667647344569877,0.4221397160600815,0.5131638449555949,0.379428072426622,0.4252249598245835,0.4266103358008282,0.42522495982519515,Mexico
146,0.35974319101068003,0.5234558499353942,0.6074359431307366,0.482530341386519,0.5267902694908284,0.5282776050078875,0.5267902694913404,Mexico
147,0.3260283396963936,0.4898828822874528,0.6210776531354414,0.4557332957166993,0.4931362055574672,0.4951611233917302,0.49313620555789595,Mexico
148,0.25199654434240304,0.4143345048483905,0.6034993010981673,0.38124834151281933,0.4178197346774536,0.41901991999838334,0.41781973467781264,Mexico
149,0.32085051504474327,0.4818431305574423,0.6686647970665793,0.43300193515676266,0.4855151102284574,0.4864303352589882,0.48551511022875793,Mexico
150,0.39230655971947964,0.5513928512273225,0.7279702683586738,0.49355596663096685,0.5551941023003608,0.5563868336785208,0.5551941023006124,Mexico
151,0.43285394917446796,0.5907536868861735,0.7518734749664555,0.538245567436199,0.5942382307666974,0.5959462963795511,0.594238230766908,Mexico
152,0.4302210812442373,0.5871113485435242,0.7324824244318313,0.5381832321353353,0.5907056544062943,0.5926143178376367,0.5907056544064706,Mexico
153,0.45018036024364066,0.6069365171042878,0.7392241025145176,0.5551786694301056,0.6101986998799542,0.6125213979851166,0.6101986998801018,Mexico
154,0.48672667789774277,0.6425588556903283,0.7639274455543407,0.5914891078842437,0.6458834713975199,0.6479471373768425,0.6458834713976433,Mexico
155,0.5577566059261743,0.7123901163683046,0.8178981236648961,0.6616935959611874,0.7156746090575156,0.717746169058315,0.7156746090576189,Mexico
156,0.5998865087714251,0.7543588468949771,0.8504318923216484,0.7119225856762295,0.7578262988667439,0.7601391619806597,0.7578262988668305,Mexico
157,0.6165794086588642,0.7709492804227528,0.8618092514437656,0.7359415638523676,0.7745374373881011,0.777171164376059,0.7745374373881736,Mexico
158,0.6327967254623957,0.786579987588321,0.873956504289782,0.7577909670476777,0.7902691909496844,0.793171524373229,0.790269190949745,Mexico
159,0.6644912615927656,0.8177603460115882,0.8993819441205488,0.794124441443473,0.8213131051175889,0.823852259908037,0.8213131051176397,Mexico
160,0.5352406406290102,0.6872608624041177,0.7795174176895917,0.6677312590099571,0.690996627332911,0.6934293210902269,0.6909966273329535,Mexico
161,0.34070324864385965,0.4920001435366317,0.599600903484328,0.4740987796738326,0.495876888445114,0.49919926634814765,0.49587688844514966,Mexico
162,0.2535625651967004,0.40289622164762817,0.5636740663872791,0.36441804855367477,0.40643147310460037,0.4082561791060618,0.40643147310463024,Mexico
163,0.3021751200292947,0.45074751412349867,0.6175122492176146,0.39400779616634096,0.4541089255003875,0.4555174493035112,0.4541089255004125,Mexico
164,0.34725923857038554,0.4945454382356643,0.6453628043341854,0.4262048117444116,0.49767258285828775,0.49857350900176733,0.49767258285830873,Mexico
165,0.3284992079240505,0.47483430842437424,0.614182367455019,0.4077507725447834,0.47780181240929087,0.48048399320944113,0.4778018124093085,Mexico
166,0.29708710449504155,0.44281940967053307,0.5710549189677352,0.380377384247321,0.44571693438112486,0.448136258881351,0.4457169343811395,Mexico
167,0.19694998381246132,0.34157431447639863,0.4540939566819086,0.2823819647101276,0.3445537451019754,0.3461897336874525,0.34455374510198766,Mexico
168,0.19702173901244366,0.341036763654153,0.4405975338733574,0.2768950071215967,0.34354354673803594,0.34353267484163086,0.3435435467380462,Mexico
169,0.25209117982118057,0.39537378867240364,0.48958819215603977,0.3274012437882953,0.3980206680343629,0.39885964017998965,0.39802066803437147,Mexico
170,0.28638429363931406,0.4279747380424034,0.5204123120898276,0.36249362736132723,0.4308039455319682,0.4319013253314065,0.4308039455319753,Mexico
171,0.33185928799516945,0.47087963826856144,0.5673182510360978,0.4123079883611787,0.4739292982025433,0.47530489272193477,0.4739292982025493,Mexico
172,0.25611060814916675,0.39357096415580345,0.5304471989608485,0.3442427918846051,0.39675650294726766,0.3985894537032507,0.39675650294727266,Mexico
173,0.2721037208699289,0.4097541560574097,0.5548090085716616,0.35684325601985445,0.41264314315635375,0.4138557438405228,0.41264314315635786,Mexico
174,0.24486964630360866,0.38203753233984383,0.5748806191930435,0.3302595770257619,0.3852166330445461,0.3864670068763666,0.38521663304454956,Mexico
175,0.12226094463330892,0.2571394200690361,0.45244344221970434,0.19919020907508733,0.260378731287273,0.2630800023109522,0.2603787312872759,Mexico
176,0.14039505778867406,0.27226231522014693,0.44562708704818177,0.20231721013813736,0.2750181457484356,0.27888924173094626,0.275018145748438,Mexico
177,0.22405827519454516,0.35383729489791266,0.5063288657243556,0.2778499330151905,0.3562986802446311,0.3602922502527702,0.3562986802446332,Mexico
178,0.2513070921103592,0.3800100157181408,0.5208656522875221,0.30636115949591836,0.3820957217799812,0.38587603225541967,0.3820957217799829,Mexico
179,0.24006094412219936,0.3653547698271006,0.5011121378767314,0.2919385975142999,0.367462832370058,0.37081419989141695,0.36746283237005944,Mexico
180,0.24360092094921296,0.3658222725079475,0.49196978298451555,0.2916141015743306,0.3676247965258849,0.3700257829202568,0.36762479652588614,Mexico
181,0.210601737639693,0.33135561296112714,0.44339770763778125,0.25719463587068014,0.33288346457694706,0.33569789819356755,0.33288346457694806,Mexico
182,0.20751220935813405,0.32468734113539355,0.43623924296721595,0.24732283842400243,0.3261641132044589,0.3290359107656283,0.32616411320445976,Mexico
183,0.1268194874052714,0.240100577607749,0.35109910738336425,0.1602615699751132,0.24188988636457143,0.24364514344244,0.24188988636457215,Mexico
184,0.15114606128398722,0.2625958534068017,0.3816476626059049,0.18006727502682843,0.26430396111200105,0.2647545853315263,0.2643039611120017,Mexico
185,0.18955867900414075,0.2973876873859881,0.44991464814774673,0.20449397068408182,0.29948700164815056,0.2999856073725821,0.2994870016481511,Mexico
186,0.21071264510782603,0.314756601194858,0.5044290788702186,0.21914840784255873,0.31685167049657254,0.31874589607134074,0.31685167049657303,Mexico
187,0.17533976336185828,0.2748090551707254,0.4780416538239497,0.18439551570338328,0.2772209301351194,0.279429562479803,0.27722093013511984,Mexico
188,0.07919766759986945,0.1748338958941929,0.3561449281045181,0.09291582522342491,0.17697157885688203,0.17999031037245203,0.17697157885688236,Mexico
189,0.07888060868003097,0.1735980714494517,0.3343882392298852,0.09529541635128294,0.17538760105211113,0.1793745241712995,0.1753876010521114,Mexico
190,0.0895299856195789,0.18220717361898914,0.32945886289672827,0.10171459033915026,0.18389069103651817,0.18782639028602854,0.1838906910365184,Mexico
191,0.1268082087507299,0.21602740156494343,0.3557898874849593,0.13600090780230412,0.21774362497265504,0.2215005158987325,0.2177436249726552,Mexico
192,0.10094276233479522,0.18696190223521225,0.31320677619363363,0.10684014549769873,0.18846789618859838,0.1917525458291421,0.1884678961885985,Mexico
193,0.12518614512008217,0.20797095896272025,0.3247659071390637,0.12693323220288746,0.20931355934843118,0.2118000840547821,0.2093135593484313,Mexico
194,0.18844582206987207,0.26454555499948124,0.37964703066938893,0.18110052772921442,0.265928919611315,0.26811801086655423,0.2659289196113151,Mexico
195,0.279063807528612,0.35267645555860827,0.4578478219354667,0.28139128610656894,0.35424182762789436,0.35635652202486345,0.35424182762789447,Mexico
196,0.20509331818802146,0.2757671745059922,0.3683946972756806,0.2154097865438114,0.2777988245817793,0.2801780862246111,0.2777988245817793,Mexico
197,0.13673291013174643,0.20441524919657386,0.3345240971657396,0.13971977046271386,0.20628288373834877,0.2093508462690323,0.20628288373834877,Mexico
198,0.22584017359448058,0.2900000362517171,0.4363506249457968,0.21099022194306685,0.2922056874108624,0.29548919221919356,0.2922056874108624,Mexico
199,0.3439537786537094,0.40644391998978147,0.5378408782070238,0.32905500261628373,0.408739173755697,0.41245811147628186,0.408739173755697,Mexico
200,0.37624631006542003,0.4344826955453559,0.5595726060384302,0.3663709706729006,0.436994670730365,0.44063011120333356,0.436994670730365,Mexico
201,0.36570641098108225,0.4213810156711453,0.5375203935295341,0.36038462043164815,0.4241609327048299,0.42794687424245226,0.4241609327048299,Mexico
202,0.35106658678624736,0.402887495503406,0.5089111631702071,0.3465116678233751,0.4059722983572018,0.40956076682243936,0.4059722983572018,Mexico
203,0.32760637204228227,0.3758720798767868,0.4777441065435498,0.3204782833457016,0.37899839750641606,0.3821747976717488,0.37899839750641606,Mexico
204,0.3265139918967495,0.37070265283339743,0.46846590851503656,0.3132579180210836,0.37387888253258716,0.37703732009366236,0.37387888253258716,Mexico
205,0.26134347761551774,0.2999186816501074,0.3871093170242766,0.23868526825592884,0.3031657028456225,0.3064178962450931,0.3031657028456225,Mexico
206,0.19713238101200733,0.23377048337353445,0.3212667806336459,0.1651262694044321,0.23702890754295303,0.23929062812523855,0.23702890754295303,Mexico
207,0.10360236318667937,0.1367379605853637,0.23086416778129654,0.06216171486577303,0.1402582627110499,0.1410784951178261,0.1402582627110499,Mexico
208,0.004077264520914767,0.03512392527829722,0.13644784334604576,-0.04653984755963809,0.038563173482483615,0.039299348604560275,0.038563173482483615,Mexico
209,-0.09541447296511149,-0.0669139067843898,0.05596741217014031,-0.15887984896127683,-0.06383084402644798,-0.06328745334446913,-0.06383084402644798,Mexico
210,-0.07286076662918096,-0.04853466927586711,0.10814144579980314,-0.1496601656843834,-0.045878147571050826,-0.0457446935202037,-0.045878147571050826,Mexico
211,0.016316046882525748,0.03727821021006886,0.19885946585278141,-0.06684213657147986,0.03998985102158137,0.03951025664819438,0.03998985102158137,Mexico
212,0.14455950064610865,0.16331722912362037,0.30745162538095416,0.058863461452971555,0.16600623172224863,0.1659565465895735,0.16600623172224863,Mexico
0,0.8664961654216345,0.8664961654216345,0.8664961654216345,0.8664961654216345,0.8674266990050247,0.8664961654216345,0.8664961654216345,Chile
1,0.8823426151743372,0.852716293759787,0.8782788800033658,0.8427411117429982,0.8533508251332989,0.8528236330535828,0.8525623997616274,Chile
2,0.8578399900362442,0.8032194335908689,0.8686744249432231,0.7656765354613638,0.8036835173639719,0.8037020408504755,0.8030154978773127,Chile
3,0.9001414689364765,0.824660304738676,0.8994038117957247,0.7553484153583752,0.8249431106297778,0.8226332563782525,0.8243771090136575,Chile
4,0.9515383428100793,0.8567145595081352,0.9298978770645628,0.779429629539072,0.8568825685083098,0.8549254680561896,0.8564030049089709,Chile
5,0.9814240488643132,0.8708763148847439,0.9415687233829216,0.7973350656461325,0.8708847768987182,0.8695338938908102,0.8704784507694975,Chile
6,1.0071850819742414,0.8839607472328318,0.9549707199789175,0.7836599273772464,0.8838127821982638,0.8829169674182655,0.8834685089391691,Chile
7,0.9776393766396545,0.8427697078896899,0.9158534216582769,0.7220122862970174,0.8425309932696043,0.8428896500995445,0.8422392963581727,Chile
8,0.9531618849519701,0.8087717028921829,0.8811518374176401,0.6761799859759219,0.8084152512610503,0.8095186202693524,0.8081681014000286,Chile
9,0.8852100088943143,0.732329705029072,0.7981209735016199,0.5881617836422376,0.7318741765983707,0.7331500165916851,0.7316647706999564,Chile
10,0.784621855720531,0.6271577467891813,0.6862742896856898,0.4804422221582034,0.6266278263801363,0.627970142327471,0.6264504003030611,Chile
11,0.6819917015972838,0.5180398510016017,0.5706399806548113,0.3614926223327214,0.5175359003346862,0.5184052745103436,0.5173855702195147,Chile
12,0.5593015709536088,0.39155258061246956,0.4475794892090125,0.21951719779663453,0.39102730618095627,0.3900836283303427,0.39089993401616485,Chile
13,0.5686322782040101,0.39656710461645006,0.4566443536892969,0.2257110868356041,0.39603273010356765,0.3925381124114269,0.3959248098219585,Chile
14,0.5937647844301697,0.41897349478820345,0.48645284769624864,0.2422281114522039,0.4185175269279647,0.41564985320353115,0.41842608789808183,Chile
15,0.43949753114575946,0.26319845612469556,0.3287489820409171,0.07604000421921686,0.26266346922989586,0.25685750433760335,0.2625859944859344,Chile
16,0.39277283573542676,0.21491250441220378,0.28299394681298984,0.017317755089762188,0.21437530493870566,0.20912835449053735,0.2143096618980962,Chile
17,0.3778928336591577,0.19812188937800468,0.2742068083609446,0.007798288471340009,0.19758538239498807,0.18960474772796448,0.19752976415657736,Chile
18,0.3804028188959179,0.1996639390577135,0.2756088735651705,0.028419367530162276,0.19918005474894307,0.1911725565438127,0.1991329303559352,Chile
19,0.419602401399799,0.23675579320879248,0.31311308763790924,0.07712366768885881,0.2362660248386762,0.23005079410865614,0.2362260971372636,Chile
20,0.37669556715692754,0.19221445627772715,0.26471998450941203,0.04386469222281736,0.19169230117649277,0.18534410914313237,0.19165847111018658,Chile
21,0.376930556746362,0.19205283854154853,0.2572704970930042,0.022957743196330926,0.19152054402992813,0.1835625725020642,0.19149188038674825,Chile
22,0.44244488230957646,0.2565500912293525,0.31616164088165144,0.0697748953301619,0.2559862071083343,0.2488361301760747,0.2559619208881152,Chile
23,0.5668664901292951,0.38193603232232226,0.4364277111903476,0.18929844801829332,0.3813596504985646,0.3759133244405577,0.3813390731948062,Chile
24,0.530445688720061,0.34647262564022147,0.3960757316538707,0.17193119659902267,0.3458732782092228,0.3414892931949299,0.345855843407671,Chile
25,0.39677115592028434,0.212567844429293,0.2916250751394914,0.05387865584494772,0.21190457871202512,0.20446649020851926,0.21188980649945927,Chile
26,0.39498764549964926,0.21087413549153233,0.3032426105677175,0.07433470191287161,0.21023493465585052,0.20173207496293444,0.21022241840991318,Chile
27,0.3724904092834491,0.18714343975243936,0.2694923794913229,0.06967494015930575,0.18654165830412545,0.17888183792020707,0.18653105350056837,Chile
28,0.35093406510336667,0.16625005585368702,0.24761039526887946,0.054958729284294905,0.16563668619630678,0.15747658418262733,0.16562770092555978,Chile
29,0.43972981200480005,0.2561441678438269,0.3431236929248065,0.13867724435491546,0.25555583192052544,0.24829237169234092,0.25554821885254514,Chile
30,0.5112689999314521,0.32817833996776813,0.4141677372821405,0.22420306619630992,0.32753418913207444,0.32171278202217446,0.3275277387082971,Chile
31,0.5661482594163794,0.38323195121213605,0.46358836107415263,0.27774202075446663,0.382541167232154,0.3789504760190201,0.38253570189715175,Chile
32,0.563099592052326,0.37948938681435446,0.4533566112268054,0.27308504852021354,0.3787885175805677,0.3758630937547649,0.3787838868946286,Chile
33,0.5246705533375028,0.3414429309804657,0.4080391260663567,0.21870094643511684,0.34070926055571277,0.33630348700081575,0.34070533705381256,Chile
34,0.5222821009590923,0.33879955604946954,0.4004100578686606,0.19579736756010746,0.3381355496100396,0.33264584359770377,0.33813222529321846,Chile
35,0.504395511885725,0.3204442446114073,0.378177938417053,0.15791099176239431,0.31974524098885454,0.31468459657934195,0.3197424243514198,Chile
36,0.5471596718769003,0.3632725642599735,0.41476855179905103,0.18348006641242454,0.36252808991684565,0.3556920906408094,0.3625257034275711,Chile
37,0.7210595114214785,0.5379718979072602,0.5837619989168308,0.35469631224703674,0.5373024880013577,0.5320647209104499,0.5373004659693463,Chile
38,0.8275302578356086,0.6454626951104113,0.7054317178567302,0.45803535375981796,0.6448314649700119,0.6406336373811261,0.6448297517364774,Chile
39,0.909534685753143,0.7275923530751284,0.7929509401640886,0.5337746529345273,0.726990968735158,0.7239446292234153,0.7269895171413517,Chile
40,0.8955004821441827,0.712862039047633,0.7771805018098872,0.5093885492083382,0.7122836432089534,0.710565403343931,0.712282413298065,Chile
41,0.8245103118448358,0.6432295078901167,0.7067410275934856,0.43057337093964143,0.6426070760338469,0.6414232249513632,0.6426060339511466,Chile
42,0.8129938552047519,0.6326678995798751,0.6962021657481896,0.4054451880619583,0.6320098183503088,0.6280477917620106,0.6320089354112564,Chile
43,0.8532973526436236,0.6729831999837664,0.7365526516781083,0.4310269484885737,0.6723279063964321,0.6702966802475233,0.6723271582971019,Chile
44,0.832156254739085,0.652435173839567,0.7120567429400715,0.4255040266654497,0.6517486810493244,0.6503400440066115,0.6517480471974108,Chile
45,0.7880036238454464,0.6075592570749991,0.6627151739383874,0.3991519504264193,0.6068408018514396,0.6059248939656914,0.6068402647994304,Chile
46,0.7329732811714753,0.5521744582351038,0.6023981784129137,0.349443904013522,0.5514877240483622,0.5503777189567735,0.5514872690132754,Chile
47,0.7489818114654959,0.5684337947885013,0.617999629666899,0.3632799430742208,0.5677448821901698,0.5659989657064539,0.5677444966466345,Chile
48,0.7357929403040684,0.5561563564410078,0.6226261517108055,0.34237295077059504,0.5554684834202992,0.5538742842168223,0.5554681567557804,Chile
49,0.727842264498308,0.5479143175564207,0.6185870027785088,0.33118938269246,0.5472994817488367,0.5423160587289764,0.5472992049715133,Chile
50,0.8360330653983993,0.6570408526590606,0.7190574894544961,0.4575808585132026,0.6564995650320089,0.6523976417603772,0.6564993305232627,Chile
51,0.9074693873505978,0.7285048764536729,0.7958581879596528,0.5402698612109644,0.7280274704566468,0.7247983795964419,0.7280272717613513,Chile
52,0.9002684916354499,0.7211661505500382,0.8055709670280298,0.5419843140536047,0.7206873424382914,0.7181393973493223,0.720687174087127,Chile
53,0.907053419763448,0.7291301023019876,0.8196496570981772,0.5631292782982162,0.728622973760323,0.7272160525658931,0.7286228311192279,Chile
54,0.8477359690417995,0.670026763909643,0.7546205577144791,0.527813810550804,0.6694677778300305,0.6684567553168995,0.6694676569726424,Chile
55,0.7910832182372838,0.6144511232227132,0.694964962856198,0.48809688640481547,0.6138537269624486,0.6130142770081258,0.6138536245620271,Chile
56,0.7752770280637246,0.5999340327025139,0.6792931165814373,0.48225154717089574,0.599288631135633,0.5995589968632065,0.5992885443734873,Chile
57,0.7664237614153707,0.5909113420046205,0.6656819215728511,0.4878963628711822,0.5902146112903872,0.5904345602513359,0.5902145377782881,Chile
58,0.7838938513957956,0.6083932540088146,0.676893595634232,0.5176302473792795,0.6077642667669003,0.608387982467032,0.6077642044813417,Chile
59,0.7488455841295367,0.5733812215007129,0.6427669227145226,0.4909701038129048,0.5727067489411714,0.5729926507008691,0.5727066961676707,Chile
60,0.6310654037728877,0.4553939125298067,0.5204747583487379,0.37795241950124725,0.45468754496743174,0.4533092732662494,0.45468750025333693,Chile
61,0.4593148168052933,0.28412575449201105,0.34734584511447797,0.1962868149451234,0.28341635456379793,0.28006212554103077,0.2834163166783014,Chile
62,0.4606013746684714,0.28504712114728337,0.3539860252500858,0.171527294064438,0.2844197267851095,0.28117949785195073,0.2844196946853689,Chile
63,0.45569062195231375,0.2808497052107751,0.35222581427549987,0.1631099185913114,0.28024516647947206,0.27142002632178713,0.28024513928190453,Chile
64,0.3704704633498772,0.1972363522409079,0.2667854350764604,0.07637425999753089,0.19671730555582367,0.1870998516542512,0.1967172825117846,Chile
65,0.3087648280415466,0.1358602127357842,0.20242618447390875,-0.0015676013237719832,0.13528236385428805,0.12583043006638872,0.1352823443294634,Chile
66,0.2680456100585254,0.09641308415456529,0.15805620281067412,-0.06687623154503508,0.09579085768789652,0.08541270199533751,0.09579084114484276,Chile
67,0.26994732835922,0.09903335650641587,0.15781113674367203,-0.08876345167826727,0.09837853149525272,0.08843582959462915,0.09837851747860293,Chile
68,0.31061652503691783,0.14096134538956184,0.19579011631709325,-0.0676460926943021,0.1402989336764784,0.12944544562481652,0.14029892180040804,Chile
69,0.35315780155190657,0.18352448574090813,0.23343778588368713,-0.04040617976371952,0.18288070214149776,0.17131790646805323,0.18288069207910412,Chile
70,0.40003379640453096,0.2302919451266261,0.2772681636100972,-0.005793472350543283,0.22968373532187009,0.2183018214093314,0.2296837267961741,Chile
71,0.4856932189549262,0.315981851067627,0.3670511774837968,0.0721428030286344,0.3153504186720709,0.30216781571423,0.3153504114483928,Chile
72,0.6223471982771738,0.45368895039673773,0.5025894166918723,0.21148430992998568,0.4530030273438996,0.43692577637541213,0.4530030212233993,Chile
73,0.6567062940554442,0.48861709201353737,0.5368002395278386,0.24828232316887688,0.48789523415707997,0.47495490789429373,0.48789522897128357,Chile
74,0.673264767975884,0.5064218781914684,0.5766161894177446,0.27558855958055295,0.5056642746610851,0.49494856505114054,0.5056642702672475,Chile
75,0.7423825967857128,0.5747183702483114,0.6535764701916521,0.3643258277978232,0.5740299303593707,0.5647285975174497,0.5740299266365463,Chile
76,0.7601733998830944,0.5935006976377735,0.667436888872897,0.37499312380155514,0.592777830531054,0.5853060216159282,0.5927778273767679,Chile
77,0.6734318340173947,0.5077521124217012,0.5760719062752345,0.29662851538583734,0.5070340492103427,0.5012978747489921,0.5070340465377693,Chile
78,0.5597565932427533,0.39385894313399566,0.45512612427263266,0.18608981985108086,0.3931602354453012,0.3862536200448605,0.39316023318087495,Chile
79,0.5321332594182321,0.3667299965925217,0.4219249638998103,0.14145368386873403,0.366131590640256,0.35846666050637516,0.3661315887216459,Chile
80,0.5249308864579345,0.36019905391060636,0.4091910473944348,0.12303116470061448,0.35967610552595747,0.35141980431199277,0.35967610390035154,Chile
81,0.542785026242803,0.37905119718705166,0.42611514347629376,0.13577571535005817,0.3785302520733052,0.36863714713247986,0.37853025069595675,Chile
82,0.5468297913309912,0.38437502091678516,0.4278270524562872,0.1351865249648378,0.38379564165766344,0.3751764162892649,0.38379564049065934,Chile
83,0.5051740262143135,0.34333984679217433,0.38316126733333367,0.0890356131162166,0.3428183627335986,0.3336288350560842,0.3428183617448158,Chile
84,0.5354454051263218,0.37463724659494335,0.42296233150979395,0.11862968337993962,0.3741954019694056,0.3632962648913615,0.37419540113162664,Chile
85,0.652425547873323,0.4930839418998953,0.5631228132537553,0.23663184203593457,0.49267312050464646,0.48178842126064014,0.4926731197948105,Chile
86,0.6346298688170396,0.47630382685924366,0.5611404494952354,0.22012618563803865,0.4758705512777373,0.4551106048797927,0.4758705506763053,Chile
87,0.6543406226136878,0.4970381269224692,0.5813081842451006,0.23945653021077007,0.49652646806751993,0.47477677939048474,0.4965264675579368,Chile
88,0.7600389706033163,0.6020145712057074,0.6858086716033986,0.3463001560632206,0.6014922693763086,0.5837130799977382,0.6014922689445474,Chile
89,0.8398414166466629,0.6817819902600307,0.7727740417476212,0.42012276964101575,0.6812667416937099,0.666406300497631,0.681266741327886,Chile
90,0.855181402539193,0.6968089045518174,0.7894371061803686,0.45335926817940586,0.6962501245415278,0.6814753798112653,0.6962501242315714,Chile
91,0.8133688446535333,0.6552513493955322,0.7404548264289971,0.43621716703195873,0.6547646395194769,0.6427001712111081,0.6547646392568561,Chile
92,0.7378477472667252,0.5797175705707426,0.6562652514153914,0.37819114876430443,0.5791576945662168,0.5674523532882796,0.5791576943437027,Chile
93,0.739263754354395,0.5819572173562433,0.6522811954080692,0.38545226909099567,0.5813401118631942,0.5705255895464556,0.5813401116746618,Chile
94,0.7211253577102376,0.5634029863494641,0.6274703369333149,0.37877371784163305,0.5627786202881941,0.5541502316136926,0.5627786201284539,Chile
95,0.6181298710730599,0.460173990560982,0.5171192216733229,0.2907173046411274,0.45956637374225756,0.4476759180470646,0.4595663736069124,Chile
96,0.4861240933287291,0.3283795332918472,0.3795914746935987,0.1613557353046376,0.3277320179432945,0.31481158619813876,0.32773201782861877,Chile
97,0.4810656565786317,0.3238932430900701,0.38475218404928047,0.1462270741081515,0.32320900739034236,0.3091735042384154,0.3232090072931796,Chile
98,0.5008082975619288,0.34416644662501,0.43065348811679505,0.16395541199487385,0.34346599002986655,0.32785782724500667,0.3434659899475421,Chile
99,0.4614529504742591,0.30483056994522667,0.39897449422529374,0.1117258095924254,0.3042160669040934,0.284873076558611,0.3042160668343413,Chile
100,0.35647315216660896,0.20004735975926174,0.28418647640213024,-0.006596179130264279,0.19938634730250127,0.18249005220826692,0.19938634724340148,Chile
101,0.30903696149910703,0.15293867981234643,0.23290429413071723,-0.06976805342241277,0.15223358671073028,0.13529504816481353,0.15223358666065606,Chile
102,0.3173551610616673,0.16081392327761024,0.2434097458373844,-0.07054408377163335,0.16008971892919666,0.1437658109043234,0.1600897188867696,Chile
103,0.38531567295689256,0.22938765736378253,0.3098729434364765,-0.009875238983814705,0.22862687476924565,0.21309426743467308,0.2286268747332979,Chile
104,0.45739406527553994,0.3013739460697985,0.3779592450545059,0.06626512786968564,0.3006589728489155,0.2848152183041963,0.3006589728184576,Chile
105,0.5220939139914127,0.36673389463932987,0.43919866145262765,0.14205984137474292,0.3659919373525795,0.3520888237989921,0.36599193732677304,Chile
106,0.5591648768020299,0.40385318356322275,0.47481540623718654,0.19558760666811625,0.4030737840652588,0.38898527189579596,0.4030737840433934,Chile
107,0.6384076016150964,0.4838802022387509,0.5546298995949107,0.29217437569662896,0.48311204530471363,0.47158245523940745,0.48311204528618745,Chile
108,0.5986398864296643,0.44484848268037624,0.5100230772548717,0.27055065446474746,0.44405746769943055,0.43490236301763613,0.4440574676837336,Chile
109,0.47211158555597,0.3187439910348942,0.41196292540777296,0.1621945430100324,0.31797398883844796,0.3068049788557319,0.3179739888251482,Chile
110,0.3831438020438829,0.22976881819107664,0.3605277933108022,0.08774251210796102,0.22897514125491325,0.21571062216600784,0.2289751412436446,Chile
111,0.4344900036183414,0.28083297679588237,0.4134258497790038,0.1302533637897828,0.2800903389660079,0.26438007028246435,0.28009033895646007,Chile
112,0.4800634332673714,0.32608376264578415,0.4532290439587936,0.16780501251279256,0.32534834031617205,0.31105015136422914,0.32534834030808235,Chile
113,0.4303931740897267,0.27682222817152585,0.3952403983784263,0.1250001582780947,0.2761068822620529,0.26383501666423603,0.2761068822551986,Chile
114,0.4119080100666907,0.25820423252489483,0.3660095735917782,0.08580796241873156,0.25747277890225106,0.24423561911884073,0.25747277889644354,Chile
115,0.3893947872645222,0.23578874119414334,0.332662781466508,0.06271772784708074,0.23505404969478888,0.22087770197746803,0.23505404968986826,Chile
116,0.4127008993727091,0.2597786920488806,0.34660744504488145,0.08246028049705745,0.25913867533028123,0.24427258887296638,0.2591386753261121,Chile
117,0.49403018272636384,0.3417849574712624,0.42082692162508,0.145167165099101,0.34112758003245414,0.3259242160693561,0.34112758002892174,Chile
118,0.5995257946205877,0.4473125572088602,0.5192202481397785,0.23434272578307314,0.4466404703253551,0.43115133683432155,0.44664047032236215,Chile
119,0.6520313178377556,0.5000853434197534,0.5649800101532809,0.28383708678071845,0.49936425788884115,0.4864664532142469,0.4993642578863053,Chile
120,0.5942370747523815,0.44260395227649973,0.5002421893223574,0.23835990295290388,0.44194337939055794,0.42858952055794614,0.44194337938840933,Chile
121,0.6230998007538125,0.4721687594066371,0.5313668733612107,0.2614628724592688,0.4715088490204611,0.4579166176937819,0.4715088490186406,Chile
122,0.7418409615794068,0.5910670576028922,0.6513440383540086,0.3726191582674897,0.5904628681741444,0.5687060628260846,0.5904628681726019,Chile
123,0.7204060683612038,0.5700899769938332,0.6249262458445208,0.3513031515271099,0.5695430262362626,0.5493751726177698,0.5695430262349557,Chile
124,0.5819003949937382,0.43209386375429415,0.48906154816409386,0.20717202003781415,0.4314908038999754,0.4100863886438744,0.43149080389886807,Chile
125,0.4621649830719549,0.31354471220774394,0.3699388190588333,0.0875661265679254,0.3128942402950543,0.29246514201113,0.31289424029411605,Chile
126,0.4297850166743334,0.2814621868400093,0.34410812527182655,0.06489699752261957,0.28087304305229455,0.26079214948070584,0.2808730430514996,Chile
127,0.44407334084813654,0.2963259689874041,0.36750436749082493,0.09517180206337184,0.295684579357841,0.2768849022661537,0.29568457935716747,Chile
128,0.5337036377052619,0.38648294621923535,0.45478530434241493,0.18632814698052913,0.38587243075509847,0.3692410651775343,0.3858724307545278,Chile
129,0.603299475105091,0.45647482377555093,0.519268374862386,0.28427668500821,0.45592830587023403,0.4424137775443137,0.4559283058697505,Chile
130,0.6273912348165684,0.48064200743384483,0.5425964204806821,0.32979594749723595,0.480108918356137,0.4638354927672814,0.48010891835572733,Chile
131,0.622169132664527,0.4756241406843273,0.5342315006549812,0.3406381956183811,0.4750347876551785,0.45794674470688423,0.47503478765483137,Chile
132,0.5561378939199888,0.4097939574540151,0.4615669246144288,0.28096883699653175,0.40914985328899234,0.3916853584583825,0.40914985328869824,Chile
133,0.5870282606712482,0.4411187297806446,0.4880440592697456,0.3046989736103395,0.4404855279741954,0.42261174428080966,0.4404855279739462,Chile
134,0.5584913164166174,0.41356459769287063,0.4608884302906911,0.26572330677110373,0.41287420251033263,0.3925751079193263,0.4128742025101215,Chile
135,0.4511839863386271,0.3069742620925178,0.36205291357285035,0.14650352631679442,0.30629839932900405,0.28656009730221327,0.30629839932882513,Chile
136,0.3427318554058755,0.1989689987973235,0.2652968588951739,0.05251329848885877,0.1983266310234011,0.17887565896437707,0.1983266310232495,Chile
137,0.33179591663586977,0.18900527014740376,0.26594806843057495,0.03800110901068399,0.18832267826449556,0.16953653070563446,0.1883226782643671,Chile
138,0.3283364534438864,0.18695661200490388,0.26488284553009744,0.014445603884612468,0.18623695844090432,0.1692993515415775,0.18623695844079546,Chile
139,0.3195252547295635,0.17843155388852627,0.25017834386480636,-0.00646534271261523,0.1777459527134867,0.16150260638815067,0.1777459527133945,Chile
140,0.3219730145395136,0.18126372232664983,0.2445635847976697,-0.025488080036087157,0.18056859554594318,0.1657505254760817,0.18056859554586507,Chile
141,0.36742355184776737,0.2272752679657724,0.28367388445574593,0.003886051712601035,0.22667349331485914,0.21194386852985514,0.22667349331479297,Chile
142,0.43104273477724747,0.29151131553483967,0.3432011369324423,0.056501483088863824,0.2908951904864808,0.2754538906209252,0.29089519048642476,Chile
143,0.5045113349294333,0.3650964540827635,0.4171202706309765,0.13270510046024042,0.36444087633833916,0.34913240556571856,0.36444087633829164,Chile
144,0.5240313188078384,0.38546486211282266,0.43515997587834776,0.160624526527528,0.38477277244139124,0.3718935458527826,0.384772772441351,Chile
145,0.5453060269745873,0.4057296753911203,0.47019647366694284,0.1794664962996434,0.4050056734264417,0.39270616904219885,0.4050056734264076,Chile
146,0.6441679654690002,0.5034622145563203,0.5778219419912978,0.2982590782789638,0.502717504985845,0.4874960465938671,0.5027175049858161,Chile
147,0.7405259736466889,0.5997480468577618,0.6834092534216907,0.4055134301108821,0.5989717448576346,0.5841645611335231,0.5989717448576101,Chile
148,0.668515130851079,0.5273778226743764,0.632057693625251,0.34656590213399335,0.5266236983653327,0.5125872846559275,0.526623698365312,Chile
149,0.7077759642489851,0.5659418325540462,0.6723508740134457,0.40897753850699187,0.5652633941375625,0.5534514874597493,0.5652633941375449,Chile
150,0.6914261088011598,0.5508010913090557,0.6471359321639523,0.41308553280674287,0.5500925591316818,0.5396971043227065,0.5500925591316668,Chile
151,0.5945863178194816,0.4545482972920054,0.5446430985511628,0.32284907625968523,0.4539247252073367,0.44412410332949404,0.45392472520732396,Chile
152,0.5807511727576913,0.4409721714468946,0.5275748024891629,0.29441957216601844,0.4403094257868614,0.4300494178577973,0.4403094257868506,Chile
153,0.5719037745068953,0.4320065840072383,0.5103460080465939,0.27130490709092636,0.43130099576866665,0.4204214477291968,0.4313009957686575,Chile
154,0.5422128104410587,0.40284111808008377,0.4735306014902901,0.24237829738592076,0.4021730310741062,0.39156767059593867,0.4021730310740984,Chile
155,0.5304967009070933,0.39195186751048183,0.4553568201371852,0.22846056276727056,0.39129786774674735,0.38022825961504864,0.39129786774674075,Chile
156,0.4960697809891498,0.3575569763656895,0.4134924889367011,0.19449680847504247,0.35698851690783434,0.34591657914586427,0.3569885169078288,Chile
157,0.4452560965243999,0.30676409624976264,0.3565265998907487,0.13539438632771605,0.30627444673587984,0.2953591883814809,0.30627444673587517,Chile
158,0.3756678114067754,0.23736551930803929,0.2821852739872194,0.05895527492117747,0.23694264412715954,0.226160137585648,0.2369426441271556,Chile
159,0.26710386754281923,0.1293934200025691,0.17231446453128818,-0.040708895527314826,0.12897725656230719,0.11832179688735994,0.12897725656230385,Chile
160,0.331028700916964,0.1945680197955605,0.23837471666096322,0.01301443754192333,0.19417172258011695,0.18437881151662938,0.19417172258011406,Chile
161,0.532770653871977,0.39701687353817083,0.43790510818840533,0.2023531865663062,0.3966081708011233,0.3772330437799847,0.3966081708011209,Chile
162,0.7067130496077394,0.5734433241943866,0.615055741250894,0.370107073243076,0.5730452156628592,0.5571462898932549,0.5730452156628572,Chile
163,0.8144159359382523,0.6821996458572399,0.7227566539868059,0.5012810929684828,0.681718047000279,0.6683305686792735,0.6817180470002773,Chile
164,0.8687788474303271,0.7408479964412532,0.7835221827810399,0.5650237295698921,0.7403339635502196,0.7306295735618509,0.7403339635502182,Chile
165,0.8010477487587927,0.6748492314415522,0.7186219036842217,0.5206005057715546,0.6743001491243937,0.6637878080789149,0.6743001491243925,Chile
166,0.7927863346115442,0.6669174780073375,0.7089092593643567,0.5159075956081622,0.6663330862029119,0.6571343158312603,0.6663330862029109,Chile
167,0.7474008227187959,0.6222031535090254,0.6599418231354494,0.49125732676868333,0.6215782161327777,0.613695028968786,0.621578216132777,Chile
168,0.6999309265154883,0.576763530952525,0.6111234430860144,0.44189459800354164,0.5761676241065719,0.5661905782758547,0.5761676241065712,Chile
169,0.7520657908579195,0.630198788505067,0.6619750266208323,0.49411861587553213,0.6296660590534489,0.6180065073596648,0.6296660590534484,Chile
170,0.7414999241071697,0.6227015069942455,0.6593646115266681,0.5006473586492227,0.6221617376501648,0.6131672885909933,0.6221617376501645,Chile
171,0.6076152970655225,0.4921502580243454,0.5287904666319475,0.3883897220166984,0.4916335922284474,0.4804771939753898,0.49163359222844716,Chile
172,0.5663204055834141,0.4533716432976423,0.4864529754060417,0.36532456229036886,0.452801347865315,0.44268210276901815,0.4528013478653148,Chile
173,0.5021481981573155,0.39011152749661665,0.42161161616159265,0.31488078641556294,0.3895719706866871,0.37894397822058595,0.38957197068668686,Chile
174,0.3555668782818422,0.24389164210605985,0.27281100846903134,0.17926330000724766,0.2434082519325123,0.23399790088808325,0.2434082519325121,Chile
175,0.35487435730203454,0.24576818436376946,0.27761044975221905,0.1869930017343252,0.24535701535756183,0.23455462152343798,0.2453570153575616,Chile
176,0.39066143554952915,0.2849221881142649,0.322572814682992,0.20849230325648171,0.2845257382400541,0.27414104540909306,0.2845257382400539,Chile
177,0.40775117575539727,0.3044571226196131,0.34467636809508456,0.22831359295694964,0.3040994457621071,0.2944173904984777,0.30409944576210696,Chile
178,0.46838465349550185,0.36686220669749864,0.40397758658418936,0.25535517649064554,0.3664563040041651,0.35726669675447603,0.36645630400416496,Chile
179,0.5069364090623649,0.4083619459001036,0.442307589475146,0.2865716488000013,0.4079932227550225,0.39917058607114214,0.4079932227550223,Chile
180,0.5830738557714756,0.487419042440583,0.5218296045117379,0.3439746615390124,0.4870411907624935,0.47707291575065836,0.4870411907624934,Chile
181,0.6477248995884014,0.5538573166923837,0.5950583919657959,0.3929409399385099,0.5533957840523265,0.5443146840442817,0.5533957840523264,Chile
182,0.6681244803380819,0.577295010431881,0.6432533516194926,0.40346909624403166,0.5767637254903949,0.5669541854867706,0.5767637254903948,Chile
183,0.7230841864126206,0.6352043702929018,0.7138261504293025,0.47584463862072496,0.6346197163928645,0.6240273034310434,0.6346197163928644,Chile
184,0.6556198203549924,0.5694789205889811,0.6450271889429313,0.4320513039536066,0.5688468374874596,0.5559888408717678,0.5688468374874595,Chile
185,0.6313308975780251,0.5481605995829064,0.619420294055072,0.4255017728170187,0.5475160551985156,0.5324926684963279,0.5475160551985156,Chile
186,0.6964204856355404,0.6161821915475251,0.6928980811436025,0.5029013605571024,0.6154932686809972,0.6037793150093264,0.6154932686809972,Chile
187,0.7545637980860143,0.6775579991793609,0.7587441858413505,0.5611024527691222,0.6768457033417182,0.6656655909006884,0.6768457033417182,Chile
188,0.8317334051906282,0.7578602515242171,0.8402277088301676,0.6404140285614438,0.7571155884409198,0.7486813680352301,0.7571155884409198,Chile
189,0.8062379516038816,0.7331069575894695,0.8123360609561572,0.6268652709077235,0.7323407329495655,0.7260669176821798,0.7323407329495655,Chile
190,0.77123474596853,0.6998063816842686,0.7715144283840769,0.6023095437297621,0.6990918069143177,0.6933853457036944,0.6990918069143177,Chile
191,0.7711692813243938,0.7023932641456893,0.7666779770958122,0.5877209432856279,0.7016564427316584,0.6958407774076317,0.7016564427316584,Chile
192,0.7937245015024982,0.7275070184003111,0.7887682501725932,0.60698752871173,0.7268213455667627,0.71909864622533,0.7268213455667627,Chile
193,0.8446684915144591,0.7810840688353978,0.8475009587966854,0.6581392017267609,0.7803577185752154,0.7742693243560181,0.7803577185752154,Chile
194,0.7870787100203851,0.7298773895911422,0.8021091771435346,0.6197420246670458,0.7291580924271451,0.7238557876343702,0.7291580924271451,Chile
195,0.6365531074551773,0.5809113544371919,0.6533614550096377,0.479570284942612,0.5802343303820022,0.5703787848750976,0.5802343303820022,Chile
196,0.5090985336969595,0.45558245241607287,0.5324788956794647,0.3411322761704891,0.4548994550242607,0.44471974589329594,0.4548994550242607,Chile
197,0.40306792540000363,0.35175646602969873,0.4261388832753841,0.22265236699148255,0.3510460743479374,0.33967844353729315,0.3510460743479374,Chile
198,0.42936978582701674,0.38065074908759455,0.44906111918459535,0.24278316550442536,0.3799551489370475,0.3703235475559834,0.3799551489370475,Chile
199,0.5318379334472982,0.4837471896078256,0.5512633048083497,0.3387581966137434,0.4831073730101498,0.47277674317452245,0.4831073730101498,Chile
200,0.617473097304402,0.5723040788906564,0.639270195225782,0.44045640148821097,0.5716096013149238,0.5611290478473365,0.5716096013149238,Chile
201,0.6600630170119623,0.616177306674482,0.6810564504058377,0.4907538994904145,0.6154850072346374,0.6080901513493564,0.6154850072346374,Chile
202,0.6663541494854985,0.6243261035019373,0.6839565529317831,0.4988479108659619,0.6236277964525002,0.6138583479466029,0.6236277964525002,Chile
203,0.6712441053272913,0.6319758367650898,0.6855215351403725,0.49411575102925376,0.63123035876361,0.6207547505588391,0.63123035876361,Chile
204,0.6575719490370314,0.6212841319076143,0.6694749549620191,0.46766817437258795,0.6206190340817104,0.6095631370499465,0.6206190340817104,Chile
205,0.6145017542855503,0.5827297646168476,0.626934925839694,0.4129800768495615,0.5820484452288892,0.5717415351693474,0.5820484452288892,Chile
206,0.6097340087465408,0.578661261049632,0.6383924823589906,0.3974114424493444,0.5780431956406398,0.5666734628326664,0.5780431956406398,Chile
207,0.6844542683545957,0.6563154304455949,0.7369167346618898,0.46282012890978413,0.6556969632110455,0.6437062714369249,0.6556969632110455,Chile
208,0.6473878467317682,0.6210103537293047,0.70218350447918,0.41796034609249805,0.620353567272864,0.6050441537273633,0.620353567272864,Chile
209,0.525995504898641,0.5014453000640596,0.5723849839959902,0.288706833642855,0.5008023589752191,0.48730031695333675,0.5008023589752191,Chile
210,0.45418364163361724,0.43343608730394234,0.5073476145297108,0.2121685453953731,0.4328379150603924,0.42060136835736694,0.4328379150603924,Chile
211,0.417740519391305,0.39951341328011264,0.4755850541413398,0.16597343869006342,0.39889216016916246,0.3874726479169348,0.39889216016916246,Chile
212,0.39107997859829563,0.3742220643450802,0.4427415657260216,0.12681587721048104,0.3735851104951704,0.3617195117951297,0.3735851104951704,Chile
0,0.7647538217492417,0.7647538217492417,0.7647538217492417,0.7647538217492417,0.808166832049566,0.7647538217492417,0.7647538217492417,Iran
1,0.6278699933778015,0.7247808323457097,0.727152967386121,0.6890183856387746,0.752083839271473,0.7181426177499132,0.717783781713637,Iran
2,0.5168453102158432,0.6962779566582945,0.6957792447992309,0.6363824791090659,0.7109434749588637,0.6830549816470286,0.6838434434168889,Iran
3,0.43092995069905,0.6660566739276113,0.6629228804439451,0.5939395953178555,0.6704202965828174,0.6485760377662142,0.6490089124083833,Iran
4,0.3524657836759534,0.637026351087244,0.632465355976205,0.5531545411464488,0.6353756849152344,0.6180327813836666,0.6184588273995845,Iran
5,0.2726155019234765,0.5954365568730137,0.591466852531075,0.5032596596404991,0.5905862099372305,0.5765162041536889,0.5772204197634915,Iran
6,0.1999733611142715,0.5592204427709395,0.561522281911317,0.465663085080255,0.5539565173656014,0.5413095887224725,0.5433963795383984,Iran
7,0.1836176049819994,0.574208923132001,0.5759750474861843,0.47614983761601665,0.5652981524352096,0.5546789586493386,0.5569547242143604,Iran
8,0.18452270742609495,0.5952450683826941,0.6097548058922111,0.5122573609285186,0.5850642929766298,0.574406822754975,0.5784722583256103,Iran
9,0.1779558486403634,0.6132241156900828,0.6361651728188915,0.541201979893893,0.6001994987585031,0.5906518994826686,0.5949912174992897,Iran
10,0.19659418692020153,0.6476116995418286,0.6709147926686071,0.5822533406901844,0.6314508890510001,0.6232379096556514,0.6273358934371833,Iran
11,0.23478209023370483,0.7013614931491587,0.7267874192309729,0.6428851744433524,0.6856488259390201,0.6792580889080355,0.6823976211635912,Iran
12,0.23972169548947786,0.7218462584338847,0.7499209536975256,0.6523296877819362,0.7024821734561273,0.6974604926215355,0.6999134386423452,Iran
13,0.2215548400580632,0.7180110686373344,0.7473806444973758,0.6306310404361826,0.6997570342744999,0.696018572249472,0.6977275101444285,Iran
14,0.18677565406383662,0.6857838039734708,0.7074672456184354,0.5981630909014372,0.6643333215270074,0.6615349422740643,0.6627298207793076,Iran
15,0.1657383774638214,0.6794097836520148,0.6947202972185077,0.5884115366642977,0.6563872176394985,0.6542558951572535,0.6551203124523286,Iran
16,0.1476529209698973,0.6818094839401031,0.6936407916963285,0.5848550185942631,0.6569562858566073,0.655537327748274,0.6559553204653654,Iran
17,0.11754532652835649,0.6560854224481866,0.6636292670101311,0.5481334109669299,0.6294981410979398,0.6284637600284576,0.6287072912974886,Iran
18,0.08735308270224598,0.6434544068136276,0.6532162046431703,0.5321198802712813,0.6195330664531191,0.6181208844670119,0.618908226261494,Iran
19,0.09541102223752977,0.6579097485121777,0.6676696544628687,0.5389752801948897,0.6322385597662437,0.6308345743248478,0.6317448816179436,Iran
20,0.15961317785862006,0.7549980072356757,0.7599163996361222,0.6409535300783304,0.7280690754453969,0.7268115357982542,0.7276790267299406,Iran
21,0.1624959860914505,0.7714309584069494,0.7743920799814,0.6600216862725471,0.7476296830188764,0.7470215782083669,0.7473215105770679,Iran
22,0.11530508686565176,0.7212364439911576,0.7237924476994255,0.6223989368837987,0.7007708702916813,0.7004752429688343,0.7005273872339839,Iran
23,0.12192918888927967,0.7200409988098369,0.7263349456282389,0.6140126952727503,0.7023683031870722,0.7012084217907417,0.7021759303745074,Iran
24,0.14158148117179264,0.74432088955192,0.7531778111900418,0.6249388743521942,0.7256048697823296,0.7234265206832479,0.7254528785129408,Iran
25,0.14542022764659235,0.7586840870862877,0.7672250046375285,0.628903158647858,0.7368089733209876,0.7357568200816267,0.736688886986217,Iran
26,0.144025511249583,0.7699458385381565,0.7736971940041975,0.6459744772548491,0.7457669985321697,0.7449984382080539,0.7456721198733057,Iran
27,0.1419226007082713,0.7928627559576313,0.7957168038980085,0.6684043561766604,0.7699775284211432,0.7693995270635582,0.7699025660207583,Iran
28,0.13067394163085988,0.7981241262125196,0.7994309968215912,0.6689432880168587,0.7742297316887163,0.7731856473065157,0.7741705048663861,Iran
29,0.10099011635814663,0.7819802016702262,0.7795616639502847,0.6469992180340632,0.7560373590789212,0.7549422962693709,0.7559905647331514,Iran
30,0.1064482481255834,0.7783757778378777,0.776656912941406,0.6407894863977275,0.7509297094809011,0.7495338387168503,0.7508927378739523,Iran
31,0.16913067358024336,0.8400729162681001,0.8400024093910942,0.7105256606997982,0.8158423405735721,0.8146682306659303,0.8158131297854333,Iran
32,0.22380443384855148,0.9152675691439633,0.9151506802639124,0.8084201893961116,0.894189920995675,0.8937198055044656,0.8941668419300322,Iran
33,0.2490174071983533,0.9382405355828033,0.9448674829933288,0.8492524424702651,0.9184622438621476,0.9183826733836229,0.9184440093910878,Iran
34,0.2649587098790915,0.9625889930289077,0.9799157849254752,0.889679902497046,0.9457495996224171,0.9461577452077324,0.9457351928028356,Iran
35,0.23263219628097848,0.9450869052391134,0.9586018174215871,0.8529410302787742,0.9246541898738997,0.9250483759847431,0.9246428072322112,Iran
36,0.22539691767709824,0.931818130240044,0.9420452991552561,0.8306529396593744,0.9111808999962202,0.911259250894545,0.911171906718344,Iran
37,0.21786611035167033,0.9130546314501872,0.9212058923724591,0.7983976422787528,0.892676896273973,0.8927169676573328,0.8926697908015201,Iran
38,0.18689427339972606,0.8783567422495341,0.8815901407477653,0.7615165482939332,0.855302013031135,0.8555510501506657,0.8552963990893138,Iran
39,0.17847575123899384,0.8879489239411368,0.888899199624853,0.7691530900892304,0.8644918684657795,0.8648328645212258,0.864487432963006,Iran
40,0.17317916518728596,0.8951712693144007,0.8938200687369667,0.7744474320142243,0.8700851214397141,0.8704210947368267,0.8700816170063801,Iran
41,0.1488506484158374,0.8742507004806939,0.8716286707481946,0.74974854708335,0.8498270572193327,0.8501238479702916,0.8498242884119123,Iran
42,0.11508097417458735,0.8359170297692078,0.8436896831862762,0.7060996201407636,0.8102064582172318,0.8098290047815457,0.8102042706183247,Iran
43,0.08252713598911424,0.815840210504808,0.8326558810404531,0.6826366669809253,0.7888970192229122,0.7879289980709409,0.7888952908293291,Iran
44,0.08017556874524437,0.8155246806588348,0.8367943661950468,0.7062478517296031,0.7939183501408922,0.792519695624306,0.7939169845594922,Iran
45,0.14144321063146295,0.8847400901680511,0.9080903833537382,0.7940873651980733,0.8655446917592231,0.8646119289205909,0.8655436128310332,Iran
46,0.13596525179385066,0.8850387846878072,0.9090689733355161,0.7993872870661689,0.8690065855639189,0.8682896962494316,0.8690057331167202,Iran
47,0.13111070819117038,0.8710157942410541,0.9009670649017306,0.7717881880699814,0.8538370086037526,0.8535107663448634,0.8538363350962539,Iran
48,0.10498079502306079,0.8258943894317935,0.8565726012444296,0.7208619407481741,0.808223650285375,0.806626430608153,0.8082231181558174,Iran
49,0.05827358297300647,0.7837644189929233,0.8075875111977672,0.6885277758800891,0.7672790058807627,0.7650245553854511,0.7672785854520864,Iran
50,0.053828465142281665,0.769981270379106,0.7861862280406282,0.6686230242413406,0.7522752570988193,0.7494096837785379,0.7522749249235636,Iran
51,0.05573729398614996,0.7771058020688869,0.7848262183293311,0.6659053233606258,0.7564199410304431,0.7539278361894125,0.7564196785830728,Iran
52,0.06772935031617272,0.7988934103981705,0.8017869636096753,0.6831383557430512,0.7777342980597807,0.7751588729102122,0.7777340907035101,Iran
53,0.09112298840101085,0.8241459487667647,0.8217984814340059,0.7045559972153538,0.8001820066859807,0.7976156970247792,0.8001818428564752,Iran
54,0.0995660147254492,0.8103706978174628,0.822472416370601,0.6977238142403831,0.7889882150569479,0.7873502256346244,0.788988085617376,Iran
55,0.12118236971882722,0.8407319408952034,0.8540697866188699,0.7328895569613469,0.8170015378822537,0.8161775963965724,0.8170014356137232,Iran
56,0.12251625357018006,0.8200367292857588,0.8333366500818244,0.7330184321918206,0.8007222416264722,0.7998834869491555,0.8007221608254299,Iran
57,0.11240682279148809,0.8282319804480687,0.8435123521491333,0.7550966249345894,0.8099422995494479,0.8087930471725371,0.8099422357095902,Iran
58,0.1711192918059768,0.877067402075118,0.8873583354716338,0.8050339597258837,0.8559703594418832,0.8554563288472754,0.8559703090028378,Iran
59,0.21956998649793855,0.9243061153947654,0.9337172421867993,0.8458589925031086,0.90573293745532,0.9055815441894545,0.905732897604083,Iran
60,0.21611426236515197,0.9294467392369796,0.9372034002772557,0.833771875867038,0.9078471836750066,0.9078684799430763,0.9078471521890601,Iran
61,0.19848379163533175,0.9080767969078832,0.9159161976842204,0.8200930675918362,0.885550537791456,0.8856639415939703,0.8855505129148172,Iran
62,0.19545297126812416,0.9210123143351066,0.9250451490908711,0.8379386495436538,0.8969669061058865,0.8974628932022185,0.8969668864511762,Iran
63,0.17994699814810397,0.9030560050383877,0.9020476691475408,0.8192644798524894,0.8770083306598829,0.8776344851903655,0.8770083151309508,Iran
64,0.15358533469496777,0.8630862284338651,0.8593635857430071,0.7757263382431762,0.8357950529389341,0.8370834554453945,0.8357950406697258,Iran
65,0.10917696470311977,0.7975293382476493,0.7902074438807707,0.7055303890110888,0.7690745219883003,0.7702268660942263,0.7690745122945576,Iran
66,0.056803325239220256,0.7495876676121159,0.7381666157320241,0.6488388672757919,0.72022851842068,0.7208514271416059,0.7202285107617794,Iran
67,0.03366072665908016,0.7273793282407838,0.7346994395494564,0.6236158106992568,0.7036509495713593,0.7038741523100013,0.703650943520161,Iran
68,0.05910182138399482,0.7510723728616046,0.7637225926864712,0.6561369883700893,0.7252120526786455,0.7244253459698787,0.7252120478976721,Iran
69,0.044126769151627554,0.7110217843758647,0.7246222435768492,0.6359384940658515,0.6905487521153265,0.6893915557388545,0.6905487483379413,Iran
70,-0.010919481246813328,0.6414947210634899,0.6514182314531153,0.5793305188652477,0.6237249617953969,0.6223530249239492,0.6237249588109336,Iran
71,-0.0405058009010914,0.6057631148140757,0.6141234289434316,0.5495201147308625,0.591633562761194,0.5901786133455822,0.5916335604032081,Iran
72,-0.05331875492331659,0.5764048647570414,0.585801152043227,0.5150157825606435,0.5647521290914395,0.5636025923891008,0.5647521272284253,Iran
73,-0.04279460805934423,0.5814721911658043,0.5890297064795504,0.5235760765594341,0.5679388425358597,0.5660781855425188,0.5679388410639162,Iran
74,-0.015812438996976215,0.597218636175963,0.6024768237971893,0.5361192807981778,0.5815680198870268,0.5799274795615478,0.5815680187240633,Iran
75,0.007338891827697029,0.6229077772932099,0.6251876052797111,0.5420230441028834,0.6039918394762522,0.6017326769883027,0.6039918385574099,Iran
76,0.03620170711315264,0.6486369282529666,0.6483492773888927,0.5504873154901962,0.6269908111778252,0.6244496287789645,0.6269908104518599,Iran
77,0.07535670451408183,0.6817405658013771,0.6799880177382738,0.5718434455957215,0.6592461274972192,0.6564745215307154,0.6592461269236435,Iran
78,0.07505963772811518,0.6861494397837478,0.6852603729852573,0.5684518414121201,0.662564648627964,0.6601244002979761,0.6625646481747892,Iran
79,0.01951810469736382,0.623428344984331,0.6207416404733898,0.5063337336417786,0.5977904959629526,0.5951347772717634,0.5977904956049052,Iran
80,-0.04347943989309428,0.550743226776654,0.5440392074056488,0.44757886623306997,0.5237204878280425,0.5206084245136071,0.5237204875451538,Iran
81,-0.08396877647742497,0.5036226726749484,0.5013291778779642,0.4055766602478867,0.47523851915777116,0.4722448958514317,0.47523851893426444,Iran
82,-0.0918806296219113,0.48489213988557295,0.5018887530335022,0.40313572811493126,0.4617673689014589,0.459235626743045,0.4617673687248691,Iran
83,-0.04749598729924128,0.5278220437511691,0.5486017556203241,0.4422522717158709,0.5055375727944585,0.5034552103860985,0.5055375726549372,Iran
84,-0.03753870144097884,0.5269018905423446,0.5465290397384658,0.4281637849351367,0.5082091963227339,0.5059366156187212,0.5082091962124998,Iran
85,-0.016013981673348394,0.539441796819289,0.5536316085866052,0.4311751924009934,0.5201997183131839,0.5171069414082293,0.5201997182260895,Iran
86,-0.005656348016356796,0.5445516795225526,0.554785674528743,0.42721976040728926,0.5260468179174107,0.5231647203600763,0.5260468178485985,Iran
87,0.01953823960032429,0.5637877907881178,0.568456252086184,0.4365738725171264,0.5431442226379214,0.5405316370374248,0.5431442225835538,Iran
88,0.06388161918483284,0.5993952177462024,0.6028690300575207,0.4672485997839743,0.578067810602397,0.5750661947785499,0.5780678105594418,Iran
89,0.06164649233940955,0.5840149903126303,0.5847060765305494,0.4510135607677142,0.5600788697296144,0.556783854460962,0.5600788696956761,Iran
90,0.06575339193391841,0.5838617014107496,0.5852562579490262,0.4510299698912061,0.5577835091835283,0.5548014245150157,0.5577835091567139,Iran
91,0.12354786826389337,0.6342384995641044,0.6398051448971536,0.5016743386887451,0.6090084865323018,0.6069663255098428,0.6090084865111162,Iran
92,0.09889213148330044,0.6044144991529249,0.6097865315902743,0.4917916486073043,0.5799178516867892,0.5786912644160542,0.5799178516700507,Iran
93,0.07269600576759033,0.5765522474862076,0.5897451742534418,0.48607597584927287,0.5570179728886079,0.5539242581609113,0.5570179728753829,Iran
94,0.033340885649842285,0.5279954950841385,0.543604675695932,0.4549307803817919,0.5112002381592415,0.507880563308907,0.5112002381487927,Iran
95,0.001965017542835547,0.48599100858230687,0.5080797996987197,0.42799383741868274,0.4724516077313839,0.4692075981017592,0.4724516077231284,Iran
96,0.005590129596107222,0.4751861225653583,0.5001007701857799,0.4245254214668769,0.4611846590593044,0.4580518761534375,0.46118465905278183,Iran
97,0.02850856762110192,0.49652430903124417,0.5153263314227188,0.4440383712910594,0.47913727512747084,0.477224784969763,0.47913727512231746,Iran
98,0.026946586507953587,0.4889977990250236,0.5024221543945281,0.43107906117936046,0.4713851281975214,0.4691269790631691,0.4713851281934498,Iran
99,0.03558440768674359,0.4937012079593986,0.5032515636294876,0.43181882249540215,0.4758877575349989,0.473569565639162,0.475887757531782,Iran
100,0.02608735403380147,0.4863397938273077,0.49101557896583836,0.42254468321138233,0.46539027648840353,0.4634753219656104,0.4653902764858619,Iran
101,-0.0030838358724315576,0.44971814469755894,0.4506608104026794,0.3842581443716857,0.42636172520774324,0.42417179828883284,0.4263617252057351,Iran
102,-0.03748191078131942,0.40456770515708884,0.40595120233954013,0.3411151827066746,0.3849310547107798,0.38195062733779467,0.3849310547091932,Iran
103,-0.08404712631738245,0.3494980779301431,0.34890342839858923,0.2878043779173396,0.33129832031468753,0.3286377462186938,0.331298320313434,Iran
104,-0.07248307755141581,0.35735162852942864,0.3623065143260463,0.3042860111071645,0.34256746027463547,0.3399924116032374,0.34256746027364504,Iran
105,-0.0039360211782294985,0.4201549680095813,0.42622147951147654,0.3695725992213291,0.4018145763781871,0.3992485295674954,0.4018145763774046,Iran
106,0.01087271064771407,0.4361020323266615,0.4571224292736923,0.3885242983005656,0.416831326295613,0.41372942351644915,0.4168313262949947,Iran
107,0.01046619528953839,0.4324538182930313,0.4584572551508508,0.383964233912666,0.41054453891326853,0.4044604786213861,0.41054453891278003,Iran
108,0.028852083817160347,0.44088042895610363,0.466256817261608,0.39180522850965005,0.4197510323015861,0.4140271850409133,0.41975103230120014,Iran
109,0.0437776860773445,0.45357999086552725,0.4759046826422517,0.39219622073133303,0.4334687376940656,0.4283776617110719,0.4334687376937606,Iran
110,0.03223479518663738,0.4394959354742956,0.4567458336444067,0.37944188033707227,0.42021592506835825,0.41547537597010903,0.4202159250681173,Iran
111,0.047852579373508855,0.4518989559504817,0.46372583751954694,0.38506030276880165,0.43070483195715437,0.4263352612141026,0.430704831956964,Iran
112,0.07514724334886519,0.47721621207199516,0.4841346484573711,0.4012585713974839,0.45470281441393184,0.4507419699779661,0.45470281441378146,Iran
113,0.09599341389171803,0.4988977757539457,0.502063509954531,0.4195244193426812,0.47445547566331514,0.4709282089699793,0.4744554756631963,Iran
114,0.13344369367949546,0.5327191512885538,0.5315495392466374,0.4480196113787127,0.5065083195918031,0.5035292298992736,0.5065083195917092,Iran
115,0.12489915935508587,0.5177484046640705,0.5157405752847,0.4356201333431614,0.49521049715870735,0.4932333760731898,0.49521049715863313,Iran
116,0.048337810275184565,0.4370786201040293,0.4341741008352909,0.3520049129971789,0.41231813148621155,0.4100678132729059,0.41231813148615293,Iran
117,-0.008750534713846556,0.37626272902881347,0.37645988674820696,0.2922547124939187,0.3502277322276569,0.34756103563017404,0.3502277322276106,Iran
118,-0.006860117601862486,0.37709700535562335,0.3804059677177913,0.293930977148745,0.3500550361343552,0.3470593643645836,0.3500550361343186,Iran
119,-0.004357929376777099,0.36827099531854923,0.3790162139168685,0.29838241605668464,0.3456381389454501,0.34268013924127305,0.3456381389454212,Iran
120,-0.026434783591756744,0.34182836890039997,0.3593836482608088,0.28211271450176834,0.32262807321579917,0.3186005836058763,0.32262807321577636,Iran
121,-0.032730321738431364,0.3336671295119266,0.3560475762197618,0.25155412687286427,0.31257290451666614,0.3079065548613475,0.3125729045166481,Iran
122,-0.020642805547207325,0.34033725390466085,0.36239151976460865,0.255029004906791,0.3194232511083393,0.3151026957625692,0.3194232511083251,Iran
123,-0.006894963286252526,0.3557080388449681,0.36867638658997137,0.26898238594996277,0.3320555856646383,0.3277379141664908,0.33205558566462706,Iran
124,-0.003786793346237799,0.35604951320696954,0.363243298518626,0.2716451782242314,0.3305045171386457,0.3266260665172088,0.3305045171386368,Iran
125,0.0056551886841868515,0.35912526941270606,0.3643616562361577,0.2747283674234388,0.3332429829471145,0.32969054195001657,0.33324298294710747,Iran
126,0.01189825269820706,0.36686933987974024,0.37360991074641586,0.27990216980579796,0.33947873192829014,0.336381409647768,0.3394787319282846,Iran
127,0.04476372324862009,0.39705553452679243,0.40259178875000995,0.3066177102725106,0.3685605326997173,0.3649711531403222,0.3685605326997129,Iran
128,0.09232448701891176,0.43731781925320357,0.4461078094743558,0.35344778619914646,0.41086513378871053,0.40845615876615393,0.4108651337887071,Iran
129,0.0970400063947031,0.43820732377904686,0.4552089681419317,0.3611816894914545,0.41067224900556715,0.40933040200965015,0.4106722490055644,Iran
130,0.05894681142597444,0.3974299715658069,0.4172972521913648,0.3311148891912549,0.37247887770495175,0.3714859885105963,0.37247887770494964,Iran
131,0.002531051289051331,0.3360255712505879,0.35387282421598665,0.2798197246117683,0.31447281343827,0.31317893014521087,0.31447281343826833,Iran
132,-0.037579446368308296,0.2903839680929592,0.32028349011624935,0.2389797982505398,0.2700835248578072,0.2685759012487193,0.27008352485780585,Iran
133,-0.04038324074462634,0.2861404517307252,0.31802820968435713,0.23208047157069095,0.2631435350989,0.2608284262955529,0.26314353509889893,Iran
134,-0.0257507889211884,0.29561829425920866,0.32220672285145685,0.22407575516782988,0.27299687637749903,0.2704582842432083,0.2729968763774982,Iran
135,-0.03218141410763528,0.28664522751774635,0.30466062029617763,0.2063872287048366,0.2620347597508036,0.2593926709596423,0.2620347597508029,Iran
136,-0.015233742903539536,0.30173310574314494,0.31359162256045836,0.22111258971285666,0.276913314324061,0.2742217431118393,0.27691331432406047,Iran
137,-0.007444085003016271,0.3065998634677581,0.3125239396289359,0.2285245612480089,0.2800458777414923,0.27764888631880896,0.28004587774149187,Iran
138,-0.017080966294410138,0.29137763492157387,0.2951246226261839,0.21490459122078054,0.2659739083210219,0.2632997540442528,0.2659739083210215,Iran
139,0.0018966901054048614,0.309730006400654,0.30950136509027243,0.22859468060299926,0.282958615098439,0.28009654412182466,0.2829586150984387,Iran
140,0.017018814935904184,0.3178992653951278,0.3266450759863068,0.24154482993015064,0.2919726679069256,0.28924758904864,0.2919726679069254,Iran
141,0.03519647230185292,0.33234010028834254,0.3502026970957077,0.25563076378704075,0.30683557272955314,0.3034414929445835,0.3068355727295529,Iran
142,0.019513442494347687,0.3164544163526434,0.3303704252910798,0.2449334625723928,0.28928917789257447,0.2858112606921599,0.2892891778925743,Iran
143,0.001537273088323153,0.2902172644705717,0.30529194672602156,0.22485967325670753,0.2668184756807204,0.2625091568291803,0.2668184756807203,Iran
144,-0.020350958338411516,0.26856258293232566,0.28169464096417723,0.19994821095064297,0.2428903281618584,0.23872383759890164,0.24289032816185832,Iran
145,-0.034465420189015376,0.24895032912465703,0.2682432308502396,0.17035512526564428,0.22414184279586497,0.22053282357121773,0.2241418427958649,Iran
146,-0.020480941166401267,0.25885051719230606,0.2774781083388968,0.16987173827504426,0.23370946176238416,0.2303379260358298,0.2337094617623841,Iran
147,0.003957435785024138,0.28165685451973665,0.29410186586201226,0.1815546672031205,0.2561692908559546,0.2528306123018688,0.2561692908559545,Iran
148,0.005904047202670161,0.2801668314674003,0.2858469615718971,0.17466775978859359,0.25353036500584053,0.2499497045092085,0.2535303650058405,Iran
149,0.006731475663198039,0.2772248520018006,0.28062473297584256,0.16993891723516663,0.25149039787346855,0.24805594082792748,0.2514903978734685,Iran
150,0.039887533142996805,0.30415490589917366,0.30857445898547226,0.196939881250975,0.2801142290473572,0.27683156607705595,0.2801142290473572,Iran
151,0.07112615835919214,0.3295367282630483,0.33605275742676544,0.23249979649052355,0.30474968870541247,0.3024665275430385,0.30474968870541247,Iran
152,0.05415076007585474,0.30940113165378186,0.3160781853105561,0.21490561895530674,0.28633510504342086,0.2847348547505152,0.28633510504342086,Iran
153,-0.01099636007928434,0.24000435404030193,0.24389509139723572,0.1591013940485703,0.21853974704103,0.2162450059258475,0.21853974704103,Iran
154,-0.027437262764402514,0.21732076154776206,0.22650508402897948,0.15141303806341855,0.1992509278548356,0.1964786338458982,0.1992509278548356,Iran
155,-0.0025637902250991926,0.23666732049258488,0.251306165624204,0.18053160080344624,0.22111872037305194,0.21780524907282608,0.22111872037305194,Iran
156,-0.0425554289002847,0.1939383929556934,0.20455291805040565,0.1403049253664246,0.1768633876816371,0.17333646732780905,0.1768633876816371,Iran
157,-0.09505347995121688,0.13645598439786227,0.14444134110551762,0.08584738978989201,0.1209966471720848,0.11754333801920712,0.1209966471720848,Iran
158,-0.12113377259152641,0.10530424832240401,0.11408250828092356,0.057085566707012,0.09112142951050639,0.08772627961477375,0.09112142951050639,Iran
159,-0.09941338948888036,0.1230680710686719,0.13094734116031798,0.05305132370190764,0.10908791341708393,0.10523134367181364,0.10908791341708393,Iran
160,-0.04643840842334824,0.1709928690048013,0.1774900255455509,0.0836512840424666,0.1575858312068122,0.15379332160939232,0.1575858312068122,Iran
161,-0.0035988186167171046,0.21440107746215897,0.21610339182741584,0.1169331337529988,0.19764372931764443,0.19335345676654675,0.19764372931764443,Iran
162,0.03039664109504201,0.24514309113396632,0.24492962706039878,0.1444647320492477,0.22641909821011305,0.22262660926807049,0.22641909821011305,Iran
163,0.06685127153152215,0.2820413015629996,0.27759012144723766,0.18195722593284142,0.2602605585586914,0.25658675674036846,0.2602605585586914,Iran
164,0.10435860729490716,0.31254255531704833,0.3122956610412037,0.21799541963688882,0.2911697941375805,0.28874628608561137,0.2911697941375805,Iran
165,0.12104980454668031,0.3280719489616499,0.3309983893714174,0.24206853397774966,0.30415907393712927,0.3029094956481219,0.30415907393712927,Iran
166,0.14153196791954714,0.34886079738399123,0.3603102712497093,0.2545183094254998,0.3239831344034324,0.32339564714541746,0.3239831344034324,Iran
167,0.0969993453593394,0.29929526004587065,0.31425501919013965,0.2204853975760703,0.2774193971478755,0.27736888252654357,0.2774193971478755,Iran
168,0.061866987895689056,0.2555616651482047,0.2739548989311769,0.1915816333758991,0.23765997003851635,0.2372856228823523,0.23765997003851635,Iran
169,0.05824609996653991,0.24983543589713594,0.269361083752974,0.19373572018856974,0.23189445037543244,0.2306011463819,0.23189445037543244,Iran
170,0.05938584340659965,0.2501184432305869,0.2682952462784494,0.19651414998131128,0.22907301388005327,0.22867889964690002,0.22907301388005327,Iran
171,0.07253782448855561,0.2562949139363379,0.27410165859412544,0.20441308689891674,0.23682858380355354,0.23670928266250485,0.23682858380355354,Iran
172,0.08753804495005543,0.26910345066977864,0.27912858501397886,0.21044224940374692,0.24680959159950688,0.24691196030070925,0.24680959159950688,Iran
173,0.07446061384571774,0.2547687315584552,0.25828146539711105,0.19316654302333663,0.23127770163664,0.23173818451379125,0.23127770163664,Iran
174,0.07080832607230367,0.251891720932673,0.24931092624445364,0.1893153046263823,0.2264417557396058,0.2267738144977832,0.2264417557396058,Iran
175,0.06185525331379325,0.23784677036493307,0.2350788008875398,0.1761255625236962,0.2135311778043554,0.21380056617938759,0.2135311778043554,Iran
176,0.021890137735773037,0.19426605199826663,0.18744055201780652,0.12331195015576656,0.16817255444716633,0.16776770176774436,0.16817255444716633,Iran
177,0.020014435906816706,0.18997001469493668,0.18477169468302937,0.10983972004866459,0.16279108998154518,0.16219718168836894,0.16279108998154518,Iran
178,0.01771818004039584,0.18203248794818175,0.18499964212957698,0.09907030668168942,0.15848055448308146,0.15737168303268645,0.15848055448308146,Iran
179,0.024093791898301357,0.182980031807131,0.18600055671052423,0.11113037744162008,0.16099797591414813,0.15948917088812065,0.16099797591414813,Iran
180,0.09627309298264274,0.24776875986806332,0.2506012307016016,0.18777452064654132,0.22861781457106148,0.22675067921108422,0.22861781457106148,Iran
181,0.11192353619127003,0.2636145700982202,0.264492467779897,0.20198073395995508,0.24142146358065703,0.24015674244861648,0.24142146358065703,Iran
182,0.10151699832698036,0.24710172315502932,0.2513574654604892,0.16651088192380387,0.22649897630511534,0.22557581677640925,0.22649897630511534,Iran
183,0.07634018995540251,0.2154432237163269,0.2200772250985027,0.1320399852290564,0.19699859669892716,0.19517273796181842,0.19699859669892716,Iran
184,0.06955802766228777,0.20651119476514973,0.20850572490018585,0.12602352971587122,0.18831159283840543,0.18660447951611897,0.18831159283840543,Iran
185,0.05420631554839988,0.18957194934237154,0.18673057963211423,0.11114416380463248,0.16918815589612618,0.16805184099935994,0.16918815589612618,Iran
186,0.03503772162312728,0.16805303059437904,0.16280885574085646,0.09244635325867664,0.1455284148936627,0.14477845996731026,0.1455284148936627,Iran
187,0.015163241467009078,0.14291166987304776,0.1376831189027093,0.07089558614463416,0.12059438145282499,0.11999629208513661,0.12059438145282499,Iran
188,-0.01656421351948044,0.10690312994745566,0.10064762136762376,0.03654281327297675,0.08411386084698616,0.08264868829834389,0.08411386084698616,Iran
189,-0.06589983252363446,0.05362356599532811,0.04856234278844092,-0.008181514201122661,0.03404521842733364,0.03246882977741229,0.03404521842733364,Iran
190,-0.11221885150215383,0.002132723102312807,-0.0012478737103705437,-0.050618295298864996,-0.014364108970972608,-0.017036269001717036,-0.014364108970972608,Iran
191,-0.09770112943039257,0.011019560178472762,0.011572988079381213,-0.03459965103706246,-0.0037646466872308677,-0.006522053846252663,-0.0037646466872308677,Iran
192,-0.10896628588344281,-0.006861252340981311,-0.003267585628643002,-0.046829807548194394,-0.01888114753927765,-0.02133469985864296,-0.01888114753927765,Iran
193,-0.09897246877733057,-0.003189042222773053,0.007135955324978923,-0.03889171473652582,-0.012685805849359015,-0.015467574615907812,-0.012685805849359015,Iran
194,-0.057762591982747996,0.03530082957628984,0.04237073892092561,-0.007230577858906843,0.020989476361865024,0.018680621009059994,0.020989476361865024,Iran
195,-0.017263413625063978,0.07491785836942533,0.07821538498994061,0.02999504910450996,0.059313559323252406,0.057811323457256474,0.059313559323252406,Iran
196,-0.012880561629138948,0.07802727330193193,0.07725067364395194,0.031106268237018373,0.0612223185448723,0.059631002856171296,0.0612223185448723,Iran
197,-9.947045664655124e-05,0.08687952025832787,0.08718608872596625,0.029380793103161246,0.07129308298452064,0.0686384530243607,0.07129308298452064,Iran
198,0.012260359489441201,0.09660908469180826,0.09945438639836801,0.02785920935229163,0.0800003627513798,0.07692054571292431,0.0800003627513798,Iran
199,0.04395217297253489,0.12703497751292064,0.1313438349683351,0.05464292348558238,0.10956192166487434,0.10616709672589295,0.10956192166487434,Iran
200,0.0883933999643017,0.17031418185254216,0.16954976830738938,0.09353407550770454,0.14929774987942235,0.14608008848380621,0.14929774987942235,Iran
201,0.08757084034764129,0.16839682412963108,0.17099043995646457,0.09688418282968551,0.14551309364256731,0.14324398913655043,0.14551309364256731,Iran
202,0.1085143603698682,0.1816273310770001,0.18934505020485123,0.12088693866533694,0.16260514335614534,0.16115454185368572,0.16260514335614534,Iran
203,0.14957049248958632,0.21567422605266667,0.22487166437717732,0.1662443747115227,0.19986270058008349,0.19902735889996073,0.19986270058008349,Iran
204,0.17672205177052713,0.2419728590675649,0.24414558412629667,0.19309214148961804,0.22250189889310124,0.22203918814876286,0.22250189889310124,Iran
205,0.19667687492631003,0.2536493708857297,0.2544462904662735,0.20922558338609096,0.23662482989041925,0.2364601040715055,0.23662482989041925,Iran
206,0.18665086652541302,0.2403269954792323,0.24446685747819252,0.20292743295316346,0.2250134311883687,0.22488328345083752,0.2250134311883687,Iran
207,0.1591824905311514,0.21297625907237716,0.21786374376682188,0.17394661417292923,0.1940257246766291,0.19407299768136965,0.1940257246766291,Iran
208,0.143495308001216,0.1947497742446423,0.19984181454606287,0.15519079907614847,0.1763135427076251,0.176525700717372,0.1763135427076251,Iran
209,0.12830045752398944,0.17480122669019135,0.17998602942767475,0.13553738358043882,0.1572520322227717,0.15784127124058797,0.1572520322227717,Iran
210,0.10390348707077963,0.14670624007371919,0.15267645226107535,0.10525702831098989,0.1275333295827298,0.12875039334029964,0.1275333295827298,Iran
211,0.11037539592368477,0.14886063078571743,0.1572211971218812,0.10786839421208645,0.13055618476550718,0.1320228917445787,0.13055618476550718,Iran
212,0.08730114798074133,0.12485035304647843,0.1340524722389978,0.08313073076520566,0.10551246221101618,0.10674828271731192,0.10551246221101618,Iran
0,0.29805918433547235,0.29805918433547235,0.29805918433547235,0.29805918433547235,0.2122695455529714,0.29805918433547235,0.29805918433547235,Vietnam
1,0.30851988761072613,0.26646229066271787,0.33273571807887065,0.3267213930190519,0.20870050392359843,0.2712825528548264,0.26962442438903844,Vietnam
2,0.22879935697182005,0.15535119258473834,0.25451681306169494,0.2582327556067949,0.11928798318291099,0.16313946025004006,0.16255339538833424,Vietnam
3,0.22389176993740859,0.13100691950249854,0.23692725089942857,0.2645940760204702,0.10790051270354602,0.13873283950515783,0.13862565118781423,Vietnam
4,0.32414541779996264,0.21240501453013938,0.34830049222932297,0.37374710246646253,0.20289760630902837,0.2244966138230124,0.22471720970019,Vietnam
5,0.2587096728218647,0.13419636587111555,0.2889390531344125,0.31537786550487723,0.13436502641946185,0.14849190624403902,0.14986032166089286,Vietnam
6,0.31485246738915773,0.18216025133380453,0.3315039348397823,0.3594525200770032,0.1871821638783519,0.19824682764120383,0.1981862215743031,Vietnam
7,0.4004532318934621,0.26070735352144925,0.4089735413581032,0.4452922486252959,0.2712723241769796,0.27872383927278455,0.2790869081451545,Vietnam
8,0.42045296895538314,0.281393840514825,0.40690908830583505,0.43977755627856446,0.29021160970370957,0.29466284067009996,0.29576117371754834,Vietnam
9,0.4479921959001172,0.303318276414502,0.41009854365490445,0.438515182216916,0.31670929192106695,0.31889623295034125,0.32065034122952896,Vietnam
10,0.49999369148206824,0.3575784251048623,0.45607218923258913,0.4768790410799317,0.36872395091334614,0.36927637406717473,0.3715227058449043,Vietnam
11,0.42354311317866966,0.27920369133544176,0.3736289431017959,0.4164733313058715,0.29137427831896184,0.2900071873012847,0.29336182745977124,Vietnam
12,0.4346697031959745,0.29244380375156476,0.3827096304386252,0.4433756499589995,0.30249564970493026,0.30185055229032187,0.3039071171909144,Vietnam
13,0.431773920547222,0.2867425249119686,0.41797284073285534,0.4526093093517707,0.29926001012333714,0.29796016051426716,0.3002623704791566,Vietnam
14,0.4079069365533259,0.260961536167182,0.44251962066629735,0.39698022968040625,0.2759522226351633,0.2752800181453794,0.2766640536145486,Vietnam
15,0.40669067427423244,0.2601884421919102,0.47075793108671904,0.3695074208231239,0.2753302636141678,0.2768470623819818,0.27583577377353397,Vietnam
16,0.39911341255422994,0.2528381495230677,0.4996951014116161,0.3865811263587202,0.26733143370053003,0.26910813281710677,0.26769042414717104,Vietnam
17,0.40680550408915217,0.2587922225459768,0.5292668584624481,0.39439095529931295,0.27549180788095456,0.27517194257333033,0.27574674665595583,Vietnam
18,0.378781466203567,0.2299890408822431,0.47164849774806394,0.38379128130370443,0.24820291361326002,0.2488649877685842,0.2483839595982083,Vietnam
19,0.3360524002855969,0.18887827260403842,0.3811551097590561,0.34359529868933725,0.20538088192124926,0.2070997795691394,0.2055094525895037,Vietnam
20,0.32307363162058594,0.17353162392714172,0.3337065791444672,0.34399836371063,0.19265469090542797,0.19512665818514296,0.19274599597767314,Vietnam
21,0.3180015981470361,0.17213162376423635,0.2992494624137275,0.34580731051119773,0.18807128274497206,0.1901109720639677,0.18813612347677255,Vietnam
22,0.30870346728558135,0.15947798641202127,0.2690133569082978,0.3313765645233698,0.17827422200550186,0.18095256841655283,0.17832026895992664,Vietnam
23,0.32441047235325104,0.1772096516991397,0.28443502638335333,0.32315519003140547,0.19490854882301212,0.19849222410697315,0.19494124928694767,Vietnam
24,0.3944832766176415,0.24682319086540472,0.37304472691550794,0.40615792169057824,0.26444829177819557,0.2676155108896847,0.2644715141683614,Vietnam
25,0.47068243771432416,0.3204150763293458,0.46782148645330657,0.4972150159541486,0.33986856520877845,0.3429429100141244,0.3398850566997272,Vietnam
26,0.48687010992440577,0.33502571338818404,0.5128565801663134,0.5178375582137226,0.35629521423734695,0.35822499863166535,0.35630692574816786,Vietnam
27,0.4628078923714295,0.30984778840921795,0.5257462949647611,0.4990758269740528,0.3319887998909873,0.3342958228594481,0.3319971168761606,Vietnam
28,0.30257978330743085,0.15173781911080386,0.3523317368677712,0.35209156160217514,0.1727304620553738,0.17161523378977966,0.17273636840199563,Vietnam
29,0.2150880101998687,0.06462568920745841,0.2162986064725535,0.24597308607230173,0.08568478026579417,0.08414313661977872,0.08568897468597052,Vietnam
30,0.1563755970283114,0.004111333913005291,0.12867388756568157,0.1973418073439503,0.026280339574102002,0.02614651029746684,0.0262833182615618,Vietnam
31,0.10912405109532242,-0.0415400667603151,0.06476053592300235,0.1520983494720492,-0.021746706405300915,-0.02056338191164257,-0.021744591076218435,Vietnam
32,0.09801185959898265,-0.051578566720563726,0.03708351332824533,0.14258873987266396,-0.032260994087126,-0.030849238259764284,-0.03225949187610602,Vietnam
33,0.14133653065266927,-0.006551446259361493,0.06544068511175041,0.16415544021402625,0.011051627188184816,0.013299853379899966,0.011052693990493377,Vietnam
34,0.19027500793837476,0.04671173295272568,0.11485079133033148,0.18824220158657196,0.05972720654126473,0.06222774717212727,0.0597279641360037,Vietnam
35,0.18205412355027462,0.03360501154047267,0.11100849246921084,0.16040410940592284,0.050459823774126084,0.05269469963044118,0.05046036178363722,Vietnam
36,0.12848598290479446,-0.020184880543042585,0.06683648620503754,0.09743078224844236,-0.0039619325768177754,-0.0013882377391377376,-0.00396155050680172,Vietnam
37,0.1174924174554612,-0.0271526397743182,0.08928307226327555,0.09149732700146719,-0.014097271780804041,-0.010643078525225919,-0.01409700045196293,Vietnam
38,0.23264314675045766,0.08987952982298864,0.23375326889951972,0.2292429554215514,0.10226367607027723,0.10525025969896631,0.10226386875574567,Vietnam
39,0.3937238724400205,0.24745704575868116,0.4264483380055889,0.3950928161082234,0.2627131070905162,0.2667110437866894,0.26271324392701906,Vietnam
40,0.41688805485417324,0.26876336781564836,0.46782461267319714,0.43786706472333214,0.28527120674689255,0.28684700899166266,0.28527130392198663,Vietnam
41,0.46864205891865884,0.3205151699820692,0.5317442134885267,0.4943056967610687,0.33806476623985793,0.33867828709937253,0.3380648352492137,Vietnam
42,0.42529380005062883,0.2770123136521016,0.5052177155979026,0.4338703818777477,0.2949094019799971,0.2934947604954507,0.29490945098731974,Vietnam
43,0.5141868685145138,0.36575366092280465,0.5670090342216031,0.5367859418103567,0.38362037062147003,0.3833484252428634,0.3836204054242536,Vietnam
44,0.5085985244151738,0.3630210778377576,0.5277304377873595,0.5207787610970749,0.3789736265188843,0.3775116306637882,0.3789736512342467,Vietnam
45,0.5410943266920745,0.39601452318024066,0.5375493191829414,0.5415291070421118,0.4106541870281165,0.4081760659579321,0.4106542045798488,Vietnam
46,0.5438391027752095,0.3989781366121265,0.5289219611978795,0.5540741764364171,0.41403513403789616,0.41146417259720725,0.4140351465023423,Vietnam
47,0.5670014399491045,0.4201056672731709,0.5520448229677689,0.5821709795452651,0.43767977566295957,0.43547609928474085,0.4376797845146453,Vietnam
48,0.5655639897457422,0.41733407680463774,0.5755480266915163,0.5740005014470854,0.4360156429666585,0.4341080388927795,0.4360156492527253,Vietnam
49,0.5112151240622087,0.36077184044442623,0.5581452830367282,0.5340123671221249,0.3813893709518545,0.3795427701844033,0.3813893754159347,Vietnam
50,0.5640995937268944,0.41456993411114795,0.6181212949008404,0.6017702442362116,0.4343192875029836,0.4349373950601488,0.4343192906731714,Vietnam
51,0.6262409614681771,0.47746912368170275,0.6598624338665484,0.6769148037052694,0.49679567438096134,0.4968655118460872,0.49679567663228535,Vietnam
52,0.6601603280491725,0.5098516746637132,0.693618458269633,0.7031491147262556,0.5307111961580899,0.5302614771395623,0.5307111977568784,Vietnam
53,0.6131644581452652,0.4622675687279753,0.6738021042730756,0.6597359916737959,0.48391355058157953,0.48387482232826684,0.48391355171696665,Vietnam
54,0.4143530134636198,0.2662764802256118,0.45740171108120775,0.4643674050822572,0.28522167806695947,0.28290592177905893,0.28522167887326,Vietnam
55,0.3501050014226508,0.20752033294093522,0.3664834224984771,0.40231435680532845,0.2218319673338129,0.22217364338001072,0.2218319679064111,Vietnam
56,0.4110622191079444,0.27059993266410165,0.4159565907449028,0.465253765377808,0.28349821115027257,0.28491717542699374,0.2834982115569059,Vietnam
57,0.48941595859637205,0.34513348548509937,0.46787272283534065,0.5253362528791237,0.3607976152001027,0.3618713735825284,0.36079761548887523,Vietnam
58,0.5374948125110968,0.396856175508601,0.4971950984355751,0.5747840377479259,0.40900926613667976,0.4102997035277693,0.409009266341753,Vietnam
59,0.5948534685541449,0.45419993537663794,0.5570403327173074,0.6306419784775261,0.46589162629494785,0.4659446623916534,0.4658916264405816,Vietnam
60,0.6442187881364361,0.49871054031841666,0.6098936930464615,0.6863015633490567,0.514545213899488,0.5149313929080298,0.5145452140029105,Vietnam
61,0.6689724586919205,0.523647611237241,0.659987393447134,0.7008409995494004,0.5401088794637282,0.5394147980290898,0.5401088795371742,Vietnam
62,0.5956876434899503,0.45116339499731595,0.6215532421141111,0.6240786439889934,0.4672451345113918,0.46852099868560027,0.4672451345635499,Vietnam
63,0.5768935271591231,0.4340581954454963,0.6082545777717121,0.6087499464918609,0.4495770869236635,0.45084318184912575,0.44957708696070364,Vietnam
64,0.5708392661633443,0.42694029359551355,0.6281092671382246,0.619573685712798,0.44462059001939913,0.4441875103612625,0.4446205900457034,Vietnam
65,0.6807827033093999,0.5368317568108838,0.7343244276721512,0.7289896855801334,0.5553167822526012,0.5563040995368154,0.5553167822712812,Vietnam
66,0.7674173986691902,0.6226000869392284,0.7745661115403113,0.8210156932797082,0.6427307009296416,0.6428208091436654,0.6427307009429074,Vietnam
67,0.661246894237481,0.5212413301235275,0.6402838026306201,0.7174206511113084,0.536675155880203,0.5357082976339216,0.5366751558896237,Vietnam
68,0.5987269023215767,0.461954999956028,0.5627123918670879,0.656165406258503,0.47450674320184943,0.4738719194177051,0.47450674320853964,Vietnam
69,0.6397219701092681,0.49950412717459797,0.5914602778761321,0.6926864245678287,0.5144421993399156,0.5126261821395869,0.5144421993446667,Vietnam
70,0.6554709827598375,0.5199731576394762,0.6010878547792203,0.6993275625702982,0.5306910229130976,0.5272560724995825,0.5306910229164715,Vietnam
71,0.6336477159280755,0.4952066737580225,0.5930454205429311,0.6771296339451713,0.5090937587308468,0.5052514259250865,0.5090937587332429,Vietnam
72,0.6972867864350937,0.5556305781373938,0.6610197654389135,0.7315567935516945,0.5726540580252646,0.5686437570951943,0.5726540580269662,Vietnam
73,0.7077515217474813,0.568171582197743,0.6935642080561217,0.7440748714719667,0.5831347437065031,0.5787205070934235,0.5831347437077116,Vietnam
74,0.5799571906689507,0.4376205102257875,0.6020201882321692,0.61080602938217,0.455655614121104,0.45073104372851464,0.4556556141219622,Vietnam
75,0.45200229451375074,0.3084056593528412,0.49975520228563935,0.49518427952039445,0.3270859793460592,0.324814810066485,0.32708597934666866,Vietnam
76,0.4891595353489951,0.34529032945674565,0.5595969114059142,0.5242581003654796,0.36460574571306853,0.3615061360036346,0.3646057457135014,Vietnam
77,0.6234669713910151,0.47968263736346883,0.6862508032319402,0.6703152669513064,0.49953415576961235,0.497512924832349,0.4995341557699198,Vietnam
78,0.6879484002750555,0.5460307732314509,0.7181104367643913,0.7340944751382141,0.5636524246529107,0.5615037041384757,0.563652424653129,Vietnam
79,0.7079034900010586,0.5657662272607534,0.7138232803694576,0.7553375303741291,0.5838322979542035,0.5816125253534992,0.5838322979543588,Vietnam
80,0.6811398253363061,0.5374404985396695,0.6741584901057355,0.7176888965578806,0.5572744615275256,0.5547349563713637,0.5572744615276357,Vietnam
81,0.6549491035190086,0.5155226779572252,0.6361655698326172,0.665488782630624,0.5316479751636527,0.5288126110767252,0.531647975163731,Vietnam
82,0.6761257384293885,0.5418052711057155,0.6478680877365377,0.6782793707325004,0.5536569466017139,0.5512764266903086,0.5536569466017695,Vietnam
83,0.7974134546683284,0.662918226123457,0.7528040036492847,0.7728709426423973,0.6748419495935275,0.6718884913697311,0.6748419495935669,Vietnam
84,0.8965572340999208,0.759213971472314,0.8401210557715638,0.8732524339726203,0.77462024115111,0.7716642165101876,0.774620241151138,Vietnam
85,0.784942990065,0.6500061622743383,0.7268313006914557,0.7565105987533969,0.6635131767569401,0.6607554189105662,0.66351317675696,Vietnam
86,0.681118666676767,0.5456235107180248,0.6483134439941758,0.6440245881633506,0.5602256992257976,0.5574171145318305,0.5602256992258116,Vietnam
87,0.5641374186484995,0.42715869732699,0.5651716528963613,0.5590180822272948,0.442868358498328,0.440954037891683,0.4428683584983379,Vietnam
88,0.6557351737129384,0.5200353470728295,0.6467670799672248,0.6461060798861611,0.5341722827470424,0.5339897672587426,0.5341722827470495,Vietnam
89,0.6812159916089366,0.5437743779039832,0.6707364814650102,0.6830584334992531,0.5585498978535128,0.5558356946729914,0.5585498978535179,Vietnam
90,0.5341258078208476,0.39727248545490135,0.5444276182497432,0.5556674802286238,0.411705936311358,0.40777687346519426,0.41170593631136165,Vietnam
91,0.4705547207328258,0.331156044772085,0.46738831545876963,0.4959845202472826,0.3485293044183692,0.34596304237964287,0.3485293044183718,Vietnam
92,0.48784296397433075,0.3515217081765202,0.4626007491944887,0.5246064927398149,0.36569925433496026,0.3641378835239405,0.3656992543349621,Vietnam
93,0.5791879369057402,0.44643967935579554,0.5443660018754664,0.5967465732302024,0.457479891463603,0.45694273437590016,0.45747989146360435,Vietnam
94,0.578983582376153,0.4489345226633691,0.5303657497181697,0.5631524067349206,0.4568891301178072,0.45807753663009565,0.4568891301178081,Vietnam
95,0.5162109161195043,0.3858342850485871,0.46916086677276847,0.5160341619206932,0.3927411182518048,0.39558765298581433,0.39274111825180535,Vietnam
96,0.4189761616888285,0.2877981692455665,0.3806306684146568,0.43654410489542816,0.295163269715062,0.2982685859913553,0.2951632697150624,Vietnam
97,0.4250897936967063,0.2958092769380184,0.4024053602743431,0.458469625908576,0.3013826828806788,0.3042409465245194,0.30138268288067904,Vietnam
98,0.55172738245969,0.4223211045883557,0.5592041135779776,0.5791209094603066,0.4283648858341136,0.43112174204777914,0.4283648858341138,Vietnam
99,0.6998218067570281,0.5694080127498883,0.7087011659619872,0.7303953106432236,0.5762571962190925,0.5798678759849646,0.5762571962190927,Vietnam
100,0.7209906669969292,0.585506585726184,0.7225550696317329,0.7346927108761265,0.5970805206365309,0.6004086515679291,0.597080520636531,Vietnam
101,0.7578337992127806,0.6229478755695618,0.7441476925977663,0.7680633659971053,0.6339585977690946,0.6367040805485699,0.6339585977690948,Vietnam
102,0.8481217203231033,0.7090337918986134,0.8051713412814936,0.8746863521770198,0.7238875695265283,0.7251998808655999,0.7238875695265286,Vietnam
103,0.7512398218310274,0.6104181114229016,0.698913063657014,0.7877546425396512,0.6273410641581455,0.6279970247833456,0.6273410641581457,Vietnam
104,0.7195898015664385,0.5796297686525589,0.6683531104410054,0.7319616888797641,0.5959560840461569,0.5952913123443967,0.5959560840461571,Vietnam
105,0.6610217202996093,0.5256214065116819,0.6109562371425399,0.654300957302869,0.5385289398718556,0.5373868066881388,0.5385289398718557,Vietnam
106,0.6744354061944764,0.5356609567822098,0.616594621976159,0.6755197862102333,0.5519763945565744,0.5509601840699505,0.5519763945565744,Vietnam
107,0.694895676912824,0.5615511151765901,0.6460281590442913,0.698525674416942,0.5731931513481427,0.5718957932499857,0.5731931513481427,Vietnam
108,0.6930840942682847,0.5632779040960677,0.6682474349515158,0.7170239108485821,0.572861960818488,0.5714925465196332,0.572861960818488,Vietnam
109,0.8057800344751611,0.6719943659400126,0.7878279550892382,0.8200416806807664,0.6851832996469166,0.6844763867726601,0.6851832996469166,Vietnam
110,0.8027318666278478,0.6657259394717748,0.8178043989168957,0.819430456472403,0.6820483745707344,0.6837252211742556,0.6820483745707344,Vietnam
111,0.7130742201671676,0.5754192740081061,0.7753609254000552,0.7093132544735465,0.5931282256805077,0.5957558883280814,0.5931282256805077,Vietnam
112,0.7180382972788961,0.5795081670558961,0.771602038371338,0.7051752515585382,0.5984133560878137,0.5993563812060221,0.5984133560878137,Vietnam
113,0.7509450576686418,0.6100350177061141,0.777245057804684,0.7075699233843268,0.6305421840841313,0.6302097105589763,0.6305421840841313,Vietnam
114,0.7631139245151368,0.6221174561583667,0.7869260554106583,0.7491850583276722,0.6437640634759548,0.643047168231469,0.6437640634759548,Vietnam
115,0.734072401378551,0.5959059903044807,0.7566664176041579,0.7331017716384047,0.615500737260314,0.6143991287861904,0.615500737260314,Vietnam
116,0.6999740997864881,0.5634896986819838,0.7079074418512664,0.7111587121231818,0.5824543168290316,0.580413420012995,0.5824543168290316,Vietnam
117,0.7192630276951182,0.583281083972399,0.7067777019133982,0.7427652608116738,0.6024902431524816,0.5996272092689623,0.6024902431524816,Vietnam
118,0.7253105583312817,0.588724494574969,0.6964035277725529,0.7565992659588319,0.6081073157340341,0.6046604372974682,0.6081073157340341,Vietnam
119,0.7597230168783906,0.6227583735862273,0.7224654073011636,0.7953620947104593,0.6437093332444727,0.6387683926212097,0.6437093332444727,Vietnam
120,0.8366234998154944,0.7001801028630484,0.7932879009130582,0.8554452407595281,0.7205391749097921,0.7150363352761223,0.7205391749097921,Vietnam
121,0.8962456921327201,0.7598856721555198,0.8670118916810313,0.8884988727917265,0.7810014968910872,0.7764838027039318,0.7810014968910872,Vietnam
122,0.8879168447671476,0.752609222072868,0.8823754850773,0.8914251792075326,0.7735787133769876,0.7698020716622829,0.7735787133769876,Vietnam
123,0.7909340679701646,0.655155530347984,0.8147128153818498,0.8051664672647738,0.6768248717352272,0.6732951664353737,0.6768248717352272,Vietnam
124,0.6822512861289594,0.5476226805214424,0.7373747567528373,0.6857832515587471,0.5690890689051321,0.5682056452217691,0.5690890689051321,Vietnam
125,0.7257469401737077,0.5926499577184907,0.7880762626707695,0.7268105059627383,0.6118915718619863,0.6121255570832922,0.6118915718619863,Vietnam
126,0.6431155536920714,0.5086484631119593,0.6983717045797606,0.6657569573761736,0.5296423868929926,0.5277793190366175,0.5296423868929926,Vietnam
127,0.547898075609954,0.415407696995432,0.582300351892215,0.5597153347079246,0.43446956887241317,0.43412379677447166,0.43446956887241317,Vietnam
128,0.5071559365704539,0.3779790094357946,0.5136706938717489,0.49421977536257433,0.3927165452262234,0.39490601597982095,0.3927165452262234,Vietnam
129,0.5250399022702861,0.39837635792241494,0.5151020054628774,0.5179445830152272,0.4094140304288731,0.41260032482748116,0.4094140304288731,Vietnam
130,0.586876697872549,0.45865166775081434,0.5654070587101337,0.5992497083466115,0.47133835255807643,0.47397905931044415,0.47133835255807643,Vietnam
131,0.6342563743351846,0.5091312792780888,0.6091991730473668,0.6593005599910523,0.5190555749694107,0.5212662966505373,0.5190555749694107,Vietnam
132,0.7556165748411445,0.6318631344096626,0.7279139855150576,0.755273830140903,0.6396541839294873,0.6423709553591269,0.6396541839294873,Vietnam
133,0.8367515310507737,0.7085747192654324,0.8210653283483148,0.83748622533244,0.7206687970389978,0.7230731448591526,0.7206687970389978,Vietnam
134,0.9329214167056004,0.8051504837051412,0.9216263540432489,0.9143836769393849,0.8175666274078005,0.8211510716166509,0.8175666274078005,Vietnam
135,1.047747849680477,0.9168190565742619,1.0251066322965234,1.010720185435027,0.9328703926959753,0.9368802059209353,0.9328703926959753,Vietnam
136,1.0324103170576369,0.8988567915177627,1.0433463436676786,1.0044401400106826,0.9175398155077968,0.921524740838164,0.9175398155077968,Vietnam
137,1.055009092341315,0.9207552893699418,1.078285551855179,1.0170675577668042,0.9406301196532578,0.9434677316609685,0.9406301196532578,Vietnam
138,1.0116594002152972,0.8763510897233466,1.0283409827533683,1.0067340015788484,0.897441570561881,0.8975833556872028,0.897441570561881,Vietnam
139,0.9962826658902442,0.8598639407888247,1.020060661455378,0.980120550988681,0.8821511969432827,0.8819087657144369,0.8821511969432827,Vietnam
140,0.8360822237931216,0.7015713656681083,0.8443459737115073,0.8491330597929306,0.7239062722924756,0.7226034338734748,0.7239062722924756,Vietnam
141,0.7041449596970312,0.5750871952240276,0.6853816482190545,0.7081990803429615,0.5919845688663279,0.5910534392808001,0.5919845688663279,Vietnam
142,0.6503181478294994,0.5208669017448074,0.6120986466085586,0.634716819257532,0.5378948528301902,0.5352984260248194,0.5378948528301902,Vietnam
143,0.5579460105329316,0.42742485016784754,0.5082164674658332,0.5627506307041454,0.44652540710938876,0.4423293654963339,0.44652540710938876,Vietnam
144,0.5874272964001772,0.4583724618013585,0.5303924115063798,0.604029106809848,0.47534559981776336,0.4713547540466582,0.47534559981776336,Vietnam
145,0.5666497334712265,0.4397294155345242,0.5175133560218367,0.6037993925439739,0.456387157360402,0.4528004878261018,0.456387157360402,Vietnam
146,0.6443721107099227,0.5220418169168375,0.6024977311068738,0.651804721905621,0.5358591114488954,0.5342380945869185,0.5358591114488954,Vietnam
147,0.781856647874025,0.6586427923899376,0.7497725757081976,0.7910314819846489,0.6727552398025185,0.6727842934973822,0.6727552398025185,Vietnam
148,0.7886109836317341,0.6659749941502496,0.8004680780963995,0.7961727882263112,0.6822957527383642,0.681829333143023,0.6822957527383642,Vietnam
149,0.6346337806663609,0.513007977405527,0.6693207524824701,0.6606852788267247,0.5293817271918668,0.5263320468037946,0.5293817271918668,Vietnam
150,0.5610033980226818,0.44370151840438354,0.5951121313737939,0.5607024292504702,0.45879496398061204,0.4574361811793312,0.45879496398061204,Vietnam
151,0.5115037166655579,0.3983652094501104,0.5450974067348442,0.5081778937731607,0.41328760259640557,0.4145473313858846,0.41328760259640557,Vietnam
152,0.5989509217976203,0.4875258380558849,0.6225044733109962,0.5894314222057526,0.5008236540551547,0.5029546992010596,0.5008236540551547,Vietnam
153,0.6735146924325958,0.5575220344603915,0.6814552495750618,0.6608466899910896,0.5745350797616126,0.574478694777037,0.5745350797616126,Vietnam
154,0.7130088765255145,0.59563001178082,0.7098438448414218,0.6869187559741494,0.6147971264008161,0.61440778994687,0.6147971264008161,Vietnam
155,0.6815584907034816,0.5643991533939371,0.6728558047563018,0.6781398128563217,0.5848074813926275,0.5839694039771479,0.5848074813926275,Vietnam
156,0.6314229779644344,0.5202145332775491,0.6179058951394598,0.6191333834340651,0.5363959003756322,0.5357910842521262,0.5363959003756322,Vietnam
157,0.5905591068202781,0.4796593480262714,0.5756019792784655,0.5726194102847695,0.49675628755232515,0.49756797517436807,0.49675628755232515,Vietnam
158,0.5213550800574441,0.4118188354831268,0.5054991571141019,0.5005472361433093,0.42956597312836664,0.43138359762993894,0.42956597312836664,Vietnam
159,0.49516463750147915,0.3923742128158778,0.5110932163961747,0.501781865692197,0.40526329776329373,0.40757033714825364,0.40526329776329373,Vietnam
160,0.5769236545820899,0.47854054904240617,0.6474620210203835,0.5829648268496707,0.4897360810587257,0.4927601181193647,0.4897360810587257,Vietnam
161,0.5821947982072532,0.48362361418468364,0.6894534142150297,0.6153016950731285,0.49601897911238463,0.49873424774927755,0.49601897911238463,Vietnam
162,0.5995982240865861,0.5046227089717419,0.739133191828073,0.6050364251380472,0.5164295061426748,0.5192530326354685,0.5164295061426748,Vietnam
163,0.58875340441867,0.49520247311591753,0.7352061538443991,0.5748770759730898,0.5058893145344014,0.5090410044811915,0.5058893145344014,Vietnam
164,0.5847885493474214,0.4962401518984376,0.714405987680072,0.5622061948103741,0.5067179903824459,0.5089561780048086,0.5067179903824459,Vietnam
165,0.6191012813708965,0.5339049475873464,0.7212256568450427,0.5824176471537283,0.5421462722863376,0.5448312650709023,0.5421462722863376,Vietnam
166,0.7088758607398165,0.6241151102806384,0.7825133551745764,0.6599388139714757,0.6313399053588042,0.6335976668290951,0.6313399053588042,Vietnam
167,0.7653293058453712,0.6824790893285924,0.815909428352846,0.7272037299299696,0.6878385084710055,0.6906400846116066,0.6878385084710055,Vietnam
168,0.7387207753372732,0.6564391479817453,0.7664797633791532,0.6988437863239365,0.6630929262772507,0.6651694772716267,0.6630929262772507,Vietnam
169,0.5811915495490473,0.49810400978136893,0.5860323183661471,0.5797013583610895,0.5064289623195857,0.5091306489496741,0.5064289623195857,Vietnam
170,0.5083565646295343,0.4309855871070918,0.5298878280160627,0.5338066646128686,0.4369547659203138,0.43948376552852975,0.4369547659203138,Vietnam
171,0.5329551383609391,0.45907239019454615,0.5919813220867947,0.5901698432205844,0.464397739406859,0.46789827271610507,0.464397739406859,Vietnam
172,0.55942024074631,0.48497700291534046,0.6417510577440955,0.6051044875525626,0.49196736625138976,0.4965109800883574,0.49196736625138976,Vietnam
173,0.5892912165585069,0.5140958649746984,0.7014306179288845,0.6033513946189489,0.5217072857969565,0.5268857069569373,0.5217072857969565,Vietnam
174,0.6864777839347541,0.6106877765152814,0.8241376527171891,0.7197275602672526,0.618343063156211,0.6228946847244632,0.618343063156211,Vietnam
175,0.8295116603958147,0.7554553179932044,0.9473316026689641,0.8708103681995676,0.7637321121754965,0.7673039648960776,0.7637321121754965,Vietnam
176,0.8931903111108154,0.8221716607553093,0.9834939067383504,0.9429917175521587,0.8304564592524624,0.8322480401423458,0.8304564592524624,Vietnam
177,0.9797083793144142,0.9092472549857195,1.0459064370716278,1.0016287409659128,0.91867972344425,0.919338821661302,0.91867972344425,Vietnam
178,1.0188495525651695,0.9492737883141392,1.054868344333475,1.0513356811012717,0.9585741299600158,0.9589073098704621,0.9585741299600158,Vietnam
179,1.048150583359289,0.9822103498362799,1.0717590790406983,1.06954152477153,0.9902409520846785,0.9894614889023794,0.9902409520846785,Vietnam
180,1.0756216818177236,1.0082696767720218,1.0973308928747083,1.0787886530916477,1.020307568091575,1.0183970517339564,1.020307568091575,Vietnam
181,1.0878265403686034,1.018176311758498,1.113900671370562,1.0797100811282474,1.032982486432273,1.0304560917948509,1.032982486432273,Vietnam
182,1.1105859694678772,1.0402104380040744,1.1365758631049048,1.1062482737746102,1.0579066098703622,1.0540133150075297,1.0579066098703622,Vietnam
183,1.0475031509336334,0.9768506886827405,1.103672615754816,1.0519367368227226,0.9968187791131632,0.9935044287465655,0.9968187791131632,Vietnam
184,0.9668167465917813,0.8973061083808354,1.0389117675786403,1.0131581002752839,0.9161759654845578,0.9135820009563554,0.9161759654845578,Vietnam
185,0.8828615973828801,0.8141158018478044,0.9829525778488505,0.9611520920021792,0.8345403713543552,0.8310353304206343,0.8345403713543552,Vietnam
186,0.6935605049150065,0.6295810900541322,0.8159408528165208,0.7749362175563587,0.647344241755318,0.6420481159910518,0.647344241755318,Vietnam
187,0.7249888953532345,0.6674248518234879,0.822636977399361,0.79864400123407,0.6811829211680018,0.6792788186070948,0.6811829211680018,Vietnam
188,0.8534168024122468,0.796797977309852,0.9250251350419934,0.9451581571852107,0.8117802262039479,0.8100096724129794,0.8117802262039479,Vietnam
189,0.8852803595206794,0.8274590958068984,0.9376212554151866,0.9939626913992632,0.8428957926890729,0.8402967795714517,0.8428957926890729,Vietnam
190,0.8765792486877437,0.8166257688467378,0.9238977551051042,0.9954266531221376,0.8350366521091463,0.8312418175199304,0.8350366521091463,Vietnam
191,0.8290156914167203,0.7744368600996361,0.8660440823113156,0.9351618266432427,0.7894441833779848,0.7863334844685442,0.7894441833779848,Vietnam
192,0.8280420605972831,0.77548480256841,0.8602567496089043,0.8972747776011963,0.7903280502556185,0.7867022544350613,0.7903280502556185,Vietnam
193,0.8332271988659625,0.7799016481675081,0.8817245196438841,0.8749710713665866,0.7972900191435024,0.7926910766230549,0.7972900191435024,Vietnam
194,0.7737547559064156,0.7246979820970663,0.8603008594801999,0.8174692957046519,0.7441143185459829,0.7396596735182589,0.7441143185459829,Vietnam
195,0.7836056033827417,0.7364169265861714,0.893326941236629,0.8102838274860412,0.7538596297401351,0.7508860393161699,0.7538596297401351,Vietnam
196,0.8184860515008797,0.7702087448512626,0.9157780420777912,0.8859646033602875,0.789580570335433,0.7871324718657989,0.789580570335433,Vietnam
197,0.8555542461991776,0.8076402779729871,0.9303507659991661,0.9292738026292162,0.8281610843388109,0.8255585580995757,0.8281610843388109,Vietnam
198,0.7318535940615518,0.6858907803813665,0.8087052863991244,0.8366743481321017,0.7059921327417638,0.7041439363411428,0.7059921327417638,Vietnam
199,0.5516535324631688,0.5070728397778437,0.6204362712761513,0.6234835888039911,0.5250489364345007,0.5233983933086847,0.5250489364345007,Vietnam
200,0.49843047263289025,0.4588382163342714,0.5607299357337724,0.5699824376578829,0.47495989423411406,0.4740522265045277,0.47495989423411406,Vietnam
201,0.6330758234158754,0.595896938545576,0.689447101954049,0.6865261418181859,0.6090845638481129,0.6101601857498508,0.6090845638481129,Vietnam
202,0.7220240601005541,0.689499745139427,0.7734929358229159,0.787251913180823,0.6994939154623377,0.6994012102869236,0.6994939154623377,Vietnam
203,0.6992859025797711,0.6693577900193635,0.7505686276146801,0.7711549271028159,0.6782510954510406,0.6767689699534879,0.6782510954510406,Vietnam
204,0.6758924020940442,0.6514347719611363,0.7296275481341288,0.7263249804279556,0.6577503951585717,0.6556408029422776,0.6577503951585717,Vietnam
205,0.6566024238916663,0.6374031690089004,0.7236867117180196,0.6958080927563556,0.6423456319282974,0.6387984522230657,0.6423456319282974,Vietnam
206,0.6803848813182776,0.6606285594510265,0.773551478177511,0.70270969767485,0.664309995414386,0.6608501343937802,0.664309995414386,Vietnam
207,0.6164722804721705,0.5982725057884386,0.7357802376528342,0.6699821104985786,0.6027680247814431,0.599451173386658,0.6027680247814431,Vietnam
208,0.4863294997972787,0.46905699531507883,0.6190129855407043,0.5762439216882519,0.47293559908441507,0.4724308788985614,0.47293559908441507,Vietnam
209,0.5814043537784618,0.5649120870972899,0.7158142923398501,0.6814884928551359,0.569146292701324,0.5703614251204335,0.569146292701324,Vietnam
210,0.6441485326834704,0.6294953689289093,0.8162214057108774,0.7734905699815942,0.6354434122432573,0.6373447694868064,0.6354434122432573,Vietnam
211,0.5407620307406475,0.5248885440329853,0.7373948656733071,0.6511881062936227,0.5336646084404835,0.5347145808463732,0.5336646084404835,Vietnam
212,0.5669106212455997,0.551609748496837,0.7559009722100407,0.653893292903625,0.5600394738641312,0.5613941900057036,0.5600394738641312,Vietnam
0,0.8601504321210892,0.8601504321210892,0.8601504321210892,0.8601504321210892,0.855652787356521,0.8601504321210892,0.8601504321210892,Thailand
1,0.7234157010725437,0.8569896591803138,0.8748786929268445,0.8499093964255787,0.8468775499493945,0.8506269446891115,0.8505603345448924,Thailand
2,0.5645803268227465,0.8060596337282566,0.8369480154173845,0.7914987535397838,0.7931106113059867,0.7961251616780998,0.7961261679110089,Thailand
3,0.49203734898053453,0.8179657281749664,0.8614671430510812,0.8021420427554835,0.8041844403565696,0.8067004982220255,0.8066536539101424,Thailand
4,0.485997221232326,0.8859690578690809,0.926282423301787,0.8632225002445767,0.868678708999022,0.8710487340099107,0.8707005631280387,Thailand
5,0.43492241436928264,0.8943173923172436,0.9433811694352062,0.8647737273708651,0.8737738794670882,0.8757316268128614,0.8754294244535099,Thailand
6,0.4013621659422757,0.9102926201843003,0.962936379627961,0.8762285739061839,0.8879197898490591,0.8893208117666518,0.8892753917012061,Thailand
7,0.38386709252061757,0.93300244546426,0.9791859751277219,0.8960393288896531,0.9082897032397331,0.9097843483802268,0.9093997041135338,Thailand
8,0.3352972231551221,0.9115632073656518,0.9545842023778429,0.8782631606705957,0.8895543627122033,0.8910708653828926,0.8904632593309907,Thailand
9,0.2896545032732061,0.8946618861160058,0.9283910523550827,0.8603305485295767,0.8700494781419947,0.8717785224712361,0.870793705541397,Thailand
10,0.2892514661917702,0.9141646031024281,0.9431639378511282,0.8792534600155723,0.8881710404385015,0.8900638203916833,0.8887804325415991,Thailand
11,0.23308743524533446,0.874864837943786,0.8999132663089119,0.8413896719705602,0.848957903858926,0.8507208909336619,0.8494568894319054,Thailand
12,0.1538718639450803,0.8064921286870946,0.835378090472261,0.7765514294904988,0.7831035451676954,0.784809555676971,0.783512127098403,Thailand
13,0.12177295825800694,0.7838623342529129,0.829490921797496,0.7549540662430175,0.7620165378718946,0.7633179883596879,0.7623510950277337,Thailand
14,0.0916483980996885,0.7631616967473626,0.8356789748768199,0.7306181267429314,0.7397897064720729,0.7407577315271947,0.7400636502814071,Thailand
15,0.04105552577812449,0.7192605686031309,0.805816982055429,0.6889279064268006,0.6964674145614949,0.6971571447717331,0.6966917266390061,Thailand
16,0.04961021810247118,0.7322378216843838,0.8286079113385695,0.7006736128458246,0.7105324513457503,0.7110421228848012,0.7107161237135972,Thailand
17,0.05915485095361367,0.7480221099882051,0.8478687732044117,0.7150896986992467,0.7247305326011294,0.7250468566722044,0.7248809281530979,Thailand
18,0.02122413570636872,0.7129629108949476,0.8000728650637385,0.6778905744323491,0.689398091652346,0.6895713430881933,0.6895212393109571,Thailand
19,-0.014586171791350078,0.6795228177907224,0.7520028454209521,0.6447739219864635,0.6581904197839492,0.65818601609884,0.6582912561825188,Thailand
20,-0.029747966223486078,0.6699111261892682,0.7246431306741639,0.6318704310873645,0.6460592291318218,0.645915978872711,0.6461417965098066,Thailand
21,-0.008354756157909649,0.6911106030621263,0.736169295747904,0.6556025382851381,0.6692761152736448,0.6689324951572164,0.6693437235183264,Thailand
22,-0.02327500529932952,0.678580286791622,0.7124166955395846,0.6409655249968549,0.6548777293687731,0.6543593223768865,0.6549330886990616,Thailand
23,-0.04213329990895637,0.6535137600439932,0.6865504080677916,0.6204650958532287,0.6332375732671742,0.6324060626562715,0.6332829028784431,Thailand
24,0.002834096152098009,0.6940818059510109,0.7350567367384451,0.6653685224355634,0.6766557237882952,0.6758049615946308,0.6766928408135028,Thailand
25,0.06389530853801251,0.7584585032104267,0.7980867355720633,0.7260341551752717,0.7377673249424164,0.7369114427006482,0.7377977172957081,Thailand
26,0.05673731704290008,0.753318535953062,0.8073221916669209,0.7179431824795866,0.7299991392905417,0.7295150678230077,0.7300240253134231,Thailand
27,0.0024239700305162537,0.7032102360619834,0.7684812738055155,0.6670585247775059,0.6787741066715695,0.6784613410515523,0.6787944839726923,Thailand
28,-0.02342254753645784,0.6751400748766194,0.7627607919736699,0.6383162933335818,0.6505502447636102,0.6503660192233629,0.6505669302100163,Thailand
29,-0.06061339353769385,0.6365857194970657,0.7189072453768734,0.5966544455245746,0.6110526609098542,0.6113616082415103,0.611066323372812,Thailand
30,-0.1077518045776415,0.5866757272084914,0.6527069577546263,0.5460387973780796,0.5617456556954595,0.5618598739827306,0.5617568428635777,Thailand
31,-0.13366802569555175,0.5576372666677705,0.6115209723607511,0.5201109204618125,0.5352154707133895,0.535172521175597,0.5352246310478689,Thailand
32,-0.1494692818007214,0.5458939300405706,0.5844641580740313,0.5074823984308597,0.521027325846924,0.5207821518496483,0.5210348265590692,Thailand
33,-0.14250507192482043,0.5486245329522906,0.5793665990204899,0.5148511087305944,0.5267062788910629,0.5262888582759384,0.5267124206627211,Thailand
34,-0.12499879885461068,0.5625332811588228,0.5932613240578289,0.5339248602894549,0.5443100645148014,0.5436836878864952,0.5443150935518275,Thailand
35,-0.1038444429170538,0.5862723318359373,0.6196633246934071,0.5551967544084702,0.5661538302994427,0.5652483727287354,0.5661579482013802,Thailand
36,-0.11226583852631294,0.5759289257052886,0.6170536432179027,0.5424261807676285,0.554523074589502,0.5535948670377258,0.5545264464311246,Thailand
37,-0.07849246764478696,0.602111977501651,0.6583690052018804,0.5690300937786285,0.5829826888224763,0.5820297833453217,0.5829854497711585,Thailand
38,-0.028388947602727255,0.6480747180814445,0.7177062275796519,0.6146081813185041,0.6273922453824854,0.6264388736498936,0.6273945061166715,Thailand
39,0.002838193107509601,0.6790896354535502,0.7639988948585286,0.6451460842385965,0.6586572665197035,0.6576855763548761,0.6586591176656857,Thailand
40,0.05559552551216124,0.7312823754530853,0.8151528180212891,0.6983170683676703,0.7101026904097694,0.709327337734356,0.7101042061746341,Thailand
41,0.06994107755733092,0.7409172172218949,0.8298119817008534,0.7060944747367954,0.7193452409029812,0.7190850860796617,0.719346482049356,Thailand
42,0.09663546436292286,0.7626069477639852,0.8486704378939213,0.725268141975,0.7405182357975975,0.7411635755759072,0.7405192520794492,Thailand
43,0.1523549647230632,0.819564780540631,0.8890933455729251,0.7801690766721027,0.7957454595450177,0.7964766206799951,0.7957462917021454,Thailand
44,0.13439940167378622,0.7993990883771765,0.8527427804247444,0.7588024819169518,0.7740294931292437,0.7749730986167577,0.7740301745204188,Thailand
45,0.13181589536406407,0.7966454782101213,0.8406672124329977,0.7565090628721359,0.7723956518949366,0.7734141330587069,0.7723962098351597,Thailand
46,0.13914068392125495,0.8023012228071612,0.8425860704132804,0.7620783578250993,0.7784836611479984,0.7797993398492882,0.7784841180034785,Thailand
47,0.17068684356571223,0.8250535161110021,0.864100862688194,0.7868873600044195,0.8036454109661855,0.8050475970210095,0.8036457850509371,Thailand
48,0.20725621514449233,0.8560693525022054,0.8900720000810416,0.8173086596953171,0.8336441413268064,0.8349483452117088,0.8336444476368048,Thailand
49,0.2101639877498086,0.8551892134977004,0.8990292615059129,0.8194756613718699,0.8338575596501006,0.835173938854877,0.8338578104644272,Thailand
50,0.21289318480897634,0.8542840900021433,0.9108885028302898,0.8166875305591911,0.8310232367910856,0.8324387685212751,0.8310234421641612,Thailand
51,0.2228392074277255,0.8625510670515062,0.9295651388755701,0.8246026633054642,0.837756635404915,0.8392429188049213,0.8377568035695521,Thailand
52,0.22332249728478215,0.8629408570961059,0.9421662887376883,0.8259447661362704,0.8369522739279014,0.8382011401299243,0.8369524116253337,Thailand
53,0.21791638213616638,0.8536697244851377,0.9383282755692568,0.8129599295636045,0.8264630196165134,0.8275616510179825,0.8264631323666324,Thailand
54,0.15826401130241063,0.786998809726917,0.8594659369197869,0.7443989613447117,0.75996259473491,0.7609102893759718,0.7599626870575419,Thailand
55,0.09560225606147266,0.716870530383814,0.7766643450957977,0.6767289023685862,0.6937078696331479,0.6947813260598932,0.6937079452292397,Thailand
56,0.0609473055509932,0.6748372388103696,0.7244313523080037,0.6342469742141366,0.6520821271988492,0.6536183416323199,0.6520821890988295,Thailand
57,0.04568057600299802,0.6632487439331063,0.7038380885432775,0.6229853738211847,0.641179482694427,0.642562171185873,0.641179533379687,Thailand
58,0.025248414189361468,0.6391203165168652,0.6712936343771103,0.597604965131421,0.6155917246764389,0.6172632565051113,0.6155917661788038,Thailand
59,0.04596657192018083,0.6543842525106223,0.6912765625249377,0.6160407636113233,0.6334312765936527,0.6351866529381351,0.6334313105768324,Thailand
60,0.10581365424603917,0.713858702492237,0.7445374603103226,0.6737626468701594,0.6915927470968538,0.6934741224113521,0.6915927749231356,Thailand
61,0.13245193721390192,0.7338970318981797,0.7753986769806789,0.6964697613811415,0.7141649568103563,0.7159561329043587,0.7141649795952154,Thailand
62,0.12493386068953988,0.7269118978516591,0.7899016599544407,0.693410094927021,0.7080177181534852,0.7097457101407433,0.7080177368103007,Thailand
63,0.11715136200338183,0.7151387752797986,0.7978977684422589,0.6832646757567123,0.6953145291515155,0.6973461357752327,0.695314544428185,Thailand
64,0.09803289909102059,0.6904540380445516,0.7913389479044218,0.6596940075742721,0.6701524923710742,0.6716942409220518,0.6701525048799952,Thailand
65,0.13004909045465485,0.7164526468989761,0.8072557299431067,0.6830705146603935,0.6952056645868656,0.6963539162391239,0.6952056748294846,Thailand
66,0.14619121661199552,0.7320722742033221,0.8109338728253253,0.6939129559865342,0.7083321475497213,0.7096482092176294,0.7083321559366353,Thailand
67,0.09938589385883911,0.6821044379873159,0.7511069682998992,0.6438636294887623,0.6597290033215832,0.6608321065640677,0.6597290101889992,Thailand
68,0.06370929304483713,0.6401347059653038,0.7003825773414528,0.603688706538049,0.6205659121493798,0.6213049836342266,0.6205659177725926,Thailand
69,0.08334287899548226,0.6520070964321668,0.7038425437058649,0.6168657889985236,0.6339873572498662,0.6345764794388258,0.6339873618542943,Thailand
70,0.08534768826510652,0.6513114411131755,0.6943443958382535,0.6152393212739857,0.6322484353903672,0.6328037114276357,0.6322484391605887,Thailand
71,0.11956648309432844,0.6867879362011102,0.7188355970912541,0.6486968885829891,0.6647446950211942,0.6651712796332968,0.6647446981083462,Thailand
72,0.15412228836468095,0.7167134749973552,0.75073670433241,0.6788536189184677,0.6931898043082887,0.6933810690014227,0.6931898068361264,Thailand
73,0.15747821849567017,0.712930953506785,0.7634542535932847,0.6799421912213716,0.6922136059370848,0.6924846254010655,0.6922136080069419,Thailand
74,0.15854401815731273,0.7103908630116893,0.7740511554749555,0.6750079570466101,0.687046297958747,0.6874322808182401,0.6870462996535981,Thailand
75,0.11955675975663299,0.6731216156918962,0.75825954828292,0.6343253942809925,0.6476554551954732,0.6477845933221138,0.6476554565832597,Thailand
76,0.07351690342702488,0.6236663342245902,0.7321722270009899,0.5842439032050658,0.5979278189433263,0.598072625554807,0.5979278200796807,Thailand
77,0.08071055653701958,0.6273092981800474,0.7395682873863574,0.5864989604004662,0.6014303621687247,0.6013840791539202,0.6014303630992003,Thailand
78,0.1240024146025912,0.669201733121882,0.7701929185060619,0.6278110916939463,0.6443856985941585,0.6442026712467634,0.6443856993560553,Thailand
79,0.12800282831664178,0.6666309196034115,0.7551388104730352,0.6264142390148988,0.6434103190682074,0.6435310698846073,0.6434103196920676,Thailand
80,0.08487097116963693,0.6174487752576172,0.6914761598588355,0.5779068933947649,0.5955326943540528,0.5958053611485705,0.5955326948648851,Thailand
81,0.054767665957441314,0.5814701585833466,0.6419541636000017,0.5430501140470366,0.5608719723780479,0.5613167857213072,0.5608719727963303,Thailand
82,0.08480225799813584,0.6044326627360683,0.659407692119535,0.5686735475055364,0.586503374027491,0.5870054534675122,0.5865033743699912,Thailand
83,0.11175386485261751,0.6333425496923373,0.684088642368311,0.5961503491078146,0.6125353898226306,0.6129718503966735,0.6125353901030783,Thailand
84,0.14923903223686535,0.6688256828464343,0.7131517057556024,0.6308655209895668,0.6459102580296118,0.6462883274179483,0.6459102582592494,Thailand
85,0.13743871189088525,0.6538529889182099,0.7106214033656361,0.6152714938229691,0.6294013954317105,0.6296798845707479,0.6294013956197435,Thailand
86,0.10008752073051308,0.614773025648597,0.6945450160783143,0.5769116306033327,0.5888661944918523,0.588996759904167,0.5888661946458185,Thailand
87,0.044641976815612494,0.5549880419977489,0.6445581348726874,0.5168190544266997,0.528799114388874,0.5289724078432098,0.5287991145149453,Thailand
88,0.023934488571803414,0.5264591768922078,0.6304686139297481,0.4929978922070311,0.5036359331573814,0.5035795200928062,0.503635933260612,Thailand
89,0.02513518021007427,0.5182778024417005,0.6294326174885612,0.4843221654785884,0.49715941348833564,0.496998638435009,0.49715941357286336,Thailand
90,-0.005901519976448055,0.48309367070055864,0.5827872798334106,0.44927731040870167,0.4631937345939332,0.46301740835584115,0.4631937346631467,Thailand
91,-0.047219931558644346,0.4399357547095357,0.5187916650575389,0.4028886258619879,0.41813407565630817,0.41768059069175145,0.4181340757129819,Thailand
92,-0.035146875633243535,0.4474841333851899,0.5163469849968982,0.4115925421967983,0.42781516717943247,0.4272486116320888,0.42781516722583834,Thailand
93,-0.01982755164415262,0.4603043962509545,0.5211526756507651,0.4270596836846158,0.4438617425073654,0.443292390392286,0.4438617425453637,Thailand
94,-0.0348253305649775,0.4393980986348682,0.49181008434543194,0.4091249498520615,0.4254306773831852,0.42468935425094356,0.4254306774142992,Thailand
95,-0.06632619189904904,0.40286412986663334,0.44905304992595035,0.3749919305039213,0.39044709201927486,0.3896246639536738,0.3904470920447517,Thailand
96,-0.10336036524363484,0.3555423583292465,0.3955365799009954,0.3316586645519241,0.3451894728482119,0.34431162731794557,0.345189472869073,Thailand
97,-0.1252292398239339,0.3284679275759457,0.37545002686867457,0.3076254002279397,0.3199443490044429,0.31904614874233816,0.3199443490215246,Thailand
98,-0.12859186724867372,0.3197582913872603,0.3917056402174086,0.29824639771339023,0.312474237849823,0.3114268355209925,0.3124742378638099,Thailand
99,-0.07306101217997557,0.37257027465684384,0.4532863112337796,0.35041841723048994,0.3653132449663551,0.36433026549688224,0.3653132449778079,Thailand
100,-0.04869776154451799,0.39886326660383126,0.49224939588809985,0.37605683558286374,0.3888152687910607,0.3878942650652342,0.3888152688004386,Thailand
101,0.01183888482878559,0.45486424988405316,0.5437949201207422,0.42989746507730126,0.4432750171603498,0.44281777680523005,0.44327501716802864,Thailand
102,0.07249328103835223,0.5154089452925816,0.5911184037222663,0.48742838352486384,0.499624959502745,0.4993894924969263,0.49962495950903263,Thailand
103,0.12603398230210794,0.567615485803675,0.6307138825068129,0.5348883820308793,0.5482981397738043,0.5483201441739816,0.5482981397789528,Thailand
104,0.1412844735199576,0.5817366657781826,0.6374663657128049,0.5489964672997267,0.562920297343677,0.5632129677804673,0.5629202973478928,Thailand
105,0.12853159846040108,0.5649291279163169,0.6094751761347291,0.5295390359935632,0.542938297095839,0.5439048457444358,0.5429382970992911,Thailand
106,0.16481294230677684,0.6029337977549047,0.6352559085021047,0.566448797655204,0.5793434183335169,0.5803153619550268,0.5793434183363435,Thailand
107,0.20924140062311963,0.6379134874452033,0.666074934998526,0.607795144808224,0.6185015248476267,0.6194027758379854,0.6185015248499413,Thailand
108,0.2356226393588876,0.6522926212877662,0.6834048640928827,0.6271003730651492,0.6358670261795253,0.6370040880144276,0.6358670261814205,Thailand
109,0.24154294331296738,0.6578580590917184,0.7002183298623118,0.6330536486738803,0.6411196475109573,0.6423721098969372,0.6411196475125092,Thailand
110,0.2456349070825009,0.6641636197514049,0.7178432764849209,0.6335780840578535,0.6439934329845705,0.6453626799307997,0.643993432985841,Thailand
111,0.253301673706114,0.6690797664950896,0.731188052475265,0.6387178839796859,0.6473054096956888,0.6485351601414092,0.6473054096967292,Thailand
112,0.28108178255941263,0.6956386564530693,0.7503240937904541,0.6623626073513529,0.6721911700776878,0.6733074680846722,0.6721911700785397,Thailand
113,0.25741224929953804,0.6736231467764887,0.7352729093789008,0.6388705921342912,0.6481660604717353,0.6490801133414714,0.6481660604724329,Thailand
114,0.18521268728691753,0.5977807219666235,0.655571725202027,0.5588883311638915,0.5709751027468901,0.5717805943858307,0.5709751027474613,Thailand
115,0.14553038964470022,0.556081566635853,0.6037871052512623,0.5144285049114538,0.5285486507817102,0.529424239863757,0.5285486507821779,Thailand
116,0.1638450645552807,0.5692019692643786,0.6094419235397448,0.5248365748556401,0.5402518337783773,0.5412661876376573,0.5402518337787602,Thailand
117,0.20168705239127138,0.598491592373702,0.637170458304076,0.5572427061742595,0.5726801658348729,0.5739079288022448,0.5726801658351864,Thailand
118,0.2173307715280436,0.6108254666732407,0.647169973436234,0.5721284557386827,0.5875840939215536,0.588986601631332,0.5875840939218103,Thailand
119,0.2228731338352986,0.6077222409187999,0.6442631580874945,0.5723435740510963,0.5864775298980676,0.5879750200394511,0.5864775298982778,Thailand
120,0.21373193057656847,0.5988705597554516,0.6340514163977242,0.5616691490246993,0.575920796499634,0.5772505291989283,0.5759207964998062,Thailand
121,0.2054610089228479,0.5886475837307997,0.6324291401490347,0.5511122526064396,0.5638049512628978,0.5653570379594532,0.5638049512630388,Thailand
122,0.1624566631742977,0.5417201182509056,0.6016166839866744,0.5025586375523006,0.5149664335095987,0.5166620396408776,0.5149664335097142,Thailand
123,0.12593639910515542,0.505931446865469,0.5860992788561359,0.4641230918659733,0.47836924360447586,0.47999283189327796,0.4783692436045704,Thailand
124,0.07740356702692369,0.4544808814034165,0.5428602618586279,0.41161271464676413,0.42574464483665314,0.4272480980178382,0.4257446448367305,Thailand
125,0.08927307184510636,0.4589818363202037,0.5493049883126441,0.4151494310263387,0.4302349303488146,0.43152374332965354,0.430234930348878,Thailand
126,0.062236473250031454,0.4314531336753246,0.5152589641092298,0.3858226973668021,0.40252774532813507,0.403941517755847,0.40252774532818697,Thailand
127,0.07128425818736683,0.43359576376906134,0.5108225347028257,0.3900202688017758,0.4069976593615926,0.4081297440304268,0.4069976593616351,Thailand
128,0.09177358524661056,0.44545893743261467,0.5182669336062689,0.4062123221468604,0.4230670476655184,0.42379031180245263,0.42306704766555325,Thailand
129,0.08499664803035484,0.4300877743575878,0.4971291959797886,0.3967872521682206,0.4113280275270807,0.41199940165964144,0.41132802752710923,Thailand
130,0.10241851859003959,0.44513378773703005,0.5050497162841385,0.4144266444001332,0.4280441347538179,0.4286243480916185,0.4280441347538413,Thailand
131,0.0923953842214339,0.43150823203271077,0.48801982969275687,0.40425688348632044,0.4167716406464214,0.41783549018343297,0.4167716406464405,Thailand
132,0.07635229521785492,0.4122908743585712,0.4682211395063262,0.38525579557144635,0.3963482295810832,0.39724129114932766,0.39634822958109883,Thailand
133,0.032851573254302324,0.36328728762552226,0.41824698406630245,0.3359247902095628,0.34858932682014304,0.349389106809635,0.34858932682015586,Thailand
134,0.03246493965890801,0.35656523830129355,0.41911961163381,0.3291984375514763,0.3433730617848087,0.34384944030570885,0.3433730617848192,Thailand
135,0.07545002120061595,0.3976862771856516,0.4603370366673288,0.3687671825517301,0.38173205671548804,0.3818928123661608,0.3817320567154966,Thailand
136,0.06288936919652055,0.38610612732082955,0.46267943349966445,0.3530952604576403,0.36672637466366825,0.3671349498464912,0.3667263746636753,Thailand
137,0.07731812898606039,0.39755149089363273,0.47867433388714725,0.36512820291554704,0.3764672304658273,0.376863055035026,0.3764672304658331,Thailand
138,0.10699779414856919,0.42364444579919486,0.5048905024625365,0.3881322738488526,0.40096539603800263,0.40173649823931545,0.40096539603800735,Thailand
139,0.12945985045126918,0.44623231821393045,0.5219692105623496,0.4071900225466314,0.4211990991637132,0.4221959927983816,0.42119909916371706,Thailand
140,0.12417650694944427,0.4337551778555516,0.5013698280651504,0.39473478871383005,0.4087194202222313,0.4097581000374475,0.40871942022223445,Thailand
141,0.07132801088821789,0.372992996533512,0.4314053849629547,0.3400979834702221,0.35199277274143287,0.3532629190060687,0.3519927727414354,Thailand
142,0.028668593303108114,0.3278520111722134,0.37367889203947435,0.2962436311469362,0.3081722162252573,0.3095489723862594,0.30817221622525937,Thailand
143,-0.006931682945729434,0.29070634542474655,0.3246935817598395,0.25566962559785544,0.26826385532972963,0.2695431185656412,0.2682638553297313,Thailand
144,-0.005111438973052107,0.28880773380680413,0.3262845426121935,0.2548367157787308,0.2685709202372699,0.2697982338199248,0.2685709202372713,Thailand
145,-0.029338021972821593,0.2601500036817068,0.30352611901329474,0.22554177970436257,0.23974799327941076,0.24078209662786523,0.2397479932794119,Thailand
146,-0.04436429406347053,0.23819470489556804,0.3028388851376608,0.20669761768981504,0.22028665623227756,0.22101045718564627,0.22028665623227847,Thailand
147,-0.02835448431470944,0.2523596340301555,0.3381502349619701,0.22038167698793154,0.23535077522641792,0.23553263205442979,0.23535077522641867,Thailand
148,-0.006174233885450742,0.2699775683342082,0.3710820510488966,0.23685641219818127,0.2527278924115987,0.25270779098297824,0.2527278924115993,Thailand
149,-0.03904671280190086,0.23578225691625698,0.3397278239467501,0.20180344738639125,0.21659395023344635,0.21635621980095723,0.21659395023344685,Thailand
150,-0.05367339018095152,0.21523420485781988,0.3233303204817156,0.18273379474691234,0.19593938984760548,0.19567835309811202,0.1959393898476059,Thailand
151,-0.0242847261444602,0.23835404494707707,0.34091473875225153,0.20477136711977745,0.21770641982769653,0.21746254834822687,0.2177064198276969,Thailand
152,0.0026393843188049493,0.26324414001810237,0.3542380634015981,0.23014926566327173,0.24241852261345878,0.2419783199030112,0.24241852261345906,Thailand
153,0.026333251010812797,0.2848921786496522,0.362259122089571,0.25227253769177455,0.26497260479366447,0.2643315622979291,0.2649726047936647,Thailand
154,0.014943700895341583,0.27218050257670207,0.33405021326195466,0.23730410509109878,0.2513068445074661,0.2507341193639404,0.2513068445074662,Thailand
155,0.002568570746627863,0.25936881638338966,0.3102673831514677,0.2207754184154784,0.23572497029090894,0.23500928420442418,0.23572497029090902,Thailand
156,0.01611854049212963,0.26695226405914685,0.3183033564909286,0.2298971049776005,0.245641982911859,0.24471697744369214,0.24564198291185907,Thailand
157,0.02648930069920752,0.27682713755572796,0.32553411235141216,0.23793020651716068,0.2530379864996938,0.25197386745789085,0.2530379864996938,Thailand
158,-0.01660440235618521,0.23164873254557794,0.2701304323049821,0.19124371232994364,0.20582982049416826,0.2046517917612205,0.20582982049416826,Thailand
159,-0.03392339191804056,0.20615508495875418,0.26222124410060466,0.1685151034296801,0.1844703422587194,0.18314815392469813,0.1844703422587194,Thailand
160,0.003034345672783323,0.23547770565947654,0.3085709754207473,0.20035294854807112,0.21677670019293352,0.2156013658924801,0.21677670019293352,Thailand
161,0.0043099384450129286,0.2334506600790738,0.3305182046810302,0.2001624372716761,0.2149150893556776,0.21375546512782928,0.2149150893556776,Thailand
162,-0.026485918256651753,0.19676261102029594,0.3154784516894099,0.1634797987313883,0.17819309657410995,0.17710308146642487,0.17819309657410995,Thailand
163,-0.04991643826650727,0.169646226134924,0.29794546660643195,0.13798628739385604,0.15192449631085497,0.15090135924331483,0.15192449631085497,Thailand
164,-0.03452883521265676,0.17720176599326065,0.2978368439756174,0.14691073522289072,0.15894504108727997,0.15804196808842405,0.15894504108727997,Thailand
165,-0.007978631885761478,0.19786093437851338,0.30666720809550335,0.17185152854098462,0.18200140166572404,0.18100372001686826,0.18200140166572404,Thailand
166,0.003591874318606858,0.20636698522785352,0.3008650126566899,0.18292283380354615,0.19272545053973222,0.191751612699643,0.19272545053973222,Thailand
167,0.008259309433601536,0.21250134020219538,0.28891806261700925,0.18479746678908965,0.19602832213407417,0.19505674900393494,0.19602832213407417,Thailand
168,-0.02624953353177173,0.17665391936266603,0.23584709744681986,0.14517536850986534,0.15771628833456827,0.15660641756463678,0.15771628833456827,Thailand
169,-0.07260398173477745,0.12489033415751705,0.17368585775065837,0.09602281741178342,0.10891915485178161,0.10764849239012719,0.10891915485178161,Thailand
170,-0.10143805531458999,0.08713377437981323,0.13928267829117624,0.06284312544664894,0.07405617127908326,0.0724875694777391,0.07405617127908326,Thailand
171,-0.06324501679851996,0.11744214529783248,0.1822983592518039,0.09719865086765261,0.10664112375738177,0.1050009051465483,0.10664112375738177,Thailand
172,-0.01601450408531052,0.16386481746718734,0.23898241010752436,0.14073457730558803,0.15062252060664427,0.14880492976209186,0.15062252060664427,Thailand
173,-0.022393725573830736,0.15731183401393128,0.2514145505540918,0.1344150374448232,0.14292576733254614,0.1415859733485877,0.14292576733254614,Thailand
174,-0.020161349032679188,0.15879068640827132,0.2722449651411274,0.13584173484758094,0.1447507787076333,0.1436270211555331,0.1447507787076333,Thailand
175,0.02540669579797661,0.2011533693661358,0.31148145890587325,0.17815853811185803,0.18595648481860677,0.18522829796534024,0.18595648481860677,Thailand
176,0.07483322369963141,0.245017942562041,0.34575862475936564,0.22246465730326093,0.22979663117499352,0.22958586246029805,0.22979663117499352,Thailand
177,0.12111139525410825,0.28793226003217387,0.3760786152056407,0.26443348568410796,0.27217199606937514,0.2722713490977575,0.27217199606937514,Thailand
178,0.18026328698646688,0.34317196725576604,0.4167640323125481,0.32102858802175743,0.32879963457950157,0.32912506433312994,0.32879963457950157,Thailand
179,0.18574786345601613,0.34456284636694406,0.40276729587613236,0.3224877826483455,0.3295314371348624,0.3299704263409679,0.3295314371348624,Thailand
180,0.15174052055562642,0.30955195176993205,0.3573791931258049,0.28366231240177653,0.29096094049758214,0.2915789347760874,0.29096094049758214,Thailand
181,0.17316958563106927,0.32787026287051113,0.3703699772445114,0.30201300341040344,0.309996506544658,0.31054368290531725,0.309996506544658,Thailand
182,0.21193871558959504,0.3641972529763107,0.3987482051214801,0.3359832204762616,0.3441199274098453,0.3449523459478162,0.3441199274098453,Thailand
183,0.17645716153017765,0.32609607150745895,0.36798902723785376,0.29525604700225044,0.3041628869802559,0.3050269234433451,0.3041628869802559,Thailand
184,0.18098304602813542,0.32859955432072724,0.37335326983953954,0.2982750336174558,0.30636705669350744,0.30740793966809377,0.30636705669350744,Thailand
185,0.16081845446052068,0.30531009416102955,0.3723201049887602,0.2738061382922853,0.2816155347757834,0.2827768873592648,0.2816155347757834,Thailand
186,0.11147899922873455,0.25038395098960803,0.3473112428901378,0.22124707585791786,0.22784872268636758,0.22929628082050027,0.22784872268636758,Thailand
187,0.13351162970512515,0.26487894702992815,0.3615099536922739,0.23660563483842184,0.24491319611192622,0.2464469847724821,0.24491319611192622,Thailand
188,0.1868565899148944,0.31384548184661115,0.39385235896257087,0.2834981488526499,0.29351864145819717,0.2949361226520191,0.29351864145819717,Thailand
189,0.20182275012458317,0.3293198836140924,0.3972001779586478,0.2988390204283977,0.30796128265632794,0.30934367833053455,0.30796128265632794,Thailand
190,0.20810236535370907,0.3348258759509551,0.3938784735662487,0.3007865351037753,0.31179783841785386,0.31325628737144423,0.31179783841785386,Thailand
191,0.20808482027325398,0.3297093706657304,0.3791672345221524,0.2974376534882817,0.3077654658907806,0.3091222554780707,0.3077654658907806,Thailand
192,0.17306751470732856,0.29310075367418725,0.33499690877911326,0.25905646376969443,0.26878925570618734,0.2703230693832201,0.26878925570618734,Thailand
193,0.17828407790613732,0.2960961364913715,0.3344672218784916,0.2613618490193025,0.27009270530364815,0.27148187381882266,0.27009270530364815,Thailand
194,0.17844252154841445,0.28449547605035674,0.33351331418876,0.25140290488788786,0.25966090037845774,0.2611982811023129,0.25966090037845774,Thailand
195,0.19964234136690628,0.30557031600594575,0.3516328104428043,0.2718164648956204,0.2789037882533194,0.28032731337298156,0.2789037882533194,Thailand
196,0.22303134661118706,0.3273948836755216,0.3741695174232301,0.29117762460440355,0.2993474824681538,0.3005824259812736,0.2993474824681538,Thailand
197,0.2557387358183171,0.3555734881670974,0.4034527140127256,0.32150010625184083,0.3283002510043928,0.3293896086579311,0.3283002510043928,Thailand
198,0.211305651344447,0.3078407375605816,0.3611140551296958,0.2741497073364673,0.2801213257609259,0.2810711756344814,0.2801213257609259,Thailand
199,0.15913011739722133,0.252824537169271,0.3193906883625715,0.22043715709654815,0.22756445514909326,0.22831063640585164,0.22756445514909326,Thailand
200,0.1279417756367296,0.2148694531736307,0.2850056652261346,0.18308927499059618,0.19136362447999966,0.1919384918058738,0.19136362447999966,Thailand
201,0.13926426729077873,0.22365692192193548,0.2877900429964089,0.19299595414689508,0.20193907911230968,0.2023417715428174,0.20193907911230968,Thailand
202,0.16705592357032195,0.24526816102700635,0.3056091486945106,0.2186356875152513,0.22710465375869734,0.2277628899095939,0.22710465375869734,Thailand
203,0.15972125910824952,0.23190113647174077,0.2845313497930353,0.20721436796393278,0.2156052987000192,0.2166217158720326,0.2156052987000192,Thailand
204,0.11164060311716101,0.17668379416764046,0.22157529420819966,0.15357916074728267,0.16277156339555732,0.1641476599444554,0.16277156339555732,Thailand
205,0.04943295817045862,0.10548618527277887,0.14460882584703233,0.0823951680004903,0.09331466272255445,0.09452936077488588,0.09331466272255445,Thailand
206,-0.005529449755115379,0.04856502449395911,0.08985124359352548,0.026832064551818358,0.03845954879770913,0.03938084628772659,0.03845954879770913,Thailand
207,-0.028399667167361586,0.01948167646992527,0.08306056444616539,0.0003820813196100392,0.010976945548887174,0.011387419753979944,0.010976945548887174,Thailand
208,-0.06582510023155774,-0.020820637216069138,0.05175484039263917,-0.04170536544084952,-0.028882299024499847,-0.028662253918840253,-0.028882299024499847,Thailand
209,-0.018881102328286437,0.023120362430813113,0.08620976429210397,0.0009388170369343252,0.015397369853415,0.015385743475542446,0.015397369853415,Thailand
210,-0.02284568583301816,0.015732059743522597,0.06963746932081072,-0.009749934839511698,0.005222388885216422,0.005748941336222724,0.005222388885216422,Thailand
211,-0.07761100468441812,-0.041720999793667835,0.009838708524369133,-0.06661012007609002,-0.0532852335664582,-0.052897074258572596,-0.0532852335664582,Thailand
212,-0.105308976149185,-0.07253768863996451,-0.021573749075745663,-0.09432543768158413,-0.08270457133311332,-0.08238673673422686,-0.08270457133311332,Thailand
0,0.7649275290725689,0.7649275290725689,0.7649275290725689,0.7649275290725689,0.7930818014798581,0.7649275290725689,0.7649275290725689,Australia
1,0.7658292352761273,0.7630253573294449,0.7783775341878042,0.765630128703476,0.791098185705821,0.7647633156717293,0.7646921296409596,Australia
2,0.718620487329783,0.7133083683353183,0.7391819257284927,0.7188141033734762,0.7414269429654577,0.7172262938433862,0.7166605491899936,Australia
3,0.6392317024974353,0.631898062551722,0.6638417191189978,0.6392714054670725,0.6602159009104172,0.6385074785000237,0.6369873559457805,Australia
4,0.5958243931714579,0.5865325271090596,0.6339695677452241,0.5953504484983013,0.6149370422600511,0.5952192952390455,0.5931508546517168,Australia
5,0.5638652377790876,0.5534326706845359,0.6150877414575867,0.5633931879910138,0.5816286590116128,0.5633848828451302,0.5611952667682272,Australia
6,0.5144307881354757,0.5018607090598664,0.5728049132058426,0.5141295391798891,0.5308475388726361,0.514013777289298,0.5116829412808884,Australia
7,0.4722224334801995,0.4597528522929591,0.5372177888372502,0.4729364995097611,0.48761979960982743,0.4719908232641057,0.46964521191147235,Australia
8,0.42133324968643576,0.40763577020432235,0.48688460481568274,0.42267518962780015,0.4356933072245498,0.42134600913380915,0.4188348367359766,Australia
9,0.4081458051648253,0.3925574078732943,0.47810317316360756,0.4097408219909067,0.42112685577812436,0.4082695304201572,0.4053151981210143,Australia
10,0.3817823183797713,0.36568859783611335,0.45415596987380613,0.38379105900116645,0.3936324340289412,0.3822907265666132,0.37880258822323154,Australia
11,0.4109685117751614,0.3933046430525292,0.4868903171443756,0.41310750493359655,0.4214330296104321,0.4112240786202632,0.407524030858348,Australia
12,0.44904986382308787,0.4294263932899972,0.5326778536119628,0.4513310151645768,0.4581335995677211,0.4490517201702429,0.4450882686303628,Australia
13,0.49964590461419334,0.47862705542888184,0.58772653189372,0.5012080880301314,0.5071909313009165,0.4989033619359475,0.49495563943710097,Australia
14,0.5608524823430503,0.5391157676977805,0.6520539738426633,0.5618719036943802,0.5671167885048893,0.5597923478491447,0.55564123700592,Australia
15,0.6345182686604875,0.6106654695273234,0.7275144015575243,0.6347009199259076,0.6391752704275414,0.6328817570933696,0.628412283841586,Australia
16,0.6782225346190972,0.6520213789982136,0.7727505431703778,0.6772468958115592,0.6811283707398864,0.6753344571236275,0.6710337029359154,Australia
17,0.7247475423475281,0.6970810852375796,0.8214175773824521,0.7224901361324271,0.7260921718407578,0.7206307957581239,0.7166243241147835,Australia
18,0.7101298023475643,0.6819095675564096,0.815427381944531,0.7059008003028311,0.7092791705723888,0.7042527206255262,0.7003992210482476,Australia
19,0.7396516174806356,0.7089366964305803,0.8475620311580108,0.7340323875250123,0.736904481038509,0.7324860939440037,0.728575924661861,Australia
20,0.7202730791179591,0.6876467201874135,0.8239646284383164,0.7130555370022472,0.715097425254547,0.7112477307270696,0.7072860237223167,Australia
21,0.6492645322642074,0.6160093780923196,0.74640347874108,0.6408143514328726,0.641973601429544,0.6386119430639388,0.6346472424378687,Australia
22,0.5704508322504495,0.5361528492804752,0.6604647428987347,0.5614967751513235,0.561744523642391,0.5586469677766946,0.5548730888744519,Australia
23,0.5369106317552548,0.5008241983196999,0.6258842747381168,0.5277319059792088,0.5271204975834394,0.524695324136696,0.5206757388944788,Australia
24,0.5186086689233573,0.48124612910852393,0.610904721188901,0.5092212250861141,0.5076395647807894,0.5054710953296706,0.5015949880713186,Australia
25,0.5687116727521726,0.5294831143435829,0.6638197438412872,0.5586485094134602,0.5563931403143145,0.5550910176308604,0.550723896614118,Australia
26,0.5724434462975317,0.5312782360870584,0.6749354543896903,0.5616632689276937,0.5586968335401119,0.5578196172113064,0.5533796168553009,Australia
27,0.5832478251850621,0.5396129810512793,0.6915925929962462,0.5719878512007339,0.5678369202542703,0.5680390893877603,0.5628498717574396,Australia
28,0.627516265735011,0.5823415806650128,0.7371406902582787,0.6163005750406437,0.6107068551439311,0.6118823720431039,0.6060294733135485,Australia
29,0.6126794398107558,0.5655665298905471,0.7210226699239839,0.600455469738136,0.5946395844469001,0.5960110008090427,0.5902526407865173,Australia
30,0.6550089083718207,0.6071766998853874,0.7615263586923353,0.6425093809871727,0.6365460081690624,0.6386642382900005,0.6324314681598713,Australia
31,0.7105810412638521,0.6625691027785838,0.8180775253622621,0.6978806321333604,0.6915589211806532,0.693733422656815,0.6876998701424284,Australia
32,0.7180570226712366,0.6687362652676577,0.8244101077711741,0.7036255409269497,0.6974545232011203,0.6995096195192771,0.693835096756765,Australia
33,0.77123733970539,0.7205788002836194,0.8715308716210843,0.7554554941163503,0.7492338150350366,0.7511194683060128,0.7458391338928756,Australia
34,0.7538282585675984,0.70333986777052,0.847381498227379,0.7365135663463245,0.7303482605400269,0.731985101432252,0.7271643693257391,Australia
35,0.6951547998143863,0.6436186286247785,0.7847656518841992,0.6763176148664446,0.6702087869948279,0.672237636153379,0.6672225968815598,Australia
36,0.61244979165359,0.5609443857133862,0.6965017609428277,0.5926862699930034,0.5860475731912869,0.5889441429365552,0.5832468080921016,Australia
37,0.6411104964682048,0.5883332023630805,0.721636392223681,0.6202359709027855,0.6132612724213611,0.6171536484932523,0.610634418522823,Australia
38,0.6620083702078701,0.6086075441803626,0.7483515924037125,0.639486182366735,0.6327207693646574,0.6368931697773648,0.6302570277940871,Australia
39,0.6995554165665083,0.6448942478270774,0.7888339356702687,0.6754186638451356,0.6688375319176083,0.6730097884814484,0.6665267743494261,Australia
40,0.7475096255698056,0.6913471309974825,0.8371227420444438,0.7231914951778775,0.7153690475783133,0.7192674500453262,0.7132017745969692,Australia
41,0.8127355250859171,0.7544992384222674,0.8990987106609354,0.787078584095812,0.7791793728913771,0.7828706027936719,0.7771466749397008,Australia
42,0.8207442098315006,0.760109485323564,0.9082183088073491,0.7934801323077919,0.7857791605163544,0.7892167040677243,0.7838726812687857,Australia
43,0.7930274408377213,0.7299873004138168,0.8841088870597542,0.7642091635299292,0.756659756876479,0.7598612794530797,0.7548716588866067,Australia
44,0.7548016107028733,0.6898522863279871,0.8499088322040931,0.7244289929191956,0.7170371657068514,0.7199825076358313,0.7153600981880399,Australia
45,0.6852979276748877,0.6202431195868843,0.7763206901457262,0.6536520515203728,0.6461422305383486,0.6493786187190191,0.6445692991450007,Australia
46,0.6298490955225126,0.5622272378285079,0.7152316576001922,0.5969162345296466,0.5890636475762193,0.5925442080981087,0.5875883860614457,Australia
47,0.6294256404148748,0.5614879425223882,0.7158248732716327,0.5954115926004873,0.5872740833544038,0.5915671091637501,0.5858904269875869,Australia
48,0.6000444195614444,0.5320305465860503,0.6869924674988408,0.5650871862348088,0.5565303589753092,0.5608801173310629,0.5552326196102808,Australia
49,0.5314227905181237,0.46018030820786493,0.6121413243956705,0.49374435729049354,0.48508761514928916,0.4896690918854056,0.4838704578406298,Australia
50,0.5003662761263906,0.42623057263891134,0.5829979280329429,0.4602933225624576,0.4513039389412479,0.4566589929461509,0.4501623600125772,Australia
51,0.44094554527317426,0.36321840067974576,0.5192095180350395,0.39730753037386435,0.38835072516417757,0.3942533472270334,0.3872800316382764,Australia
52,0.38999173139977705,0.3086009387318612,0.4618536347397158,0.3423523080381268,0.3334340003342004,0.33992176252853185,0.33242979064040235,Australia
53,0.3327487273137099,0.24836654606030717,0.39516802045246485,0.28143260778823737,0.2723117153192924,0.2785078245583981,0.27136986119883416,Australia
54,0.27487786466482533,0.18755492637609433,0.32931757554714897,0.21949956408099536,0.21072123066273868,0.21653259760502458,0.2098378601976827,Australia
55,0.22035385898246265,0.1293805588450978,0.26557240919053315,0.16152446594692374,0.15246490434258114,0.15797432721620433,0.15163638603854313,Australia
56,0.23962703179301337,0.14431977589172407,0.28232901083453793,0.17736501126161078,0.16815629005835023,0.17383603205812745,0.16737921791559696,Australia
57,0.24109930327742515,0.14097384245117664,0.27834822880789445,0.17493917042425608,0.1654569642549485,0.17125850806502793,0.16472814376649317,Australia
58,0.27994578171115947,0.17772654673228352,0.31539972307117203,0.21019708169967055,0.20071576462086238,0.20691044546506815,0.2000321996399969,Australia
59,0.3136606158342304,0.2072810938533884,0.3479595403966309,0.24017136387644109,0.23065958543361412,0.23686100608078337,0.23001846585689098,Australia
60,0.38855145313115436,0.27868360060288433,0.41535484710644766,0.3110472982485313,0.3015262363974278,0.30791231699792,0.3009249266124572,Australia
61,0.40897241172208426,0.2952889108043229,0.43471482255732874,0.3264980256061469,0.3170357815539927,0.3232416162124084,0.31647180960456406,Australia
62,0.4341106914958387,0.3122533462729037,0.45622823247437394,0.3438185574428911,0.3345624103128728,0.34072037490320045,0.3340334577368593,Australia
63,0.39710451804353164,0.2671258703957659,0.4085592002536584,0.29966182446260947,0.2904984468735744,0.2963954758007709,0.2900023391718442,Australia
64,0.34218074793012415,0.2060080193518945,0.34787455125090067,0.2376224547254569,0.22846780343940032,0.23502634584077753,0.22800250113655318,Australia
65,0.3169375455084546,0.17320705597352135,0.32170311138041596,0.20678369381894374,0.19647780130776582,0.2032997960590805,0.19604139156794567,Australia
66,0.34409344750281173,0.19342301949998736,0.34639888186427825,0.22669955568607741,0.21665606591125947,0.22328652566242618,0.21624675467457627,Australia
67,0.41704316531974783,0.2593789801941394,0.41193960988389394,0.2916394992436421,0.28151820219007173,0.2883601836495639,0.2811343067973058,Australia
68,0.4766726812811659,0.31141806830600977,0.46579683130168104,0.34396103126296845,0.33364355015486313,0.3403482252564881,0.33328349243013233,Australia
69,0.452442920126053,0.28123348283802074,0.4361588270769754,0.313888290408746,0.3035126917656526,0.3097490352655522,0.30317499152860555,Australia
70,0.4354905922975286,0.25893208294110676,0.4124600589619277,0.29064046041924535,0.2802134721616925,0.28604887708928145,0.2798967411425569,Australia
71,0.4121681406557783,0.22973392927168199,0.38467799784378176,0.2608946506029688,0.2502072372789051,0.25574506529382873,0.24991017341137609,Australia
72,0.39066740926523696,0.2021172133065762,0.36369828082001837,0.2338817929722325,0.22292507764589167,0.22888794981568145,0.22264645971439845,Australia
73,0.37238360921346914,0.17673966185228643,0.3499302377998728,0.21013838917312158,0.19881273321831824,0.2050973131128565,0.19855141583766447,Australia
74,0.4007903454599066,0.20129839332248525,0.3807099606214882,0.2340134226335064,0.222240174735004,0.22914547292439652,0.22199508364174317,Australia
75,0.42354928904126027,0.21679213534398944,0.40163471749448987,0.2514559786374471,0.23894823766085943,0.24632511505814747,0.23871836529704843,Australia
76,0.38558574781553157,0.17295190856785472,0.3562069811374851,0.20885589025493817,0.19547198388940684,0.20358858681671005,0.1952563852605826,Australia
77,0.32931174077142583,0.11094063450979168,0.2871392400130033,0.1478676530941081,0.13378390614867725,0.1421463956413587,0.13358169493902913,Australia
78,0.3699421080755123,0.14710700256864132,0.31773015191684006,0.1826123279976134,0.16917394135199657,0.1777350687678307,0.16898428628076378,Australia
79,0.4441081485772457,0.21659926303556154,0.3871529162967473,0.2523109412057431,0.23899359667364323,0.24815908727230654,0.23881571807775875,Australia
80,0.42836692352785877,0.19819284027662376,0.36503755039720887,0.2328049576498668,0.21950075897428664,0.22843880327895544,0.21933392560321902,Australia
81,0.3601618294050847,0.12660457066555103,0.285697426092341,0.16071061230658493,0.14753334000398605,0.15652921930396355,0.14737686601360295,Australia
82,0.3606110649595292,0.12381955690215249,0.28312847518944834,0.15751971990541322,0.14429142550951013,0.1532173863971007,0.1441446676426054,Australia
83,0.4146210368646902,0.1728165202791375,0.33583107987703836,0.20743732551448213,0.19443333713064376,0.20306885426588717,0.19429569207253727,Australia
84,0.39843782052579346,0.1526504258516181,0.313907481068732,0.18816076106224364,0.1753532410030333,0.18423507032853967,0.1752241429013729,Australia
85,0.4093469927622079,0.1608739552783754,0.3203113689223043,0.19639500532379328,0.18370785647598367,0.1926348851957892,0.1835867746145526,Australia
86,0.4182440682155105,0.16646649908199523,0.33102599794054144,0.20307018337096994,0.18996533276951916,0.19897585051501107,0.1898517693864868,Australia
87,0.4485985388144558,0.19424919637031868,0.36313610036552274,0.2311422957823243,0.21841266076074137,0.22741520853481756,0.21830614900238768,Australia
88,0.5083887276305864,0.2533958270591814,0.4226643671129855,0.289229858703148,0.27682023857306426,0.28600850919410453,0.2767203405745663,Australia
89,0.5463006635369374,0.2909641923775448,0.46446627056182593,0.32720695530162014,0.3148161866948601,0.32417541286566665,0.3147224917802502,Australia
90,0.5835254025794061,0.32643855113327375,0.5062074774928886,0.36375579979094663,0.35098261564832445,0.3609165376616674,0.3508947386422207,Australia
91,0.5575977810854811,0.30150124683669194,0.4815184430088736,0.337609610687642,0.3245497299446901,0.33472043930407996,0.32446730958885855,Australia
92,0.5294480595978909,0.27174458474707275,0.45058200478695404,0.30854645954485255,0.2953575653945066,0.30573650358792154,0.29528026286274556,Australia
93,0.5844597276658784,0.3237338511099103,0.5004413100146572,0.36092734458468584,0.34784830525218197,0.35824862307696465,0.34777580275742354,Australia
94,0.6648052137262361,0.4041117042480622,0.5742527824700148,0.44069808098499963,0.42761627834571636,0.43717428186197266,0.4275482778336186,Australia
95,0.7153383991638256,0.4534550050523761,0.6243943533059021,0.4902940918984623,0.4777702546703799,0.48658856151825225,0.47770647659403975,Australia
96,0.7198970902637681,0.4588743745412207,0.6355703383530905,0.49488875596444004,0.4828667234766649,0.491050044419826,0.4828069056474138,Australia
97,0.7049254270798602,0.44271580638487756,0.6251792161498729,0.47895436205318154,0.46726233950045326,0.4749039608860757,0.467206236010012,Australia
98,0.7099920689720499,0.44695795617039497,0.6333510277334132,0.48360714246794767,0.4722228798629956,0.47962901468011737,0.4721702600725568,Australia
99,0.7669467136752038,0.5030104799110833,0.6874650949375902,0.5402278162225349,0.5289155676613775,0.5359257547723123,0.5288662152534606,Australia
100,0.8120578065915521,0.5463106852415749,0.7313468236835258,0.5839204272255261,0.572643864035902,0.5791373650529071,0.5725975761250819,Australia
101,0.8736794988360965,0.608356485449709,0.7878836678769627,0.6458926403185962,0.6347555036341217,0.6408262754096462,0.6347120899329768,Australia
102,0.9416982713484107,0.6760337327120023,0.8488369850112809,0.713693157859427,0.7029901351297138,0.7086094570190405,0.7029494171665631,Australia
103,0.9966037771742506,0.7308954631977873,0.9010491541414938,0.7683779640731954,0.7581793181842438,0.763408982169396,0.7581411285694581,Australia
104,1.0556937699177196,0.7906602725302632,0.9537216858671482,0.8267981897595451,0.8168855988040058,0.821511385456698,0.8168497805418772,Australia
105,1.1168015462225025,0.852066900016148,1.007247550314124,0.8882550641168929,0.8786893730772602,0.8828745932972104,0.8786557789205998,Australia
106,1.15272515215942,0.8886886959721907,1.0402989558760245,0.9238431453133105,0.9146972067448041,0.9183992642602634,0.9146656985896157,Australia
107,1.1443023355643909,0.8819953324787075,1.0371184183210949,0.9158906632047891,0.9070843843086329,0.9104150918762992,0.9070548326263741,Australia
108,1.1010596387403297,0.8399882184239159,0.9978590884168383,0.8736351144379634,0.8650887167101745,0.8681499188292237,0.8650610000152712,Australia
109,1.026293315266813,0.7658354708937596,0.9225277236832553,0.7994537710194207,0.7909234363926231,0.7936283400766994,0.7908974407430477,Australia
110,0.9826969267280656,0.7224513095681204,0.8887836131736143,0.7572800618074665,0.7480532133925745,0.7504875095169437,0.7480288319214358,Australia
111,0.9579528355000355,0.698066816953524,0.8768552120687457,0.7336499565824395,0.7243150843769042,0.726417304910307,0.7242922168531224,Australia
112,0.9574211185606533,0.6997069129819247,0.8846021618880175,0.7344028039974513,0.724889308917513,0.7267757572071774,0.7248678613337747,Australia
113,0.9326607661471795,0.6757910146303432,0.8619886621859432,0.7107714699753656,0.7009225599660165,0.7030685283184676,0.7009024441523148,Australia
114,0.9634186592927254,0.707598609311499,0.8900658589378745,0.7437675265782636,0.7334806622246829,0.7355492585961598,0.7334617954858551,Australia
115,0.9619865570472181,0.7077330035715335,0.8897294022260808,0.7438931013547253,0.7334933210977679,0.7352163077119989,0.7334756258735391,Australia
116,0.9638049548030806,0.71203289952306,0.89611337427286,0.7481761544608833,0.7380881507651904,0.7395995953856819,0.7380715543113271,Australia
117,0.9761605975614793,0.7262868636913485,0.9125322107529001,0.7630316545969194,0.7530478251837343,0.7543924368849452,0.753032259272996,Australia
118,1.0230720889333822,0.7736386415567758,0.9546702216769012,0.8109476165499193,0.8010614928030222,0.8022496309375837,0.8010468934446829,Australia
119,1.0735104813891636,0.8273869611247232,1.0044926012740856,0.8649107505196232,0.8551327213751102,0.8560405790425022,0.8551190285518954,Australia
120,1.0485778000981256,0.8045813815986215,0.9809441067087391,0.8405206096942437,0.8310894214720702,0.8319270843662119,0.8310765788934282,Australia
121,0.9907957408797764,0.7469535118218792,0.9284249803269373,0.7834625819587394,0.7743039618995614,0.7749659011259157,0.7742919167702563,Australia
122,0.9768316242239194,0.7349421091084978,0.9169295453361339,0.7714625082680958,0.7624928893221128,0.7629366090834906,0.7624815921251852,Australia
123,0.9818729762377192,0.7394847761155633,0.9220553792737516,0.7773658068182144,0.7677667136328191,0.7680967898657932,0.7677561179260244,Australia
124,0.9815648896618744,0.739901329414674,0.9226458735530476,0.7789583154050943,0.768651326151192,0.7688682601625876,0.7686413883760784,Australia
125,0.9390431690144212,0.6990882076429467,0.889540250596326,0.7397243400790806,0.7285477942279719,0.7286013466771064,0.728538473530814,Australia
126,0.888238026361892,0.6479320052100628,0.8424306835017497,0.6899833009066005,0.6776552517623207,0.6777492846544405,0.6776465098261714,Australia
127,0.8121037059058033,0.5719789631705103,0.7637134835235768,0.6145865396344703,0.6022511768233113,0.6026033944434683,0.6022429777104827,Australia
128,0.7398884748818233,0.5013347072498485,0.6886502241936254,0.5433810995718169,0.5308020691539262,0.5321393609513014,0.5307943791582517,Australia
129,0.6785396912029944,0.44092508219665316,0.6232901156612982,0.4835083240856916,0.4709028335111224,0.4728993243625622,0.47089562101939164,Australia
130,0.6763445010509603,0.43879375855709746,0.6197770848744759,0.48117640641415105,0.46860518994492717,0.4708111191720892,0.4685984253069263,Australia
131,0.6979252243557238,0.46166902846660945,0.6399420245822617,0.5029043618394045,0.4901710434269306,0.49292932704044684,0.49016469883355146,Australia
132,0.64984430516484,0.4160034295715589,0.5905406201533598,0.45662406810196643,0.44394427985759477,0.4462890762713892,0.4439383292265128,Australia
133,0.6578130553818672,0.4253990167954065,0.5983458289411806,0.4664085651014738,0.45357083159982664,0.4556591351698856,0.4535652504682776,Australia
134,0.6818029695216773,0.4506035116582769,0.6284310845744053,0.49234574385757796,0.47927805110754,0.4815191172799537,0.47927281653175496,Australia
135,0.7227324877481329,0.4929155146543941,0.6708001875858516,0.5355875729241427,0.5220619055336075,0.524171465085336,0.522056995994492,Australia
136,0.7806908135990519,0.552480762488215,0.7297027308888421,0.5942012010867939,0.5808659839641148,0.5828902267638619,0.5808613792787846,Australia
137,0.8180142854968439,0.5923763760248986,0.7716935446300888,0.6332331193522575,0.6201197977672411,0.621974444468977,0.6201154790060516,Australia
138,0.8101363755051274,0.5880624659353337,0.7676286484816276,0.6270997238956738,0.6142960321843449,0.6163052941395482,0.6142919815930723,Australia
139,0.7467159342496597,0.5255437956703745,0.7014135423062545,0.5642900221382635,0.5518275229605072,0.5541681206412328,0.5518237238873615,Australia
140,0.7189849625458044,0.5012744803186457,0.6765893929879934,0.5395824307832967,0.5271823632925432,0.5303602472721455,0.5271788001197135,Australia
141,0.6898113610465675,0.4736770184282305,0.6537508255312332,0.5126116141668805,0.5002531882252633,0.5037657516064211,0.500249846304714,Australia
142,0.6421240228761751,0.42653864725189383,0.6039048319742619,0.46486336585077326,0.4525591430690597,0.4563069547916435,0.45255600866231277,Australia
143,0.6691059846348228,0.4564172382866808,0.6290985695858995,0.49378729527088383,0.48148413825265457,0.4859869110086523,0.4814811984743115,Australia
144,0.7423873045283339,0.5293541567659326,0.6984096657393862,0.5670977330047111,0.5547197383969789,0.559369627904745,0.5547169811617494,Australia
145,0.7951659140725366,0.5831829393913495,0.7504176388021615,0.6210836299688588,0.609242347405977,0.6133330408509171,0.6092397613789968,Australia
146,0.8295440107559071,0.6206544936744319,0.7865165708505085,0.6567755744119317,0.6455810386689878,0.6491233081301464,0.6455786132192216,Australia
147,0.833351591321283,0.6246237720975429,0.7988384719175864,0.6593094487651414,0.6487908173768582,0.6520867142992842,0.6487885425333964,Australia
148,0.7575740111984676,0.5497125103288057,0.7226543311082751,0.5844202186600923,0.5744018793562162,0.5773682511993886,0.5743997457672845,Australia
149,0.7171309387805396,0.5090664727508747,0.6841545136994315,0.5443869578637155,0.5344490041427109,0.5376003878154552,0.5344470030372255,Australia
150,0.6874671294029312,0.4807128424713797,0.6617381857908408,0.5161334193989175,0.5057322845646016,0.5095163882736277,0.5057304077161122,Australia
151,0.6421954745210305,0.43848073052696795,0.621985575534361,0.47341256652286784,0.46232357269462376,0.4672771645543517,0.46232181238749454,Australia
152,0.6141307068280522,0.4099421761888922,0.5962788675682607,0.4449601173585594,0.4334881933389591,0.43876541122885365,0.43348654233665035,Australia
153,0.655216082278937,0.4491281347866854,0.6352117967418117,0.48485304454591954,0.47336347663676953,0.47922154212354273,0.4733619281520885,Australia
154,0.6708657764713625,0.46385415653874296,0.649535122831957,0.4996984916456263,0.48812188384434596,0.4938151126948873,0.48812043151154505,Australia
155,0.6149333122490795,0.4082930877801321,0.5873708344229918,0.44335235757567787,0.43167836369233814,0.43714193602271056,0.4316770015409456,Australia
156,0.6406093455333335,0.4345822605535621,0.6100724918520897,0.4700756988369579,0.458134013025441,0.46381957675623875,0.45813273545571664,Australia
157,0.7044817021397018,0.49893982684608945,0.6732441801432054,0.5348679418491806,0.522737576064608,0.5285627115869672,0.5227363778245229,Australia
158,0.7314197661381125,0.5269421355681976,0.7052858220122216,0.5632779363983035,0.5509706065681055,0.556926647286654,0.550969482731751,Australia
159,0.6880065237363485,0.4841318984964959,0.663747650820317,0.5215480916155498,0.5090155862867625,0.5147581600500338,0.5090145322341002,Australia
160,0.6791184111513547,0.476163675654071,0.6586592931485942,0.5149374597584871,0.5019824797078831,0.5077643861928103,0.5019814911057522,Australia
161,0.6566647875506139,0.45440387424563,0.647160729939446,0.4947427513317515,0.4810250115508179,0.4866650442210933,0.48102408433512145,Australia
162,0.5933469524923436,0.3923950365873539,0.5853756835631673,0.43382485474756255,0.4197602040456382,0.4254443626447497,0.41975933440463625,Australia
163,0.5514257824442006,0.3512943837553786,0.5473641001116452,0.39389132796726795,0.37927724951013186,0.38544074492590225,0.37927643386877125,Australia
164,0.5650219256386841,0.36878922895394767,0.5654186693785775,0.40965292343452875,0.3950345217211016,0.4017013713570205,0.3950337567263191,Australia
165,0.5323140841015654,0.3379990766144736,0.5348440763772528,0.37865129390174385,0.3639475065198185,0.3711991815494806,0.3639467890267566,Australia
166,0.5709648299736488,0.37956424635327035,0.5711868861636424,0.4185169978265649,0.40395599119001435,0.411459883705135,0.4039553182490928,Australia
167,0.5455717703461758,0.35463258972001305,0.5391500633193385,0.3945879892807083,0.3801612500132679,0.3878153049470082,0.3801606188580583,Australia
168,0.5222954838492258,0.3331749568448411,0.5163982609952513,0.3730323028850345,0.35870892302439805,0.36596334570499023,0.358708331060251,Australia
169,0.5286851854080203,0.3428613497062359,0.5253060334828129,0.38130228655998055,0.3668905486598768,0.37415493027312724,0.3668899934532556,Australia
170,0.5882530496445281,0.405334016717683,0.584627461022954,0.4427333384532923,0.4283015125864671,0.43624369730051044,0.4283009918549435,Australia
171,0.6670741201705905,0.4865758614251404,0.6620269860647969,0.5227690167666692,0.5089324588773886,0.5165671794173403,0.5089319704802598,Australia
172,0.735507181338663,0.5559129574584107,0.7313692881898337,0.592525039074151,0.5791442348973527,0.586207580982782,0.5791437768268412,Australia
173,0.7831194065211606,0.605694813261212,0.78074068969,0.6411135164486371,0.6285059489299845,0.6350862701803863,0.6285055193029838,Australia
174,0.84833121959793,0.67228236600595,0.8417515744210543,0.7073990284394754,0.6954398396196237,0.7015079749130579,0.6954394366699576,Australia
175,0.9059774226530934,0.7308557705886644,0.8963656835510491,0.7662767143361776,0.754944854790747,0.7605343302457642,0.7549444768619084,Australia
176,0.9054654262201199,0.7336263316089443,0.9023134353151829,0.7673319566990521,0.7565011363916245,0.7617435379747014,0.7565007819299656,Australia
177,0.910381336150623,0.7408248320141413,0.9156211883056762,0.7739790458475568,0.7635193399981575,0.7683551456247556,0.7635190075465033,Australia
178,0.9046284428778664,0.7362560815520608,0.9158005907813873,0.7694781270649391,0.7593320910527585,0.7638277896060908,0.7593317792444156,Australia
179,0.9081892578947343,0.7410903692997384,0.9195488174872125,0.775218815223301,0.7649298858203506,0.7690486882204848,0.7649295933734899,Australia
180,0.9110195024253679,0.7455523517794329,0.925305831343641,0.7801248189861987,0.7698330691849845,0.7735747121500797,0.7698327948973706,Australia
181,0.9470587076521897,0.7846911681822698,0.9636273586649968,0.8179547316557465,0.8075728303240242,0.8116751233946242,0.8075725730680736,Australia
182,0.9525206216602836,0.7910715591083133,0.9764281731899216,0.8250263599200304,0.8149545929507752,0.8186451066831949,0.8149543516689209,Australia
183,0.8702439763733475,0.7096576731810127,0.8917206243025332,0.7443346885944705,0.7345598066958039,0.7377972750812217,0.7345595803961474,Australia
184,0.81678649916477,0.657349280810384,0.8398616069981784,0.6922729156995333,0.682623670540242,0.6858859164775188,0.6826234582924762,Australia
185,0.8489725087933575,0.6908060392458827,0.8751985819527747,0.7268253877796886,0.7169675512826875,0.7207383724021194,0.7169673522142719,Australia
186,0.8436376320962701,0.6872510251834466,0.874638131338139,0.7238992378622776,0.7140626636264209,0.7176707480865254,0.7140624769189945,Australia
187,0.8641353135752243,0.7100169402534801,0.8969547397556166,0.7476804352426993,0.7377328861212435,0.7422928259350765,0.7377327110072609,Australia
188,0.8698122298505067,0.7193226812125144,0.9103814866862368,0.7564355762384858,0.7466290125858418,0.7522927311062104,0.7466288483454175,Australia
189,0.9098516811337118,0.7619956382347935,0.9487532922086295,0.7978747146851102,0.7879008995708611,0.7933808747965656,0.7879007455288105,Australia
190,0.921630932003776,0.7748321251173577,0.961350533008262,0.8109735570475284,0.800998502725686,0.8060968231112605,0.8009983582487497,Australia
191,0.8518371232510281,0.708608735867251,0.8901750169293497,0.7435455324048759,0.7337407335564011,0.7390829340353701,0.7337405980506412,Australia
192,0.7813235994362847,0.640587592252962,0.8141654780598082,0.6754303671532695,0.6654433323750382,0.6710131228195673,0.6654432052833967,Australia
193,0.7266096526492757,0.5876651935660501,0.754052360292825,0.622887797678294,0.6127266780817733,0.6183864375770867,0.6127265588817825,Australia
194,0.7105317356990166,0.576261677555415,0.7447544508608188,0.6103365577965,0.5999028045223005,0.6056318797624196,0.5999026927239349,Australia
195,0.7104755190524683,0.5774966594294948,0.7551998707161451,0.6123613043791405,0.6014365811644322,0.6077362646781143,0.601436476308094,Australia
196,0.6888209803200439,0.5570343639321174,0.7437005573424631,0.59339165102352,0.5820043028775348,0.588384533728505,0.5820042045321646,Australia
197,0.7001225176749096,0.5695564111842945,0.7588017009397555,0.607403963748252,0.595227667584821,0.6024209103334527,0.5952275753461256,Australia
198,0.653723107702103,0.5231979228482817,0.709353320336316,0.5629847340606223,0.5498997541990657,0.5574769247596498,0.549899667687856,Australia
199,0.6236724438325704,0.49276484902571305,0.6790893185096353,0.5330746748326128,0.520285500401477,0.5278611480576865,0.5202854192621096,Australia
200,0.6515212099762392,0.5229240194418557,0.7118614973109181,0.5615884655005782,0.5491933527419971,0.5565720066157813,0.5491932766409117,Australia
201,0.7082007603174396,0.5790948911788425,0.7699755917774852,0.6184772475948029,0.6058915642224764,0.6139079307013176,0.6058914928468252,Australia
202,0.6755422021904685,0.5484176932746824,0.7337718811509186,0.5863041663798098,0.5737378394732201,0.5821214972040378,0.5737377725295812,Australia
203,0.612554786718692,0.48733785164501664,0.6677524899897,0.5236522252261092,0.5111426883355329,0.5195269597300805,0.511142625548704,Australia
204,0.6015895292451372,0.47662179209475064,0.6590803725353687,0.5134471582705261,0.500789003358768,0.5095408479571555,0.5007889444706355,Australia
205,0.5695236175913775,0.4471767046430443,0.6275511535921973,0.48368807579213147,0.4708399039022087,0.4797679229861101,0.4708398486706863,Australia
206,0.611967944950506,0.49011949754182976,0.665460745501623,0.5259190734690554,0.5129141686482556,0.5223569643910156,0.5129141168462891,Australia
207,0.6489098041785686,0.5282742279642707,0.7063916143149263,0.5647468399418747,0.5516207116043863,0.5605874644083351,0.5516206630190201,Australia
208,0.6578714809768237,0.536331404887655,0.7260475858500034,0.573283074291562,0.5605318370961873,0.5693309317163647,0.5605317915276893,Australia
209,0.6328673090030099,0.5131107735367467,0.7149007327154171,0.5489617004360922,0.5367798020549674,0.5460081666114658,0.5367797593160079,Australia
210,0.5980448221779948,0.47926088423598306,0.687611045372312,0.5152025724761069,0.503700254569221,0.5132584785511871,0.5037002144841018,Australia
211,0.5627666219207935,0.44454361889319916,0.6509561982879174,0.48156832872849503,0.46997554543833686,0.47968020599859357,0.46997550784227016,Australia
212,0.5489705657582534,0.4318772925907347,0.6397444137525966,0.4691258562208791,0.4569055211711489,0.46631654789755933,0.456905485909579,Australia
0,0.822150949664067,0.822150949664067,0.822150949664067,0.822150949664067,0.8588321184199337,0.822150949664067,0.822150949664067,ArabianPeninsula
1,0.8181450332941071,0.8652169438385875,0.8679305932193464,0.8609030307029784,0.8842311277954811,0.8667926747235644,0.8674342315194108,ArabianPeninsula
2,0.8387984117418613,0.9053626815886838,0.9096325991361122,0.8997970127292026,0.9166153096568564,0.9059728323779725,0.9089237410924297,ArabianPeninsula
3,0.8187683101074901,0.9025594736180217,0.9067869424649639,0.895809304956233,0.90970628512171,0.9033776773213508,0.9061841923487993,ArabianPeninsula
4,0.8194902652088556,0.9177310117881843,0.9222490516661053,0.9118241376170851,0.9233843570839739,0.9178060155334122,0.9217715342381421,ArabianPeninsula
5,0.8204303369368854,0.9217996976351533,0.9273849609210629,0.9162352575016567,0.9267221650060375,0.9227795879202746,0.925983627522856,ArabianPeninsula
6,0.8239219874583031,0.9212024106032546,0.9257883071212888,0.9148228499180123,0.9250985786381799,0.922210219061657,0.9247603904636549,ArabianPeninsula
7,0.8210159452648369,0.9234701792706618,0.9294518316500185,0.9172376484975315,0.9276823423725182,0.9236598953547044,0.9275274805760717,ArabianPeninsula
8,0.8002859378979249,0.906661408037772,0.9117184812101455,0.8996227077677637,0.9100027631224785,0.9064643818622267,0.9099318494187918,ArabianPeninsula
9,0.8040444880418431,0.9150774008895812,0.920183437219233,0.9077259184798876,0.9188523005249547,0.915170858431278,0.9188198280011564,ArabianPeninsula
10,0.7750811357977888,0.8762466816299226,0.8795396936081272,0.8686749064521759,0.8785734284135818,0.87257591729938,0.878558558723423,ArabianPeninsula
11,0.7702424133911604,0.8761835440106785,0.8814446719410923,0.8707264518160533,0.8798571726765039,0.8724671204774666,0.8798503636065717,ArabianPeninsula
12,0.7514010659033746,0.8558396070746279,0.8604416465322134,0.848041395547493,0.8586638227945145,0.8543929250154748,0.8586607048120383,ArabianPeninsula
13,0.7505976889481663,0.8581187797608656,0.8617528746493863,0.8500077977503353,0.8611147000938597,0.85781886423831,0.8611132723196087,ArabianPeninsula
14,0.7242412028700373,0.8330650274936858,0.8381924083203104,0.8253849317595088,0.8365914793236883,0.8335524841326142,0.8365908255229285,ArabianPeninsula
15,0.7569053018680307,0.8597863244435507,0.8643106220205374,0.8527906687363248,0.8639564262756635,0.8606462179786564,0.8639561268897955,ArabianPeninsula
16,0.7752697855204286,0.8802492832521791,0.8844073322957611,0.8726431930837525,0.8837586052011996,0.8818890284765714,0.8837584681076025,ArabianPeninsula
17,0.7548780687872889,0.8650453343653197,0.8691779319738521,0.8573344900415967,0.8687584948168723,0.8671046987766148,0.8687584320395123,ArabianPeninsula
18,0.7693423744133298,0.8704764074687643,0.8813425816392164,0.863114449387395,0.8744549220539237,0.872016208533342,0.8744548933071623,ArabianPeninsula
19,0.759641277605863,0.8688657457457248,0.8736025343115313,0.8616576440676612,0.8725701396204963,0.868571744463126,0.8725701264568926,ArabianPeninsula
20,0.8031998746457762,0.9145955591468692,0.9175895360378221,0.9065495184946595,0.9172959928273312,0.9155302224204176,0.9172959867995056,ArabianPeninsula
21,0.7838509880643748,0.8877655260475655,0.8896214540289659,0.8799827025704062,0.8893978389318868,0.8888483399049742,0.8893978361716487,ArabianPeninsula
22,0.7399581861332731,0.8462313096108893,0.8499245826543835,0.8442799385462314,0.8494514456133873,0.8446965986711232,0.8494514443494299,ArabianPeninsula
23,0.7364139642962426,0.8347360436169267,0.8379308008913842,0.833635620859944,0.8374932824370334,0.8286548068675436,0.8374932818582468,ArabianPeninsula
24,0.73572498367014,0.8316956490668959,0.8355932172370739,0.8298054023524755,0.8352872922054064,0.8314849701241238,0.8352872919403709,ArabianPeninsula
25,0.7506295754757065,0.8470959105773548,0.8517441706218343,0.8424640180607317,0.8512603400249485,0.8483643564246911,0.8512603399035845,ArabianPeninsula
26,0.7443546618627135,0.8434828010592285,0.8482989320827883,0.8377679751045242,0.8479287374022695,0.8450191118384824,0.8479287373466949,ArabianPeninsula
27,0.7481561610621789,0.8572717380662309,0.8625535753682443,0.8513105640965479,0.8614575791838689,0.8596441050605994,0.8614575791584205,ArabianPeninsula
28,0.7538799230052999,0.8610161476567844,0.865967610385462,0.8543502286077662,0.8654470386849249,0.8633479986878474,0.8654470386732716,ArabianPeninsula
29,0.7404747359009288,0.8398312424790015,0.8452548157018546,0.8330019953679104,0.8444873920586107,0.8429420474267417,0.8444873920532745,ArabianPeninsula
30,0.7077287007741081,0.8065030250213137,0.8110603977038177,0.7990508716190183,0.8107660338529912,0.8090996493982798,0.8107660338505476,ArabianPeninsula
31,0.7219777139320727,0.824592890997095,0.8279567726430532,0.8160355268792536,0.8274796839063812,0.8246220330807082,0.8274796839052623,ArabianPeninsula
32,0.754923186314713,0.8639646100994492,0.8668876966091217,0.8554866370406471,0.8664863292451277,0.8646501950311685,0.8664863292446153,ArabianPeninsula
33,0.7484455949976129,0.8554299679898851,0.8590488154749419,0.8488316711922581,0.8587023465941956,0.8582256705582784,0.8587023465939609,ArabianPeninsula
34,0.7453836624347335,0.8521777827205174,0.8571045618349784,0.8450175799350006,0.8562626140306107,0.8560887677616922,0.8562626140305032,ArabianPeninsula
35,0.722674489282707,0.8317173710837131,0.8441243730279601,0.8301167458982415,0.8360401760342394,0.836315052328577,0.8360401760341902,ArabianPeninsula
36,0.6917723629997782,0.8051695573850655,0.8093389705362084,0.8023085856590875,0.8083999284333045,0.8068098967870836,0.8083999284332819,ArabianPeninsula
37,0.6928890435125871,0.8050597548637755,0.808770733377762,0.8002010534686013,0.8083407709231378,0.8078052803711004,0.8083407709231274,ArabianPeninsula
38,0.6853461335547069,0.7940802999139334,0.799431803689838,0.7881172285855356,0.7981911794206527,0.7980271539552581,0.798191179420648,ArabianPeninsula
39,0.7092753975421604,0.8138646653321215,0.8193812766882618,0.8070849371784747,0.8180464936881959,0.8180401173129366,0.8180464936881939,ArabianPeninsula
40,0.6977035957335889,0.8081619679241645,0.815210730249748,0.8015202996224473,0.8126706070564162,0.8130804065285816,0.8126706070564154,ArabianPeninsula
41,0.6814818973435918,0.7872663777777686,0.7921387500654077,0.7802560380861165,0.7917001465396403,0.7922295202233323,0.7917001465396398,ArabianPeninsula
42,0.6629496079253875,0.7627203047999375,0.7675138348844368,0.7557795839790081,0.7673225662036711,0.7676399486651433,0.7673225662036709,ArabianPeninsula
43,0.658450556569059,0.7638477229378748,0.7676119958145038,0.75584316937531,0.7672602606543408,0.7657791978415596,0.7672602606543406,ArabianPeninsula
44,0.6428756237773703,0.7465810263362219,0.7485759662749992,0.7370852086236456,0.7482426173954537,0.7460351203217623,0.7482426173954536,ArabianPeninsula
45,0.6680762992163907,0.7789329113905608,0.78187374341898,0.7696354755648153,0.78101948434291,0.7771389313356984,0.7810194843429099,ArabianPeninsula
46,0.6716705844367035,0.7840457347187815,0.7869281869186497,0.7769931914214343,0.786340102965883,0.7826138696916414,0.7863401029658827,ArabianPeninsula
47,0.6212489437999491,0.7354298027033819,0.7461738095548143,0.7304387574189541,0.7389827905476274,0.7302262558582825,0.7389827905476274,ArabianPeninsula
48,0.6330798740338457,0.7472005077384694,0.7523054644366978,0.7435668534295808,0.7514825350733457,0.7475607247304761,0.7514825350733457,ArabianPeninsula
49,0.6310233308637747,0.7439424953500107,0.7485620847039403,0.7376281305548671,0.747436139689605,0.7439085265122243,0.747436139689605,ArabianPeninsula
50,0.6170310522765312,0.7299345054213595,0.7331218153064372,0.7220121235907451,0.7327652927436605,0.7304500713183646,0.7327652927436605,ArabianPeninsula
51,0.6211296287176568,0.7360689823788653,0.7414497779362816,0.7287835229464917,0.7397961213714878,0.7383881676605587,0.7397961213714878,ArabianPeninsula
52,0.6241213458426925,0.73667376418159,0.7406749783164229,0.7284824004819958,0.7396888513884234,0.7386562480208501,0.7396888513884234,ArabianPeninsula
53,0.6182216579551276,0.7272531283226689,0.7319024825973384,0.719519142556291,0.7311571923629658,0.729457242946644,0.7311571923629658,ArabianPeninsula
54,0.5977887241433562,0.713917109058274,0.7178138148008907,0.7052970909580667,0.7168605275814912,0.7147692688116849,0.7168605275814912,ArabianPeninsula
55,0.6128077774385947,0.7211163362197489,0.7257110908713814,0.7132670251057112,0.7250624572465016,0.7224151674773027,0.7250624572465016,ArabianPeninsula
56,0.5997840144100994,0.7108568088536298,0.713842122091034,0.7011462956503892,0.7127979767899316,0.7114684092876662,0.7127979767899316,ArabianPeninsula
57,0.6341835705788301,0.7394263709824103,0.7419083407279488,0.7293577655570466,0.7407121739882438,0.7378050993595522,0.7407121739882438,ArabianPeninsula
58,0.5996885869420447,0.7098370158454963,0.7163459164286867,0.703374838951883,0.7117094326825959,0.7093684100489037,0.7117094326825959,ArabianPeninsula
59,0.5619557679457959,0.6772388927187626,0.6814882284528874,0.6747467026142635,0.6807437901660247,0.6727881963397075,0.6807437901660247,ArabianPeninsula
60,0.5666753469693946,0.6857824410018388,0.6905135371393586,0.6819572827856066,0.6885825030213277,0.6800480225306532,0.6885825030213277,ArabianPeninsula
61,0.5406486156149697,0.6596762489899535,0.6625363671654159,0.6526901434277338,0.6620513062439107,0.6572647603855268,0.6620513062439107,ArabianPeninsula
62,0.5880691245587746,0.7043598596403404,0.7084544011831451,0.6972521315676004,0.707553817769371,0.7051136236682707,0.707553817769371,ArabianPeninsula
63,0.5700372556040925,0.6825621835001385,0.6875228340090787,0.6770894441451831,0.6860854280616507,0.6835567451707589,0.6860854280616507,ArabianPeninsula
64,0.5562810124337229,0.6618378456894919,0.667242375061613,0.6558476113708892,0.6657413535415773,0.6624310626158073,0.6657413535415773,ArabianPeninsula
65,0.5356476282926974,0.6422748479209033,0.6463059314899314,0.6352685540578354,0.6460340772352581,0.6433422707979931,0.6460340772352581,ArabianPeninsula
66,0.5323242532209194,0.6360030270298,0.6404074587302453,0.6300248949761917,0.6403324290480502,0.6380180257554553,0.6403324290480502,ArabianPeninsula
67,0.5223709844599357,0.6279490692419463,0.6318612798194856,0.6203955644144736,0.6315531418220293,0.6284288268085789,0.6315531418220293,ArabianPeninsula
68,0.5378395681060122,0.6392055741023535,0.6422446383638774,0.6306416950577103,0.6419733015008664,0.6368627290188543,0.6419733015008664,ArabianPeninsula
69,0.5184969939975037,0.6221702732146727,0.624297271067329,0.6123813376616578,0.6238893968337209,0.6194179871012502,0.6238893968337209,ArabianPeninsula
70,0.5054842692452822,0.6107797672932006,0.6118654402742437,0.5999205611504002,0.611832697266412,0.6069487280537771,0.611832697266412,ArabianPeninsula
71,0.49219222764664183,0.5993718464797526,0.6008031835425461,0.5886098372958573,0.6004082605898982,0.5917992543424555,0.6004082605898982,ArabianPeninsula
72,0.47327045986372374,0.5765172801509078,0.578671921579331,0.5659415927939117,0.5778860203003149,0.5727003844907297,0.5778860203003149,ArabianPeninsula
73,0.4707940341264198,0.5732334440420516,0.575838499225996,0.5641880193720518,0.5755852041832784,0.5724136304794819,0.5755852041832784,ArabianPeninsula
74,0.46446481286246544,0.5615991540677743,0.5652357918751575,0.5547497931199975,0.5648770238900066,0.5606336796037459,0.5648770238900066,ArabianPeninsula
75,0.47751742701472394,0.574701288819954,0.5791343379849161,0.568604831046468,0.5784910675287432,0.5736264436564313,0.5784910675287432,ArabianPeninsula
76,0.48194986646558713,0.5772864663357927,0.5821928280872659,0.5706544435128202,0.581296999794771,0.5751812632944936,0.581296999794771,ArabianPeninsula
77,0.49259569865212643,0.5859737161514227,0.589912233468576,0.5784707175104977,0.589387853692817,0.5840107157403743,0.589387853692817,ArabianPeninsula
78,0.5176370600996485,0.6150477035259605,0.6192085608310633,0.6081920488880472,0.6189004163969682,0.6137134639518941,0.6189004163969682,ArabianPeninsula
79,0.49643769660199855,0.5918883115270925,0.5961515848817998,0.5871063247063376,0.595797606641734,0.5928060819630103,0.595797606641734,ArabianPeninsula
80,0.46325428112632194,0.557104835761161,0.5622696314216218,0.5550286303720462,0.559934081444846,0.5563771005678381,0.559934081444846,ArabianPeninsula
81,0.4557994052831875,0.5462623819722858,0.5490397640808662,0.544356431766684,0.5488423882900575,0.5433782884265325,0.5488423882900575,ArabianPeninsula
82,0.44732439398253965,0.5346624878245796,0.5367643262765979,0.5307853336280174,0.5362643888937534,0.5296779472070532,0.5362643888937534,ArabianPeninsula
83,0.4671157009966207,0.5583494098632616,0.5634901863163664,0.5539219170551767,0.5615723433398055,0.5520092432818734,0.5615723433398055,ArabianPeninsula
84,0.44779090896185575,0.5376326019422496,0.5422711426339677,0.5334334259972937,0.5416515085258267,0.5360048805431976,0.5416515085258267,ArabianPeninsula
85,0.43277127370688473,0.5224861547062667,0.5267318673417681,0.5175908155356405,0.5260983509720992,0.5221929200567141,0.5260983509720992,ArabianPeninsula
86,0.42634029178148136,0.5181065888544886,0.5214749341157406,0.5117876694918625,0.5210552789009608,0.5151909955135192,0.5210552789009608,ArabianPeninsula
87,0.43403879374471743,0.5262882864497042,0.5310580061029245,0.5209363225764629,0.5301974182681919,0.5253590170226848,0.5301974182681919,ArabianPeninsula
88,0.4122387585987042,0.5122301279348107,0.5172973121404384,0.5062712280107448,0.5162127658778823,0.5111360919051684,0.5162127658778823,ArabianPeninsula
89,0.3934395721143221,0.4995135698705401,0.504612324227514,0.4938270475774287,0.5037408243683894,0.49918931263444916,0.5037408243683894,ArabianPeninsula
90,0.3952604713568837,0.4999172158300612,0.505756589287349,0.49593366341739653,0.5043010468154695,0.4995388928894375,0.5043010468154695,ArabianPeninsula
91,0.4051761857208912,0.5103162546295256,0.5135808290910798,0.5043010640101757,0.5130792344535456,0.5069973887318561,0.5130792344535456,ArabianPeninsula
92,0.39113544576651693,0.4986476284953855,0.5009150426073276,0.4921768630771426,0.5006038625494462,0.49446351326217336,0.5006038625494462,ArabianPeninsula
93,0.39627354513698054,0.49912724941494424,0.5008191030663947,0.4939739527513569,0.500492982763333,0.4926351633783834,0.500492982763333,ArabianPeninsula
94,0.38130385895571217,0.48783642378625236,0.4904255233352421,0.4803511420910732,0.4885112826368806,0.4799496941257405,0.4885112826368806,ArabianPeninsula
95,0.37944319172364166,0.4911677831932324,0.4958089079631369,0.4814891642219006,0.49192202044866973,0.4819816249717459,0.49192202044866973,ArabianPeninsula
96,0.3683458364034946,0.4815397674501126,0.48306614733777486,0.4711903314884311,0.4824634305657328,0.47115761125714706,0.4824634305657328,ArabianPeninsula
97,0.3594902617499665,0.4687698023898179,0.47182830020982014,0.46059411048046484,0.4710077515944482,0.4631254509843714,0.4710077515944482,ArabianPeninsula
98,0.36392166668078985,0.47113252190549365,0.4735948678204036,0.46301026148039,0.47306984250110506,0.4656178059789785,0.47306984250110506,ArabianPeninsula
99,0.3799746911031011,0.4882662936586521,0.4934882670389925,0.4815890520618489,0.4903500416713084,0.48588929147877113,0.4903500416713084,ArabianPeninsula
100,0.3762954025096481,0.48575770847206406,0.4885236021444759,0.47943251731468395,0.4873582836203909,0.483009896547019,0.4873582836203909,ArabianPeninsula
101,0.3558554653673903,0.46555581456603234,0.46806027789758164,0.4589247423604367,0.4675497009624079,0.4632368385490802,0.4675497009624079,ArabianPeninsula
102,0.33874587792228494,0.45306706264761853,0.45502079212916424,0.44612269785976155,0.45493906786761407,0.45005197922923434,0.45493906786761407,ArabianPeninsula
103,0.3230939178579166,0.4345152858550536,0.4384460059748674,0.42925272658460845,0.43794646846265717,0.4329737651316574,0.43794646846265717,ArabianPeninsula
104,0.34930814328102666,0.4572075902928606,0.4609136129652933,0.450962803231892,0.46072921869679306,0.45754382371906177,0.46072921869679306,ArabianPeninsula
105,0.3369320410312012,0.4378091194502819,0.44183770830089597,0.4311138895994364,0.4415616858716328,0.437672237991772,0.4415616858716328,ArabianPeninsula
106,0.34764889261086585,0.4517653013475551,0.4591687482948129,0.4433807262747864,0.4546574403085435,0.44948798556782993,0.4546574403085435,ArabianPeninsula
107,0.32937684446117416,0.43162168705593834,0.4347743827519999,0.42234622480648404,0.4335920731217233,0.42614393372645454,0.4335920731217233,ArabianPeninsula
108,0.3073433961091826,0.40762303929285576,0.4129659787410417,0.39931500541549786,0.41078826065190405,0.4055768684996718,0.41078826065190405,ArabianPeninsula
109,0.30950197430862136,0.412673096702039,0.4163370004283875,0.40562178278114247,0.41605695889276506,0.41236709704388086,0.41605695889276506,ArabianPeninsula
110,0.3191553352970841,0.4212721108127243,0.4250165814896094,0.41508057594417663,0.424683162369955,0.4212960789965803,0.424683162369955,ArabianPeninsula
111,0.3140271706640202,0.4148358942395345,0.4190754216317337,0.4098720321081687,0.4183397857546717,0.4138366958831756,0.4183397857546717,ArabianPeninsula
112,0.3216762006998506,0.4184477750419058,0.4218821017448915,0.413487155205429,0.42173384408932046,0.41664889518284476,0.42173384408932046,ArabianPeninsula
113,0.3292238955272573,0.43051930907991437,0.4341741227566573,0.42700374794648,0.4339424189000394,0.4289530876913034,0.4339424189000394,ArabianPeninsula
114,0.3217916913106518,0.4209742888917656,0.4306216870231018,0.41870179816541914,0.42516731250756656,0.419980177702776,0.42516731250756656,ArabianPeninsula
115,0.3030386387093351,0.4013954549202762,0.4046640517561832,0.39669142753676945,0.40426640251110013,0.3998938283383371,0.40426640251110013,ArabianPeninsula
116,0.29722912430737447,0.39621352106336716,0.3986192537426255,0.3888294441737608,0.3981602740223097,0.3920951303367035,0.3981602740223097,ArabianPeninsula
117,0.27518250046931103,0.3730748449899679,0.37638396509909444,0.36604556114447767,0.37597782583023887,0.3690908025784625,0.37597782583023887,ArabianPeninsula
118,0.2758094538736442,0.37611905774044946,0.3796715852955102,0.3692522393278671,0.37945991068468354,0.3721965355801006,0.37945991068468354,ArabianPeninsula
119,0.25935547933739833,0.35785876902440183,0.36222335174625936,0.35051015322534496,0.3616959804089951,0.35489019770280184,0.3616959804089951,ArabianPeninsula
120,0.28085765611861513,0.38295066632853153,0.38833518202681994,0.37318752725455784,0.3850973419983733,0.3760367633244486,0.3850973419983733,ArabianPeninsula
121,0.27576647596959886,0.3711316885015067,0.3753340639583347,0.3639285789555572,0.37447113042966224,0.3644623763302878,0.37447113042966224,ArabianPeninsula
122,0.25241204245653015,0.34873511577146077,0.35116031853425134,0.3420243072741701,0.3508870381984958,0.3455879490458471,0.3508870381984958,ArabianPeninsula
123,0.2613729281773961,0.3557190413727761,0.3587121032681212,0.35048673988079326,0.35803901171686403,0.35258830470571684,0.35803901171686403,ArabianPeninsula
124,0.25038325571598663,0.34395074114238144,0.3462450976442565,0.33889944090801827,0.3456827238920468,0.34160773140706063,0.3456827238920468,ArabianPeninsula
125,0.23583518408257823,0.3244185923074206,0.32733072973341637,0.3208311209912812,0.32714183831091137,0.3215083446925677,0.32714183831091137,ArabianPeninsula
126,0.2564236361944694,0.34465906131486357,0.34930388247482913,0.3426653621271958,0.3481732367268616,0.34385123278777474,0.3481732367268616,ArabianPeninsula
127,0.25020600194802756,0.3360250914685922,0.34630609650649546,0.3340225704281852,0.3395407485156948,0.335163058951228,0.3395407485156948,ArabianPeninsula
128,0.24162380384733798,0.32864117801961096,0.3333376313241125,0.3267921468221112,0.33138880779162777,0.3274453074509226,0.33138880779162777,ArabianPeninsula
129,0.21498752890084089,0.31060593516100704,0.31673066591220295,0.30709742859193784,0.31273805783836106,0.3067213142280568,0.31273805783836106,ArabianPeninsula
130,0.21828020949756832,0.3117221635763188,0.314276259051332,0.30640545689479565,0.3135253282787771,0.3063046468863207,0.3135253282787771,ArabianPeninsula
131,0.22899919878371142,0.3190973349908189,0.32443701362787175,0.3122447524285711,0.32147858842283644,0.31528432140885254,0.32147858842283644,ArabianPeninsula
132,0.23180504513087735,0.327738618301731,0.33032113044934386,0.31966245261426146,0.3301230660561827,0.32336894327797555,0.3301230660561827,ArabianPeninsula
133,0.2162178058811619,0.3115731316671344,0.3156209579923013,0.3060132094020347,0.315017629359301,0.3112647377251423,0.315017629359301,ArabianPeninsula
134,0.2403334014043078,0.338253844210745,0.34030084070200417,0.3332893922255726,0.34019789024057,0.3386093838475426,0.34019789024057,ArabianPeninsula
135,0.22490917371621397,0.3217375639488987,0.324903365528212,0.3185846947096571,0.3242360893461419,0.32081660298412845,0.3242360893461419,ArabianPeninsula
136,0.2394535306435664,0.3330183282720275,0.33686482104968946,0.33094481489312066,0.33639949426525473,0.33301931009198066,0.33639949426525473,ArabianPeninsula
137,0.21464023455070783,0.3070688239960009,0.313573127104008,0.30742594651480776,0.31122860339583136,0.30698732705541076,0.31122860339583136,ArabianPeninsula
138,0.21423272722216008,0.3032303236301016,0.3098768609726321,0.3048268742561284,0.30770909724550866,0.303435225092453,0.30770909724550866,ArabianPeninsula
139,0.2284697009540992,0.32080262570937224,0.3254159093093604,0.32157685250757984,0.3242412159678134,0.3208101359065967,0.3242412159678134,ArabianPeninsula
140,0.20023717985203243,0.2931140366383117,0.297286610923719,0.29351042277256345,0.2964382743990196,0.29447164243113977,0.2964382743990196,ArabianPeninsula
141,0.21282701935976084,0.30626710897283715,0.3111922822814185,0.30704534739353195,0.3103747691442603,0.30586167695649036,0.3103747691442603,ArabianPeninsula
142,0.20166743651853808,0.2934542600164606,0.29799906712739677,0.2945293494665133,0.29781185975743807,0.2933929790910814,0.29781185975743807,ArabianPeninsula
143,0.19368275428323822,0.2908536074303516,0.2955615904527816,0.2920043837948106,0.2946193823141151,0.28996210748324724,0.2946193823141151,ArabianPeninsula
144,0.17622393976159667,0.2725884398734948,0.2759452334036623,0.27170277741638305,0.27574851947976,0.26709601183327986,0.27574851947976,ArabianPeninsula
145,0.15086028710931745,0.24803472659636627,0.25125224777746497,0.24628007233824895,0.2497785834988569,0.24477286300910486,0.2497785834988569,ArabianPeninsula
146,0.1362007756219367,0.23579475252290932,0.24004362755211617,0.23538001257040453,0.2391753352750689,0.23642007469080722,0.2391753352750689,ArabianPeninsula
147,0.14898306789170168,0.24639569090551017,0.25157906730227386,0.24523371934960025,0.25059331159335707,0.2460113137918215,0.25059331159335707,ArabianPeninsula
148,0.13966221451502825,0.24329260924593982,0.24912285365754844,0.24166055023082228,0.24777617408909974,0.24321835271461134,0.24777617408909974,ArabianPeninsula
149,0.139997941433678,0.2450792026927443,0.25141730572551374,0.2434318195308824,0.24968710635628838,0.2448405852225214,0.24968710635628838,ArabianPeninsula
150,0.1397820489073192,0.23934148075320733,0.24458481939267454,0.23810102632218708,0.24370929407983444,0.2395546482948346,0.24370929407983444,ArabianPeninsula
151,0.12261935883534612,0.22083933441460823,0.22730709333097568,0.2189835247822789,0.2241247085863063,0.21934053315135996,0.2241247085863063,ArabianPeninsula
152,0.112875996830963,0.21287407072758668,0.2181624471278349,0.2108046121439598,0.21690509736585312,0.21190551854163714,0.21690509736585312,ArabianPeninsula
153,0.1019617637936088,0.20674169423420347,0.20979987991299415,0.20355346624708104,0.2092997433635998,0.2035514119903573,0.2092997433635998,ArabianPeninsula
154,0.09990022632710831,0.20148857653968383,0.20496161735150328,0.1981568855344515,0.20474335443927483,0.19964381867819783,0.20474335443927483,ArabianPeninsula
155,0.11647242702240129,0.2152321538100354,0.2177269358368733,0.20839909709275914,0.2169946407736002,0.21411020716226897,0.2169946407736002,ArabianPeninsula
156,0.08650323929194438,0.1811706432389441,0.18300476074054384,0.173002311661622,0.1827800077312203,0.1795064392968736,0.1827800077312203,ArabianPeninsula
157,0.07982344250163415,0.17194711604032029,0.17436116911177915,0.16407361773833495,0.1741561533503596,0.17229917383593651,0.1741561533503596,ArabianPeninsula
158,0.0869197993570944,0.17999567963147559,0.18533032349356388,0.17225719022131508,0.18247931675556633,0.1812710160581174,0.18247931675556633,ArabianPeninsula
159,0.07887364146605669,0.1735085371174422,0.17585291674528036,0.16761741509822997,0.17537991653691667,0.17482661624214058,0.17537991653691667,ArabianPeninsula
160,0.06893439927071168,0.16381979646725492,0.16733498692942908,0.16103891693996647,0.16699596920524706,0.16623522449744343,0.16699596920524706,ArabianPeninsula
161,0.07265371229739043,0.16799213443021865,0.17215336430626849,0.16618911223312782,0.1708261379054996,0.16642000932460277,0.1708261379054996,ArabianPeninsula
162,0.07117227737579987,0.16290063223786178,0.1661795833476597,0.1605254017152779,0.16518085843994285,0.16186797907429318,0.16518085843994285,ArabianPeninsula
163,0.07986975176654482,0.173001139495919,0.17645854472258055,0.17014552270516348,0.17531763418191387,0.17126539185484507,0.17531763418191387,ArabianPeninsula
164,0.06965571524143921,0.1639531762687847,0.16642586856611563,0.15928879058835235,0.16523654066332913,0.16080176364111798,0.16523654066332913,ArabianPeninsula
165,0.07320838942251903,0.16544609533852556,0.1673995543748902,0.16254486299744525,0.16705742369696444,0.16114088390934478,0.16705742369696444,ArabianPeninsula
166,0.07833338237431398,0.17100928447196273,0.17442736895237826,0.17026031394869245,0.17387659266627434,0.16964034662363076,0.17387659266627434,ArabianPeninsula
167,0.09427450054630186,0.1850597527899674,0.18982437441848748,0.1863741001673066,0.18863216771336577,0.1844672613705612,0.18863216771336577,ArabianPeninsula
168,0.08664229150555289,0.1770583334459055,0.1821010930694673,0.17734010527259603,0.18130192023839595,0.17401712044550816,0.18130192023839595,ArabianPeninsula
169,0.08972425743308698,0.1833951971749318,0.18586960866460728,0.1778406210663972,0.18568467703581937,0.1759330013017542,0.18568467703581937,ArabianPeninsula
170,0.10033440388972673,0.18770307047376505,0.19345789616751535,0.18430850568695878,0.19035919486488845,0.18591816449272391,0.19035919486488845,ArabianPeninsula
171,0.10668081778893676,0.18657850821689376,0.19044697797299537,0.1865600847473579,0.18963185021828988,0.18759823108754192,0.18963185021828988,ArabianPeninsula
172,0.10770680375489333,0.18684154872170378,0.18990972815015505,0.187181295177475,0.18955673819454028,0.18841973585526528,0.18955673819454028,ArabianPeninsula
173,0.10669819808757722,0.18976137531949935,0.1937781549644515,0.19015709327445218,0.19204999416809138,0.19163827549006854,0.19204999416809138,ArabianPeninsula
174,0.10291736094393311,0.1894986131702559,0.19274966377876118,0.19071660702605508,0.1917124214833042,0.19166753662388056,0.1917124214833042,ArabianPeninsula
175,0.0897261742485848,0.17172610972111346,0.1745164084468303,0.17299693307469444,0.17409805619702964,0.17433839031244072,0.17409805619702964,ArabianPeninsula
176,0.09954071637762224,0.1756733037816426,0.1803894339142723,0.17766035069653996,0.17917625008044186,0.17959653028619452,0.17917625008044186,ArabianPeninsula
177,0.07529626869803649,0.15080193569427228,0.1550688041893914,0.15232368240304411,0.1546865042142966,0.15460717478870958,0.1546865042142966,ArabianPeninsula
178,0.07500187058270638,0.15204428023414146,0.15446214925033114,0.15117975167016098,0.15429236026109933,0.15430764972656164,0.15429236026109933,ArabianPeninsula
179,0.0833772221614417,0.1611972598027733,0.16254691060032908,0.1590916213639098,0.16247402983450188,0.160413332047235,0.16247402983450188,ArabianPeninsula
180,0.09033579340295428,0.17124816923448566,0.17217270108749727,0.16595548850778624,0.17197079778170724,0.17150460698688752,0.17197079778170724,ArabianPeninsula
181,0.06900326552990044,0.14789131476661133,0.15005404942383055,0.14486785722475387,0.15001419241448727,0.1498355290575791,0.15001419241448727,ArabianPeninsula
182,0.03283605589687011,0.1166875086859901,0.11962067862104123,0.1131399168706726,0.11783274511266872,0.1124773417594096,0.11783274511266872,ArabianPeninsula
183,0.03628034761268403,0.12301276834394101,0.1251241946672491,0.12150815210380217,0.1243882137044684,0.12200865213137096,0.1243882137044684,ArabianPeninsula
184,0.04329345329269174,0.1258994754317237,0.12798431654993986,0.12602107402587914,0.12759794996266155,0.12650443152652194,0.12759794996266155,ArabianPeninsula
185,0.02896052190912371,0.11830677756857966,0.12039698134961718,0.11621160082925633,0.1192082053754567,0.11855262460832477,0.1192082053754567,ArabianPeninsula
186,0.022518904093074804,0.11074359041488421,0.11284483233940207,0.10890438170413072,0.11166362825384482,0.11090538394179672,0.11166362825384482,ArabianPeninsula
187,0.00448160855597185,0.09078187459856721,0.09274096678506728,0.09018496880534452,0.09250425189691042,0.09114124142270455,0.09250425189691042,ArabianPeninsula
188,-0.010668888427415618,0.07458891415292543,0.07701478209910545,0.07420967609178494,0.07678037647700595,0.07510890918290432,0.07678037647700595,ArabianPeninsula
189,-0.011436319846079762,0.0762839941294211,0.07850166495132742,0.0750616587137998,0.07806693185804653,0.07414369486674513,0.07806693185804653,ArabianPeninsula
190,-0.010950596061729378,0.07262041410795689,0.07636380204150435,0.07147533395317068,0.07609603414450808,0.07135354662920028,0.07609603414450808,ArabianPeninsula
191,-0.0005746889969531765,0.08468353302825307,0.08934367547585062,0.08234540804284873,0.08878989245428417,0.0819736005064283,0.08878989245428417,ArabianPeninsula
192,-0.0327082379417262,0.05791692054416647,0.06011767895333625,0.05090599755711259,0.05987148989874268,0.05195363506168871,0.05987148989874268,ArabianPeninsula
193,0.0012190982046906829,0.09189141400166914,0.09335378665562744,0.08208888398418573,0.0928111765079856,0.08693883430345814,0.0928111765079856,ArabianPeninsula
194,0.008338924368378187,0.07945768684721011,0.08360110382836095,0.07209509548359669,0.08225932515653017,0.0793780734483644,0.08225932515653017,ArabianPeninsula
195,0.00023121108851897887,0.07701766507788549,0.08109766141636221,0.07346413083732414,0.08081896715981024,0.07739204684604761,0.08081896715981024,ArabianPeninsula
196,-0.020439711890826995,0.057787300048344176,0.061299847484993814,0.05594761824323721,0.06074121653858522,0.05655287516807861,0.06074121653858522,ArabianPeninsula
197,-0.03070963154616166,0.042345951877528765,0.04639364468923085,0.04151906703159364,0.04582308662376744,0.0422651182153351,0.04582308662376744,ArabianPeninsula
198,-0.02356211537122027,0.04425621631419585,0.04891811734857615,0.045188537080777996,0.048382195965897656,0.04409121143782896,0.048382195965897656,ArabianPeninsula
199,-0.02135879216429848,0.051193355548491914,0.05366198938259076,0.050346504415844984,0.05340424740252908,0.048966880130852986,0.05340424740252908,ArabianPeninsula
200,-0.0052578719173733135,0.05531333127998833,0.0586612187511415,0.055221810795841486,0.05849632505319191,0.05625512051067866,0.05849632505319191,ArabianPeninsula
201,-0.011050511841613347,0.04862567862135184,0.05398387986667011,0.0509109070585316,0.05258239270982107,0.05173930467641702,0.05258239270982107,ArabianPeninsula
202,-0.01721521867384848,0.03702214824180253,0.04081926486473583,0.03817398564800245,0.03898239401789905,0.03801785002708194,0.03898239401789905,ArabianPeninsula
203,-0.008776604519758036,0.04065872389107983,0.042247166948168546,0.04118616873798764,0.04155635191367202,0.038472622072244445,0.04155635191367202,ArabianPeninsula
204,-0.015183478601651423,0.024544249463427537,0.02929978932174121,0.02728859482228632,0.02754412413553875,0.025673868654378623,0.02754412413553875,ArabianPeninsula
205,-0.013442448483989788,0.013732082457455608,0.018815949431948253,0.015286755661794549,0.015962873835717317,0.00774040067146381,0.015962873835717317,ArabianPeninsula
206,-0.03706081563583963,-0.0036541355175441215,-0.000711324169896943,-0.002955949263657609,-0.0014563959546127214,-0.0066614530460301635,-0.0014563959546127214,ArabianPeninsula
207,-0.02779945842664061,-0.0022617479380384053,0.001231994795471758,-0.0005708408014933886,0.0008039606771351182,-0.00486000863163083,0.0008039606771351182,ArabianPeninsula
208,-0.014446058559632768,0.013978710896161817,0.016067653866697756,0.015026738445390458,0.015871323351717037,0.013551087335052697,0.015871323351717037,ArabianPeninsula
209,-0.013571941445647995,0.0125390251603682,0.016150273203716703,0.013802002661613633,0.015070374857344415,0.01327440123175272,0.015070374857344415,ArabianPeninsula
210,-0.0013764230460304727,0.0079175188296437,0.013080925861316706,0.010814479620876394,0.011739353587199408,0.011355971466029846,0.011739353587199408,ArabianPeninsula
211,0.003192578401284174,0.011836955059984167,0.014815859542487042,0.013307747714387641,0.01411833657081979,0.014022893270524639,0.01411833657081979,ArabianPeninsula
212,-0.0019166810646454313,0.009223597483395185,0.011500762888039029,0.0096648850676605,0.010466149182811024,0.009553249607667624,0.010466149182811024,ArabianPeninsula
0,0.8260188083388961,0.8260188083388961,0.8260188083388961,0.8260188083388961,0.8292374113228024,0.8260188083388961,0.8260188083388961,China
1,0.8183655742361079,0.8882485552174257,0.8891687996304465,0.8779880852176372,0.8837465739443835,0.8806035851534654,0.8810027041107027,China
2,0.7375937599172895,0.8712135375254719,0.8765875009767952,0.8357667319830187,0.8559796338373737,0.8530496844344541,0.8536404756057343,China
3,0.5959329722149734,0.7842634619850858,0.8060722054295424,0.7266108910126113,0.7597948325993235,0.7570559256026318,0.7578006923651613,China
4,0.478539283564666,0.7145197250795042,0.746620324823428,0.6373844488596333,0.6820145515810659,0.6782466163761376,0.6803145403463763,China
5,0.4471143685674218,0.7231950618613953,0.750629580319626,0.6338971350022501,0.6834463501142164,0.6805645581651504,0.6819970848376019,China
6,0.43413964156766716,0.7446195094498118,0.7678150578743851,0.6514518276550261,0.6994570762785381,0.6973415344929798,0.698221572771772,China
7,0.43144198799827616,0.7701602741516146,0.7853508465537424,0.6764406797994739,0.7208137287493056,0.719100580154423,0.7197604578679407,China
8,0.481282600307103,0.844584573944887,0.8514104012680244,0.7530798357341593,0.791468836813229,0.7903809015477166,0.7905709198559272,China
9,0.5061577386454249,0.8916442971456469,0.8922729039029607,0.7988116851483362,0.8341108972339029,0.8334861624139985,0.8333454200176662,China
10,0.5589479208583678,0.9581079882189898,0.9609585586981034,0.8680525730005673,0.9011824947699068,0.9008162944810358,0.9005299228769135,China
11,0.5889460374836402,1.0016081016604494,1.0053897957068485,0.909701218929622,0.9438447291060396,0.9428048313633675,0.94328840937961,China
12,0.5735058279806375,0.9990010134401829,1.010834350961212,0.9008807480511413,0.9386100733743449,0.9372309754887578,0.9381358089425823,China
13,0.5456673148872443,0.9838074924187832,1.00416244698672,0.8728157135225905,0.9197928763777183,0.9179948348074364,0.9193885643597379,China
14,0.5882584468240349,1.0353416562662336,1.0455366149249887,0.9167537053106759,0.9688601388183306,0.9667685144657883,0.9685154614676047,China
15,0.6108960058078062,1.064952048551581,1.0704834540405068,0.9339136013542311,0.9973318027832725,0.9953821498757194,0.9970379641862979,China
16,0.6260240690549725,1.0879936500690142,1.0927163062853391,0.9474090582371971,1.017786153352629,1.0152371428861748,1.0175356549636567,China
17,0.633797670231117,1.0995376471012395,1.1034783661428058,0.9533402352560639,1.0300431261124494,1.0278190325559238,1.0298295753960907,China
18,0.6289576711938554,1.097109369278332,1.0993322104243666,0.9540872700841677,1.028607442142035,1.0263575768493118,1.0284253894404416,China
19,0.5998881307520763,1.0713790852988958,1.071966055453888,0.9360216410443695,1.0027897293884034,0.9987845291985937,1.0026345288499896,China
20,0.5741332328747936,1.049590377521123,1.0457102339669322,0.9197551343318979,0.9796324153848632,0.9757274278362295,0.9795001064055782,China
21,0.5621289170860724,1.040223171412631,1.0347730214624822,0.9131135461377511,0.9695141947517467,0.9657184111211963,0.9694014009033596,China
22,0.5343076647420797,1.0036983576850247,1.0170158216515452,0.8868507034404989,0.9430437533362348,0.9401865647889693,0.9429475962023595,China
23,0.46799919478951313,0.9382007706213834,0.9645138058352449,0.8169812310854913,0.8763315360832938,0.8742520921479447,0.8762495618043123,China
24,0.45739971298733395,0.9227476764209328,0.9652329453814524,0.8015915610420015,0.8666501202345542,0.8656443822419679,0.8665802368869153,China
25,0.5040505061559157,0.9742409407969822,1.016253500462661,0.8549865045806421,0.9144215395600382,0.914265293461641,0.9143619637719024,China
26,0.5437502161350733,1.017035594105539,1.0601554306015388,0.8886519439923056,0.9543880643994419,0.9550663333705398,0.9543372758403369,China
27,0.5643837712710971,1.0417366008027817,1.0886127389454736,0.912375034613522,0.9764413876555651,0.9781306560722283,0.9763980902386669,China
28,0.5393611503423786,1.0161386443396654,1.0726969475102854,0.8781620911834389,0.9507582455623296,0.9533703476595775,0.9507213343692755,China
29,0.45484002650338917,0.9328492247654264,0.991155224285362,0.7869871212662006,0.8653275384083609,0.8673013183147635,0.8652960714925427,China
30,0.400262719884245,0.8798975432665155,0.9230548477567848,0.7360466747949419,0.8097892385999623,0.8120570620056382,0.8097624129487391,China
31,0.42489279633490906,0.899162279714385,0.9406104926321431,0.7618848967680134,0.8344105852803392,0.8369515859760381,0.8343877163227422,China
32,0.43717663452924094,0.90814296471852,0.9453944291500276,0.7764656000863153,0.8467564775748277,0.8494350687735903,0.8467369817118113,China
33,0.4170527652606647,0.8893906681171724,0.9176792574950952,0.757734068974476,0.8254593144186171,0.8281441987245823,0.8254426941300386,China
34,0.3922373161284949,0.8550996569445033,0.8905658761502442,0.7351951792392712,0.8000793238439854,0.8023036854527006,0.8000651549922551,China
35,0.3397291712998023,0.7997081780581099,0.8436909110874711,0.6817201926416265,0.747441465799894,0.7495879489915779,0.7474293868062949,China
36,0.35532068676173345,0.8096421531682129,0.8712545207195278,0.6924480305222368,0.7632480783814412,0.7657108757046016,0.7632377809989047,China
37,0.31353741218521614,0.7733335036996873,0.8380063114697104,0.6460528371882062,0.721880590298243,0.7249512598023395,0.7218718117451102,China
38,0.30511167117789995,0.7580945354356154,0.8330428853621206,0.63330147377867,0.7127870578202387,0.7168897325449614,0.7127795740742642,China
39,0.3678327465061947,0.8232102156709638,0.8976745732409908,0.6943250603272171,0.7750622993922471,0.7795711337365057,0.7750559194737154,China
40,0.41163820398518025,0.8716026637463989,0.9327405484920649,0.7317490475856168,0.8190629737628075,0.8216082084220331,0.8190575348608715,China
41,0.4152723017190141,0.8736894458874382,0.928939658512658,0.7316824634071595,0.8219460101192415,0.822371632902722,0.8219413734371077,China
42,0.33301636378821664,0.7958078084082102,0.8438656889889657,0.6515065826188245,0.7392243580081702,0.7390567064026804,0.7392204052211072,China
43,0.3148775995768951,0.7708982028522737,0.8200810805689852,0.6385818637932299,0.7214056998288889,0.7195250045013187,0.7214023300646666,China
44,0.30134648172135414,0.756338687419023,0.798010749169856,0.6296060372179684,0.7076151803144235,0.7059688601857619,0.7076123075791274,China
45,0.34181520097357576,0.795323268564051,0.8373514260407877,0.6784189050126148,0.7490878371877447,0.7473683756175016,0.7490853881712745,China
46,0.29476309238503706,0.753969071758336,0.7863450444394735,0.6337888093579289,0.7018704817661663,0.6999023704888649,0.7018683939714154,China
47,0.2614105611455352,0.7172755805777041,0.7499451011032784,0.5976158687956684,0.6674854023377902,0.6652532161347536,0.6674836224857662,China
48,0.28829989301218795,0.7450113620012868,0.7867360077558517,0.6217044557849098,0.6939497449540701,0.6919621885625605,0.6939482276242532,China
49,0.2735663707830034,0.7340564243757586,0.7738349241582683,0.6024472116462909,0.6786498504665168,0.6772786206487399,0.6786485569377612,China
50,0.22333755895649132,0.6788134165090272,0.7436231248044436,0.5482586792274231,0.6278875339102077,0.627505558323074,0.6278864311726069,China
51,0.17954128109042922,0.6388907908837664,0.7392803427544077,0.5058250919557197,0.5841428745483728,0.5843313939646879,0.5841419344608714,China
52,0.13621397483144004,0.5934453587900359,0.6943947712877157,0.4551189404371765,0.5404527392962539,0.5407972631744389,0.5404519378685073,China
53,0.09136674397680222,0.5526661350218771,0.6304084740675124,0.41017798071725187,0.494896680660438,0.49519038842155694,0.4948959974405973,China
54,0.11267469207985714,0.5632779877489615,0.6366373961841054,0.4304940287580199,0.5137476766526821,0.5141496100003845,0.5137470942054776,China
55,0.1620192848958084,0.6064521029731255,0.676332721869375,0.48310631332963905,0.562109313988259,0.562683991915687,0.5621088174500647,China
56,0.1656079337170251,0.6079934677468115,0.6675548586974592,0.48781612468485824,0.5626367811059039,0.5635757662402108,0.5626363578054288,China
57,0.18964011180966855,0.6302210005660204,0.6874276882281766,0.5162116994871994,0.5873766194486177,0.5888770087959405,0.5873762585835435,China
58,0.2575792018461702,0.6898677124587181,0.750416615131423,0.5918717920869264,0.6533427339265446,0.6551771653719834,0.653342426287859,China
59,0.25993345669344337,0.697658311511153,0.7468761345603288,0.5968674112759302,0.6547560901164631,0.6566418802502524,0.6547558278534522,China
60,0.20180708155688332,0.6448628858471716,0.6955002996111137,0.5354695161658353,0.5961981305305043,0.5983425531013087,0.5961979069504085,China
61,0.2071334585337299,0.6428700407751234,0.7313582286104872,0.5327874734151538,0.599674441076523,0.6019561755550072,0.5996742504737419,China
62,0.23988233119802738,0.6790206832505069,0.7828292035008113,0.5604377317429851,0.6330693347677964,0.6361334715645678,0.6330691722782865,China
63,0.2761247705629525,0.7187434202894999,0.8160773206187055,0.5928066424732764,0.6668982307421282,0.6689495728362591,0.6668980922192763,China
64,0.24940957662566143,0.6889072755433303,0.8033897511247461,0.5594035891186777,0.6370138785426331,0.6381308850703925,0.6370137604514374,China
65,0.21614560506103608,0.652981027467906,0.7725579650291163,0.5179031885923295,0.599936584504666,0.5995338398547267,0.599936483831526,China
66,0.1921581341835047,0.631642019737173,0.7328088246403718,0.4936523009092879,0.5741803826758902,0.574459300229426,0.5741802968517011,China
67,0.17652694226543808,0.6162558674806676,0.6989193659936966,0.4795002439742856,0.5574118765026957,0.5578214210797487,0.5574118033372869,China
68,0.2405538097880372,0.6717741366570361,0.7462870395128627,0.5444760845914053,0.619357575379449,0.620179254465391,0.6193575130056926,China
69,0.2457026120590876,0.6730971230361662,0.7361282704724164,0.5560148988942861,0.6212500351622079,0.622161259440924,0.6212499819883714,China
70,0.17648903745037203,0.5968388438203497,0.6589772948537503,0.4858052827779097,0.5496309524760293,0.5507445510480228,0.5496309071451556,China
71,0.20520466533871373,0.6203808082361317,0.686725059031418,0.5104423546650816,0.5770369462846618,0.5784304042084577,0.57703690763994,China
72,0.23522299896645438,0.6509653747692675,0.7201156490957472,0.5374767208324295,0.6033450687975322,0.6053095042942089,0.6033450358527773,China
73,0.2675823708426689,0.6820688180407888,0.7646137144776686,0.5620273799007895,0.6329120080705968,0.6354426302890455,0.6329119799850826,China
74,0.314118193847434,0.7289567834960677,0.8147570468587932,0.5989136187276425,0.6755851336790593,0.6787589677690359,0.6755851097360646,China
75,0.3754160588066455,0.7936199714865286,0.8721027410182471,0.6618893588014796,0.7358132450201251,0.7387830111557483,0.7358132246086417,China
76,0.36433675300881363,0.7838230040724689,0.85293386653451,0.6504907715886711,0.7223398314357391,0.7258071108572759,0.722339814034881,China
77,0.32177525330362755,0.738786461186316,0.8052774103899436,0.6017566894185351,0.6773668120063929,0.6808052979227074,0.6773667971721029,China
78,0.3235262610560521,0.7381017606203889,0.7987155453362148,0.603632956548858,0.6785441303505911,0.681982349944217,0.6785441177043093,China
79,0.2534379645168242,0.6662551876953007,0.7152912156593719,0.5348684813816735,0.6053730179960801,0.6070455649645866,0.6053730072150827,China
80,0.2098756738923273,0.618814663297498,0.6552486335518279,0.4894707833467298,0.5588120817441378,0.5598250850404217,0.5588120725533015,China
81,0.21280435130246356,0.6199484876846302,0.6468590260335477,0.49125411473164626,0.5588138688941284,0.558993334790485,0.5588138610589095,China
82,0.2770985453287378,0.6728660811310119,0.7055868354675844,0.5538809881007438,0.6202423443514296,0.6203871326986047,0.6202423376718793,China
83,0.2741988562897073,0.6731923452617637,0.7080208541103162,0.5480888861589722,0.6163817598663338,0.6162668579333984,0.616381754171995,China
84,0.2646525017184641,0.6605557715817573,0.7104847522512489,0.5307520454105351,0.6041635646549434,0.6047466275611786,0.6041635598005005,China
85,0.22942527944750957,0.626334984141788,0.6842621944015695,0.4884377348816229,0.5659175196608586,0.5665694835361377,0.5659175155224299,China
86,0.18034011074799894,0.5698381157147514,0.6583822529010462,0.43314449440410596,0.5146293292799358,0.5160070286612923,0.5146293257519114,China
87,0.15108301731902818,0.5412906923830794,0.6697258690645791,0.39977640309009255,0.4827530828618043,0.4842956500735798,0.4827530798541517,China
88,0.11584958827338221,0.506241722114159,0.6470533741916172,0.36270509195271483,0.4445457474921217,0.44703196809557344,0.44454574492808785,China
89,0.08781107368590857,0.47549200686721327,0.5995463413285316,0.3262610300902602,0.41174875893248,0.41461520392173723,0.41174875674663247,China
90,0.12533800042977472,0.5037999641255629,0.6158921148163055,0.3649586349643229,0.44707174471409095,0.4498809283660733,0.44707174285064866,China
91,0.18162760954505863,0.5496560697632027,0.6541038488717978,0.42674008816273856,0.5007414171502138,0.5035722886358941,0.5007414155616228,China
92,0.19515973180469814,0.5651213191151331,0.6504767050806092,0.4444996386417316,0.5124105694181328,0.5149039947067359,0.5124105680638534,China
93,0.22723840851386357,0.6002095815736278,0.6703725711331185,0.4817620890088882,0.5440126623946874,0.5465297374923044,0.5440126612401596,China
94,0.3039524125939711,0.6773004882615081,0.7345619008800748,0.5605782644598627,0.6184677031939521,0.6207657844693861,0.6184677022097131,China
95,0.31946816961334557,0.6850962422849844,0.7447990928352876,0.5743395202387271,0.6316871516333378,0.6335439082818052,0.6316871507942707,China
96,0.2726157614983531,0.6258559685335334,0.7062705503301856,0.5190818194614575,0.5799128542740806,0.5813858428481596,0.5799128535587732,China
97,0.18033651777228132,0.5365978935889169,0.6161946707591898,0.4282147378977792,0.4852903575184655,0.4860848897890172,0.48529035690866373,China
98,0.15820435133214794,0.5162849715825734,0.5806719803273306,0.39665259520314156,0.46041949039478414,0.46171963948433037,0.460419489874926,China
99,0.23934239133315227,0.5943143946669329,0.6587775773372134,0.4637260072531699,0.5395933136921891,0.5394939868482311,0.539593313249008,China
100,0.29458670931932374,0.6488036209625628,0.7078114439727401,0.5265517035594286,0.593904199974235,0.5930926459648662,0.5939041995964217,China
101,0.29463820152682607,0.6467767662967151,0.6986531130629325,0.5278280088783277,0.590195660042994,0.5888456282027351,0.5901956597209067,China
102,0.1986633699279443,0.5517037021587576,0.5954480962545068,0.4284049304414641,0.4913859232510922,0.4893725035904014,0.49138592297651185,China
103,0.15448853029309972,0.5012478406661195,0.5364221440753403,0.3805001791088224,0.4440532478151432,0.44197996923315386,0.4440532475810627,China
104,0.13600315728002677,0.47991922422361977,0.5085861292234329,0.36229895858940664,0.4247284832465551,0.42271481262157273,0.4247284830470007,China
105,0.09392085597382793,0.42599141010378827,0.45592504450204974,0.31683040876056556,0.3782252497231131,0.37592614675075964,0.3782252495529925,China
106,0.08237132824664828,0.4174953666471688,0.44207929945461155,0.3058700743955145,0.3662416757522029,0.36432202575177486,0.36624167560717447,China
107,0.02686723024236115,0.3611541192773994,0.3756036678442699,0.2478725100849356,0.30740327338827644,0.30616640725484867,0.3074032732646391,China
108,-0.008049510436520357,0.32314786311430066,0.33217411443368117,0.2046769737263744,0.26705028339347003,0.2666596031194677,0.2670502832880688,China
109,0.021766972423882258,0.3557475530274403,0.3675766611438448,0.22750888495877053,0.2959376935900353,0.29617614034082396,0.2959376935001805,China
110,0.09904979945777181,0.43046023274052325,0.4742018336584103,0.29859590620333754,0.3716874134429763,0.3731844279390828,0.3716874133663747,China
111,0.13344783887730016,0.4648010390588786,0.5441592109675665,0.32048610700630165,0.40329633461033465,0.4049401653743748,0.40329633454503155,China
112,0.1992841336350034,0.5317239281400801,0.6085747276759889,0.39224885353022576,0.46712543151817054,0.4687068596564774,0.4671254314624995,China
113,0.22279589596872718,0.5526811803901285,0.632361438144885,0.416543043919157,0.49040819019693316,0.4921356228679147,0.49040819014947334,China
114,0.24816494637772624,0.5780001354691464,0.645358788102363,0.443318745686226,0.5126177357405941,0.5142618179832227,0.5126177357001345,China
115,0.27610809279245385,0.5959289398523054,0.6566319639906706,0.4791295374488923,0.5386084632862836,0.5390805094641838,0.5386084632517917,China
116,0.21977503018344402,0.5385795535376149,0.5868669170084354,0.4263955820813671,0.478573015589992,0.4782707491662188,0.4785730155605875,China
117,0.1812891615173633,0.5007096100752148,0.5378304004351743,0.38824985506835386,0.4369308512252933,0.4358371952428767,0.436930851200226,China
118,0.1292625844128712,0.450875517917663,0.47819503853516854,0.3381806565093797,0.383880928102707,0.3821126098685279,0.3838809280813371,China
119,0.10561640966060748,0.4160653031902263,0.4454734444764694,0.3083464572976281,0.35602753414739385,0.354142650994806,0.35602753412917576,China
120,0.13079696638848237,0.4364978786653557,0.4733786723884542,0.32859925418973257,0.37984463126191215,0.37766183777273277,0.379844631246381,China
121,0.10464502872104275,0.40338302684007254,0.45601663926546765,0.3052210540425486,0.3510482004623938,0.34956512603451806,0.3510482004491535,China
122,0.04011858636997745,0.3320848526344513,0.39423516766735145,0.24208139596245548,0.28315571442028276,0.281693119471216,0.28315571440899534,China
123,0.05004100716929116,0.34121719017387353,0.4099938914901138,0.24080830400018283,0.29169071092969656,0.29193317850110034,0.2916907109200738,China
124,0.08592357504770765,0.37514306257220087,0.4680690802728209,0.2643353137383978,0.3245378208987202,0.32438529485252476,0.32453782089051675,China
125,0.0856763893348359,0.37475038831943286,0.4872582745747339,0.25889607588772134,0.31985022309104394,0.3195156280104754,0.3198502230840504,China
126,0.07157708962637965,0.3627345591200244,0.46942478212448857,0.2529661208369194,0.30492973566771,0.303921898366988,0.30492973566174797,China
127,0.09459693174255535,0.3830075113359134,0.48294752055103374,0.27033932724203236,0.3250263036427029,0.32454993588866254,0.3250263036376201,China
128,0.1406872326626043,0.42294790560378737,0.5141142894726808,0.31244344916490785,0.3682539687473171,0.3670389636950191,0.3682539687429839,China
129,0.16948707557479537,0.44264405287701547,0.5257439186021087,0.33923254048644846,0.39387233540983235,0.3910736784603436,0.3938723354061382,China
130,0.17860359927670477,0.45499226618750943,0.52416539187763,0.34846028679677765,0.4021293139945681,0.3981663927463531,0.4021293139914188,China
131,0.1700198088585586,0.44998507655679765,0.5128653708859373,0.33843449810748527,0.39244222367230797,0.38782309272292015,0.3924422236696232,China
132,0.13090563591412152,0.4062026918224556,0.46820282004006863,0.2940556203354999,0.3505348098098465,0.34650085616666015,0.3505348098075579,China
133,0.11850502634960003,0.39180534698150526,0.44548074665933,0.27219880003510677,0.33501188337832777,0.3318198882357096,0.3350118833763769,China
134,0.15932540943499096,0.4281135234931214,0.49507023485912804,0.30875307473205105,0.3727999460572654,0.3702682624808804,0.3727999460556023,China
135,0.1685825504273949,0.4386763347748699,0.5202849910148007,0.31821421256268256,0.3791014889275297,0.3771442861924136,0.37910148892611195,China
136,0.17479687948690226,0.44124570276257535,0.5159415090864192,0.3278543447144179,0.3839077651103663,0.38375563277808233,0.3839077651091576,China
137,0.162733204373821,0.41843750101840793,0.49376223968372523,0.3057557463041455,0.3687910461485161,0.36898160914417855,0.3687910461474856,China
138,0.17654858183552313,0.4308441066416988,0.5083203248744659,0.31040530075369754,0.37926262387380927,0.3801409056184317,0.37926262387293075,China
139,0.151473255462363,0.40498986027548345,0.47914043939638606,0.28360562015240587,0.35244830144642414,0.3536518905784599,0.3524483014456752,China
140,0.12340430217277809,0.3755266720315863,0.43892363946251733,0.2562879205634828,0.31993256970909767,0.3211953523755927,0.31993256970845907,China
141,0.09617214877415525,0.34602368513223225,0.39560483472638763,0.23211578627783758,0.29002112720726236,0.29146956131860313,0.2900211272067179,China
142,0.12957395636713176,0.3701395723309664,0.4185134709258025,0.2694646233109219,0.32225043628848926,0.32379504722497565,0.32225043628802497,China
143,0.14825487512905544,0.38987237481161996,0.4343177507637931,0.28775911092208206,0.3380791220874011,0.3397526962191074,0.3380791220870052,China
144,0.17390506042663856,0.4078862984626245,0.4630793762031481,0.31844125010744573,0.36240937365298664,0.36472882499700965,0.36240937365264914,China
145,0.20869457586912066,0.4396624874102385,0.5031644763186278,0.3558016172241131,0.3942209671129401,0.39670515707555465,0.3942209671126523,China
146,0.1757379549584176,0.4055685810839216,0.47406900280436814,0.3139789387507306,0.3583551229188561,0.3607269911249307,0.3583551229186108,China
147,0.0844933938887027,0.3188137322519965,0.37404589603074423,0.21597086397168386,0.2661125784881999,0.26908534442511045,0.26611257848799086,China
148,0.04333548867891046,0.2786314334186104,0.3392079431370797,0.161813872282765,0.22151014544605108,0.22423951855293833,0.22151014544587277,China
149,0.09120594399596393,0.3270613917095061,0.3966165598591198,0.19541864981488144,0.267185198859185,0.26938551306288483,0.2671851988590329,China
150,0.14781040014341784,0.38296629389867776,0.4388771573547222,0.24656780451461824,0.3200653934726667,0.3213693126346575,0.32006539347253704,China
151,0.16791599344435593,0.39479131457948113,0.44930939959324356,0.2660012605520953,0.33551390208995413,0.33547156427032476,0.3355139020898438,China
152,0.14291172920662876,0.3675001438578668,0.41191305055527383,0.24602493412266357,0.3087626664085491,0.30826082222623885,0.30876266640845507,China
153,0.08605480995528036,0.3140591129594965,0.34306107065716474,0.1952655636653169,0.2511575177654418,0.2490197136711626,0.25115751776536166,China
154,0.09930208145540975,0.3169228198086751,0.3514296783764288,0.21447216586177764,0.2626553167700977,0.2602345960261847,0.2626553167700294,China
155,0.11314237450916664,0.32643670808304204,0.3631800817124744,0.23091275251961085,0.27426310903616435,0.2711828614986612,0.2742631090361062,China
156,0.14330853528230036,0.35308229298170624,0.3926355731378791,0.26327494276026864,0.30197025318832227,0.29796411152360647,0.30197025318827253,China
157,0.16810711336079043,0.38100074491222147,0.42036090334628773,0.2869358595626459,0.32467251135393305,0.31988242920905163,0.32467251135389064,China
158,0.17764152937615452,0.3922685268198062,0.4345309096969474,0.2945740785007226,0.3314934705904017,0.3260350765581319,0.3314934705903655,China
159,0.21097749783649344,0.4254278417825227,0.46548362783955655,0.32906654971184157,0.3621456732400382,0.35721000653098434,0.36214567324000735,China
160,0.19620189672146737,0.409052730764494,0.43398088957471515,0.30707555378354856,0.3439705483437835,0.3388807870145919,0.3439705483437572,China
161,0.10683622676734139,0.31947036772452864,0.34034748010578075,0.1993909499787896,0.25244784259019426,0.24873821265654628,0.25244784259017183,China
162,0.05831658811815843,0.269659941795084,0.30620011791333135,0.1401572042782897,0.20023664963970456,0.19792499944417796,0.20023664963968546,China
163,0.03646785852553891,0.2469090367913367,0.3002197348193426,0.11961926894143005,0.17672299687071047,0.17484854120893634,0.17672299687069415,China
164,0.08702789548067547,0.28952394431924655,0.33958581358576,0.16356602957863453,0.22215833313434574,0.22013391237572155,0.22215833313433175,China
165,0.14176714850824568,0.3433518241035629,0.37966822802010003,0.21936630143904323,0.27438143569370776,0.27151233728159163,0.2743814356936959,China
166,0.14733826918389925,0.3432318104325295,0.37674364542294037,0.22304249407326393,0.2789191340908518,0.27466050439280354,0.27891913409084157,China
167,0.12554567044282905,0.3219759929975248,0.3488172785388286,0.19955309410269462,0.2558750045827307,0.25027830328399947,0.25587500458272194,China
168,0.08076569752251894,0.27384869176767634,0.30096266873286237,0.1517489132177886,0.20854595824704292,0.20090331103257808,0.20854595824703548,China
169,0.08880104514302734,0.2743406247539023,0.3099252747304845,0.1568096642346185,0.21477874704576483,0.20727780121198824,0.2147787470457584,China
170,0.13722319376622727,0.3127502318119889,0.360395375496239,0.20881824843615437,0.2594409993692376,0.2522378636379642,0.25944099936923204,China
171,0.17320148552595505,0.3487048586693178,0.39160140413423805,0.247349685572128,0.29184343211871666,0.28519375551702686,0.291843432118712,China
172,0.23935789347422587,0.4165385825772462,0.4431128595048117,0.31053792878211717,0.35569247789364644,0.3498060603619497,0.35569247789364244,China
173,0.22370755820133548,0.4010954296662639,0.41894058521160593,0.29416843807649495,0.33881617825333066,0.3337979875741962,0.3388161782533271,China
174,0.13463794579250243,0.306918971304006,0.33956500823421476,0.19977308771200164,0.24907196192162184,0.24386892501850777,0.24907196192161885,China
175,0.17468225414309768,0.33924341637653366,0.38580422025176986,0.22834706053534792,0.28631795930511683,0.2824885925752989,0.2863179593051144,China
176,0.23812091617674758,0.40257153446271476,0.43539761244719954,0.2854214638473451,0.346259447427713,0.3419895843457923,0.346259447427711,China
177,0.24317183900453276,0.40844830873034466,0.4325561324639927,0.2869144513103866,0.34869955258277796,0.3449652217334074,0.3486995525827764,China
178,0.2661454947272043,0.4216540025090598,0.4459238463790026,0.31168866853736366,0.36981801229728983,0.3656216171457176,0.3698180122972885,China
179,0.2409764385506421,0.3868043868735682,0.41386560429992536,0.2917622593039165,0.34158525606360457,0.3378748668083853,0.34158525606360324,China
180,0.19753227165133957,0.33683557196662006,0.36818243558086783,0.25218016504545804,0.29478820497454783,0.2907643469741745,0.2947882049745467,China
181,0.17268785897412686,0.31586509403328034,0.34958575840007966,0.22866311882969037,0.26819705171617914,0.26219315349835026,0.268197051716178,China
182,0.12429617201475851,0.2618919524438804,0.3066630196881245,0.18032218148882306,0.21683412331478902,0.21063606988817996,0.21683412331478802,China
183,0.09347746318517203,0.2245267925454565,0.28132586686906247,0.14944373840305436,0.1831118863849991,0.17715121217166496,0.1831118863849982,China
184,0.05987602939359049,0.19552543475560946,0.2726201006040031,0.1187757397274587,0.14814678958500482,0.14209552652337631,0.14814678958500405,China
185,0.06080805113701837,0.18924455405856955,0.28738417791260107,0.11326613783542083,0.1460636099911642,0.14040949654831247,0.14606360999116352,China
186,0.15746091758527514,0.2836794582958875,0.37440463896104814,0.20248251541576723,0.23940493757092773,0.23482614087734666,0.2394049375709273,China
187,0.23908556395579705,0.36045743746858394,0.44268091713459823,0.27354282439166233,0.3178359511443817,0.3126644256956582,0.31783595114438123,China
188,0.2137176134516361,0.3370377882783848,0.4017110293285784,0.2445317582270219,0.2893748831643054,0.284862145188977,0.28937488316430504,China
189,0.1245222767327997,0.252119889401365,0.3004203165512017,0.1511120192575608,0.19939532747913635,0.19511622734662948,0.19939532747913613,China
190,0.12744248950511827,0.2525949031478981,0.2921738729397839,0.15137863887695147,0.20090592133323015,0.1966091436956945,0.20090592133322993,China
191,0.13077788007791202,0.2538193834271637,0.2860704932022681,0.1534898172876662,0.20155746781180295,0.19759775203303742,0.20155746781180273,China
192,0.10158517179413096,0.22673832199271238,0.2508039991160028,0.11995991936275496,0.16970623863027667,0.16572378156210643,0.16970623863027645,China
193,0.14685953230198645,0.26213870534366224,0.29633351081932535,0.1625687385085267,0.21234366635027502,0.2074269330519497,0.21234366635027502,China
194,0.20344115009936248,0.30850131404851555,0.35026049418977145,0.21030003967317534,0.26223087238339393,0.25538118532849907,0.26223087238339393,China
195,0.1971446702559031,0.3005907409785016,0.3410477008214603,0.2018721998140487,0.25430326698130923,0.24731268111147142,0.25430326698130923,China
196,0.11323038493985504,0.21247446103950052,0.2795834958727138,0.12131642236113405,0.16788683722775255,0.1618668435366135,0.16788683722775255,China
197,0.08892602603381394,0.18376035842647254,0.2985612527329172,0.09843452252055229,0.1410788569904352,0.1356491729638255,0.1410788569904352,China
198,0.08284944146043571,0.17153465368027687,0.29586244199416956,0.08423758706523388,0.1324973920288932,0.126583629010542,0.1324973920288932,China
199,0.0071942419161780125,0.10108751115421899,0.2037951866071579,0.005683495587019083,0.05618891279736793,0.05050156058510147,0.05618891279736793,China
200,-0.025681169248685687,0.07060392148747086,0.15219588368305992,-0.03295100525870198,0.019792300027300702,0.014323730580569016,0.019792300027300702,China
201,0.03655039186081244,0.13017554179497026,0.20381320976067585,0.030902617853214576,0.08161576863560338,0.07476542538931785,0.08161576863560338,China
202,0.07606838391075077,0.17325273579423195,0.22849182090959508,0.06845650694241745,0.11893318640908757,0.10996224255667542,0.11893318640908757,China
203,0.1008531489480593,0.19234128878893253,0.24215224819687076,0.09480000199429095,0.1414714196883896,0.13231569272038246,0.1414714196883896,China
204,0.08760535798779001,0.1795810294508431,0.22501702957582104,0.07650871199868459,0.12482631363235586,0.11576366653912318,0.12482631363235586,China
205,0.07079133953626815,0.15377925659540959,0.20997634976083623,0.053540399552637674,0.10363393343179661,0.09439474246471813,0.10363393343179661,China
206,0.032323213961731434,0.11727028191477051,0.1743987690683686,0.017082955644550313,0.06513858789060911,0.05635209985618439,0.06513858789060911,China
207,-0.014630497331213355,0.06668202331750117,0.13359887697137396,-0.0323248347726286,0.015197393003061221,0.006165651625878454,0.015197393003061221,China
208,-0.043490514252336965,0.03521756913341456,0.11703200863917029,-0.06192859130028472,-0.014727324456676905,-0.023247642727786788,-0.014727324456676905,China
209,-0.08716355584144886,-0.010953384072636019,0.06634580658703837,-0.11964967194921095,-0.06041963125488037,-0.06734750885279672,-0.06041963125488037,China
210,-0.13576024243429308,-0.06337244690673971,0.015210653221543358,-0.17509259585614956,-0.11296095706910625,-0.11993597294277619,-0.11296095706910625,China
211,-0.14158135888647905,-0.0775167397096751,-0.005282434506112654,-0.17875483223647615,-0.12177435687112936,-0.12803025338835494,-0.12177435687112936,China
212,-0.11026019252210018,-0.04684268792737356,0.022466965777318992,-0.14715484523740452,-0.09189251766301532,-0.09877367645904611,-0.09189251766301532,China
0,0.764943436447824,0.764943436447824,0.764943436447824,0.764943436447824,0.8086330787071775,0.764943436447824,0.764943436447824,Peru
1,0.5923321949097339,0.48410752778761296,0.5130187560594719,0.5003882906203989,0.5136738169342732,0.4953705785082812,0.49546214509460945,Peru
2,0.556406910554339,0.39143985960817645,0.4399301823753098,0.4377399078262688,0.4255355902664031,0.4177384385795853,0.41794420306238916,Peru
3,0.5255706623719374,0.332953703713772,0.3918853676046052,0.3912990962836652,0.37016528163008444,0.3673921764924654,0.3670008736510348,Peru
4,0.49480825987493976,0.29227482109854963,0.359588994678387,0.35597450039607836,0.3268787119986226,0.3262387680944326,0.325559654283772,Peru
5,0.53433285674343,0.32817461363144584,0.4004712044744082,0.3945328904344009,0.3625931578024948,0.3622859812674827,0.3620433193282442,Peru
6,0.5369545218333172,0.3434180716257734,0.3976412996426801,0.41193466495846587,0.3686357916104858,0.3692224013972417,0.3684065959169521,Peru
7,0.5693242595456662,0.3773717533391,0.43635516349945724,0.4326169873413075,0.39811428956825884,0.39895210101367806,0.39801875120855057,Peru
8,0.5123523435305433,0.32637300930636515,0.4219708226223617,0.3581160364336422,0.3389597620768027,0.339533927568054,0.3389199376890273,Peru
9,0.3687923326207222,0.1801017813755593,0.2683459449328511,0.21107528837827524,0.1942793484082948,0.19280380718417198,0.19426274793633225,Peru
10,0.29026752069297,0.1064610597588652,0.15980786634636426,0.13887206477865727,0.12178704949690895,0.11982480251497357,0.12178012972526214,Peru
11,0.23283993285009666,0.038437434842484325,0.08165716687951781,0.10425009008674622,0.058900436169175424,0.057557365130804033,0.058897551718675945,Peru
12,0.22699789832008682,0.026411696837275456,0.08705360442061993,0.10141809222371184,0.05634648959094549,0.05539948573198614,0.05634528723122778,Peru
13,0.28808350778095926,0.08329553730346323,0.15152375365466075,0.15823762425917254,0.1173816108385699,0.11652412344369062,0.1173811096447061,Peru
14,0.35237128632250414,0.1415336059995351,0.20774943207357516,0.22623930849572754,0.18027635014065435,0.17795355796549506,0.18027614122207083,Peru
15,0.3618316480944571,0.15093135744789304,0.21670198121961853,0.23956949976364972,0.19110929256387912,0.18844572093421164,0.19110920547786772,Peru
16,0.3394708467726494,0.1344020568854577,0.19722002970474664,0.21789667701835178,0.17099871940220432,0.16719675548904975,0.17099868310110916,Peru
17,0.3355153133834734,0.12309128580856116,0.19706303415359655,0.20722902078134908,0.16192944936136738,0.15817373653410302,0.16192943422955128,Peru
18,0.3215964601099812,0.12651193250473802,0.21047453397192778,0.2025219835782671,0.15485420578738507,0.15066064390668985,0.15485419947981066,Peru
19,0.31585961649897776,0.11748685221351868,0.21517754145250684,0.1872019965835099,0.14248388109871174,0.1389768514737761,0.14248387846945065,Peru
20,0.2574861873641784,0.06557398543134255,0.14203440677522622,0.13494871879830292,0.09120702704408362,0.08685083376306713,0.09120702594809753,Peru
21,0.27622989661903474,0.07515851536397708,0.16694345485626025,0.14479471748672126,0.10823098563684773,0.10621522458887486,0.10823098517999485,Peru
22,0.2300526012835749,0.030019953575502523,0.10885229022896033,0.10316999879651434,0.05964403653293887,0.05814724298166882,0.05964403634250348,Peru
23,0.19946947778624946,0.011108768048217504,0.05757900528574472,0.06978360326786345,0.029521240744778354,0.02889731453348926,0.02952124066539691,Peru
24,0.216739667344086,0.01772938847395053,0.06545531883141523,0.07218681622723111,0.04310120769121584,0.04237023816734503,0.043101207658126306,Peru
25,0.29909849951611794,0.08713098726664567,0.14887356509327374,0.1457213526437485,0.12238118510729401,0.12048860842766548,0.1223811850935009,Peru
26,0.4142858539446266,0.19848524248462968,0.26194848933547965,0.25891478355999276,0.23951381912588163,0.23797687063999168,0.2395138191201321,Peru
27,0.4339889430790622,0.21605187451458513,0.27865060621399806,0.28399142839372504,0.25919756551756573,0.2573101193788305,0.2591975655151691,Peru
28,0.486400137239034,0.2709094468990415,0.33158002297153166,0.3410503488387101,0.3154372546400003,0.3134046468175581,0.31543725463900124,Peru
29,0.5526665824296906,0.3401881134480869,0.4032115940993898,0.41219758237897797,0.38302431968592643,0.381722043310253,0.38302431968551,Peru
30,0.572174506332856,0.3652208131976248,0.4386128658651891,0.4393171696593613,0.4024621789421279,0.40074182987463125,0.4024621789419543,Peru
31,0.5551568322286511,0.35489716851685743,0.45333161358524166,0.43149206419160124,0.38641963552697445,0.38637921975559,0.38641963552690217,Peru
32,0.4536001441530555,0.2565553889353819,0.3416839426264206,0.33288148737407464,0.28390039486811636,0.2830386288666126,0.28390039486808627,Peru
33,0.37569516799414704,0.18139102307064525,0.24504843673353902,0.23901979820405936,0.20770371262838636,0.2065848022088726,0.20770371262837384,Peru
34,0.2895095742246215,0.09305136171331069,0.19234673348146408,0.13978161835291142,0.11979689121993145,0.11785808898341321,0.11979689121992623,Peru
35,0.3235159143006906,0.11690264877525053,0.2159512636513216,0.19785558550632787,0.15147639061771423,0.15061928320300944,0.15147639061771206,Peru
36,0.27153331590678387,0.0817414984024541,0.13296424201967993,0.15566410202350267,0.10025785981688173,0.09940093191646657,0.10025785981688083,Peru
37,0.3011013090094681,0.10106496226447667,0.15293472073589706,0.17930035737536698,0.13266174852577808,0.13149677929689563,0.13266174852577772,Peru
38,0.32131447629413284,0.12379791595901352,0.1685497802528477,0.19411069637567893,0.15544182755041913,0.15328043733560295,0.15544182755041897,Peru
39,0.34581945152590676,0.14420556256988368,0.195181114199492,0.210714650618488,0.17831758839985468,0.17541080543847515,0.17831758839985462,Peru
40,0.3466965215332081,0.14551445605518265,0.19503830554594137,0.20993596869211634,0.17806308207743352,0.1747263006196308,0.1780630820774335,Peru
41,0.3520017660057536,0.14950030509906803,0.21294756910570606,0.21879333735846182,0.1874458636523157,0.18406536681753927,0.18744586365231566,Peru
42,0.368855357920885,0.16083272200681717,0.22673524807509282,0.2368156841171461,0.20371808120585183,0.20201604913710525,0.20371808120585183,Peru
43,0.33973043201853337,0.1268463837694986,0.1892717319625939,0.20881636215353006,0.17047852987049034,0.16882368956215615,0.17047852987049034,Peru
44,0.3446917028383003,0.13433847438976623,0.19854160509626864,0.20649519588056645,0.17927472333485414,0.1782303425916027,0.17927472333485414,Peru
45,0.44107803365770426,0.2307713361354633,0.2863484857385058,0.3027548479402224,0.27026785196916486,0.2683420946944834,0.27026785196916486,Peru
46,0.6266654611241274,0.4232154670366801,0.4756363489802617,0.49232721080274855,0.45673951899827786,0.45599390171580234,0.45673951899827786,Peru
47,0.6184467487068837,0.41294213272737024,0.5016266416619217,0.4899552646103872,0.4496282090970207,0.44970894374518594,0.4496282090970207,Peru
48,0.56388171806281,0.3524758964742767,0.44036103354022904,0.4209261090382418,0.39422454943490914,0.3946114285662261,0.39422454943490914,Peru
49,0.5619515244393541,0.3522060353251411,0.42590738858842503,0.433522564766889,0.394736167628087,0.39027158773859016,0.394736167628087,Peru
50,0.561111714830804,0.35172009956027506,0.42078939914625535,0.4448994417275231,0.3925630611072987,0.3906724940830218,0.3925630611072987,Peru
51,0.5706385565234562,0.3759852101920482,0.42482331972361925,0.4565847100072836,0.40258985621340626,0.40117382334756146,0.40258985621340626,Peru
52,0.5625469047115775,0.37907588775057927,0.43248322828233454,0.4523241364980144,0.3954190654282669,0.39423224870012336,0.3954190654282669,Peru
53,0.49910151609886766,0.3165547973929841,0.369675606302317,0.38783577520174806,0.3331070369692538,0.33242603727941733,0.3331070369692538,Peru
54,0.5446850889991321,0.3624264057955683,0.4049403115053483,0.43163523243172996,0.37650828251375024,0.37417209906964094,0.37650828251375024,Peru
55,0.601451676108331,0.42020659666359383,0.4773393054873113,0.4831570430259975,0.4359796811541904,0.43513902891226625,0.4359796811541904,Peru
56,0.6476515495997579,0.4640202843466338,0.5382126424518491,0.5340210362250604,0.482434576541651,0.4822085030986374,0.482434576541651,Peru
57,0.5140979033305241,0.3400825543932021,0.3897920082397004,0.3870821850078705,0.35005696619252935,0.34922022851880963,0.35005696619252935,Peru
58,0.4652387381983578,0.28166202208769087,0.39857079946521967,0.326156755210742,0.29809627635275515,0.2971371547995932,0.29809627635275515,Peru
59,0.48637345078061534,0.29209054284371805,0.4347496566619855,0.3452424733060945,0.31817444344798373,0.31653647492110504,0.31817444344798373,Peru
60,0.4867480645140916,0.28448723448785124,0.4018768704037091,0.35485496820114937,0.31729518915268207,0.3130338070024384,0.31729518915268207,Peru
61,0.4859538446559855,0.2782158104828883,0.3716631035435403,0.3756756063915039,0.31805359304148645,0.313896465858307,0.31805359304148645,Peru
62,0.5017919323028744,0.29036907217232427,0.3696293293201881,0.389172517697799,0.3338860548649406,0.3298137859884956,0.3338860548649406,Peru
63,0.5358116922946137,0.3258633377493334,0.40738697754796516,0.42344088920370204,0.37105642517288295,0.3678573949976678,0.37105642517288295,Peru
64,0.5365983467208991,0.3268276017628249,0.40489707374226536,0.4177048090609846,0.3705813237258738,0.3665304872509103,0.3705813237258738,Peru
65,0.5263626224921879,0.31392999638404656,0.41674928088221125,0.403333027376344,0.35849156382271025,0.3549472146111651,0.35849156382271025,Peru
66,0.5960237716139163,0.3841320980563583,0.4929170640013563,0.4766456984211907,0.42923882578706074,0.42528848053030643,0.42923882578706074,Peru
67,0.5765882474373505,0.3643243985430019,0.4528763960758047,0.4599806509340656,0.40873373614439856,0.4073747155827657,0.40873373614439856,Peru
68,0.6127111214377239,0.40787819810702053,0.47233243572581773,0.49419942955581997,0.4463583057827961,0.4436966296269752,0.4463583057827961,Peru
69,0.7317496383871601,0.5214901865445313,0.5827423271199218,0.6081973150107862,0.5637282896213145,0.5627080877224614,0.5637282896213145,Peru
70,0.8163598343298746,0.6056578996890077,0.6661497060054504,0.6933929565390273,0.6485695114236123,0.6481973931761209,0.6485695114236123,Peru
71,0.8547233168811357,0.6431537130361298,0.7092510293336454,0.7196731401897936,0.687819244773888,0.6877076427806854,0.687819244773888,Peru
72,0.8290893415097274,0.6213405470979994,0.7079906406606673,0.6808620608787539,0.6652753971127653,0.66552212125272,0.6652753971127653,Peru
73,0.7898336689514964,0.5812868112122904,0.670883095997228,0.6467711836996589,0.6262069512973565,0.6264037837092225,0.6262069512973565,Peru
74,0.7772550602220425,0.5715455436811713,0.6524301988829799,0.6336972847719538,0.6158766861356766,0.6162730254019828,0.6158766861356766,Peru
75,0.7688910924900516,0.5653698921358341,0.6362363952413883,0.6260430045735776,0.604154325032713,0.6044542701012765,0.604154325032713,Peru
76,0.7485093920351544,0.5524215823738899,0.6278597362286745,0.6055962740743852,0.5850181151516065,0.5860102035245476,0.5850181151516065,Peru
77,0.7598643404302141,0.5700582416532732,0.6419741164936352,0.6212492938716989,0.598110597458945,0.5994542137778267,0.598110597458945,Peru
78,0.7159335930214977,0.5215326780627997,0.6128932940886225,0.5907546466837199,0.552174424095012,0.5529347220088577,0.552174424095012,Peru
79,0.6533403636177282,0.45424999227826235,0.538753078581131,0.511317759278163,0.4895743287377451,0.4899794546586856,0.4895743287377451,Peru
80,0.7277380441913578,0.5226899629590063,0.5893317578475762,0.5793095882291412,0.5643348683808531,0.5613588809588606,0.5643348683808531,Peru
81,0.8173788162653096,0.61169942734954,0.6710963340633341,0.6917943984814434,0.6557318654828913,0.6547737410713106,0.6557318654828913,Peru
82,0.7670394224283326,0.5635187430761099,0.6986047526702155,0.6445334513245842,0.6077818764100178,0.608151212500134,0.6077818764100178,Peru
83,0.7202076097211575,0.5185944836045531,0.69873806498405,0.5916494970458815,0.5620137668439249,0.5627780899096168,0.5620137668439249,Peru
84,0.7444195805778991,0.5507030539553357,0.687286102347094,0.6180837269350168,0.5861817311665207,0.5853598252586611,0.5861817311665207,Peru
85,0.7733583903252088,0.5790696226878095,0.6780436975249581,0.6384087879376728,0.6160839944480767,0.6154632194276759,0.6160839944480767,Peru
86,0.7529827966126761,0.5658254017892893,0.6358863545419684,0.6246912010704774,0.5956127972307089,0.5943029610823432,0.5956127972307089,Peru
87,0.743472319618432,0.5654759250296151,0.616991750589676,0.6242886645523965,0.5858685175792047,0.5848563841284187,0.5858685175792047,Peru
88,0.7120001343969744,0.5358603617113827,0.5937282721302446,0.5876705887326741,0.5531368486313578,0.5524010938632962,0.5531368486313578,Peru
89,0.7264220744907209,0.5545429703758595,0.6142022433225572,0.6078870891115589,0.5698812331296601,0.5682116979279858,0.5698812331296601,Peru
90,0.7559620323150132,0.5872934045780749,0.6375580339427779,0.6355175081162905,0.5984483456251235,0.5943989709266878,0.5984483456251235,Peru
91,0.6638380177549668,0.4929399348642207,0.5591932550577345,0.5488407807192524,0.5058879856897115,0.5025003851482701,0.5058879856897115,Peru
92,0.5934627852039847,0.4228159223289171,0.49669661420847977,0.47030078260540054,0.4339535456212489,0.4298817065340146,0.4339535456212489,Peru
93,0.5980488367655074,0.4294669104786616,0.5366501847241868,0.45837239248305256,0.43788575031471155,0.4353922345526249,0.43788575031471155,Peru
94,0.5721943023190583,0.40694543879818057,0.4999371413017272,0.4289852798513272,0.41291751076155747,0.40919662852673866,0.41291751076155747,Peru
95,0.5539454262013139,0.39014669302852156,0.4934462230255793,0.4143080672006238,0.39575558227227736,0.3935500941888557,0.39575558227227736,Peru
96,0.5635946434710942,0.3954972058110882,0.5029871167860207,0.4544366937978884,0.4011188884328851,0.3983431867742361,0.4011188884328851,Peru
97,0.593044725849862,0.42862357778160365,0.5068621136061191,0.4905231169068504,0.43782589366285635,0.43427517328035337,0.43782589366285635,Peru
98,0.6181073996204826,0.4376295711910989,0.5004353911085848,0.5209350896207815,0.4600989335857265,0.45631985661198027,0.4600989335857265,Peru
99,0.6263445020520251,0.43122560451038616,0.4895789811124295,0.5264531898153751,0.4656894192876547,0.46307404761001913,0.4656894192876547,Peru
100,0.6391793124353216,0.4473240157850986,0.518035235569517,0.5425956002808696,0.4832864620201399,0.48077079395088096,0.4832864620201399,Peru
101,0.6427828000588774,0.4440074273897035,0.5187149579459365,0.5364995120286675,0.48426574367280645,0.4820233671467318,0.48426574367280645,Peru
102,0.5919697123405544,0.3880916104720691,0.4511179678372418,0.47911451766838425,0.4309350058171769,0.4284336416039285,0.4309350058171769,Peru
103,0.5602726608553614,0.3594766890785948,0.4218175180598869,0.4465312342365295,0.40056241595057884,0.39808815413969645,0.40056241595057884,Peru
104,0.537177503079438,0.33538664536898566,0.43533710755104615,0.41034380428950273,0.3756935142572533,0.3732140200214957,0.3756935142572533,Peru
105,0.5116131603977412,0.30970461790706455,0.4069928408265175,0.3878399689951771,0.3528808466096992,0.3494872886737903,0.3528808466096992,Peru
106,0.5003249728876125,0.29586252637002053,0.3661343281217144,0.38255494046862304,0.3408072899519719,0.33793810253892387,0.3408072899519719,Peru
107,0.6018200193264995,0.3995618652120017,0.45815913641272266,0.48489356569527137,0.4447398296921589,0.4431753993365912,0.4447398296921589,Peru
108,0.6666619080625065,0.46661409775683593,0.523052644232375,0.5325751370818164,0.5126532311771161,0.5125472757863669,0.5126532311771161,Peru
109,0.6228965444967528,0.43071502744531615,0.48088852016142636,0.515010294519719,0.46744085437677496,0.4664498322057762,0.46744085437677496,Peru
110,0.643455747452266,0.4614477332530515,0.505836633201121,0.5421665686541292,0.487313192571008,0.48470035452833915,0.487313192571008,Peru
111,0.6592390537854601,0.47182011639302046,0.5262443876063356,0.5548593196555437,0.5030453516536126,0.5003104711505966,0.5030453516536126,Peru
112,0.7097130608208075,0.5229088845995238,0.5817246029318565,0.6055153088938143,0.5539422574417122,0.5509996653575732,0.5539422574417122,Peru
113,0.6829847269891336,0.4901596832240629,0.5505598051158823,0.5780129499629483,0.5251705798733548,0.5230199096668899,0.5251705798733548,Peru
114,0.6643291244385983,0.4678866791088544,0.5589790377356152,0.5619251399073029,0.5090102975030426,0.5063870620791724,0.5090102975030426,Peru
115,0.715470011038341,0.5226594523480874,0.6173895215209937,0.6072155508234449,0.5611456314287279,0.5583535398178212,0.5611456314287279,Peru
116,0.7881950229465753,0.595003736638571,0.6797017630561233,0.6723812759833332,0.6351979378941011,0.6328630274733764,0.6351979378941011,Peru
117,0.8467409308378506,0.6521607128602431,0.7329483587394473,0.7301622859799297,0.6942971177203056,0.6936634837943352,0.6942971177203056,Peru
118,0.8899769178724006,0.6923021687238711,0.7604202575269019,0.7705638652443934,0.7352481653512817,0.7353236946875572,0.7352481653512817,Peru
119,0.9958601602559951,0.7952257321311405,0.8627374876042273,0.8575263487832493,0.8384642362796761,0.8384957200688623,0.8384642362796761,Peru
120,1.0001086851655123,0.8105251022083719,0.8719082285068572,0.8589585398991315,0.845454848125551,0.8456778732392836,0.845454848125551,Peru
121,0.973564572623803,0.7876938736817329,0.8583552623538525,0.8336163461139009,0.8210384956664296,0.821619263323875,0.8210384956664296,Peru
122,0.9081854863469443,0.7281107822168211,0.7990863219463058,0.765353155115193,0.753043395996778,0.7534469517273399,0.753043395996778,Peru
123,0.8200082535799813,0.652633891617357,0.7052613998613424,0.6883307616861434,0.6679523429522801,0.6685489441416204,0.6679523429522801,Peru
124,0.7891710098336369,0.6252227042728205,0.6621757628171913,0.6591972911872855,0.6358768376734745,0.6366972350738478,0.6358768376734745,Peru
125,0.8139762059660144,0.6443341203021489,0.6934954983227477,0.6913752763703891,0.6620929270071594,0.6624796824657451,0.6620929270071594,Peru
126,0.8450446744881026,0.6708039493480333,0.7274949995852247,0.7271604695161098,0.6906343457220292,0.6906512461291455,0.6906343457220292,Peru
127,0.8912366552982642,0.7101644681169645,0.7692712351467439,0.7834670947132965,0.7381181875919085,0.737496234326924,0.7381181875919085,Peru
128,0.8529040355990614,0.6787570683031765,0.739689825101046,0.726144430979178,0.6996619002363224,0.6998514789301395,0.6996619002363224,Peru
129,0.7570214966819986,0.5727763804587314,0.6390617973210254,0.6242783836519439,0.6025659205778702,0.6004164873977005,0.6025659205778702,Peru
130,0.6651429387049091,0.49146757752929127,0.5784877382432507,0.5331373740814807,0.5116999999886228,0.5101581904861532,0.5116999999886228,Peru
131,0.6194773319129316,0.44381501587897365,0.6026501933490267,0.5096528434119796,0.4668620972859975,0.46536553770072275,0.4668620972859975,Peru
132,0.5910852297791049,0.4099274129859881,0.5454944411899518,0.4947908418538391,0.43581703723988374,0.4347453444768866,0.43581703723988374,Peru
133,0.7338015895723791,0.5452931502881977,0.633449664546998,0.6141331187743501,0.5789587101387066,0.5782897406537181,0.5789587101387066,Peru
134,0.7859599665946115,0.593522764420466,0.6684030495858229,0.6892755061864151,0.6341802409456048,0.6328389548939057,0.6341802409456048,Peru
135,0.8114907625727673,0.6168557325498323,0.6864074041090347,0.7177999479986266,0.660179695490021,0.6583387270250152,0.660179695490021,Peru
136,0.8519845011283611,0.6556232405646365,0.7229050644419522,0.754054861328759,0.7004704704911473,0.6972231761998364,0.7004704704911473,Peru
137,0.8058276911152371,0.6094239296801438,0.6784248649455491,0.7093327385311797,0.6549464908183805,0.6524457323781285,0.6549464908183805,Peru
138,0.8356929710474238,0.644948926050662,0.7114378926279227,0.7336432715224832,0.687657915971859,0.6842586377022739,0.687657915971859,Peru
139,0.8038752327418408,0.6123352225931805,0.6720021458642829,0.7019394371931427,0.6549501485945881,0.6530896598449576,0.6549501485945881,Peru
140,0.7741148783268521,0.5824815438463484,0.6799724737754396,0.66175804283342,0.6273279583489264,0.6256562760936616,0.6273279583489264,Peru
141,0.7429875005080797,0.5558016112612773,0.6977643064053414,0.6326838219454062,0.5959424066618411,0.5932125800321946,0.5959424066618411,Peru
142,0.6514856918484245,0.4748192815225237,0.5873457675202907,0.5516798548020526,0.503554737199388,0.5008990001900783,0.503554737199388,Peru
143,0.5871458387667166,0.40684769350707994,0.5132935446032517,0.4624888333115188,0.43943239582069515,0.43745427735200637,0.43943239582069515,Peru
144,0.58525703500077,0.40052355076103374,0.4917141660170785,0.48955832588008547,0.43738394380222195,0.43599278457187884,0.43738394380222195,Peru
145,0.6664872692843884,0.49213088580406184,0.5486487740041583,0.5496092908536336,0.5203729890317573,0.5195578227829876,0.5203729890317573,Peru
146,0.7605090907798455,0.5926306726858805,0.6420243383469197,0.6479440564551393,0.6128604815111771,0.611814176273435,0.6128604815111771,Peru
147,0.746799510269267,0.5877379409207739,0.6322888369535475,0.6433075473276211,0.5976482203570876,0.5937687638794615,0.5976482203570876,Peru
148,0.7766772011672247,0.6196801314533145,0.6564575959143896,0.6764886124529959,0.6264380810162914,0.6231476562853908,0.6264380810162914,Peru
149,0.8483122244797452,0.6823683254531541,0.7208959974749687,0.7474369138791382,0.6963811002241568,0.6925725584927434,0.6963811002241568,Peru
150,0.8958838864686374,0.7246928931221889,0.7835710434364164,0.7958254641851252,0.7471228962982449,0.7448923917040318,0.7471228962982449,Peru
151,0.8757721038703344,0.7090001687402829,0.7909078439216646,0.7783590365010732,0.7274396404080851,0.7258347861341456,0.7274396404080851,Peru
152,0.8975974547488093,0.7292378225758869,0.8063154022832764,0.8011058407019331,0.7507257602864661,0.7493069914338947,0.7507257602864661,Peru
153,0.9146525141662787,0.745320580115047,0.8254916861651368,0.8097079684874359,0.7670147296828377,0.7647307093859509,0.7670147296828377,Peru
154,0.8494415498796177,0.6786020343728426,0.8129978970544693,0.7551412363772297,0.7043908914060459,0.7039962537040849,0.7043908914060459,Peru
155,0.8367696345328477,0.6641385424658964,0.7795076240383372,0.743404410606034,0.690384531958053,0.6897633600711999,0.690384531958053,Peru
156,0.8948636481557544,0.718598017698147,0.8179754605826528,0.800749962430263,0.7451643147085025,0.743261873995789,0.7451643147085025,Peru
157,0.9099082570086718,0.7401788938449516,0.8421483832077582,0.8027580192175638,0.7588274133926763,0.7523602061386568,0.7588274133926763,Peru
158,0.9505700525989237,0.7869707688045195,0.8615718553827876,0.8413911237061744,0.8023188272499782,0.7939488342102238,0.8023188272499782,Peru
159,0.9556293413904322,0.8018590770557839,0.8463671218285012,0.8431115318428464,0.8098986217120301,0.8053968404815328,0.8098986217120301,Peru
160,0.9400817366567454,0.7923713797141338,0.8238667656946592,0.8180263947171553,0.7958867816193641,0.7922220863452804,0.7958867816193641,Peru
161,0.8976985319449455,0.7501180919268133,0.7788610445900381,0.7737128680322571,0.7527327405780162,0.7498776065679327,0.7527327405780162,Peru
162,0.872427529108683,0.7250468847444513,0.7702565131811647,0.749708771651431,0.7281069774279263,0.7250885752032162,0.7281069774279263,Peru
163,0.8840535903806435,0.7371428209722164,0.7862069719728499,0.7740004672259186,0.7387467619834378,0.7350680063430531,0.7387467619834378,Peru
164,0.9477820700298938,0.8126448133185804,0.8490647342263382,0.8504466913423778,0.813805952494265,0.8103738009755386,0.813805952494265,Peru
165,0.9700693635435563,0.8297875074629115,0.8623972582492723,0.8798572262972676,0.8320775334106206,0.8287527260351997,0.8320775334106206,Peru
166,0.9042752488777539,0.7597961656928516,0.8350638586602546,0.7888552470188196,0.7607507443734556,0.7578791818291276,0.7607507443734556,Peru
167,0.931471128036498,0.7856042552867224,0.8549980760429059,0.8085842409127993,0.7868230793376861,0.7849406357662772,0.7868230793376861,Peru
168,0.9063183836172131,0.7662087872658923,0.8305721217232087,0.8085807474131602,0.7673735767099045,0.7647107259999342,0.7673735767099045,Peru
169,0.947848233922169,0.8080623796650772,0.8683875474468092,0.8306255088001263,0.80953301150134,0.8076456451221311,0.80953301150134,Peru
170,0.8562077228996537,0.7258941285813911,0.7656758482930024,0.7647152527254478,0.7286415303045202,0.7260980684143197,0.7286415303045202,Peru
171,0.8163284169066168,0.6925319381995532,0.7216588585764945,0.7465730839921276,0.6949906353638726,0.6917160389787078,0.6949906353638726,Peru
172,0.8134764962038172,0.6843116050241599,0.7103803354044669,0.7462932556638464,0.6912394462375948,0.6873723912382242,0.6912394462375948,Peru
173,0.8079245635468046,0.6738396384225478,0.7073829145027932,0.7399932663159746,0.6818171299709864,0.6785392350267063,0.6818171299709864,Peru
174,0.8529654584992172,0.7173804557696546,0.7588047618778524,0.7787407526168668,0.7234969215693676,0.7209936556137202,0.7234969215693676,Peru
175,0.8432656346825036,0.7159000980741834,0.7709562009428276,0.7758815126780582,0.722882641827322,0.7207902479624673,0.722882641827322,Peru
176,0.7675563938888477,0.646272445789687,0.6924847574380604,0.7039911151371786,0.6562039324731057,0.6520123949815427,0.6562039324731057,Peru
177,0.8074739162560245,0.6884219143313437,0.7175436336085674,0.7420578561727489,0.6981379929397955,0.6950918211402053,0.6981379929397955,Peru
178,0.933103000121478,0.8084153355313877,0.833705226536266,0.8587862345495371,0.8228598888592599,0.8215016959509365,0.8228598888592599,Peru
179,1.0018353314037074,0.8805065301221249,0.9033148225321066,0.9333490924889394,0.8982051279993002,0.8980277805472147,0.8982051279993002,Peru
180,1.1033224631195226,0.9842279821802193,1.006395896413271,1.0206218303535604,1.0041965619839912,1.0042925531680311,1.0041965619839912,Peru
181,1.144259226906298,1.019044036143114,1.0499383961165651,1.0519012005404254,1.043515376631277,1.043816264810967,1.043515376631277,Peru
182,1.1453099278199046,1.0320607390249503,1.061544730664107,1.0543782728378372,1.0508827103831935,1.0513002772172781,1.0508827103831935,Peru
183,1.0841292681336712,0.9761702639028875,1.0165758244185559,0.9963094921252713,0.9940828531349737,0.994847363989039,0.9940828531349737,Peru
184,0.9895279740845744,0.8788296416116224,0.9191055814960225,0.8991250575037173,0.8978121300469051,0.898442280754145,0.8978121300469051,Peru
185,0.9715972098337134,0.8652307376362633,0.9047353214502089,0.8878781361239909,0.8861765396571863,0.8875964993188441,0.8861765396571863,Peru
186,0.9941449029043619,0.8906731894353898,0.9465452031678301,0.9162894693755639,0.9130960901658441,0.9142113877875886,0.9130960901658441,Peru
187,0.9935245554015318,0.8944929527257325,0.9731869673418403,0.9222946329644196,0.9177936467441955,0.9186310071975907,0.9177936467441955,Peru
188,0.941329633365283,0.8491300897512062,0.9340384437915632,0.873653504064593,0.8695632151909735,0.8699652542821887,0.8695632151909735,Peru
189,0.9482523497966935,0.8357610191417961,0.9371411086161208,0.8780535191223935,0.8693996700048666,0.8665848763028384,0.8693996700048666,Peru
190,0.9376494181805544,0.8275157137396324,0.9635470830973001,0.8744001258683278,0.8610861842277739,0.8598988529139419,0.8610861842277739,Peru
191,0.8544419479135029,0.7443730196588119,0.8702505996334082,0.8070528876630958,0.7840763471557105,0.7832568589632798,0.7840763471557105,Peru
192,0.7409121122912115,0.636615278072252,0.7237492455764513,0.7212567872280973,0.6748777099385053,0.6734449227178115,0.6748777099385053,Peru
193,0.6908065371351888,0.5970351069479799,0.7094911539898214,0.6547240737293216,0.6283253250340104,0.6265873292157825,0.6283253250340104,Peru
194,0.8395219250557588,0.7645572468063286,0.8719046496352442,0.8504054215923686,0.7977472512650777,0.7912684137173518,0.7977472512650777,Peru
195,0.890419893091788,0.8047485893747597,0.8904055676550879,0.9000638056981016,0.8397989168643141,0.8354774453558991,0.8397989168643141,Peru
196,0.8867207886424078,0.7960298752984962,0.8739082753921268,0.890840003511133,0.8359078341186147,0.8310666163189178,0.8359078341186147,Peru
197,0.9174875833512317,0.8362445978045325,0.8953706700856506,0.9221379632287003,0.8700901351221986,0.8655106487891607,0.8700901351221986,Peru
198,0.9046716727834068,0.8281589881042245,0.8920848748618536,0.9073340671601005,0.8604457160014016,0.8570684928649275,0.8604457160014016,Peru
199,0.9088439375706665,0.8320090196104812,0.9012466191983686,0.9040186685105707,0.858948929418883,0.8562931705713321,0.858948929418883,Peru
200,0.9651385006223305,0.8991231491509912,0.9594375626475065,0.9710421792250606,0.925114752639048,0.921629452867288,0.925114752639048,Peru
201,0.97146723122672,0.9086442223152633,0.9820292094198615,0.9718446702262049,0.926819410501392,0.9258164302420722,0.926819410501392,Peru
202,0.9641314316746121,0.9085242920612879,0.9945687908572571,0.960719725625847,0.9227994001843505,0.9215373107543952,0.9227994001843505,Peru
203,0.9725936626801587,0.9284887787001913,0.985795008759107,0.98421202261573,0.9378870872773719,0.9356331986637243,0.9378870872773719,Peru
204,0.9340237856464921,0.9004493690702233,0.9847694155813494,0.9577663085369621,0.907322274025308,0.9041390648717667,0.907322274025308,Peru
205,0.9217685844785461,0.8989180367587519,1.005295885345745,0.9296145335625938,0.9053949803219877,0.9029862760602536,0.9053949803219877,Peru
206,0.8825958302377253,0.8455626445646814,0.9420564592348541,0.8974311789197206,0.8547974412778095,0.8503865870896944,0.8547974412778095,Peru
207,0.85077843031279,0.8220054931210455,0.8916582429591944,0.8751829334402407,0.8304520708784079,0.826671318979927,0.8304520708784079,Peru
208,0.8965567150179643,0.8643601437691115,0.9137848448768309,0.9076222095420756,0.8741017139577034,0.8714614977664314,0.8741017139577034,Peru
209,0.8736972623260775,0.8359989951283338,0.8757858744115457,0.8852360487039688,0.8538504852117657,0.8495786795370636,0.8538504852117657,Peru
210,0.8573477232333155,0.826574219186949,0.8828687864576663,0.8803578518235717,0.8490747557016711,0.8465451397185406,0.8490747557016711,Peru
211,0.8955197403659936,0.8655589313366202,0.9395011515708155,0.920380814935376,0.8885756902886073,0.8864923684322605,0.8885756902886073,Peru
212,0.9556495006679173,0.9183101413748411,0.9861665273914212,0.9916540371409495,0.9457638681316108,0.943212665710936,0.9457638681316108,Peru
0,0.3121690522382186,0.3121690522382186,0.3121690522382186,0.3121690522382186,0.2742697999174118,0.3121690522382186,0.3121690522382186,Nile
1,0.39554320355846095,0.39285947053583575,0.4195120533287195,0.42736432767563287,0.3917851387633543,0.4214593577767979,0.42082680994733496,Nile
2,0.4262175807877977,0.4221173550196298,0.46826804549906037,0.4817001805684981,0.44887736400270273,0.4786627852230215,0.47113159366452145,Nile
3,0.43057088192088444,0.4456959830665047,0.4864227152414162,0.5081914500549741,0.474733631298953,0.4995634187628625,0.49178673870119344,Nile
4,0.43675567523787295,0.45023712431482965,0.5020953533694539,0.5336128808493862,0.49765281295375174,0.5341794953110863,0.5107203725364267,Nile
5,0.3983918427519616,0.4192236434144104,0.46948195934547554,0.5069999441330355,0.47171096812481195,0.49995614624836043,0.481724457714652,Nile
6,0.4043849194451348,0.419133974990574,0.48171227656961974,0.5205764134437281,0.48653031928382967,0.5097760297657188,0.4942035174147779,Nile
7,0.4749807078729258,0.49064392548209323,0.5591352882773194,0.5998084450487576,0.564885979191582,0.5848256451590206,0.5707658444501954,Nile
8,0.49593832235077956,0.5081520901543735,0.5839098375999107,0.6293747633599573,0.5919806586076997,0.6083858399276028,0.5964863177695564,Nile
9,0.5392300606520986,0.570185111586408,0.6306429898712738,0.6773766041914744,0.6401015736358076,0.6533358550599038,0.6435541977334576,Nile
10,0.5310763828376973,0.5619062544563089,0.62025478446559,0.6736567478942642,0.6352312109110251,0.6457344915820554,0.6378769088503164,Nile
11,0.5476400408899701,0.5965414946232078,0.6392542406277795,0.6857384812647442,0.6538953302897694,0.6626153647032125,0.65592269191038,Nile
12,0.5976040115062438,0.6366833042311395,0.6913925849486359,0.7317774625097313,0.7061107836454523,0.7133755100895629,0.7076643227247568,Nile
13,0.581077421406919,0.6287546435859455,0.679123238281543,0.7172814233717025,0.6916437230197426,0.7002061036492723,0.6928341784601486,Nile
14,0.5564827471697753,0.5953709366621611,0.6564414068303823,0.6942563849442827,0.6680863909335364,0.6807058115129182,0.6689986204194059,Nile
15,0.5538319544232742,0.582575652777952,0.655378963846753,0.6959343273686995,0.6657650902252588,0.6771568955240966,0.6664641190226794,Nile
16,0.5317158441156378,0.5524388421580445,0.6354723977443847,0.6740706025289942,0.6442842892214852,0.6554598359631905,0.6448199452896044,Nile
17,0.5612157849078862,0.5766310234861544,0.6664465609206506,0.7033647844216677,0.6741213744552431,0.6835040250966217,0.67453184026777,Nile
18,0.5954779177045528,0.6075280185314266,0.7022994422642249,0.7349237375900632,0.7085633887047746,0.7165657137687779,0.7088779229615132,Nile
19,0.6065992851329636,0.6193028562270516,0.7109625301626575,0.749175068726904,0.7201764884152897,0.726278475596297,0.7204175116519219,Nile
20,0.5770203273714433,0.5864683280164077,0.6744930945284896,0.7240529871200976,0.6908441280624844,0.6956870224018781,0.6910288208244081,Nile
21,0.5080749634729202,0.5147491545244605,0.590008195644695,0.6591182029582027,0.6218391289732279,0.6255154883530648,0.6219806564739936,Nile
22,0.5547455138542808,0.558911526728272,0.6030729418231471,0.7051751125223787,0.668357323198508,0.6713473142841739,0.668465773758586,Nile
23,0.6022424968283752,0.6083167065409488,0.6620082478510629,0.747530820051782,0.7150544009003598,0.7178278670753192,0.7151375050597464,Nile
24,0.6278956228586715,0.6317714729487067,0.6930201731243378,0.77049507415999,0.7409293081711614,0.7446261048764354,0.7409929897353912,Nile
25,0.608015413195286,0.6098700335138431,0.6757033924690133,0.748545233465409,0.7215782380587294,0.7323403536748765,0.7216270363577879,Nile
26,0.5891918119548505,0.596735740478311,0.66371772067002,0.7302461170564618,0.7025174246025987,0.7173173286470986,0.7025548180620685,Nile
27,0.5885651439490501,0.5940676941979254,0.6701217491142138,0.7241164136084842,0.7020022864117088,0.7146962870179062,0.7020309405008492,Nile
28,0.5957610348631319,0.5978955261647152,0.6812830720747477,0.7269031225496849,0.7088915092083713,0.7226103596202865,0.708913466439291,Nile
29,0.6279302432340215,0.6274727509627077,0.7154752352070811,0.757242287110317,0.7402198956598034,0.7593694915667232,0.7402367211811905,Nile
30,0.6627306337660986,0.6655097160255252,0.7537973031867078,0.7950369141629183,0.7749992300875529,0.7918742707331352,0.7750121232511301,Nile
31,0.6717113142379342,0.6829394026022728,0.7620251640061977,0.8081149343490701,0.7844370492224071,0.7987995815914184,0.7844469290747578,Nile
32,0.6958846157429545,0.7029212994390232,0.776316534793325,0.835392219469977,0.8083625043000352,0.8216603295934706,0.808370075093804,Nile
33,0.6981615063543761,0.7110145364879885,0.7686295970537476,0.8419115406295448,0.8105302267279237,0.8218045734865743,0.8105360281221405,Nile
34,0.7131660854452991,0.7218224725324488,0.7863962383974634,0.8583357870007242,0.8252629483919086,0.8341596459178141,0.8252673939198,Nile
35,0.6701819164597893,0.6746356598800869,0.7488268892629324,0.8121851195032586,0.7824451710576235,0.789493258062284,0.7824485776039629,Nile
36,0.689183195533051,0.6921993526287372,0.7745613381776724,0.8296708108204048,0.8024600787514283,0.8086903069075347,0.8024626891406207,Nile
37,0.6872656989238343,0.6897910955649084,0.7788624068545674,0.8283364308752176,0.8020550760665796,0.8090873903908116,0.8020570763715974,Nile
38,0.6431783367011226,0.6446634883584899,0.736441284416017,0.7854177114421801,0.7580865736610526,0.769286664284272,0.7580881064670326,Nile
39,0.6103636216324032,0.6120433972301487,0.7043216078005163,0.7468133549743914,0.7250704849392084,0.734600148509886,0.7250716595071627,Nile
40,0.5974233056302047,0.5993364802435093,0.6956350686458526,0.7299751774593373,0.7125811359902297,0.7208347158241245,0.7125820360453554,Nile
41,0.6276325585961154,0.626513110853792,0.7285598675276289,0.7605434772908704,0.7421985486655547,0.7501054855668157,0.7421992383653089,Nile
42,0.6958106293789573,0.6933357029558558,0.7987296393056856,0.8309065254284435,0.8104200755332478,0.8179000641629001,0.8104206040405996,Nile
43,0.7391730725132771,0.7452225772829564,0.8420421219349589,0.8789508099186609,0.8543199371692323,0.8643906956960205,0.8543203421570826,Nile
44,0.6954622828363531,0.7012230687703833,0.7898563874224018,0.8345723786621427,0.8101745200578457,0.8215931595265243,0.8101748303944161,Nile
45,0.6221430970279114,0.6274184818641937,0.6959909217966744,0.7650979793033317,0.737715737153723,0.7490936095772722,0.7377159749603308,Nile
46,0.6334818652751982,0.6402880869621773,0.6740603774179922,0.7715832864728625,0.7486687748230308,0.7585206126202866,0.7486689570509347,Nile
47,0.6344951689496985,0.64240800388756,0.6846420607070812,0.768781492646263,0.7500899392721446,0.7580367296565672,0.7500900789108589,Nile
48,0.5796966096917634,0.5920180766933189,0.6399636853458932,0.7103477104810957,0.6954917002273325,0.7038892816219882,0.6954918072305417,Nile
49,0.60831659954575,0.6274078211018413,0.6810752841515553,0.7407480646256794,0.7249068615467215,0.7333528932684232,0.724906943541796,Nile
50,0.5791571689017146,0.5935286240286228,0.6602654844646105,0.7150704534528067,0.6958836686239754,0.7077958088961943,0.6958837314556633,Nile
51,0.5532478199902355,0.5637202266315832,0.6403042754738869,0.6861531163940492,0.6699849856983088,0.6813588716959843,0.6699850338453593,Nile
52,0.5344743083641869,0.5429335281066008,0.626033641335386,0.6656002422431819,0.6516120312601664,0.6614475421504531,0.6516120681545833,Nile
53,0.5205820109403646,0.5282193645982652,0.610492304024398,0.6519328071555459,0.6375433650168096,0.6479129269970778,0.6375433932884893,Nile
54,0.534545179545409,0.5412075041476478,0.6247798612473504,0.6693187530828055,0.6513362073111691,0.6607564543204525,0.651336228975365,Nile
55,0.5572024860363389,0.5764419454805675,0.650893633228466,0.6966784171245214,0.6738167119715648,0.6818991837553733,0.6738167285725375,Nile
56,0.5236035938450293,0.5366233868830828,0.6176275332549774,0.6599344203503852,0.6393514524303922,0.6466789235251269,0.6393514651514872,Nile
57,0.5346070379601779,0.5440957569137994,0.6313802466032765,0.67195330080813,0.6511180016473922,0.6560864570886412,0.6511180113953908,Nile
58,0.4567579287403702,0.4627085081966466,0.5496560455841147,0.5928972650832524,0.5730677055722495,0.5761643293456661,0.5730677130420055,Nile
59,0.43793559114021247,0.4423671768253914,0.5216831915439526,0.5745076394356883,0.554582749345514,0.556846513429648,0.5545827550694844,Nile
60,0.402037767923812,0.4047633621422073,0.4923098384665998,0.5349300495204988,0.5192621835185892,0.5207318711877564,0.5192621879047884,Nile
61,0.3760579879280283,0.3820212427695641,0.4708307423982737,0.5080359603853373,0.4926176993930055,0.4955078207171639,0.49261770275408906,Nile
62,0.39308537646567365,0.3995924750952166,0.49157478077896666,0.5282220994461579,0.5092200515280059,0.516503422634507,0.5092200541035576,Nile
63,0.39431332204455427,0.4008642110181765,0.49465342899226794,0.5302674034241087,0.5099432360450652,0.5178711840682361,0.5099432380186748,Nile
64,0.3790226410739187,0.3836089789342649,0.4791964197741073,0.5127528306468807,0.49451404190630927,0.5006634992554811,0.4945140434186589,Nile
65,0.40870727691887754,0.4116656013099606,0.5084169312520035,0.5411049969909175,0.5246129055586296,0.5294233170260788,0.5246129067175223,Nile
66,0.44785576737299954,0.45507132029835073,0.5491003099213619,0.5808814134902338,0.5634505566975669,0.5671367082584149,0.5634505575856104,Nile
67,0.4743387787167567,0.4846937247730074,0.5743233686543778,0.612180841354032,0.5900647426555854,0.5926417172420533,0.5900647433360807,Nile
68,0.4607787603323231,0.46931986083296207,0.5615306843149799,0.601182553868265,0.5763916200056092,0.5780955685198728,0.5763916205270632,Nile
69,0.3821458876688856,0.39197750483194704,0.48252149023697755,0.5287033254288113,0.4978283279815743,0.4982574229722074,0.49782832838115726,Nile
70,0.38578572036869485,0.4047476695721287,0.4844084105185325,0.5262847701248566,0.5016930565359509,0.5014613993961451,0.5016930568421457,Nile
71,0.4348456890024106,0.47441708722002696,0.5352283447506982,0.572338012710769,0.5512287617165037,0.5524552492197139,0.5512287619511366,Nile
72,0.4666463735959296,0.510727059311138,0.5689574364385516,0.6071059081436715,0.5820582990851099,0.585059378403146,0.5820582992649057,Nile
73,0.49791898016069946,0.5301663424166329,0.6016951560925007,0.6382015953017288,0.6127428985817105,0.6163128940244185,0.6127428987194855,Nile
74,0.44988097971380164,0.4832532219434445,0.5526088719796485,0.5895645453097793,0.5638264356769365,0.5708884061871757,0.5638264357825116,Nile
75,0.40813341115472934,0.43486925616286204,0.5113641269682618,0.5481066281135466,0.5222352360082688,0.5274787889311198,0.5222352360891696,Nile
76,0.3810904384512609,0.40579821169538827,0.4822392558823658,0.5162505709112566,0.49476026881517293,0.4986721184385513,0.49476026887716607,Nile
77,0.3455513274540607,0.37155096798058235,0.4443478784266734,0.47902097562048984,0.458687441014052,0.4621858851734408,0.4586874410615565,Nile
78,0.3588510391623123,0.37731825385699,0.4583845185804246,0.49001718331176414,0.4720685388786016,0.4761431738782499,0.47206853891500367,Nile
79,0.41964524965765376,0.4422318473446652,0.5214171814312089,0.55624776450384,0.5336796178042001,0.5552341529434333,0.5336796178320945,Nile
80,0.44670951507292844,0.47990907811384154,0.5484945734644499,0.5895226298538697,0.5612831625137155,0.5949616095999464,0.5612831625350906,Nile
81,0.4375176068014006,0.4832046689116278,0.5403283498682322,0.5836033452377855,0.552405517431762,0.578290693433136,0.5524055174481415,Nile
82,0.3870904465225836,0.4276849512133198,0.4856616894022251,0.53121885857693,0.5019830734430486,0.5216602359708787,0.5019830734556,Nile
83,0.4785684144061837,0.5081335789659287,0.5741299787909127,0.6168770042251063,0.5923422987087983,0.6081421296796374,0.5923422987184163,Nile
84,0.5201423504308402,0.5454076362634145,0.6185759513705286,0.6546274189726649,0.633961551666187,0.6473930170381087,0.633961551673557,Nile
85,0.5377144589085469,0.5546365534965603,0.6355941840426049,0.6728629955703108,0.6509607552541118,0.662276448115789,0.6509607552597595,Nile
86,0.4783194961492783,0.5021244013248178,0.5771041939302339,0.6130619495342812,0.5914374012275216,0.603939524916844,0.5914374012318494,Nile
87,0.45611626926582605,0.48324867970973945,0.5569060312267906,0.5940144463058482,0.5695766016005499,0.5797045096197377,0.5695766016038663,Nile
88,0.4657727496605643,0.4855006680563275,0.5686286798343295,0.6024347448442763,0.5797779881373151,0.5894083148346412,0.5797779881398564,Nile
89,0.4544880250186477,0.47294017021249063,0.5575777328699681,0.5904223039592159,0.5688782951354832,0.577693357333122,0.5688782951374306,Nile
90,0.46494355505033585,0.4976192213803299,0.5601726926615647,0.6035740105423055,0.5799850864646261,0.5891402337626815,0.5799850864661185,Nile
91,0.5075925402470584,0.5322695858156349,0.5773089035003168,0.6496538592973832,0.6230189391817474,0.630759731230212,0.6230189391828911,Nile
92,0.5126361103500385,0.5505494580556933,0.5564094922393092,0.660279854631561,0.6287259887021401,0.6356231819898005,0.6287259887030164,Nile
93,0.5192745776813507,0.5725636232929907,0.5728723877893374,0.6685407445565024,0.6346775124164669,0.6400382750717399,0.6346775124171383,Nile
94,0.46583557905545114,0.5332325244455343,0.5253338788507337,0.6181899008535058,0.5814604782291607,0.5855683562688637,0.5814604782296753,Nile
95,0.4944218854628467,0.5697687826852166,0.5654697469149444,0.6412121047216004,0.6104138517793691,0.6151529843950347,0.6104138517797635,Nile
96,0.49139011320501663,0.5630302225523673,0.5726726039533162,0.6387164689012894,0.6084930380245186,0.6124645909520079,0.6084930380248208,Nile
97,0.4821210263251168,0.5402152494932119,0.5688442228187693,0.6281285823252352,0.5984513578132354,0.6017807766783065,0.598451357813467,Nile
98,0.4489906670225162,0.5015271944219927,0.5405971182429127,0.5927244140289161,0.5652279999651348,0.571363448442852,0.5652279999653125,Nile
99,0.4192331671110557,0.4612065273780508,0.5143156046130346,0.5641319919252759,0.5357542638746906,0.5430066515208626,0.5357542638748267,Nile
100,0.3775389531736698,0.42865239232825864,0.4752175302159014,0.524317071920562,0.4937448465007477,0.5011354101991315,0.493744846500852,Nile
101,0.3981507057010456,0.44919559660501174,0.4985101710529214,0.5440084285703976,0.5147433760237651,0.5218301709746012,0.514743376023845,Nile
102,0.4349242735181284,0.49743417522079525,0.5382057680985981,0.5816550204107802,0.5521621056292219,0.5594633573557879,0.5521621056292831,Nile
103,0.4786879387379892,0.5486240693339038,0.5824738092193875,0.6269865964931145,0.5959377875532378,0.6027796959395264,0.5959377875532847,Nile
104,0.4571538380500169,0.5324271343472193,0.5591592624295789,0.6082158738269401,0.5752858913735571,0.581419042184592,0.5752858913735931,Nile
105,0.3958104154019088,0.46820364166976747,0.4807669878925536,0.5431133622815851,0.5138159651863042,0.520596702145408,0.5138159651863319,Nile
106,0.3883035011522701,0.45990585450966914,0.4380939086112927,0.5409572471278741,0.5067503923799361,0.5130430919986766,0.5067503923799572,Nile
107,0.3696543878204564,0.4233919009834767,0.43060221649765945,0.5250920114430427,0.4880650883526404,0.4936032615793603,0.4880650883526566,Nile
108,0.31782215119760254,0.3589418409977451,0.3909280677886785,0.4718862792318598,0.43558391848244393,0.44090448894028134,0.4355839184824563,Nile
109,0.3308706380065969,0.36139039945943024,0.4122269392035616,0.47955421973157436,0.4481937821022578,0.45231018290802966,0.4481937821022673,Nile
110,0.3594045263569971,0.38216429461020957,0.4470404479302811,0.508070853430633,0.4768612606963932,0.48310565873452455,0.47686126069640045,Nile
111,0.3507369670464511,0.3706959586670754,0.4419573927282716,0.5025544811089746,0.4680679625268346,0.47361974327275685,0.46806796252684013,Nile
112,0.36397617618716954,0.3795842910175585,0.45894071823331845,0.510592688755992,0.48123502066907325,0.487306069976276,0.4812350206690775,Nile
113,0.3761674060067304,0.39235760654466256,0.4755357226285604,0.5188161741552856,0.49387007838680125,0.5012906798644177,0.4938700783868045,Nile
114,0.4223628949847695,0.43367466961248063,0.5247678415167034,0.5655036386226371,0.5395457387528131,0.5477751098730768,0.5395457387528155,Nile
115,0.4215466075580985,0.45449690349841204,0.526182079257496,0.5671192578191248,0.5383260104254968,0.5455714250402611,0.5383260104254987,Nile
116,0.4678528242502076,0.4919673172143282,0.5730173458424364,0.616931733555987,0.5839422487910846,0.5902838769703695,0.583942248791086,Nile
117,0.3937136432448694,0.4107790097666813,0.4965992963520884,0.540016287033565,0.5092743469678979,0.5253875701491393,0.509274346967899,Nile
118,0.34664515859322165,0.35901811675536244,0.4452977592209003,0.49152962806134703,0.4625099503129937,0.48611101115888605,0.46250995031299447,Nile
119,0.31874349983445693,0.3356627226963444,0.41024842000900735,0.4583545734517664,0.4341187010906561,0.45094919277123213,0.4341187010906567,Nile
120,0.31963666595817675,0.35260760246866096,0.4156200676807733,0.45363096526328534,0.43505935255677625,0.4473552121376595,0.43505935255677675,Nile
121,0.3635151042075639,0.4040850639229091,0.4618552087478154,0.49265476696895827,0.4780905151809369,0.49035913583512736,0.47809051518093737,Nile
122,0.3526826848025632,0.39329504165443524,0.4508130704528785,0.4817423951434779,0.46680531488425814,0.48389441869398325,0.46680531488425847,Nile
123,0.3164249682093776,0.35437987822032435,0.4143258435008642,0.4483309979977168,0.43002998417209337,0.44794641418514336,0.4300299841720937,Nile
124,0.2914355624365557,0.3376867774813681,0.389945270618695,0.42898608063262617,0.4044579196822699,0.42002878286527334,0.40445791968227013,Nile
125,0.29839650873285406,0.3461643483712416,0.39628198119066316,0.43233246229910455,0.4113385273420659,0.4242900850016518,0.41133852734206605,Nile
126,0.35995432984416087,0.3941211396795123,0.45842900642687157,0.49023590684606266,0.47248339953877716,0.48462875885550943,0.4724833995387773,Nile
127,0.36263537789576966,0.4053877281331767,0.45778567969226286,0.49143400619107613,0.4745655140594199,0.4865054581187197,0.47456551405942,Nile
128,0.30798341529737966,0.36093486776652756,0.4014612595849221,0.4361960014828075,0.42027216607459433,0.4353966711334758,0.42027216607459444,Nile
129,0.3099006916925915,0.3591618300608689,0.40556411891765376,0.441242773018758,0.42332292746679034,0.43547695084893295,0.42332292746679034,Nile
130,0.2649883522831664,0.3080798594949296,0.36162000791847726,0.3971818030890887,0.3777876688577752,0.38644798392241186,0.3777876688577752,Nile
131,0.3265304185956214,0.36941326945342445,0.4241258002114453,0.4547050139852998,0.43864446044801747,0.4441900087919667,0.43864446044801747,Nile
132,0.33310866660397864,0.389592606201925,0.4354134749553717,0.4700678836966637,0.44690049914164603,0.45034405288057516,0.44690049914164603,Nile
133,0.33894289667465455,0.3828194913414369,0.4434435089761314,0.479820584347982,0.453373143881031,0.45599891652925045,0.453373143881031,Nile
134,0.25842309779921957,0.31220625662226464,0.36399734758442304,0.3996350313329578,0.3730931357983374,0.3823082857543174,0.3730931357983374,Nile
135,0.2441788707790633,0.2903171625227824,0.34927079541983547,0.3839111477941083,0.3588443386026288,0.37270569063577486,0.3588443386026288,Nile
136,0.2663095387003615,0.30105944242047933,0.3714855616099035,0.4077926333833202,0.3817808847874676,0.4041805282256636,0.3817808847874676,Nile
137,0.26422396046774455,0.2897414320398553,0.3690833488736612,0.4057640851244554,0.3795568361270413,0.41343031247118023,0.3795568361270413,Nile
138,0.2930840533632939,0.3107924079184878,0.3962811319717413,0.43447304693757016,0.4077823233511779,0.43862076383991844,0.4077823233511779,Nile
139,0.36692640764711437,0.3790312261889448,0.4696772529103856,0.5085993290127652,0.4813958455724684,0.5068015129338658,0.4813958455724684,Nile
140,0.29997041812546243,0.3273317542960537,0.3973681638106498,0.43782955777790994,0.41339880273808255,0.43378997207365666,0.41339880273808255,Nile
141,0.3153977264061825,0.3358644965942568,0.4112494112536905,0.4542499196520989,0.4291627211329721,0.4456315979120241,0.4291627211329721,Nile
142,0.3232915161718777,0.35762125475616974,0.4149850961280879,0.45940720576716243,0.43705225662828306,0.46129832730071396,0.43705225662828306,Nile
143,0.27882927813454406,0.3128308723654217,0.36565159392525115,0.4124872133986805,0.3920927159844191,0.41053499419051454,0.3920927159844191,Nile
144,0.30504129923994966,0.34264149247996073,0.39129212460322826,0.44233534402361613,0.4188285368265023,0.4424468032619475,0.4188285368265023,Nile
145,0.3119001801120658,0.3523518779809372,0.4014599574190768,0.4482454635212229,0.424427685796695,0.4443400619106167,0.424427685796695,Nile
146,0.24776437818286456,0.28671438206600564,0.3395981747291725,0.3833062960957666,0.35894845051619695,0.3767107721130263,0.35894845051619695,Nile
147,0.22718155348129188,0.26020636603219893,0.32334921187810867,0.36357116088005026,0.3388486445751133,0.357899728510861,0.3388486445751133,Nile
148,0.23597883666523448,0.25794906860591704,0.3310730907857984,0.36611239798936557,0.3453692304136499,0.37389896814032075,0.3453692304136499,Nile
149,0.2133788729527521,0.23400573617242995,0.30755119964300903,0.3450211717497137,0.3217809016640174,0.3486777966665754,0.3217809016640174,Nile
150,0.22326260123607405,0.2411042701378883,0.31532010424645496,0.35400770350482724,0.32863854988813435,0.35143694578496915,0.32863854988813435,Nile
151,0.2756134697677164,0.28335578844685877,0.3611142918177799,0.4014520178541366,0.3775362204360254,0.3968143852472642,0.3775362204360254,Nile
152,0.2608644012934036,0.2662304817211056,0.34583970417240184,0.3821350148002842,0.36240972390671855,0.378130809887234,0.36240972390671855,Nile
153,0.2912369565871117,0.3121707691532891,0.37676589441225466,0.4181119983221432,0.39324929786728946,0.4062929266638372,0.39324929786728946,Nile
154,0.3216625420433162,0.3372018534846461,0.401646170029214,0.4504451238245461,0.42289839842518645,0.4325121042946217,0.42289839842518645,Nile
155,0.3186275712339049,0.3267514026605489,0.3904404707315189,0.4522149286917688,0.4188902997380761,0.42549509880788944,0.4188902997380761,Nile
156,0.23834432088846078,0.24658388662170405,0.30888983158473055,0.37260911417221193,0.33691605931702306,0.34129758344319594,0.33691605931702306,Nile
157,0.2241313218292691,0.2239482594468994,0.2969473817466505,0.355876258826554,0.32140727802615277,0.3282558564338536,0.32140727802615277,Nile
158,0.2138235010772031,0.2062409999521327,0.2871427324892401,0.3426922114808046,0.30916122164399995,0.3179002695161296,0.30916122164399995,Nile
159,0.2066703231944416,0.1969761546848951,0.2801259299125497,0.328453537746125,0.30014468241759945,0.307617702533031,0.30014468241759945,Nile
160,0.25845744261452885,0.24242239254080838,0.3326440664793323,0.37413915393659697,0.34936957907241994,0.35917476432280226,0.34936957907241994,Nile
161,0.2755869870083528,0.25455688609196103,0.3508924902869073,0.3933660026988757,0.3652919642616502,0.37528481009635184,0.3652919642616502,Nile
162,0.2595238668179311,0.2584518509275685,0.33358339994951386,0.3755895982075884,0.3464132233515895,0.35481154456089165,0.3464132233515895,Nile
163,0.20489563756215864,0.22184348969819867,0.27957900740481895,0.32083476042583886,0.2911398961032182,0.2999479163168372,0.2911398961032182,Nile
164,0.15577464208078773,0.17733876444207675,0.22683683633326845,0.26546499483853386,0.23698715169064113,0.2450037418815505,0.23698715169064113,Nile
165,0.1343270277207717,0.14874606897327314,0.2056366032044752,0.2396047706333255,0.21433060586192137,0.22174519211421084,0.21433060586192137,Nile
166,0.14009380959417098,0.14571240469335614,0.20962413327986673,0.24253710780320142,0.22030535514795663,0.2268519340642382,0.22030535514795663,Nile
167,0.20846460214121393,0.20384527775989472,0.27552069969579784,0.3061594408687135,0.28845739196345066,0.2951136536821293,0.28845739196345066,Nile
168,0.27941945172713173,0.29005580905724093,0.3429219133348206,0.38019451294022205,0.3577321389707826,0.36336955760725265,0.3577321389707826,Nile
169,0.27348063571681513,0.29318037466776575,0.3296391520716094,0.37935539030469306,0.350884001940896,0.3552795146528997,0.350884001940896,Nile
170,0.28939347386758163,0.3199919597253772,0.3464550543564886,0.3886562422180669,0.3642094486405662,0.3700862876798012,0.3642094486405662,Nile
171,0.2805579656667091,0.3085424998965443,0.33811247920115095,0.3752798507550798,0.35263502172353994,0.36408768062556546,0.35263502172353994,Nile
172,0.2320882142609777,0.2681514572460352,0.28949794042709515,0.32081971414002164,0.30320082973199625,0.31951698172591936,0.30320082973199625,Nile
173,0.21339878451559763,0.23908948111157724,0.26923692774243585,0.30208806493380963,0.28415048082197125,0.29682139448870326,0.28415048082197125,Nile
174,0.22220449754103283,0.23515563520458713,0.2786677211272919,0.3132759873372953,0.29305774477366636,0.3204620857107246,0.29305774477366636,Nile
175,0.2657567322649811,0.2700836256217685,0.3222186773512038,0.35495966355796854,0.3344190869180884,0.3591317865620669,0.3344190869180884,Nile
176,0.3119793569855559,0.3129267422688818,0.3662879811781031,0.3965182480595521,0.3774503879577727,0.41615727854071594,0.3774503879577727,Nile
177,0.32139040686182796,0.31938015455636104,0.37508033477172964,0.40433970443398565,0.38517220732687135,0.4199424660668976,0.38517220732687135,Nile
178,0.3089374907379229,0.29378842171085146,0.35924141641172286,0.3880229428927168,0.371802975578374,0.399339497329796,0.371802975578374,Nile
179,0.3704556067913559,0.34270193948208677,0.4144393216479181,0.44973093196757863,0.43110645858614427,0.45195173062339966,0.43110645858614427,Nile
180,0.4044711016608461,0.3677162291326876,0.44240205266676835,0.484599691934515,0.4626686743333713,0.47726055642214377,0.4626686743333713,Nile
181,0.3827910587075833,0.34743914053116054,0.41717630286342267,0.4620231659276245,0.44062119072592343,0.45213530205827024,0.44062119072592343,Nile
182,0.34018457479984204,0.3029133363437325,0.37352001262570667,0.4210898789223486,0.3958425507722426,0.407379626252933,0.3958425507722426,Nile
183,0.34115714824013904,0.30863005295633644,0.3753963719308813,0.4194569919898322,0.3947725128999855,0.4051300323071755,0.3947725128999855,Nile
184,0.3182015907018238,0.295399272933579,0.3553928335607929,0.3967922840742474,0.3713860854776526,0.38562875107518746,0.3713860854776526,Nile
185,0.2794170890128584,0.2670496119437616,0.3158395192761886,0.35963191327918237,0.33038082280403636,0.3555703273072865,0.33038082280403636,Nile
186,0.2647183553492732,0.25310364492112747,0.3016900925493673,0.3459654462819391,0.3132241142635694,0.3488727841986171,0.3132241142635694,Nile
187,0.2929746595191339,0.2700317343342765,0.3296016985814757,0.37165529043442913,0.33921878811659184,0.3850797082026281,0.33921878811659184,Nile
188,0.36325114578793066,0.32600541838082064,0.3977915971976194,0.4362380066128197,0.4073841001805412,0.4583280202729316,0.4073841001805412,Nile
189,0.425260876863229,0.3799202162615139,0.4584757695356551,0.49384211976110004,0.46966665912721695,0.5097287527691267,0.46966665912721695,Nile
190,0.38555905746386404,0.3572479632550904,0.4178837061027765,0.4480096039619626,0.42941766739165926,0.4609305425859307,0.42941766739165926,Nile
191,0.2865475626234759,0.25854025510427286,0.3058140675000894,0.3455190462570617,0.32847440888547713,0.3524284813813048,0.32847440888547713,Nile
192,0.24032245002232364,0.22585490903256764,0.23824445610483144,0.30495685206783774,0.28039089431712205,0.2983147522161149,0.28039089431712205,Nile
193,0.2570542030138969,0.25321482137791324,0.2596140077500601,0.3189723836128833,0.29532046139319584,0.30839050129441714,0.29532046139319584,Nile
194,0.25877614803343196,0.25367539564023406,0.25900608098585165,0.3170747704911194,0.29074587878712094,0.3038264153694987,0.29074587878712094,Nile
195,0.20901784585754918,0.21071610126659068,0.21246633970870377,0.26715081854349276,0.24070005414944012,0.25125284681184845,0.24070005414944012,Nile
196,0.1896453875300731,0.18991186845973007,0.19517287136722017,0.24037500332933648,0.21997291652636702,0.23263302473175354,0.21997291652636702,Nile
197,0.17359936887843883,0.17009436830754476,0.18164911880625872,0.22615578796250585,0.20251070765310236,0.21360268323713413,0.20251070765310236,Nile
198,0.15566092991409547,0.14241509249608736,0.16432526965064193,0.20208901479498595,0.18310894349800153,0.19246281857256525,0.18310894349800153,Nile
199,0.1649864729606491,0.15112506583539234,0.17556060918811675,0.21428113316849498,0.19282563385201956,0.20179966191874518,0.19282563385201956,Nile
200,0.1800237954979283,0.16011586022460939,0.19084095944243018,0.22177864196772634,0.20513774094998938,0.21402736596224753,0.20513774094998938,Nile
201,0.10903267883456853,0.08355793416161156,0.12121196689860607,0.14978842760282604,0.1347051574285597,0.1418625127731494,0.1347051574285597,Nile
202,0.11062587692803129,0.07602996392220725,0.12296251319636138,0.14686017671990342,0.1348357603477361,0.14029647803163425,0.1348357603477361,Nile
203,0.18133254008169616,0.13177025723939298,0.19475525363366217,0.22201056595037177,0.20404353883931314,0.2076541589723078,0.20404353883931314,Nile
204,0.12285200918111097,0.06050678633825492,0.1354612266707829,0.16477375573951955,0.1432800785972531,0.14566769507030747,0.1432800785972531,Nile
205,0.10717223586683296,0.03159709132719849,0.1150705262814519,0.1468362493334102,0.1232041002858287,0.12376353396616407,0.1232041002858287,Nile
206,0.14234650948846278,0.061569423804991155,0.15093032281909158,0.1838359176904038,0.15954704230800687,0.16019263361331343,0.15954704230800687,Nile
207,0.162939151578303,0.09857866434108634,0.17039864216213677,0.19749548280780704,0.17763215430949844,0.18043656270559683,0.17763215430949844,Nile
208,0.1440836660625581,0.09208058791022045,0.1514940089818989,0.1749660156486344,0.15874577465122308,0.16868250968407666,0.15874577465122308,Nile
209,0.14323762325715816,0.09743738418410619,0.14903324173797433,0.17691103514365797,0.1567417032704456,0.1765616398322628,0.1567417032704456,Nile
210,0.14586330909046483,0.09859968819047027,0.14777048824658512,0.1772941999477554,0.1562112982293627,0.1722153328084837,0.1562112982293627,Nile
211,0.14700444219763262,0.09078966341355613,0.14742785782046325,0.17929858634259066,0.15569019924010752,0.16890172384015417,0.15569019924010752,Nile
212,0.12306256893775393,0.07081679863996326,0.12484275109868312,0.15430088548537088,0.13160893541159702,0.1429807450480275,0.13160893541159702,Nile
0,0.7096599718940654,0.7096599718940654,0.7096599718940654,0.7096599718940654,0.7676356142331027,0.7096599718940654,0.7096599718940654,Java
1,0.5900961480601812,0.489828034164485,0.5017545498133891,0.5119160928559477,0.5330715095684263,0.4950511787788502,0.4949457734031278,Java
2,0.5085827695847406,0.3430557809723203,0.3590789758414117,0.3770412029254753,0.37655611158519714,0.3514685748205154,0.3514840002725605,Java
3,0.49378714662685497,0.28668192066199394,0.3026029635636987,0.32560420426846076,0.3114637618992918,0.2947594331735302,0.2949759290362665,Java
4,0.47099377349987187,0.2288162436526307,0.24941691066096403,0.2770494843317976,0.2535479517465348,0.24242634168027194,0.24270528161280566,Java
5,0.4194616135532422,0.15602075278388045,0.1789448628699874,0.2040775006639055,0.18016819058422295,0.1724776803455163,0.17303787233042117,Java
6,0.35231360472889295,0.08270766267746228,0.10316781840120874,0.1223474992431413,0.0990826801145163,0.09383256791832024,0.09439366552923051,Java
7,0.3373717518898686,0.06188484171903877,0.09936821839025772,0.09453153141727642,0.07369888220211145,0.07014661173636574,0.07061530907137496,Java
8,0.3859354330130677,0.10464585023748821,0.17149690020345876,0.13249653678626647,0.11505637141371967,0.1125836346182917,0.11302856299477436,Java
9,0.43330463637159095,0.14781443911684577,0.22573465158548903,0.18196528532418318,0.15812742472014502,0.15638052053862647,0.15679390454416547,Java
10,0.46777133352367667,0.177626069404282,0.2526972683233815,0.21973653163373505,0.19118854604068633,0.19020494126918788,0.19031160123508709,Java
11,0.42677109302029553,0.1341237613983098,0.19761223428398256,0.17255004161040405,0.14838052620744094,0.14757903287325014,0.1478038328765713,Java
12,0.39550740872356827,0.10586167294623187,0.15385458302666957,0.14878397734626084,0.11655786292448925,0.11597195557123767,0.11617861990286915,Java
13,0.3886302281515465,0.09599115621855298,0.1405542930702411,0.14925249390030473,0.10891329830950494,0.10847426034796062,0.10866390185952232,Java
14,0.38585615835429316,0.09275347592517921,0.12679145581744505,0.148120097311331,0.10378264403988577,0.10343694327462463,0.10361863683153101,Java
15,0.4005533938123081,0.10631026333232974,0.136596662483353,0.1626904732902922,0.11956143623202523,0.11924413450414602,0.11945358239371198,Java
16,0.43381677429213017,0.1390151412308815,0.16808428215212565,0.18628190096684966,0.15328730539817917,0.15300894551186753,0.15321637893979,Java
17,0.49365599836090707,0.1942038947637717,0.22717344063461248,0.23693401396486916,0.21136590869693805,0.21102092423463772,0.211319266291083,Java
18,0.5525945759713482,0.2509817541906788,0.2952075840386281,0.3029491105852822,0.2724556563579499,0.2720949520760203,0.2724249835445407,Java
19,0.5647234012516769,0.25836638829756237,0.3207003916159272,0.3160020260473887,0.2817939540866711,0.2811596657068519,0.2817737831399716,Java
20,0.5519458732510073,0.24535478557170892,0.3309493931436898,0.30019228881824406,0.2707167833798924,0.2700103450547949,0.27070351863350856,Java
21,0.5165263142372902,0.21511713146812,0.31555343994840523,0.26970906610394857,0.2358677780688114,0.23530440052530943,0.2358590549533697,Java
22,0.5280356683403932,0.22561197890444643,0.3291358907324754,0.2864133040564067,0.24590281315469922,0.24533803320336559,0.2458970766904799,Java
23,0.5362316450954949,0.23467841276888465,0.31991108117392253,0.29823709385618347,0.2549856194599871,0.25469466855647227,0.2549818470667453,Java
24,0.5133338464932115,0.21494556116435265,0.27856243510989875,0.27425472354590885,0.23028097471077244,0.22993292612650928,0.2302784939229166,Java
25,0.5260310717402656,0.22477834976146582,0.28206013478295877,0.28877525478090804,0.24186205189559443,0.24162729040958186,0.24186042048868875,Java
26,0.5280241149032533,0.2220498164381036,0.27581492056681806,0.2891136945583525,0.24362367949348146,0.24329478841326516,0.24362260665346183,Java
27,0.5412183001822727,0.23720046314651147,0.28260812134306706,0.3012669403393575,0.25683570636924435,0.2566031177391894,0.25683500085199806,Java
28,0.5431524470634546,0.2365175824219179,0.27982307793946704,0.30376852195495196,0.25888783984080244,0.25847512146059937,0.2588873758810547,Java
29,0.52188111646648,0.21726830515569556,0.25708504100518687,0.2837714676773251,0.2388592100006446,0.2384852001249837,0.23885890489308184,Java
30,0.5120015712629296,0.20995080059532686,0.2510011685148401,0.27125891159697396,0.22805642606222748,0.22769607646123716,0.22805622541847484,Java
31,0.5671981161551691,0.2648877448991135,0.3181249923425024,0.32422807785477437,0.28158186457718926,0.2809638691926519,0.28158173263055675,Java
32,0.5804344672745353,0.2762025110326859,0.3486653115381002,0.3330557321388711,0.2963417664587455,0.2960050241508416,0.29634167968846925,Java
33,0.5499009197037422,0.24839035426025835,0.33369727445178216,0.2927412819420995,0.2659815868214974,0.2657655063463357,0.2659815297599363,Java
34,0.5370812484863646,0.2398844141182661,0.33040516989482266,0.27405397680228,0.2533787289419439,0.25309950076901466,0.25337869141732255,Java
35,0.5282755895582196,0.23143316778949163,0.3229976743467433,0.2707663162418466,0.24371907737297321,0.2437864627058454,0.24371905269616487,Java
36,0.5053283531285137,0.20628425340179596,0.28609799968669386,0.25131018984479786,0.22014176234942293,0.22037614500887817,0.22014174612154777,Java
37,0.521169620765238,0.2234170686368641,0.28449948784126095,0.273947033302074,0.23588679119701886,0.2359525761246069,0.23588678052530118,Java
38,0.585069686449236,0.2899063510865684,0.33995347567003803,0.3442562349691703,0.3009131479459189,0.30125391564528453,0.30091314092802174,Java
39,0.6297403113731169,0.3303374900218482,0.3759747464178699,0.380891474842641,0.3448298781005602,0.3451173050686747,0.34482987348547556,Java
40,0.6625881950631686,0.3610396513848895,0.40225268442071366,0.40595768669292936,0.3779305414098551,0.3783471928961262,0.3779305383748995,Java
41,0.6921255718261686,0.39441528541996923,0.4314346988121053,0.4338776013319484,0.4097052510917246,0.41005770867796953,0.4097052490958879,Java
42,0.6947562821975976,0.39179866993215173,0.4396906491636564,0.4318978603789878,0.4121837865873125,0.41255474842266016,0.41218378527481736,Java
43,0.6707724454952328,0.3660810391549725,0.42344833004501337,0.40806194636392046,0.387577612693068,0.387839930115945,0.38757761182994965,Java
44,0.6971166463465556,0.3914158387743943,0.4543988625579566,0.43270539424560045,0.41580870059723746,0.4161589020815335,0.4158087000296366,Java
45,0.7025870045594043,0.39371893754053333,0.46150288060780753,0.44566328890656803,0.4194667445403888,0.4197936152300337,0.41946674416712515,Java
46,0.6990688655530908,0.3940715562767626,0.4643428095982402,0.4441766894303425,0.41722206606186274,0.41762774517760853,0.4172220658163984,Java
47,0.6916790396050709,0.38802591905123984,0.45747712498175236,0.4461466073310949,0.410455071212252,0.41076451493195126,0.41045507105083057,Java
48,0.7156695365973024,0.4096462982718962,0.478828151019482,0.47065123051812624,0.4346655085826849,0.4348555036207142,0.43466550847653157,Java
49,0.7025814881591721,0.39399924979855727,0.45901968569506435,0.4564521909716607,0.4206416927376537,0.4208132830889959,0.42064169266784557,Java
50,0.6447440739855779,0.3355566350501863,0.39207658998998135,0.4045996288360163,0.36334793686025924,0.36327278287081566,0.3633479368143523,Java
51,0.6119213787861429,0.3039163413942579,0.350631169647142,0.3740667397945017,0.3308907659290572,0.33050621010036674,0.330890765898868,Java
52,0.5820166328991762,0.2725614203934602,0.31435442883397513,0.3442354838079287,0.3004852139415908,0.29997313537124226,0.3004852139217379,Java
53,0.5348036169989017,0.22569581365321575,0.26406954647793646,0.29354315518885565,0.2543290559665342,0.2537624025488271,0.25432905595347866,Java
54,0.49065087404113783,0.18663524429122963,0.217708935017454,0.24706880293941588,0.21063770417765065,0.21013098846830608,0.2106377041690651,Java
55,0.48402261235695393,0.1893852127008724,0.22108981873087333,0.23787355030062485,0.2052796840974326,0.20489616860159854,0.20527968409178662,Java
56,0.5062213208302013,0.21519509678983736,0.25163609785935864,0.26433560413335416,0.22674815174534874,0.22646020918376905,0.22674815174163584,Java
57,0.5025599276958358,0.2126294234955793,0.24984067272181468,0.26048766791818073,0.22116240321583971,0.22097304745037274,0.22116240321339806,Java
58,0.5917480217398462,0.29800650700817016,0.3537372993141019,0.3378953693670855,0.3097262042629885,0.30978941672124677,0.3097262042613828,Java
59,0.6559830386528576,0.35883969020658085,0.424565433995335,0.40330335968990916,0.37451202271638334,0.37427332099343263,0.3745120227153274,Java
60,0.6883046889932742,0.3885744535941262,0.4561123596518702,0.4415242730524041,0.40763420540445533,0.4077861226786301,0.4076342054037609,Java
61,0.705466697836311,0.4046796734314167,0.4652761357201122,0.45592962298068,0.4237608665916199,0.4238381386070378,0.42376086659116313,Java
62,0.7002101317875955,0.3999276320625285,0.45385171048187545,0.45403129714722895,0.42137245787844085,0.4212437063707769,0.4213724578781404,Java
63,0.7002880515020836,0.40067451672383275,0.4469028497613566,0.4481563819534072,0.42160552858639194,0.4214161052113186,0.4216055285861943,Java
64,0.6863320331517142,0.38564150864465213,0.42822953420366894,0.4409849877110585,0.4083573125024959,0.4080261928980497,0.4083573125023659,Java
65,0.6555888173632596,0.35296832249267435,0.4004906176182304,0.41313204697277567,0.3769631396431891,0.3763627074480591,0.37696313964310363,Java
66,0.6101698659045312,0.31024409994705465,0.3640823471139377,0.36861585238302746,0.3331265519958601,0.33245400091332195,0.33312655199580393,Java
67,0.6408932463617272,0.33919940326046105,0.39603412042525743,0.39204101263960034,0.36386001655358435,0.3633757988288484,0.3638600165535474,Java
68,0.6664115663068945,0.3650176341555997,0.42828760463375964,0.42431460018296113,0.3897715301120691,0.3895858997372726,0.3897715301120448,Java
69,0.6682727821583476,0.3669540125569611,0.43867509737137117,0.4140023737562935,0.3892858217264627,0.38872106227571296,0.3892858217264467,Java
70,0.702958227313664,0.3981006164977643,0.4738626188721362,0.4394186220574221,0.4230225114545305,0.42274065816112705,0.4230225114545201,Java
71,0.7205553113186529,0.413756449467309,0.49424510913221587,0.4689180040137229,0.44044070714799494,0.44028809237854744,0.44044070714798805,Java
72,0.6784778595044274,0.3732112058122983,0.4557737202844668,0.43337057706609905,0.4007562705544002,0.40067576548540407,0.40075627055439567,Java
73,0.6395140325085694,0.33471388603543334,0.4047119665154286,0.39930324317308835,0.36249618288485813,0.362323788714713,0.36249618288485513,Java
74,0.6260392467193628,0.3231735499716142,0.3828259325335488,0.39160177781656197,0.35065932965770064,0.3504150535776934,0.3506593296576987,Java
75,0.6322767672387442,0.32784402492885484,0.378243076167385,0.3961394150714192,0.35502561073058486,0.35475266235656366,0.35502561073058364,Java
76,0.6490870652413913,0.35258588412293596,0.39254006779366146,0.4118597709624575,0.3737076799097253,0.3730737949819614,0.37370767990972453,Java
77,0.6741672527257013,0.3834293803837414,0.4188215074658779,0.4400088575153678,0.4000158640246988,0.3992089914536697,0.40001586402469824,Java
78,0.7453495205456686,0.4518452031985473,0.4910149704469485,0.5084859679415985,0.4698022902790863,0.4688170617551735,0.469802290279086,Java
79,0.7781824327035405,0.48041979508187377,0.539852339859541,0.5320839731944781,0.5025322861860406,0.5019778932807282,0.5025322861860404,Java
80,0.7566379088987193,0.4561504361483493,0.5393871501538919,0.5060650799279566,0.48009558829187887,0.4799261060255738,0.48009558829187876,Java
81,0.7673123958190816,0.4662523330977622,0.5517370114076692,0.5259905939846804,0.49023282650355987,0.49029184750071925,0.49023282650355976,Java
82,0.7514938720889243,0.44890169538461117,0.5328936491917657,0.5145076208233783,0.4747678351232362,0.47503828758364347,0.4747678351232361,Java
83,0.6823887804513854,0.3842340097907513,0.4635058287133267,0.4499245359859724,0.4074073076773913,0.4076943898690391,0.4074073076773912,Java
84,0.6938793944883576,0.39894389894929516,0.4711071400236909,0.45527589565152393,0.41820019102087713,0.4181635090727995,0.418200191020877,Java
85,0.7343211859589038,0.4385030022311322,0.5055410288102751,0.49852005400044624,0.45899555032805567,0.45920020035461373,0.45899555032805556,Java
86,0.7343963783334799,0.44055185113381423,0.49773704625849563,0.4947582372960855,0.45865056203836196,0.4588665888493552,0.45865056203836185,Java
87,0.7297386547347491,0.4364320158600924,0.4862478999673609,0.49183401211744193,0.4546073836710447,0.45476559820380624,0.4546073836710447,Java
88,0.7223214407369124,0.4315334231076687,0.4712014674681498,0.484853142310219,0.4460722283313731,0.4460626848154812,0.4460722283313731,Java
89,0.7282496522436162,0.4405854635712739,0.4774829494027109,0.49040628001375264,0.4522375403245351,0.4518943867522317,0.4522375403245351,Java
90,0.7545064414686924,0.46364922847777423,0.5068308368842865,0.5141809918607078,0.4769798596206427,0.4763695066499702,0.4769798596206427,Java
91,0.7397988753007503,0.45050439224563377,0.4916982430343441,0.4969023221877503,0.462462542931123,0.4618729373625352,0.462462542931123,Java
92,0.7217728063798413,0.43494912642192907,0.4700300778184315,0.48052783651210784,0.443583415395957,0.4431045858776623,0.443583415395957,Java
93,0.7883395673716824,0.501318943730414,0.5477685390615877,0.5434280189896269,0.5126099985295479,0.5124596252130539,0.5126099985295479,Java
94,0.8431810034105063,0.5583511988549457,0.6079168461899955,0.5884947227555708,0.5663817062371075,0.5663447688258082,0.5663817062371075,Java
95,0.8825691107385973,0.5976665853919183,0.6451909677049574,0.6259722303729045,0.6053138456868103,0.6054282039597398,0.6053138456868103,Java
96,0.9032735668956948,0.6203814723029678,0.6621375158182765,0.6574926119530887,0.6267861728332136,0.6271206512120644,0.6267861728332136,Java
97,0.9278422066920875,0.6467560179722429,0.678835101676803,0.6890354548321024,0.6528388558473923,0.6531489312498442,0.6528388558473923,Java
98,0.9562141910803003,0.6737168390370357,0.7023608028626517,0.7141189067539618,0.681954281264894,0.6821908805444071,0.681954281264894,Java
99,0.9793337849322838,0.6950163113380521,0.7195476806260771,0.731076899377856,0.7045605979255074,0.7048178198779312,0.7045605979255074,Java
100,0.9979242872309796,0.7148600186540679,0.7344561924383063,0.7410717892084271,0.7231725883326221,0.723408199333664,0.7231725883326221,Java
101,1.0294265575499075,0.7404873094010982,0.7644342724533209,0.7678723381553951,0.7561015291979044,0.756302511226346,0.7561015291979044,Java
102,1.0423332005996815,0.7516801903330153,0.7795912705901432,0.777525366573421,0.7691691625356918,0.7693246995923843,0.7691691625356918,Java
103,1.035778875474233,0.7422334946732138,0.7846486881177563,0.7707815912292169,0.7640553611362173,0.764233166313899,0.7640553611362173,Java
104,0.9765540769473053,0.6795923068880128,0.7388536281139396,0.7251530266106389,0.7042133805404704,0.7043974223765586,0.7042133805404704,Java
105,0.879403610099148,0.5849733911563674,0.6538130632862231,0.631551614456123,0.6108252807574205,0.6109712707630421,0.6108252807574205,Java
106,0.7955987258214607,0.5021338156992068,0.5735123074508907,0.55052245250829,0.5260478399554643,0.5260407045372953,0.5260478399554643,Java
107,0.8083304824242634,0.5158778284391399,0.5938457298597404,0.5757101019622997,0.5414000341086601,0.5412790748690167,0.5414000341086601,Java
108,0.8768064567035158,0.5821983505851777,0.6579792361480417,0.6382171725614318,0.6092226057367249,0.6091501879416686,0.6092226057367249,Java
109,0.8758179922398763,0.5811079452512982,0.6505064550848954,0.6440871820333002,0.6087273962064608,0.6087087077974718,0.6087273962064608,Java
110,0.8377245001714746,0.5437788432538858,0.6080928644097464,0.6125298991366223,0.5718438293404078,0.5719780485503201,0.5718438293404078,Java
111,0.8292429924615584,0.5367112386487444,0.5913407674641676,0.6019626612408449,0.5631758085168816,0.5633481726816105,0.5631758085168816,Java
112,0.8125959242430463,0.5222335911038934,0.5699876825665623,0.5819931567543292,0.5473092399280184,0.5474141285154932,0.5473092399280184,Java
113,0.8073120568238401,0.5170535121324722,0.5610336582713612,0.5764469403054335,0.5416876707890989,0.5415878887240968,0.5416876707890989,Java
114,0.8527809455052401,0.5610014090290103,0.6021168222325621,0.6231212459289943,0.5856832103043901,0.5853550354691661,0.5856832103043901,Java
115,0.8838658529981495,0.5914291615427805,0.6482161558333641,0.6438437610322123,0.6178468533606187,0.6177102904190684,0.6178468533606187,Java
116,0.8730746120282761,0.5845750390686502,0.6551965868294783,0.6327673484581654,0.6063501041424929,0.6062997156095159,0.6063501041424929,Java
117,0.9247409422676376,0.6346146186189715,0.7030304922689328,0.6835255249508339,0.657552480551416,0.6575953626822817,0.657552480551416,Java
118,0.9148027603250932,0.622052274571539,0.7022348391740757,0.6714357420744006,0.6457548108474891,0.6458590293013029,0.6457548108474891,Java
119,0.860432235047969,0.570494955860538,0.6706662789698371,0.6214309026594612,0.5927709907860604,0.592733219596424,0.5927709907860604,Java
120,0.8352719817102199,0.5427867837788606,0.6460162418893607,0.6030271941006705,0.5662308316917948,0.5660822083827624,0.5662308316917948,Java
121,0.8431873844588221,0.5529691234370117,0.6445849687181143,0.6127966943464953,0.5766744472216897,0.5765488767108213,0.5766744472216897,Java
122,0.8461794135506379,0.5537478620378475,0.636094492850961,0.6107608659677561,0.5788988146379463,0.5786011966468859,0.5788988146379463,Java
123,0.8309518591126414,0.5392960285089129,0.6105399069315379,0.5968553721428871,0.5648375744295129,0.5646180656711893,0.5648375744295129,Java
124,0.815502380686021,0.5231709295036615,0.5827889306896562,0.5866785797952926,0.5494759592918254,0.5491639051336603,0.5494759592918254,Java
125,0.8005942990902315,0.5128940026729659,0.563194587351963,0.579207762625206,0.5390364720240253,0.5386258900332657,0.5390364720240253,Java
126,0.7692540456955176,0.4847700778933531,0.5291600127500746,0.5489926979343906,0.5082901830415927,0.5077721948130703,0.5082901830415927,Java
127,0.7779467741672066,0.4984218622464519,0.5451166340564294,0.5584660178959752,0.5176310732077284,0.5170464692167878,0.5176310732077284,Java
128,0.8319189915297888,0.5544976060741897,0.6055346475084898,0.6140354568853377,0.5730730802663221,0.572208385404603,0.5730730802663221,Java
129,0.8944149417060139,0.6184694080503395,0.6678841575620692,0.6747887938183212,0.6386226841318422,0.6381469513643544,0.6386226841318422,Java
130,0.9235266581296382,0.6440247685552546,0.7033029221007002,0.698795411142557,0.6645833374298571,0.6644208383596264,0.6645833374298571,Java
131,0.8990451055679928,0.6226334136145937,0.6967403638269523,0.6694711293841689,0.6390145983349305,0.6390773303959592,0.6390145983349305,Java
132,0.9072183283424623,0.638001511241443,0.7101621833422676,0.6844951676727797,0.6516906088735454,0.6517877801173086,0.6516906088735454,Java
133,0.953960112695868,0.6901861231124518,0.749944243002894,0.7383134316468154,0.7034805963420081,0.7037146149535117,0.7034805963420081,Java
134,0.998967732335288,0.7383858177620686,0.788322281204848,0.784019409757186,0.7528515453011579,0.7533063445159274,0.7528515453011579,Java
135,1.0318785946807902,0.7734248291729894,0.816540112287837,0.8191203279460711,0.7896753526916559,0.7901050653178983,0.7896753526916559,Java
136,1.0358715207693736,0.7721950393534213,0.8146632828621275,0.8159253785595907,0.793110852105774,0.7935262399193215,0.793110852105774,Java
137,0.9895444823910603,0.7296830802314586,0.7696772043308576,0.768921499053339,0.7516349802898964,0.7519737648433528,0.7516349802898964,Java
138,0.9385701280003118,0.6849070509795256,0.7276607448576872,0.7192777120474806,0.7059379286431756,0.7062177551781418,0.7059379286431756,Java
139,0.912180807405892,0.6614907096127988,0.7124795851068249,0.6919186561038347,0.6798884054423608,0.6800765033704317,0.6798884054423608,Java
140,0.9389058752384574,0.6937278453286481,0.7510232880987089,0.7275020212362303,0.7151853128531567,0.715144691046286,0.7151853128531567,Java
141,0.9821440945172359,0.7370726443150643,0.7969660113057705,0.7757142762050863,0.7609298711464704,0.7610199583716362,0.7609298711464704,Java
142,0.9492675219806237,0.7005906556391301,0.7799199084479859,0.7551029037935475,0.7265708646695455,0.7266301075108486,0.7265708646695455,Java
143,0.8786128118162467,0.6356137191561746,0.7299163328624939,0.6950582083916124,0.6601590210721946,0.6603574426090496,0.6601590210721946,Java
144,0.8519229645497948,0.6123098110093109,0.7004796395355034,0.6660545600300597,0.6331287089517377,0.6333466276786511,0.6331287089517377,Java
145,0.8531961007311446,0.6192121991686643,0.7016843785358499,0.6760211205620968,0.6393956893579186,0.6396838787123893,0.6393956893579186,Java
146,0.8598691257149603,0.6355824764548882,0.7068752015109002,0.6879442116643719,0.6503962963609884,0.6508381449635908,0.6503962963609884,Java
147,0.9038429708451073,0.6824745855228256,0.7395765930660526,0.7235623094967849,0.6930418390094086,0.6934186637322642,0.6930418390094086,Java
148,0.9286572891459747,0.7121104811829075,0.7610533929759986,0.7490183047921823,0.7242874790656391,0.7247694819880659,0.7242874790656391,Java
149,0.9070161003736219,0.691883121921765,0.7322277118417135,0.7237784512703069,0.704788537476398,0.7052352300474185,0.704788537476398,Java
150,0.8501706811299595,0.6407999935583206,0.6761837138249577,0.6717664485240233,0.6545696347365219,0.6549234681745765,0.6545696347365219,Java
151,0.8311924567510727,0.633417282045183,0.6678535220432305,0.6614364959571899,0.6441233082350942,0.6441963252093766,0.6441233082350942,Java
152,0.8610443418668042,0.6632575434092945,0.7017521423776552,0.6970741945549178,0.6733246223375408,0.6729252014374647,0.6733246223375408,Java
153,0.8843399581388736,0.6797630341383948,0.7343690289757604,0.722308150218624,0.6941053166031247,0.6938416320846948,0.6941053166031247,Java
154,0.8774477128562,0.6716923374097523,0.7461604871872306,0.7111519355204216,0.6886898609440595,0.6883169998914612,0.6886898609440595,Java
155,0.9095612016461186,0.70553335168518,0.7850073868363721,0.7400179709132513,0.7238616066908166,0.7238453757128653,0.7238616066908166,Java
156,0.9450188754361448,0.7434359569262575,0.8183873506840633,0.7840633528658748,0.7628957624215084,0.7629298266804846,0.7628957624215084,Java
157,0.9757401969624262,0.7748440856785711,0.8363237856769838,0.8287987324848648,0.795969037309037,0.7961143319879279,0.795969037309037,Java
158,0.9450945760899098,0.7472589902935509,0.8030476568430914,0.8099778565177217,0.7694789694160221,0.7696974110489119,0.7694789694160221,Java
159,0.8711612198457426,0.6771977568022508,0.7300486987241154,0.7412140764755196,0.6993219210773663,0.6996930323968579,0.6993219210773663,Java
160,0.82642907997824,0.6421326876596294,0.6842831110159919,0.7013210486832351,0.6602037871212589,0.6602983925439103,0.6602037871212589,Java
161,0.7988096008788814,0.62142475129796,0.6525902670736494,0.6777154515826506,0.6341890748602733,0.6341329791086107,0.6341890748602733,Java
162,0.7786650943863711,0.6104378045301201,0.635738105960836,0.6644293896006193,0.6203176289547053,0.6201185370161433,0.6203176289547053,Java
163,0.7336259827880331,0.56713660433923,0.5872811311347238,0.6186742825039421,0.5752295935860163,0.5747439280981462,0.5752295935860163,Java
164,0.6906075060968702,0.5381157700650975,0.557081346031426,0.5857559689663564,0.5436579707490834,0.5432685530069297,0.5436579707490834,Java
165,0.706123230221812,0.5564652277951337,0.5876083250206026,0.6018642149259736,0.5604400468652995,0.5601215751957234,0.5604400468652995,Java
166,0.7538934594805886,0.6015375573736974,0.6509525156460794,0.6373198947187899,0.6059124063181149,0.6055415217681578,0.6059124063181149,Java
167,0.7948167992702106,0.643436174932508,0.6923295945630684,0.6706643559487041,0.6463681770236179,0.6460861601364746,0.6463681770236179,Java
168,0.8545582956773655,0.7062322791224254,0.7508244226479588,0.7418331143395388,0.7099763839201072,0.7096812652559926,0.7099763839201072,Java
169,0.8801417014783254,0.7343217220672328,0.784094869754513,0.7654812259022478,0.7370590542477292,0.736857467370586,0.7370590542477292,Java
170,0.9107276457026156,0.7725418176901079,0.8221165007022581,0.8062435844250172,0.7748922269059205,0.775025404474847,0.7748922269059205,Java
171,0.9480535242002199,0.8160966760029247,0.8580112177979391,0.8460108306947917,0.8180275499493147,0.8182211944348922,0.8180275499493147,Java
172,0.9897939200999679,0.8574820008941285,0.8911679321286597,0.8805526518872479,0.8604576884458247,0.8607171773361876,0.8604576884458247,Java
173,1.0131131885884634,0.8802396038476531,0.9081691121790908,0.8973250632903341,0.8831869951102064,0.883431610862961,0.8831869951102064,Java
174,1.0363432750110249,0.9018916935090955,0.9243602705210975,0.9145907544632375,0.9049855650289402,0.9053450370376721,0.9049855650289402,Java
175,1.069419908571621,0.9376605429641802,0.95628117003297,0.9498525093972765,0.9433820972032125,0.9436365462225051,0.9433820972032125,Java
176,1.0969788293276803,0.9658864174862073,0.9879288886948456,0.9836381199517584,0.9786136624168922,0.9788596525787936,0.9786136624168922,Java
177,1.0535381175536265,0.9205035192955803,0.9612244996650542,0.9445488010453597,0.9381315120560795,0.9383362104397772,0.9381315120560795,Java
178,0.9874288543967115,0.8565993085547516,0.9179143775471281,0.8842725164361316,0.8729242996533354,0.8731885440476379,0.8729242996533354,Java
179,0.9681746446169581,0.8444001349390874,0.9111397603422375,0.8841407799916181,0.8584374849003307,0.8585325596361809,0.8584374849003307,Java
180,0.9400788803626423,0.8187129252240173,0.8935905199268837,0.8711540743895848,0.83556393385004,0.8356414642322834,0.83556393385004,Java
181,0.9151855910882718,0.7952722512669667,0.8684297789417645,0.8506926214122039,0.809930666278716,0.8102088457607961,0.809930666278716,Java
182,0.9198416465704073,0.8032397783754349,0.8732373250087694,0.8583518282007756,0.8193178393731649,0.8197987666388705,0.8193178393731649,Java
183,0.9155383070215546,0.8046339903862344,0.8644043622698732,0.8557688495438599,0.8191693085010314,0.8196565482372192,0.8191693085010314,Java
184,0.9239592512583942,0.8131208000096002,0.8628421103175777,0.8624715455052822,0.8271918795665507,0.8276711153648164,0.8271918795665507,Java
185,0.9203830027121868,0.8162363709476295,0.8556986615582527,0.8572836991522249,0.8285713937830527,0.8289981746990347,0.8285713937830527,Java
186,0.9185388103546203,0.8215402784263814,0.8540256485001236,0.8577663220584101,0.8320732883515366,0.8323971167775176,0.8320732883515366,Java
187,0.9351981886523898,0.8450995312111547,0.875309358554242,0.8800016162961989,0.8532918892636627,0.8534722764914399,0.8532918892636627,Java
188,0.9868712059802635,0.8956332900808532,0.930848243683966,0.9276486014336537,0.9090066742897375,0.9092482609196413,0.9090066742897375,Java
189,0.9582806586969606,0.8590127187714648,0.8989924756290961,0.9043830216797425,0.8778563204224539,0.8781747877125066,0.8778563204224539,Java
190,0.9147215336693267,0.8174664658676639,0.8654209586656099,0.8547440996645923,0.8347009202790963,0.8349777169243473,0.8347009202790963,Java
191,0.9009571662686613,0.8086496933588813,0.8685552433452519,0.845496969243383,0.8253762406151268,0.8253613087149995,0.8253762406151268,Java
192,0.8889786949492314,0.7983131287794134,0.873961855671062,0.8472344841188821,0.8173609288918697,0.8174815011106163,0.8173609288918697,Java
193,0.8511345609019381,0.7651374895669972,0.8447100191513544,0.8120652197533383,0.7831665816961272,0.7833144086879725,0.7831665816961272,Java
194,0.7952381024800066,0.7290689412287419,0.7909660002074498,0.7732115627286159,0.7432364058867893,0.7434659627863857,0.7432364058867893,Java
195,0.7596806887157296,0.6949085837600728,0.7427742647403939,0.7432636682421256,0.7056561073982492,0.7056472117114413,0.7056561073982492,Java
196,0.7488162910033718,0.6888089398634555,0.7258624663047076,0.7394859355555691,0.6965920711208436,0.6963301431475042,0.6965920711208436,Java
197,0.7522572352185408,0.6926848095919024,0.7229740626332459,0.747115349989557,0.7022605105363345,0.7019678461355802,0.7022605105363345,Java
198,0.7746088278671321,0.7158156697740081,0.7447564031415628,0.7722874194034168,0.7271204885761746,0.7265963679841471,0.7271204885761746,Java
199,0.7646284116698254,0.7033291396532302,0.7312420972592274,0.7590788695852984,0.7146154362667774,0.7138660238844152,0.7146154362667774,Java
200,0.7559498317034808,0.7045425895070118,0.7339781561704765,0.7550988386834441,0.7126249972822335,0.7116546159659513,0.7126249972822335,Java
201,0.7659929041957608,0.7108143976987394,0.7571892669427666,0.7615068745502175,0.719761465992043,0.7189159329158178,0.719761465992043,Java
202,0.773953174925164,0.7226679810342544,0.7798836576030979,0.7704686589364654,0.7310280457711076,0.7303475047745629,0.7310280457711076,Java
203,0.7921452496855493,0.744794086841541,0.8133976914306557,0.792489963098351,0.7524379516577441,0.7518849844521519,0.7524379516577441,Java
204,0.8263257276082498,0.7856277927291762,0.8611145210151243,0.8212809908988649,0.7918651719742406,0.7914309442129058,0.7918651719742406,Java
205,0.8918877519081458,0.8582474503600916,0.9286208072278163,0.899317973144736,0.868182375706371,0.8680359831621284,0.868182375706371,Java
206,0.8704380712007936,0.8325483545796352,0.8934957500064094,0.8761831448675391,0.8412829030949673,0.8414688137491062,0.8412829030949673,Java
207,0.8027989602144979,0.7704081121016856,0.81566425836806,0.8161231489870259,0.778408302519645,0.7786682387068927,0.778408302519645,Java
208,0.7708442239664236,0.7363545059190524,0.7704142264146835,0.7849119562367031,0.7454125950881909,0.7455906995945855,0.7454125950881909,Java
209,0.7649676363428732,0.7328886640562712,0.7608355551017297,0.7845946464101315,0.7419820913976365,0.7420694458660315,0.7419820913976365,Java
210,0.7563210063200427,0.7302726955338549,0.756463158515487,0.7838310810803676,0.7412053338265336,0.7411867943584686,0.7412053338265336,Java
211,0.7183599255008126,0.6961714414732214,0.7171841971153553,0.747264678676955,0.7063325147940877,0.7061962326919308,0.7063325147940877,Java
212,0.673928664075228,0.6547227247091832,0.6698125871546406,0.7008785186492129,0.6618450493192598,0.6615453676723166,0.6618450493192598,Java
0,0.6028095609092614,0.6028095609092614,0.6028095609092614,0.6028095609092614,0.5603624318961002,0.6028095609092614,0.6028095609092614,Japan
1,0.49054416994445954,0.5643411414282318,0.5549267102859586,0.5334769889100663,0.5018380544329015,0.5406057423076711,0.5388597554991039,Japan
2,0.5086111253902406,0.6461937007307175,0.6284610774095565,0.5269966230592518,0.5674640062290062,0.6039534918849121,0.5997537365759111,Japan
3,0.49729950283611307,0.6845596542372565,0.6622023004887074,0.48631304965801103,0.5953427347776823,0.625155884354518,0.6235053166107376,Japan
4,0.43874819004174637,0.6753296735121357,0.647324456432765,0.4078765775756512,0.5721175329912436,0.5998495513603951,0.5966804824795955,Japan
5,0.43773794920674963,0.7170492154250542,0.6853356311347312,0.3892163769497309,0.6016891723938631,0.627395060104181,0.6231125806290829,Japan
6,0.421886731697924,0.7387373659498717,0.7081007731444326,0.3680796718160288,0.6136558964968853,0.6360530198226398,0.6323410475057466,Japan
7,0.38740476463644696,0.7127079794263141,0.7009128743165651,0.37550329035464663,0.6027493378300035,0.6214175226752541,0.6190462250661798,Japan
8,0.38370841596032473,0.7314535084652506,0.7164876457237246,0.4019672924832259,0.6184701608915396,0.6348044131417441,0.6326840429983898,Japan
9,0.3790176417547223,0.7533619441581382,0.7242557126101818,0.41374900875014897,0.6309437144088476,0.6452836905653572,0.6433408330499433,Japan
10,0.3649848679772885,0.7619446454527932,0.722742683107124,0.41264229562081134,0.6311944388817758,0.6447023120740868,0.6420070057404339,Japan
11,0.3798902927719882,0.7930511499881518,0.7515404755768877,0.4398025201342541,0.6583287165769329,0.6693140312716503,0.6677592629367457,Japan
12,0.3952869601645068,0.8240235928097784,0.7790400079345703,0.44935631463460857,0.6841622083461979,0.6922391902675682,0.6923873787249931,Japan
13,0.39293798732946006,0.8383797831589088,0.7963039612006324,0.4218454296341957,0.6906870815228259,0.6978876584682194,0.6978609424189992,Japan
14,0.4137965331425357,0.8738266965295285,0.8405168693932994,0.41589904769612585,0.7185983011996951,0.729392849131472,0.7248552269273763,Japan
15,0.4295602663462249,0.8769006342990511,0.8619171862338313,0.4530346185270629,0.7407422465744986,0.7507668722236043,0.7461994362424222,Japan
16,0.3669624644132768,0.8233218526963733,0.7980598187207892,0.36370477959904507,0.683938146574078,0.6920251259584635,0.6886978193539449,Japan
17,0.3180507173691343,0.7855390218273747,0.7499259086939514,0.2922019510792727,0.638934653788593,0.6511370505988334,0.6430859635927152,Japan
18,0.33954711706183477,0.8133532339712317,0.7638618367468677,0.30445997987735546,0.6642977374239347,0.6762933051612073,0.6679184428561855,Japan
19,0.35897665190518235,0.8180968679071544,0.777999874443343,0.321392558961718,0.6861837963442399,0.6942576098885507,0.6893417172043292,Japan
20,0.30439897748606876,0.7718241357708084,0.7262047794376041,0.2793501812789043,0.6344356140438834,0.6389871995728167,0.6371899016668862,Japan
21,0.30364809291339645,0.7806285574999194,0.7294694508492967,0.2975026573519457,0.6356945992094365,0.6390841727101493,0.6380968444354336,Japan
22,0.3231736136067078,0.7940616105316104,0.7479053885702474,0.33389235072477674,0.6565151282247911,0.6585246097379304,0.6586103277521137,Japan
23,0.3167718221133217,0.7967792576879942,0.7468084180533756,0.3281727332975057,0.6505558706423215,0.6536315362791314,0.6523832698652592,Japan
24,0.33487492002604907,0.8184015190439848,0.7700054057248829,0.3697412792014748,0.6692739233099243,0.6745409159152849,0.6708677514281753,Japan
25,0.3069361036584595,0.788918098965139,0.7415790480481836,0.36194735890190904,0.6414134929220208,0.645490020377198,0.6428036040912946,Japan
26,0.2716050066489456,0.751530674823551,0.7124749275174048,0.31135555934092135,0.6059217790814834,0.6091706096199333,0.6071342116147105,Japan
27,0.3020773635055011,0.7794418925205586,0.7389926433640455,0.34754342109036107,0.6371699838006548,0.6413772777842319,0.6382274478942607,Japan
28,0.3827013178233905,0.8671083185184945,0.8181919164305524,0.38987592254234676,0.7173257010175036,0.7242294579619448,0.718248004138395,Japan
29,0.4615799737379241,0.9477831156033514,0.8888076854358713,0.44445265592609035,0.7955669842694411,0.8025695699213371,0.7963714021706725,Japan
30,0.432479370179651,0.9229782946120095,0.852296337211705,0.40718446218563353,0.7652235231050952,0.7713310653281414,0.7659251234197468,Japan
31,0.4089239099950722,0.8806316972781091,0.8280312251179096,0.3793519525089786,0.7408130463870594,0.7441343128894959,0.7414249708615964,Japan
32,0.40126168437249743,0.8609458856929907,0.8172361021041319,0.3845268892530704,0.7326340729569789,0.7342290794309091,0.7331677836106342,Japan
33,0.3895967271077569,0.8567821698257803,0.8032282336496958,0.3919412311925477,0.7196024813207715,0.719596026377586,0.720067975141787,Japan
34,0.36706767381572364,0.8380603099103613,0.7824517351805637,0.39505716045127526,0.6961104553975684,0.6947593927567206,0.6965164515977933,Japan
35,0.3269441210436463,0.8000116412987761,0.7399612154740663,0.37399630967926084,0.6546890457979839,0.6505393244650989,0.655043149133314,Japan
36,0.2830021920611834,0.7630678942384602,0.6904429034330661,0.3504328706047324,0.6093861632129198,0.6053511565638148,0.6096950064287489,Japan
37,0.24818355238802595,0.7224741258954851,0.6517345140923897,0.31121904867966454,0.5729225541301582,0.5716850835288099,0.5731919222000035,Japan
38,0.3239730888952217,0.7873494330543902,0.7269234190903566,0.35710942244756533,0.6470483910411013,0.6481249678455768,0.6472833295255275,Japan
39,0.31065858639831656,0.7806988021215326,0.7290663936085393,0.3297375283502507,0.6327408042347334,0.6385200101037714,0.6329457137902578,Japan
40,0.279633307113214,0.7529507836660471,0.7173888617668484,0.30690372514768444,0.600162421384356,0.6096631641310541,0.6003411401925911,Japan
41,0.28794869820980484,0.7611015868803185,0.7359027497290073,0.2838225648402407,0.6064362691563292,0.6210385098874467,0.6065921448173506,Japan
42,0.3027281773513499,0.7709597267375705,0.744381364589698,0.29458352524568715,0.6180612442424576,0.6315335372941,0.6181971964790397,Japan
43,0.29347482234455885,0.7648977254821416,0.728488588816492,0.2821089911513074,0.606743533147955,0.6228803201919622,0.6068621084951938,Japan
44,0.31005015528415714,0.7591188716646515,0.7389366986566985,0.33109610776042775,0.6203734489260315,0.6372070691330048,0.6204768684307507,Japan
45,0.3485996930843551,0.8012941137461986,0.7752881511846621,0.3761745846344919,0.6565830252182909,0.6730261609672468,0.656673226041695,Japan
46,0.3891260770677832,0.8414615995272676,0.8108733310189176,0.42008291161621153,0.6943815810749936,0.7082215583240239,0.6944602527778302,Japan
47,0.39301235462412915,0.8455647629951126,0.8082976888631797,0.4231112905841837,0.6922249498663744,0.7028595279387754,0.6922935660562677,Japan
48,0.384660226259944,0.8267297608826295,0.7931649245367949,0.42824042143168567,0.6763124557981655,0.6835704935157247,0.6763723017319091,Japan
49,0.36669521960702356,0.8089700171489305,0.7775186432691097,0.3999268029532065,0.6535852907025377,0.6571601673936086,0.6536374873603705,Japan
50,0.3592649188724275,0.7984389396097318,0.7680331578029858,0.34356358773295786,0.6387957387596712,0.6392196732555102,0.6388412638424712,Japan
51,0.32401464480935,0.7599297150687275,0.7142162576233261,0.28511828407121637,0.5968978607120692,0.5962133625133352,0.5969375669547672,Japan
52,0.27925552395728426,0.7066921063167582,0.6597045750559508,0.21210353804440682,0.5470277583732046,0.5467309342595363,0.5470623895174493,Japan
53,0.2739660469075975,0.6992034339000426,0.6545694742033559,0.1730608984153549,0.5349907275554207,0.5378628756208248,0.5350209322806782,Japan
54,0.2671460829446478,0.6857430933799448,0.6482298667613402,0.14608701843727717,0.520682769339125,0.5193984836708319,0.5207091134131594,Japan
55,0.3002514121185196,0.7085828223323443,0.673341879990232,0.17065981408129982,0.5479441421929275,0.5446590895390206,0.5479671190692543,Japan
56,0.2853101579303498,0.681555711866372,0.6512633278660027,0.16320539861703126,0.5274479159555496,0.5231038127215915,0.5274679560163635,Japan
57,0.2496556784114181,0.6291324360078918,0.6194503051541804,0.1443307334986939,0.4931310425219074,0.48876395695944963,0.4931485211396148,Japan
58,0.22721472621577804,0.5866714532152567,0.5979536238191252,0.14394477401626404,0.4677350200520797,0.46219186496798836,0.467750264620437,Japan
59,0.22170687667333566,0.5918151184941565,0.5922839325798892,0.14558578917163154,0.4619396440727301,0.4592680365584041,0.46195294013928934,Japan
60,0.25818370998823276,0.6345745321350809,0.6269532714561168,0.1866607531813218,0.49931062055739667,0.49738143390431117,0.49932221717212555,Japan
61,0.2906588701949784,0.6765186117715919,0.661647926345349,0.20088720164832505,0.5337105570993219,0.5354494855881042,0.533720671479584,Japan
62,0.3239621093161764,0.7193975971004861,0.697294452245149,0.23245700162297803,0.5723562961696592,0.5803212518440917,0.5723651177689344,Japan
63,0.2836889975588228,0.6789817313909395,0.6546817469825288,0.16686535860905805,0.5346819723097482,0.5388642781349247,0.5346896663663048,Japan
64,0.27609902073540576,0.6742307465988038,0.6551973665901739,0.1754740915884463,0.5298165839961788,0.5359381138234367,0.5298232946281684,Japan
65,0.2658332980900373,0.6541966200730452,0.6539747111516518,0.15142802031532793,0.5212402520361075,0.5270778978026407,0.5212461049410567,Japan
66,0.240254580168941,0.6432902472155492,0.625926779421249,0.15019873658856603,0.5014856859515138,0.5077941834860251,0.5014907907607773,Japan
67,0.22703213116353416,0.6424853188569364,0.6141613320178574,0.14929740239991401,0.4942589034798709,0.5046185041506333,0.49426335581214753,Japan
68,0.2940138403089021,0.7091424054891085,0.6855747032063153,0.2238714499874831,0.5639511142437492,0.576948901418163,0.5639549974961251,Japan
69,0.30534857881730826,0.7248811287903469,0.6963806594415106,0.23920486195594734,0.57284124835781,0.5852628155191972,0.5728446352678782,Japan
70,0.29008800733680934,0.7061698109129323,0.6815803825041727,0.2280828186130147,0.5533876780066445,0.5662681793958437,0.5533906320149601,Japan
71,0.3383062145331399,0.736511480990371,0.7287007923191297,0.2729735148022604,0.596574916332745,0.6081037702088286,0.5965774927711367,Japan
72,0.3348802679349348,0.7238344956740985,0.7155750018576139,0.30124505026700865,0.5855552664084802,0.6009213013797559,0.5855575135364761,Japan
73,0.2936004563229651,0.6805945838573833,0.6651890229994282,0.2846783901262769,0.5351335272796498,0.5500388144175745,0.5351354871884317,Japan
74,0.21833425366232123,0.599443931434779,0.5738776274219549,0.17623651947734278,0.4475431904002448,0.4579970453134047,0.4475448998010624,Japan
75,0.23015408007017732,0.5988095828665609,0.566005306764475,0.18498315449760472,0.4476981705138647,0.45794969128144647,0.4476996614256776,Japan
76,0.21975185051467375,0.5810262775996535,0.5509422728274276,0.14699303410583225,0.4241452605945283,0.4377739781899338,0.4241465609437565,Japan
77,0.1651313575359836,0.5200078551994519,0.48640430523848527,0.10580014724459805,0.3562230858385205,0.37211714752102887,0.35622421998213705,Japan
78,0.22305649913937328,0.5659452485544239,0.5265012946727846,0.1266424659845668,0.40140179612145294,0.41633326609475957,0.40140278530321655,Japan
79,0.27165984858612724,0.6033002204556943,0.5663101132832897,0.16009872710100306,0.43614010801302666,0.4511964533982513,0.436140970761401,Japan
80,0.2993634603256968,0.6032343270056091,0.5813549619263867,0.19629409195219816,0.4526667929722466,0.4682896341864185,0.4526675454474588,Japan
81,0.32747459648120264,0.6103579967601713,0.5941487614506891,0.22265709111518917,0.4717165453763539,0.48482327047659224,0.4717172016730932,Japan
82,0.3350382820998931,0.5965743877141866,0.5909543878225403,0.22381772503402614,0.4718350059226792,0.48043018326685427,0.47183557833410633,Japan
83,0.2912244431949953,0.5553216581221323,0.5451375394354461,0.18510983775274625,0.42427536764745855,0.42943386551301044,0.42427586689546976,Japan
84,0.25239113367365834,0.5177472246541535,0.5076338204425661,0.15010488241811604,0.3814880808981784,0.3888868236647217,0.38148851633423875,Japan
85,0.24902592401220064,0.5146210663062278,0.5068691260674324,0.14752466882335225,0.37581919518254225,0.38805560401483374,0.37581957496284857,Japan
86,0.27012267311573757,0.5434988999079613,0.5324056193590633,0.17476272265205983,0.3958226504712404,0.41037856632781883,0.39582298170949604,Japan
87,0.3090419118679108,0.5872025092855566,0.5668351129933917,0.17955055971958156,0.4342463036333428,0.4471550255163097,0.43424659253400505,Japan
88,0.22129439976779058,0.5021074431780551,0.4796401287624172,0.07109658529789117,0.3465245174131295,0.35705421386709624,0.3465247693876259,Japan
89,0.229432044800319,0.5113591129501278,0.4772385225825708,0.06188522130820023,0.3535396810540684,0.3627235124108544,0.3535399008221587,Japan
90,0.33557060175818376,0.6247404671517012,0.5838478054468608,0.1530962353278863,0.46282093657305706,0.4722858247836488,0.46282112825123956,Japan
91,0.3472027573435926,0.6452729219095731,0.5951403124978603,0.16067228444769183,0.47811003840909183,0.48473637339733294,0.47811020558771,Japan
92,0.3542713100637695,0.658671956103686,0.6082521834518826,0.17175981760581363,0.4888260882820097,0.49355161757890165,0.48882623409250314,Japan
93,0.3796201204107817,0.6842524761024977,0.6380641983679742,0.21262389795680658,0.521477895515756,0.5261888593092955,0.5214780226893159,Japan
94,0.3945284734711752,0.6996854204556362,0.6511266252223066,0.2353445812727602,0.5393210473643475,0.5407645270045456,0.5393211582830746,Japan
95,0.3987329549630244,0.7122228713072855,0.6478256637410016,0.242202772400666,0.5465431806436268,0.5463029939654307,0.5465432773851511,Japan
96,0.38374712006124384,0.6886326162120675,0.626632769695648,0.22797443393015915,0.5305255518581209,0.5261569364758751,0.5305256362345174,Japan
97,0.3651924580052492,0.6750077905290337,0.6142254703843392,0.20924328973129747,0.5154216683622149,0.5103389165976286,0.5154217419539466,Japan
98,0.33914088569484996,0.6415220526558345,0.5924727828594877,0.20937274298255365,0.4921508256178793,0.4853592108066341,0.4921508898034003,Japan
99,0.27497780693916946,0.5755202664566724,0.5305665952266108,0.17291578211099728,0.4315579734132813,0.4251457060436785,0.4315580293948571,Japan
100,0.24968363944117283,0.53700014351664,0.5148377771512549,0.1717770031280814,0.4114385542698164,0.4114160745615668,0.4114386030960436,Japan
101,0.2774245326390849,0.5615446609446304,0.5574555385824035,0.19991512853879556,0.4402580222241589,0.44275971797599145,0.44025806480960644,Japan
102,0.2572386558018158,0.5465745804614399,0.5435767207786906,0.1996548492057271,0.4216998123406722,0.42427774193623446,0.4216998494830125,Japan
103,0.21579015051782818,0.5168809397797707,0.49540018964540183,0.1711425153276353,0.38189991573013404,0.38423728247960776,0.38189994812508393,Japan
104,0.21105341884925163,0.5082042463686672,0.4857247101763421,0.16079280883962108,0.3799749768539911,0.3805065568087145,0.37997500510834376,Japan
105,0.1577841789854747,0.4475256545111684,0.4276192870977046,0.09554963543623737,0.32343354185231393,0.3226802409240638,0.3234335664953044,Japan
106,0.14699640376823905,0.4326338298419914,0.41918025532841646,0.0835497978531003,0.31231063282645594,0.31063243748129477,0.31231065431967464,Japan
107,0.13375512000793646,0.41185273151344315,0.40327069907023405,0.05398035520953248,0.2944263582273607,0.29469910890038425,0.2944263769733993,Japan
108,0.2005800225380171,0.4787291043393547,0.46485503753876184,0.11273875171618525,0.3542249294284017,0.35637886417726855,0.35422494577839414,Japan
109,0.23670849172412223,0.5197938554431729,0.4867276377587384,0.13942628871619184,0.38605701633733513,0.3873597679381946,0.3860570305975347,Japan
110,0.2119580838671571,0.4951307379531642,0.4577766737415007,0.11623459077610354,0.35618547027101544,0.356644827827483,0.3561854827085314,Japan
111,0.17989895802565475,0.4576898301742162,0.43457421902833504,0.10003645095059688,0.31759891594967044,0.3180959683494839,0.3175989267974712,Japan
112,0.20882819154586363,0.486924533041347,0.463248971635461,0.10219657242381042,0.3403770640303314,0.34164273547705826,0.34037707349160823,Japan
113,0.1793493103121741,0.45510637794298986,0.41989002016238874,0.06469301062732591,0.30530432150256354,0.30588883827460456,0.30530432975453653,Japan
114,0.15319408538215004,0.42935228128550784,0.3870019632987822,0.011718650308419287,0.2722093666453053,0.26928901264122374,0.272209373842543,Japan
115,0.15482945417954372,0.4094442542037814,0.37880302217502837,0.007006979448385575,0.2682499826041519,0.26407675600920594,0.26824998888146656,Japan
116,0.1270418749749055,0.38233029274756813,0.3435050657415633,-0.030612271954233383,0.23615520978621496,0.23090708658891387,0.23615521526118752,Japan
117,0.10999327194564851,0.3652451717016863,0.31956661773185663,-0.04843745908343372,0.2153499419814354,0.2135779295946064,0.21534994675661812,Japan
118,0.1153524020833463,0.37297678150132274,0.3229207600752793,-0.04135132298114336,0.21983689980030754,0.22109669517740052,0.21983690396514488,Japan
119,0.13099468007871973,0.3810378526185752,0.3364136073266818,-0.022599711543314305,0.2342605155355918,0.23592961213328312,0.2342605191680957,Japan
120,0.13345103655717439,0.3926910659953482,0.33929162782069217,-0.02249930963978275,0.24046263462686907,0.24016780908307206,0.24046263779508037,Japan
121,0.07210685558911589,0.34214164025693145,0.2863567653220455,-0.06384432144029834,0.1846752855520171,0.18268139469228212,0.18467528831527988,Japan
122,0.045206355932953024,0.32532035327425307,0.2673434191013626,-0.08297889886709786,0.163995267923712,0.15860066222571378,0.16399527033378525,Japan
123,0.0015970497221568514,0.29663234424144136,0.23770371832123038,-0.09956125440706848,0.13199392885430328,0.12436617018074433,0.13199393095633027,Japan
124,-0.06838482340061483,0.2378552490118743,0.18821692454692063,-0.1339190384680157,0.0725943050202214,0.06408924044558194,0.07259430685357543,Japan
125,-0.043179090312268076,0.26790494448395696,0.2217165163900629,-0.08188039717341211,0.10817462428886354,0.10353573862935778,0.10817462588788532,Japan
126,0.017462694412923252,0.32445611866156177,0.29746351678222893,0.013773855493018461,0.18450548640879758,0.18323674724118175,0.18450548780343856,Japan
127,0.0491941265811231,0.3791193767883981,0.33536668316843354,0.06331517466984893,0.23060763020018143,0.23099062640612716,0.23060763141656482,Japan
128,0.07533039416942966,0.4259727338206948,0.3718348695098113,0.08196658093834641,0.27156763878132495,0.27135277586423023,0.27156763984223486,Japan
129,0.06240700911611391,0.4201960668518903,0.367546123781403,0.06988994294812739,0.26905445945401385,0.2654803479250979,0.26905446037932235,Japan
130,0.05143626032213783,0.4219976086742151,0.36483604285428595,0.061850487673975496,0.26785027558519,0.26386864345327726,0.26785027639222914,Japan
131,0.05432699191125079,0.43614610320174,0.3714539070844365,0.06206584128421333,0.27696940934638303,0.27318678944837416,0.2769694100502696,Japan
132,0.08519392408785048,0.464987653815129,0.4039838507849663,0.08933858300437736,0.30891796086782597,0.30596161590300053,0.30891796148174444,Japan
133,0.07896064068299039,0.46087735070031033,0.3949781394987901,0.06418799994394808,0.3020251616796943,0.29887665288935694,0.3020251622151441,Japan
134,0.09826434853897137,0.48235139694130874,0.414289674929026,0.0518574800468487,0.3191507637858373,0.32029777249213987,0.319150764252848,Japan
135,0.12882516887306508,0.5068646296886444,0.45701383302821036,0.07521565796929713,0.3464379725205908,0.350904771195633,0.34643797292791,Japan
136,0.15517579392783887,0.5271002164118526,0.4919573290915742,0.09583947997474687,0.3692464549028046,0.3756964680642639,0.3692464552580619,Japan
137,0.20810346842753114,0.5690503941994848,0.5448415611514512,0.1615957458576015,0.4149630209935451,0.42198223415897324,0.4149630213033948,Japan
138,0.2862112837049291,0.6428662648263439,0.603461936824208,0.23963448255865433,0.48380463423225434,0.49544486396497905,0.4838046345025003,Japan
139,0.3663455228001621,0.7033582115310788,0.6668199375104038,0.315266208069526,0.5553990737783898,0.569088243605563,0.555399074014094,Japan
140,0.3430046791773683,0.6746582133123478,0.6333464340007537,0.29852266745496653,0.5202592622353428,0.5372224957412085,0.5202592624409201,Japan
141,0.3729407981031244,0.703402459218323,0.6574626152727554,0.31296207757336797,0.5419653660705056,0.5595409698450039,0.5419653662498068,Japan
142,0.38350475586849514,0.7156242934300574,0.6639432815374817,0.3165466991763052,0.5483280270915682,0.566502761763062,0.5483280272479519,Japan
143,0.43679958822095283,0.7676067421018078,0.7078563540129023,0.3689143095534569,0.5968136371200816,0.6149183302958295,0.596813637256477,Japan
144,0.44218703880922267,0.7750356553082789,0.7076399221609542,0.36830804391560323,0.601441318858255,0.6188834813436764,0.6014413189772169,Japan
145,0.436222989592528,0.7694284619926467,0.6971754903497163,0.3426175175073043,0.5932117247843615,0.6099181916464556,0.593211724888118,Japan
146,0.4538865841435919,0.7864355723021432,0.7200871170585311,0.33194155900953426,0.6095862991175733,0.6251387815210661,0.6095862992080683,Japan
147,0.394301491000875,0.7273689903282431,0.6753210669132015,0.28976829064799453,0.5534566196943076,0.5678346031043976,0.5534566197732358,Japan
148,0.3924116990590223,0.726007595271388,0.6708487660518401,0.3014180159591274,0.5525197294873727,0.5696505128368989,0.5525197295562126,Japan
149,0.34151214853501294,0.6797164036676338,0.6099342960618791,0.21953445700147092,0.5047411226600036,0.5187393828386027,0.5047411227200447,Japan
150,0.2833656069759862,0.6229845323302136,0.549249573962544,0.1814199953284576,0.4504615369275963,0.4690738321941108,0.4504615369799631,Japan
151,0.2597954009938498,0.6040312196581024,0.5314011084075407,0.153777430751168,0.4293480921552363,0.44407321216628914,0.4293480922009098,Japan
152,0.29057782197500187,0.6364516149129492,0.569328966574842,0.1870216291678724,0.4654790340743035,0.48057057532054737,0.4654790341141392,Japan
153,0.29716403432406796,0.6401661094393656,0.5791078080896215,0.21105988161741307,0.4785620106325846,0.48908364964992157,0.4785620106673286,Japan
154,0.3071222805134393,0.6492375028827798,0.5947664406610542,0.22826969731814317,0.4955605326505899,0.5034683364340324,0.4955605326808931,Japan
155,0.29527215735175166,0.6457092200636043,0.5949853983914992,0.2306955131964492,0.4905377759293741,0.49907460583154034,0.49053777595580406,Japan
156,0.3080700143245875,0.6538817953050728,0.6168297888574779,0.243662312855349,0.5096338274828016,0.5161179333925564,0.5096338275058534,Japan
157,0.29056312421639163,0.631545278932028,0.6060646296241232,0.2394131826763405,0.4976201210701893,0.5019198397111511,0.49762012109029474,Japan
158,0.24439246761149636,0.5817347597665536,0.5649969979867072,0.20537818992013002,0.45681299019983024,0.4592075215087347,0.4568129902173659,Japan
159,0.233709167842643,0.5671823550773766,0.5565334046202902,0.22957172614540983,0.45218157394612185,0.4573382994078776,0.45218157396141617,Japan
160,0.23434327560185808,0.5835576579273359,0.563354322661487,0.22317446523631995,0.4583230206815145,0.46225189166351766,0.458323020694854,Japan
161,0.21294085423165,0.5789999868973823,0.5577152347428105,0.22755640631180288,0.4442428335044431,0.4476327089464587,0.4442428335160776,Japan
162,0.265929745625644,0.6448353957183617,0.6175463596224281,0.24746042915936378,0.5022441565150477,0.5098276391235732,0.502244156525195,Japan
163,0.17272120653972822,0.5629827078631904,0.5263109739176595,0.1631936862024603,0.41752908813285083,0.4229120455550113,0.4175290881417012,Japan
164,0.18208897798265844,0.5798770899217643,0.5276322491087357,0.16531836558389762,0.43086997041956926,0.43798183898848964,0.4308699704272884,Japan
165,0.24970890804927925,0.6389916347114439,0.5957114883706047,0.2365365162512021,0.5058479085628788,0.510816000026438,0.5058479085696113,Japan
166,0.2326194032923451,0.6112006948427251,0.581718487011119,0.2552375795958236,0.4938020368265991,0.4960837473476883,0.49380203683247115,Japan
167,0.2353274832961419,0.6185459155688586,0.5835019740877712,0.25952507106238454,0.49678738345470314,0.4965059496188156,0.49678738345982465,Japan
168,0.17216383447976677,0.5561503775767244,0.5137098745612915,0.20263970521834038,0.4279119828518594,0.4266142589349004,0.42791198285632626,Japan
169,0.14850355411093802,0.5233761521678948,0.48261367966559715,0.19556598833564046,0.39720915037042576,0.39583985278837996,0.3972091503743217,Japan
170,0.17682043213000997,0.5308789779054547,0.5001941527387066,0.23691709348067302,0.41320106498380454,0.4132172095859342,0.4132010649872025,Japan
171,0.20207209673961946,0.5311311001930848,0.5102902395437708,0.2702873185737492,0.4240393542821795,0.4267705150745422,0.4240393542851431,Japan
172,0.1654896878582255,0.4905771112795068,0.4622222197561456,0.2080406604698833,0.37236701000979006,0.37433681399392404,0.3723670100123749,Japan
173,0.15466423962018272,0.4746734870659961,0.44555102945752806,0.19508568940290688,0.34586154159507654,0.34887207339114296,0.34586154159733096,Japan
174,0.16934979247360826,0.47548247833598006,0.440078566313441,0.19163388103479911,0.34549733093140444,0.34644915542902444,0.3454973309333707,Japan
175,0.1960409420622805,0.48670228357985545,0.4477808493231358,0.15535102660897263,0.35837536814602683,0.3590373475026563,0.3583753681477418,Japan
176,0.1699889143717433,0.4569313930613367,0.4094239891959556,0.09638134773694917,0.3200467828913676,0.31870810687423495,0.32004678289286337,Japan
177,0.17911580761453266,0.4597055518132173,0.40648363393359604,0.07438419082329606,0.3180082930660654,0.31672935161757043,0.31800829306736994,Japan
178,0.16523754531819096,0.43125350520543676,0.3855613353187319,0.0721287631804593,0.29462074762231594,0.29082600895866884,0.29462074762345375,Japan
179,0.12447092480571331,0.38711424328897315,0.3399435835064197,0.03476086391984701,0.24510231613968492,0.2408126440684133,0.2451023161406773,Japan
180,0.09036694042895554,0.352927562508172,0.2980650369107032,-0.003258582444160607,0.20290717580441406,0.19745835206701345,0.2029071758052796,Japan
181,0.09510896779876282,0.356448110054235,0.29465544848622344,-0.002248094641236986,0.20082121131096947,0.19974613434558722,0.20082121131172437,Japan
182,0.11143540410526362,0.36993052590273034,0.30390015676524756,-0.008433154329909709,0.21073441564432402,0.21143461228884694,0.21073441564498244,Japan
183,0.1322834308095459,0.3753769028320191,0.32189734118252067,0.005668970823606012,0.22507298962411804,0.22921927329515088,0.2250729896246923,Japan
184,0.0960123609797805,0.3377316018839232,0.29822022898251216,-0.014403140949418802,0.18358244778977528,0.19039800486516043,0.18358244779027613,Japan
185,0.125643707875177,0.34705433447865963,0.3415399720466834,0.02572740290325498,0.20751653632687,0.21725665115834403,0.20751653632730682,Japan
186,0.1539255167842954,0.37685349834955195,0.3742778823151233,0.016248012516254018,0.2301423369643553,0.24059299121832112,0.23014233696473627,Japan
187,0.1658077886203977,0.3870309253489117,0.3752764758590378,0.042581413182039785,0.23617559437107677,0.24876714010550227,0.23617559437140906,Japan
188,0.13467642509189826,0.3561359801504339,0.32973036849506787,-0.0030024364188153685,0.1994848471920373,0.2091163299401187,0.1994848471923271,Japan
189,0.07076502394472164,0.291243944779876,0.2627707341345386,-0.09391512942920721,0.13164057659337264,0.1382141876183134,0.13164057659362538,Japan
190,0.06018973274980827,0.27701960433046346,0.24236871535914503,-0.11866230309048825,0.11740611629957676,0.12227623342833938,0.11740611629979719,Japan
191,0.06463698201142892,0.28249669045148224,0.2417786929629312,-0.12130164717294362,0.11728799440489313,0.11879898215413262,0.11728799440508536,Japan
192,0.06862222330999024,0.28090083089439133,0.2418304118098884,-0.1242342369833509,0.11706240882266827,0.12016498029359957,0.11706240882283592,Japan
193,0.06498653629936452,0.2533769872217571,0.2327116711371739,-0.11340172476884058,0.10952512272800363,0.1112738784960845,0.10952512272814985,Japan
194,0.06458774566545844,0.23176276598622397,0.22580584213642246,-0.09389803022888599,0.10343358214502452,0.10282395025046998,0.10343358214515203,Japan
195,0.043216189334320365,0.21300897757331552,0.19854049311742827,-0.09446676235739043,0.07847080406419277,0.07645255595026984,0.07847080406430396,Japan
196,0.034613511279017684,0.20965651956047415,0.1909917139911972,-0.09513586051059653,0.06604896888764183,0.06434297096906871,0.06604896888773881,Japan
197,0.03359142171621615,0.18926477348819865,0.1853969823441463,-0.0807721551680205,0.061466888285712284,0.05904238612853008,0.06146688828579688,Japan
198,0.056215953429541,0.21539010075227238,0.20162249907537277,-0.056049140008691545,0.0816734047064227,0.07933749029440529,0.08167340470649653,Japan
199,0.0514064537618068,0.21684790280629748,0.18193513452653312,-0.10800962298250197,0.0752129187492919,0.07256235650866555,0.07521291874935629,Japan
200,-0.012125436747627394,0.15494615380449367,0.10610978343637287,-0.1756641869359291,0.00886716172915658,0.004554224528349915,0.008867161729212744,Japan
201,-0.002189278440965281,0.15617894802337182,0.11321032349542032,-0.15365789530459545,0.0179519977898025,0.016979981784803644,0.01795199778985146,Japan
202,0.02932288516213255,0.18796867389575164,0.14558878013181836,-0.12233907739557476,0.04895063568329561,0.04957151923850178,0.048950635683338295,Japan
203,0.03748243560068781,0.19637674349064518,0.1524095594117133,-0.10750327417153671,0.057807216372336684,0.059487690368366264,0.057807216372373904,Japan
204,0.045005977032069766,0.19897808891282995,0.1619057243951016,-0.08719607673471574,0.06570971252423136,0.06967312361479405,0.06570971252426383,Japan
205,0.06623699683261552,0.21480983060858655,0.18887855463272452,-0.06259488603945301,0.08521039615764936,0.09175048758020721,0.08521039615767767,Japan
206,0.0885748148660325,0.24775501389513926,0.2193757043034484,-0.05907150072540829,0.11016075162433944,0.11865593519538653,0.11016075162436414,Japan
207,0.14327289516404434,0.2943627633455097,0.2766572175709726,-0.009911441350887229,0.1657635420131539,0.175772401039199,0.16576354201317545,Japan
208,0.20003169343998745,0.3630109851113858,0.34435999993190614,0.011759940443132,0.22560125201128278,0.23808692589968472,0.22560125201130155,Japan
209,0.24337352954596436,0.41572197145437234,0.39059351996181435,0.009984363777322591,0.27094151379156467,0.28083468741929285,0.27094151379158105,Japan
210,0.21184788477000321,0.38701381540066465,0.3491712553576161,-0.019013244228546333,0.24047191219194441,0.2486758655280086,0.2404719121919587,Japan
211,0.23469409450129064,0.40274195042344046,0.36250533712474803,0.024573274146499124,0.2653841048319828,0.27729763136092483,0.26538410483199526,Japan
212,0.18592226449618873,0.34240277270353714,0.30772948928432176,0.007827645149773188,0.2191011432398769,0.22936985695924414,0.21910114323988775,Japan
0,0.32483470882438503,0.32483470882438503,0.32483470882438503,0.32483470882438503,0.3415096939903491,0.32483470882438503,0.32483470882438503,Spain
1,0.3728695022312157,0.40681836187922366,0.42465966288157164,0.40671853223946575,0.4183257562877376,0.4011275218834294,0.4073729825078985,Spain
2,0.394900993440904,0.45143429589244666,0.47630327105650194,0.4513996189348791,0.45946969710363395,0.4445302219727517,0.45227549259440347,Spain
3,0.42256408689295194,0.49412211168351283,0.5192786485478541,0.494051963593578,0.49992403916532063,0.48719411190406786,0.4951986080041383,Spain
4,0.505719695240099,0.5878862964355691,0.6124008691379434,0.587630106230033,0.5920597795770091,0.5812859745452463,0.5889559340259933,Spain
5,0.5587639879507571,0.6471497264094347,0.6886346698833338,0.6469445921211012,0.6504262638662306,0.6435361840623338,0.6483875383243798,Spain
6,0.5943591368510922,0.687610945022562,0.7480556116620476,0.6877733534408403,0.6902917927102785,0.6862791440782374,0.6889526790956739,Spain
7,0.699991494533014,0.7960617334814339,0.8466942384241036,0.796219192574243,0.7982742777384861,0.7976596031523457,0.7973946962371962,Spain
8,0.8091985626349201,0.9074151668570594,0.9497368887457606,0.9072815636456777,0.9090703023651341,0.9108254359573655,0.9084925592901822,Spain
9,0.8822939629556219,0.9818466507698582,1.0225768669790185,0.9818977038257692,0.9835020151839995,0.9854182217016415,0.9831225312360479,Spain
10,0.8808005734382947,0.9808278419815124,1.027729190632383,0.9807784219899597,0.9824389558639562,0.9855034470025595,0.982189696161856,Spain
11,0.8161921744232377,0.9164152447672305,0.9798488392954428,0.9161608599291133,0.9177843130634178,0.9229407345140207,0.9176205896716207,Spain
12,0.759646562685681,0.8604719816304648,0.9328570297440772,0.8604090913678073,0.8618352550407589,0.8694031483522084,0.8617277151985956,Spain
13,0.6929293997709101,0.7945360851915264,0.859919753165532,0.794625605949203,0.7958644171295146,0.8012124374642484,0.7957937808109925,Spain
14,0.6357922371862081,0.7384796031754165,0.7959926094245033,0.7379696731005174,0.7394115103091315,0.7446515337751846,0.7393651136491218,Spain
15,0.6211136414317082,0.7234628989313323,0.7745148833729105,0.7229816330798059,0.7245349966794892,0.7281643397699633,0.72450452156265,Spain
16,0.6164044497682298,0.7183569951319952,0.7669392849110686,0.7176319856569461,0.7192474748820497,0.7215331676085036,0.7192274576492107,Spain
17,0.6716976283782248,0.7743426477105964,0.8168366359762494,0.7737703305464055,0.7754074442345793,0.7787172706229337,0.7753942961435434,Spain
18,0.769884877582306,0.8720399475221553,0.9076559191139864,0.8714515521355135,0.8730249637950611,0.8787270699400933,0.8730163276214562,Spain
19,0.8102014858527236,0.913287258932199,0.9542765961838553,0.9130054025616795,0.9144066471224795,0.9188701015519812,0.9144009745503676,Spain
20,0.7823756443249676,0.8846437664809679,0.9294932564432464,0.8846596559136142,0.885882630616393,0.8906503741876417,0.8858789046521134,Spain
21,0.7141889212692383,0.8168509984462436,0.8713374771643367,0.816983702023458,0.8178990504949128,0.8230300164611359,0.8178966031377812,Spain
22,0.6656789651003521,0.7691972720488697,0.8353747431384722,0.7696168895170745,0.7703106899922861,0.7714483070070733,0.7703090824736734,Spain
23,0.6091585574093099,0.7117327211844675,0.7814127455297544,0.7122550587554618,0.7129883533268799,0.7107767185294551,0.7129872974466175,Spain
24,0.5985782956252853,0.7019539928725975,0.7781032583393874,0.7023998480814149,0.7032650304551982,0.7035813689024069,0.7032643369122931,Spain
25,0.6386893570431122,0.7432613141727036,0.801898435195748,0.7435195246044111,0.7443119127557187,0.7488800188421013,0.7443114572099734,Spain
26,0.5484060996448701,0.6529178082148228,0.6999736220732046,0.6531376888528582,0.653926109184582,0.6540020147715431,0.653925809964556,Spain
27,0.5601736797820175,0.6642277877636866,0.7040881563033871,0.6643983774910566,0.6653818369944853,0.6614219338067717,0.6653816404552246,Spain
28,0.563515346892449,0.6671259680649944,0.7029289319009033,0.6673629991348359,0.6684442505842745,0.6650200049553597,0.6684441214897032,Spain
29,0.5240841496621231,0.6265799485483877,0.6666189421571709,0.6267244443302703,0.6279162671597094,0.624637778882359,0.627916182365413,Spain
30,0.4944002190238129,0.5974410911509822,0.6389240176680395,0.5974855658796294,0.5988245245879791,0.5941407381239275,0.5988244688918127,Spain
31,0.35568735755156455,0.45961159942518964,0.4964051951513603,0.45971665819846963,0.46102827371330535,0.4553722819045625,0.46102823712991386,Spain
32,0.2577361269205488,0.36096363472697063,0.39900279602411837,0.3611607868717605,0.36240177724768263,0.35576852977024,0.36240175321829926,Spain
33,0.14585026146084465,0.24902514210137136,0.27660193604314465,0.24927923173619193,0.25050890372988877,0.23981625349787578,0.2505088879464624,Spain
34,0.07331244758409093,0.17705874148574877,0.20005997658972813,0.1772716568732781,0.17820477088751663,0.16879139422901457,0.17820476052035308,Spain
35,0.01832759656152691,0.12247859527677883,0.14610577264454425,0.12299605454065866,0.12372799170274291,0.11637083124464899,0.12372798489318981,Spain
36,-0.003630193571454221,0.1009194891364901,0.1280829370130544,0.10126664552157044,0.10222698130892172,0.09613629925913497,0.10222697683614446,Spain
37,0.008128039461232278,0.11338681482576002,0.14336908481850946,0.113565016997902,0.1144740967739295,0.10838106259252867,0.1144740938360368,Spain
38,0.042688519414049164,0.14763508156357597,0.1756252005255138,0.1474865080966899,0.1484680652150651,0.13955069190525188,0.1484680632853438,Spain
39,0.11889299807243722,0.2231925216935514,0.2519198173103377,0.22304000517024428,0.22420413503089773,0.21074778832721963,0.2242041337633823,Spain
40,0.1818695159366584,0.2864160088270954,0.3184031931656692,0.2863532602569804,0.28757012876838695,0.27437749614245077,0.2875701279358339,Spain
41,0.25778659270955423,0.3615532164486943,0.3972129243855208,0.3615679951762352,0.36282460321748167,0.3504880936494662,0.36282460267062877,Spain
42,0.3229099444993171,0.4263594012685525,0.46580534442802557,0.4265263907330046,0.427706053877629,0.4188630850920035,0.4277060535184349,Spain
43,0.2796394141637206,0.3833640283841095,0.426867786735539,0.38343232049960263,0.3847693577640793,0.3730417635536285,0.3847693575281468,Spain
44,0.2588816925231773,0.36226511670563855,0.4135271694031171,0.36227607620341734,0.36371795951629743,0.35422730671612596,0.3637179593613279,Spain
45,0.26486170986735724,0.3688478984305597,0.4365527334077878,0.36881325063621195,0.37033299363473704,0.35924742017865585,0.3703329935329471,Spain
46,0.24822380531592164,0.351710581634023,0.4287255129961076,0.35176382027787256,0.35321953558442964,0.34451779234488245,0.35321953551757,Spain
47,0.2365826434231033,0.3397793030952561,0.4106707483087998,0.33985773693795485,0.3411806793633434,0.32736183690376647,0.3411806793194274,Spain
48,0.167037216865928,0.26995539306815275,0.3315937872929773,0.2702284676437098,0.27124358140057814,0.2553779811991006,0.27124358137173243,Spain
49,0.16241497240122366,0.265639768153069,0.3192989869651287,0.2655283761299978,0.2666216884293424,0.24659414656829237,0.26662168841039546,Spain
50,0.22480022089019563,0.3273861306772995,0.37593593976102946,0.327158632100229,0.32850265626936226,0.3072598202294975,0.3285026562569171,Spain
51,0.28753967036140504,0.39050728455083206,0.430447272293477,0.3899546289612955,0.3914562354367144,0.3733621725200381,0.3914562354285399,Spain
52,0.3633962062396452,0.4664468989243067,0.5042472534882787,0.46604342234559704,0.4676232117641711,0.44938790615333013,0.4676232117588018,Spain
53,0.4690881938530427,0.5714527063779538,0.6074728780367378,0.5710754176361414,0.5726630847278334,0.560223892609329,0.5726630847243067,Spain
54,0.6180968207069513,0.7209152452433679,0.7511326745852671,0.7205597699718532,0.722101654645104,0.7159607412302973,0.7221016546427875,Spain
55,0.6610230075441872,0.7635484870778375,0.7930563765302513,0.7634058381137283,0.7644380946872646,0.7610378682033303,0.764438094685743,Spain
56,0.5751749446501181,0.6776827423361822,0.7103800136268469,0.6780999850360068,0.6788023700099188,0.6791307690527386,0.6788023700089194,Spain
57,0.5006370689892095,0.6034229944614553,0.6380804619419156,0.6040378731815539,0.6046356372478898,0.5932582092223204,0.6046356372472332,Spain
58,0.44803021433842094,0.5516228613069554,0.5886962231623118,0.552166140820626,0.5525636471322621,0.5390912005736952,0.5525636471318309,Spain
59,0.3769914642973264,0.48089799017599055,0.5187651945284177,0.4816635079325274,0.48198306706531097,0.47152772644847707,0.4819830670650277,Spain
60,0.5088755099509564,0.6132826749099536,0.6505084375726337,0.6141650090897453,0.6145015747617892,0.613901437504546,0.6145015747616032,Spain
61,0.6019293118168798,0.7060463229494613,0.7421556124678595,0.7068496813845552,0.7072997254896187,0.7108902075968171,0.7072997254894964,Spain
62,0.6086820911978361,0.7114453285549455,0.7435343661439939,0.7120343326293347,0.7126593892534078,0.7162936020776992,0.7126593892533274,Spain
63,0.5763327556624898,0.6787872274504018,0.7097838001197998,0.6791466092658829,0.6801479552357808,0.680318670542511,0.680147955235728,Spain
64,0.5771286965080825,0.6793082504925092,0.7156052978051977,0.6795893001515335,0.6807464821027288,0.6802261150127618,0.6807464821026942,Spain
65,0.49479952523811765,0.5974313749762924,0.6363742669003176,0.5975618269257444,0.5988849433595207,0.5944843227586327,0.5988849433594979,Spain
66,0.3671503478183661,0.46949249600300696,0.5015507305648964,0.46958436738876796,0.470990744261245,0.46685417320576017,0.47099074426123,Spain
67,0.21385016814627322,0.31634059616335053,0.343404997440941,0.316456123811902,0.317892753415271,0.3062856120246312,0.31789275341526124,Spain
68,0.12229043549155741,0.22456086379117626,0.25348760797621095,0.22488356310649726,0.22609572801919867,0.21671037947167615,0.22609572801919225,Spain
69,0.08271939664601405,0.18571814953530322,0.22411626020245815,0.18565107243082318,0.18694785032621827,0.17660438659128305,0.18694785032621408,Spain
70,0.014757171739716052,0.11847103556958946,0.1550729811497812,0.11808756208957356,0.11934664473862497,0.11111494081659919,0.1193466447386222,Spain
71,0.04274586331915875,0.14667398494742667,0.17581094153349341,0.14665603055069965,0.14773150662370138,0.14134602515070882,0.1477315066236996,Spain
72,0.20481094022520163,0.3080733231970655,0.3305424111175685,0.30781032633944166,0.30924269959468176,0.298003359880045,0.30924269959468054,Spain
73,0.3846340709314269,0.48760997853462884,0.5066255553339517,0.4873263488936017,0.4888254708827514,0.4815337343385825,0.4888254708827506,Spain
74,0.4999617121167216,0.6034672343364673,0.6237327081554048,0.6036239226684832,0.6048034760008826,0.6029581039013452,0.604803476000882,Spain
75,0.4967341395604183,0.6000645175178737,0.6202323396182932,0.6002233165972737,0.6014730712413107,0.6003265453010717,0.6014730712413103,Spain
76,0.47272051770842954,0.575662208333338,0.5982634607614863,0.5757421616255555,0.577041011244527,0.5733772527723331,0.5770410112445268,Spain
77,0.5094785794913805,0.6119656342943387,0.642704754230016,0.612061349376621,0.6134160433002709,0.6077515140694958,0.6134160433002709,Spain
78,0.47338652618987265,0.5759085152775025,0.6100397070119576,0.5758950239568112,0.5773417313246512,0.5721596634146426,0.5773417313246512,Spain
79,0.41169181680414174,0.515154364484731,0.5516343834350561,0.5147945387280333,0.5162812235937586,0.5103567726455387,0.5162812235937586,Spain
80,0.4654266842808805,0.5688748117096241,0.6128636218851243,0.5689020319994764,0.5701554557321565,0.5598293760881223,0.5701554557321565,Spain
81,0.46348462664767776,0.5665781163181688,0.614875622503601,0.566838220147251,0.5679444865422077,0.557458926832092,0.5679444865422077,Spain
82,0.41159370115474314,0.5141278364799231,0.566455661663347,0.5142256391315734,0.5155117727912264,0.508513036210084,0.5155117727912264,Spain
83,0.30287680496157765,0.40633041476875187,0.4594986066192589,0.40617020159634687,0.4076092884891373,0.40070109385395003,0.4076092884891373,Spain
84,0.20975053269131608,0.3129001155882548,0.3639254335501998,0.3128171518795094,0.3142847288717749,0.3079777947525402,0.3142847288717749,Spain
85,0.1656793359415772,0.26856650118456493,0.31121887647642493,0.26810307836469627,0.2697485003489528,0.2551192037259288,0.2697485003489528,Spain
86,0.20320858603199374,0.30599949954958455,0.3502056656263724,0.30543003114949074,0.30716606343331965,0.2902955405541124,0.30716606343331965,Spain
87,0.22022093936883702,0.32325377268501454,0.35988322717578414,0.32276090659609796,0.32451581826633885,0.31077441374788095,0.32451581826633885,Spain
88,0.2539049297992173,0.35719692766363176,0.39221003650178543,0.35673199069941286,0.358430542550371,0.34482922939071814,0.358430542550371,Spain
89,0.25947805288510206,0.3622907514392534,0.4028657102191758,0.3618906250224146,0.36355927439141733,0.3508108368237228,0.36355927439141733,Spain
90,0.18875293343414545,0.29202260859225376,0.3336732835683414,0.2914997471063122,0.2931589607059559,0.2797761504119475,0.2931589607059559,Spain
91,0.2176511054028114,0.32093136465274974,0.36204933135750444,0.3201905955633607,0.32185598693639617,0.3111564384061696,0.32185598693639617,Spain
92,0.4627218053458788,0.5660477251486288,0.5947632200636905,0.5654849740164343,0.5671461498991017,0.5624749099609552,0.5671461498991017,Spain
93,0.6548388653010417,0.7578981207155056,0.7793588699519565,0.7574246556267933,0.7590807911562034,0.7567759998886443,0.7590807911562034,Spain
94,0.7689959810309688,0.8721422025439783,0.8926835878486143,0.8717255912256665,0.8733736320790073,0.8721471990924832,0.8733736320790073,Spain
95,0.7733557200412069,0.8763238837634882,0.9076402025051669,0.8759060718627328,0.8776478014181192,0.8768422329019354,0.8776478014181192,Spain
96,0.7238125824933166,0.8264755070354005,0.8718721163343852,0.8260629441421309,0.8278288728077356,0.8292228408526858,0.8278288728077356,Spain
97,0.7569566161128292,0.8588530282292792,0.9069735322821249,0.8588733384050316,0.8602866023058531,0.8617208754630088,0.8602866023058531,Spain
98,0.7786996608700387,0.8803008725020216,0.919467274670413,0.8806756173997239,0.8816721089250936,0.8843177703550174,0.8816721089250936,Spain
99,0.7174817299561617,0.8192818470238044,0.8566314587379558,0.8196876045407699,0.8205564980025541,0.8237211294728786,0.8205564980025541,Spain
100,0.6783602968104827,0.7800765776588066,0.8240464460870451,0.7805314790890604,0.7813822260529606,0.7862065490125576,0.7813822260529606,Spain
101,0.6624122479193782,0.7638896880814756,0.8171765045875428,0.7643611173310536,0.7652349777633184,0.7738701635866474,0.7652349777633184,Spain
102,0.6592351424391794,0.7607276124265827,0.8255022008724219,0.761055626718321,0.762085970500058,0.7729211870894427,0.762085970500058,Spain
103,0.6530993149607552,0.7547929993208443,0.8232002918299501,0.7550306114501809,0.7562101907774785,0.7646678724529087,0.7562101907774785,Spain
104,0.7303284317740739,0.8318441866555836,0.8898707194318207,0.8319319220570975,0.8332436394083849,0.8414025286835048,0.8332436394083849,Spain
105,0.6985008339966726,0.8004325077159917,0.8627777981720058,0.8004791088100344,0.8018270046864098,0.8086491481780119,0.8018270046864098,Spain
106,0.6642787516107372,0.7656676641575035,0.8287156024359222,0.7655135762875578,0.7670157330419982,0.776574496935987,0.7670157330419982,Spain
107,0.6639828902886578,0.7658156361945414,0.8363507487661288,0.7656621889490842,0.7672150940118125,0.7805873305029167,0.7672150940118125,Spain
108,0.6290426307161663,0.7309339291927175,0.8081840750736473,0.7305614194199919,0.731878607432435,0.7457135544544533,0.731878607432435,Spain
109,0.6131939573727572,0.7150397608267665,0.7844842424364441,0.7150827413758156,0.7159868957265803,0.7286076565227477,0.7159868957265803,Spain
110,0.5740319981647984,0.6763150375393678,0.7362723965062123,0.6765874390338179,0.6774395281108561,0.6878848943024315,0.6774395281108561,Spain
111,0.5566860075452521,0.6587498405646192,0.7097715135611342,0.6591901939211147,0.6600357089235614,0.6685699559101144,0.6600357089235614,Spain
112,0.4873188244666078,0.5894706346997975,0.6328830503615857,0.5899353019612956,0.5908126880622571,0.5965063336467934,0.5908126880622571,Spain
113,0.3677692321289521,0.47078050487430173,0.5041844586711137,0.470853615178305,0.4719568450750846,0.47299649744583727,0.4719568450750846,Spain
114,0.31739480428067723,0.4196804211077642,0.45224124972077734,0.4193864982554828,0.42067688615566756,0.4153477111905756,0.42067688615566756,Spain
115,0.34791991763181107,0.44980373622234704,0.48256529344391513,0.44942667361951116,0.45083955038639745,0.44532432834520663,0.45083955038639745,Spain
116,0.1839064564029619,0.28554180277829777,0.31121050492559676,0.2852211628087796,0.28670382542804407,0.2725336618532226,0.28670382542804407,Spain
117,0.06308080711546171,0.1645379585359744,0.1835141739384614,0.1642777656436135,0.1657978686045905,0.15263990486686277,0.1657978686045905,Spain
118,-0.020467747353763277,0.08083537407402865,0.09523404130608507,0.08061488515472476,0.08215958037704031,0.06966646855524149,0.08215958037704031,Spain
119,-0.09316630433844089,0.006857328404018231,0.018032018157310203,0.00670828292255643,0.008070732805983916,-0.00233388806415602,0.008070732805983916,Spain
120,-0.06147287281791486,0.03885635020047917,0.05203143010850719,0.038842043944051996,0.03990123769734266,0.03306708117357904,0.03990123769734266,Spain
121,0.028741457441757434,0.12883201378126283,0.15090425643032596,0.12897784689217648,0.12987894337162845,0.1242520229435341,0.12987894337162845,Spain
122,0.026177874647331817,0.1251654100402989,0.15418254965161948,0.12470457099083343,0.12606046567092483,0.1177287839772776,0.12606046567092483,Spain
123,0.05065350214207487,0.15004881784538868,0.17987166052314107,0.1493931576705186,0.150971754183723,0.1384364234302281,0.150971754183723,Spain
124,0.09667205160523179,0.19457005923104098,0.22214049458405422,0.19396480494669932,0.19564067766523385,0.185071358085599,0.19564067766523385,Spain
125,0.16842595326726956,0.26358235293302,0.29119972255849913,0.2629391684125925,0.26462879024839864,0.25345901885927224,0.26462879024839864,Spain
126,0.28987432376183886,0.38610453029648467,0.41837332688736345,0.3855869706205123,0.3872673679770776,0.37288486744016425,0.3872673679770776,Spain
127,0.4084051768308976,0.5030187267553594,0.5373785745145075,0.5029140965941008,0.5043248319110472,0.4913705087286977,0.5043248319110472,Spain
128,0.5010805501644742,0.5943158255649993,0.6304602975323164,0.5945789145496134,0.595656565869661,0.590960448256914,0.595656565869661,Spain
129,0.4742426707116867,0.5658259168376972,0.6080029777781547,0.5663742603042765,0.5671844111618353,0.5604316212510723,0.5671844111618353,Spain
130,0.5771360896959976,0.6695280430340219,0.7153170892721179,0.6702443597034446,0.6708836777377251,0.6687543714901683,0.6708836777377251,Spain
131,0.6601464564122482,0.7526454418640818,0.7979099461666825,0.7535983361407458,0.7540474957216392,0.755159898629054,0.7540474957216392,Spain
132,0.7392752883099006,0.8299152264420964,0.873569137772318,0.831049202495136,0.8313978176846851,0.832834304458672,0.8313978176846851,Spain
133,0.7269099462857918,0.8155855746669031,0.8778206622025103,0.8166789609656713,0.8171125606393923,0.8192038717222918,0.8171125606393923,Spain
134,0.6953170203060253,0.782777393082465,0.8511571466474125,0.7835150741849247,0.7838826998503006,0.7872994750825508,0.7838826998503006,Spain
135,0.6624577916280442,0.7485473415929061,0.8062823148389229,0.7492529891002189,0.7495724086869462,0.7540019600051018,0.7495724086869462,Spain
136,0.6450359295668996,0.7312071852451358,0.780015314243902,0.7319982839703507,0.7323250143753772,0.7383905073363963,0.7323250143753772,Spain
137,0.6163043114537057,0.7006160572794774,0.7481638789927507,0.7014581839002122,0.7018286907639669,0.7083217827882633,0.7018286907639669,Spain
138,0.5682992473768056,0.650663520513165,0.7101064225244234,0.6514328345101805,0.6519127789524464,0.6582492964775624,0.6519127789524464,Spain
139,0.5195806673866892,0.6018475719406651,0.6690273896455222,0.6024912696221323,0.6030666620161179,0.6101871863255994,0.6030666620161179,Spain
140,0.441517523325125,0.520551989878159,0.57765436289849,0.5211900440381889,0.5219128625276169,0.525552667894215,0.5219128625276169,Spain
141,0.45477760942024803,0.5328421035045576,0.5851879514324069,0.5332348538246386,0.5342704684529481,0.5315084590892724,0.5342704684529481,Spain
142,0.5973313879009341,0.676179151949372,0.7146309814146616,0.676113560882383,0.6773590447190319,0.6760707751413602,0.6773590447190319,Spain
143,0.6546672906441584,0.7319340266794244,0.7681702199686098,0.7317671811816394,0.7331669206374638,0.7334696659264253,0.7331669206374638,Spain
144,0.5925562003339762,0.6698807429655249,0.7147438845985236,0.669874386311469,0.6711797449285106,0.6749538723519604,0.6711797449285106,Spain
145,0.5256292781370564,0.60149983600485,0.6503818691999268,0.6010492596273697,0.6024549119745881,0.6095508245624489,0.6024549119745881,Spain
146,0.467905232299068,0.542070433865826,0.5886822448018167,0.5415146252084163,0.5431740684363905,0.5494479748250003,0.5431740684363905,Spain
147,0.5039114949806254,0.5783657870136458,0.6195759668321952,0.5779243233025444,0.5796612084277174,0.5851438788610418,0.5796612084277174,Spain
148,0.5339776332337027,0.6060447606740846,0.6417641300874268,0.6057354405231372,0.6074121817470185,0.6140294407623514,0.6074121817470185,Spain
149,0.5399329688172505,0.6111859614786705,0.6474691898555873,0.6109742108270555,0.6125985487146526,0.6184460942231726,0.6125985487146526,Spain
150,0.5393984849019877,0.6079039591111612,0.6498579430523884,0.6077931067399549,0.6093038133572785,0.616153899178379,0.6093038133572785,Spain
151,0.5350654154842783,0.6009409088047208,0.6456375073920275,0.6008721909390262,0.6020301226789383,0.6068751311240546,0.6020301226789383,Spain
152,0.5657215852657286,0.6320141949471852,0.6657173511012124,0.6320649705923631,0.6330099421106911,0.6373890278117336,0.6330099421106911,Spain
153,0.5055266959765036,0.5726303699634454,0.6113475276653144,0.5731099476612004,0.5737793594617933,0.5787271866761687,0.5737793594617933,Spain
154,0.4625027822582589,0.5289983434304679,0.5844365728465029,0.5295803703793655,0.5302612579700126,0.527901119435914,0.5302612579700126,Spain
155,0.4444694639881124,0.5101601393557363,0.5714437504972567,0.5105733814695232,0.5115274775686162,0.5128531956759609,0.5115274775686162,Spain
156,0.3908246262484817,0.4552166440592989,0.5149164808106996,0.45546065533517727,0.4564828979442623,0.4636354795305767,0.4564828979442623,Spain
157,0.26482144202647234,0.3283772942865476,0.3857776759398197,0.3287134758971488,0.32956030923337626,0.33178989836043576,0.32956030923337626,Spain
158,0.1730772268516217,0.2351442019839703,0.284430287677305,0.23554092462746495,0.23627254238386594,0.2352685200750284,0.23627254238386594,Spain
159,0.13952061526115944,0.20054263453953405,0.23826335449674968,0.20014507944495744,0.20132620595473064,0.1962344645604243,0.20132620595473064,Spain
160,0.2257051251648066,0.2845864099200649,0.318221378756797,0.2840024378359011,0.28547030936239637,0.2786448070478269,0.28547030936239637,Spain
161,0.27661435923046934,0.3351765203759217,0.3652218117266993,0.3342048342482693,0.3357910467575962,0.32771582702475155,0.3357910467575962,Spain
162,0.34802068276972126,0.40404479183890235,0.4364174678034066,0.40333524316744673,0.40493152032314517,0.39817947023481615,0.40493152032314517,Spain
163,0.42271224220012826,0.47854407045462505,0.5170394178374099,0.478193616867569,0.47963822416626906,0.4724397099326663,0.47963822416626906,Spain
164,0.3979909109487843,0.44886573594124346,0.48939556522711625,0.44861587943194825,0.4500406534616913,0.4405098064084336,0.4500406534616913,Spain
165,0.2491839839118121,0.30006759537367417,0.33045684568314265,0.29994109231004085,0.30103770840621913,0.29144663318050956,0.30103770840621913,Spain
166,0.18256882040682765,0.2347671930547778,0.25722446727917725,0.23465722828374683,0.23542137429146465,0.2237092079331003,0.23542137429146465,Spain
167,0.3491728404008263,0.40182499128895405,0.42576653719015495,0.4018036828581808,0.40230560344605537,0.3855481892260748,0.40230560344605537,Spain
168,0.42326418053962644,0.4739863157384856,0.5109787035582267,0.4743622687061067,0.4747016931261788,0.46368774299120336,0.4747016931261788,Spain
169,0.47295373364068927,0.5230158814213043,0.5696125268199421,0.5236360011679808,0.5240294613623799,0.5224203869822589,0.5240294613623799,Spain
170,0.6105182733110792,0.658270737702747,0.6999270859259809,0.6589263160486605,0.6594770641222719,0.6634192513468211,0.6594770641222719,Spain
171,0.6469844948044483,0.692832897194974,0.7287056707432643,0.6937274941666056,0.6941769392259245,0.6975533658993138,0.6941769392259245,Spain
172,0.563608711751268,0.6090103746746134,0.6382635276968835,0.6099756647993606,0.6103926727566333,0.6138364955518492,0.6103926727566333,Spain
173,0.5067599125451767,0.552479342483226,0.5762781498036109,0.5531059840391805,0.5536514264084473,0.5564010615975645,0.5536514264084473,Spain
174,0.4302789270696894,0.4768473047492747,0.4968980050636466,0.47729815452614244,0.4779928068604101,0.48081124181461743,0.4779928068604101,Spain
175,0.35421723858178245,0.39887462742999186,0.4259274583258301,0.3990437195016867,0.39984025634158527,0.39989871854067566,0.39984025634158527,Spain
176,0.3360847766343777,0.37781371247757756,0.41575207100318007,0.37785950848522376,0.378830993402127,0.37391270020698913,0.378830993402127,Spain
177,0.36224703949303694,0.40268842303902663,0.44535724703979274,0.4027975059163792,0.40385538340707633,0.39348038458341034,0.40385538340707633,Spain
178,0.2631594626289395,0.30324610915958927,0.3516328661387461,0.3033191340571197,0.3043962682695929,0.2909752731572981,0.3043962682695929,Spain
179,0.20663226428791967,0.24484795982782392,0.2900201513359565,0.2450038358681872,0.24612158713279514,0.23538342200804138,0.24612158713279514,Spain
180,0.224072474952573,0.26069839334605127,0.3152511891909064,0.260786798118633,0.26166226259844994,0.2522059409447037,0.26166226259844994,Spain
181,0.13029398820265398,0.1672191411341438,0.22926083265061098,0.1675498756740958,0.1681395299421332,0.15771820119428756,0.1681395299421332,Spain
182,0.05152173054346526,0.08696654411264387,0.1441527655032044,0.08680364583024755,0.08765595879249638,0.07774541707831986,0.08765595879249638,Spain
183,0.06421648852713752,0.09832158432299204,0.16383339051674273,0.09764296296939437,0.09885079950260361,0.08596953683777495,0.09885079950260361,Spain
184,0.10618133573064814,0.14061041579189787,0.19896741021529987,0.1395552257887147,0.1409580247453963,0.12705571410870445,0.1409580247453963,Spain
185,0.18782786978889893,0.22017376828952126,0.2698651763663954,0.21925089464243613,0.2208187755453003,0.20799557053010645,0.2208187755453003,Spain
186,0.21546711669105972,0.24573278816380117,0.28907099148683163,0.24491169365333565,0.24653333002655176,0.23398393618253305,0.24653333002655176,Spain
187,0.14437169764305538,0.1728043394622965,0.20586025004580086,0.17217857226062355,0.17379783818871264,0.16142414741736696,0.17379783818871264,Spain
188,0.06108763309914894,0.0883995949289101,0.11311365247653818,0.08747947939240029,0.08906065001273272,0.07532548868185907,0.08906065001273272,Spain
189,0.024644751942614784,0.05265096637553962,0.08739627138642869,0.05218602411048762,0.05354260382476389,0.041427599938200554,0.05354260382476389,Spain
190,0.07772590215026343,0.1054261440579638,0.15626525011506615,0.10535382827565237,0.10647950027141123,0.09631560868601674,0.10647950027141123,Spain
191,0.16681744036315696,0.1929120023253063,0.24550977403021101,0.19285882481577982,0.19397284492764974,0.17864167363366937,0.19397284492764974,Spain
192,0.23773808765115512,0.2622546823109486,0.31077446011854726,0.2622273995854185,0.2634678764801349,0.24523797176432266,0.2634678764801349,Spain
193,0.45848636259772974,0.4815650431625622,0.5205702190322137,0.4814421944999626,0.4829038914642645,0.47271791317968725,0.4829038914642645,Spain
194,0.5882194513639301,0.6054993622879796,0.6449446247261215,0.6052389266039153,0.6068888503562913,0.6020076411440585,0.6068888503562913,Spain
195,0.6670918162060695,0.685016906005054,0.7218270866265801,0.6852124704686049,0.6864959480227406,0.6856806644455911,0.6864959480227406,Spain
196,0.7144082059334376,0.7316554861303088,0.7656159492973141,0.7322902168175751,0.7331673570344746,0.7365814392529042,0.7331673570344746,Spain
197,0.690680071137463,0.7071622219156888,0.7422860111469893,0.707990496879945,0.7086397134834628,0.7133108526851528,0.7086397134834628,Spain
198,0.6190059168173792,0.63483782262524,0.67763480732235,0.6355747864580854,0.636064550428499,0.6400709104141693,0.636064550428499,Spain
199,0.5819655767121965,0.5990367184004777,0.6485661463161917,0.5994826005519389,0.5999358351337929,0.6033344568737541,0.5999358351337929,Spain
200,0.595852710053089,0.6103481860015747,0.6575063296226626,0.6108995084885562,0.6114148745929848,0.6112116470057785,0.6114148745929848,Spain
201,0.5779616468071338,0.5934028581807536,0.6339557614308278,0.5939226454982154,0.5945731060610107,0.5976859621154182,0.5945731060610107,Spain
202,0.39247242027560597,0.4069167335549231,0.44259343936951123,0.40725809698540155,0.4078937941429052,0.4045217542149571,0.4078937941429052,Spain
203,0.24919939080007442,0.26235959880152293,0.29527906390701003,0.2628563249325574,0.2634632101277221,0.2508274139724116,0.2634632101277221,Spain
204,0.1253729221874493,0.13687117689788186,0.1612828039936931,0.1370183971033282,0.1377488334314542,0.12294657703410852,0.1377488334314542,Spain
205,0.09441894416587393,0.10215588298393335,0.1252925258696217,0.10210072805154552,0.1029237808132869,0.09078504020306011,0.1029237808132869,Spain
206,0.12784825100736893,0.13726708235681062,0.1602359134166922,0.13718649689515044,0.138320742824928,0.12671035474410663,0.138320742824928,Spain
207,0.06504580222236528,0.07271269087831539,0.09377676228304527,0.0722938797463869,0.07380384165289255,0.06069243067744767,0.07380384165289255,Spain
208,0.1022581781650645,0.11018657479529709,0.13290088705806474,0.10976342800050198,0.11139354122282963,0.10092376895739119,0.11139354122282963,Spain
209,0.1895921649675574,0.1966729965622675,0.22290924529654993,0.1963067848269754,0.19784778715587722,0.1845639494574582,0.19784778715587722,Spain
210,0.2671285521734329,0.2713019073757566,0.3043707115468785,0.27111313774382384,0.27255116342858715,0.25902315191480574,0.27255116342858715,Spain
211,0.30843199776217756,0.3114545862729049,0.35480824477345396,0.3114472177924392,0.31274549916425015,0.30333985600090063,0.31274549916425015,Spain
212,0.3209967073819774,0.3241207102471986,0.3767910266974417,0.32411773871071914,0.3253334236893447,0.31284883217248916,0.3253334236893447,Spain
