,+5% population,0.5K temperature,+5% precipitation,+5% EVI,+5% LWE thickness,+5% discharge,Model,Hotspot
0,0.7940762588026111,0.7940762588026111,0.7940762588026111,0.7940762588026111,0.8244089763367021,0.7940762588026111,0.7940762588026111,USHighPlain
1,0.6726791303822565,0.6829133184049963,0.6882262472779724,0.6802017807227856,0.709493125698548,0.6821377143702769,0.6824073968413611,USHighPlain
2,0.5724695944222151,0.5917677022125756,0.5991187386338709,0.5866637081201483,0.6151061730019256,0.5905812331691848,0.5909198564643283,USHighPlain
3,0.5098818214678656,0.5374996234343906,0.5553542379487013,0.5318991435316583,0.5579491674540525,0.5359603987144949,0.536351893452632,USHighPlain
4,0.4580324585380231,0.4933030047315461,0.521994313224562,0.487189702593394,0.5109610740253613,0.4906071387767663,0.49167569654477805,USHighPlain
5,0.48496033076873224,0.5269651716829269,0.5581243972680405,0.5160153589406953,0.5420902585419944,0.523653498676834,0.5248692988716155,USHighPlain
6,0.48224301748842224,0.5298694478108394,0.5612020549332665,0.5138539933183939,0.5432623147036755,0.526450056676546,0.5278847856785163,USHighPlain
7,0.427284658255041,0.48010380351110316,0.5129381791549388,0.4605871523303402,0.49173169276547424,0.4765070199179582,0.47800026295867015,USHighPlain
8,0.37570976126067057,0.433183080645295,0.4668518640663113,0.4122487340128502,0.44333655729158705,0.4294165180426589,0.4310750187680247,USHighPlain
9,0.3616048808982564,0.423636578034184,0.46345050550425726,0.4014820116600595,0.43204774465528173,0.41925226185702025,0.4210987517914573,USHighPlain
10,0.36870557664951065,0.43427154427580605,0.48364601841491917,0.41126067933684674,0.4414322647350284,0.429621924595047,0.4316553150886435,USHighPlain
11,0.38015553079194,0.44896684264459363,0.5145172761349086,0.42235765272817316,0.4549964386254597,0.4439144556692838,0.44626606994435747,USHighPlain
12,0.36625141454348875,0.43802672914890384,0.519916856209125,0.4099105948920514,0.44298731055355556,0.432593790420049,0.4351914907871979,USHighPlain
13,0.39895566234620095,0.473556283665602,0.5565451376596633,0.4453815790114817,0.4774815963255099,0.4679671551500417,0.4705202859788935,USHighPlain
14,0.37520350922392076,0.4520563641753876,0.5279677236086036,0.41983961811349774,0.45535769642453816,0.44632399401721384,0.449141564806022,USHighPlain
15,0.30257419300188204,0.38143031943255057,0.45421696246801235,0.34876084823805964,0.38404185542633484,0.37504723789971406,0.3784911343156897,USHighPlain
16,0.31419656764252557,0.39481075913729846,0.4692426122518478,0.36438501241575083,0.39679414391920576,0.3886007132472493,0.3918376039456335,USHighPlain
17,0.2920884695796525,0.3743500102932801,0.44625467400783714,0.34223484954295225,0.37592402580630474,0.36844028961657843,0.37149806240084654,USHighPlain
18,0.2538882446827331,0.33740554751639795,0.4069396266322609,0.3015187576614917,0.33856681858428694,0.3316250802470062,0.3346146357771469,USHighPlain
19,0.24030695007967307,0.3255501356768442,0.395342514129422,0.28630546269755164,0.3260838212274757,0.3192959569492575,0.32255470281637666,USHighPlain
20,0.2539577437523324,0.34033767275360716,0.407391241482876,0.3012022472097653,0.3403735348099244,0.33349409512427974,0.33722219354679805,USHighPlain
21,0.31376047538196294,0.4014023456100486,0.46545796317055466,0.3620244886186075,0.4008817360984005,0.3944234454145925,0.39806773254288097,USHighPlain
22,0.38931114001027445,0.47802933940774484,0.5407255732930001,0.4417117979511693,0.47723286108970964,0.47091802508376857,0.4747200846718931,USHighPlain
23,0.41505950772914635,0.5044276165983189,0.5714281186602443,0.4669978585458876,0.5033299621057402,0.49781846948950315,0.5010861677389737,USHighPlain
24,0.3349562580399824,0.42546803860486554,0.49391440769915473,0.38612406603341204,0.4239055709533099,0.4186473902702995,0.4219019652506156,USHighPlain
25,0.3439938237830642,0.43533430490840885,0.5019496224500204,0.39122837066688354,0.433648640436086,0.4285723265678252,0.4318595122203599,USHighPlain
26,0.4494655859604333,0.5412795631872771,0.6044404474455218,0.4990268570572969,0.5395707450087663,0.5346326548745299,0.5379731353752928,USHighPlain
27,0.4434264563103565,0.5356068536029839,0.5949711818626423,0.48830472243999673,0.5338615619076688,0.5293138052197257,0.5324349696050417,USHighPlain
28,0.41977565324902466,0.512237710969599,0.5713926678621586,0.46125634520159897,0.5104874477588139,0.506184273335827,0.509213566107581,USHighPlain
29,0.43577487017594874,0.5284375725085055,0.5899561945734558,0.47433191693241095,0.5264791354807429,0.5224927822534944,0.5253416174537918,USHighPlain
30,0.47716786103370623,0.5703026340804691,0.6301388765104314,0.515702720177657,0.5681766844461009,0.5642491694763407,0.5671609328961935,USHighPlain
31,0.4735763998306528,0.5673986617072551,0.6212438258682863,0.5116360787966455,0.5649909363456047,0.5613672311133339,0.5640839166881626,USHighPlain
32,0.46718323478444623,0.5611882258794489,0.6111230906092089,0.508058741478409,0.5586693426486709,0.5552967825742137,0.557859415596075,USHighPlain
33,0.5291050831960278,0.6234873160929761,0.6715819848316018,0.572381171777556,0.6207484809291746,0.617883035957203,0.6200252531301469,USHighPlain
34,0.5320453698173611,0.6265047829671567,0.6776519487891753,0.5776886349508926,0.623841938915453,0.6213018880995016,0.6231961295828594,USHighPlain
35,0.4780947067254052,0.5730046969014038,0.6348826966499482,0.5253189666395182,0.5701290379120056,0.5671335391540213,0.569552359727586,USHighPlain
36,0.3896598513722529,0.4849435924795521,0.5559618936549179,0.44100384547878835,0.48175206281599203,0.47806600297260127,0.48123711558373405,USHighPlain
37,0.3854240661406201,0.4811074985624737,0.5552880280945578,0.43599593531507663,0.4777443261394181,0.47394042008698634,0.47728450182288507,USHighPlain
38,0.4135101020936345,0.5093041790044663,0.5853364784389485,0.46149978721608376,0.5057656677437472,0.5024526847320132,0.5053550656687582,USHighPlain
39,0.4437538842976152,0.5397971953862966,0.6164933034380797,0.4852512561851039,0.5360499230668714,0.5327674702175347,0.5356832742013733,USHighPlain
40,0.431530615580189,0.5277112178891572,0.6008157881150369,0.4685160829759297,0.5237818657787948,0.5203957187060106,0.5234544651182534,USHighPlain
41,0.3663112906907924,0.4621248312253603,0.5358858499400784,0.4013654056310221,0.45839018419704414,0.45484551406772766,0.45809783038769225,USHighPlain
42,0.35039501334027356,0.4462174032991095,0.5232796228558607,0.38567386970963935,0.442489994209708,0.4390794951916901,0.4422289356348681,USHighPlain
43,0.3101426129528252,0.40597831965363973,0.47962977265409545,0.34577651077462157,0.40229282886172735,0.39842786080587045,0.40205971549936503,USHighPlain
44,0.2727515982257893,0.36852099613938893,0.43622874005912005,0.30964689046106475,0.36475658560186774,0.3612505231370149,0.36454842603558957,USHighPlain
45,0.21861198704837992,0.3141529967843717,0.3766142958984312,0.26015438834011695,0.31077086606987825,0.30718048584886504,0.31058498910171994,USHighPlain
46,0.22746773535341624,0.32292502245463717,0.3822769838828295,0.2712518868466056,0.3194951890939479,0.31614769629320794,0.31932920946635046,USHighPlain
47,0.24756699053456988,0.3430637096101311,0.4005699213127212,0.2915578266915181,0.33942958835428394,0.3359268462806517,0.3392813761413864,USHighPlain
48,0.18078240431062265,0.27588631870308394,0.3293055407035772,0.22316708413215292,0.27257365746746204,0.26887543379770945,0.2724413107429276,USHighPlain
49,0.10420558047044515,0.19933225267202892,0.25120279368854714,0.14896999852636017,0.1960099557215218,0.1923786296386253,0.19589177615215592,USHighPlain
50,0.08143603405798605,0.17649141902909338,0.2322855867741873,0.12858805467668022,0.1731137582973945,0.16973195296151222,0.17300822934936333,USHighPlain
51,0.1484574054023411,0.2435956440467637,0.30148406703638253,0.19768800314112367,0.24015451780150232,0.23693533910713604,0.24006028527948242,USHighPlain
52,0.24712736892671416,0.34250467758612424,0.40050033682434627,0.29432524726952525,0.33879023394251506,0.33572206632215207,0.338706088612045,USHighPlain
53,0.2574694276730167,0.3524938385801286,0.414207166566551,0.30136586713188485,0.34895578103989877,0.34606158777146545,0.3488806431099343,USHighPlain
54,0.2058241927753981,0.3010298573429273,0.36266147767364076,0.2496124825495517,0.29733669699453835,0.29422788231960895,0.2972696022610837,USHighPlain
55,0.2505798177014791,0.34558296771807884,0.40238260101773493,0.2941477889559958,0.34185270076323837,0.3388760353120186,0.34179278823624326,USHighPlain
56,0.34255673410969645,0.4374084361389372,0.48971263401534837,0.3866833671007066,0.4337408461651371,0.43079827670427884,0.4336873470198819,USHighPlain
57,0.3894241024937233,0.48419846788854315,0.5363194277110754,0.43852207065620563,0.4807261442821038,0.47819640270431574,0.48067837199329233,USHighPlain
58,0.46333438361635926,0.5581626470831973,0.6101739167241043,0.5159917195800925,0.5547338118126195,0.5527472367398316,0.5546911533445749,USHighPlain
59,0.5262993291492903,0.6210072927876744,0.6755564567183343,0.5797236865472275,0.6178245056055265,0.6161660061291758,0.6177864135454392,USHighPlain
60,0.5793007792697096,0.6740772221288207,0.7311108173956236,0.6350002309232732,0.6710117979000958,0.6695698392699927,0.6709777834333743,USHighPlain
61,0.6309137101411602,0.7256291888273945,0.7832030374087626,0.6904300794528324,0.7225867610215178,0.7216736903158409,0.7225563876590981,USHighPlain
62,0.6240593893712808,0.7184204598197869,0.780607238476103,0.6850432392949215,0.7153744074130043,0.7149162472495489,0.715347285390124,USHighPlain
63,0.5773332057883585,0.6717453962854943,0.7423195335401651,0.6327761223355878,0.6684698873071709,0.668073858813493,0.6684456685817314,USHighPlain
64,0.5259608087933082,0.6200450194668925,0.6966923475517239,0.5751865911367039,0.6169290621252915,0.6168201461177838,0.6169074359116236,USHighPlain
65,0.5039070269072434,0.5980798788768122,0.6857812670348153,0.5493477425935731,0.5949255101252504,0.5950641975547306,0.5949061989059719,USHighPlain
66,0.45997717257205917,0.5537733248872561,0.6439270614394453,0.5035524662601245,0.5508566961992414,0.5513248362047761,0.5508394521640279,USHighPlain
67,0.4565666117882876,0.5503134660307984,0.6365672793367114,0.499936104678423,0.5474232028361117,0.5472567802870023,0.5474078047016824,USHighPlain
68,0.4831582912998411,0.5766850882469963,0.6584833955301613,0.5312442818193108,0.5738670603570049,0.5735699409256294,0.573853310527515,USHighPlain
69,0.48016312294688546,0.5739473564647393,0.6517864035035441,0.5319586042013218,0.570937416401329,0.5704763276840883,0.5709251384327303,USHighPlain
70,0.4775674564873462,0.5717770972187171,0.6520687036232204,0.5301789063221074,0.5684649809399827,0.5677637417271111,0.5684540172758132,USHighPlain
71,0.4967209471792904,0.5910238489753921,0.6750926233806092,0.5482596230301175,0.5876126197987226,0.5865829777888276,0.5876028297482718,USHighPlain
72,0.5585794130969517,0.6525159178700997,0.7399737093553678,0.609724946899064,0.6491568785767172,0.6481703592389976,0.6491481365096172,USHighPlain
73,0.601617270747171,0.6955568353591175,0.7858641141397649,0.6486179678659527,0.6920032518345474,0.6908532810650394,0.6919954455686284,USHighPlain
74,0.6078971533686373,0.7019187912806658,0.7957989768547278,0.6510234069409093,0.6981343619454855,0.6973645100518047,0.6981273913072025,USHighPlain
75,0.5873742858258335,0.6815665654672075,0.7811365633228344,0.6249050764573132,0.6776376607033064,0.676836625889067,0.6776314362422675,USHighPlain
76,0.6139626504111013,0.7080278549363133,0.8072457331052507,0.64677604332091,0.7040161634036934,0.703356966238339,0.7040106052447914,USHighPlain
77,0.6793664640975074,0.7730529796362151,0.8658612804801225,0.7125364670370753,0.7691769726520057,0.768609119482444,0.7691720094704246,USHighPlain
78,0.6946391357461812,0.7884134670125552,0.8743783476087379,0.7274851273804442,0.7844315431479475,0.7841804888391228,0.7844271112538905,USHighPlain
79,0.6305881913658166,0.7245285158272295,0.8053022970535384,0.6629596716666325,0.7203600601501128,0.7205094280845553,0.7203561026715053,USHighPlain
80,0.5562879626288489,0.6504520186220278,0.726584458677238,0.59097041234366,0.6462170260286683,0.6464352744660042,0.6462134921813498,USHighPlain
81,0.49546944993002084,0.5898478492446786,0.6617215406251342,0.5331369983855025,0.5854458753850426,0.5856201701383027,0.5854427198210815,USHighPlain
82,0.45864255877027915,0.5525892528843557,0.6249651322286778,0.49890497904716424,0.5485649380010701,0.5487159737134646,0.5485621202268386,USHighPlain
83,0.4897150031413493,0.5836975048493664,0.6580444632413192,0.5305128159516868,0.5795168764092558,0.5790528814162454,0.5795143602657968,USHighPlain
84,0.47583753502621023,0.569735944205679,0.6418563741106861,0.5181067683936014,0.5656543429734888,0.5654350208642752,0.5656520961725084,USHighPlain
85,0.4771957490675116,0.5710246807073074,0.6374359008934642,0.5161588298360029,0.5668543824709853,0.5665140676037568,0.5668523761805144,USHighPlain
86,0.5381509641813536,0.632063185244415,0.6946205022752778,0.5795721174709483,0.627756371093898,0.6276670091670025,0.627754579568307,USHighPlain
87,0.5493757122613345,0.6429512841495018,0.7156035296365071,0.5929325882749725,0.6388473124084832,0.6389013784810889,0.6388457126581033,USHighPlain
88,0.5530212546866997,0.6466971896037976,0.7271561899034662,0.5975948286044774,0.6425384457607233,0.6426813181862565,0.6425370172568319,USHighPlain
89,0.611168777555605,0.7045392283440892,0.7800016479541652,0.6523751648772582,0.70062565610934,0.7008044871586236,0.7006243805207273,USHighPlain
90,0.6366603011956343,0.7297297966623437,0.8008889329474599,0.6797312256126279,0.7262168907552436,0.7265206025696238,0.7262157517129781,USHighPlain
91,0.6440463870200897,0.7370530516205211,0.807054923196322,0.6887305098150094,0.7335998130088743,0.7340982094696489,0.7335987958962491,USHighPlain
92,0.6729250322239659,0.7657103887199521,0.8356337727087855,0.7216501038632601,0.7625693056257501,0.7632279036548097,0.7625683973907147,USHighPlain
93,0.6948684543290691,0.7873061222339297,0.855366068920242,0.7471193838817478,0.7842870816087575,0.7850604845410791,0.7842862705964282,USHighPlain
94,0.7266048717080027,0.8189581419231367,0.8858667283308366,0.7818984631892385,0.8160643108871217,0.8170292945941018,0.8160635866902202,USHighPlain
95,0.7233794572444552,0.8159934064536463,0.8882925032848011,0.77828925229352,0.8128784112618249,0.8140381259150766,0.8128777645871281,USHighPlain
96,0.6831940795744635,0.7758071503363422,0.8673771424862364,0.7371916892405912,0.7726005091437345,0.7736593403483227,0.7725999316928194,USHighPlain
97,0.6922277979126075,0.7848134223426131,0.888270347254964,0.7453584668836934,0.781457016588182,0.7826486552140233,0.7814565009509367,USHighPlain
98,0.7437303768092756,0.8361487043094049,0.936500728971851,0.7971659451683684,0.8327958182633397,0.8338598970317195,0.8327953578228731,USHighPlain
99,0.6955494666806047,0.7881641234242382,0.8822123687274841,0.7518718455939639,0.7845695408100571,0.7855965736052682,0.7845691296577882,USHighPlain
100,0.6470579431454597,0.739453058941473,0.83439025824523,0.6981525140099156,0.7360299468456597,0.7370450477364605,0.7360295797054963,USHighPlain
101,0.5860780929595903,0.6782477668679172,0.770471097773477,0.6337751697747956,0.674851684600147,0.6759940570795329,0.6748513567607799,USHighPlain
102,0.5312701846875456,0.6231093141781654,0.714730952403156,0.5768005011291075,0.6199579709891498,0.6207866595025888,0.6199576782435956,USHighPlain
103,0.48242041174264183,0.5743312852064332,0.6650497876418645,0.5263356482605389,0.5708722644407355,0.5713258077703306,0.5708720030323503,USHighPlain
104,0.43087448162696274,0.5229525672781326,0.6075725148997999,0.47630964978858126,0.5192916351578931,0.5193849722284087,0.5192914017321659,USHighPlain
105,0.4483507029785532,0.5398584889494766,0.6266070807745336,0.49725951647630096,0.5363972619679462,0.5363832622421953,0.5363970535294527,USHighPlain
106,0.4143068113681916,0.5057564864772683,0.5939842239331059,0.4633549431340378,0.5022795845505024,0.5023093879177685,0.5022793984244649,USHighPlain
107,0.36589882733886503,0.4571494035391791,0.5498282555177687,0.4136645178622754,0.4535201341028131,0.4530867149694102,0.453519967900778,USHighPlain
108,0.3874928857977926,0.47881830538847003,0.5789313750682179,0.43584344378373574,0.47505212062875435,0.47456688847026895,0.4750519722179416,USHighPlain
109,0.3714649782372733,0.4627023686675859,0.5618483603170893,0.42178628267269413,0.458812256937852,0.45839374404730376,0.4588121244137869,USHighPlain
110,0.31410424164412887,0.4050736946779283,0.4978520124010549,0.36414015286678203,0.40118634336544345,0.40090747494678025,0.401186225027517,USHighPlain
111,0.2678272557603274,0.3584845519025821,0.4466206335057319,0.31044509740942305,0.3548087417819512,0.35467016866169054,0.35480863611159763,USHighPlain
112,0.21178553989932047,0.3020736179013582,0.3849720293255523,0.24794867026983447,0.2986662396278865,0.2987046784807894,0.29866614526909585,USHighPlain
113,0.17092437555499584,0.26127388973696863,0.3446542607167191,0.20758896152509565,0.2576822753803405,0.2575748725954592,0.257682191122258,USHighPlain
114,0.2153844940903289,0.30580513085650085,0.3889930768309031,0.25302987701644275,0.3021704070075295,0.3018345355976828,0.3021703317689173,USHighPlain
115,0.30475559899089344,0.3952433988248809,0.4731362047959662,0.342649472458326,0.3914001654852137,0.3911101582888272,0.39140009830057565,USHighPlain
116,0.31795046497071255,0.40855705625248384,0.4808723129176763,0.3572563459854361,0.4045355175744896,0.4043987495029717,0.40453545758168197,USHighPlain
117,0.27857366188772903,0.36887101507194786,0.4356935511752239,0.32023527541571895,0.3651055713103619,0.36463447648684344,0.3651055177395297,USHighPlain
118,0.3023845467901993,0.39259690367382927,0.456182185787251,0.3463408608349361,0.38906014095474317,0.388290507639109,0.38906009311844114,USHighPlain
119,0.3565297275565056,0.4468426780105481,0.5133201099230849,0.4002516995457728,0.4432276711701808,0.44252206081231105,0.443227628454552,USHighPlain
120,0.37321752781211637,0.4631976284179069,0.5383570032060547,0.4183172493243086,0.4599695927173464,0.4586813322161758,0.45996955457424415,USHighPlain
121,0.29994569921513237,0.3894405048823687,0.46426029678338016,0.34908022848725634,0.3864208401000191,0.3849676757008053,0.38642080603997403,USHighPlain
122,0.18885486337727442,0.27817367823889594,0.34635968059712935,0.2337120771891441,0.2753202411593867,0.2738208039036064,0.27532021074532487,USHighPlain
123,0.10116132450007631,0.19012993397724953,0.2524389324153379,0.14763971872101966,0.187447382730061,0.18610845386874864,0.18744735557169534,USHighPlain
124,0.03523155150262247,0.12390358107041377,0.18188929586629377,0.08547876555516176,0.1214308500818636,0.12020361756945885,0.12143082583068576,USHighPlain
125,-0.008787290496829803,0.07940075813312308,0.13328551054530702,0.044439687181099474,0.07687110686663401,0.0756142863961411,0.07687108521144181,USHighPlain
126,-0.05312075369445335,0.03516382926701278,0.08591427441775745,0.0031601887410442897,0.03234154223189267,0.03093360086304109,0.03234152289479686,USHighPlain
127,-0.09345847420195774,-0.0051644919998756755,0.043126933582555926,-0.03555609805308291,-0.008248876416428796,-0.009594557464499998,-0.008248893683570513,USHighPlain
128,-0.08929967311431408,-0.001581908367912055,0.045610685421551445,-0.031822946556850695,-0.0044203782405456415,-0.005683731027724237,-0.0044203936593130155,USHighPlain
129,-0.05258686655450262,0.03467328178340523,0.08136716489244722,0.0025503058405136336,0.031788172863490116,0.030497760401533958,0.03178815909523647,USHighPlain
130,0.02434717574122658,0.11206758576601539,0.15742932083180783,0.07841313114382764,0.10879521328207709,0.10737891669229915,0.10879520098765649,USHighPlain
131,0.04916976828724584,0.13711186622214822,0.18416994283829102,0.10113441440956183,0.13357833477727254,0.13182953442608025,0.13357832379891765,USHighPlain
132,0.05713774648486014,0.1443725073583899,0.2047539742048008,0.10882401281364706,0.14098779196033062,0.13904330665877174,0.1409877821571619,USHighPlain
133,0.07470127036703134,0.16102967818830738,0.23836968958164118,0.12769020835519163,0.157843272063253,0.15581211138938067,0.15784326330947174,USHighPlain
134,0.04526762643751758,0.13115284640389624,0.21157111943807816,0.0988615305058429,0.12767272240160787,0.12537151661798573,0.12767271458488183,USHighPlain
135,0.07245982738286649,0.15775347512223314,0.23404859752688312,0.11988905945493,0.15410224521150662,0.15184596817455898,0.1541022382315278,USHighPlain
136,0.14058071452375276,0.22560769766645028,0.3031968416079869,0.18058803029065684,0.22185606077778286,0.21975275771925418,0.22185605454498103,USHighPlain
137,0.17585676096519975,0.2602699125194068,0.34447302109743916,0.21722596890952728,0.2562810539265876,0.2543020731825616,0.25628104836098076,USHighPlain
138,0.2183813547615594,0.30167217181878403,0.38906188763420757,0.25695415581177206,0.2978363860044442,0.29569686635567627,0.29783638103461185,USHighPlain
139,0.23867750859000325,0.3215149851746315,0.4056572500157436,0.2773037378047607,0.31758099857102917,0.3160235709819641,0.3175809941331962,USHighPlain
140,0.20820853044918386,0.2896228358133166,0.36726566759747226,0.24551526635713805,0.2857822790441087,0.2844677387491381,0.28578227508132703,USHighPlain
141,0.1650688840819643,0.24543776496447967,0.3169684376185591,0.20212966428634926,0.241769199565937,0.2404302933424476,0.24176919602735425,USHighPlain
142,0.14467921861166455,0.22473159610781113,0.29318786895829807,0.18386089143367856,0.2209135633955961,0.21943265514401378,0.22091356023580366,USHighPlain
143,0.10123323642683613,0.18011962597752929,0.24441594400657596,0.13983018225552835,0.17652821552433473,0.17469015561506063,0.17652821270278463,USHighPlain
144,0.03331536338970531,0.11150376126964512,0.17244540896656968,0.07056347675395114,0.10808549701406311,0.10609153520319192,0.10808549449454807,USHighPlain
145,-0.031519525376609514,0.045916974279543665,0.10442282676400438,0.0036715194726181233,0.04225867008280548,0.03982993488691022,0.04225866783299381,USHighPlain
146,0.026426647119538238,0.10293396296148893,0.1576065038041139,0.061715207770329794,0.09921443215024084,0.09651807959417358,0.09921443014126163,USHighPlain
147,0.09741357382585747,0.17363901550885674,0.22980297382976334,0.129844643643793,0.1697355877986031,0.16745976471312662,0.16973558600467675,USHighPlain
148,0.11997624940640761,0.1949276892116003,0.2583100108651073,0.15291011853228098,0.19114976589508492,0.18871713087042097,0.19114976429319097,USHighPlain
149,0.17942527923582574,0.25383869250217694,0.32124038593977033,0.20970923837617983,0.24978255009064632,0.24751074173154963,0.2497825486602283,USHighPlain
150,0.17831537798402164,0.2514127395139658,0.32286833176943486,0.2101198738046275,0.2473158486292163,0.2456430098347544,0.24731584735191847,USHighPlain
151,0.13392205005462876,0.2053631550916981,0.2770539777463701,0.16387189839091798,0.2013969950909169,0.1997902263758653,0.20139699395034838,USHighPlain
152,0.13268689097091269,0.20317916124133673,0.27893952256802335,0.1622123687117889,0.19942754164688847,0.19778090974482643,0.19942754062841295,USHighPlain
153,0.1753330695885602,0.24541945444516644,0.3269158926311071,0.2045313334028851,0.24162733906795753,0.23975398403864068,0.24162733815850546,USHighPlain
154,0.18928594326543458,0.2589169273438101,0.3389631842167047,0.2183380137410882,0.2548676496575377,0.2526843806163126,0.25486764884543867,USHighPlain
155,0.13940014123933542,0.20835356825481766,0.28212348658932684,0.16737196425183865,0.2042409063640086,0.20181486129950454,0.20424090563884123,USHighPlain
156,0.12678786479141135,0.19481274357063838,0.2745831471477176,0.1523311587088656,0.19070536568060126,0.18842554641658804,0.1907053650330599,USHighPlain
157,0.16462551961262206,0.23168673549501162,0.3276874348459924,0.1872158796319121,0.2277185877843102,0.22529255850868535,0.2277185872060854,USHighPlain
158,0.24929914773565454,0.3152382191583287,0.41228090083344204,0.2689910353119269,0.3113943976271716,0.3088378095011475,0.31139439711084327,USHighPlain
159,0.3331719115971925,0.3980044783139953,0.49361735365082104,0.3487217337024584,0.39427150038614767,0.3920346474964391,0.39427149992509003,USHighPlain
160,0.3946782976901919,0.4584826779767961,0.55255374766754,0.4120111913395146,0.45457484156860595,0.45273454700878935,0.4545748411569024,USHighPlain
161,0.4222831665235427,0.4853485370094641,0.5802418826300146,0.44154366665731404,0.4813147564121265,0.4797460170741623,0.48131475604449414,USHighPlain
162,0.3757795304565037,0.43764239877928035,0.5370044109549384,0.39367661472714865,0.4335154808367119,0.4319399452673489,0.4335154805084329,USHighPlain
163,0.353102469231078,0.4138871922302967,0.5172554429378475,0.3659735861618265,0.41010009295122085,0.40830139782533803,0.4101000926580829,USHighPlain
164,0.40726166388114216,0.4659033971505129,0.5662494618868747,0.4165265897934942,0.46234413526335594,0.4601041661310439,0.4623441350015973,USHighPlain
165,0.5027666578531391,0.5603180173239701,0.6532528345234754,0.5093182756245773,0.5568715710681853,0.5549081855411939,0.5568715708344469,USHighPlain
166,0.5288579230222956,0.5856930432530298,0.6733015252305485,0.5348395549904199,0.5824038866264363,0.5809791339852739,0.5824038864177186,USHighPlain
167,0.5058732416063647,0.5624231223913709,0.6447244173675285,0.5122484201342548,0.5588154337487676,0.55775799675074,0.5588154335623923,USHighPlain
168,0.4590476082739433,0.514262609377157,0.5967023496494569,0.4663191191207934,0.5110320399893573,0.5101632517734138,0.5110320398229327,USHighPlain
169,0.4777999425253814,0.5321340621264241,0.6117062234553767,0.48660525638460683,0.5290337930371241,0.5280627197046517,0.5290337928885145,USHighPlain
170,0.5255300000678205,0.5787146841073185,0.6606481382294549,0.5348294698067704,0.5755703407359984,0.5747687418021681,0.5755703406032968,USHighPlain
171,0.4610405692807606,0.5129854493092381,0.5962703552926714,0.4705593059866387,0.5098058501998691,0.5091549702307298,0.5098058500813727,USHighPlain
172,0.44391440228484536,0.4949499354573834,0.5760416608570731,0.45022245436126895,0.49185507829286235,0.49110188727794735,0.4918550781870503,USHighPlain
173,0.5045431943290655,0.5551034435760742,0.6354515609241602,0.5086263120490768,0.5518521909164578,0.5512994339813266,0.5518521908219725,USHighPlain
174,0.5372619270970747,0.5876423207894714,0.6666910599654567,0.5388438512506029,0.5841115178993492,0.5830602018084352,0.584111517814978,USHighPlain
175,0.4865242862714685,0.5359960498707595,0.6108266194456144,0.4863507752796066,0.5323357185215134,0.5316249004388923,0.5323357184461738,USHighPlain
176,0.41857927429520414,0.4663697805991478,0.535663860564136,0.4166892614924185,0.46304505832222165,0.46199918002843354,0.463045058254947,USHighPlain
177,0.3863111838234561,0.43279770966122943,0.4998381923893278,0.3838057761726055,0.4297846756275352,0.4286756684589488,0.4297846755674619,USHighPlain
178,0.4040260173371397,0.44996865800300023,0.5140054836911276,0.4028511192562887,0.446718092623799,0.4450497473947457,0.4467180925701564,USHighPlain
179,0.40696027213539754,0.4518512824531298,0.5148303530848339,0.4062371807436903,0.4485359580886531,0.4469527305303377,0.44853595804075264,USHighPlain
180,0.4066983192887321,0.45006961223855235,0.5137958429978202,0.40640673779028647,0.44706781057977296,0.44507256134477613,0.44706781053699984,USHighPlain
181,0.47632376981745184,0.5188531070519447,0.5799225611960357,0.47455898396875096,0.5160348046034189,0.5134859835814662,0.5160348045652245,USHighPlain
182,0.5278296379025158,0.5696081842960263,0.6315995448838461,0.5244505832722413,0.5664294259855174,0.5631143673759642,0.5664294259514118,USHighPlain
183,0.48683693622944474,0.5276843671586497,0.5911718144864344,0.4785333128643222,0.52433977681835,0.5215073492630169,0.5243397767878952,USHighPlain
184,0.40633414543451796,0.44662998510941676,0.5131366183576954,0.3941413043859019,0.4431714272063363,0.44045420679148384,0.4431714271791416,USHighPlain
185,0.42521516290710926,0.4643822719838131,0.532992419161979,0.40689116818573057,0.46093485593630645,0.4582265049855272,0.46093485591202277,USHighPlain
186,0.4804492353184151,0.5182803817863637,0.5847815530593721,0.4653803490953625,0.5149616626678466,0.5125706316715672,0.5149616626461624,USHighPlain
187,0.5191555408484705,0.5558196734503575,0.6205457888934203,0.5021567322550069,0.5524852801509568,0.550060281386056,0.5524852801315938,USHighPlain
188,0.4903828507655761,0.5262270360729033,0.5872723531938713,0.47244751389213446,0.5225518487226544,0.5205594121367421,0.5225518487053642,USHighPlain
189,0.3931015037721184,0.4284420636275471,0.48428159992235664,0.3740679268037552,0.42475728799071555,0.4227053924404721,0.42475728797527623,USHighPlain
190,0.35003925838385785,0.3845654468785744,0.43691143938717425,0.33214537283206,0.38102745614766564,0.3788689253724513,0.3810274561338791,USHighPlain
191,0.3637262719626886,0.39735465527687297,0.4485190646497148,0.3466932473426443,0.39369972543062404,0.3911239244435103,0.39369972541831344,USHighPlain
192,0.3323433105242153,0.36512098434584384,0.41808554211858806,0.31566105376402076,0.3613059887320338,0.35871784573300114,0.361305988721041,USHighPlain
193,0.2556873702627769,0.28767163313362776,0.34206235047338107,0.23971953166520765,0.2836428173778007,0.2806541215584111,0.2836428173679846,USHighPlain
194,0.2124827356146768,0.24188334827715985,0.30427056350139003,0.19738450614905356,0.23817825600286802,0.23500568269018918,0.23817825599410258,USHighPlain
195,0.22536747532436952,0.2536358196729487,0.33194089373153424,0.20517465432958426,0.25030084496376714,0.2472545776058317,0.25030084495594007,USHighPlain
196,0.27631639501772165,0.3033898318013324,0.38744134231385186,0.2561669995930931,0.3002552338080178,0.2974216989994787,0.3002552338010287,USHighPlain
197,0.33152333272213697,0.35784040608931944,0.43983460582049005,0.31451277086548557,0.3544694459353972,0.351705302226645,0.3544694459291562,USHighPlain
198,0.38300455854415194,0.4085460436077746,0.49083026250047546,0.3681042771963421,0.4049595582057295,0.4019219880818623,0.4049595582001564,USHighPlain
199,0.4712335762061248,0.49655059548819525,0.5740716103133643,0.45406276368544507,0.49272217695310383,0.49014301361559287,0.49272217694812737,USHighPlain
200,0.5338154917801734,0.5577461346139412,0.6351382527843881,0.5137242168749256,0.5540503793613909,0.5520544842632364,0.5540503793569471,USHighPlain
201,0.5919620083597152,0.6152662555909847,0.6927869088969802,0.5732403492533398,0.6118099726897668,0.6101217236041483,0.6118099726857986,USHighPlain
202,0.6426311710872239,0.6652884808067827,0.7384878564614543,0.6230340155239624,0.661610355485801,0.6603711842909215,0.6616103554822577,USHighPlain
203,0.6489021100481958,0.6709504493951031,0.7445772976347742,0.6276717447585933,0.6670008586853322,0.6661701710141361,0.6670008586821681,USHighPlain
204,0.6919259799298509,0.7126419272119024,0.7870269882269676,0.6727198487681396,0.7089245746138286,0.7084242028149568,0.7089245746110033,USHighPlain
205,0.6752709377354591,0.6939109758372319,0.7730224752997649,0.6555365935018382,0.6905545600367126,0.690325081806883,0.6905545600341897,USHighPlain
206,0.6919075488328934,0.7105187495485505,0.788299263005116,0.6692599723581323,0.7069156396797669,0.7067548757380087,0.706915639677514,USHighPlain
207,0.7379219445619123,0.7552770138833971,0.8310707046884045,0.7120738171968644,0.7518467581516863,0.7518191304461901,0.7518467581496746,USHighPlain
208,0.6924396962219987,0.7092259708330819,0.7900052355702927,0.6643154020961767,0.7058158129252718,0.705981325206204,0.7058158129234754,USHighPlain
209,0.6859585812667186,0.7022226933428912,0.7818456706082855,0.6604439800490152,0.6985307716531433,0.6987963777193611,0.698530771651539,USHighPlain
210,0.6829360474917708,0.6980430058446689,0.7772390516243353,0.6597117516382979,0.694162438254976,0.6945437929272653,0.6941624382535435,USHighPlain
211,0.6361026588243557,0.6499034348386137,0.7345539291299288,0.6152797857382337,0.6463366221711793,0.6467730081839416,0.6463366221699003,USHighPlain
212,0.6301747805617133,0.6430795855558005,0.7289085087433138,0.6064237130142207,0.6397318617039986,0.6405324210211656,0.6397318617028565,USHighPlain
0,0.20100252671385552,0.20100252671385552,0.20100252671385552,0.20100252671385552,0.2018921409319825,0.20100252671385552,0.20100252671385552,Greece
1,0.20843684265884316,0.19623637101561153,0.21198779712829202,0.2038298629308135,0.2064030931959343,0.20543861280811784,0.2058281426936967,Greece
2,0.34316950602559504,0.32601242997310664,0.34638817631686536,0.33475641561027697,0.3382029301808681,0.3371673701975971,0.3378313443032062,Greece
3,0.6092930252397595,0.5912535263023986,0.6166274515611498,0.6022326738856105,0.6060831672831961,0.6055768069143556,0.6058430143240451,Greece
4,0.8072892714933424,0.7921618003805695,0.8170380021820397,0.799020588095964,0.8031278061832563,0.8036051165699742,0.8029725972604849,Greece
5,0.8727756470841201,0.8587017431565983,0.8980979958887202,0.8649274894683615,0.8685209056008506,0.8695077081420838,0.8684205953244625,Greece
6,0.7571532672542031,0.7324387175277565,0.794935000251766,0.7455623994708894,0.7486643221874254,0.7504413003136938,0.7485994924639184,Greece
7,0.7842638017579834,0.7565129401330681,0.8147883297349847,0.7707931003537993,0.7740818050129661,0.7758940184928946,0.7740399060849469,Greece
8,1.003446359854983,0.9742002668876044,1.0264155138830704,0.9907597561874086,0.9937353774290235,0.995996548144814,0.9937082984893922,Greece
9,1.0415633597011735,1.0151488468436543,1.0696030302193664,1.026127738785479,1.029026350076845,1.030691733379108,1.0290088491763156,Greece
10,0.9186831041389177,0.8962887489166053,0.9504564653593699,0.903145742886131,0.9053631358894706,0.9068762026302408,0.9053518251984497,Greece
11,0.775680634265553,0.753249439601962,0.8039316813002187,0.7581772424686799,0.7602894261852996,0.7627093520394643,0.7602821161768143,Greece
12,0.8005915119171756,0.7772939456502174,0.8279626438320686,0.7817424316073478,0.78333993822763,0.7861202940460559,0.7833352138280372,Greece
13,0.7105074261384837,0.6854347775346877,0.7305021067298793,0.6881018227515199,0.6910100331571296,0.693626242446401,0.6910069798157336,Greece
14,0.5998862854997421,0.5746980128376956,0.6167067741982284,0.5792179103415352,0.583111357547166,0.5849238443472383,0.5831093841972201,Greece
15,0.5973205232498776,0.5640812142823646,0.6115015767504923,0.5730018069643065,0.5776094425753292,0.5788984584686483,0.5776081672151568,Greece
16,0.6008575836563604,0.5622501669438219,0.6211603620989373,0.5735060434588569,0.5782054111458683,0.5795069096750772,0.5782045868908635,Greece
17,0.7039394243756377,0.666929756476937,0.7266166107021808,0.6767793311351897,0.6814734078778084,0.6821764722698399,0.6814728751684391,Greece
18,0.7462923174193626,0.7024299309713933,0.7576786425946336,0.7159638523428118,0.7202944321015964,0.7219863515272211,0.7202940878158226,Greece
19,0.6628123876522872,0.618067012033047,0.6738033144963551,0.6323694136393417,0.636618843941865,0.6367802432613995,0.6366186214327431,Greece
20,0.7913837971759824,0.739125574593987,0.8048038531054365,0.7559228711823679,0.7598464010923629,0.7592021458222113,0.75984625728651,Greece
21,0.7417577577531602,0.6894822563066044,0.7515171647469503,0.7040978818896644,0.7078101529181127,0.7075535699537547,0.7078100599775485,Greece
22,0.5366749072509428,0.4838802496071838,0.5411994926422066,0.5002089789048125,0.5037783038821928,0.503506643556928,0.503778243815455,Greece
23,0.5443136268903043,0.49111730078723365,0.5594458152927504,0.5092216729318666,0.5126180172951409,0.5118759812252874,0.5126179784744922,Greece
24,0.611306594916871,0.5544908379130504,0.6291347541967282,0.5749213076976715,0.5788219579430051,0.5776677168335148,0.5788219328535326,Greece
25,0.6730048845600937,0.622106542757956,0.6887453227877796,0.6351065136925904,0.63948856555493,0.6385413036493722,0.6394885493398061,Greece
26,0.7025815088309513,0.6493660612057721,0.7184644875532266,0.6619221085079261,0.6668332020613412,0.6674665612364088,0.6668331915816372,Greece
27,0.6648443855990355,0.6056157296490684,0.6680699834869012,0.6195011079818081,0.6245231231604976,0.6246277941684409,0.6245231163875494,Greece
28,0.6164452349877024,0.5569395531418883,0.6140896655904122,0.5692007147673614,0.5742119881271837,0.5742303063580295,0.5742119837498818,Greece
29,0.5106903929930746,0.44594921287991746,0.5078671648074905,0.4627209965014259,0.46774318599704756,0.46682036540063965,0.46774318316803265,Greece
30,0.4317752591361152,0.37320884444189584,0.4339833809999133,0.3865655780321207,0.3909753254214835,0.3901466915470337,0.39097532359311393,Greece
31,0.516668396316616,0.45480754864683975,0.533946690169236,0.4711085536579769,0.47516926805270293,0.4737898432851795,0.4751692668710424,Greece
32,0.5972484036154079,0.5314306314073569,0.6223381674811829,0.5462873227941927,0.5500799916168745,0.5487881833822874,0.5500799908531767,Greece
33,0.6847625737127673,0.618434167931276,0.7110488795307459,0.6343449526381283,0.6375823292608147,0.6360812149704306,0.637582328767243,Greece
34,0.7618967733374311,0.698271867532287,0.7837625119710446,0.7099356219019889,0.7121001817010123,0.7126163797751499,0.7121001813820209,Greece
35,0.6521616422461172,0.5821023229739293,0.6672417951984473,0.5979266624251812,0.6001523865092465,0.6017297965694144,0.600152386303085,Greece
36,0.5968281379920658,0.5261277644951571,0.6026547263979148,0.5426709253816446,0.5449540752518948,0.5459597104020437,0.5449540751186542,Greece
37,0.6094431916465388,0.5384930897892646,0.6113890729807285,0.5546203040270121,0.558178243044018,0.5590525918240679,0.5581782429579057,Greece
38,0.6212499172359802,0.5521951990686239,0.6145646986972606,0.5648469189738169,0.5693351542073997,0.5701099549921679,0.5693351541517461,Greece
39,0.6995926745270131,0.6231235292906875,0.6846930943127796,0.6386594192366488,0.6436057617187204,0.6455127246029,0.6436057616827521,Greece
40,0.7555824005542013,0.678693316127344,0.7430948880246925,0.6923852465690784,0.6974854301424904,0.6988896561164475,0.6974854301192444,Greece
41,0.6507472383732578,0.5711646421014454,0.638989265475949,0.5867034376857493,0.5918082947245991,0.5935308341869567,0.5918082947095753,Greece
42,0.6363938992637311,0.5585983395668218,0.6187272535750266,0.5725973131968489,0.5774325350881936,0.5784974230170751,0.5774325350784839,Greece
43,0.8340735112915167,0.7576682298024846,0.8134040117096113,0.7674900376835184,0.7719672169519066,0.7727343399748089,0.7719672169456313,Greece
44,0.9256044275127998,0.8432021283975213,0.9129472053835144,0.8573543769916343,0.8609438501514052,0.8627861006311607,0.8609438501473494,Greece
45,0.9817520705592876,0.9015295242184875,0.9788508783616987,0.9113577256778502,0.9143972006727499,0.9158594127583921,0.9143972006701286,Greece
46,1.0440132463140965,0.9593680319717087,1.0323739434713777,0.9703912802174881,0.9728301169022853,0.975021075123299,0.9728301169005913,Greece
47,1.0346631542914053,0.9464475059623023,1.025504325238469,0.9625982929404084,0.9651797715339883,0.9684920662501302,0.9651797715328934,Greece
48,0.8799381916906918,0.7925324541645424,0.8689867034425592,0.8094844676413523,0.8120750814954867,0.8150530296405141,0.8120750814947791,Greece
49,0.709065021801016,0.6174284220850039,0.6863101123575108,0.6350893825466793,0.6385969007582731,0.6413524237498331,0.6385969007578159,Greece
50,0.7610097422486629,0.6687612484746663,0.7320735056715887,0.6860010033335273,0.6904232436608142,0.6926276841412818,0.6904232436605187,Greece
51,0.7986775378251778,0.7080566711306773,0.7596597427018672,0.7216909717312266,0.7259275728114869,0.7279765268849258,0.7259275728112958,Greece
52,0.7690259800711797,0.6742187136635565,0.7275110775794446,0.6884320960519386,0.6927908241637357,0.6942333611573062,0.6927908241636123,Greece
53,0.8198872501970096,0.7206896038965614,0.790631382312132,0.7375891786946558,0.7419213834854662,0.7437528419027631,0.7419213834853864,Greece
54,0.7098215885618262,0.6114634774254357,0.6893561443529388,0.6291486468589735,0.6333458773657463,0.6352161240952103,0.6333458773656947,Greece
55,0.4874562040686834,0.39256598750612265,0.45282164468602554,0.4041921074491618,0.40829138842600515,0.4084103020730464,0.4082913884259718,Greece
56,0.2980083686509293,0.20052026509581514,0.24912998663649993,0.2147747150506894,0.21867082644754976,0.2185673155875356,0.21867082644752817,Greece
57,0.17813661965462133,0.0796308188782783,0.12000451697363701,0.08954456781690479,0.09294830574326357,0.09247953176083931,0.09294830574324964,Greece
58,0.16704470780214475,0.0682355984694899,0.11878568480489465,0.07915906235345654,0.08172726722229569,0.08142430237400651,0.08172726722228668,Greece
59,0.19269396184556475,0.08997578810113666,0.14840372020394232,0.10393629293188919,0.10677132774711481,0.10648511154401712,0.10677132774710898,Greece
60,0.3237771406473103,0.2175725818312639,0.2753984778306579,0.23217180477916183,0.2358981548742798,0.235189723644776,0.235898154874276,Greece
61,0.4778071737768622,0.3718457362298203,0.42999590600766735,0.38473386224079975,0.38918555367040103,0.3882315485186947,0.3891855536703986,Greece
62,0.4370327002690575,0.327721481911307,0.37909011587281555,0.3392974149204019,0.34427894162452904,0.34259582159921176,0.34427894162452743,Greece
63,0.43370383684302266,0.32719230374915853,0.37127742871012503,0.3357692309986365,0.3403664703229224,0.3384918027163456,0.34036647032292133,Greece
64,0.49909554178891624,0.39034836634879894,0.4448662038453548,0.40150764728192834,0.40590273419354306,0.40489638282850904,0.4059027341935424,Greece
65,0.544457799884952,0.43653822150201615,0.5040707324402964,0.44888201715629694,0.4529236395371177,0.452267349292625,0.45292363953711723,Greece
66,0.7127430734496233,0.600500249445914,0.6727053987072603,0.6147771743548864,0.6186287035042224,0.6184337508611331,0.6186287035042222,Greece
67,0.7722019990886672,0.6573263514912788,0.7216615815575131,0.6706393919628668,0.6743331004950073,0.67466891806548,0.674333100495007,Greece
68,0.5708322957663087,0.4556743373040052,0.5104245465757166,0.4679838695277571,0.4710586155476595,0.4718090027379099,0.4710586155476593,Greece
69,0.34929717997105697,0.23269234429731314,0.2776382823955236,0.24725183982867502,0.25037941470565567,0.25066527351425194,0.25037941470565556,Greece
70,0.26403141853616685,0.14498265796070658,0.19153432808075888,0.16081578315461334,0.16410160423051295,0.16406445611446568,0.1641016042305129,Greece
71,0.34228961110062206,0.2241465484500637,0.2741305498362643,0.23550257446311434,0.2385752776953783,0.23840967757294992,0.23857527769537826,Greece
72,0.3845882736961679,0.26506647044959203,0.3140251252807714,0.277310827767636,0.27999325606490827,0.2790483737747339,0.2799932560649082,Greece
73,0.30807209404640556,0.1839181415717155,0.22904940372545898,0.19799380920864595,0.20186441730880916,0.2000792481904055,0.2018644173088091,Greece
74,0.3026813013604848,0.17874978862862267,0.21965273207822908,0.19127865694553445,0.195953116027447,0.19407256320932337,0.19595311602744694,Greece
75,0.3345420318993312,0.20735646627273982,0.24470746741296662,0.22064107315055267,0.22539048608228004,0.2234006854471676,0.22539048608228,Greece
76,0.43469233275800007,0.30782273569422564,0.34501305568771257,0.32029586220800926,0.32449632857631305,0.3226052195616438,0.324496328576313,Greece
77,0.48709971989351664,0.35481408982766877,0.39655799754599763,0.371186360442495,0.37466347070607575,0.3736625772653094,0.3746634707060757,Greece
78,0.36568159774779185,0.22954315196581115,0.27951436539620134,0.24641546743839754,0.2502322762819762,0.249019078599299,0.2502322762819762,Greece
79,0.4232916316585832,0.2882950536122198,0.3534699799693522,0.3042528559172643,0.3079819458253782,0.30706200161192965,0.3079819458253782,Greece
80,0.6390608433117151,0.502213928655896,0.5674838270729217,0.5192167168347465,0.5227979228768709,0.5218550633787035,0.5227979228768709,Greece
81,0.7111816283576214,0.5760570325138289,0.6420139227065716,0.590316974547399,0.593780900086187,0.5941529891416373,0.593780900086187,Greece
82,0.7229237855525423,0.5845698806006637,0.6631363528257495,0.601114358926217,0.603744221256704,0.6050162678115123,0.603744221256704,Greece
83,0.8255644804567748,0.6853731329985132,0.7648284933740122,0.7001801071390108,0.7031483087969616,0.7056213183628194,0.7031483087969616,Greece
84,0.7297109660843256,0.5857445106177329,0.6671082471402262,0.6029687849762488,0.6062464811460915,0.6086773692754727,0.6062464811460915,Greece
85,0.6458952198965301,0.5033659822296144,0.5772909805787764,0.5175700931492726,0.5212314785388775,0.5227738663872518,0.5212314785388775,Greece
86,0.6683612142000369,0.5205017485169311,0.5884430924686188,0.5362789305333586,0.5408354431078841,0.5421157090997669,0.5408354431078841,Greece
87,0.6961942504371392,0.5456405961890343,0.6093235485280649,0.5623136349462226,0.5673405125777818,0.5684248320096749,0.5673405125777818,Greece
88,0.7217314609370201,0.5706786874339191,0.6365693583763182,0.5873379020749534,0.5925412088474551,0.5933982543832268,0.5925412088474551,Greece
89,0.7873070116657301,0.6377808746398309,0.7041587955484769,0.6548653278117152,0.6599862331123355,0.6609489331438724,0.6599862331123355,Greece
90,0.8257298669378064,0.6725862339591661,0.744634394191441,0.6904527461616604,0.6954433941256932,0.6972557775557751,0.6954433941256932,Greece
91,0.857730079406016,0.703182066564573,0.7755624107966967,0.7203843867968543,0.7250051622937826,0.7268785330069583,0.7250051622937826,Greece
92,0.9424290668229923,0.792163774675839,0.8584814612029725,0.8035563335805923,0.8076064628112332,0.8095267500067352,0.8076064628112332,Greece
93,0.9793885387258368,0.8227035887614947,0.8950443426109018,0.8343792985562696,0.8379928166400722,0.8404296616370662,0.8379928166400722,Greece
94,0.9923709844926639,0.8355009415012844,0.9107668559037185,0.8482430504295848,0.8514227690874928,0.8530811658058757,0.8514227690874928,Greece
95,0.8409472159287517,0.6815866014796212,0.760072981151195,0.6964697820125765,0.6997664804930013,0.7015846797973542,0.6997664804930013,Greece
96,0.7286120798903266,0.5718582477964121,0.6418883310077862,0.5874610273496518,0.5898897685971946,0.5915180628070462,0.5898897685971946,Greece
97,0.7703314812025199,0.6107074742971125,0.6776245528372371,0.6252735485560562,0.6290241096828942,0.6311084871994362,0.6290241096828942,Greece
98,0.8646671467087497,0.7019895621037363,0.7622127267974985,0.7183586622705074,0.7227325515766427,0.7248829622512116,0.7227325515766427,Greece
99,0.8408891433846408,0.6748445983570817,0.7253204632578009,0.6923099279035612,0.696983958705758,0.6988505797455306,0.696983958705758,Greece
100,0.7327037671378197,0.5669753772242407,0.615802250972811,0.5796408205615253,0.584394566352205,0.5857399746241232,0.584394566352205,Greece
101,0.8510848995917389,0.6847401560522078,0.7391356976015537,0.6993732652351888,0.7041033386203501,0.7054926633568136,0.7041033386203501,Greece
102,0.9617967208119599,0.797553530649328,0.8541782044835515,0.8094090364364166,0.8141079827776441,0.8156252655005752,0.8141079827776441,Greece
103,0.7970412495682614,0.6348182338655795,0.6974309520732769,0.6425624244326404,0.6468085087232406,0.6483255618157291,0.6468085087232406,Greece
104,0.606091764903053,0.4395153334655557,0.4997951655594174,0.4495890941709352,0.45264963555746074,0.45425496820690503,0.45264963555746074,Greece
105,0.5353179725912315,0.3692997730269249,0.4306273377899025,0.3803128754874525,0.38241034127844237,0.3844896129793394,0.38241034127844237,Greece
106,0.5638851170021527,0.39189393519582105,0.46255605302876107,0.40515469899862994,0.4076707475107197,0.4089801477606809,0.4076707475107197,Greece
107,0.5799138677635632,0.4073207920811329,0.4866044312212689,0.42026606863170085,0.42312760000620786,0.42383692141626994,0.42312760000620786,Greece
108,0.6728705071976545,0.503140176594327,0.5806891264446167,0.5146931366357812,0.5183233261635248,0.5184273856689783,0.5183233261635248,Greece
109,0.7404709105316991,0.5678522072162633,0.63800033659949,0.5780844393433081,0.5821534332778967,0.5823359625586488,0.5821534332778967,Greece
110,0.6321037007125367,0.4546135944424762,0.5181051612439159,0.4686822497400607,0.4718712513793674,0.47181448034491286,0.4718712513793674,Greece
111,0.5473011674099747,0.3674474962633844,0.42283639729751565,0.38323303062950764,0.3868745670354273,0.3862965928908857,0.3868745670354273,Greece
112,0.5225717645851882,0.3386888112206102,0.39207713887618045,0.3554739606353439,0.3594109859915772,0.35871698766925614,0.3594109859915772,Greece
113,0.4598821792958501,0.2784508718904259,0.331138749407796,0.288824630523713,0.29286736337431346,0.291887259391218,0.29286736337431346,Greece
114,0.4317797988018829,0.25421531759666194,0.3038984575439707,0.2609746058545488,0.2648828495694704,0.26451983209306856,0.2648828495694704,Greece
115,0.3641185027022324,0.18674650072278265,0.23926246428671477,0.19029538065335946,0.19416728980326378,0.19262922461542195,0.19416728980326378,Greece
116,0.33310309260659665,0.1495010370070776,0.22041830280380706,0.1592653244016539,0.1624822836883606,0.15997788024967227,0.1624822836883606,Greece
117,0.25491996371735676,0.07411059504204459,0.1338400064334264,0.08104157727407157,0.08386640028628853,0.08136319067936415,0.08386640028628853,Greece
118,0.39014509335365866,0.20931452576332713,0.26077582710088554,0.21441436569456018,0.21698575419171492,0.2144833161486418,0.21698575419171492,Greece
119,0.5121710221107187,0.33358992890647815,0.37969240551381966,0.3385458017026443,0.34025943702367295,0.33790939666903136,0.34025943702367295,Greece
120,0.5177433695794492,0.3306804352652535,0.379233339522873,0.3409064010377461,0.34246427795458034,0.3407631226629367,0.34246427795458034,Greece
121,0.7122420002321806,0.5217939950796174,0.5744605445384476,0.5324620394042681,0.5353082562543574,0.5337909050529059,0.5353082562543574,Greece
122,0.7037010500275642,0.50920982637184,0.564121784924337,0.5234644542048076,0.5262196575573179,0.5256215188188127,0.5262196575573179,Greece
123,0.4801210690133295,0.2876497870627377,0.32598140465447845,0.2965478908579345,0.29967703576926674,0.29830462046553835,0.29967703576926674,Greece
124,0.42856283870764234,0.23799746258121393,0.2656007110942943,0.24266840294737163,0.24672581459221052,0.24555985973805458,0.24672581459221052,Greece
125,0.49956024448366665,0.3069619797702986,0.3356819811969414,0.31272951937442117,0.31734468158335494,0.31621423123718734,0.31734468158335494,Greece
126,0.5562178610742179,0.3598427910959058,0.39710116197262524,0.365484446672581,0.37010547165562935,0.36933668835022465,0.37010547165562935,Greece
127,0.5670443363613763,0.37312632667612855,0.42767087253765956,0.37675932858367267,0.3805004193298783,0.37998633321477715,0.3805004193298783,Greece
128,0.6416408373279898,0.44630985166081183,0.5146504326414922,0.45056540482765434,0.45377454749069607,0.4524169396764839,0.45377454749069607,Greece
129,0.8223598982337557,0.6213348570817044,0.6942673065039224,0.6313999427645381,0.6341607094984466,0.6334473920532824,0.6341607094984466,Greece
130,0.9275967672981781,0.7217363562507864,0.789709456066845,0.7328868808454936,0.7350085087427581,0.7358048923747761,0.7350085087427581,Greece
131,1.0074885820273178,0.7974840498817379,0.859046279360276,0.8091352423279737,0.811020223020463,0.8124447108191276,0.811020223020463,Greece
132,0.9197416003644906,0.7102127075439062,0.7701742543314547,0.7235176776628502,0.7249394836390946,0.7260583635623589,0.7249394836390946,Greece
133,0.754411114084268,0.5467870927724799,0.6012571942911363,0.557954348104691,0.5596423963356869,0.5609986984187159,0.5596423963356869,Greece
134,0.6727990650172494,0.46782285927183004,0.5167743925563864,0.47365622045140987,0.47700845277225545,0.47840807444959366,0.47700845277225545,Greece
135,0.6576511102301783,0.446417226482661,0.49508944888991735,0.45630954112696964,0.4606783158117417,0.46222056123030697,0.4606783158117417,Greece
136,0.5856026427922271,0.3667266373271611,0.4109846904202797,0.38033098453012515,0.38525711359388115,0.38750077709984143,0.38525711359388115,Greece
137,0.47252393511525836,0.2538692013613478,0.29284845519916397,0.26653800022908136,0.27156385457927645,0.27313690323724893,0.27156385457927645,Greece
138,0.347078622090703,0.12770865178093754,0.16409358469826169,0.1396281972299075,0.14467788199011603,0.14571029200611293,0.14467788199011603,Greece
139,0.41890682379402466,0.19640292396835507,0.2311164140446163,0.20884229649252106,0.213488037051003,0.21397642423539376,0.213488037051003,Greece
140,0.5307884954385508,0.31171149515627844,0.3514601013530187,0.3243032461958853,0.3286365693948981,0.32937182208255256,0.3286365693948981,Greece
141,0.4639592734761418,0.24162806395215758,0.3005009559918026,0.2557361533088658,0.25974477323967177,0.25999713064447755,0.25974477323967177,Greece
142,0.36039342316350165,0.13911425171048894,0.19954551041072022,0.1477398102445504,0.15119371789158348,0.15060023594082206,0.15119371789158348,Greece
143,0.333743554603348,0.11549098266834665,0.16983642612478195,0.12205117547693331,0.12445239143716011,0.12368053962678499,0.12445239143716011,Greece
144,0.5554044343090433,0.3293573323627271,0.3898069016399992,0.33928036566521363,0.34135850270533136,0.3409706105688012,0.34135850270533136,Greece
145,0.6970822633690245,0.4670497993392911,0.5290576331443761,0.4808002214067318,0.48309380318783063,0.4833816180759952,0.48309380318783063,Greece
146,0.6966063127205031,0.4656193344048637,0.5341391010258472,0.480015447474132,0.4831767358497091,0.4843309094675235,0.4831767358497091,Greece
147,0.7354735756845806,0.49899333043248334,0.5633204166852505,0.5142544353055578,0.5182312806505703,0.5206333368369171,0.5182312806505703,Greece
148,0.7528735174505172,0.5160550092974316,0.5716921901710063,0.5314009277454101,0.5357757933489061,0.5374465455032418,0.5357757933489061,Greece
149,0.8078896019244082,0.5683452391297458,0.6233149790269448,0.5850727977517327,0.5893200928726219,0.59094130079773,0.5893200928726219,Greece
150,0.9506902265892695,0.710446837535733,0.7657543053653146,0.7279558144190098,0.7316912547742545,0.7336874995442533,0.7316912547742545,Greece
151,0.925226357834913,0.6835725660455324,0.7540995853366956,0.7040933880781639,0.7075150476749621,0.7099939769980876,0.7075150476749621,Greece
152,0.90846476347828,0.6648865352990695,0.7420979855265885,0.6845118517293318,0.687933478721092,0.6905543955944988,0.687933478721092,Greece
153,0.974048034443194,0.7318536885143762,0.8073100297710711,0.748174922841787,0.750650742836121,0.7525212751021875,0.750650742836121,Greece
154,0.9863787567792474,0.7391931154578578,0.8243922898214859,0.7552191015847748,0.7574770080831025,0.7591206482290902,0.7574770080831025,Greece
155,1.0818723922650182,0.8267652354545099,0.9066282731808715,0.846413199785425,0.8488914173043565,0.849953688689163,0.8488914173043565,Greece
156,1.078043984736448,0.8240844589413507,0.8945513272177499,0.8410761434264074,0.8442527286798217,0.8452465872197849,0.8442527286798217,Greece
157,0.9305413987413136,0.676569291943977,0.7534682237196413,0.6928431369394006,0.6962264645401773,0.6971433853566584,0.6962264645401773,Greece
158,0.8073738344505423,0.5552196866284161,0.6351537785196787,0.571029597744771,0.574546541259084,0.5754137378447068,0.574546541259084,Greece
159,0.787288344167431,0.5354137540924049,0.6120194210889521,0.5487462737314025,0.5528138014106011,0.5535927604399493,0.5528138014106011,Greece
160,0.8334825898871827,0.5837191260493185,0.6488133468075686,0.5953112190637142,0.5995086629859644,0.601563095529187,0.5995086629859644,Greece
161,0.7779871664939262,0.5259501384902833,0.5780927937998794,0.5373964267286293,0.5412063436289368,0.5433599638686681,0.5412063436289368,Greece
162,0.8936302224962899,0.6416930038508967,0.6916458869589143,0.6550689938894485,0.6586875053341235,0.6608547528865353,0.6586875053341235,Greece
163,0.9798116239967619,0.7292823594607591,0.7779909618774763,0.7378517925584782,0.7413611998048617,0.7431560214264943,0.7413611998048617,Greece
164,0.9122030574090113,0.6623470518859209,0.7189112172028606,0.6753970804403584,0.6777465103390446,0.6792195899424125,0.6777465103390446,Greece
165,0.634189569467989,0.3827678714499745,0.43165918350866606,0.3944861100031499,0.396575093083008,0.39831684720862903,0.396575093083008,Greece
166,0.5149256332622494,0.25687623300221435,0.31443594935225616,0.2712669287913711,0.2731832526298665,0.2741261096645891,0.2731832526298665,Greece
167,0.5178538650112203,0.25657757316386515,0.3258293190660565,0.2703525420872859,0.2718784331400051,0.2730336960045228,0.2718784331400051,Greece
168,0.518418350871479,0.2624270095168804,0.31804572558678024,0.2713296609577516,0.2723158320521928,0.2730796014079686,0.2723158320521928,Greece
169,0.587703073106046,0.3277681285481328,0.3764576017423408,0.3387398857651343,0.339431459043946,0.3409266523119433,0.339431459043946,Greece
170,0.5669535491384504,0.3110825790090955,0.3580111290186955,0.3183712186134708,0.31884528627474085,0.3207938270735382,0.31884528627474085,Greece
171,0.7046402699726672,0.44307350266363194,0.5017185184209508,0.45347576989748284,0.4555940996864236,0.457696128322519,0.4555940996864236,Greece
172,0.61992560724327,0.3549092420911917,0.4099645400617609,0.36535619978755557,0.368708054966754,0.37019045598079325,0.368708054966754,Greece
173,0.6014802241750197,0.33397700998243207,0.3824646167560016,0.3438536841850193,0.34781584522528775,0.3492587599322968,0.34781584522528775,Greece
174,0.7529644358505211,0.4783218798916063,0.5262630802820122,0.4914051566835386,0.49563173256197407,0.49676998560919994,0.49563173256197407,Greece
175,0.8559184903783674,0.5775845255793279,0.6339717458919701,0.5933427534607726,0.5972584586085722,0.5985828792930072,0.5972584586085722,Greece
176,0.8446248769580977,0.5655838543021778,0.6439976766023997,0.5830633146266729,0.5866722234632248,0.5883890971234638,0.5866722234632248,Greece
177,0.7239681290618138,0.4432003333762373,0.5250623015251765,0.4620413898459441,0.46542916846116156,0.4669377259922786,0.46542916846116156,Greece
178,0.6224159656465282,0.3447717279806288,0.4053544932916734,0.3571978900291329,0.36036763952866074,0.36111292753882784,0.36036763952866074,Greece
179,0.5995932325388613,0.3269005656348759,0.3736861077432854,0.3348227273289467,0.3373637917315949,0.3377069242195329,0.3373637917315949,Greece
180,0.4112651643334981,0.13709134369291798,0.1815981391286245,0.14493049099398797,0.14787519057551654,0.14778653885401127,0.14787519057551654,Greece
181,0.3333943597547646,0.058194081365862765,0.10165007510683147,0.06370219823223788,0.06664564293511131,0.06639186775296946,0.06664564293511131,Greece
182,0.3873637662003533,0.1056496599116499,0.15183749146927908,0.11693929359240018,0.11948780078481111,0.11916440652768254,0.11948780078481111,Greece
183,0.5397578166844731,0.25460255719289926,0.30948604055121903,0.266958735746166,0.270631579589754,0.26992997217162096,0.270631579589754,Greece
184,0.6483373244187551,0.35993547863394837,0.41777443485006016,0.3719621947176997,0.3752726068520861,0.3744668041789688,0.3752726068520861,Greece
185,0.691558379223499,0.40243159981456755,0.45746527630716094,0.4147499081700513,0.41803521342923555,0.41752953308795504,0.41803521342923555,Greece
186,0.5605255056085111,0.2708589730936435,0.31868988193613995,0.2822770465580562,0.2856625684320596,0.28456534447167814,0.2856625684320596,Greece
187,0.394895078021688,0.1049931592172768,0.1471752107145804,0.11609936068233007,0.11968799738746588,0.11776127784957234,0.11968799738746588,Greece
188,0.4559621710763922,0.16084804518813756,0.21070195918533338,0.1756250957545013,0.1794891933118536,0.17801097374100278,0.1794891933118536,Greece
189,0.6974996417670817,0.394204932200923,0.4532692035695798,0.41117536098686913,0.4149911249552868,0.4143160517474676,0.4149911249552868,Greece
190,0.6969074773609504,0.39217288209316514,0.4512926698732654,0.4079585022011236,0.4115417202726709,0.4122094461936715,0.4115417202726709,Greece
191,0.6708090562860782,0.37236094237060996,0.421520912215947,0.38351447397408533,0.38672712778387097,0.387067648101064,0.38672712778387097,Greece
192,0.8633079235157068,0.5643902524084837,0.6108975663991814,0.5764974370865893,0.5795339830928287,0.5812150891683232,0.5795339830928287,Greece
193,0.7828218297920356,0.4847265405011082,0.5283000524622266,0.49572258899455196,0.49872519959057554,0.5002082569921639,0.49872519959057554,Greece
194,0.6879344225422616,0.40071611287716374,0.43553241937476456,0.4078241772675374,0.40989012045291867,0.4114263504312468,0.40989012045291867,Greece
195,0.8593561214949959,0.5707225653498236,0.6010099397985686,0.5753424971597576,0.5779190304031493,0.5790841506395453,0.5779190304031493,Greece
196,1.013378859264503,0.7158146128000997,0.7518998659332191,0.727386775869244,0.7302707759664604,0.731932022630998,0.7302707759664604,Greece
197,1.0597340721134871,0.7565952613840013,0.7957805303606373,0.7719485571852984,0.7745025600284212,0.7759701361219993,0.7745025600284212,Greece
198,0.9674668856046912,0.6593397617082396,0.7002294753908568,0.6779177754014839,0.6798195386153472,0.6813328080002315,0.6798195386153472,Greece
199,0.7053269375013812,0.39498882772085764,0.4343468446791249,0.41148422545400387,0.4140312959038098,0.41498692132850357,0.4140312959038098,Greece
200,0.6156603655739806,0.3045069665710566,0.346847225302392,0.3194770040183614,0.32252860055564625,0.3226902310405102,0.32252860055564625,Greece
201,0.6117131496411954,0.2971668999002712,0.3472220223624677,0.31210156878481965,0.3153077528761397,0.3143235360904624,0.3153077528761397,Greece
202,0.621947001288064,0.3045296622250491,0.35087307024140507,0.32109235290442195,0.32446936268429555,0.3231585109289392,0.32446936268429555,Greece
203,0.7050933723556352,0.38665601107850683,0.424211784569564,0.40202307541297266,0.40483579251761775,0.40498753530926995,0.40483579251761775,Greece
204,0.45687592155207724,0.1377752517586724,0.17637473482665494,0.15331247800022155,0.15638690806930203,0.15615639486347088,0.15638690806930203,Greece
205,0.444969348984537,0.12978253207172907,0.1729873623110812,0.14288228935003633,0.146417721773755,0.1457822080875902,0.146417721773755,Greece
206,0.5563123515008552,0.23264801303141516,0.289612588354181,0.2491340515134931,0.25327370150630846,0.2527131920294492,0.25327370150630846,Greece
207,0.5511614169115501,0.22898257921005918,0.2893380620931322,0.24426664237918314,0.24783154020549578,0.24711445603347837,0.24783154020549578,Greece
208,0.6159994022504531,0.2919912877310855,0.3461184357480972,0.3067659914967742,0.3093508681087656,0.3087674380177805,0.3093508681087656,Greece
209,0.6605126741590013,0.3337244477208267,0.382473061621242,0.35150551581106404,0.3532845384316237,0.3529347193868871,0.3532845384316237,Greece
210,0.5109911542255986,0.1860961572634685,0.22638280518931098,0.202283193208657,0.20391016665582323,0.20353261949390805,0.20391016665582323,Greece
211,0.3489699950598736,0.026533755677824532,0.061118008123078334,0.03940068081121701,0.04094062817283837,0.04053460455503046,0.04094062817283837,Greece
212,0.42251152878908,0.10097894522872689,0.12986806735436685,0.11030293517567488,0.1117822720175457,0.11063123687138422,0.1117822720175457,Greece
0,0.039596003419014966,0.039596003419014966,0.039596003419014966,0.039596003419014966,0.02453075239467713,0.039596003419014966,0.039596003419014966,Sudan
1,0.08163346560562874,0.02439482063724567,0.028490134504481977,0.05215161142761432,0.01948551769523899,0.02673860272467532,0.026887410874049854,Sudan
2,0.10473408484735265,0.01948104723489564,0.02718024855984504,0.05824386782967769,0.019653704475737437,0.0231257381194891,0.0232904193596791,Sudan
3,0.09511302334245324,-0.0003590994613974427,0.009856098337832471,0.02249666043314336,0.0002696378491879592,0.0018774796068274577,0.0020564368244749207,Sudan
4,0.12863055154751596,0.027120516127823402,0.03946329520113605,0.04368583209048195,0.0294568569250208,0.03019683054441641,0.03033475103549508,Sudan
5,0.15504749903450923,0.04829251772543629,0.08009432758955592,0.06295555446392188,0.05245360712641049,0.052780797763322215,0.0528849360446967,Sudan
6,0.16037551206662964,0.0505750083830831,0.08482596458287756,0.07069208988780307,0.055269342090202705,0.05531041963360753,0.05548126358908306,Sudan
7,0.18099586779528715,0.06993473764366395,0.09049127033143214,0.11227331532654963,0.07469428129529299,0.07464817984830785,0.07479840304503826,Sudan
8,0.21051273650813007,0.09977501407685987,0.11156214312878905,0.15386362696555825,0.10356337531510026,0.10342025847867198,0.10361453264848691,Sudan
9,0.21569986428365917,0.10259876984649499,0.11156164099504207,0.14380866655832014,0.1075155838419487,0.10729638940232646,0.10754071857859723,Sudan
10,0.21713702527506804,0.108764678968615,0.11746453474246972,0.14185732522421463,0.11484381171431958,0.11450247662465646,0.11485616096993101,Sudan
11,0.20337013495795464,0.09537411226837494,0.10394205449776814,0.1344302664068895,0.10193978564100356,0.1017063900767719,0.1019458531051783,Sudan
12,0.1923973872510253,0.08558433585155079,0.09352138400632728,0.13286342499565731,0.09212869106614822,0.09183633433100422,0.09213167214635826,Sudan
13,0.209719112192216,0.10353447861709666,0.11059613476723767,0.15336183767065287,0.10828211917379438,0.10794559588566802,0.10828358384486003,Sudan
14,0.28580702494076066,0.1766071784614719,0.1846599789049459,0.2289957644049932,0.18245276532741378,0.18219745079598398,0.18245348495291172,Sudan
15,0.3648585208049479,0.2563215486616537,0.26276627914601747,0.29904237465950134,0.2605502245913472,0.2604322798917451,0.2605505781593731,Sudan
16,0.4085505243345951,0.30486850607195226,0.31369267782560817,0.33013706997430264,0.30914655000144964,0.3088968702392643,0.3091467237172912,Sudan
17,0.40701008736941685,0.2988955543396593,0.309835973760681,0.3175651345057726,0.3045922248879257,0.3045922558275598,0.3045923102383855,Sudan
18,0.37529681440405704,0.2672474836927315,0.2766585383356654,0.29456333546077285,0.27267618418122325,0.27276299866562204,0.27267622611580405,Sudan
19,0.3758011718771782,0.2644447486954031,0.27314563389115715,0.2907617503316399,0.27031274181989956,0.2702092774392057,0.27031276242329255,Sudan
20,0.35043153331810684,0.2445930218165432,0.2526168457865375,0.28035322368312854,0.25081962109855716,0.2505888804270792,0.2508196312214628,Sudan
21,0.3216952527412536,0.21370115106586235,0.2211643154346179,0.2657605196320919,0.2201499944218356,0.21996308068889164,0.2201499993954445,Sudan
22,0.30849725767478936,0.2022102340527735,0.20636712423307785,0.25882962836545104,0.205809426460153,0.2055180159692309,0.20580942890379772,Sudan
23,0.33734837663617384,0.23385474620703334,0.23944750652085475,0.2854890114166766,0.23888160848751133,0.23869811820935669,0.23888160968812838,Sudan
24,0.34195820542637745,0.23556869968247793,0.24243359643121384,0.27935971049112845,0.24168050566834406,0.2412843487074086,0.24168050625823395,Sudan
25,0.3439943188360733,0.2363758489662965,0.24213632147328767,0.27729394322213125,0.24123434658017184,0.2407259874843013,0.24123434686999784,Sudan
26,0.3480687272957272,0.24200331429815936,0.2482936932533796,0.2744945949497651,0.2472435226616051,0.2468477183256748,0.24724352280400308,Sudan
27,0.2890612816816257,0.18248625600059673,0.21806740859149254,0.22576727823163192,0.187676650287619,0.18703408020853643,0.18767665035758233,Sudan
28,0.23784620496755243,0.13334919169681445,0.17858568508075134,0.16030736964314735,0.1385621344513412,0.13803893809323473,0.13856213448571572,Sudan
29,0.20905250959687788,0.10476065715669325,0.13400743606968865,0.12127120469858839,0.11008276156816582,0.109751164972609,0.1100827615850548,Sudan
30,0.242806949397735,0.13331488008892445,0.15209682083356119,0.14698780469887443,0.13882237315925955,0.138571921473154,0.13882237316755747,Sudan
31,0.26421740523474796,0.15271004991178685,0.16560392058304424,0.1681494658695547,0.15810267571600506,0.1578858860536407,0.158102675720082,Sudan
32,0.26907655742286307,0.16291440575913788,0.17321853130635,0.18312382847137765,0.16920044723980016,0.1688023297926659,0.16920044724180325,Sudan
33,0.296013667890704,0.18824118075396307,0.19521006317102552,0.20450342241520936,0.1928324376480814,0.19230961773315774,0.19283243764906555,Sudan
34,0.29613835943395034,0.18823480624568614,0.19327662253219502,0.20485424351895512,0.1910759628634167,0.19068310397257293,0.1910759628639002,Sudan
35,0.3194961781326221,0.21061525430281106,0.2175454483709157,0.24085934188338767,0.21518785744995242,0.2147397480419188,0.21518785745018995,Sudan
36,0.3668401575229514,0.2539753705896759,0.2599153743711327,0.29446662348125824,0.2575546394547392,0.2572532005961278,0.25755463945485596,Sudan
37,0.40589947619607347,0.29105354980244713,0.2982272080047206,0.33650662260684455,0.2956590683505933,0.2954583322316406,0.29565906835065064,Sudan
38,0.42456362736540376,0.30862726466032614,0.3177674466703643,0.3566856596873743,0.31446569886253434,0.3143204382700885,0.3144656988625625,Sudan
39,0.4061273699412512,0.28971878940818163,0.3014605419645754,0.3347681915800365,0.2950694831046724,0.2948214720957035,0.2950694831046862,Sudan
40,0.4322646529541923,0.3153944943461391,0.3284673453221095,0.34665058971499274,0.3208345221056763,0.3204440946959554,0.3208345221056831,Sudan
41,0.45037991129296717,0.3389239030113071,0.35775863131188634,0.37104613875513276,0.34508089099000167,0.3449781916220527,0.345080890990005,Sudan
42,0.4242638130866338,0.30799509885461124,0.32570165213452723,0.3542826799907455,0.314256702668787,0.3142025906746671,0.3142567026687887,Sudan
43,0.3946931148242448,0.2812305431216685,0.293428084545867,0.3358986335393458,0.2877055177106917,0.28756286137376064,0.2877055177106925,Sudan
44,0.37683412330171123,0.26594886278648877,0.27313785905642046,0.3264973207073007,0.27017140481618523,0.2699137968846196,0.2701714048161857,Sudan
45,0.36087065103917343,0.25105944561501453,0.2560174604085972,0.31286993990040857,0.2542839428335942,0.2539292272191128,0.2542839428335944,Sudan
46,0.3447836529349217,0.236133754286006,0.24215073200016932,0.2897885837515633,0.2408617926167528,0.24059014462996725,0.24086179261675292,Sudan
47,0.3599692394279941,0.24661745805169707,0.252832625592419,0.3021717028950335,0.25178617581393153,0.25144613333268695,0.2517861758139316,Sudan
48,0.4275433706722809,0.3073100811751821,0.31380884831444045,0.35697850248419866,0.3130394780607738,0.3128211036639633,0.31303947806077387,Sudan
49,0.44199090500892096,0.32074753145795193,0.3275790999713686,0.36264156192392627,0.3260512044475523,0.3256242954666464,0.32605120444755237,Sudan
50,0.4366569672378742,0.3132886609575685,0.32263284161830713,0.3599686121967222,0.31854281862533074,0.3182972702559177,0.3185428186253308,Sudan
51,0.45298517748300937,0.326830761631737,0.3374888731884724,0.3724631851155453,0.3326563540171218,0.3325236355290655,0.33265635401712185,Sudan
52,0.4532762942138657,0.32938641307580285,0.33908501903874155,0.35787006498753443,0.33555969262143376,0.33548972295293283,0.33555969262143376,Sudan
53,0.4731542611077707,0.34879279760958964,0.35785668451862906,0.404514224676817,0.3542601769288243,0.3543059544632346,0.3542601769288243,Sudan
54,0.49498768434404417,0.37309248032708603,0.38224360580693983,0.4238258980450157,0.3793065946418314,0.37883024617724276,0.3793065946418314,Sudan
55,0.49398677910268585,0.37336331815988966,0.3791467957057286,0.41751988250334493,0.3773708457600444,0.37706136436158444,0.3773708457600444,Sudan
56,0.4870302205652215,0.3730712606143335,0.37674940561700715,0.4254596875433281,0.37535691641942814,0.37525957351589095,0.37535691641942814,Sudan
57,0.4652158869316413,0.3501948618379315,0.3525613209486221,0.40323055105931854,0.35144350189283174,0.35147050709817,0.35144350189283174,Sudan
58,0.4760537494311662,0.36167648246331136,0.36375151259569105,0.41166475355130583,0.3630380234505206,0.3631796263879739,0.3630380234505206,Sudan
59,0.4860314855912787,0.36718526233196563,0.3724728026256966,0.41731443994314277,0.3714543774936771,0.3716543727734244,0.3714543774936771,Sudan
60,0.4755241464651051,0.3530585893132322,0.3599837724460878,0.39788635178344645,0.35851311883148956,0.35857624611218364,0.35851311883148956,Sudan
61,0.471993042914916,0.3542656935566742,0.3601949301014015,0.40068564054328076,0.3585508820514627,0.3584097030169329,0.3585508820514627,Sudan
62,0.5133979786538854,0.3950880023148183,0.40090472368004815,0.4409816143154824,0.39971394964380796,0.3993463147943306,0.39971394964380796,Sudan
63,0.5639359232523125,0.4520354980572886,0.4792153125107297,0.4768842262402385,0.45444992931642303,0.4542788841466169,0.45444992931642303,Sudan
64,0.5948250994757114,0.48364214976669107,0.5184292333870082,0.5008250792109508,0.48795090505474137,0.4878699482158345,0.48795090505474137,Sudan
65,0.5508438253215642,0.43561129006879024,0.4569694663909583,0.48407773387823105,0.44015474256307124,0.4401370739556927,0.44015474256307124,Sudan
66,0.5186143377347224,0.40497231921505106,0.4196546730390537,0.46913672476592905,0.4106795058727595,0.4107147932564983,0.4106795058727595,Sudan
67,0.5161693995660686,0.4014528724862123,0.41261810161628515,0.4613357813297974,0.40769915048159566,0.4074892717294616,0.40769915048159566,Sudan
68,0.515129966871473,0.4014308273256175,0.4099667000649456,0.4550817330546909,0.40721233744163476,0.40673202151047083,0.40721233744163476,Sudan
69,0.5484402291336903,0.4313114672302552,0.43929808947699994,0.47253021828189756,0.43769039096589657,0.4372858074167118,0.43769039096589657,Sudan
70,0.5593972153334478,0.4440346018090833,0.4488288043998525,0.4741461670537098,0.4478935946919672,0.44749881435687994,0.4478935946919672,Sudan
71,0.5761011732490523,0.4598113981342144,0.46504100018926275,0.4858020525497203,0.4640107345008209,0.4635332781329937,0.4640107345008209,Sudan
72,0.5758317746703859,0.4639636900709512,0.47083166053340375,0.4888829993149255,0.4696673665307594,0.4691611320974816,0.4696673665307594,Sudan
73,0.5361847946107812,0.425213767222837,0.4344526391852263,0.45169565867484857,0.43133692932037165,0.43114366850080926,0.43133692932037165,Sudan
74,0.5231424743998704,0.410781991752724,0.42369906301214827,0.4385442146994612,0.41729790942511363,0.4172029560825016,0.41729790942511363,Sudan
75,0.49414689767697395,0.3793453930881302,0.41983056193148915,0.42168169690773794,0.38620680439753563,0.3861864210169516,0.38620680439753563,Sudan
76,0.48892302015955236,0.37971560791121606,0.422960406161689,0.4134054175418711,0.3860096626388152,0.3856643688946688,0.3860096626388152,Sudan
77,0.536181475402984,0.4270025176666135,0.4532820230022684,0.45598968115236455,0.43368319749396095,0.4334797187852742,0.43368319749396095,Sudan
78,0.5076088803596387,0.39743460342292297,0.4134846382459725,0.4397134217521668,0.40302932119454576,0.40273643720686925,0.40302932119454576,Sudan
79,0.49945233948554374,0.38589864098159105,0.39755949892564635,0.44619382925032325,0.39212859408765105,0.3920695840404373,0.39212859408765105,Sudan
80,0.537580196462542,0.4232621369871631,0.43156243201463246,0.47625172714516795,0.4285175405698862,0.4286119300173385,0.4285175405698862,Sudan
81,0.5688602566044957,0.4559569299205315,0.4625339785450659,0.49810792113471636,0.4605679368775438,0.4604114379971184,0.4605679368775438,Sudan
82,0.5627629353847757,0.4525764329252972,0.458155619492165,0.492004912988682,0.4565643281722959,0.45620181621340417,0.4565643281722959,Sudan
83,0.5535963064851881,0.44325756887155743,0.4508073614575051,0.48149862139677413,0.4484957817955362,0.44827549266893013,0.4484957817955362,Sudan
84,0.5036057343578022,0.39317132778161695,0.4001826006717806,0.4379602830542268,0.39772805302952957,0.39731822825114754,0.39772805302952957,Sudan
85,0.47251455460739633,0.36283922306611,0.3696100003927628,0.4117621813421168,0.36782453775831697,0.36757312825745936,0.36782453775831697,Sudan
86,0.43725300531498895,0.3284285159464935,0.3338371040547351,0.3773565308172472,0.33169933457747836,0.331518336962875,0.33169933457747836,Sudan
87,0.43081687920545964,0.3186708379151857,0.3288939688588187,0.3732084633454339,0.3229160439157239,0.3228271157586856,0.3229160439157239,Sudan
88,0.419447808251733,0.3028466007183357,0.3133689176098708,0.3409260098857415,0.30598114384998665,0.30572179137907646,0.30598114384998665,Sudan
89,0.41622059076303386,0.2987347118681236,0.3065724594870154,0.3210199912049555,0.301376000460658,0.30122422146445793,0.301376000460658,Sudan
90,0.4291272914879355,0.3073897328732974,0.3143387625617239,0.3233248268297984,0.31122752695649575,0.31112162126280063,0.31122752695649575,Sudan
91,0.468948386902718,0.3472512260311582,0.354843936297547,0.36433264857074255,0.3527140637272487,0.35257618872995466,0.3527140637272487,Sudan
92,0.5080647582584159,0.38431175631179626,0.3921647608785329,0.4041368435606136,0.3907745144511063,0.39065982561063095,0.3907745144511063,Sudan
93,0.5173511002669049,0.40162812145276217,0.40624055877086174,0.4346239156229949,0.405484704464027,0.40507369560295686,0.405484704464027,Sudan
94,0.5321093281411019,0.4156890852912735,0.42008124379938894,0.4630608766849901,0.4196545651356359,0.41933039272464256,0.4196545651356359,Sudan
95,0.5201305915508154,0.39888928390185724,0.40465151594970616,0.44465207081571045,0.4041318261942358,0.40386987113895567,0.4041318261942358,Sudan
96,0.5286371430873099,0.40440248808660895,0.4092515200546162,0.4540755951401997,0.40824138165073376,0.4078156427908095,0.40824138165073376,Sudan
97,0.5225678918646933,0.40100989631078493,0.4090730898521155,0.4525419734925956,0.4055048331960867,0.4050772562514627,0.4055048331960867,Sudan
98,0.5580781951636478,0.4360795254101368,0.4467140108898042,0.4790867198502826,0.44094131092415856,0.44073745286086935,0.44094131092415856,Sudan
99,0.5789198623726536,0.4540510963472155,0.46823824244784396,0.5038078858155796,0.45991627145878355,0.4597255216745244,0.45991627145878355,Sudan
100,0.6271497002856752,0.5032389334234909,0.519118428798884,0.536623102077754,0.5093391615607068,0.5091151066210156,0.5093391615607068,Sudan
101,0.7018169576869937,0.5769662024426274,0.5925393486126047,0.6020629275647271,0.5833894204983046,0.5831424797459015,0.5833894204983046,Sudan
102,0.6657085688344981,0.5390945626208838,0.5522117431416047,0.5952980111214837,0.5454802147738476,0.545068752768387,0.5454802147738476,Sudan
103,0.6300835194841528,0.5058525206974697,0.5148476211424747,0.5679024260595545,0.5106806056776949,0.510424312802265,0.5106806056776949,Sudan
104,0.6015635935278073,0.47824098400224374,0.4856406966186666,0.5355757834936592,0.4832931990132214,0.48303327805291746,0.4832931990132214,Sudan
105,0.6184072607725621,0.4965927064596518,0.5024569709485311,0.5572664205353187,0.5011930068738258,0.5008926208059555,0.5011930068738258,Sudan
106,0.6047062486173106,0.4836435551656938,0.48994902762884723,0.5441965068340565,0.48907572526393905,0.48863971437126175,0.48907572526393905,Sudan
107,0.6218237091371308,0.5003941449598743,0.5053114464915648,0.5526948683296179,0.5046340539458903,0.5040688527565577,0.5046340539458903,Sudan
108,0.6570635770370985,0.538400164517632,0.545213084730169,0.5879348986426248,0.5434256061679708,0.5428088996467835,0.5434256061679708,Sudan
109,0.6407292396009451,0.5194780655080194,0.5283688121474289,0.5674060380695186,0.525488559118829,0.5249535087998857,0.525488559118829,Sudan
110,0.5991900750410127,0.4761635880104227,0.4839937733249779,0.5186937658121222,0.4809432351370362,0.48044441552096806,0.4809432351370362,Sudan
111,0.5842792600937341,0.46544131010786344,0.4763918074555636,0.49133025210178877,0.4687152495934682,0.4683756794824281,0.4687152495934682,Sudan
112,0.6222585726668297,0.5030871708654139,0.5164997504440206,0.5237527823867635,0.5072754544453718,0.5069698220852501,0.5072754544453718,Sudan
113,0.6181227820629556,0.49253679117981697,0.5233923094160959,0.5110830898280236,0.49819725147778443,0.4981826193834675,0.49819725147778443,Sudan
114,0.6032717005242741,0.48166675157444766,0.5134778093224318,0.5142780878495545,0.4877653222532461,0.4877012367158232,0.4877653222532461,Sudan
115,0.6077298917429012,0.49142132872340755,0.5078046611285254,0.5390323230063704,0.49510627334281626,0.4949558999196571,0.49510627334281626,Sudan
116,0.6295570207770191,0.5148483559994836,0.5272137974241385,0.5652673843060206,0.5203599395176014,0.5203134404864052,0.5203599395176014,Sudan
117,0.6617228451965965,0.5482958087730496,0.5585526203114123,0.6081562380098979,0.5542092979086654,0.5541535860136158,0.5542092979086654,Sudan
118,0.6665435372415283,0.5498084154743785,0.5586406165913228,0.6143076151526613,0.5559193697862385,0.5558591314061005,0.5559193697862385,Sudan
119,0.6621934168961798,0.5419716062965728,0.5492532475707815,0.6060883880789726,0.5476264696753073,0.547514384017648,0.5476264696753073,Sudan
120,0.6345860179669129,0.5175307427769661,0.5238623735913011,0.5797708464896516,0.5226680798668563,0.5222736292214849,0.5226680798668563,Sudan
121,0.6288692923609658,0.5176695770283355,0.5259047175197816,0.5751825336635015,0.5234048458783049,0.5229192601116277,0.5234048458783049,Sudan
122,0.6512797871701985,0.5374455618635725,0.5487899556079476,0.5927634404386,0.5428210556941867,0.5425170587870571,0.5428210556941867,Sudan
123,0.6840570149417802,0.5734657958771846,0.5886821206644346,0.6273003228463764,0.5796763717568925,0.5792209746790915,0.5796763717568925,Sudan
124,0.7125525157439784,0.5964513253249573,0.6129222086664906,0.6421799559270712,0.6027103794835985,0.6023723818579889,0.6027103794835985,Sudan
125,0.7375081462431156,0.6221377951447028,0.6431565453569079,0.6511666056403745,0.628859651585907,0.6286835213245809,0.628859651585907,Sudan
126,0.7098503120567956,0.5997410154996262,0.6187433072038705,0.6328852274609317,0.6063352337014567,0.6063507700827842,0.6063352337014567,Sudan
127,0.735090230607447,0.6219307554542574,0.6353657292356488,0.6651878212204924,0.6282751508635754,0.6282571789205048,0.6282751508635754,Sudan
128,0.752318291441676,0.6378088058343205,0.6484705260758502,0.6881120904137168,0.6443363959568,0.6443341215381887,0.6443363959568,Sudan
129,0.7602015176044641,0.644136107574401,0.6534744902442997,0.6944367592096434,0.6509902242580583,0.6509949937720244,0.6509902242580583,Sudan
130,0.7467179771094757,0.632962487879231,0.639318992340638,0.6803407011522811,0.637727763359407,0.6377315712941164,0.637727763359407,Sudan
131,0.722045764491239,0.6085624776065329,0.6139003556095753,0.6584778131093265,0.612686557377101,0.6127032210300366,0.612686557377101,Sudan
132,0.7003136977691674,0.583071386186914,0.588289227609054,0.6357844673630536,0.5874711681584618,0.5874075113194027,0.5874711681584618,Sudan
133,0.692655538812502,0.5762391566157852,0.5826579187921904,0.6239520550902915,0.5815611266209794,0.5812796856837918,0.5815611266209794,Sudan
134,0.6806790386621431,0.5650246864720292,0.5801450433625116,0.6153287815979221,0.5700811875157522,0.5698836510559108,0.5700811875157522,Sudan
135,0.6834124358654191,0.5682407290768463,0.58550960829917,0.6138511341179961,0.5739385919938507,0.5739317830725877,0.5739385919938507,Sudan
136,0.6898909991722275,0.5740119728925741,0.5854804095100834,0.6183279354461585,0.5787357688076338,0.5782349227990853,0.5787357688076338,Sudan
137,0.7121207249839706,0.5989962442933223,0.6318813626273845,0.6628363525588284,0.6033682596538089,0.6028133863060731,0.6033682596538089,Sudan
138,0.7162992182034146,0.605850844679038,0.6493878862807612,0.6731192999834282,0.611189698553458,0.6107890529417078,0.611189698553458,Sudan
139,0.7628965931285808,0.6515383491199022,0.6814213756476852,0.7048438591951424,0.6575503450005479,0.6570197987033912,0.6575503450005479,Sudan
140,0.8037986270385876,0.6858871331198361,0.7041198951061766,0.7347048340906979,0.6922624898385015,0.6919905032360671,0.6922624898385015,Sudan
141,0.7955098103422876,0.6798225153370802,0.6913006529761503,0.7330908468138181,0.685206634616507,0.6848301117281211,0.685206634616507,Sudan
142,0.7937633719786665,0.6812387158212276,0.6900452229640562,0.72958687480668,0.6867272450581001,0.6863076781898582,0.6867272450581001,Sudan
143,0.830156979689563,0.7127629020103446,0.7189735570750414,0.7557961554015469,0.7169188989404133,0.7165575237867348,0.7169188989404133,Sudan
144,0.8527437185133728,0.737431258978249,0.7435344839680571,0.7756130378150047,0.7421802564212482,0.7417611135481696,0.7421802564212482,Sudan
145,0.8710707675595736,0.7519642737986377,0.7596549577212172,0.7929564470792331,0.7579030955297369,0.7573638964475127,0.7579030955297369,Sudan
146,0.8654871245356971,0.7424273425037535,0.7538217881804761,0.7790002337389705,0.748164211216666,0.7479745990885616,0.748164211216666,Sudan
147,0.8467621557591735,0.7224695128456023,0.7340431487735614,0.7601141532660488,0.7278104116817828,0.7277214208694565,0.7278104116817828,Sudan
148,0.8440086242395048,0.7213110715754648,0.7330439813282267,0.7536640480237945,0.7272204291543867,0.7270538341130509,0.7272204291543867,Sudan
149,0.8714087130148027,0.7463228434496187,0.7594170206792032,0.7694581639319813,0.7529316285801204,0.752598082562707,0.7529316285801204,Sudan
150,0.9423096059936891,0.820949809590376,0.8324479344235117,0.8366778000447154,0.8277538353131471,0.8276224139883844,0.8277538353131471,Sudan
151,0.9525700578866887,0.8362312816785884,0.8437182759551612,0.8480122540941465,0.8411909884512407,0.8411820344123773,0.8411909884512407,Sudan
152,0.9140793939969124,0.7966632038881175,0.8039563854993994,0.810534175661552,0.8024547994459089,0.8024903908745716,0.8024547994459089,Sudan
153,0.8920378249952731,0.7733518582512903,0.7783296961578026,0.7889854492617847,0.777189060433829,0.7771843749752042,0.777189060433829,Sudan
154,0.8924648790321095,0.7755097226675413,0.7817456566748986,0.7937147015638929,0.7807304606806172,0.7807050319198386,0.7807304606806172,Sudan
155,0.8922036730073378,0.7793579253718377,0.7836683712382894,0.7973841492324968,0.7826729084475821,0.782610297121384,0.7826729084475821,Sudan
156,0.8664215388001036,0.7541392972256433,0.7572342721821222,0.7763034446791705,0.7561173281039322,0.7558256669643483,0.7561173281039322,Sudan
157,0.8410355833318036,0.7260413263967882,0.7315866345537323,0.7534021372911353,0.7303513613319996,0.7299953598456659,0.7303513613319996,Sudan
158,0.8289676377348105,0.7137509621719055,0.7206527291292567,0.7436650094917884,0.7192067626103941,0.7188191492794943,0.7192067626103941,Sudan
159,0.8561276113136069,0.7414901526965045,0.7513984725835148,0.7686781737481242,0.7461537434685118,0.7458530727892988,0.7461537434685118,Sudan
160,0.8511781628652485,0.7390987992348742,0.7499709190532556,0.7636942063780289,0.7439083916574453,0.7435228654091538,0.7439083916574453,Sudan
161,0.763725404829158,0.6531959022674435,0.6594408703029911,0.6933293198271464,0.6558832074206551,0.6556204882253729,0.6558832074206551,Sudan
162,0.7075795873029765,0.5992264025829681,0.6034340026263862,0.6202379915749876,0.6008596508096014,0.6007135571632317,0.6008596508096014,Sudan
163,0.7255043790576486,0.6170518108262056,0.6212325642266456,0.6310633094011072,0.6181347754204497,0.6180128423931679,0.6181347754204497,Sudan
164,0.7665622156551989,0.660519628393599,0.6644631285793596,0.6897057710764535,0.661905844592748,0.6617307268207344,0.661905844592748,Sudan
165,0.7982999683456687,0.6919997880368864,0.69597321793778,0.740235378921777,0.6945244638191448,0.694293404396324,0.6945244638191448,Sudan
166,0.8498812550763508,0.7429715969772513,0.7468299190351513,0.7926683280894878,0.7458904596797681,0.7456331626452574,0.7458904596797681,Sudan
167,0.8763071822533489,0.7693911964095368,0.7744767974900642,0.8149596263200163,0.7736529112261543,0.7735856884864347,0.7736529112261543,Sudan
168,0.8945122597767854,0.7877834378833105,0.7940511695435295,0.8327500881171159,0.7931432148001848,0.7930832481219969,0.7931432148001848,Sudan
169,0.8623258035538288,0.7581332137141771,0.7621691860033931,0.8034256525067381,0.7607665914213836,0.760505926207657,0.7607665914213836,Sudan
170,0.8837048900434377,0.7805268593718045,0.7853829779528533,0.8232599910990444,0.7834808252429164,0.7829209890472788,0.7834808252429164,Sudan
171,0.8993356458979086,0.7959175155127647,0.8068254814553244,0.8373964336163373,0.8010812821048587,0.8010006575391106,0.8010812821048587,Sudan
172,0.9017132577626428,0.7956622905958859,0.8065246092947682,0.8404381874245278,0.8001294520200039,0.8001608080348126,0.8001294520200039,Sudan
173,0.915731668408884,0.8113612779683945,0.8248162116597184,0.8443259642140538,0.8170094209700248,0.8170427134110635,0.8170094209700248,Sudan
174,0.881068857182215,0.7775860003682948,0.7908896854135608,0.8043919890906845,0.7832660816462682,0.7832738848061453,0.7832660816462682,Sudan
175,0.8797307844748969,0.7770957766009786,0.7852997753534185,0.7941146498017134,0.7804518247860298,0.7805582001049601,0.7804518247860298,Sudan
176,0.8929930272722795,0.7890337149086353,0.7942070198772101,0.810847718925242,0.7911406921202285,0.7912209898443231,0.7911406921202285,Sudan
177,0.9078915952823956,0.7998155541807984,0.80346619667034,0.829207688691489,0.8014574127817916,0.8014449880066845,0.8014574127817916,Sudan
178,0.9344074399152834,0.8286209278087179,0.8314281239937236,0.848533609973554,0.8299589184459212,0.8297490119139527,0.8299589184459212,Sudan
179,0.9696259676119648,0.8657028603437259,0.8674860326842269,0.8792073299360142,0.8665071220237209,0.8661407585589326,0.8665071220237209,Sudan
180,0.9908313110841358,0.8856115446791973,0.888925060292097,0.897820890053759,0.8881086692144504,0.8877314745539054,0.8881086692144504,Sudan
181,0.9926246087465369,0.8833579850483755,0.8887089915799349,0.8976236514954131,0.8871622797482837,0.8866705493759257,0.8871622797482837,Sudan
182,1.0052521743413723,0.899475539104999,0.9035680042465457,0.9217275670209498,0.9019535586362092,0.9016331345024581,0.9019535586362092,Sudan
183,1.0015858957973658,0.8937879635106379,0.8995218572586606,0.9141455524785428,0.8978735101115647,0.8975922442256768,0.8978735101115647,Sudan
184,0.9403039137742795,0.8341927941845975,0.8398600511723889,0.8547922751331152,0.8376413147663385,0.837554371052271,0.8376413147663385,Sudan
185,0.882852006277966,0.777316157712748,0.7829846597066068,0.8121744988574959,0.7805828425342981,0.7806193615138252,0.7805828425342981,Sudan
186,0.8250357179409192,0.7242064582829064,0.7300221615078569,0.7449058617735351,0.7267990238926143,0.7268733199346417,0.7267990238926143,Sudan
187,0.8083296388735283,0.7113208481324591,0.7173150078175952,0.7618634359571792,0.7139937700449162,0.7140767823994952,0.7139937700449162,Sudan
188,0.8359343706185486,0.743728261972783,0.7476253136167573,0.8034192558027482,0.7454346471483437,0.7456378069191424,0.7454346471483437,Sudan
189,0.8862827075820925,0.7857209309406481,0.7893890252522976,0.8362804313137419,0.7880698522380589,0.788202119678477,0.7880698522380589,Sudan
190,0.9314545973279371,0.8318280225247656,0.8341006491214848,0.8695304460181555,0.8332912747931733,0.8333503245232657,0.8332912747931733,Sudan
191,0.9840347893642113,0.8894452540001383,0.8943221667316025,0.9169717632736039,0.8935741357856497,0.8935057289366783,0.8935741357856497,Sudan
192,0.9983105921490374,0.9113050872109267,0.9144403655705445,0.9349083214222299,0.913554014385183,0.9132430105837952,0.913554014385183,Sudan
193,0.9750414331770598,0.8919869591800675,0.8958760073495236,0.9188424864642978,0.8950069779290697,0.8945183192013428,0.8950069779290697,Sudan
194,0.9789826247830038,0.9214704219629347,0.927054370121318,0.9544231015160834,0.9262228336902433,0.9259734625593545,0.9262228336902433,Sudan
195,1.0066071894560207,0.9386892499103556,0.9485349105400434,0.9705950765653768,0.9442130508400061,0.9439909964757877,0.9442130508400061,Sudan
196,1.028577847785051,0.9590538393462259,0.9727072615605428,0.9900561422998561,0.9652893059637293,0.965356947734981,0.9652893059637293,Sudan
197,1.056615205463393,0.990669383841459,1.006973253272173,1.0119855326395875,0.9967263896302105,0.9968743923679748,0.9967263896302105,Sudan
198,1.0450180725773623,0.9825985438469906,1.0200573638004482,0.9962163575227914,0.9887192008957202,0.9887310434152018,0.9887192008957202,Sudan
199,1.0071199195161544,0.9387143117794959,0.9775907454287689,0.9497220486212203,0.9449065349234463,0.9450257936521861,0.9449065349234463,Sudan
200,0.9757900153658527,0.9218104755190977,0.9432883261814735,0.9367771346777028,0.926027363692467,0.9260642433650335,0.926027363692467,Sudan
201,0.985275186112518,0.9257898462567162,0.9389293449429056,0.941603632559072,0.930112358097491,0.9301872519575699,0.930112358097491,Sudan
202,1.002755645606311,0.9485119401193858,0.95746916308545,0.9621855906372403,0.9526179231318173,0.9525799675455365,0.9526179231318173,Sudan
203,1.007648973402264,0.959808980833261,0.9645796235471671,0.9698555640102199,0.9618997802341421,0.96169344168166,0.9618997802341421,Sudan
204,1.0006410282009826,0.9601414052985203,0.9641674220891759,0.9698466724630601,0.9628067664574904,0.9624117585893712,0.9628067664574904,Sudan
205,0.9869724062722748,0.9616021076579382,0.9679740851574152,0.9731095704014133,0.9664640081957846,0.9662138799232645,0.9664640081957846,Sudan
206,0.994820808160474,0.9547808630886987,0.9629848841351937,0.9700481606087518,0.9597899954218416,0.959576311534709,0.9597899954218416,Sudan
207,1.0295703390679294,0.9990983904593137,1.0059955524598694,1.0135967452837213,1.002761005507528,1.0022222260481306,1.002761005507528,Sudan
208,1.0177324533982404,0.9840752077051005,0.989356328706851,0.9965322026222467,0.9872841831827613,0.9871915687341979,0.9872841831827613,Sudan
209,1.0190173695759097,0.9898769743280783,0.9939955866338839,1.0008127968788474,0.9925399580678386,0.9925734294022752,0.9925399580678386,Sudan
210,1.0616359756892886,1.04523763738941,1.0539574980515236,1.055974297638732,1.0486270340315924,1.0485229555637423,1.0486270340315924,Sudan
211,1.0863289625391372,1.0713222165803657,1.0818425002388279,1.0805518069668316,1.076098213733133,1.0762653857140652,1.076098213733133,Sudan
212,1.105287430415967,1.089821730572941,1.0959254250082333,1.095192512437321,1.0925825034080083,1.0926711813888905,1.0925825034080083,Sudan
0,0.8887790738927834,0.8887790738927834,0.8887790738927834,0.8887790738927834,0.8993716945626614,0.8887790738927834,0.8887790738927834,Indus
1,0.8033397880985169,0.8401380775178052,0.8537974276034935,0.8481584415560706,0.8471256412057924,0.8400017802816634,0.8402247104909855,Indus
2,0.70213651827269,0.7633737566609016,0.7805869377247344,0.7812219881967102,0.7682096201195708,0.7626776214435059,0.7637137690724367,Indus
3,0.6182839630445764,0.6999766828959807,0.7296660264988915,0.7126883969660017,0.7032666974303169,0.6987519097817007,0.7003377190832879,Indus
4,0.6282938897110669,0.7246174072432651,0.7680140932468974,0.7345330479401296,0.7269699272005858,0.7237594091853436,0.725061742505981,Indus
5,0.6309961981973662,0.7326443814292032,0.7710898630725793,0.7457021409616252,0.7343800847699161,0.7318599265461025,0.7331369315617615,Indus
6,0.6191262722086521,0.7302386604036115,0.7589367031587816,0.749247927009685,0.731661385737367,0.7284075568745505,0.7308514903937378,Indus
7,0.6548251869333733,0.767546437588445,0.7907773906232208,0.7913347028651591,0.7687275295285538,0.7658492282886594,0.7681998950718113,Indus
8,0.6419884945296761,0.7600023777047366,0.7815187807612797,0.7896812039441029,0.7610010327544586,0.7587451148407607,0.7606572869580025,Indus
9,0.6880800562617351,0.8068604185938569,0.828212186846298,0.8276275545814453,0.8077265244956027,0.8058735907910548,0.8075025793550393,Indus
10,0.7682077618924811,0.8841176314565387,0.9070400120067674,0.9111809065996337,0.8851606832495198,0.8837813925099923,0.8850147864080196,Indus
11,0.805404076408615,0.9239562544925687,0.950926114720318,0.9555081040876848,0.9249393749716502,0.9245052029738376,0.9248443254059119,Indus
12,0.8073672076415968,0.9245033763391455,0.950784081691939,0.9570977114388448,0.9254689249896009,0.9247994489110197,0.9254070016480526,Indus
13,0.7547092045501372,0.8725498901566104,0.8959726618728101,0.9016701940509891,0.8733806223473972,0.873021545705182,0.8733402802353768,Indus
14,0.748756691035507,0.8679696606396128,0.8884595472540817,0.8952662358083214,0.8687871183214542,0.868087544205399,0.868760836051125,Indus
15,0.8136966242493993,0.9312705455377195,0.9666355805385213,0.9573043746151795,0.9320497074553153,0.9310196541383092,0.9320325849572837,Indus
16,0.801395035890334,0.9151660646673849,0.9665669903003703,0.9525161914577991,0.9161547232926033,0.9155340002706769,0.9161435682464383,Indus
17,0.7444701642648381,0.8615811400889865,0.905110688281435,0.9067384385157239,0.862659247307119,0.8628758321413776,0.8626519799647773,Indus
18,0.7311725301787422,0.8436396471858878,0.8773389170709701,0.8875367575345594,0.84482728658437,0.8448805751769872,0.8448225520217398,Indus
19,0.7609372857936281,0.8787218972627434,0.906831687772414,0.9190751575756817,0.8796928644271236,0.8794408640898551,0.8796897799318232,Indus
20,0.8188435706171763,0.9324669121553942,0.9589304956191189,0.9729339663676266,0.9335555917330167,0.9330124499182424,0.9335535822314004,Indus
21,0.7553176462940074,0.8716838521119048,0.8948459616572656,0.914599113785626,0.8726635722467803,0.872265178621814,0.8726622630871438,Indus
22,0.6109031906064205,0.7280273319519689,0.7444117138569073,0.7770572075825646,0.7289921450101965,0.7281442969549262,0.7289912921126721,Indus
23,0.5842697947627673,0.6965272480339739,0.7118478536862085,0.7417589615410158,0.6971608847247404,0.6960511589168119,0.697160329075019,Indus
24,0.5738493621154164,0.6886096788095425,0.7084524421812652,0.7275844341274583,0.6890667507464283,0.6883437813178407,0.6890663887491145,Indus
25,0.5202515448761675,0.6379350077128408,0.663876947531005,0.673368866845853,0.6385583150674475,0.6375085099832765,0.6385580792317219,Indus
26,0.4654640908913257,0.5818510474610837,0.6059995075054713,0.6164137009550756,0.5826940232912362,0.5808419351937407,0.58269386964786,Indus
27,0.40177040563700167,0.5185171861431016,0.5386851632609819,0.5571273512753714,0.5193377629246424,0.5164232663475677,0.5193376628283275,Indus
28,0.35605180121890223,0.4704724849409326,0.4884971493095337,0.5166278889849069,0.47145127985567253,0.46824694697957703,0.4714512146444509,Indus
29,0.43060655341993703,0.5424618368053561,0.5584148984212552,0.5832471247610652,0.5432855760718398,0.5403903938196677,0.543285533587724,Indus
30,0.5184099775045911,0.6331459713223472,0.6502682582029145,0.6712868515651177,0.6336904912256557,0.6315640946710478,0.6336904635479027,Indus
31,0.6016976898964951,0.7184597691094567,0.7354660415267466,0.7562884148773459,0.719257936373413,0.71734345556615,0.7192579183417793,Indus
32,0.6877962913515859,0.800909476267744,0.8187908682136547,0.8393263007554773,0.8015553640420712,0.7993582547781969,0.801555352294737,Indus
33,0.7779551221271586,0.8919133255108338,0.9093614117825538,0.9249593220237413,0.8925930669978872,0.8911841919795771,0.8925930593446783,Indus
34,0.8852844418592796,0.9986107392904742,1.016308135936519,1.0228070667585096,0.9992406792298567,0.9985200344692748,0.9992406742439077,Indus
35,0.9091748825890046,1.0234143928597033,1.0470843075419487,1.0418785364479122,1.0242931549322227,1.0246896333248767,1.024293151683953,Indus
36,0.8846720457956359,1.0053666131044587,1.0295921080326091,1.0279025614687942,1.0061185601040754,1.0080065339967317,1.0061185579878773,Indus
37,0.7904767280382857,0.915404710648124,0.9371111439797106,0.9410084496704526,0.9159598483219714,0.9173138648655249,0.9159598469433007,Indus
38,0.7329931683590102,0.8558386855478908,0.8816350065949117,0.8825045430659284,0.8565314272322999,0.8576553768390801,0.8565314263341168,Indus
39,0.6769596967348293,0.8006741136173757,0.8265566737508089,0.8356261555596225,0.8014792785100303,0.8023807635621254,0.8014792779248777,Indus
40,0.5630962567166468,0.6890310172146048,0.7171226539731002,0.7293002924329878,0.6898768659271538,0.6891372679521773,0.6898768655459359,Indus
41,0.555163387587574,0.6758694404706285,0.7047976483131901,0.7206699703953119,0.6766977021312773,0.6754551808691686,0.6766977018829197,Indus
42,0.5354747115540878,0.6540912217534441,0.6784411749158822,0.6989367373600182,0.655048010301172,0.6535308211974613,0.6550480101393708,Indus
43,0.48629013948402755,0.6063651450553382,0.6250057085328186,0.6487242691699896,0.6074667816405592,0.6053764940330674,0.6074667815351482,Indus
44,0.5170716764053178,0.6331430818919878,0.6469654306986874,0.6662019769556549,0.6343581097799141,0.631553641177665,0.6343581097112405,Indus
45,0.508653950580132,0.6287114234769935,0.6402594818882589,0.6518963751173565,0.6298280506282415,0.6274205163011166,0.6298280505835018,Indus
46,0.4716716223258371,0.5900720482134112,0.6055311522519001,0.6239740963519119,0.5907995137618517,0.5889084868815078,0.5907995137327045,Indus
47,0.4316814545578196,0.553205818220245,0.5741869345318834,0.5886970686660601,0.5540395171498672,0.5520111878193956,0.5540395171308783,Indus
48,0.37544774709857764,0.49930113462006903,0.5198618725693193,0.5320365170149832,0.5002887438269258,0.4988362269321232,0.5002887438145548,Indus
49,0.38566453219980285,0.5123419156199266,0.5368195751684823,0.5411513470387652,0.5130220082324678,0.5117166212747891,0.5130220082244082,Indus
50,0.46553778454147976,0.5916534145889419,0.6187839431116147,0.6210056928210879,0.5925944694901526,0.590537563208073,0.5925944694849019,Indus
51,0.5936693951366352,0.72176701362558,0.7436655956769817,0.7590382059039779,0.7226803572740693,0.7207144617861704,0.7226803572706486,Indus
52,0.6405728670100793,0.7697873964974735,0.7990173514786936,0.815656721522033,0.7707007948652691,0.7699810287298382,0.7707007948630406,Indus
53,0.6098896155798694,0.7371042384192709,0.769512108817065,0.7861602819895589,0.7381578910341785,0.7379639962141845,0.7381578910327266,Indus
54,0.6320934724596167,0.7602627729433368,0.7843007122751608,0.8082924400879556,0.761108008967126,0.760894249261003,0.7611080089661801,Indus
55,0.7096190297556584,0.8353504651343883,0.8539986278211338,0.8756536512087688,0.8362937683383084,0.8366111167872947,0.8362937683376922,Indus
56,0.6583816064985728,0.7833312800498972,0.7972869714035233,0.8206371587423296,0.7842671884457255,0.7852923790786034,0.7842671884453241,Indus
57,0.6503928864522288,0.7770456602539557,0.7910259031389941,0.8185019470762882,0.7779916892723993,0.7788372084414537,0.7779916892721377,Indus
58,0.7341034108933603,0.8625654352325974,0.8773527083248427,0.9019444593835818,0.863455746473211,0.8646082674639431,0.8634557464730407,Indus
59,0.6925372066484057,0.8229435215868707,0.8346290644910211,0.8517853693843763,0.8237342407147232,0.825149619324601,0.8237342407146123,Indus
60,0.6254337384831216,0.7586851497513456,0.7721345016017397,0.7837314896815845,0.7592210516914791,0.7602757373255442,0.7592210516914069,Indus
61,0.6538985023693139,0.7853062363278793,0.8017535700017948,0.8120184413855577,0.7858786239357394,0.7857484489861751,0.7858786239356923,Indus
62,0.6279757468154206,0.7572814491098235,0.7768587066140001,0.7801962179875357,0.7579706180961716,0.757091971163718,0.757970618096141,Indus
63,0.5405749254972798,0.66645991206191,0.6928307441107767,0.6837804260726025,0.6673165738724961,0.6670745273998346,0.6673165738724761,Indus
64,0.43861826941603654,0.5610138998277228,0.5909659913860272,0.5887239886271114,0.5618302239181573,0.5598859886337936,0.5618302239181443,Indus
65,0.35027899974302257,0.4756696863413504,0.5021773929099,0.5159320177813603,0.4764676643131544,0.4750339555557964,0.4764676643131459,Indus
66,0.3198312745104253,0.44177816324428754,0.46254232377243726,0.48483960439097445,0.44274799418748145,0.4404457161817381,0.4427479941874759,Indus
67,0.3417686329224055,0.4634753552229634,0.4823020145506193,0.5045877950842326,0.46411919655710676,0.4617817451192442,0.46411919655710315,Indus
68,0.44100241561559317,0.5612666215848428,0.5801548635430105,0.6027722358892308,0.5621751565267975,0.560518888634338,0.5621751565267952,Indus
69,0.4154980001852857,0.5375814425677674,0.5538297067650447,0.574584977587821,0.5383947550776954,0.5376329951170075,0.538394755077694,Indus
70,0.2830266014082329,0.40726036777333935,0.4205989144260305,0.43269631501885186,0.4079736948795899,0.4072253857608859,0.40797369487958896,Indus
71,0.3067339759177346,0.43195989339298063,0.4470834425401748,0.46270510490249683,0.4324524306764433,0.43101007875733244,0.4324524306764427,Indus
72,0.40453859135551745,0.5259690017066319,0.5425810929497803,0.5583997415003139,0.5265866114111122,0.5252700974750296,0.5265866114111118,Indus
73,0.48881130169939224,0.6088876287020911,0.6254938418130184,0.6412374450327416,0.6097545573761538,0.6087544674391241,0.6097545573761536,Indus
74,0.5430925903108713,0.6598944831433522,0.6923564424011588,0.6925929572204729,0.6608704229374754,0.6606331763808068,0.6608704229374753,Indus
75,0.5757146093986305,0.6939351049324748,0.7383803478889523,0.7330073352460593,0.6949715559173433,0.694985000427868,0.6949715559173433,Indus
76,0.5627237031790663,0.679217502023573,0.724788874533622,0.7239987622832514,0.6802608281047822,0.6805962451664791,0.6802608281047822,Indus
77,0.5155361760921358,0.6306764174826429,0.6696737812454197,0.6811638230890311,0.6317266830974965,0.6328349039038828,0.6317266830974965,Indus
78,0.46921519038658466,0.5866978759481261,0.616085517523381,0.6298826594639244,0.5876343238276822,0.5880027366622337,0.5876343238276822,Indus
79,0.4805816049801481,0.5998063843792609,0.6229799077942394,0.6380905847551098,0.6006860206994358,0.5999060720724998,0.6006860206994358,Indus
80,0.5626250579861493,0.6821912649863601,0.6997513425823789,0.7206204387350289,0.682865608833188,0.6824519163043813,0.682865608833188,Indus
81,0.5675498131223033,0.6858264354938056,0.7064155390649766,0.7121814437356662,0.6863446150658953,0.6864275667587161,0.6863446150658953,Indus
82,0.5012326638436222,0.617047203930394,0.6433819750257888,0.6449081770369497,0.6175190435792145,0.618167159813194,0.6175190435792145,Indus
83,0.4648175141667193,0.5784761649888377,0.6064461915282103,0.609098031720889,0.5790577432578191,0.5799726435450827,0.5790577432578191,Indus
84,0.4770606394508117,0.5913213779444024,0.6209192230310765,0.6243932390692033,0.59206634651745,0.59344693088784,0.59206634651745,Indus
85,0.41162515683652284,0.5258071124373594,0.5517778450095386,0.5580892313930177,0.526710599312635,0.5288791264733441,0.526710599312635,Indus
86,0.32532769233712594,0.4396844985406812,0.4740834392688611,0.47183004876208146,0.44075609403082755,0.4427521465196999,0.44075609403082755,Indus
87,0.21894562888755958,0.3364169508765051,0.37592684520809,0.37047211923722123,0.3374384175858079,0.3382412790071903,0.3374384175858079,Indus
88,0.15208723598692986,0.27319309278461934,0.31032566186898164,0.3170398885532946,0.2740216786154928,0.2740063250565651,0.2740216786154928,Indus
89,0.15703938016654895,0.2806144514815492,0.3138049058659853,0.3251374361119911,0.28153169129747235,0.28050274318154245,0.28153169129747235,Indus
90,0.23552847179729175,0.3601699634166642,0.387697171937028,0.4044733787937759,0.36121399150317285,0.3595301306650655,0.36121399150317285,Indus
91,0.2631898775726982,0.38957563108602633,0.4135325088417595,0.42807120449928177,0.39055498148481155,0.38859206173106187,0.39055498148481155,Indus
92,0.2117648712437551,0.34064190865976424,0.3595750785295936,0.3756235346274246,0.34162867553364457,0.34018504232283686,0.34162867553364457,Indus
93,0.2509511648797097,0.37654447421892245,0.3975923293000964,0.41556191505988255,0.3772522615081459,0.3755775151662474,0.3772522615081459,Indus
94,0.23208075704643968,0.36117635713836094,0.383136317485545,0.40436325295293696,0.36187706761694227,0.3606600744091329,0.36187706761694227,Indus
95,0.17241033955329366,0.3031021175050227,0.32220065788239904,0.34333026522298454,0.3035725395763734,0.3027665241757216,0.3035725395763734,Indus
96,0.19792229945018078,0.33032971486610296,0.3483941761559548,0.3655019940853363,0.3306603971178649,0.3294485905840028,0.3306603971178649,Indus
97,0.2708855132281213,0.39929013689932646,0.4215306830047839,0.43033946278659296,0.39969828232787663,0.398269023475183,0.39969828232787663,Indus
98,0.3635249645229639,0.49098788628365997,0.5121165026277493,0.5229160778502626,0.4915191174464396,0.4894774749261799,0.4915191174464396,Indus
99,0.4906188290118798,0.6188921006559919,0.6344017879645993,0.6561212337657006,0.6196056527475633,0.6183844488445286,0.6196056527475633,Indus
100,0.5940776610513719,0.7211957552772408,0.735424176213339,0.7598776127227749,0.7219596559468728,0.7211640602405658,0.7219596559468728,Indus
101,0.5847940794564528,0.7117813024910788,0.728273002153299,0.7489794377602101,0.7125773311494347,0.7121181837674748,0.7125773311494347,Indus
102,0.4889484284438027,0.617246682824587,0.632833372458836,0.6555852429411065,0.6180950395677015,0.6181109633504138,0.6180950395677015,Indus
103,0.4056866252772843,0.5323522729903287,0.5460141633447255,0.568005093802753,0.5332786491405003,0.5338742622563023,0.5332786491405003,Indus
104,0.31560725683179264,0.4442011019394857,0.4563121329535016,0.4817098294989479,0.4452156204936345,0.44577685623316665,0.4452156204936345,Indus
105,0.3210830299500067,0.4483822361527242,0.4610707405572072,0.49078839212710657,0.44935355342194927,0.4497018760128654,0.44935355342194927,Indus
106,0.37063134609759524,0.49838036650372836,0.5177138842133142,0.5387660381072175,0.4994842053353736,0.5005601972605631,0.4994842053353736,Indus
107,0.36210349297726474,0.48892571067647167,0.5130690700888468,0.5263613280956934,0.49006522273352354,0.49108826201748107,0.49006522273352354,Indus
108,0.326412000241446,0.450981022823218,0.47351345003999246,0.48762771878541716,0.45189394139558847,0.45268751109989447,0.45189394139558847,Indus
109,0.33118321306361176,0.45410904608402725,0.478680916990044,0.4892509196579261,0.4548580274496926,0.45608779552780776,0.4548580274496926,Indus
110,0.2823208770022119,0.4066952294536083,0.43743712060550377,0.4401153669495339,0.4075463596932942,0.4074463092311271,0.4075463596932942,Indus
111,0.31838629695796916,0.4429118504377243,0.4725023100065614,0.4784945553133381,0.4439441732298001,0.44373407278037424,0.4439441732298001,Indus
112,0.45600909138232787,0.5801938219264444,0.6036954006336215,0.6088042800585978,0.5813347007698396,0.5803533405855223,0.5813347007698396,Indus
113,0.5281976038493132,0.6548443605421628,0.6769002014392093,0.6779917288678652,0.6558792644354057,0.6557362510304624,0.6558792644354057,Indus
114,0.4922240969147399,0.6170167725037181,0.638271918109845,0.639526331835352,0.6181571390742793,0.6184989617831081,0.6181571390742793,Indus
115,0.4148164483387823,0.538966750405186,0.5584850216900615,0.5589982586075924,0.5397657096054718,0.5405934600784588,0.5397657096054718,Indus
116,0.360688533002618,0.4812289356444781,0.5034319301340169,0.5072032325552335,0.48218956015201037,0.48328698668109743,0.48218956015201037,Indus
117,0.3494368089974693,0.467906842369737,0.49346730840320446,0.4972333747145035,0.4686913642421734,0.46946167514564074,0.4686913642421734,Indus
118,0.2812962272895839,0.40255504901980876,0.432057654481238,0.43406551159211715,0.4032248427129432,0.4037820427783579,0.4032248427129432,Indus
119,0.18340802509981352,0.3024332692187698,0.336470743218382,0.3242044207800313,0.3029403098329704,0.30330358077262415,0.3029403098329704,Indus
120,0.1739647271792263,0.2929473186037295,0.32920134269849666,0.32441821447901914,0.2935926968135937,0.29375660327398284,0.2935926968135937,Indus
121,0.19881015442598213,0.31562791357551145,0.35019708348066,0.34905407569851227,0.3163031975913577,0.31726904262440314,0.3163031975913577,Indus
122,0.15271624434046902,0.2687090765741119,0.29661310478791275,0.3009969956050769,0.2695967419045739,0.27081799827957587,0.2695967419045739,Indus
123,0.047156390207799104,0.16186457488209194,0.18229823789341895,0.19136741566047352,0.16283611192151234,0.16252130394008468,0.16283611192151234,Indus
124,0.054997037709597435,0.16876070560252632,0.19078587897487953,0.1951310680679687,0.16957143568048216,0.16809947241832934,0.16957143568048216,Indus
125,0.1865530649728217,0.3009570518643703,0.3232537823154714,0.34037052014640135,0.30181482565383044,0.29879764821169463,0.30181482565383044,Indus
126,0.318554077790035,0.43170290317747173,0.4528297622019593,0.45912005580977727,0.43251344944961145,0.4309291269918325,0.43251344944961145,Indus
127,0.3161958203372544,0.4328191502297169,0.45516416903799306,0.4568428631539294,0.4335582908986907,0.43274940843443194,0.4335582908986907,Indus
128,0.3307824081909342,0.44841511615131535,0.469245624991955,0.4746864118965072,0.44933923569634,0.4489462040365696,0.44933923569634,Indus
129,0.291721164730946,0.41144890774292187,0.4308190376374076,0.4431342041982028,0.4125237326193769,0.4125927230678662,0.4125237326193769,Indus
130,0.3067578456261473,0.42825964071299194,0.4459272961485275,0.46496934896889025,0.4292454864493746,0.4296153510977816,0.4292454864493746,Indus
131,0.3357193612993642,0.45894017908355245,0.4850020880551645,0.5001090441691665,0.45989449801323323,0.4610179990861277,0.45989449801323323,Indus
132,0.2852901059048737,0.4103851176563575,0.4435530797626863,0.44039404037137386,0.4114665843111427,0.41265735648157653,0.4114665843111427,Indus
133,0.253629766865041,0.3772582507395664,0.40933689470932855,0.4040987704527499,0.3782188970887111,0.3794263836034183,0.3782188970887111,Indus
134,0.31775575104525133,0.43979537149753317,0.4685457549690673,0.4660806967361409,0.4408753189028937,0.4423211649812612,0.4408753189028937,Indus
135,0.30799297345027443,0.43054896493218503,0.46382246454730525,0.4536038984871087,0.4317246622884312,0.43284109663002124,0.4317246622884312,Indus
136,0.331903604686726,0.4553903751742886,0.48911763426203847,0.47524015775224926,0.4565250010727888,0.4576013649982552,0.4565250010727888,Indus
137,0.3155179481737555,0.43873063864797684,0.4644699768586258,0.46109844605312456,0.4398430029870759,0.4408272404663862,0.4398430029870759,Indus
138,0.2655871917956006,0.38627255280230155,0.40851457991929896,0.4204746658658779,0.38724733357005425,0.3884605571789077,0.38724733357005425,Indus
139,0.28412706931699305,0.4064022096100771,0.4272268318660384,0.4348349758909581,0.40711792250601364,0.4084410898757277,0.40711792250601364,Indus
140,0.24603558311946117,0.37328128216887535,0.3938117594941229,0.4008385625931257,0.37396008343726744,0.37591648049385895,0.37396008343726744,Indus
141,0.16917140771622818,0.29439954193546763,0.3129081214100019,0.3242378583146459,0.2952889334630465,0.29674351293621515,0.2952889334630465,Indus
142,0.1178789171619148,0.24093512499991643,0.2621336283953324,0.2697637077101759,0.24198938036993095,0.2430237327339707,0.24198938036993095,Indus
143,0.19253720433960836,0.3183941722555608,0.33988787444533863,0.34275209836271403,0.31926693005374696,0.32085553782493137,0.31926693005374696,Indus
144,0.28512968179566356,0.40911923439453507,0.43114278186531535,0.4300809789429895,0.4098655380540816,0.411419098813898,0.4098655380540816,Indus
145,0.32088130835372164,0.45031042405803207,0.4751051791198793,0.46968953593641477,0.45097247499480464,0.45261368747665076,0.45097247499480464,Indus
146,0.2670573281018072,0.399724412636944,0.4210495467371343,0.4177504041840011,0.4003405474844055,0.4019796451583352,0.4003405474844055,Indus
147,0.14165280326619917,0.27321985316589564,0.29606183243996403,0.2976965630151448,0.27388217466213655,0.27507769081728417,0.27388217466213655,Indus
148,0.014594582834231998,0.14467340445850252,0.1680177852465929,0.17784358322140748,0.1454263117280217,0.14603459138740083,0.1454263117280217,Indus
149,0.022068782791202224,0.15382127966927012,0.1725033151737927,0.19798979955587243,0.1545890819303415,0.15472882201305388,0.1545890819303415,Indus
150,0.16963138836387992,0.2990237202551018,0.3145929070427588,0.341420101442981,0.29995221781282827,0.3002952811128211,0.29995221781282827,Indus
151,0.21357247765945825,0.3420146972677433,0.3551828195446852,0.3789174613757549,0.34302173484841975,0.34406929786436,0.34302173484841975,Indus
152,0.17115915912856125,0.29804962366587656,0.3123641717611124,0.3346067048399484,0.29918079098687095,0.3001822930330063,0.29918079098687095,Indus
153,0.11856844000002024,0.2468052685874534,0.26693243478424733,0.2838649648067578,0.248004528245918,0.24901073186806513,0.248004528245918,Indus
154,0.15489630781360425,0.28042579117272326,0.30577083995571996,0.32164973761436677,0.28152938256576504,0.2823005152242415,0.28152938256576504,Indus
155,0.2611236349224515,0.38511802383506255,0.4084816691407395,0.4208443529282251,0.3860810296925281,0.38725262660433024,0.3860810296925281,Indus
156,0.3445374497753748,0.4707443864458086,0.490906427051801,0.5029489664588748,0.4715311757207848,0.4726435707594564,0.4715311757207848,Indus
157,0.3795132556873715,0.5070274246021655,0.526810698229732,0.5378897857073008,0.507833620317516,0.5087384917070263,0.507833620317516,Indus
158,0.3667307284595065,0.4935169644216041,0.5148031002709055,0.5235048903915254,0.494335803136701,0.49510547603575483,0.494335803136701,Indus
159,0.34458126947443796,0.4703564850862983,0.49284357468680495,0.4975857863977519,0.47137063412014885,0.47196386393991163,0.47137063412014885,Indus
160,0.3791064105867804,0.5038509313227644,0.5225737044635861,0.5294069471851541,0.5047697689292945,0.5053420428845536,0.5047697689292945,Indus
161,0.31358061972289797,0.43825516144886384,0.457850184498518,0.46337979980439764,0.43910766155064157,0.43963880805944705,0.43910766155064157,Indus
162,0.18915993897778113,0.31219084726360713,0.3444584185044337,0.3453929903183622,0.3131675793176438,0.3138257576349105,0.3131675793176438,Indus
163,0.1527207639892844,0.27697746723229927,0.31067608987378953,0.32038588061383083,0.2780739973011425,0.27713114568797326,0.2780739973011425,Indus
164,0.19720804248533488,0.31500622745631723,0.34240506068033877,0.35909300764046836,0.31616718517839315,0.31596232754048614,0.31616718517839315,Indus
165,0.1969516975681141,0.3145305813757837,0.3413030272180485,0.3564783093783812,0.3157641054226823,0.3160420265152961,0.3157641054226823,Indus
166,0.1371315213771635,0.25540572696823255,0.2800559424680928,0.2945070864568012,0.25668597336242244,0.25703853927005443,0.25668597336242244,Indus
167,0.04909478851510673,0.16682187001901766,0.18517215557565997,0.1929020257184688,0.16776609445434215,0.16904378978298837,0.16776609445434215,Indus
168,0.056628655119225706,0.17462954125486724,0.18928404990886144,0.2070384790458249,0.17552086424319013,0.1765050400339393,0.17552086424319013,Indus
169,0.10608163678669283,0.2249330835181533,0.24396064519681718,0.2608554635545484,0.22581910472879152,0.2265835813900738,0.22581910472879152,Indus
170,0.10125994023760854,0.21418031011713495,0.2394617671097145,0.24887869567541893,0.21507489882145153,0.21617477495749998,0.21507489882145153,Indus
171,0.08235770277634902,0.1904046439980297,0.22348329134711026,0.22096829850277316,0.19113736144205906,0.19269356738151916,0.19113736144205906,Indus
172,0.086210572678809,0.1952683125177178,0.24231421170228712,0.22400078968231646,0.19587293917600293,0.19703930698693978,0.19587293917600293,Indus
173,0.12858863575063337,0.23850025515667977,0.29556183071583814,0.2630876317555727,0.23922565690457454,0.24038928739676113,0.23922565690457454,Indus
174,0.06287812767979206,0.17413802676986748,0.22419045012523467,0.19724724526248297,0.1750920907560829,0.17548561298703352,0.1750920907560829,Indus
175,-0.05447769228043294,0.05538384796554707,0.09175806270405908,0.08864202207475812,0.05614828639853632,0.054745981644141135,0.05614828639853632,Indus
176,-0.1265013468689686,-0.01026288156295,0.016630863757405107,0.025966222898676464,-0.009679377424774635,-0.011940786043988023,-0.009679377424774635,Indus
177,-0.17767520097788697,-0.058010380088230194,-0.03848622823812402,-0.02311411761686267,-0.057556778109601185,-0.05919178206760949,-0.057556778109601185,Indus
178,-0.07594187309123997,0.040397396571466695,0.05424031041337117,0.07068776737235974,0.04071490485658185,0.03894650487216195,0.04071490485658185,Indus
179,-0.02702255691998342,0.09146133236998162,0.10500395714517749,0.1115215960585736,0.09199473353870587,0.09102263742236263,0.09199473353870587,Indus
180,-0.09217448129521216,0.025376947568085645,0.04197406069807119,0.05135746441979874,0.025883249099712867,0.02633505518809836,0.025883249099712867,Indus
181,-0.10209989582353896,0.017330813218134282,0.0381582739521206,0.05028853962801551,0.0181222440278202,0.01780435417139649,0.0181222440278202,Indus
182,-0.05564696657923328,0.06212771237395575,0.0845288680415735,0.09602422031740115,0.06276400716528917,0.06297678601683132,0.06276400716528917,Indus
183,0.006414978614087907,0.12322875974592748,0.14379053852425625,0.15607862948565404,0.12387848283662878,0.123368821794382,0.12387848283662878,Indus
184,0.09775796030324604,0.21538675191688728,0.23532753027605957,0.24249811211683836,0.21629333308046406,0.2149603485863872,0.21629333308046406,Indus
185,0.048901643751464635,0.16824455773444388,0.1938482273135418,0.1881358054622931,0.169327605405927,0.16777555408096068,0.169327605405927,Indus
186,-0.09611945133380423,0.02225944292110092,0.05032666885601875,0.04716968040061943,0.023278538369273277,0.021697944506101245,0.023278538369273277,Indus
187,-0.17764074363069943,-0.061554479029770126,-0.038856271996494156,-0.027419201292365726,-0.06055015450545481,-0.06224038510768205,-0.06055015450545481,Indus
188,-0.18111085610254682,-0.06789705002622651,-0.048470252547792435,-0.030371800539155676,-0.06716119578019158,-0.06913639358607315,-0.06716119578019158,Indus
189,-0.1369835746687757,-0.022723651053179514,-0.003015570860587416,0.01187088593014303,-0.021872516599268158,-0.024571260458752325,-0.021872516599268158,Indus
190,-0.16524674354904073,-0.04858485419961188,-0.03229349784718281,-0.013220528158180332,-0.04767363988284848,-0.05005123173323102,-0.04767363988284848,Indus
191,-0.23362893990554318,-0.12169095703667951,-0.11021086606018403,-0.09285701172274183,-0.12100262126246361,-0.12316718704474508,-0.12100262126246361,Indus
192,-0.2832220656940195,-0.17602271262820313,-0.16480441977600235,-0.14574914307317752,-0.1754561945408722,-0.17713536081715658,-0.1754561945408722,Indus
193,-0.27503123859142387,-0.17253113597093142,-0.15641864281007695,-0.13436247323342937,-0.17206956734291987,-0.17373726290681715,-0.17206956734291987,Indus
194,-0.20440479041318266,-0.1263347079579969,-0.10794785011163882,-0.08875297421884397,-0.12586298509576171,-0.12802627435065028,-0.12586298509576171,Indus
195,-0.11677993316404156,-0.035268372666841324,-0.01673890897080739,0.0006780860816758549,-0.03449498736472664,-0.03692010296604213,-0.03449498736472664,Indus
196,-0.04566814611909133,0.03331026314104463,0.054183537441388006,0.06977619907507918,0.03414232096347803,0.03165627445603545,0.03414232096347803,Indus
197,-0.10907303316289395,-0.033489878771465226,-0.012699860240427623,0.008915762605336209,-0.032512343740973434,-0.03439043989953755,-0.032512343740973434,Indus
198,-0.13619027303458747,-0.06422256309004397,-0.04491790156481061,-0.014794880038890124,-0.06338445670360447,-0.06630503772623161,-0.06338445670360447,Indus
199,-0.10308812587870236,-0.027108126965866897,-0.007937120946461255,0.026101997834225166,-0.026177781907561065,-0.029482816475932462,-0.026177781907561065,Indus
200,-0.05442957442628037,0.011257660705675299,0.028823123680381674,0.060814936888603635,0.01205326635089543,0.010095118083427432,0.01205326635089543,Indus
201,-0.04846121153506862,0.02169135321768559,0.03651193530951498,0.06619615248594049,0.022692117817129077,0.021596861411745452,0.022692117817129077,Indus
202,-0.0017841928066293228,0.06326784946006517,0.0763218808696397,0.09841444453286302,0.06422342588113127,0.06318365629189583,0.06422342588113127,Indus
203,0.09029762410394723,0.1502025598995058,0.16696080990497003,0.17751613027335705,0.1513151982822124,0.1500702655577844,0.1513151982822124,Indus
204,0.09856754288948058,0.15051558405147636,0.17654289322357242,0.16948271547535435,0.15142110160429592,0.15098825802242224,0.15142110160429592,Indus
205,0.08286842039774478,0.11827629131679435,0.1481764035346978,0.13417863849488418,0.11893939985324642,0.11874670940121862,0.11893939985324642,Indus
206,0.09098048388701108,0.1350682918000238,0.16131508322551613,0.15183197254243014,0.13577017954013776,0.13619882803978334,0.13577017954013776,Indus
207,0.03920421865834576,0.07585975988159799,0.10115585599634838,0.09034252784234592,0.07657248454659529,0.07656374192275933,0.07657248454659529,Indus
208,0.00584830412069022,0.04403197745693729,0.07665221491179433,0.06451463555098766,0.044932391930529045,0.04484083213567065,0.044932391930529045,Indus
209,0.043947056372403634,0.07832159082032839,0.11290427797419698,0.10912520939626916,0.07923589836191412,0.0782903635224526,0.07923589836191412,Indus
210,0.028323065093155117,0.050273456691745017,0.08597659834553008,0.0745060365892143,0.05131320711418401,0.05002447294747937,0.05131320711418401,Indus
211,0.00035820076656907507,0.0178848678296668,0.05117648757070568,0.034465166880599064,0.01861131252415843,0.017414091346577343,0.01861131252415843,Indus
212,0.0844896391614199,0.10198438659192764,0.12832736843449005,0.11350860387389153,0.1029320330714515,0.10175651656329009,0.1029320330714515,Indus
0,0.9672052488197234,0.9672052488197234,0.9672052488197234,0.9672052488197234,0.961857145081722,0.9672052488197234,0.9672052488197234,Ganges
1,1.0051998237860467,1.0229362423628394,1.0453779228587725,1.041549655198678,1.026426576672122,1.0309895411156373,1.0308497370766325,Ganges
2,0.9129300362935867,0.9459651415102955,0.9811384068223387,0.9815880076746075,0.9568252959107275,0.9613469739535048,0.9604834799928752,Ganges
3,0.8408549709469391,0.8970425540699719,0.9509126070791515,0.9271177312744202,0.9064988622380764,0.9108312452104432,0.9095243710496564,Ganges
4,0.8318344748396339,0.8980462989965019,0.9866169183017471,0.9314353740159699,0.9140109709449368,0.9180711625333134,0.9165132243480992,Ganges
5,0.7775017556999053,0.8501435725206791,0.9464658102455139,0.8910270085620849,0.8721620864560604,0.8760440724212697,0.874231580377107,Ganges
6,0.7983024553578763,0.8789639282946426,0.9687509400220204,0.936098270587292,0.9047596708929864,0.9082790950946533,0.906471250177417,Ganges
7,0.8448851221574633,0.9315122746152639,1.0142714792200525,0.9997697879473658,0.95999222924806,0.9634501022198415,0.9614077944821974,Ganges
8,0.8285758887519303,0.9273748248451386,1.0012607707104841,0.9957744861467257,0.9545169553242736,0.9578764025360977,0.9556877015177605,Ganges
9,0.8560847646042073,0.963253380447963,1.0311214473149777,1.023965061047014,0.9878003008144112,0.9912799142781856,0.9887685689072621,Ganges
10,0.8568598663999822,0.9659458466477844,1.0385342769508026,1.0380768609770308,0.9939841682088943,0.9967912025234398,0.9947849763642816,Ganges
11,0.8243894195781943,0.9417439064771225,1.021103766533887,1.0183341037203248,0.9679707997358351,0.9699140437796835,0.9686331097989982,Ganges
12,0.7453237051674975,0.8660705439609855,0.9463429744256376,0.9460374256895322,0.8929062820524545,0.8948826569006206,0.8934540469781935,Ganges
13,0.7789389558334939,0.9014659709467464,0.9774014745368234,0.9828796510090413,0.9306250761981407,0.932817837252677,0.9310781063279217,Ganges
14,0.7821595138056859,0.9045023012121193,1.009462831034469,0.9864184385876941,0.9363954858994554,0.938647191864036,0.936770165417704,Ganges
15,0.7211186684134997,0.8400285245517658,0.9655669120674389,0.9191330748853189,0.8751716924739436,0.8769292342864765,0.8754815719547252,Ganges
16,0.7516264744709691,0.8703077737485253,0.9881454996484054,0.9617547350136414,0.90656884700136,0.9104119728462701,0.9068251334753534,Ganges
17,0.8100187204974698,0.9302258523610605,1.037276779188909,1.0328707467284715,0.9665964015282301,0.9697009010483004,0.9668083637936448,Ganges
18,0.7991348987996182,0.9168221179963596,1.0172361027350856,1.0261546397172792,0.9550159751836933,0.9573119160009841,0.9551912790195128,Ganges
19,0.7896868949295864,0.9082542179865276,1.0025317308664137,1.0200558174861687,0.9474848736023678,0.9491977406942964,0.9476298590071658,Ganges
20,0.8015879717351494,0.9189086635472519,1.0092725590023723,1.0327886120475784,0.9589954583936564,0.9607153092340338,0.9591153688765399,Ganges
21,0.7482197636752267,0.8635425885368292,0.9488458326618247,0.9798224622817354,0.9049100098634326,0.9063213857823158,0.9050091820795972,Ganges
22,0.6836730115678422,0.799431444548095,0.8800022326108976,0.9213726684797701,0.8419566899181999,0.843147944791635,0.8420387105074137,Ganges
23,0.7008325189378626,0.8211526844421019,0.8904016311321835,0.934742758710967,0.8565118307020653,0.8577793036942407,0.8565796660022648,Ganges
24,0.677791804326965,0.7986390579215475,0.8810859049631254,0.9107687763160464,0.833922392666522,0.8344910661908154,0.8339784959937142,Ganges
25,0.6766357456969108,0.799552346899723,0.8945319372119118,0.9092477889847935,0.8339859530108454,0.8341711477555783,0.8340323533851753,Ganges
26,0.7022483960311096,0.8262795243488161,0.945900244204807,0.9346384816549095,0.8589447620244325,0.8589527479140463,0.858983137551263,Ganges
27,0.613343186664283,0.7377592464034344,0.8919212319452866,0.843326707919183,0.7715364984183437,0.7705619834260946,0.7715682369782324,Ganges
28,0.5696612535399072,0.6907428598531998,0.8624021671884998,0.7974891018970255,0.7262890826294816,0.725852473467936,0.7263153320719519,Ganges
29,0.6202282222988045,0.7402612920271372,0.9022028006990609,0.8419491728578519,0.775459274253377,0.7753777896858428,0.7754809839097829,Ganges
30,0.644184027433683,0.7692374867293092,0.9084869837084981,0.8643746433747932,0.8012819776154835,0.8019322942680738,0.8012999326323108,Ganges
31,0.6302135150383052,0.755903747288007,0.8801854616653926,0.8526537391506483,0.7905529178697918,0.7916713100429397,0.790567767604087,Ganges
32,0.6510979873255718,0.7759395070553466,0.886083085974382,0.8734958226849457,0.8086584039509059,0.8106612841217686,0.8086706854547753,Ganges
33,0.6593961240122493,0.7831587347095615,0.888049344769394,0.8864580337346435,0.81764987212349,0.8195960558463463,0.8176600295670035,Ganges
34,0.6884875744588862,0.8140346814006104,0.9131124595652415,0.9211810327093545,0.8483160516517858,0.8496806500538246,0.8483244523867304,Ganges
35,0.6376573216684477,0.7663383168507063,0.8576279544737487,0.8724582308537929,0.7996059591734692,0.8005019682636132,0.7996129070189105,Ganges
36,0.5534419549481271,0.6800698459013641,0.7716240859259366,0.7886269490875233,0.716114071083504,0.716559706822893,0.7161198173136368,Ganges
37,0.4606039093067849,0.58766520682904,0.6766828994162639,0.6982490697072908,0.6263671562045549,0.6268800629377507,0.6263719086362285,Ganges
38,0.4601543834781536,0.5936606859715328,0.6913600555673758,0.6921961937268413,0.6263634231028778,0.6275552991085346,0.6263673536114531,Ganges
39,0.41470813998335754,0.544110521964447,0.6475146415990011,0.6508965523391108,0.5797960852010136,0.5807292208309299,0.5797993359363679,Ganges
40,0.3646666027019508,0.49515058871495843,0.6117182972906027,0.6054147922762222,0.5296057668427088,0.5305347046554075,0.5296084553701961,Ganges
41,0.46457584010703057,0.595441634304353,0.7136380335458585,0.7143080663190268,0.6292304307723885,0.6301367863807203,0.6292326543246812,Ganges
42,0.5117607390819967,0.6408832688650007,0.7498705496064824,0.760809622604207,0.6766791646398219,0.6791600698466068,0.6766810036334056,Ganges
43,0.5155998403512256,0.6447966615326838,0.7445439215087358,0.7627326239181499,0.6818690296902037,0.6837596032937449,0.681870550633701,Ganges
44,0.49305425154517624,0.6200546264138476,0.7116079605707403,0.7387865942829204,0.6586240138929405,0.6608337859902321,0.6586252717924475,Ganges
45,0.4286926104751016,0.562975107117071,0.640940407837074,0.6716835167556692,0.5961816605267907,0.5984274551831001,0.5961827008752141,Ganges
46,0.40907360108073226,0.5485634943777373,0.619905869922899,0.6426443073120927,0.5760270439660695,0.5790048851979838,0.5760279043884133,Ganges
47,0.391667356032996,0.5297146367487008,0.6146174184279406,0.6244116562290732,0.559789012993081,0.5630088673243465,0.5597897246071837,Ganges
48,0.43583238916142786,0.5740541633186536,0.6663699662242228,0.6697473888023306,0.6049121901198377,0.6077139221540931,0.6049127786617726,Ganges
49,0.45357952883286906,0.5905248199238837,0.6863152252937468,0.6889591062953525,0.6240685051980119,0.6265420231685436,0.6240689919528526,Ganges
50,0.4043142113390674,0.5396899949623302,0.6755003226956862,0.6348207228071047,0.5755649835181726,0.5773974917543061,0.5755653860897837,Ganges
51,0.36831453600271824,0.5040311197833715,0.6537253404973137,0.6044938747431767,0.5406531544040312,0.5425105549076268,0.5406534873517257,Ganges
52,0.3505495400807728,0.48584683336630907,0.6229040488942079,0.5824765233462412,0.5236825761538936,0.5252187431329381,0.5236828515189821,Ganges
53,0.29506331391080887,0.4309108121629486,0.5520162277516516,0.5376665335661683,0.46784118964023713,0.46973718332615144,0.4678414173815107,Ganges
54,0.3159698936623456,0.4556091159352276,0.5587137743275872,0.5629158863509169,0.4876699498054619,0.48948588797175585,0.4876701381593595,Ganges
55,0.36276276749398206,0.5026362923864173,0.5933905466319453,0.6098406038562342,0.5336577593629412,0.5355259107573376,0.5336579151414269,Ganges
56,0.3545623651042803,0.49499888215521415,0.5732866585682023,0.600143514450584,0.5233257054082012,0.5253636475716384,0.5233258342451242,Ganges
57,0.42299957786247,0.5650374895724353,0.6335974884740075,0.6693377477109477,0.5918041893108185,0.5947847704415312,0.5918042958656657,Ganges
58,0.4644786800778559,0.602655318529079,0.674025090370722,0.7117754844773942,0.6327635506933544,0.6354847524676774,0.6327636388197642,Ganges
59,0.5001908574892785,0.6408594963280854,0.7131768035293256,0.7472364001447603,0.6689465625337677,0.6710175841935436,0.6689466354188995,Ganges
60,0.4712221817156714,0.6141732889443244,0.6855160156634499,0.7181418894501158,0.6410505429253738,0.6434045088456826,0.6410506032051748,Ganges
61,0.5331671940131136,0.6733759367607939,0.7452988475651041,0.7734790710638121,0.7017414097340875,0.7046447925947655,0.7017414595886232,Ganges
62,0.6247781781628224,0.7607442195298266,0.8330069038104708,0.8635772512331277,0.7922464892987435,0.7944692871323693,0.7922465305310418,Ganges
63,0.6192619596463264,0.7511327424833195,0.8639377725634517,0.861682125668831,0.7855253576957261,0.7874605662827674,0.7855253917969848,Ganges
64,0.5914908437027275,0.7230288763652419,0.8501236824828462,0.8405416769928307,0.756842973940084,0.7581146366881705,0.7568430021436016,Ganges
65,0.5823667368992584,0.7117971799204681,0.8308556108775289,0.8387723090006982,0.7474039155421552,0.7481673597218667,0.7474039388679335,Ganges
66,0.589559412281438,0.7171780564336665,0.8265568661489738,0.8459086396030897,0.7541081553445934,0.7563173631182382,0.7541081746362273,Ganges
67,0.5686950495325126,0.6980626104985747,0.7947575990021415,0.8230622540906836,0.7336868328762824,0.7368164273124852,0.7336868488314686,Ganges
68,0.5571357302903992,0.6844105555927668,0.7759387705412283,0.8050968383647013,0.7215754365025048,0.7253339896170352,0.7215754496982749,Ganges
69,0.499242762067995,0.6308470465445664,0.7184317753029831,0.7419488665045506,0.6652861690572083,0.6694042661543934,0.6652861799707976,Ganges
70,0.4777049492457843,0.6154625051025153,0.6950901523882539,0.7173491295966128,0.6444840093468032,0.6487777295855336,0.6444840183729101,Ganges
71,0.4205782442141593,0.560488297977631,0.6319840972505635,0.660561718652206,0.5873729549110882,0.5912321183519089,0.5873729623761489,Ganges
72,0.3712697246515608,0.5089171256379357,0.5902090635773332,0.6076782191086938,0.5364376362640063,0.5398046261192264,0.5364376424380004,Ganges
73,0.4439492611332013,0.5777483871606723,0.6620116104177951,0.6791791586365507,0.6084847931196088,0.61222569631086,0.6084847982258235,Ganges
74,0.5478281992046672,0.6869999536670242,0.7605449875384666,0.7771206134682376,0.7125153146374418,0.7153420694287489,0.7125153188605473,Ganges
75,0.6126810450732969,0.7494475002892783,0.8292537022631238,0.8411329487157037,0.7782738301721439,0.7800766883413234,0.7782738336648722,Ganges
76,0.5296929098511662,0.6625125865766469,0.7522352863125669,0.7646399878903125,0.694402591798256,0.6957250434285821,0.6944025946869243,Ganges
77,0.42382540668844515,0.554462356168854,0.6532435677866932,0.6654376653119797,0.5881030130152114,0.5893343270872252,0.5881030154042906,Ganges
78,0.36334591982198966,0.49534596007812076,0.5896016887334231,0.6003968362373497,0.527871892682534,0.5293397160944507,0.5278718946584269,Ganges
79,0.33359397361679316,0.46640922222044645,0.5519446264885145,0.5713334854364435,0.4985888652385082,0.49989748507489695,0.49858886687267456,Ganges
80,0.3123420414305076,0.4503115529625374,0.5241304247364811,0.5507630730109634,0.47717090304922377,0.47842887132578943,0.4771709044007645,Ganges
81,0.2664053030132361,0.4077791043905461,0.47109580381427,0.5081878747206953,0.4302856041579174,0.43193613135892034,0.43028560527571197,Ganges
82,0.21518680364173948,0.35883218621612645,0.4207620691766005,0.44943014634086026,0.37822953997246145,0.3805932718255698,0.37822954089693583,Ganges
83,0.15734608900736982,0.30261222942599514,0.3609801703658851,0.3860219881163723,0.3207960334021916,0.32328682225273225,0.3207960341667801,Ganges
84,0.1924156709564691,0.33828616255888955,0.39575274163777024,0.4175110889018595,0.35557700550007454,0.35789785982138694,0.35557700613242915,Ganges
85,0.19333663931027145,0.33315575852443585,0.39261090569153584,0.4187874891295486,0.3552376809182036,0.35722403958579646,0.35523768144119383,Ganges
86,0.12230711165135719,0.2644893256733032,0.32262016409866345,0.3486576545307388,0.2836487334208683,0.28542342131981996,0.2836487338534085,Ganges
87,0.2151503810676989,0.3573101442038157,0.426208432229936,0.4363033274671955,0.37744186635047183,0.37923606412085115,0.3774418667082051,Ganges
88,0.27411801350437626,0.41640059730482404,0.5105523376741753,0.4995512992767304,0.4374451716681584,0.43946425724919164,0.43744517196402244,Ganges
89,0.3501687509996819,0.4948281592287761,0.5941742738139938,0.5808959196055943,0.5154180891433986,0.5172627983835824,0.5154180893880936,Ganges
90,0.4317736274393744,0.5721420863201425,0.6672957767987866,0.6710714783563696,0.5976022189160439,0.59990970806513,0.5976022191184194,Ganges
91,0.4592985068017886,0.5974306832517452,0.6848855922594922,0.6998404361264765,0.6255166515378436,0.6286224158426682,0.6255166517052186,Ganges
92,0.42258014750224493,0.5624836560646952,0.6398230949227756,0.6637346743546463,0.589884159057698,0.5944132787741829,0.5898841591961259,Ganges
93,0.3753313008330148,0.5161182845958565,0.5891796418337032,0.6219921159544776,0.5433810022981206,0.5481061355322225,0.5433810024126077,Ganges
94,0.3616041654657271,0.5061045963955734,0.5777673995514727,0.610779190470697,0.5307331503383675,0.5355373524038963,0.5307331504330542,Ganges
95,0.3819988086521368,0.5316039631405742,0.5994523934046448,0.6263100112447357,0.5520852492677455,0.5572137890788665,0.5520852493460563,Ganges
96,0.38623473965629973,0.5398568296886641,0.6052405923388444,0.6275016170963086,0.556979216969957,0.5609510632150767,0.5569792170347242,Ganges
97,0.31387407290645997,0.46774734179460614,0.5402066567502253,0.5535742673149254,0.4837648621881109,0.48672560340071713,0.4837648622416767,Ganges
98,0.19348173585584597,0.34752031942114886,0.4283946076821767,0.43275598680232213,0.3619217805536336,0.3641965507277141,0.3619217805979353,Ganges
99,0.2025077746774036,0.35513300293628497,0.4621424849133128,0.43764128552926257,0.3705420238786427,0.37277713781329097,0.3705420239152825,Ganges
100,0.2952169276431257,0.44548528802668724,0.5675173045713389,0.5260325334837939,0.4635670596968618,0.4655170973590391,0.46356705972716483,Ganges
101,0.33173946576331786,0.47686606879969295,0.601377496292196,0.5672850534918926,0.5005587464840471,0.5021329348246611,0.5005587465091093,Ganges
102,0.35716295127050435,0.5042566171277676,0.6177400101285919,0.5945460889846483,0.5276693652383795,0.528233937321864,0.5276693652591072,Ganges
103,0.37048355916457876,0.5192999847219111,0.6208760197787521,0.6052494898453966,0.5412324113494551,0.5415957492221934,0.541232411366598,Ganges
104,0.35691889574413777,0.5016765731555861,0.5971374570974105,0.5941542087937379,0.5276637720813318,0.5276540819708018,0.5276637720955099,Ganges
105,0.3125485621355961,0.45370858911252737,0.5432028764073946,0.5521671795386989,0.4814661374045876,0.4818253298623457,0.48146613741631367,Ganges
106,0.315598824021058,0.45385950486655824,0.5402697790425621,0.552567193918561,0.48443339163731347,0.4849172415313947,0.4844333916470116,Ganges
107,0.26750335803477854,0.40473672280715484,0.4852842760483342,0.49890376828632915,0.43541195365429447,0.4357862337061406,0.4354119536623153,Ganges
108,0.3008448261035328,0.43412930294987484,0.5149394826280184,0.5286551454026263,0.4659764388574218,0.4670255275434498,0.4659764388640554,Ganges
109,0.4146708511990374,0.5470715578335531,0.6254492365767039,0.6402884082794872,0.5806582711499589,0.5817284760380113,0.5806582711554452,Ganges
110,0.4145447950437987,0.5496507059857506,0.6330689843253994,0.6363584431906455,0.581502259407559,0.5831726344009357,0.5815022594120963,Ganges
111,0.42759401419528803,0.5589021424397905,0.6446326617940908,0.6418890118251787,0.5931047198710845,0.5943854786591805,0.5931047198748371,Ganges
112,0.480802854746193,0.6080631735358664,0.6941073080211839,0.6990420480843315,0.6450687435923439,0.6461279978321192,0.6450687435954476,Ganges
113,0.3989517100690201,0.5243566558258594,0.6076339135796864,0.6274514149432339,0.5636375805757606,0.5643311896099806,0.5636375805783275,Ganges
114,0.2992502771623209,0.4248814141712543,0.4997059872652104,0.5311691256890125,0.46239930080983194,0.4628319712693804,0.4623993008119548,Ganges
115,0.2646831184209083,0.3904955487557654,0.45861818541183397,0.49774570893587966,0.42677719362319577,0.4271213959792092,0.4267771936249515,Ganges
116,0.2631163831403518,0.3888182746989731,0.45681265279244,0.49849960301145513,0.4260438429592066,0.4261997403863646,0.42604384296065867,Ganges
117,0.3061987361545238,0.43243084245057894,0.5016921878480707,0.5398217481982265,0.46981544846703094,0.46971145706859785,0.46981544846823187,Ganges
118,0.28550738464321596,0.4110767691058783,0.47946057180049967,0.5165733760712511,0.44859290763190546,0.44827397463561935,0.44859290763289866,Ganges
119,0.21089379548513437,0.33596873720180975,0.40369033113085,0.446615950960839,0.37505373370757034,0.37492545546244127,0.3750537337083918,Ganges
120,0.23572394590339218,0.3582174888589157,0.42864401178894773,0.47048653962506815,0.39828563168562037,0.398676233093074,0.3982856316862997,Ganges
121,0.20255050048819379,0.3244465565057167,0.3955070417502906,0.4362478307646487,0.36548747714589497,0.36611105092681456,0.36548747714645685,Ganges
122,0.09625169481965928,0.22291905255571243,0.289507317033845,0.32986896888652434,0.2598527345065431,0.26166756255577894,0.25985273450700785,Ganges
123,0.05276255495587108,0.18510815403266206,0.2718510275583129,0.28047685135598066,0.21601543804197862,0.21727090916550068,0.21601543804236298,Ganges
124,0.13482227119869267,0.2664305378136853,0.36823512588278434,0.3604637456459099,0.2979003565801529,0.2994056287583883,0.29790035658047076,Ganges
125,0.2436734677069597,0.37230352869032773,0.4843207292154126,0.46352350990458296,0.40641144114606875,0.4084184107535316,0.40641144114633165,Ganges
126,0.21215796499275347,0.3380841187099737,0.4497769763336015,0.4258348006017595,0.37461117808859223,0.37619707349511317,0.3746111780888096,Ganges
127,0.1873003282144169,0.31111626611823123,0.4159625040621612,0.40809056437228364,0.3493721701802429,0.35028121232615933,0.3493721701804227,Ganges
128,0.19677651875245322,0.32343833313988973,0.41779471438752513,0.4217126383145312,0.3592385516057278,0.3600898366760783,0.3592385516058765,Ganges
129,0.17782211062957226,0.30349134522825383,0.39102031508722523,0.4067508640763848,0.34103129990123954,0.3419893499373103,0.34103129990136244,Ganges
130,0.21914292074383246,0.3449881091753957,0.4266121927352622,0.45176893360344184,0.38252623873990443,0.3834802401592279,0.38252623874000613,Ganges
131,0.21294913587375916,0.3375564994037856,0.41555338037862843,0.43925559877124015,0.3760853688692182,0.3767374302556721,0.3760853688693023,Ganges
132,0.1521998777603424,0.2772129320069416,0.35263629784658185,0.3746700956114818,0.3166062596584049,0.31681963556391685,0.3166062596584745,Ganges
133,0.2144683088214562,0.3367923822352965,0.4108578996300626,0.4370734265484899,0.3783620861080562,0.3795535273547832,0.3783620861081137,Ganges
134,0.28696511038437633,0.4078728348908031,0.48792262387210483,0.5110734719092034,0.45006876952917296,0.4512703702398734,0.4500687695292205,Ganges
135,0.28690869128154545,0.41391988029486765,0.5176027327553646,0.5034314107939525,0.4502680672128084,0.4520615601562397,0.4502680672128477,Ganges
136,0.2890526848333741,0.4146557036653742,0.5401407841404405,0.4971112624498258,0.4529207984848116,0.45398836880994614,0.4529207984848441,Ganges
137,0.20972832165780442,0.33329498834970556,0.45911314825028177,0.42647442123892554,0.37333058095935745,0.3736892229513908,0.3733305809593843,Ganges
138,0.2014952070137504,0.3271689296795283,0.44215547838957725,0.4261278321722801,0.366104501779207,0.36568073263542145,0.36610450177922926,Ganges
139,0.2144070632012677,0.33899469535331145,0.4450673722186442,0.43065191664089175,0.3787934030281599,0.3780367180790938,0.37879340302817827,Ganges
140,0.19018692432389317,0.3217416196873265,0.4128944135396034,0.40553828582484225,0.3560185828706939,0.35516757600978965,0.3560185828707091,Ganges
141,0.21625270416638015,0.3468303089102991,0.43411488470426685,0.43021214473875913,0.38311284642067645,0.38231748866930737,0.383112846420689,Ganges
142,0.2880318207415933,0.41576590767090893,0.5013552455609641,0.49437822872485104,0.4538733906507313,0.45310263259240713,0.4538733906507416,Ganges
143,0.26954371259741605,0.4043246208321329,0.47834080444638627,0.4705009527761527,0.4363365138349905,0.435450140055999,0.43633651383499905,Ganges
144,0.1821294669760479,0.3225654056627972,0.385754488396205,0.3799762797478562,0.350246464228137,0.3491951115862667,0.3502464642281441,Ganges
145,0.11870614476622444,0.25946122142268,0.32776208375696336,0.318441070761105,0.28822067646031624,0.28778070902564823,0.2882206764603221,Ganges
146,0.05206381066068402,0.1923391797654712,0.2674372959072766,0.2559914542297684,0.22389620782837988,0.22375128767126495,0.22389620782838476,Ganges
147,-0.025064896729862327,0.11938561051529833,0.19220043439662154,0.18567324129786072,0.1466627093738795,0.14685955971568854,0.14666270937388357,Ganges
148,-0.05520962600121581,0.091005543650831,0.18639869742998716,0.163682401576994,0.11664190682296946,0.11731158445406178,0.11664190682297282,Ganges
149,-0.06851768424712384,0.07827113669234105,0.20526022475514194,0.16017580660038264,0.10485349432937294,0.1064506713030821,0.10485349432937571,Ganges
150,-0.07446637520818788,0.06700789313553106,0.19766327361800323,0.14756717936646924,0.09721307542222984,0.09913203532145833,0.09721307542223215,Ganges
151,-0.07029325900017164,0.06803230168866516,0.18502495474832628,0.14979262941901655,0.09926315466517609,0.10134596257254924,0.09926315466517799,Ganges
152,-0.03193142692595252,0.10637927356351365,0.21333075616681946,0.19351197025325653,0.13739170063607123,0.13968968724718672,0.1373917006360728,Ganges
153,0.049008116729061885,0.1874632253298323,0.28726850247365016,0.2745137580649621,0.21963063071726457,0.22297232382606466,0.2196306307172659,Ganges
154,0.09423616948938111,0.22906370258332262,0.3225714512597515,0.3120132794619394,0.26363665887237203,0.2664945942374384,0.26363665887237314,Ganges
155,0.15277066184754687,0.2864400196163037,0.3721292819583423,0.3620890898519641,0.32032411406052275,0.3229622520723471,0.32032411406052363,Ganges
156,0.23463724671563357,0.3716805730191932,0.447994265411667,0.4417576796945867,0.4017368787863743,0.40382000753624,0.4017368787863751,Ganges
157,0.31739886998334677,0.4585771330354336,0.5258235711309889,0.5228665292487111,0.4841231691543831,0.485642223863416,0.48412316915438375,Ganges
158,0.28032607284938227,0.42417976927559375,0.4865550251713289,0.4836824274218997,0.4459955774298216,0.44704811352125634,0.44599557742982215,Ganges
159,0.26504217768004107,0.4056231915683588,0.4798322402363842,0.4660419206187012,0.42945811739144646,0.43176615647086014,0.429458117391447,Ganges
160,0.2961725495510402,0.4311999694642758,0.5101793497488262,0.5004418385336546,0.45901238348627466,0.46077538672610374,0.4590123834862751,Ganges
161,0.2874805684766658,0.4189987135022014,0.5339866274493472,0.4872045211728215,0.449737752274536,0.4514197045469369,0.44973775227453633,Ganges
162,0.18411786426956767,0.3129207039113699,0.43842802176612283,0.3810925087326522,0.3449142838517206,0.34669781505963937,0.34491428385172096,Ganges
163,0.07148471532818976,0.20445252835489613,0.3126156845120016,0.2824657850397712,0.23210333761285967,0.2343582746621927,0.23210333761285995,Ganges
164,0.02125737653881969,0.15889885156904981,0.25191666834782767,0.24381068031707614,0.1828669074870945,0.1849837436139241,0.18286690748709478,Ganges
165,0.020261277391640325,0.15993214684266024,0.2398777340985323,0.24586109827122218,0.1807527113026173,0.18314599254743685,0.18075271130261755,Ganges
166,0.03192289764280268,0.16720727229988933,0.24190025696103637,0.25872452083852604,0.19107134114185614,0.1937536225535305,0.19107134114185637,Ganges
167,0.034873772378713766,0.16967962017940946,0.23723453540170525,0.26352769399595255,0.19220560510571716,0.19544437855655328,0.19220560510571733,Ganges
168,0.0401248329245668,0.18010694178714726,0.24168278273376834,0.2751850077689877,0.1997924813514264,0.20326069323782836,0.19979248135142652,Ganges
169,0.0640001484022473,0.2065471252921384,0.26957546561419354,0.300146168576869,0.22446871270947652,0.22792447548085387,0.2244687127094766,Ganges
170,0.07844578110090239,0.2237463884333405,0.2865843642494635,0.31342738479255977,0.23914305856297247,0.2417871598775908,0.23914305856297252,Ganges
171,0.01670697854271315,0.1564497274233282,0.2227891709839387,0.2507239057089985,0.17716624023134403,0.17916415031108446,0.17716624023134409,Ganges
172,0.06796089254316362,0.2070434140699699,0.27253783991246844,0.29551224648950375,0.22992848052097983,0.23176480730168605,0.22992848052097986,Ganges
173,0.11676817269814327,0.2528355664316069,0.3294472688898761,0.35206982911358053,0.27964030218519237,0.28075354116228934,0.2796403021851924,Ganges
174,0.15168128068452968,0.28608479511757656,0.37446356365575273,0.3829437084063808,0.3153574277367899,0.31602268088740326,0.31535742773678993,Ganges
175,0.15781219510879835,0.28958706541750606,0.38154951753691213,0.383700812001021,0.32025961189902397,0.3209456083056764,0.32025961189902397,Ganges
176,0.145482547868656,0.27609081499677546,0.36105886572169016,0.37441014769895714,0.3064681169785045,0.3085361433584134,0.3064681169785045,Ganges
177,0.09312968530885357,0.22185308358326525,0.3001778342225555,0.3244418849530661,0.25424045286961783,0.25607535833522266,0.25424045286961783,Ganges
178,0.061438352174102914,0.1925671840462435,0.2610209426153127,0.2855901530955423,0.22110538858735018,0.2225393548988991,0.22110538858735018,Ganges
179,0.012106826797557577,0.14592399020384655,0.20661522396455428,0.2266496162004124,0.1719877011211718,0.17325063583380218,0.1719877011211718,Ganges
180,0.026260742009566615,0.16023573584120054,0.21620210558577163,0.2357141874770862,0.18519010827594837,0.1863607390633594,0.18519010827594837,Ganges
181,0.09503704677776326,0.2288368321597457,0.28554376482540644,0.3060082833950711,0.25394121057267643,0.2546580774100935,0.25394121057267643,Ganges
182,0.06505546407647968,0.1961986823979559,0.2655953649631102,0.27509428206138425,0.2223157639146497,0.22225112850155415,0.2223157639146497,Ganges
183,0.029887813025302697,0.1562991039296698,0.24972659731634606,0.2329965178044788,0.18492727579444831,0.18453338874607705,0.18492727579444831,Ganges
184,0.06785606992716783,0.19213573177251342,0.29319039094996596,0.26943808342091247,0.22364261255986376,0.22310926510401724,0.22364261255986376,Ganges
185,0.0880767822401538,0.206034811890473,0.3259534438572831,0.2913839146295646,0.2401748191468424,0.2402539740221309,0.2401748191468424,Ganges
186,0.06602696433696581,0.17959239709177346,0.3345579165541238,0.25614767119761056,0.21335186297585196,0.2138738117744879,0.21335186297585196,Ganges
187,0.10097197478649683,0.21226965901733844,0.3677569150425622,0.285747214011691,0.24348796347939092,0.24405866460942383,0.24348796347939092,Ganges
188,0.10496958571745438,0.21574616575555666,0.3501479119811225,0.28979852059187194,0.24264707942294328,0.2436606727556448,0.24264707942294328,Ganges
189,0.11855650938084979,0.22661228130134614,0.34918588284587954,0.30236373293687935,0.2565386953598017,0.25828158423834835,0.2565386953598017,Ganges
190,0.08347347007667881,0.19192147850364055,0.2986810517647859,0.2620696585769364,0.21998510056181714,0.22268689190127203,0.21998510056181714,Ganges
191,0.02852860336656757,0.12942648247786817,0.22807319397450532,0.20490310214161356,0.16037890409446404,0.1635075967407536,0.16037890409446404,Ganges
192,-0.010666048887715648,0.0889042556368744,0.1766183664935856,0.16439512617188395,0.11646781335716473,0.119909054188676,0.11646781335716473,Ganges
193,-0.024687150172433586,0.07251860701986884,0.15223156071724864,0.15050684042023132,0.09768469580228778,0.10148506956360048,0.09768469580228778,Ganges
194,0.012833909400838256,0.09106161801403732,0.17889730081230362,0.17289977837089496,0.12007073263828669,0.12331068001257889,0.12007073263828669,Ganges
195,-0.023583373136752198,0.04872972585520767,0.14468714494329127,0.13274738659630697,0.08147130909017644,0.08586290477774741,0.08147130909017644,Ganges
196,-0.039891999093859404,0.029783457151690562,0.14520840205176405,0.1160719583068758,0.060774111021530686,0.06536242831877644,0.060774111021530686,Ganges
197,-0.039987481448477094,0.025155236259335995,0.16605647735612117,0.10295100379376246,0.05618777496639267,0.06051241878702536,0.05618777496639267,Ganges
198,-0.13387649927522402,-0.07481414578434065,0.0664094055664203,0.013514340162602084,-0.04227668876339305,-0.038559893930143016,-0.04227668876339305,Ganges
199,-0.2103899296015776,-0.15391370767354287,-0.025090780452686506,-0.06797424758362508,-0.11912914745834938,-0.11607973927354918,-0.11912914745834938,Ganges
200,-0.20120617699363944,-0.153473496471989,-0.03748669861487642,-0.06265920471322295,-0.11711599648165782,-0.11427724624079352,-0.11711599648165782,Ganges
201,-0.15499555635343792,-0.10636122807693867,-0.0036396906928571615,-0.0179326971415545,-0.07080690537804434,-0.0681156535961472,-0.07080690537804434,Ganges
202,-0.1114920588053533,-0.0673144914232903,0.02663216574242011,0.019680510547161453,-0.03152834731963918,-0.028893072295734075,-0.03152834731963918,Ganges
203,-0.04260283314784029,-0.002942523912409692,0.08506722630215267,0.0793994185955183,0.033005357340186184,0.03597105832461901,0.033005357340186184,Ganges
204,0.0011900462228746772,0.03428665266354221,0.12085441227512131,0.11009051792553887,0.07061216612623285,0.07298896680063359,0.07061216612623285,Ganges
205,-0.011317086119747126,0.015204358407782762,0.10623681801974082,0.08172383804837284,0.04695989957250913,0.04890235406228693,0.04695989957250913,Ganges
206,-0.02686722183773125,-0.0015328826894958451,0.10550913641018461,0.06552628376516877,0.032527468511166224,0.034213282571901836,0.032527468511166224,Ganges
207,-0.11738526080872641,-0.09755484710868885,0.006442419798950286,-0.030353286190712238,-0.06395637798967879,-0.06261591353559473,-0.06395637798967879,Ganges
208,-0.07826869332184747,-0.05517430723549471,0.03892173868845905,0.013994964470503607,-0.0263287403686312,-0.024917297031713942,-0.0263287403686312,Ganges
209,-0.02143031863497266,-0.0011324819585529222,0.10313245384103902,0.06488079112059447,0.026694383936679056,0.02760914916184999,0.026694383936679056,Ganges
210,0.0962138904646472,0.10818229218707838,0.2100684247448541,0.16848411163799837,0.13601552658125293,0.13700963335821756,0.13601552658125293,Ganges
211,0.17989093469465522,0.1836101069137508,0.2831592359460139,0.24537249989613874,0.21453151313412594,0.2159141639408247,0.21453151313412594,Ganges
212,0.19246372922345223,0.19118396589642794,0.2886359818147909,0.2500654987070055,0.2245583959721666,0.225195421990853,0.2245583959721666,Ganges
0,0.8997083343902676,0.8997083343902676,0.8997083343902676,0.8997083343902676,0.9276690350521415,0.8997083343902676,0.8997083343902676,Turkey
1,0.6815421521641406,0.7971076041567173,0.8073670600551234,0.7843947712940541,0.8150600273048222,0.7930435565175923,0.7932943335463535,Turkey
2,0.6067098265462901,0.8161046949353985,0.8287245021367098,0.7935748025255471,0.8256360064913666,0.8088373607672428,0.8086927463593547,Turkey
3,0.6247586660129405,0.8883857076302661,0.8980436314390692,0.8594806409776835,0.8914806727021075,0.8787225050495412,0.8782913819270627,Turkey
4,0.6222927217046481,0.9371788769626352,0.9477993665416956,0.9056863103696762,0.9369123390846273,0.9279924014394828,0.926645283642327,Turkey
5,0.5480803073175617,0.9031393167151294,0.9132590905958995,0.868532975046044,0.8981521149822367,0.8923707404368726,0.8901598408521737,Turkey
6,0.4009809289948936,0.7962784490607798,0.8108376050444364,0.7605324711170074,0.7880284913472043,0.7840695970316909,0.7818069952104539,Turkey
7,0.32852511104590537,0.7480561601840516,0.7787140369515362,0.7131856854820141,0.7387046970387746,0.7355457022091241,0.7338616431657846,Turkey
8,0.24128286516067632,0.6710189357391678,0.7140265666722867,0.6430212242550903,0.6634096091416237,0.6592410027027147,0.6596395881850674,Turkey
9,0.240629953801137,0.6887127795518574,0.7245913529261057,0.6631434650266492,0.6818000475151976,0.6785082405585566,0.6788653169948247,Turkey
10,0.39126893964109355,0.8419939553764515,0.8749462551782569,0.8213240080243556,0.8361993723419364,0.8339448459185351,0.8339148642910645,Turkey
11,0.47850290923237576,0.9376624137113654,0.9721162736913646,0.9211532006304519,0.9330139292358288,0.9329622020480492,0.9312355795719436,Turkey
12,0.5041967021648226,0.9700210514577963,1.0057368985505148,0.9530558283134469,0.9638997325194938,0.9638594660704582,0.9625153961737176,Turkey
13,0.4141392996717784,0.8877431659269055,0.9215207467869779,0.8618973423459702,0.8795503958291011,0.8798941192214105,0.878472774730644,Turkey
14,0.3467587284274687,0.8107593900263849,0.8380700940012117,0.7796292417614291,0.8013156906620097,0.8022240017657281,0.8004768286070018,Turkey
15,0.3276207320003527,0.796041343659355,0.8173331205417599,0.7602026233425127,0.783635010588295,0.7852106341441376,0.7829820078321874,Turkey
16,0.3252165657614905,0.8045310440205599,0.8238239588852728,0.7665913669592552,0.7906232481342922,0.7926666826842942,0.7901149254643867,Turkey
17,0.3712630209032627,0.8440237416500407,0.8655749307389429,0.8066930118604625,0.8305450576517974,0.8336289810186939,0.83014935957193,Turkey
18,0.3947824843430667,0.8785209119098949,0.9026890950304387,0.840811534550912,0.8634915431954739,0.8667116283539488,0.8631835164642644,Turkey
19,0.3908363823158414,0.8728855075727112,0.9004369980190384,0.8335791397560015,0.8563108555492122,0.8590338511198545,0.8560710755958411,Turkey
20,0.5054361353355175,0.9988455466527604,1.024356115675065,0.9596345577933044,0.9817649416389204,0.984444155095061,0.9815782876241442,Turkey
21,0.5861473205596843,1.0834254239482124,1.11587446768672,1.0455968194549443,1.0665908578169723,1.068861672577663,1.0664455590931121,Turkey
22,0.5033162279749687,0.9933108286751361,1.0321019058025025,0.9578325118533659,0.9764024157800821,0.978471927557319,0.9762893096184991,Turkey
23,0.41356854929482284,0.8947720192518566,0.9320199749571065,0.858027828256287,0.8768299708793288,0.878847325144276,0.8767419246567044,Turkey
24,0.390895875137029,0.8675648647981719,0.9193151974420936,0.8304856931734483,0.8492234789926772,0.8514503134020919,0.849154940398405,Turkey
25,0.38232236162828614,0.8567862149107941,0.9139276013376665,0.8151955089016462,0.8389435137239022,0.8409849535655791,0.8388901606240781,Turkey
26,0.3477679660851628,0.8222485002147302,0.8697888957701764,0.7770779376303026,0.8036157679287852,0.8061941595825668,0.8035742358067586,Turkey
27,0.34223752213666436,0.8225433056772764,0.8631514571656509,0.7766446486952623,0.8036944715484156,0.8065546465432746,0.803662141333944,Turkey
28,0.3082476690765028,0.7869076704963691,0.8218141523143214,0.7413459694882409,0.7683294021259284,0.7717153476363782,0.7683042350331633,Turkey
29,0.1989188220951627,0.6741445300741569,0.6997327964018359,0.6296796412850558,0.6553759390848037,0.6591083667280372,0.655356348043773,Turkey
30,0.21471711521503928,0.6766289397890837,0.6983734612503885,0.6341447117113839,0.6595756974171336,0.662359305523873,0.6595604469910216,Turkey
31,0.26695583260991423,0.7244529033189168,0.7400991699142484,0.6851697463915634,0.7061849016563302,0.7086623369376414,0.7061730301332072,Turkey
32,0.13385616398639238,0.5970026849071454,0.6155121864386199,0.5627264958472836,0.5801378875510107,0.5817676765897705,0.580128646297014,Turkey
33,0.12078336909365597,0.5774731601199887,0.6055564065455674,0.5447922078605086,0.5597594653805096,0.5609074350436709,0.5597522716300071,Turkey
34,0.21049818795740222,0.6635374888678156,0.6995303688374395,0.6334218874047322,0.6464554603057675,0.6471512099903831,0.6464498604113906,Turkey
35,0.26402205728372863,0.7173045822267491,0.7585782422593539,0.6876396726489548,0.6990909581807823,0.700937140475618,0.6990865990058259,Turkey
36,0.23698568206292803,0.6821130714103345,0.7304409644510311,0.6530139868743778,0.6632368012711868,0.6643467808082849,0.6632334079203446,Turkey
37,0.2352690776493317,0.6718800275963925,0.7226318949770965,0.6418428772774032,0.6529277246486416,0.6537273052892743,0.652925083132746,Turkey
38,0.24079047830202943,0.669423949218436,0.7151677326609447,0.634829399886705,0.6510020594709746,0.6521951084884501,0.651000003212559,Turkey
39,0.27976194444140867,0.7116150070682251,0.7480236323676239,0.6734974381640931,0.692774471077086,0.6942051341510306,0.6927728704057902,Turkey
40,0.2978622004324073,0.7286589649735596,0.7583464451435393,0.6885801726628945,0.7097081468018233,0.7106766430795672,0.7097069007772098,Turkey
41,0.2955404925151215,0.7219564797311186,0.7510951798852998,0.6816619484053208,0.7025865745982067,0.7028933431386618,0.7025856046443246,Turkey
42,0.3395533169076234,0.7598896123218188,0.7927532339355099,0.7216848601032283,0.7436053936238529,0.7434162332938925,0.7436046385741346,Turkey
43,0.3331052063343951,0.7511904706146306,0.7851489407136251,0.7137686851756565,0.7358794870980638,0.7358191975897111,0.7358788993380811,Turkey
44,0.21596311601965212,0.6308062932326663,0.6729704294481447,0.5964927792792752,0.6166640914143305,0.6164455591388942,0.6166636338791657,Turkey
45,0.19142066403794034,0.6084877864468548,0.6560908595419871,0.5750681346343254,0.5944506663676663,0.5936169737668242,0.59445031020455,Turkey
46,0.30978148796731464,0.7269597715751759,0.7777918938136613,0.6953471475247601,0.7122591506822928,0.7123767056882989,0.7122588734311106,Turkey
47,0.38509474208778705,0.7994629431267247,0.8505927354159695,0.7652406272310905,0.7831617799869607,0.785085221111347,0.7831615641638882,Turkey
48,0.3644013108691676,0.7724922429977338,0.8207427909594374,0.7349569368576875,0.7559484297943584,0.7571188020248194,0.7559482617893087,Turkey
49,0.2509819988792376,0.6586074936771726,0.7047123639228207,0.6165216654638452,0.6414890955239239,0.6422238874859413,0.6414889647422779,Turkey
50,0.233138561610148,0.6360628176927994,0.6774926456377851,0.592666793346838,0.6195805544795531,0.619994572303313,0.6195804526740479,Turkey
51,0.2410088595882076,0.643407506750482,0.6766779289079116,0.5988439483953952,0.6259924964291056,0.6272504456754011,0.6259924171797523,Turkey
52,0.2643855627663798,0.665565853544506,0.697172403140559,0.6229575075798404,0.650492454288799,0.6519263750317027,0.6504923925980289,Turkey
53,0.35760240094814255,0.7576714897496952,0.7853616214749559,0.7141696797314607,0.7411078129593138,0.7430766666626518,0.7411077649368258,Turkey
54,0.4426536241772434,0.8366909600388779,0.8659056604840951,0.7933286118912325,0.8195397506318954,0.8224318054648156,0.8195397132493284,Turkey
55,0.361644895305457,0.75306253556386,0.7879367916003516,0.7144317180099249,0.7386429172078441,0.7417322369521182,0.7386428881078042,Turkey
56,0.15450461889864858,0.5401429763607052,0.5650404236828221,0.5027269192102056,0.5252915380137031,0.5256971858291464,0.5252915153611034,Turkey
57,0.04581354948655916,0.4364835965890696,0.46244126664110896,0.4012868656182206,0.4217211279945974,0.42181590757051773,0.42172111036093524,Turkey
58,0.02995039866672647,0.41732879570414605,0.45752608212830476,0.3821650546256427,0.40253134889382236,0.4018100150823445,0.4025313351670959,Turkey
59,0.06434321331897966,0.4509198426401852,0.5052676247269463,0.4149448898274941,0.43602494953373555,0.434956302814743,0.4360249388483193,Turkey
60,0.0964404405511616,0.4803680333622392,0.5418994194727945,0.44929124761679506,0.46804051569230765,0.4680916015178811,0.4680405073743652,Turkey
61,0.09726181165962901,0.47875310348058453,0.5385153152299993,0.4448708745010239,0.4677548309571615,0.4679646794619881,0.46775482448215255,Turkey
62,0.11395507063106064,0.49930121919503906,0.5512197058398821,0.46225477603393406,0.48775450366602496,0.48916624802276143,0.48775449862562686,Turkey
63,0.16522035754452463,0.5502719963241167,0.5935423474604986,0.5097463507008837,0.536712098015312,0.539133091088094,0.5367120940916705,Turkey
64,0.18335657296411084,0.5632529577168297,0.5984414064218727,0.5212172651946989,0.5485173454698641,0.5506217350906456,0.5485173424155494,Turkey
65,0.11766374862469103,0.493404318733413,0.5220032252311967,0.45042666916628654,0.47779567919260596,0.4791802535502474,0.47779567681500895,Turkey
66,0.1613805307403926,0.5350524264292242,0.5628370531704184,0.4938360365308889,0.5194657808311953,0.5200372539723751,0.5194657789803816,Turkey
67,0.2900901573505522,0.6646652099498389,0.6960819186016733,0.6231277444048539,0.6479925808412026,0.6492893560582854,0.6479925794004573,Turkey
68,0.2616820210441985,0.6336251909019261,0.6672754534316178,0.5945461354126707,0.6169854353428037,0.6187773033004116,0.6169854342212715,Turkey
69,0.08640901899483369,0.45009821199259015,0.4792718014633671,0.4157128634728592,0.4366913680906318,0.437363174945074,0.4366913672175877,Turkey
70,-0.038657727904654805,0.32190614713661453,0.3487203209146308,0.2941081824039095,0.3106232100964272,0.3109199730989997,0.3106232094168158,Turkey
71,-0.1054610923517734,0.2530297261962135,0.27500347780052836,0.22562224924515514,0.24284527251947394,0.2428152922002302,0.2428452719904381,Turkey
72,-0.15671630103978818,0.19643867460021164,0.21768123495320574,0.16635779950849836,0.18724087725371033,0.18677998186544398,0.1872408768418883,Turkey
73,-0.18998599668175215,0.16247896185426217,0.18287407143913167,0.13207768536733172,0.1508366451798805,0.15005081194367595,0.15083664485930226,Turkey
74,-0.1860288049638768,0.16459147519783796,0.18242918334198427,0.13230197741870417,0.15075068132314962,0.14971176070218983,0.1507506810735991,Turkey
75,-0.14081287791797742,0.21096514373061398,0.2266448815313686,0.17663220237857158,0.1956452218731452,0.1943207865866315,0.19564522167888543,Turkey
76,-0.023148137824427845,0.3262491102339227,0.3413024033967729,0.29118111194981955,0.31128474623108104,0.3100409095492907,0.3112847460798617,Turkey
77,0.02870082533344974,0.37575095382310164,0.39112915581888585,0.34006419719971615,0.36131321820889284,0.359955991633904,0.3613132180911778,Turkey
78,-0.029190469377095754,0.32081332241228844,0.33915416326560943,0.28344003088435965,0.30478755979698113,0.3033408362616944,0.30478755970534716,Turkey
79,-0.06241275029688308,0.2839327076255099,0.31108165823509015,0.24921176928673988,0.268629902851683,0.26685073634283446,0.26862990278035154,Turkey
80,-0.14428865238179098,0.20025637095765986,0.23222490124429276,0.16573490518669137,0.18383764095826155,0.1820167797076354,0.1838376409027344,Turkey
81,-0.08985493727005582,0.2520236859426851,0.28632369138328384,0.21878089943355553,0.2351892004242707,0.23313949438809553,0.2351892003810462,Turkey
82,0.09678856580295876,0.43575559755497384,0.46689474739711784,0.402802035099312,0.4186137593500616,0.4173097738244028,0.418613759316414,Turkey
83,0.1812333541569739,0.5198495975594108,0.560678067705865,0.4870388457914563,0.5039031089181711,0.5042767750889735,0.5039031088919785,Turkey
84,0.15430814022844297,0.4914613496310115,0.5457113629924606,0.4582264522599611,0.4744695218026259,0.4748435078795169,0.47446952178223656,Turkey
85,0.1174313338685515,0.45276278240656026,0.509126740417877,0.41779155408762697,0.43479494616146314,0.43561456416943833,0.4347949461455913,Turkey
86,0.1588857261594679,0.49339018459680284,0.5434947319636703,0.4528097836095239,0.4744419487166685,0.47636509124901283,0.4744419487043132,Turkey
87,0.20851818549386741,0.5421984097763013,0.5843777070824224,0.4988017913915809,0.5228262002916544,0.5254092888879462,0.5228262002820365,Turkey
88,0.21358353801334523,0.5451281104623362,0.5831728128948458,0.5032278605845468,0.5284322188905626,0.5306465934693725,0.5284322188830757,Turkey
89,0.24492453456010116,0.5716787171840274,0.6141318432710203,0.5318750597709879,0.5570854087083481,0.5599374289655905,0.5570854087025201,Turkey
90,0.2744858702503721,0.6001646003937624,0.6461039292572339,0.5626511701833634,0.587100111726628,0.5890165388607156,0.5871001117220913,Turkey
91,0.3978739174670629,0.7228112570619882,0.7623067849955332,0.6858797221049256,0.7096006708011922,0.7117578285088171,0.7096006707976605,Turkey
92,0.5021457264255558,0.8250740992962088,0.862648865175787,0.79422874473438,0.8139466920794041,0.8160701492193501,0.8139466920766549,Turkey
93,0.5813226845425368,0.9020545931166356,0.9378192108068588,0.8768176881732389,0.8926958514389565,0.8944388251500069,0.8926958514368164,Turkey
94,0.5454078376947779,0.8649507305839798,0.9017202139922134,0.8433601742568527,0.8559875290083142,0.8573841501735512,0.8559875290066483,Turkey
95,0.4701440737056904,0.787845091902963,0.8349454858255507,0.7692326326254086,0.7796356621347568,0.7809755262908938,0.7796356621334599,Turkey
96,0.39537534957942044,0.7129707782201742,0.7641938555990321,0.6913118973461645,0.7024019290028863,0.7039159337393306,0.7024019290018769,Turkey
97,0.37686841122790726,0.6932355219362374,0.7384151968049253,0.6641308249658076,0.6814280501435388,0.6834291313425622,0.681428050142753,Turkey
98,0.43050640315312505,0.7471229141138844,0.7845485248159874,0.711208698827639,0.7329615211085573,0.7351579381487794,0.7329615211079455,Turkey
99,0.3917906214661485,0.7072265402793352,0.7399545069562179,0.6693686499042608,0.6933768157668171,0.6961689329353591,0.6933768157663409,Turkey
100,0.3164056020864155,0.6301960716583292,0.6582664586933533,0.5923017480231513,0.6174376612674816,0.6203089150749617,0.6174376612671107,Turkey
101,0.31931144340833983,0.6298565152790653,0.6558538902905822,0.5923161648815216,0.6184453928970078,0.6211025698902548,0.6184453928967192,Turkey
102,0.30473233366749664,0.6151851228088185,0.6365827480691931,0.5773090054239706,0.6028768161121792,0.6056783818580693,0.6028768161119545,Turkey
103,0.21010150664028623,0.5163182848300512,0.5392238568792113,0.4832056928396962,0.5065895616876741,0.5080687744603166,0.5065895616874992,Turkey
104,0.18431810080851613,0.4889631335324289,0.5163882221706593,0.46144237035184116,0.4810949983965429,0.48209845951961916,0.4810949983964068,Turkey
105,0.060085317555439416,0.361899479022747,0.39583253579862127,0.3360428235563692,0.3524762143625401,0.3525689815532066,0.3524762143624341,Turkey
106,0.01395602404593587,0.3182355850348009,0.3677287789982019,0.2904701767187933,0.306919733294164,0.30655917572778296,0.30691973329408145,Turkey
107,0.04282261937443554,0.34687592579943394,0.39426820002659824,0.31361885412306084,0.33295996175961246,0.332371761622284,0.33295996175954823,Turkey
108,0.19998073367074823,0.499695814834182,0.538165204395127,0.46321001412405394,0.48545653449978043,0.4851615788852848,0.4854565344997305,Turkey
109,0.27729344639874964,0.5766931968103123,0.612578059835299,0.5449456489710597,0.5634859736445109,0.564331051891143,0.563485973644472,Turkey
110,0.29034782213289007,0.590755557635693,0.6236572402070443,0.5612959385627658,0.5767587850621478,0.5779925472054005,0.5767587850621175,Turkey
111,0.2613373897673281,0.5605164837732367,0.5905138198208043,0.5286104381049437,0.5453329811062019,0.5476924782345639,0.5453329811061782,Turkey
112,0.21931885655690941,0.5180750118739209,0.5447134154788476,0.4834964680634185,0.5016440564798095,0.5036771665564176,0.501644056479791,Turkey
113,0.21888701365703672,0.5187989514688879,0.5452000957548027,0.4818690010386443,0.5014871972275786,0.5037260665031144,0.5014871972275642,Turkey
114,0.18445181721695753,0.4797695636571838,0.5090932513477309,0.44432843992491733,0.46468154435240294,0.4670776961086678,0.46468154435239173,Turkey
115,0.0576618457915194,0.3483706185812716,0.38414738981738367,0.31560798823018715,0.3364583049787526,0.33691785466035934,0.33645830497874385,Turkey
116,0.061857920958780295,0.3512425813761963,0.38591258484696567,0.3178202056494949,0.3377818983288816,0.33649331178561936,0.33778189832887484,Turkey
117,0.22361075445639256,0.5113847175947115,0.5387696572439984,0.48119558684671965,0.4972986805803348,0.49705737018317364,0.4972986805803295,Turkey
118,0.3431241186175689,0.6317345962560513,0.6556407874854491,0.6040623487901962,0.6171617594614289,0.6177356894315333,0.6171617594614248,Turkey
119,0.30948481070111866,0.5921167888104049,0.6208526993713557,0.5698939471479445,0.5801244244374844,0.5816990104055805,0.5801244244374812,Turkey
120,0.1399170987421293,0.4205862841537414,0.45479498853775974,0.4023946542264742,0.4104565414264932,0.41234156043358866,0.4104565414264908,Turkey
121,0.17235732033920959,0.45023882564027573,0.48568409467546103,0.432475175977011,0.44012798261089836,0.4418354219911941,0.4401279826108965,Turkey
122,0.19249313806279333,0.46957018884497725,0.50067066774168,0.44334251242768646,0.45760494411912483,0.4594046526007616,0.45760494411912334,Turkey
123,0.14038384749612023,0.41602218818719344,0.4442909422730168,0.38697713725666943,0.40452069368606675,0.4068270106846369,0.4045206936860656,Turkey
124,0.15901240812621717,0.4323819613696571,0.4581935495543009,0.40104117672544315,0.42049524332044586,0.4231515169102638,0.42049524332044486,Turkey
125,0.11405351209203116,0.38258517463409986,0.4036089904257367,0.3497107220041247,0.3704090367500973,0.37249536000439354,0.3704090367500965,Turkey
126,0.058370852882185964,0.32619871387914756,0.352865917015873,0.2925072059278283,0.3144741847662637,0.3154906051895899,0.3144741847662631,Turkey
127,0.09487727610649774,0.3589960672318566,0.4003209003754299,0.3261189481540633,0.34829340604920767,0.3486639239196511,0.3482934060492072,Turkey
128,0.19153701992000466,0.4524053988103258,0.4930092298903661,0.42321435922921374,0.4423298553578305,0.4425599891548314,0.44232985535783015,Turkey
129,0.30190605352546873,0.5613705159627732,0.6024633794771177,0.5337756708256387,0.5502393643448642,0.5512325651989249,0.550239364344864,Turkey
130,0.3270976632842184,0.5886874944840086,0.6433399712544671,0.56177772527804,0.5758751712449717,0.577513554262774,0.5758751712449716,Turkey
131,0.29113986374764034,0.5512260557885055,0.6132410891028941,0.528211146699464,0.5396494805637729,0.5415339277304814,0.5396494805637728,Turkey
132,0.19924659567728248,0.4612359771829899,0.525751121593841,0.43856588063014545,0.44790577067737913,0.449640509881723,0.447905770677379,Turkey
133,0.15082956255295998,0.4117178946866585,0.4845948444814598,0.3908774694053251,0.39898800474001056,0.40111050688381156,0.39898800474001045,Turkey
134,0.10658699171953459,0.36513126516787736,0.4364466905397976,0.34374861649075367,0.35331583726590643,0.3556182226357007,0.3533158372659064,Turkey
135,0.060676831868527126,0.32158304493231793,0.3785923064130553,0.2915951939395719,0.307285173011814,0.30942749518996787,0.307285173011814,Turkey
136,0.03948904297156508,0.3014053008771072,0.34543886955042374,0.2660439898458763,0.28550130002567026,0.2876271195065052,0.28550130002567026,Turkey
137,0.0002662489312606764,0.2624172935308301,0.30042284654111046,0.2247266326860144,0.2461509302804334,0.24825096974697117,0.2461509302804334,Turkey
138,-0.04265368834708017,0.2204930686453614,0.25488179110796505,0.18015508992307533,0.20280155330021182,0.20510831856799905,0.20280155330021182,Turkey
139,-0.09831341684473244,0.16271530281366964,0.20019076192648932,0.1253542607332404,0.14779203143572356,0.14910531441037742,0.14779203143572356,Turkey
140,-0.16419309610825103,0.09376320487463714,0.12953325326636062,0.05882009173123538,0.08081679390955444,0.08066746938636937,0.08081679390955444,Turkey
141,-0.2816118577545345,-0.027193384687219924,0.0015882611966868063,-0.058525700279207726,-0.03803031489361777,-0.03873634564792289,-0.03803031489361777,Turkey
142,-0.37227174973051996,-0.12033480576406294,-0.09663339451344799,-0.14643234246111456,-0.129149558249345,-0.13016229848018226,-0.129149558249345,Turkey
143,-0.36754651586929105,-0.11677758898248088,-0.09079598293375424,-0.1404880582037885,-0.12549745885168534,-0.126612929250909,-0.12549745885168534,Turkey
144,-0.31884222665709183,-0.06822139789804756,-0.032149815323680574,-0.09157701114435852,-0.07681538620561443,-0.07776872268447658,-0.07681538620561443,Turkey
145,-0.29898528359844934,-0.04978377295647897,-0.006722346747521188,-0.07642235488852732,-0.057935245155648726,-0.058677359242796226,-0.057935245155648726,Turkey
146,-0.1866534755526927,0.0652068872644587,0.11044147274459747,0.03160626910457756,0.05485226351751346,0.054194412825693664,0.05485226351751346,Turkey
147,-0.11172199702414115,0.14115100866800073,0.17960480447567775,0.10304760517385905,0.12877500940695447,0.12789074848316395,0.12877500940695447,Turkey
148,-0.08284331623566507,0.17087086912107635,0.2025639899448407,0.12962897220495423,0.15683237293420732,0.15546212722149907,0.15683237293420732,Turkey
149,-0.005824094781416628,0.247760992237192,0.27737436902986745,0.20671126888866345,0.2340319912502971,0.23240256301980924,0.2340319912502971,Turkey
150,0.09226401714101758,0.3437841653812307,0.3706128424983661,0.3017028015198675,0.3289815628058836,0.3273435550452997,0.3289815628058836,Turkey
151,0.11464197861422626,0.362936136375386,0.39277210245548994,0.32103965978180415,0.3464571365294835,0.34476204194332805,0.3464571365294835,Turkey
152,0.12269515398999672,0.3718184452047083,0.406454219699047,0.3305974706673437,0.3539730714382698,0.3525481879833947,0.3539730714382698,Turkey
153,0.15525735395467535,0.40186055478130084,0.4486561062267058,0.3682538497059245,0.3869368046584041,0.38591049065673055,0.3869368046584041,Turkey
154,0.20135439529312577,0.447224356158883,0.5004811255635742,0.4143159005047009,0.43088718884488963,0.43189109876932197,0.43088718884488963,Turkey
155,0.29132104670221803,0.535364395662139,0.5824752469848132,0.5043016623212745,0.5183630570058471,0.520710085185684,0.5183630570058471,Turkey
156,0.3115035390103075,0.5524041142412589,0.6033171088647922,0.5229157309091786,0.5345572718616757,0.5375427198683126,0.5345572718616757,Turkey
157,0.24197830361549028,0.4786538436133747,0.5457127745552793,0.4514403622832549,0.46192740662587295,0.4646389662893245,0.46192740662587295,Turkey
158,0.18047272401397235,0.4126297196273494,0.4905976856947333,0.3871871102401033,0.3967754496482602,0.39927380400352297,0.3967754496482602,Turkey
159,0.18516505621111917,0.41420586302894086,0.48832957414221145,0.38858836002956976,0.39780955821312236,0.4003524694090679,0.39780955821312236,Turkey
160,0.18441453800179136,0.409734273835805,0.46680557472486417,0.3820103096600978,0.3925718527162238,0.39566757758949567,0.3925718527162238,Turkey
161,0.14612327170311035,0.3696057459867071,0.41255531931881256,0.339260380309314,0.35160732788223487,0.3551616472847288,0.35160732788223487,Turkey
162,0.15256226133129974,0.36995647100369794,0.40656797312145804,0.3371558791161343,0.3518666390428023,0.35518396832590293,0.3518666390428023,Turkey
163,0.17253496735454138,0.38383369709921344,0.419024585607638,0.35257054436615787,0.3694880698986137,0.37253610089111433,0.3694880698986137,Turkey
164,0.19023332696719156,0.3939413152962911,0.4255558822111202,0.3616060142042334,0.3796179112441574,0.38300714243148337,0.3796179112441574,Turkey
165,0.034865619797968754,0.23467140371391748,0.2634516145150335,0.20247521863868972,0.22081780214602886,0.22332298968264935,0.22081780214602886,Turkey
166,-0.02867555342655291,0.17145574362769622,0.1969041674754278,0.13954929337971622,0.1570639403558447,0.15800553474754872,0.1570639403558447,Turkey
167,0.009271088114798126,0.20986970495482957,0.23846654449158713,0.17749792146584853,0.19402527479921164,0.1957776697087848,0.19402527479921164,Turkey
168,-0.008926478418024922,0.1841156576361761,0.21938978335717835,0.15497732832831168,0.17178173872924143,0.1737425372710475,0.17178173872924143,Turkey
169,-0.0340080059690538,0.15611223631690085,0.189402706428175,0.12763992038908994,0.1443704136510051,0.14573319141895624,0.1443704136510051,Turkey
170,-0.0801071977801525,0.10238395610842714,0.131363901614212,0.07607635973606493,0.09235890674098866,0.09330781234357846,0.09235890674098866,Turkey
171,0.0011796624494928853,0.17950581210647293,0.2062391968119916,0.14576173708639042,0.16740390746795641,0.16663708041478958,0.16740390746795641,Turkey
172,0.02245833563387152,0.1970356265612223,0.2232226092161942,0.16037252126551682,0.1846434172156315,0.18381617733949673,0.1846434172156315,Turkey
173,0.03174175183870162,0.20650281487023608,0.22838269682962925,0.16724185441761136,0.19242207609584155,0.1918422061122112,0.19242207609584155,Turkey
174,0.07938435235265968,0.2528805747234494,0.2781439221204472,0.2142676023953764,0.2397130572213312,0.23936343034188026,0.2397130572213312,Turkey
175,0.050701464356511745,0.221845462875566,0.24301633276092657,0.18146558428733503,0.2066577447065543,0.20716348359721876,0.2066577447065543,Turkey
176,-0.04805112447613573,0.11785260084611918,0.13647873415979528,0.07779175799840263,0.10204226484843706,0.10174349765657828,0.10204226484843706,Turkey
177,-0.021338653148664177,0.1415115285459298,0.16374577453673506,0.10159799646669976,0.1250105764989023,0.12430513774503961,0.1250105764989023,Turkey
178,0.022847628631576734,0.18049743316792538,0.21766007278901534,0.1486288973536519,0.16710200125176616,0.1660999352745473,0.16710200125176616,Turkey
179,-0.09226268974476057,0.05883666575675972,0.1047065186437039,0.03265009985882464,0.04708199664301921,0.04555451591289998,0.04708199664301921,Turkey
180,-0.14941087574550066,-0.0012834369633300535,0.040023200178788576,-0.02648945559764812,-0.01470782159701528,-0.016846829628340318,-0.01470782159701528,Turkey
181,-0.06257602122615036,0.08528946765131294,0.13375940583479143,0.06000027406198726,0.07015329051701906,0.067936159743019,0.07015329051701906,Turkey
182,0.021387576244933384,0.16527144100837443,0.2137951117028885,0.1339955570943719,0.14930148207453553,0.14662622717532114,0.14930148207453553,Turkey
183,0.045547405684651265,0.1850246011601288,0.23020902557331963,0.1490902896533125,0.1688930707314962,0.16616004174861568,0.1688930707314962,Turkey
184,-0.016995167511244587,0.12221539810383049,0.16143497570860194,0.08665194288643384,0.10443388588629772,0.10181618396762779,0.10443388588629772,Turkey
185,-0.02253226570055672,0.11089406063340268,0.14365015134917264,0.07562764739139959,0.09494559664957648,0.09263451242641352,0.09494559664957648,Turkey
186,-0.037240722816573944,0.0924022275536629,0.11764180887266282,0.05532685986639494,0.07552189504828366,0.07280922661624797,0.07552189504828366,Turkey
187,-0.09771383061518933,0.023286075435336062,0.05381666126161369,-0.011002452292595777,0.009738773937072766,0.007158803989997332,0.009738773937072766,Turkey
188,-0.10878139350881696,0.009494982683031047,0.05105780598151197,-0.027671721243737055,-0.006282051320427279,-0.008489985717441167,-0.006282051320427279,Turkey
189,-0.11701225427105512,0.0017760030302171534,0.05130980605656774,-0.03702257634417526,-0.015089755322395981,-0.018056370010832233,-0.015089755322395981,Turkey
190,-0.1298147000814327,-0.016297806906664866,0.04541958044597917,-0.04919054756752829,-0.029980722421636574,-0.03331164858692119,-0.029980722421636574,Turkey
191,-0.1313289473301075,-0.023418271335867755,0.04965256683091379,-0.051237003411037804,-0.035579981848101044,-0.038225408019293125,-0.035579981848101044,Turkey
192,-0.16894373587730718,-0.06698999788999577,0.014668566981905704,-0.08953194887693904,-0.07719444436822405,-0.07939623907328755,-0.07719444436822405,Turkey
193,-0.21904383535095617,-0.12284187074394015,-0.04198986022970687,-0.1408317792254456,-0.13122778724656858,-0.1336323482342348,-0.13122778724656858,Turkey
194,-0.21557310689521747,-0.12943928036851454,-0.06561129673078266,-0.1450094050468993,-0.13655704248522782,-0.13858073881913285,-0.13655704248522782,Turkey
195,-0.06260464362875345,0.022172548585206023,0.0744698216003771,0.0004151335002781781,0.01447962461556497,0.011783814293533132,0.01447962461556497,Turkey
196,-0.002561593418228092,0.08213216966126714,0.12459111884056351,0.054390489364720074,0.07219914770235883,0.06963557553411467,0.07219914770235883,Turkey
197,-0.004293823029979715,0.0789985226763995,0.11353036179984531,0.0483147426201171,0.06701871032708243,0.06404702392221949,0.06701871032708243,Turkey
198,-0.0315358720395304,0.05032794150706217,0.08087128546435964,0.016827788537652703,0.03627270059702435,0.03303065338300591,0.03627270059702435,Turkey
199,-0.00942967832341314,0.07129404181777067,0.10094126554448063,0.03655834987323883,0.05729075953887532,0.05388986326753918,0.05729075953887532,Turkey
200,0.08393077121130774,0.15955146177435564,0.18952353114336515,0.12342900867410203,0.1457054524153497,0.1423543317329261,0.1457054524153497,Turkey
201,0.17794170469378204,0.25199484019777085,0.2760228824809204,0.2157266147500693,0.23750590125033638,0.23358524546776627,0.23750590125033638,Turkey
202,0.3287450682912566,0.39844521509123043,0.41517891064109225,0.3633064629196573,0.3841293116617227,0.38151582803785145,0.3841293116617227,Turkey
203,0.35673154834051357,0.42405831322536497,0.4475534143481749,0.3884759457906836,0.40804221197522367,0.40659687814345213,0.40804221197522367,Turkey
204,0.3076419375336448,0.36916621204193434,0.41015580016594255,0.3373916701003408,0.3541420845816298,0.35399961171554933,0.3541420845816298,Turkey
205,0.3446391096198903,0.4002591428491402,0.4420013573893355,0.36516505584951886,0.38411559571659804,0.385050585408941,0.38411559571659804,Turkey
206,0.2997492057592121,0.35395814446360163,0.390111793319836,0.3157507734373671,0.3378569121322441,0.33929117353473753,0.3378569121322441,Turkey
207,0.24591974491683616,0.2942618984621447,0.3258071263730298,0.25728888075113543,0.2796829717891657,0.281555570524729,0.2796829717891657,Turkey
208,0.2960001517726605,0.3408511420407339,0.37229898794869254,0.3045094099520473,0.3280209514554798,0.3303751737799031,0.3280209514554798,Turkey
209,0.27140350094818677,0.31616225285950966,0.3428779440949778,0.2805439397221102,0.30124818566234024,0.30366142069988145,0.30124818566234024,Turkey
210,0.2236318371246797,0.26267336979040723,0.28739810827394047,0.22831590110520977,0.24686409713353114,0.2494441673036434,0.24686409713353114,Turkey
211,0.12410071688281056,0.16094547443642876,0.18163968376818496,0.12478592097502296,0.14382509320014036,0.14619008780667767,0.14382509320014036,Turkey
212,0.01304744553244186,0.04572377022775133,0.06243447603183931,0.011409186969305984,0.030860891212678307,0.03315874115105982,0.030860891212678307,Turkey
0,0.4234513150702499,0.4234513150702499,0.4234513150702499,0.4234513150702499,0.4255417437885717,0.4234513150702499,0.4234513150702499,Italy
1,0.46289577575470264,0.5137847189625904,0.5410662710942871,0.5251989190626669,0.5275516804011039,0.5263554780072911,0.526047382715686,Italy
2,0.49806747250541245,0.5900776926038944,0.6295638357213484,0.6054004980284704,0.6079565762071092,0.6071582821587648,0.6068740654730572,Italy
3,0.6378187558434955,0.7572338693107852,0.7987053315960888,0.7769454043430954,0.7793840739866897,0.7788181557838608,0.7786050862233653,Italy
4,0.6963562737482,0.8425893032978982,0.8909416777426195,0.8594463624460713,0.8616262547399418,0.8614430472718795,0.8610656857623598,Italy
5,0.6267586364369173,0.7918895055558278,0.8551286989052751,0.8063657996479483,0.8084546593000533,0.8080157419705507,0.808051267111598,Italy
6,0.6012635605963945,0.7701413939935159,0.8470468310926341,0.7933517129148269,0.7954597331809651,0.7949094930539853,0.7951694473031973,Italy
7,0.6291718144850751,0.8084573008540991,0.880479164561691,0.8299714169230887,0.8318944826710679,0.8321282376161059,0.8316855894568634,Italy
8,0.6645511019348453,0.8500748214545171,0.9233150246629656,0.8716176232576643,0.8734760769220365,0.8737416622332324,0.8733257548489264,Italy
9,0.5726584820497045,0.7578992495982285,0.832796603094867,0.7846390334181366,0.7862182504576919,0.7867431377228208,0.7861100768832164,Italy
10,0.41080940623768325,0.6052216797252986,0.6630353559004043,0.6247553956253412,0.62641010622026,0.6269234025575646,0.6263322632130909,Italy
11,0.33730597515998845,0.5287468268875861,0.5865506483706068,0.5537343285203029,0.5551840063765601,0.555457701464658,0.5551279896109635,Italy
12,0.2983927579514781,0.4901748498285982,0.5449964195457393,0.5162909074632241,0.5173677092805499,0.51736107968279,0.5173273989412912,Italy
13,0.16576845047491673,0.3638064024000091,0.4117204973641053,0.3844755919983255,0.38585053274956593,0.3851120363572663,0.3858215249438877,Italy
14,0.08652811326830431,0.29090288450538576,0.33379033822467746,0.30563777675115483,0.30709098773510796,0.3061467175007305,0.3070701133687359,Italy
15,0.09330804499718753,0.29615027762253104,0.34343703217076693,0.3115931146743142,0.3130402932371759,0.3116565134766426,0.31302527179169787,Italy
16,0.0814113720115938,0.2882726123782016,0.33351705227222433,0.29996159429240965,0.3011456855014687,0.2998601457158656,0.30113487588836585,Italy
17,0.20750947390069738,0.40436830909211396,0.4601097335187494,0.4269370364563829,0.4279297240260871,0.42662201137089295,0.42792194529829386,Italy
18,0.3047509196226552,0.4984166211579638,0.5676040833253315,0.5233811864849495,0.5244485290727504,0.5230619123891624,0.5244429314065338,Italy
19,0.3305992473971224,0.5227631755781967,0.6008900787646394,0.5499049950228355,0.5510532648760851,0.5501034726169608,0.5510492367280503,Italy
20,0.36793646180349787,0.5565226130649235,0.636687346113604,0.5865558944989488,0.5878954577588381,0.5866997678226337,0.5878925590549923,Italy
21,0.3366349092677565,0.5227982404504553,0.60894592856531,0.5542683148705522,0.5557637356450361,0.554667190762568,0.555761649702833,Italy
22,0.28024634568619283,0.4659232788116334,0.5614856254473429,0.4984566020212825,0.5000069247822079,0.49916579790108845,0.5000054237130729,Italy
23,0.3699702402267133,0.5548052674762067,0.6512082365368689,0.5872382702113179,0.5889954035743877,0.5891104651420942,0.5889943233869575,Italy
24,0.4662767640356147,0.647181918030678,0.7473596966415278,0.6841962966735515,0.6860522407886482,0.6861742582300921,0.6860514634727624,Italy
25,0.5263173980907163,0.7164693126932455,0.8111183635988041,0.7447767718607612,0.7469683750406121,0.747378278954851,0.7469678156747377,Italy
26,0.5244087285207937,0.7141723224442686,0.8087228130050664,0.7427241063960655,0.745023169897107,0.745121936701866,0.7450227673706861,Italy
27,0.4577195047431883,0.642589851348891,0.7384459540876879,0.676624807941194,0.6789962560037816,0.678725106074002,0.6789959663409205,Italy
28,0.38430240402525995,0.5661680999359493,0.666283384395191,0.6023201633107166,0.6047113898037813,0.6043155619604099,0.6047111813588973,Italy
29,0.35657331286808025,0.5359050190811135,0.6425583648731775,0.5737022194082995,0.5758236628051958,0.5754236879912904,0.5758235128057466,Italy
30,0.34497269233229294,0.5322373282886158,0.6332439825686837,0.562052363873333,0.5639330471080911,0.56326403038673,0.5639329391666807,Italy
31,0.4509235031086976,0.632619724515767,0.7330105846215781,0.6679366706897412,0.6698021031848702,0.6692596841161718,0.6698020255089312,Italy
32,0.43069362220635926,0.6156079271810885,0.70467064351529,0.647886152480247,0.6497182581709793,0.6496536811806034,0.6497182022744379,Italy
33,0.37159433950414916,0.5585288672437578,0.6478929033430906,0.5885058856439306,0.5900826517923432,0.5902162405834844,0.5900826115685187,Italy
34,0.3042803470745064,0.4988951710311372,0.5783846948475037,0.5209650314815553,0.5221605193713889,0.5225885335464877,0.5221604904258402,Italy
35,0.31672786829611854,0.5075966052610964,0.5848777892403009,0.5335643291052702,0.5345031062067866,0.5351901570271557,0.5345030853772212,Italy
36,0.3113172881334625,0.4998691825991508,0.5754346212035362,0.5276980817325393,0.5284487769140709,0.5285581272507609,0.5284487619248647,Italy
37,0.21019073719931797,0.3996717074642807,0.4727619838329201,0.4248307995550044,0.42617241039244513,0.4256216690296508,0.4261723996060318,Italy
38,0.21565251593810214,0.4001627629768907,0.47850697654871266,0.42799452358542506,0.42977691904560666,0.4288677581612921,0.4297769112835737,Italy
39,0.31332980812183137,0.49513995133770444,0.5759398142202354,0.5260902291939302,0.5281773951825948,0.5273434409973892,0.5281773895969423,Italy
40,0.43638643142385813,0.6248354364269859,0.7005143940422918,0.6488852559072321,0.6510678644089317,0.650351775937562,0.651067860389429,Italy
41,0.46613637535051156,0.6498397248690856,0.7365800965410693,0.676881999760376,0.6786385439832181,0.6780781158617295,0.6786385410907355,Italy
42,0.45519888508217915,0.6320690625937211,0.7372684569884975,0.6637454024097647,0.665446262877784,0.6652265437466202,0.6654462607963185,Italy
43,0.49482340270364455,0.6716627418262228,0.7807390268164971,0.7034159857340277,0.7051646207518223,0.7049325992852411,0.7051646192539748,Italy
44,0.55048398339693,0.7320096446855827,0.8328126482782786,0.7579194712808807,0.7595195981024306,0.759524424806461,0.7595195970245615,Italy
45,0.5321552463538568,0.7170321978486458,0.8150386997705389,0.7405787131776383,0.7419677480661088,0.7422565727242065,0.7419677472904611,Italy
46,0.47069901654357754,0.6504261110966476,0.755297457814002,0.6789485364592184,0.6800407265646098,0.6800762595747072,0.6800407260064444,Italy
47,0.4462525127137923,0.6225559452804251,0.7316718026183958,0.6519370978145356,0.6528524545052001,0.6529948915862107,0.6528524541035376,Italy
48,0.3448822182126703,0.515509779804106,0.6174537988229033,0.5479187719091535,0.5488225846014085,0.5491413418709075,0.5488225843123673,Italy
49,0.22568764906500122,0.39536624063630266,0.4824982214405503,0.4276174482986618,0.42908728487751363,0.4291398147484634,0.42908728466951607,Italy
50,0.20638402106478068,0.3711993357752644,0.45837891745222814,0.4058765703019157,0.40767812574296614,0.40691493038339305,0.4076781255932886,Italy
51,0.2567565286048265,0.42277042284705846,0.5086551845232506,0.4553405777830183,0.4572220336765027,0.45599060272445757,0.457222033568793,Italy
52,0.3885466455513135,0.5620381690668252,0.6435494165254549,0.5870316555093417,0.5891024463248437,0.5882873073275923,0.5891024462473344,Italy
53,0.3151090559422223,0.4850974392170846,0.5641697440872475,0.5118745481011989,0.5140134196919941,0.5131308287799095,0.5140134196362176,Italy
54,0.1451591616218575,0.3135729171566672,0.378386094219737,0.33913389612644845,0.34115871649893326,0.3401287299757043,0.3411587164587958,Italy
55,0.12980821871512943,0.2932320270331808,0.35954921168580967,0.3227107473759574,0.3247472870773633,0.3240060963688139,0.3247472870484799,Italy
56,0.10037186856956826,0.2635674988996555,0.3287743165316395,0.29050841586346643,0.2924881001837733,0.2914959592090864,0.2924881001629885,Italy
57,0.03009871611348172,0.20141479248543093,0.26757111169068853,0.2235922891534547,0.22533284509739937,0.224288302228499,0.2253328450824424,Italy
58,0.07405759730058027,0.24923383494933665,0.3165463772549903,0.26575886040025515,0.267072724051603,0.2661771312053387,0.26707272404083976,Italy
59,0.0939504398499674,0.26431565817465397,0.33425613604709875,0.28508557391808864,0.286055311825165,0.28522957754043077,0.28605531181741967,Italy
60,0.08383461641912907,0.256791553565409,0.32275726134035376,0.2747410988572666,0.2756277410730957,0.2747726258200057,0.275627741067522,Italy
61,0.15749067386563576,0.3270884723266042,0.4002730015184939,0.34626164479016475,0.3476863294734168,0.34661130973815407,0.34768632946940603,Italy
62,0.16953974112147266,0.333323771420068,0.41138332029335994,0.35881105811626246,0.3606455366398571,0.3593248076746117,0.3606455366369709,Italy
63,0.1620588219709066,0.3199745528395683,0.39998853518264377,0.3491524714756401,0.35107330129430075,0.34971049892554523,0.3510733012922238,Italy
64,0.20209220081212464,0.354720336271457,0.4443327937716769,0.3868111257934715,0.3885718948721329,0.38737902457236284,0.38857189487063826,Italy
65,0.23693430806622534,0.3870316661345828,0.48428028374219023,0.41903109550990475,0.42056009117953896,0.4193969707437773,0.42056009117846344,Italy
66,0.19814648203500163,0.34768053189027404,0.4409128368590579,0.37969564129127636,0.3810916883737911,0.3796967590626258,0.3810916883730171,Italy
67,0.1424756636048735,0.2988249938124143,0.3763205684515811,0.3241002243629606,0.3252744016786945,0.32367812773680676,0.3252744016781375,Italy
68,0.1489553314821188,0.3028496066630465,0.3834838820756049,0.3296811108646183,0.3306188202891558,0.32943990896422937,0.33061882028875494,Italy
69,0.06674395812865022,0.22321027666446447,0.2946266038181062,0.24531526333931858,0.24621737597020382,0.24515304969533644,0.24621737596991533,Italy
70,0.09714616844161217,0.25130238985008957,0.3170036917646379,0.27429756376284176,0.27538686781616484,0.27456307639556343,0.2753868678159572,Italy
71,0.2167847113729473,0.36546940848019865,0.4375605522449772,0.39377327570545523,0.39482489764963585,0.3938913967249017,0.3948248976494864,Italy
72,0.2968441911143367,0.4392606006071794,0.5247267353319649,0.47137734011944554,0.4723371048927498,0.4715928771045215,0.47233710489264225,Italy
73,0.3779324960279991,0.5166063696655147,0.6108664337117913,0.55046779684395,0.5519356448138364,0.5515807233140193,0.551935644813759,Italy
74,0.43217379661258476,0.5662875020287026,0.6598404540916297,0.6018829088408544,0.6037317606464322,0.6036605732104271,0.6037317606463765,Italy
75,0.38772852929679197,0.5201422994472236,0.6092060235424074,0.5575349716639137,0.5595866068084078,0.5600049452304572,0.5595866068083677,Italy
76,0.3255169815253748,0.4568970911095531,0.5468813517340894,0.494269607385541,0.4962178923917746,0.49651707621738733,0.49621789239174574,Italy
77,0.30431632697062017,0.43153375679537564,0.5330163156777226,0.4721301561749857,0.4738412438010847,0.47382679573939035,0.4738412438010639,Italy
78,0.3334130885711695,0.46243973386463066,0.5662555034181271,0.5019540108342627,0.5034648778470023,0.5026288180825608,0.5034648778469873,Italy
79,0.4938247474390079,0.6205015732351504,0.7150907839795465,0.6604866410454484,0.661852699615008,0.6615661346550071,0.6618526996149973,Italy
80,0.6404800910884979,0.765772664490793,0.8472415772835059,0.8055041352373782,0.8067083827301678,0.8069010350833822,0.80670838273016,Italy
81,0.6138839126280158,0.7376791768901719,0.8199568818817649,0.7773808995865792,0.7784738638921509,0.7789129790086082,0.7784738638921453,Italy
82,0.6080515638842745,0.730255981556934,0.8153592913692213,0.7700436100320648,0.7711192626988449,0.7719689272867911,0.771119262698841,Italy
83,0.6874724413064149,0.8089184960501297,0.8899065369123749,0.8497351714192398,0.8508178408411406,0.8518114279704205,0.8508178408411378,Italy
84,0.5961987024862531,0.7158268740911368,0.7909175971436427,0.7564626132639127,0.7580275239057283,0.7587577725270568,0.7580275239057261,Italy
85,0.49865423047573304,0.6248065763044608,0.6899311249745863,0.6567700050917367,0.6587051380565496,0.6599163962639231,0.6587051380565482,Italy
86,0.5188691557832379,0.6428939877524263,0.7129616481732745,0.6759352094335761,0.6779839381300478,0.6788058536670938,0.6779839381300468,Italy
87,0.4320395991191315,0.5540794878474203,0.628171029933045,0.5876241900457373,0.5897941685123197,0.5903802555195418,0.5897941685123189,Italy
88,0.3961272349430746,0.5188083347942876,0.5947489857693926,0.5499151711683723,0.552216412751368,0.5517986245261011,0.5522164127513676,Italy
89,0.4031419358000059,0.5218829834609782,0.6101142591817548,0.5536313867026306,0.5559729798856342,0.5555225928227852,0.5559729798856339,Italy
90,0.33381287520115854,0.4525956714596951,0.5446036192202326,0.48386230509050526,0.4860157419134035,0.4850889063034225,0.4860157419134033,Italy
91,0.3322251332547042,0.4468979764701231,0.5420029602454856,0.48139083898095325,0.48328939000313753,0.48236443404003476,0.4832893900031374,Italy
92,0.46419078408136477,0.576364336604364,0.6759405659637966,0.6130357162060797,0.6147789663646992,0.6142011670723584,0.6147789663646991,Italy
93,0.5717245907390772,0.6809067634521664,0.782863193626604,0.7215647916178303,0.7230000330419633,0.7226510589926917,0.7230000330419633,Italy
94,0.5756587577951758,0.6845312852676687,0.785390681157953,0.7245710348997251,0.7257123457878967,0.7255527113498029,0.7257123457878967,Italy
95,0.5574673096185937,0.6629443310202765,0.7663115107367025,0.7050933043120085,0.7062983535525033,0.7068500229472814,0.7062983535525033,Italy
96,0.5755418859892965,0.6779333109385938,0.782892461618193,0.719212830846235,0.7207469086551365,0.721339036157089,0.7207469086551365,Italy
97,0.6364896039414419,0.7390536802912007,0.8446568640902647,0.7788421532057161,0.780801712924932,0.7821382817818908,0.780801712924932,Italy
98,0.6099308670005956,0.7130873624792073,0.8148184147116329,0.7506915223203889,0.7529138585835298,0.754200093814496,0.7529138585835298,Italy
99,0.5418579314380304,0.6447845241535162,0.7462272485904864,0.6819207365492731,0.6842277571096769,0.6843998019744442,0.6842277571096769,Italy
100,0.5819408960362431,0.6837486830516409,0.7852608760794209,0.7224786722868342,0.7245560460917752,0.7248203842374008,0.7245560460917752,Italy
101,0.663472116406841,0.7647817422771572,0.8593558684560184,0.8017355452912206,0.8035175410064946,0.8037715022886115,0.8035175410064946,Italy
102,0.7563194462915933,0.8620467612480175,0.9434682720439757,0.8929318817744666,0.8948589484799288,0.8950237966247242,0.8948589484799288,Italy
103,0.7694095784242487,0.8702622805600984,0.9534180848551203,0.904248092003081,0.9061788347468259,0.9064171007597931,0.9061788347468259,Italy
104,0.6833636163893938,0.7862268849092158,0.8718709594852274,0.8186907790630498,0.8205753973623824,0.8208947961143591,0.8205753973623824,Italy
105,0.5433713862993771,0.6416047967964821,0.7347844417083067,0.6755760342628089,0.6774687835442251,0.6780632774026051,0.6774687835442251,Italy
106,0.5169208527734711,0.6158544278688133,0.7114035227503399,0.6499646831404291,0.6518666487912553,0.6526565087497356,0.6518666487912553,Italy
107,0.4929448609468835,0.5876399770454355,0.6821073976675326,0.6240931531790508,0.625754911103325,0.6269653847480385,0.625754911103325,Italy
108,0.34263339559129274,0.435602096494443,0.5241101853571044,0.46965983174602327,0.47150355644251873,0.4723954861901439,0.47150355644251873,Italy
109,0.32651359500888494,0.4189206372268059,0.505439455766577,0.45387881055858026,0.4559813938560611,0.45615379148143803,0.4559813938560611,Italy
110,0.41727898577082134,0.5058454817384297,0.5941052463820033,0.5448082555803699,0.5464902861591975,0.5466103554362259,0.5464902861591975,Italy
111,0.4023816882792085,0.4939766262356164,0.5704468361379591,0.5282406764073981,0.5300352773682901,0.5300085140204531,0.5300352773682901,Italy
112,0.2770533944958169,0.36810540937229064,0.4386871042512731,0.40195714564891,0.4039293187506105,0.40332826751306045,0.4039293187506105,Italy
113,0.18606273743473484,0.286394139920173,0.3488563210783931,0.31195122203949754,0.3137521766263725,0.3133332664787749,0.3137521766263725,Italy
114,0.13624927350571978,0.23064739770879827,0.29382337175627515,0.26015306353922507,0.26177786400737896,0.2611083248572974,0.26177786400737896,Italy
115,0.06175353823433066,0.1537337081755778,0.21415925460121887,0.18484248391274372,0.18641372195012068,0.18553688446513586,0.18641372195012068,Italy
116,-0.006897275826272309,0.08246442127609968,0.1389541600378872,0.11375177306590353,0.11524993551794874,0.11408907567460151,0.11524993551794874,Italy
117,-0.03898006933949778,0.045970655641384514,0.10062157578471267,0.07978312883214748,0.08135877681678906,0.07977673140423508,0.08135877681678906,Italy
118,0.049408410454402196,0.13272972017404816,0.1960115765542242,0.1683593011406322,0.16999070864786195,0.16810557302642595,0.16999070864786195,Italy
119,0.1073184879475357,0.19713168923897742,0.2532136751144686,0.22379830849959434,0.2249864303421805,0.22343748709026617,0.2249864303421805,Italy
120,0.13169856356343732,0.22545096282008414,0.2787822628685781,0.24802681034846258,0.2493289982992778,0.24804721550388253,0.2493289982992778,Italy
121,0.23260667789395886,0.3195759176193315,0.3913186672767044,0.3475039051065088,0.3488369897479782,0.3475121721846375,0.3488369897479782,Italy
122,0.1961213991210138,0.277898607619163,0.3579261021418946,0.3092388662231444,0.31031431674539245,0.30884339801771743,0.31031431674539245,Italy
123,0.17563126905426335,0.2628963393725348,0.3347334414773721,0.2886334490183317,0.2897311851688486,0.28843136580570794,0.2897311851688486,Italy
124,0.17285011826212388,0.257846671333091,0.32675476007909154,0.2838472968023791,0.28516669447159065,0.284426437718621,0.28516669447159065,Italy
125,0.1978301684335999,0.28293180188218137,0.34581868916466996,0.30587598490251194,0.30714701686814205,0.3061274617596859,0.30714701686814205,Italy
126,0.33116291629970707,0.4134842732500774,0.4802673555405134,0.4394755066264344,0.44106738833248854,0.44046622715699557,0.44106738833248854,Italy
127,0.4311726296126583,0.512366819734578,0.5876185534317243,0.5378579875440532,0.5394402647866645,0.5390452713022866,0.5394402647866645,Italy
128,0.3963802007870193,0.47849306864756197,0.5558343724084576,0.5018283434909097,0.5031266654616705,0.5028735769528968,0.5031266654616705,Italy
129,0.40405519877436724,0.47956059031569354,0.5577039425767192,0.5079144076845317,0.5090204448754421,0.5091491482281825,0.5090204448754421,Italy
130,0.4478128715855789,0.522138826408358,0.6056103351835118,0.5520670000049517,0.5532127462443506,0.5536247490601619,0.5532127462443506,Italy
131,0.5634971120986934,0.6372924809772933,0.7213767441324114,0.6675559384472725,0.6688664677230991,0.669747788516442,0.6688664677230991,Italy
132,0.5800475116210999,0.6504856047933161,0.7371740222333508,0.6822266269706867,0.6836784904823214,0.6846757752301853,0.6836784904823214,Italy
133,0.5831716332993323,0.6536296771675243,0.7358452647153891,0.6833538132986702,0.6852083723229133,0.6862916256206526,0.6852083723229133,Italy
134,0.6044633931796952,0.6720422422424573,0.7540009529206383,0.7025151106295783,0.7046663320537316,0.7057505587262222,0.7046663320537316,Italy
135,0.55820042454052,0.6264407979951568,0.7101877318220278,0.6544590006639777,0.6567404557586939,0.6578847618422525,0.6567404557586939,Italy
136,0.5123977305984019,0.5767612255852091,0.6597974833213522,0.6081272004023811,0.6104276793966755,0.6109902712669529,0.6104276793966755,Italy
137,0.4121624825560031,0.47301769176997616,0.5529811817744396,0.5065105607385919,0.5084522379820948,0.508663491436415,0.5084522379820948,Italy
138,0.3315689271529082,0.3903012177547011,0.47746088551034355,0.424013897282866,0.42591985250795455,0.42529654483368323,0.42591985250795455,Italy
139,0.38902609252520337,0.45373652320356805,0.5394465411591952,0.4812112327998015,0.4830116613465213,0.48271525015028505,0.4830116613465213,Italy
140,0.45687067780503415,0.5162804562191978,0.5998024075999443,0.546194621472071,0.547847067826361,0.5482999326363983,0.547847067826361,Italy
141,0.5229680848825258,0.5791699479138107,0.6576074127122429,0.6112703865320935,0.6128088825321683,0.6132135071804632,0.6128088825321683,Italy
142,0.6126992184738133,0.6751456654388774,0.7399030325871937,0.7014435794546594,0.702752679113378,0.7032209749904123,0.702752679113378,Italy
143,0.5828810272799476,0.6508550052902183,0.7135830227212354,0.6704128867888489,0.6713711078701909,0.6717080992240405,0.6713711078701909,Italy
144,0.5480651243192326,0.6124791792941549,0.6860316457553426,0.6357057705075906,0.6364600267337654,0.636939258750715,0.6364600267337654,Italy
145,0.503677026181593,0.5617913155895526,0.6450630773712622,0.5896574486079205,0.5902870223359947,0.5912430023364702,0.5902870223359947,Italy
146,0.5002331136516611,0.5555580438213201,0.6438785193464004,0.5840573317641935,0.5852153867819607,0.5864026308785748,0.5852153867819607,Italy
147,0.5913660169906655,0.642127022535044,0.7280874999384161,0.6751458047134313,0.676550092945265,0.6777112684307552,0.676550092945265,Italy
148,0.6518096381696755,0.7069499314872838,0.7775125200892471,0.7336308932771177,0.7347359530095803,0.73596535202542,0.7347359530095803,Italy
149,0.6126653245821297,0.6660611242768976,0.7424400780082782,0.6937854816005237,0.6946534932880063,0.6957645705966695,0.6946534932880063,Italy
150,0.4695873622425491,0.5168410831318847,0.602957113385227,0.5483423073776948,0.5491840147917387,0.5500255224786791,0.5491840147917387,Italy
151,0.39926416852086755,0.44696446481419166,0.5294354742988533,0.4745660402909778,0.4757667253185647,0.47530907865160454,0.4757667253185647,Italy
152,0.37987067019523507,0.4312162196342138,0.5124658188719283,0.454795558069608,0.4562063762991704,0.45617935039291385,0.4562063762991704,Italy
153,0.3441700136222323,0.3957002497111537,0.47372072013666466,0.4197706118733799,0.42107221791655847,0.42113297643897224,0.42107221791655847,Italy
154,0.4029247041795461,0.45403647457618296,0.5317534338638384,0.4778638022866104,0.4792047184562161,0.4792166428175264,0.4792047184562161,Italy
155,0.5219951214875774,0.5673837242904926,0.6549915387130206,0.5957801681783423,0.5971408343737362,0.5974057502807498,0.5971408343737362,Italy
156,0.47314207615055415,0.5145160018257219,0.6020118872583251,0.545524162268138,0.5469566076236358,0.5475992443009451,0.5469566076236358,Italy
157,0.3244297176744821,0.3629955796004395,0.44619140410360025,0.3956445364619643,0.39728631496831535,0.3985096021392889,0.39728631496831535,Italy
158,0.26009849605869717,0.29578543403770075,0.383400874689758,0.32961512776620117,0.3314075449293741,0.33304867518966247,0.3314075449293741,Italy
159,0.2542818761048607,0.29304083845431755,0.3741815255629041,0.322209640336301,0.3241340075099544,0.32530248726454414,0.3241340075099544,Italy
160,0.2535729113230218,0.28870025824202716,0.36681772873488605,0.3194841851330754,0.3213467784318952,0.3220185556503327,0.3213467784318952,Italy
161,0.2226351767165034,0.26484441419586896,0.33400891013237977,0.2876268473409043,0.2896000657640047,0.2899554151116192,0.2896000657640047,Italy
162,0.2682611229105649,0.30473737266850626,0.3725921903683924,0.33110598518092316,0.3329274467023229,0.3331165601497272,0.3329274467023229,Italy
163,0.37828220033819354,0.4128953364801281,0.47463533162167704,0.44104972307354956,0.4426675808039074,0.44315658683320697,0.4426675808039074,Italy
164,0.3776731064871333,0.4052270417392464,0.4618889643645684,0.43681994119666956,0.4380802039748156,0.4386175635319811,0.4380802039748156,Italy
165,0.1871496908481289,0.21339887416968756,0.2641231429449651,0.24577609316127763,0.24675366586358516,0.24694183087361746,0.24675366586358516,Italy
166,0.07779178803804457,0.11062393551151906,0.16043370801902435,0.13703293120659882,0.13784767538775228,0.1375262325423728,0.13784767538775228,Italy
167,0.1538584106377159,0.18917441367382137,0.247833133642687,0.2132211289260431,0.21389621656685387,0.2132709919799733,0.21389621656685387,Italy
168,0.2763769915502686,0.31723854681076125,0.375126573749697,0.33454285275469337,0.3350286539526128,0.3350565209366865,0.3350286539526128,Italy
169,0.28870978144242665,0.3229142335863809,0.38732806064539915,0.3463091212570056,0.3467072412461492,0.34792990643144084,0.3467072412461492,Italy
170,0.28078305885868693,0.3161442326332205,0.37904528742607474,0.3359554681753866,0.3362500487142796,0.33720103738824597,0.3362500487142796,Italy
171,0.4111809593919034,0.4371721716355428,0.5071986864639546,0.46355866027304826,0.464483709613017,0.46516847322541127,0.464483709613017,Italy
172,0.48620557541100606,0.5054106119285399,0.5780007620274225,0.5376349824789048,0.5389807616614324,0.5397725115682801,0.5389807616614324,Italy
173,0.47783208881749817,0.4962773360062834,0.5686384131013561,0.5291115384948434,0.530570916659673,0.5309884759524663,0.530570916659673,Italy
174,0.5171687295808718,0.5314820363210406,0.6100975478656762,0.5690037041309102,0.5702246764542123,0.5705215430306457,0.5702246764542123,Italy
175,0.5215206330253528,0.5344249492851587,0.6188393312267002,0.5715290015851596,0.5727450846951597,0.5723663986140172,0.5727450846951597,Italy
176,0.47402419000473517,0.48475056736829836,0.5830212285294493,0.5217435196890431,0.5229008267262142,0.5219492038185172,0.5229008267262142,Italy
177,0.3229092367446966,0.33205010801965207,0.4291851831229996,0.3691730636729088,0.37043964052905587,0.36930556380307145,0.37043964052905587,Italy
178,0.2619116109910096,0.27077140254057197,0.3651168218499397,0.30756889495624284,0.30881653231780914,0.30765786522916305,0.30881653231780914,Italy
179,0.2957575458135749,0.3107028146455133,0.4045039412713882,0.33944932399161043,0.3408392305110719,0.33941347817024214,0.3408392305110719,Italy
180,0.16104874030375205,0.18150417465572308,0.2621465103107037,0.20260620875824795,0.2041318360021037,0.20306286591734868,0.2041318360021037,Italy
181,0.07420340560973356,0.09664739182995195,0.17035713127699464,0.11554963504628905,0.11687814152988556,0.11597107580698665,0.11687814152988556,Italy
182,0.04719452683143391,0.06208684406375467,0.1373466037240293,0.08701666286076393,0.08820227021764551,0.08724547099092081,0.08820227021764551,Italy
183,0.015676660291905398,0.029518619544001992,0.10088037935908317,0.053527690557757066,0.055141532791680756,0.054075973258493684,0.055141532791680756,Italy
184,0.022048469251799527,0.038435723203533875,0.1068715684302477,0.05951191541919644,0.061432922216514405,0.06024170464076546,0.061432922216514405,Italy
185,0.03320751112349904,0.04627275524166426,0.11128148322004262,0.06875234903862111,0.07081767832366585,0.06974656352779966,0.07081767832366585,Italy
186,0.1273847156117657,0.14258161711826944,0.20245633014296247,0.16123053490961115,0.16303151944468924,0.16195797612945484,0.16303151944468924,Italy
187,0.19690927579656203,0.20489465164927956,0.26652408175775816,0.2288632399777969,0.23079993672154714,0.23053596980203306,0.23079993672154714,Italy
188,0.1639357134683013,0.16564592754129231,0.2309363357371355,0.1943413025409259,0.19621934982388356,0.19528520063774896,0.19621934982388356,Italy
189,0.25178992410335227,0.253559652740691,0.3247257636474591,0.2826975877340389,0.2846335411202431,0.2835490537629326,0.2846335411202431,Italy
190,0.2517196959402126,0.2517201624622905,0.32595613986959326,0.2825991338797125,0.28427971582670347,0.2833435801681481,0.28427971582670347,Italy
191,0.2778466330940731,0.2835176992985873,0.34733929897430343,0.30711115468929884,0.3088294411507763,0.3077471213197823,0.3088294411507763,Italy
192,0.46421764157501694,0.4652032148725238,0.5278727702732644,0.4919286474847258,0.4937221860214224,0.4927854912817294,0.4937221860214224,Italy
193,0.4597617446005182,0.45568692823326773,0.522059787009906,0.48608610188227586,0.4878592297672256,0.48760048790603133,0.4878592297672256,Italy
194,0.43747436797129935,0.43479230001606295,0.4948998973750998,0.4585362459615994,0.4600966375960115,0.46016189010010744,0.4600966375960115,Italy
195,0.5015547760256452,0.5003345934694612,0.5615893536935411,0.5230615918628048,0.5243564103523275,0.5245967481089915,0.5243564103523275,Italy
196,0.48263436617946914,0.476272196756868,0.5463305788678074,0.5033305661358383,0.5045352245671124,0.5041744511212517,0.5045352245671124,Italy
197,0.485650923444976,0.47642691884575006,0.5519649489315888,0.5056367827248084,0.5065602896371361,0.50607786869111,0.5065602896371361,Italy
198,0.43132216422705727,0.41916619933609367,0.4940964823896873,0.4504778366179062,0.45117475771289817,0.4507949039298593,0.45117475771289817,Italy
199,0.41291797893690296,0.4057712003303971,0.46768248921400274,0.4328124101844725,0.43338323797295325,0.4329375352742974,0.43338323797295325,Italy
200,0.46007149029677963,0.451528741793199,0.5141451670969154,0.4776635849597971,0.4782313670049503,0.47808451711572153,0.4782313670049503,Italy
201,0.34824427456733675,0.3397381500124021,0.4035411668371494,0.36663169190090605,0.36714815124130806,0.3677392536989383,0.36714815124130806,Italy
202,0.2696545686251305,0.256947243297915,0.32645560443280647,0.2868912219698574,0.28737742173770364,0.28732462339456544,0.28737742173770364,Italy
203,0.24703814292919996,0.23430437319329428,0.3058505301638433,0.2628462974578395,0.2635678342815906,0.26326707602014476,0.2635678342815906,Italy
204,0.10879666065227175,0.09809662527836935,0.1600410120344647,0.12257864185819531,0.12343788949104903,0.12315165492788796,0.12343788949104903,Italy
205,0.13803610816397704,0.12581246385544362,0.18536681718453316,0.14778096035094798,0.1489153957731516,0.1484029596222492,0.1489153957731516,Italy
206,0.33779717014009764,0.3232411632653182,0.3845068147791979,0.3487732502307381,0.350088715283239,0.34916915887409833,0.350088715283239,Italy
207,0.38557239016837547,0.37621599408625217,0.4236521815725551,0.3948954834828835,0.3961339490064253,0.3956957948297412,0.3961339490064253,Italy
208,0.3315272830081617,0.3241990355955655,0.3712968015039216,0.3410453792290776,0.3422170547817257,0.34183848336751316,0.3422170547817257,Italy
209,0.35621771317722845,0.34427390060437996,0.39948302223767024,0.3647770400153458,0.36596989958447645,0.36537135873610144,0.36596989958447645,Italy
210,0.3119750084311889,0.29941601281978697,0.36253639427104883,0.31802513473713073,0.31899279923726104,0.3178360978676678,0.31899279923726104,Italy
211,0.21593113617806803,0.20206071290193953,0.26896966858524346,0.22093100290614534,0.22166778893246367,0.22018722288826603,0.22166778893246367,Italy
212,0.2531035575373917,0.24154268184354316,0.29589811694075524,0.25799265042524816,0.2586048538775652,0.25725751923307916,0.2586048538775652,Italy
0,0.7257110921089689,0.7257110921089689,0.7257110921089689,0.7257110921089689,0.7600628672421395,0.7257110921089689,0.7257110921089689,California
1,0.6469302516357597,0.6877009998543429,0.6894109476968011,0.6877041963867845,0.7134625844438055,0.685703066226798,0.687333677091002,California
2,0.6130304274276419,0.6840407347096321,0.685970256069861,0.684058594951484,0.7032173064436033,0.6817949477856146,0.6833429390548815,California
3,0.5918003150737753,0.6879214644334193,0.6899809279785092,0.6879866041522084,0.7021621523791899,0.6856531934530081,0.6870451605444928,California
4,0.5813804517909881,0.6977825368590092,0.6997800049173097,0.6979074353700053,0.7082597262416122,0.695145661401632,0.6967613254291174,California
5,0.5454782994979708,0.6762591041019644,0.6786777678976532,0.676374251747403,0.6838727147356183,0.672790907420743,0.6751267140305494,California
6,0.5460855096493495,0.688435891642597,0.691435881928931,0.6884425205126445,0.6938640373065379,0.685011058720849,0.6872115880155074,California
7,0.6710028207037279,0.8221176291213418,0.8264943883749516,0.8221446354118023,0.825912248810228,0.8190745250521955,0.820852212450514,California
8,0.6993894749006524,0.8571410141351377,0.8621343226057472,0.856772939247033,0.8595839168482158,0.8551095395767653,0.8557351136718957,California
9,0.6169669762570369,0.7801678338529046,0.7880099083627029,0.7798487246248953,0.7819594092279673,0.7779340857113355,0.779031903408446,California
10,0.5173669085940866,0.683469819071589,0.6972836056053282,0.68285960044489,0.6844214347243815,0.6800889002677916,0.6821946930775081,California
11,0.5344789942466573,0.7023963477608004,0.718445912428832,0.7016112388831832,0.7027135208741595,0.6981979072728547,0.7010197997792749,California
12,0.6503677213711101,0.8195377478051133,0.8351060622603357,0.8189512047743681,0.819733648206409,0.8170447811000694,0.8184453572404207,California
13,0.6681127762044387,0.8390538128422326,0.8530480915458496,0.8383720341803994,0.8387890330908266,0.8371993056557128,0.8378091234598609,California
14,0.6509667477229935,0.824884609953473,0.8365555066289816,0.8244156545732492,0.8243257203405332,0.823129350165156,0.8235803740560292,California
15,0.6910783821707998,0.8656824719988935,0.8761715910519883,0.8652980067423455,0.864926631077283,0.8641007745733672,0.8643597001417473,California
16,0.7034247117849486,0.8786651092657953,0.8883172894964955,0.8781565619160984,0.8776890627410839,0.8772212781774527,0.877257839439446,California
17,0.6315713743599625,0.8090138341446208,0.8178805958329028,0.8085172117243018,0.8079501630740917,0.8075526997894018,0.8076221627406828,California
18,0.5955649097107855,0.7722444311721058,0.7827417024595629,0.772213838729012,0.7714171052324742,0.7701915911633315,0.7711676191348823,California
19,0.657742844414124,0.8355400930236822,0.8482572470819209,0.835738930666501,0.8348235364807639,0.8313354095292788,0.8346337704758189,California
20,0.6734564417973473,0.8510504429010951,0.8633691230467557,0.8509014503052913,0.8500930446072475,0.8475734461877027,0.8499487033514406,California
21,0.6651675963645036,0.8422691429203608,0.8536646576387887,0.8422301406255204,0.8413096128997168,0.8385973620026175,0.8411998229606075,California
22,0.6756108018364464,0.854262780149187,0.8635836560832645,0.8542966553370839,0.8533325264439249,0.8513422724842639,0.8532490171889844,California
23,0.545710889647004,0.722667896700354,0.7304748602774296,0.7230744029002131,0.7219297612735389,0.7201124683210224,0.7218662418316183,California
24,0.4681916824059193,0.6460055238550313,0.6530936856323921,0.6462646599781836,0.6451061842042709,0.6425579785330235,0.6450578695653153,California
25,0.44625793219117493,0.6254477312790708,0.6317537320289515,0.6256344712404989,0.624385514302716,0.6221643063571403,0.6243487648561398,California
26,0.4630266276364258,0.6419674241558653,0.6481790743114185,0.6421094868069473,0.6407630236565357,0.6382600873393579,0.6407350710141719,California
27,0.4947131221998635,0.6744236715608435,0.6811916781437695,0.6744808673304123,0.6731137545204515,0.6708393683984579,0.6730924929699273,California
28,0.5112710888465322,0.690029205943788,0.6976063239756312,0.6900546147014778,0.6886443235715077,0.6854568437312827,0.6886281514499312,California
29,0.5661015890939404,0.7431558599563605,0.7512883086382666,0.7431862011313441,0.741735856859166,0.7382945709467981,0.7417235558975785,California
30,0.6067935958983784,0.7830031414966979,0.7940832665580991,0.7830139853052626,0.7817395106234931,0.7798749285660862,0.7817301541729335,California
31,0.6126898558419687,0.7896451879625593,0.8044687126126988,0.789520585197306,0.788537979375949,0.7866051542399457,0.7885308626016666,California
32,0.6834515049071391,0.8597201913534319,0.8762033971699285,0.8592698609603503,0.8584910485760986,0.8564973212804956,0.8584856353613476,California
33,0.7332259968137249,0.9085418808593803,0.9398467906949368,0.9078402305592521,0.9072014789848497,0.9057725585203806,0.9071973615444506,California
34,0.7310340445505489,0.9062231984702296,0.9497684988840199,0.9053447989747646,0.9048589469148837,0.8999939353466531,0.9048558150761853,California
35,0.760774588027641,0.9365927932937388,0.9803431773000135,0.9355421256662183,0.9351669963008257,0.9319062287350101,0.9351646141379572,California
36,0.7833153486204321,0.9595759289317883,1.0026436950514472,0.9586448194511533,0.958308954836432,0.9560522391303395,0.9583071428976704,California
37,0.8268568421506705,1.00391867162485,1.039264747011887,1.0029130708312066,1.002587241112941,1.001081833665789,1.0025858629023583,California
38,0.8092475454582069,0.9850854730625872,1.0132967907031758,0.9844219463050133,0.9840162795368453,0.9831087356071998,0.9840152312318745,California
39,0.7739677052523461,0.9505327193089066,0.9738279539197364,0.9498334090450544,0.9493504250902287,0.9491589108975185,0.9493496277205629,California
40,0.750730174593995,0.927966146525949,0.9476740145322446,0.9271497514824737,0.9266609839195169,0.9266193938499359,0.926660377418163,California
41,0.6932644609081624,0.8681505944493361,0.8880124763945856,0.8674639508647793,0.8669973453373433,0.867002448624678,0.8669968840156903,California
42,0.6491151855057882,0.8241785651035146,0.8471066413508196,0.8234017163895532,0.8228676996843884,0.8221216770831425,0.8228673487904191,California
43,0.707917797126131,0.8831805210717091,0.906034299600754,0.8825760735548873,0.8818569011881312,0.880728306906579,0.8818566342885028,California
44,0.7850319323062775,0.9580359602138797,0.9793789153121861,0.9576044476218946,0.9568322135088358,0.956033599164802,0.9568320104976191,California
45,0.7566905092318559,0.931092026361639,0.9524039347434936,0.9307433889417216,0.9297912116279162,0.9297030146680965,0.9297910572119872,California
46,0.7333793979485231,0.9068600275412193,0.9269925405647095,0.906635688028967,0.9055288739633798,0.9053931347923106,0.9055287565103664,California
47,0.8098622792299555,0.9838101927061199,1.0013448578893558,0.9840753459794258,0.9827892378887989,0.982829175781065,0.9827891485507984,California
48,0.8156213116327377,0.9908390324485576,1.0099246262921362,0.9909541739879297,0.9898857169603552,0.9899160948224262,0.9898856490074086,California
49,0.7778040867762233,0.9536962606364925,0.9747530669204836,0.9535718007733706,0.9526804962484885,0.9529011042606531,0.9526804445616036,California
50,0.7570263686032473,0.9332324261430313,0.9507396940488013,0.9331794401980843,0.9322747491906327,0.9328405036475516,0.9322747098761629,California
51,0.7228687011096492,0.9004048150867874,0.9155577684875645,0.9003401674695918,0.8994553950304089,0.9000448937916687,0.8994553651267392,California
52,0.6697877445471834,0.8477256664811408,0.860629624369836,0.8474627871107351,0.8466270842738792,0.8471807538646199,0.8466270615283235,California
53,0.5994976394371231,0.7772805657682832,0.7883433882184577,0.776871589946495,0.7760699284356579,0.7766413651878544,0.776069911134761,California
54,0.5613436128500899,0.7400618943916066,0.7563207954748251,0.7397724183927966,0.7388551397442797,0.7393251206382196,0.7388551265847405,California
55,0.5321346037683803,0.7105008150570048,0.7339741164398554,0.7101950352836883,0.7092385524186438,0.7094240305275469,0.7092385424091353,California
56,0.4055400117711568,0.5835433562763408,0.6058567479435002,0.5831458320419114,0.5822346728749253,0.5815430663764929,0.5822346652614172,California
57,0.37613617628242796,0.553352308997026,0.5722586647995889,0.5529658737758667,0.5522163777078519,0.5512947092984049,0.5522163719168078,California
58,0.3764489915283265,0.5548646245405013,0.5714651899564024,0.55419573733622,0.5536127909130836,0.5497311799163564,0.5536127865082557,California
59,0.29184981282766503,0.47145716797144765,0.4862743656277839,0.47095596341379314,0.47040453546864397,0.46660654390085865,0.4704045321182105,California
60,0.2517134567750349,0.432887792129782,0.4469740298936934,0.43255968068563866,0.4317534847946822,0.42824726838823424,0.4317534822462501,California
61,0.2352249630221222,0.41582352962362795,0.4296105922386103,0.41575087302078423,0.4148061504873384,0.4115872876379856,0.4148061485489306,California
62,0.27855761988936983,0.45782930929099397,0.47116042884018244,0.4578261433006395,0.4566435231017907,0.45267077495018715,0.4566435216273843,California
63,0.33345796966871843,0.5117015406700378,0.5238381687533084,0.5116996853393426,0.5103593782333558,0.506204289929229,0.5103593771118816,California
64,0.39104912669763037,0.5685303389682244,0.5786745633403299,0.5685556108415302,0.5671102537822299,0.5633054836935463,0.5671102529292058,California
65,0.45569299448575407,0.6336449646642013,0.6430727008029004,0.6338262082877287,0.6323739180508724,0.6293438870001711,0.6323739174020387,California
66,0.4448721019496863,0.6218862024746861,0.630731885354135,0.6221363168031631,0.6207122551236772,0.6184317018732306,0.6207122546301564,California
67,0.34476642620067305,0.521550320555145,0.5316662522138995,0.5218483970674438,0.5204958677966784,0.5181112683696724,0.520495867421293,California
68,0.34993722283622647,0.5262396902933312,0.5381085534528814,0.5262896394483556,0.5252202589932382,0.5230960145804416,0.5252202587077097,California
69,0.41692402939843853,0.5931327842863778,0.6079130683576631,0.5931169181467755,0.5922460820768851,0.5914118807655198,0.5922460818597044,California
70,0.3586126168838245,0.5353610874706963,0.5514382901953234,0.5352435243251414,0.5343271394041416,0.5327056710221877,0.5343271392389479,California
71,0.24992450093926344,0.4279462599750511,0.43991743209339973,0.4278884697884352,0.4267627063418809,0.4247171622286475,0.4267627062162301,California
72,0.1961747388360527,0.37288535627295993,0.3851341333881871,0.37285840995141545,0.37162825664623317,0.36963972701384534,0.3716282565506597,California
73,0.19020434660996707,0.3652792801741281,0.3781361376064012,0.3652448630199978,0.3639315420428228,0.36100141130118435,0.363931541970127,California
74,0.20709970523435017,0.38206082393508356,0.3932803450082255,0.38204217645580985,0.38066399171554977,0.3770110427114941,0.38066399166025533,California
75,0.25120131144007757,0.42612992846323733,0.43729808742367926,0.4259627339666707,0.42464586658910175,0.41972432949115207,0.4246458665470433,California
76,0.2724435567763652,0.44700900576439556,0.45782562538079585,0.4468554495363513,0.44549915099071963,0.44007584082252105,0.44549915095872883,California
77,0.26615727606662765,0.4400972412760262,0.4496092009520405,0.43998183104451594,0.43861791273817374,0.43374038627789246,0.43861791271384065,California
78,0.29359754862092385,0.4670946013181961,0.4788035337900737,0.4670244877664531,0.46563136341284045,0.4604188664762288,0.46563136339433203,California
79,0.30843104710004765,0.4826234905050578,0.49877114905881703,0.48258338449616345,0.48133691717446647,0.4749218241709279,0.48133691716038846,California
80,0.21326377116804446,0.38773959857032103,0.40300057305392784,0.3876396105087744,0.38643653063989214,0.3806950819513411,0.38643653062918404,California
81,0.2168596680685622,0.3909728401306129,0.40680698043469055,0.39083125794141343,0.3895909480577909,0.38470463165215973,0.38959094804964606,California
82,0.2883456143163969,0.46150199610937537,0.4819786519536038,0.46136241911185705,0.46009341728117403,0.4551811984591032,0.4600934172749789,California
83,0.23232352557041258,0.4058705232095269,0.4266258447303607,0.4058260219279403,0.40448215026981055,0.3997060747574223,0.4044821502650984,California
84,0.2277123667899508,0.40036042708771147,0.4184125593479563,0.4003730232205127,0.39892954721495755,0.3940131987050207,0.3989295472113733,California
85,0.31814050192567117,0.4888318721031862,0.5047307726821941,0.4892633151251215,0.487703497928942,0.4825581556810492,0.48770349792621576,California
86,0.3562145728897866,0.5260156774270058,0.5393592293853382,0.5264613565763622,0.5250179514216821,0.5205710794637569,0.5250179514196084,California
87,0.3624058826781353,0.5324478113607785,0.5443425352740293,0.5327997881325992,0.5312688353529981,0.5263183049800224,0.5312688353514208,California
88,0.36354133062692606,0.5333981702261978,0.5437623233241536,0.5336617239154571,0.5321000849223517,0.5272114221098494,0.532100084921152,California
89,0.3845818443535094,0.555398455198294,0.5642515174807421,0.5558400035427671,0.5542682604369191,0.5495644230778776,0.5542682604360067,California
90,0.39019164638653003,0.5604673901402865,0.5719770382461132,0.5607800595379484,0.55942570420909,0.5562281653274841,0.5594257042083961,California
91,0.28364699391513953,0.45529269995922694,0.4707070640976821,0.45523244974528143,0.45409910655671726,0.45063928823679844,0.45409910655618946,California
92,0.2810789729834625,0.4538057573772245,0.4691700796930032,0.4537762829712542,0.45269820683652273,0.4487808677290487,0.4526982068361213,California
93,0.38729397580682046,0.558874982314534,0.5870586442917242,0.5585348713085431,0.5576584511639665,0.5550024745659374,0.5576584511636611,California
94,0.33748145145918684,0.5109948559287542,0.5527323288987489,0.5103087775277938,0.5096323429705218,0.505255866956127,0.5096323429702895,California
95,0.3260334383164737,0.5004249347158986,0.5392258998389928,0.49965608444469,0.4991205687488277,0.4939808684557444,0.49912056874865096,California
96,0.42055507669280917,0.5964763400440374,0.6314220016162015,0.5958531324310035,0.5954096215526582,0.5919585368937266,0.5954096215525237,California
97,0.45473773548676655,0.6288824578793228,0.6602791401316549,0.6284398614916941,0.6280387882533548,0.6255315881781545,0.6280387882532525,California
98,0.44547497732201397,0.6193070006151719,0.6470440194844278,0.6189900611242835,0.61847599387137,0.616890862824433,0.6184759938712922,California
99,0.4214089614343492,0.5958561693732719,0.6194086938687151,0.5953781326672267,0.5947956887336501,0.5928681218721649,0.5947956887335908,California
100,0.4150606426643234,0.5889774168160923,0.6091456335129894,0.5884872882392298,0.5878935713401156,0.5858168215093386,0.5878935713400705,California
101,0.44669060418960205,0.6213092966361442,0.6407909023322402,0.6206999730669617,0.620123207674145,0.6164681167615542,0.6201232076741108,California
102,0.5146739476097733,0.6905364033440299,0.7108342838390979,0.6897242352083502,0.6891862058405495,0.6869495904930227,0.6891862058405234,California
103,0.5788479224015342,0.754291658828869,0.7725418084476079,0.7536807045897296,0.7530749049601905,0.7520792220561189,0.7530749049601706,California
104,0.567217838762875,0.7428290667655237,0.7572875618177705,0.7420538812145676,0.7415302362619127,0.7411741281100963,0.7415302362618976,California
105,0.4508201091478776,0.6256554488903653,0.6488208515777862,0.624757283571635,0.6243067667407648,0.623508318413775,0.6243067667407534,California
106,0.4692450643069946,0.6436971444096065,0.6737919166198831,0.6431748146179646,0.6424931905209041,0.6408802737941123,0.6424931905208955,California
107,0.498041294946406,0.671529906765206,0.6971772201842062,0.6712510513240252,0.6704200037124818,0.6699299456718861,0.6704200037124752,California
108,0.4843946400036458,0.6583524560927583,0.6821569621126917,0.6580878259370968,0.6573095317139219,0.6571858528568283,0.6573095317139169,California
109,0.5429133680414191,0.7161180051873379,0.7370759823766018,0.7161759971211675,0.7152717381007724,0.7159869370680988,0.7152717381007686,California
110,0.5700980654576986,0.7427868432956012,0.7613793694922566,0.7430425468072173,0.7420682966894608,0.7430436772439977,0.742068296689458,California
111,0.5358873419741821,0.7080832292530335,0.7253192498573866,0.708246291301938,0.7073480374457362,0.709179688804796,0.707348037445734,California
112,0.49684054026791,0.6690574154089317,0.683907565992804,0.6688791964110782,0.6680700528032537,0.6697562905249943,0.668070052803252,California
113,0.49941107836771803,0.6722298698936482,0.6858188383165446,0.6718346115971007,0.6711298032940441,0.6727046936047217,0.6711298032940429,California
114,0.4790808026943133,0.6528940217635717,0.6695891522847816,0.6523058291122419,0.6516609087086456,0.653701726665143,0.6516609087086447,California
115,0.38088821974188203,0.5533606144501877,0.5708467769993698,0.5528730053284338,0.552227339335934,0.5534291047014402,0.5522273393359334,California
116,0.23912033872467836,0.4113130147286357,0.4276735700057772,0.410778275190685,0.41000056295632314,0.4099747828930515,0.4100005629563227,California
117,0.161175388459058,0.3330573845978909,0.35217194068422064,0.332333316357358,0.331706564224867,0.33060195531802866,0.33170656422486666,California
118,0.08497718300047183,0.2585542834992026,0.2784078816814161,0.25768620662709774,0.25717427891053457,0.2552490830385741,0.25717427891053435,California
119,0.08746981909661258,0.2614999362405019,0.281176741417974,0.2605413639469826,0.2601067300986636,0.25788970740848666,0.2601067300986634,California
120,0.1968017344273182,0.3707429000015476,0.3898417997723064,0.3698897383804296,0.36949782142084875,0.36641263314926625,0.36949782142084864,California
121,0.22703484781936042,0.39975556161717973,0.4155488501522585,0.3991495240255004,0.3984242571054244,0.3946525152923096,0.3984242571054243,California
122,0.2101338959189568,0.38336307128175307,0.3962220863698556,0.38295930310756626,0.3820169526524423,0.37705841199970974,0.3820169526524422,California
123,0.25570739185552277,0.42746721891757944,0.4392491148206544,0.4271856676386239,0.4260617595436384,0.4216026907884738,0.42606175954363834,California
124,0.28166782059099993,0.45343818890279874,0.46398713185688145,0.4533798780612359,0.4521782409776838,0.44775601284765026,0.4521782409776838,California
125,0.27849157728186025,0.4492472111583036,0.45808646455694324,0.4491188674670269,0.4479765462762642,0.44369241627006994,0.4479765462762642,California
126,0.2579417712505718,0.4281648750185558,0.43834786256741165,0.4281267459222461,0.42703021045836365,0.42224934243919143,0.42703021045836365,California
127,0.28807146980126996,0.45807638487598057,0.4700491120952168,0.45800157933873076,0.4568727235477772,0.45261951563890124,0.4568727235477772,California
128,0.3924875622590571,0.562320855115174,0.5752959678072668,0.5622234013068718,0.561048158123163,0.5574503791723182,0.561048158123163,California
129,0.3901076132051319,0.5598588904056523,0.5731258642015453,0.5596258477210292,0.558482200276305,0.5559017907570815,0.558482200276305,California
130,0.23176968107118398,0.40179627941920437,0.4131563734137231,0.40182177446011036,0.4006324088106716,0.39761641148411647,0.4006324088106716,California
131,0.11078643241876146,0.2808485883308083,0.2895077021952337,0.28083448772657804,0.2795903460349123,0.27599812209261343,0.2795903460349123,California
132,0.028857775581621586,0.19891149113072112,0.2071751093128866,0.19918244031061724,0.19784863522293816,0.19420731299236044,0.19784863522293816,California
133,-0.006275015038603532,0.1624916836752836,0.17080812052073083,0.16286293663979742,0.161593303259173,0.1583632393464484,0.161593303259173,California
134,0.02207221470940074,0.18984591897032727,0.19910953664787157,0.19019095260141716,0.18885263279421075,0.1861908218252355,0.18885263279421075,California
135,0.08959359023217231,0.2568783266146972,0.2678780497426142,0.257166406942287,0.2557438277728561,0.251865324951682,0.2557438277728561,California
136,0.16234063374075536,0.3299605486908911,0.3399027466618961,0.3302146784553157,0.32871322878949855,0.3250235951078022,0.32871322878949855,California
137,0.23676280205395783,0.4032271721691676,0.41201211539299704,0.40345923898738334,0.4019003684555601,0.39789300121425575,0.4019003684555601,California
138,0.23880134603079306,0.40332909322846083,0.41144078019027464,0.4035446765113293,0.4019834572066685,0.3984542478843127,0.4019834572066685,California
139,0.15484020566930828,0.319160536635979,0.32700560079703167,0.31944415168173534,0.3179427153701521,0.3148609729946765,0.3179427153701521,California
140,0.06344471144347935,0.22981293696404914,0.23662575317410944,0.22986572952329037,0.22847536296563656,0.22464539863731223,0.22847536296563656,California
141,-0.03811656665851565,0.1286625567417705,0.13398306953646952,0.12837886333403267,0.12727815990818628,0.12401053253209812,0.12727815990818628,California
142,-0.03042336355810127,0.1345115888190512,0.14407231097085532,0.13433001819726578,0.13344978782736566,0.13096434034634602,0.13344978782736566,California
143,0.04230248584357721,0.20907163606466406,0.23519905957056977,0.2088636258591096,0.20818815717525735,0.2043363824202163,0.20818815717525735,California
144,0.037838567870566775,0.20295058682730294,0.23806569926022408,0.2027168164866946,0.20214440793159572,0.19864397230989872,0.20214440793159572,California
145,-0.008085234119008716,0.15935920306121332,0.18751492055547192,0.1594032220800137,0.15851276674567155,0.15562834547899632,0.15851276674567155,California
146,-0.03169228612878591,0.13733890553568304,0.15950722609829118,0.1375780862241181,0.1365543380251984,0.13409204415060305,0.1365543380251984,California
147,0.006603469734983852,0.1770233409229757,0.1956131991703588,0.17721570662221078,0.17609361666011725,0.17403247349384085,0.17609361666011725,California
148,0.08794617618338513,0.257928358743864,0.273773282473007,0.2580826818177024,0.25684524353110916,0.2548778821156342,0.25684524353110916,California
149,0.16581191738795537,0.33652651353419105,0.3497938829956712,0.3365803783471134,0.3352915795564214,0.3323569110860355,0.3352915795564214,California
150,0.19562428178755634,0.3643556852701276,0.3810571869672812,0.3643368480766626,0.3630580213241675,0.3602661859462266,0.3630580213241675,California
151,0.16530761345829417,0.3326284908372731,0.3559752917362198,0.3328669578328525,0.33158795491661563,0.32855593555450563,0.33158795491661563,California
152,0.19516204210140886,0.3622212828647644,0.3869420985484078,0.3623353464009994,0.3610631890612451,0.355969791416471,0.3610631890612451,California
153,0.2172212344287626,0.3851016602895341,0.40622938346603377,0.38495865840733245,0.3839410430323744,0.38089012777813624,0.3839410430323744,California
154,0.09329217633397868,0.25984927578655903,0.2797747695598963,0.2596689244566311,0.2588720653648402,0.2558680038132972,0.2588720653648402,California
155,0.011888057341776503,0.17777287593084043,0.19827706469185435,0.17767417867743715,0.17702958273931538,0.1740713865978599,0.17702958273931538,California
156,-0.06295118957190327,0.10313930142152533,0.12121827352068432,0.1035049062908277,0.10256147466070586,0.10010165625878051,0.10256147466070586,California
157,-0.09860460367588503,0.06796099487594899,0.08342385364113333,0.0680032153429925,0.06719035898814382,0.06481525238891389,0.06719035898814382,California
158,-0.07498832589436388,0.09026770811294263,0.1066965478314029,0.09006395348690271,0.08935041628679792,0.08703974382046897,0.08935041628679792,California
159,-0.012992236011524744,0.1506180519727171,0.16940393350945754,0.15045899196801893,0.1495437643161487,0.14699685423325914,0.1495437643161487,California
160,0.05662393462196835,0.21659898023520607,0.2347122726961636,0.21686360290792595,0.2157034185836953,0.21288432032443994,0.2157034185836953,California
161,0.1080768128355292,0.2667689099147851,0.28229841305026393,0.2671487686589702,0.2659173759455657,0.2629401089031576,0.2659173759455657,California
162,0.13607389199991982,0.2905085442338997,0.305996653264819,0.2907481337162936,0.28949659574101705,0.28646331512405565,0.28949659574101705,California
163,0.15385390858596,0.30781358727086494,0.32915050172281995,0.30789345064867524,0.3066966682833186,0.303454616935853,0.3066966682833186,California
164,0.12429459334598203,0.269247916768061,0.2974206591672838,0.26953726900736097,0.2683550267931165,0.2655267300125406,0.2683550267931165,California
165,0.13580352703806586,0.2788383466005494,0.3100930898417824,0.27929105694427253,0.27804958379439215,0.27476628730424973,0.27804958379439215,California
166,0.2090034533481447,0.3528502042978703,0.38188393688647015,0.35318390145338263,0.35195474637028734,0.34880389755273306,0.35195474637028734,California
167,0.23658339315166543,0.38043825552163935,0.4033819687024524,0.3803609491089971,0.37937600792153103,0.3772139376097927,0.37937600792153103,California
168,0.196384124235441,0.33713490630763543,0.35676304992134444,0.3370751701433825,0.3362756423448078,0.33418511923225525,0.3362756423448078,California
169,0.2769598796133398,0.4163719632372981,0.44051608855277546,0.41612087412130544,0.4153398440120088,0.4139095491703833,0.4153398440120088,California
170,0.2735795582470745,0.4082855367160626,0.43772723075482256,0.4081885655965316,0.40733429120689757,0.40570803346064843,0.40733429120689757,California
171,0.2736170097471726,0.40363327872881294,0.4302604665222989,0.4035040252833524,0.4024634633391483,0.39965886874916334,0.4024634633391483,California
172,0.2599559421454243,0.38816139708613373,0.4100253828973152,0.3883293083176295,0.38715432431842983,0.38453266409581166,0.38715432431842983,California
173,0.23787065178324512,0.3656625793202113,0.38315369718359293,0.3658230229672031,0.3645105657941076,0.36216108457444574,0.3645105657941076,California
174,0.21729537954619932,0.34545367278064876,0.3595568381168447,0.3455344947834624,0.34420560767585107,0.34238312641094193,0.34420560767585107,California
175,0.2536703567207005,0.3779829339021552,0.3901844181568678,0.3779326550074344,0.3766155908126766,0.37519489170142595,0.3766155908126766,California
176,0.32789533280643623,0.44646484942300185,0.4656145040138515,0.4463497757995104,0.4450442814994382,0.4444668145750021,0.4450442814994382,California
177,0.3420779872497823,0.45760479194815296,0.4976152996798383,0.4572954379437439,0.4562083222497797,0.45586251242264064,0.4562083222497797,California
178,0.382763106363174,0.49674190689349046,0.543972076277703,0.496183488069512,0.49529250095723537,0.4957022439844069,0.49529250095723537,California
179,0.48183392166678474,0.5916166891039161,0.6276758655594485,0.591230051989625,0.5903651952385691,0.5908672539126582,0.5903651952385691,California
180,0.48296176642773836,0.588366777867998,0.6208418657138894,0.5877958673151502,0.5870617581059249,0.5875562582079544,0.5870617581059249,California
181,0.45730625855425994,0.5621713177525025,0.5928080238729245,0.5614587129969726,0.5608160966463511,0.5613246333201287,0.5608160966463511,California
182,0.4393112921569219,0.5402806860058382,0.5649452867595837,0.5394758241263349,0.5388967411508401,0.5395017114464182,0.5388967411508401,California
183,0.38864359339300236,0.4859822099066134,0.5082031652248218,0.485322393443085,0.48454894342945676,0.4851848953220216,0.48454894342945676,California
184,0.3841119840883246,0.48066180795303304,0.5011154549834054,0.4802533169124783,0.4793034505907446,0.4808285702206545,0.4793034505907446,California
185,0.38395829717941027,0.4764890936506877,0.4954431651966582,0.47624204638815937,0.4751312621736309,0.4768217325299685,0.4751312621736309,California
186,0.4015946724343712,0.48956263576141046,0.5073927776635557,0.489530042418601,0.4883208535754471,0.4903883509083149,0.4883208535754471,California
187,0.3608698261161438,0.4448519527309105,0.4585426613511149,0.4447445157373972,0.44351856044505755,0.44587786411321173,0.44351856044505755,California
188,0.33137501978164685,0.4116178050580298,0.4224577184681134,0.41148640646747026,0.41022723523555393,0.4119475765490085,0.41022723523555393,California
189,0.3076170024722443,0.38829138821021536,0.39711349987996286,0.38837374551553205,0.3870569829960495,0.3887251829234666,0.3870569829960495,California
190,0.17113216380442745,0.25063378399494324,0.2665974753028172,0.2509102591277549,0.2496290138436501,0.25007162982858966,0.2496290138436501,California
191,0.0782342703320967,0.15405719037856197,0.17581437022196256,0.15446318064325382,0.15323334771311314,0.15139655594845933,0.15323334771311314,California
192,0.06222118901540857,0.134860636294718,0.1532564041678181,0.13486769056957798,0.1338646636663573,0.13230137603790487,0.1338646636663573,California
193,0.14573863660410308,0.2150862894034794,0.23410438691125435,0.21496186017423008,0.2141346468923984,0.21162261499304252,0.2141346468923984,California
194,0.15690496647279065,0.21481954052305752,0.23650486343088478,0.21474756483153173,0.2137945606027282,0.2114784347779775,0.2137945606027282,California
195,0.1219822743852381,0.17958646360871913,0.201046209113926,0.17939106087720863,0.1784609759367099,0.17596110180839303,0.1784609759367099,California
196,0.12751116885231525,0.18277547691660886,0.20076101036201732,0.18269058217687967,0.18159203297408624,0.17879453423208366,0.18159203297408624,California
197,0.15846397077472446,0.2110791778226908,0.22660754470476693,0.21132847335076618,0.21002587322990368,0.20742777752549957,0.21002587322990368,California
198,0.15254091238351403,0.2026137212901468,0.2149780218580632,0.20290096429020782,0.20149172273774596,0.19875273425655118,0.20149172273774596,California
199,0.12173228468634284,0.17270076882805074,0.18323321195583256,0.1729214344189925,0.1714774279991287,0.16908716083367684,0.1714774279991287,California
200,0.1355499963868319,0.18166567416474055,0.19349264892222215,0.18180661108064536,0.180338528037036,0.17717072683272864,0.180338528037036,California
201,0.13876291830263632,0.18590100605033422,0.19861981594039754,0.18599011678137795,0.18464701726438015,0.1796534332788205,0.18464701726438015,California
202,0.1239519877548427,0.1684692997953915,0.18026409743325492,0.16852215439211016,0.16719390341378346,0.1620023014457949,0.16719390341378346,California
203,0.2619348253873432,0.30381872923101183,0.31405305158056596,0.3035652382640031,0.3024719231712261,0.29844111013236996,0.3024719231712261,California
204,0.3721028430385883,0.4095634273575808,0.41826023626340014,0.40979075538663684,0.40849728056144513,0.40551030405566363,0.40849728056144513,California
205,0.383304340986585,0.4127204571288482,0.42437025810001816,0.41298362841663716,0.4116820540772518,0.4098663063592957,0.4116820540772518,California
206,0.38522506102457355,0.4167658017447005,0.43091661546641735,0.41691905273004465,0.4158462372854777,0.41474938156803215,0.4158462372854777,California
207,0.40439105617565263,0.4320200667382125,0.44538721681850835,0.43211233134837496,0.4311578691700605,0.4304730459275583,0.4311578691700605,California
208,0.36129107762963264,0.38889492164655126,0.4013568175018266,0.38878056836736846,0.38790655725318013,0.3878030771317201,0.38790655725318013,California
209,0.3326093878735341,0.358180180378073,0.3688942271422856,0.357909068106928,0.3570244579575495,0.35780560584382376,0.3570244579575495,California
210,0.3410339959151718,0.3608736268522702,0.37139610761659375,0.3605615906379077,0.35960477142136793,0.36037154448437175,0.35960477142136793,California
211,0.3059302934479469,0.32276342818978876,0.3330352860202933,0.32242657836301997,0.3214459381559447,0.3221614617098927,0.3214459381559447,California
212,0.21107767843690048,0.22700695618826275,0.2373263301781482,0.22677164715157266,0.22565970722349996,0.22591918146666604,0.22565970722349996,California
0,0.4530180251819464,0.4530180251819464,0.4530180251819464,0.4530180251819464,0.4070507752503928,0.4530180251819464,0.4530180251819464,Mexico
1,0.4249676452262478,0.4448153007922775,0.4631540061051461,0.4413743787318243,0.4065962645928043,0.44462605096954433,0.44507706644280365,Mexico
2,0.3990402920887647,0.4351987595592983,0.49274815534504945,0.42295866899588996,0.403548308358469,0.4347756539283548,0.4357619411780051,Mexico
3,0.32697765976950455,0.3778149535944229,0.4432294791785966,0.35644673709496,0.3517096230867294,0.37769146041817186,0.3786767882585204,Mexico
4,0.3211518186114709,0.3860014138344198,0.4722872695902911,0.35440550693026374,0.3644959726827848,0.38595383790307525,0.3870711352382364,Mexico
5,0.3710748368467278,0.4469077747624086,0.5412605228944987,0.4071023488610871,0.42925886702279537,0.44717522397821347,0.44815732969614197,Mexico
6,0.4832560094195575,0.5676997302689885,0.6542717838479628,0.5227978250894416,0.5533038875331624,0.5681004053159812,0.5691244554045387,Mexico
7,0.5311643321556435,0.6236238164056509,0.7016561051142132,0.5788094158030687,0.6119004177963708,0.6254841583251979,0.6251443716617727,Mexico
8,0.5045158690569402,0.6037898542271289,0.6717083242020502,0.5590768011060464,0.5941823090453455,0.6048442030942318,0.6052692886920271,Mexico
9,0.551859270161696,0.6569868303613644,0.7174820716692207,0.6145637618140443,0.6490934690901521,0.6570136060619726,0.6583747697451663,Mexico
10,0.5555152854428899,0.6629683515384592,0.719089206545126,0.6201200716566598,0.6567729318615345,0.6630998316903763,0.6645426351165188,Mexico
11,0.5689651956861549,0.6809613334082658,0.733561724320055,0.6379172590505103,0.6761428105531234,0.6810825829995847,0.682647102452977,Mexico
12,0.5457876940726036,0.6595800045519049,0.7084929303324674,0.6160929915416329,0.6559577274703748,0.6595606976722224,0.6614026990130603,Mexico
13,0.5848067864002864,0.7019604881722575,0.7591631650080204,0.661703803056802,0.6989803196866589,0.7012841619210546,0.7035384968959754,Mexico
14,0.5189617706410954,0.6387716537410727,0.7012461627181531,0.5992743430113799,0.636649743394775,0.6388726000846949,0.6404655538739764,Mexico
15,0.5067132482205912,0.6274495285215896,0.7117487235373244,0.5838265123611034,0.6260193552134022,0.6287706984768819,0.629213704389521,Mexico
16,0.6293422836243507,0.7499754603451513,0.8359058194559578,0.7019054699142784,0.7491810090851874,0.7522512215442306,0.7518551111441307,Mexico
17,0.7363512655050911,0.8586613839583946,0.9392216981766709,0.8098611693732711,0.8584104694824866,0.8616220625413256,0.8606490543795622,Mexico
18,0.7114896763558811,0.8328494641679817,0.9059861591524441,0.7872528500462225,0.833048273546134,0.8358367354121352,0.8349222717073692,Mexico
19,0.6216312634333929,0.7439984457441936,0.8073505950327962,0.7010439395305286,0.7445529518451409,0.7470773227713288,0.7461217416251937,Mexico
20,0.6892522470218472,0.8127869663868407,0.8683200517182431,0.7699613998727689,0.8136385232993026,0.8166571631722922,0.8149518124075353,Mexico
21,0.7099319358556262,0.8344400902842894,0.8873433480225922,0.7892524123598454,0.8353374294152277,0.8383177270973956,0.8364368299236531,Mexico
22,0.7505737625282872,0.8774000755097093,0.9247848496113374,0.8299424420635029,0.8781631907222408,0.8806792024688909,0.8790835375600765,Mexico
23,0.8073440150721358,0.9340765619044907,0.9759751084966259,0.887814540988548,0.9348983962702221,0.9377554148548206,0.9356688509820607,Mexico
24,0.82676347716463,0.9532121294319951,0.9948731539101767,0.9105209199474359,0.9540048480239571,0.9567740069137051,0.9546498227645562,Mexico
25,0.8804824710100017,1.0079106159228135,1.0506656306185753,0.9688714506647411,1.008985500606679,1.011945381836949,1.009525431649502,Mexico
26,0.7866468184544919,0.9146190479600892,0.9548653060188664,0.8819492652296304,0.9156931103508144,0.9187732249241889,0.9161451056192385,Mexico
27,0.6095518873682052,0.7379538185574054,0.7754524392270823,0.7079406102335731,0.7392686032486213,0.7411765599904421,0.7396469843870898,Mexico
28,0.5667497017498969,0.694761843916848,0.7602646909546253,0.6578860975308534,0.696280531929168,0.6980270975644931,0.6965972880900186,Mexico
29,0.5902866299954073,0.7173240047048406,0.7951877758510643,0.6713493205235728,0.7189716611794459,0.7220808240010906,0.7192368289038282,Mexico
30,0.6008845756577543,0.7286420643494198,0.8069151470313666,0.679893978473125,0.7304377983214407,0.7336034402128454,0.7306597795509935,Mexico
31,0.6425318861868535,0.7699378513700396,0.84776585810499,0.7229107144931479,0.7715573523628761,0.7750292860014338,0.7717431806584901,Mexico
32,0.7171086360655119,0.8456840046525651,0.922472392734128,0.7985923199755216,0.8474119466813487,0.8509444002853663,0.847567510084256,Mexico
33,0.8204266695477039,0.949874091708302,1.0181947199388721,0.902869355671479,0.9515883797420979,0.9546918991519947,0.95171860733873,Mexico
34,0.8623593534050832,0.9913149387838,1.0550237186351004,0.9431079945388287,0.9930387749736341,0.9960097565526276,0.993147793075628,Mexico
35,0.7964099209172972,0.9255044761426555,0.9844459824207016,0.879185148983051,0.9270330190169633,0.9297970824285141,0.9271242819049353,Mexico
36,0.7590003890130307,0.8887245754579733,0.9471725063835199,0.8432168059418594,0.8904294274097562,0.8924989212964657,0.8905058267835178,Mexico
37,0.6525656488752111,0.7815496681391502,0.8342846672348875,0.7357068411612703,0.783372314651006,0.7853036618681579,0.7834362712541867,Mexico
38,0.6442371971555106,0.7724717294023198,0.8331266767309718,0.7340815769283112,0.7742660376473792,0.7756677315814259,0.774319577969623,Mexico
39,0.6980603038167162,0.8267430191871142,0.9019452779176484,0.7905212179157304,0.8283746663271202,0.8290587210274822,0.8284194868141912,Mexico
40,0.575209515152992,0.70494063690816,0.7766709853601426,0.6733967440150771,0.7067064575241901,0.7067794390734561,0.7067439783305113,Mexico
41,0.5656881124025377,0.6953633214877883,0.7588538918507051,0.6585459231452074,0.6969563181588849,0.6969842037615201,0.6969877281456788,Mexico
42,0.5227839558113281,0.6523652047808209,0.708890311893785,0.6083845850360422,0.6540870627958132,0.6543597547065143,0.654113357200628,Mexico
43,0.43321291400159817,0.5624996318219364,0.612941664197703,0.5159257872270222,0.5641662291925541,0.5638985680282662,0.5641882411637499,Mexico
44,0.36267872097884324,0.4916273946636174,0.5355138772904012,0.44503444902980194,0.4932077838756721,0.4924678940835608,0.49322621087104757,Mexico
45,0.2939744927560533,0.42374285662194905,0.4618570966905244,0.377582118161617,0.42520254207763103,0.4241915505756615,0.42521796796364314,Mexico
46,0.2949192040021546,0.42496062049085953,0.45824208439791364,0.3785301264273185,0.4263079950946883,0.4251390883252072,0.4263209086464861,Mexico
47,0.31598339769980177,0.44542766398703276,0.4772914375622432,0.40289669448811755,0.446958372044364,0.44498518847804164,0.44696918243281775,Mexico
48,0.3832422675775453,0.5119416358258674,0.5473450501368885,0.4732094429601915,0.5134074439194245,0.5107984507341631,0.5134164936758625,Mexico
49,0.3587903624889057,0.48796521610508214,0.5306356471089584,0.4477902307113696,0.48953209090248817,0.4870585842600107,0.4895396667719344,Mexico
50,0.3165748452159766,0.4449980041642957,0.5200425930505059,0.40035821569070157,0.4466429270168124,0.4441269283658952,0.4466492690436127,Mexico
51,0.3998577324713616,0.5280925472384012,0.6157160396296356,0.4829682603806712,0.529740522618173,0.5274147834576122,0.529745831751893,Mexico
52,0.4409057891296533,0.5692011887582271,0.6764528448949897,0.5174018029010058,0.5709465807305185,0.5685479992627589,0.5709510251931084,Mexico
53,0.5160678296988094,0.6432362193306641,0.7482597362513763,0.591368146123373,0.6450628103276687,0.6430670321298895,0.64506653094364,Mexico
54,0.5101203117786783,0.6370823189973644,0.7288514178913348,0.5875731059371279,0.6389906893252524,0.6382257185428963,0.6389938039837575,Mexico
55,0.5251048148402985,0.6506650328276163,0.7334552425820375,0.6039054489948095,0.6526402074244115,0.652229644389924,0.6526428148146066,Mexico
56,0.5766589713557392,0.7011147267857171,0.7777541468701085,0.6538136310580258,0.7030662817673352,0.7031952824445932,0.7030684645053844,Mexico
57,0.5811398025279175,0.7070201795537528,0.7809773923542939,0.6606740373509822,0.7087370725780296,0.7086839158763167,0.7087388998248301,Mexico
58,0.5435652216882354,0.6685379120708956,0.7389325470161326,0.624448401349601,0.6703479830171877,0.670770025553192,0.6703495126697592,Mexico
59,0.545399943202569,0.6709859240452206,0.734572738036808,0.6281645736172,0.6727320350293605,0.6728517509830454,0.6727333155553349,Mexico
60,0.560809508734946,0.6865051822238936,0.7465225382137453,0.6423614939374581,0.688213769538616,0.6889518620161131,0.6882148415119527,Mexico
61,0.6012948182210507,0.7266165455521814,0.7893814512957052,0.6833749339759483,0.728447840415992,0.729298612317594,0.7284487378025795,Mexico
62,0.6896427760984096,0.8150165606094493,0.881276124093832,0.7730777611387335,0.8169632994311522,0.8180493444804271,0.8169640506650307,Mexico
63,0.7596589071529669,0.8838033363227871,0.9545647792173412,0.8476198911979983,0.8858086319444478,0.8870920477431521,0.8858092608287528,Mexico
64,0.7138871455080217,0.8365437150519666,0.9344091032173749,0.8014594132605176,0.8386351202584849,0.8402185061434138,0.838635646719658,Mexico
65,0.5887655323876089,0.7114760993065452,0.812119015591559,0.6752733775775998,0.7136343386706031,0.7154952632276426,0.7136347793897698,Mexico
66,0.5327803759625036,0.6540142950901363,0.7505783482735201,0.6126139597995578,0.6562192837101115,0.6577084009050709,0.6562196526516286,Mexico
67,0.5649976205553113,0.6856270464604689,0.7769321137479851,0.6415194262631517,0.6877128247289204,0.688778999460646,0.6877131335828421,Mexico
68,0.5688318962687551,0.6880654840548761,0.7749510945276676,0.6430987089441401,0.6902186688359887,0.69094547701331,0.6902189273884708,Mexico
69,0.4896048250170844,0.6083067108841712,0.6859533350375561,0.5643419873577472,0.6104791791288783,0.6102871714518463,0.6104793955722558,Mexico
70,0.4003728561491374,0.5194377736335296,0.5871093365432134,0.4765450565679244,0.5215256203383735,0.520914618307989,0.5215258015307385,Mexico
71,0.4140582918052359,0.532778703827291,0.594750110581878,0.49166954547766817,0.5349329843531175,0.5341108822766368,0.5349331360356199,Mexico
72,0.4316860921040815,0.5497256117079659,0.6085608175176525,0.5124961473199645,0.551750621126321,0.55095571204767,0.5517507481050793,Mexico
73,0.4687577665509338,0.5862353280493343,0.6537174889676338,0.5480038405255996,0.5883204754797268,0.5872007756335964,0.5883205817781119,Mexico
74,0.5816222710832084,0.698371471255758,0.7625137601821106,0.6581825179179668,0.7005389729884399,0.6993149626718733,0.7005390619745571,Mexico
75,0.7077008677947665,0.8248086103828096,0.8802471532089843,0.786497410774941,0.82676628212578,0.8260010384085378,0.8267663566191888,Mexico
76,0.7528244040528789,0.8697220188816817,0.9355433888741286,0.8372732739806692,0.8714983901990132,0.8712821097398166,0.8714984525600662,Mexico
77,0.6658218997559502,0.7821483444545262,0.8489019018862854,0.7528803789295953,0.7839594069761562,0.7838118683181707,0.7839594591807872,Mexico
78,0.5712595630068418,0.6882324911105606,0.7492632470470776,0.6514044747964721,0.69015279599196,0.6901255513397395,0.690152839694293,Mexico
79,0.5100629353778726,0.6269928055758327,0.6824184182016596,0.5872082650200614,0.6290036093939333,0.6301116941574542,0.6290036459786935,Mexico
80,0.4468342093146593,0.5636958867122948,0.612237620563159,0.5210326772353528,0.5656814536612054,0.567135844905978,0.565681484287595,Mexico
81,0.37134611122803396,0.4873556089978445,0.5316572494017031,0.4420789083023488,0.48904605294814923,0.4902566012323516,0.4890460785865774,Mexico
82,0.31920856395448494,0.43498086575636963,0.47617444464266495,0.38775112144348345,0.436489422142359,0.4371262044861781,0.43648944360518904,Mexico
83,0.3041913427910962,0.420060812989979,0.461074956043628,0.37320541633329196,0.4216626709547034,0.4217619914026243,0.4216626889219934,Mexico
84,0.37778880385286734,0.4926315365864001,0.5366352995011271,0.44973280394197784,0.4943888626378021,0.49443835738394726,0.4943888776788526,Mexico
85,0.4581133111405241,0.5726851884562092,0.626631363796795,0.5293216054953578,0.5743727537913292,0.5744232949251288,0.5743727663827217,Mexico
86,0.36917799404209206,0.48328093424926427,0.5375276454430308,0.4377817479179715,0.48505607506871645,0.48450310684875525,0.485056085609414,Mexico
87,0.24766410130983732,0.36175157536005975,0.4130313962155577,0.31416173591833046,0.3632838100743838,0.36252929199896955,0.36328381889837247,Mexico
88,0.21308001672847326,0.32736573678281905,0.4086286099567284,0.2838329630045905,0.32878693197527087,0.3278245781682082,0.32878693936214215,Mexico
89,0.2873299629992803,0.40144088297112024,0.4927155936527179,0.3524185358071858,0.40292708439902125,0.4016958565285803,0.40292709058283094,Mexico
90,0.25234723299293915,0.36679957337048713,0.4495720646933016,0.32390955363352486,0.36842273693127436,0.3673339686115765,0.368422742107959,Mexico
91,0.27937681892872446,0.39363701407899626,0.4716231678040335,0.35267351637290295,0.39541103634463526,0.3943980677902218,0.3954110406782201,Mexico
92,0.39087008965530495,0.505618182992625,0.5774689446552128,0.4647842489160338,0.5072763474681921,0.50596998142389,0.5072763510959883,Mexico
93,0.526051632458565,0.64102941494253,0.7037269092939967,0.5975620213529683,0.6425663592615216,0.6414842588457998,0.6425663622984774,Mexico
94,0.5243982484887,0.6400325606206051,0.6961364267222864,0.5992239734121598,0.6413241501059299,0.6406354552192004,0.6413241526482724,Mexico
95,0.5370073949579571,0.6533728883184198,0.7025985725191953,0.6168144287550336,0.6545432214376297,0.6539262893175097,0.6545432235659139,Mexico
96,0.4814248114100528,0.5980115795337696,0.6426981091979554,0.5672113793245227,0.5991017124131983,0.5988989753674099,0.5991017141948599,Mexico
97,0.36287683440367463,0.4783217402243098,0.525691479229472,0.4519069029371707,0.4796454577811325,0.47936262775814975,0.4796454592726241,Mexico
98,0.42671512747254436,0.5407843041177861,0.5843002374709707,0.509238525139247,0.5422441689722292,0.5413622235347745,0.5422441702208092,Mexico
99,0.4956450680250078,0.6090307287564068,0.6692343874355511,0.5797558112094147,0.6106339762193849,0.6098956686706031,0.6106339772646151,Mexico
100,0.5628244931927877,0.6766643436971639,0.7481076444376701,0.6495327423346017,0.6783139838241654,0.6782806579071352,0.6783139846991644,Mexico
101,0.4754135679600695,0.5892284416260296,0.6547766723813138,0.5599446450383178,0.5909539326722928,0.5912034830277854,0.5909539334047852,Mexico
102,0.32150349545247087,0.4361261180099246,0.49196274398779843,0.3999085377730063,0.4379486499526034,0.4379218302531945,0.43794865056579846,Mexico
103,0.23776180017585025,0.3518715167850191,0.40004275026835945,0.312025352451494,0.35372195612005564,0.3535338563311344,0.3537219566333828,Mexico
104,0.17612126365523256,0.2901572285833066,0.334629203820224,0.24877083582025583,0.292034964242418,0.29172338745274173,0.2920349646721422,Mexico
105,0.1111107939048185,0.22359338730460726,0.26308245526517027,0.18160388027036084,0.22557961542656096,0.22443820891539207,0.2255796157862982,Mexico
106,0.07348866631896805,0.18583344861976664,0.2229524496588821,0.14370495708978231,0.18775609514516628,0.18644705999604488,0.18775609544631494,Mexico
107,0.05700975078233898,0.1686309837324635,0.2054462514700088,0.126336035150671,0.17034441814673112,0.16849413336851532,0.17034441839883324,Mexico
108,0.02499818792156709,0.13473889060715138,0.17042483416693957,0.09594587121134536,0.13623155735452974,0.13449328533842636,0.1362315575655733,Mexico
109,0.025216021719450296,0.13571172567565665,0.18790569799894966,0.10007952464935349,0.137234119521287,0.1347682357203695,0.137234119697959,Mexico
110,0.1450851929215046,0.25523759019420716,0.3174468825431216,0.2253972130869048,0.2567216142826175,0.25401345738676545,0.2567216144305159,Mexico
111,0.2313373500369001,0.33922747940201975,0.4233393329602969,0.3011772664066386,0.3408892249689003,0.3387571250694959,0.34088922509271125,Mexico
112,0.14146393363589366,0.24855084110171158,0.33120855291807305,0.2031386405987077,0.2501415519655896,0.24789206346095222,0.25014155206923616,Mexico
113,0.06165795010403445,0.16950299426824272,0.2439079065340322,0.12150958079014454,0.17096349465365185,0.16908036869898418,0.170963494740418,Mexico
114,0.09054239473866937,0.1970951131923731,0.26725509645073453,0.1523785193234043,0.19864125725877396,0.19694922129841713,0.19864125733140892,Mexico
115,0.1420774255175586,0.24753656005551253,0.31607616492099344,0.20528015768681787,0.24920995743440286,0.2476411125847532,0.24920995749520816,Mexico
116,0.12720477393804008,0.23071211558119895,0.29463403748086836,0.19073645196252034,0.23240562917904897,0.23090828226453644,0.23240562922995125,Mexico
117,0.08529111361403123,0.18737208492490975,0.24557407958921967,0.14678540641769033,0.1888748943615306,0.18691968286166255,0.18887489440414262,Mexico
118,0.16665194881770315,0.26909688910050444,0.3235740878658194,0.22799870853718268,0.270440053375599,0.2681015473256016,0.27044005341127103,Mexico
119,0.21736983720845457,0.3198349749255768,0.37113465853667765,0.2769886619959802,0.32131455191999725,0.3194975777595238,0.32131455194985953,Mexico
120,0.22058615328735037,0.3219985018616613,0.3702010430605641,0.2818334992362839,0.3236450758313298,0.32123991230997084,0.32364507585632857,Mexico
121,0.23525636118980722,0.3348405703523992,0.3855824419168678,0.2927582796281526,0.3366110977012626,0.33448436091187267,0.33661109772218994,Mexico
122,0.2536608492679921,0.35347002800431315,0.4156315566674412,0.31016922784612916,0.35512249482792013,0.3526618743920554,0.3551224948454392,Mexico
123,0.269220852469042,0.3673752058994072,0.45621590078375335,0.3272949378420868,0.36909268539923806,0.36617532153248755,0.36909268541390383,Mexico
124,0.3233200435333997,0.4212059063562042,0.5169957160112798,0.3735558733542012,0.4230125263952002,0.42046869842557355,0.4230125264074775,Mexico
125,0.23936126606994762,0.33649124770091066,0.42228730589048985,0.288588959179867,0.33841816112924855,0.3361859411406193,0.3384181611395263,Mexico
126,0.11452646932908182,0.21129069796577163,0.28452844360642204,0.15675502387565068,0.2132543000552928,0.21119101800023643,0.21325430006389665,Mexico
127,0.06832301963907601,0.16525907031954157,0.23319607070570247,0.11432665007539251,0.1670412690768487,0.16515514603192918,0.16704126908405126,Mexico
128,0.08192908586601963,0.17888114433079186,0.24522134497765802,0.13232833482480857,0.18049267733538124,0.17879066638167945,0.18049267734141075,Mexico
129,0.16311823929072056,0.2601365662784697,0.3250286505057124,0.21330107836007384,0.2615845056727471,0.2596976561734537,0.2615845056777946,Mexico
130,0.14002021308576595,0.23754511095451328,0.29621255183487083,0.19160297751873603,0.23903383603375247,0.23681390297004767,0.23903383603797793,Mexico
131,0.08789100518526548,0.18563062764183763,0.23848795825912422,0.14011365066797285,0.18721065491440314,0.18477057443442352,0.18721065491794042,Mexico
132,0.0831859070424023,0.18130755593117498,0.23004378176576482,0.14056841331203634,0.1829751092568363,0.18079124334943203,0.18297510925979749,Mexico
133,0.12790306169025373,0.22585428662772122,0.27062900203893553,0.19089112193730284,0.22763369837664482,0.2255962990000291,0.22763369837912373,Mexico
134,0.10983164399364871,0.20713729071577525,0.2570622044588412,0.17455959399584708,0.20900425582697285,0.20645232801897773,0.20900425582904802,Mexico
135,0.17858460065134932,0.2754988281820919,0.3348738536107494,0.24024920829040194,0.27726604638975216,0.2744924126887546,0.27726604639148933,Mexico
136,0.23942449281921704,0.33585805259864926,0.41283526172293666,0.29537492509576,0.3377012990598295,0.33470555402422325,0.33770129906128377,Mexico
137,0.34971658082235246,0.4453713891792668,0.5213910740158563,0.39841493603841904,0.447297859020923,0.444473845211534,0.4472978590221405,Mexico
138,0.3748695471232101,0.4690453442683351,0.5509277225301046,0.4165660413729323,0.4710369953125274,0.46876448608811755,0.4710369953135466,Mexico
139,0.43418748511044464,0.528173084004654,0.6056580433253097,0.48108619440819755,0.5302311992248921,0.5288674188751654,0.5302311992257455,Mexico
140,0.5201868133261116,0.6145820583977404,0.6854152566967449,0.5746170766645661,0.6166779047498451,0.6162290132553381,0.6166779047505594,Mexico
141,0.4705392377063864,0.5646479008469157,0.630207294229276,0.5297348340445901,0.566798120637474,0.5668454138896427,0.566798120638072,Mexico
142,0.35326112027459544,0.4465758420497393,0.5042669623370203,0.414671885892505,0.44879753194399863,0.4489669984214922,0.4487975319444991,Mexico
143,0.31007007941288306,0.4046989753764365,0.4556866510469829,0.37569273169664796,0.4065650130994224,0.4068000743235269,0.4065650130998414,Mexico
144,0.2821865468054032,0.37600017025174487,0.4242699202882759,0.348500283086935,0.3778952306422649,0.378730757131076,0.37789523064261565,Mexico
145,0.3289352681253231,0.42338750730780983,0.4702596027705656,0.3956611226324629,0.4252249598249014,0.426003986317559,0.42522495982519515,Mexico
146,0.43007474160738735,0.524835246434788,0.5681372264642885,0.4970945032920651,0.5267902694910945,0.5276809089392316,0.5267902694913404,Mexico
147,0.395149989867542,0.49117220214141344,0.5600157246694009,0.4680892690028411,0.4931362055576901,0.4945341671621227,0.49313620555789595,Mexico
148,0.32004508429689615,0.4157589777517322,0.5161054283739772,0.3919134799314352,0.41781973467764033,0.4186872425057742,0.41781973467781264,Mexico
149,0.3878546112995115,0.4833768843131815,0.5817239178633424,0.4486845101659427,0.4855151102286137,0.48619658538726285,0.48551511022875793,Mexico
150,0.45930920565327504,0.552998413083567,0.6474206526716612,0.5106744123983328,0.5551941023004916,0.5560282054973072,0.5551941023006124,Mexico
151,0.49985813927377776,0.5921864227811375,0.6801409241704512,0.5529322689025985,0.5942382307668068,0.5952863024706239,0.594238230766908,Mexico
152,0.4968316153192974,0.5887220484039859,0.669002687169524,0.5509035370773636,0.590705654406386,0.5919567417457632,0.5907056544064706,Mexico
153,0.5163124127669887,0.6083500074161922,0.6797761882292715,0.5701912859758603,0.610198699880031,0.6118451545872243,0.6101986998801018,Mexico
154,0.552825718070144,0.6439348546633372,0.7104754607633503,0.6074051240037432,0.6458834713975841,0.6473214033946745,0.6458834713976433,Mexico
155,0.6235624928135624,0.7136942456450605,0.7722925536101982,0.6784349025184528,0.7156746090575693,0.7170180314082034,0.7156746090576189,Mexico
156,0.6659274475195347,0.7558455176698042,0.809425993031075,0.7260795833628655,0.757826298866789,0.759371627291269,0.7578262988668305,Mexico
157,0.6828171175877082,0.7724686129353606,0.8235868912466058,0.7477928845988017,0.7745374373881388,0.7763424650969472,0.7745374373881736,Mexico
158,0.6992183582342875,0.7881266623905259,0.8372152990667809,0.7677121245235627,0.7902691909497159,0.7922916220645515,0.790269190949745,Mexico
159,0.7312165500527626,0.8193841266041824,0.8659754561648046,0.8024297913506493,0.8213131051176153,0.8230609080392949,0.8213131051176397,Mexico
160,0.6017592300041629,0.6889603272152717,0.7378985185758614,0.674683959564131,0.6909966273329331,0.6926829682600688,0.6909966273329535,Mexico
161,0.40760959369932737,0.49375409327750086,0.5464857876687718,0.48013322768685707,0.49587688844513256,0.49793859204052004,0.49587688844514966,Mexico
162,0.31925638139598533,0.4044442161344004,0.48496454189522864,0.37724457085083074,0.4064314731046159,0.407501813200945,0.40643147310463024,Mexico
163,0.36776497668070884,0.45216956667873354,0.5376306948428499,0.4177989376273963,0.4541089255004005,0.45494544395700165,0.4541089255004125,Mexico
164,0.41259394404484684,0.495833656589327,0.5720213736711774,0.4547968464310591,0.49767258285829863,0.49815053582217145,0.49767258285830873,Mexico
165,0.39349752010183675,0.4760162268035356,0.5474987393677736,0.4352190972398583,0.4778018124093001,0.47930392615773393,0.4778018124093085,Mexico
166,0.3616185617880241,0.44393645363095585,0.5128764967415205,0.40490739405041704,0.4457169343811325,0.44706139494027297,0.4457169343811395,Mexico
167,0.2609139285355621,0.34288488879113915,0.4040419757057847,0.3059143671686217,0.3445537451019818,0.3453917286302134,0.34455374510198766,Mexico
168,0.260796242454144,0.3421355818029586,0.3961189138700832,0.3021828807115253,0.34354354673804127,0.34344039328373593,0.3435435467380462,Mexico
169,0.3157496451473325,0.3964782274729887,0.44578312777975787,0.3536704815773709,0.39802066803436736,0.39842275783854897,0.39802066803437147,Mexico
170,0.3503948802145189,0.42910515467908217,0.47854605833122926,0.3879998863947022,0.4308039455319719,0.4314126428378572,0.4308039455319753,Mexico
171,0.3960697351711158,0.4720973878029164,0.5233623378065512,0.4342818283304662,0.4739292982025464,0.47473552866614926,0.4739292982025493,Mexico
172,0.3205492453316481,0.39480071598466804,0.4601910450976358,0.36280492381338203,0.3967565029472703,0.3979697143894347,0.39675650294727266,Mexico
173,0.3368985925751002,0.41083516071005255,0.4814598622462566,0.3744294153291482,0.41264314315635586,0.41340632315578796,0.41264314315635786,Mexico
174,0.3095442908290408,0.38328405514214936,0.4807809665725588,0.34548466651182363,0.3852166330445479,0.3860552956713211,0.38521663304454956,Mexico
175,0.18663634298796367,0.2583717453559838,0.3585311572756149,0.21538914767646294,0.26037873128727446,0.2623265662222962,0.2603787312872759,Mexico
176,0.2018962448309454,0.2732973447890617,0.3636984366554633,0.22479462410835188,0.2750181457484368,0.277723352899944,0.275018145748438,Mexico
177,0.2836881138512251,0.3547236446634428,0.434778181865488,0.3024167294223071,0.3562986802446321,0.35894755607083795,0.3562986802446332,Mexico
178,0.3111778384740198,0.38075517241698753,0.45479887657730994,0.33051415567244163,0.382095721779982,0.38461145508937206,0.3820957217799829,Mexico
179,0.29717490388294765,0.3660835521266575,0.4359789450401761,0.3166827443011702,0.3674628323700587,0.36966220953970896,0.36746283237005944,Mexico
180,0.29707287245036956,0.3664356986188964,0.4301215571248729,0.3166262986898594,0.36762479652588553,0.369193834306381,0.36762479652588614,Mexico
181,0.26249489220978717,0.33187205927638247,0.38878469741163557,0.2827172197467673,0.33288346457694756,0.33486709549649657,0.33288346457694806,Mexico
182,0.2557852414641746,0.32516312219038734,0.3808795163037102,0.2747198769857927,0.3261641132044593,0.32812188791195535,0.32616411320445976,Mexico
183,0.17170812324452867,0.24068331551982275,0.29380980806579016,0.18996896517732287,0.24188988636457176,0.24328600288966531,0.24188988636457215,Mexico
184,0.1938978771163096,0.2631280947726907,0.31829109700799296,0.21447664981660372,0.2643039611120014,0.2651246207464,0.2643039611120017,Mexico
185,0.22906745845657003,0.298106256280311,0.3751579825155682,0.24449227932451473,0.2994870016481508,0.3002346908650325,0.2994870016481511,Mexico
186,0.24726720338412295,0.31545923622414385,0.4211130958801203,0.256827774094598,0.31685167049657276,0.318400804673619,0.31685167049657303,Mexico
187,0.20808965653843442,0.2756679336677583,0.38996486504355476,0.2174515711485616,0.2772209301351196,0.27867774856866534,0.27722093013511984,Mexico
188,0.10854416774768423,0.1755618883238898,0.2769661868372281,0.12124847639523086,0.17697157885688214,0.17882528455743596,0.17697157885688236,Mexico
189,0.10709859426657636,0.17420749952002754,0.263777556205305,0.12252944740325125,0.17538760105211124,0.17824718167504056,0.1753876010521114,Mexico
190,0.11645687395874574,0.182758792045702,0.26244592417085405,0.12918678497762665,0.18389069103651823,0.18645715989943762,0.1838906910365184,Mexico
191,0.1504646786864728,0.21658694068423118,0.2904744078355684,0.16295210865136556,0.21774362497265504,0.22032562515175202,0.2177436249726552,Mexico
192,0.12082613135791541,0.1874352513033688,0.2527219839669144,0.13334347431481858,0.18846789618859838,0.1906991914097444,0.1884678961885985,Mexico
193,0.14183121274166924,0.2083732118228799,0.27016065541933354,0.1534893706309758,0.20931355934843118,0.21095687275667718,0.2093135593484313,Mexico
194,0.20237999367856904,0.2649504375705081,0.3250093381035192,0.21090717001821097,0.265928919611315,0.26735836204922836,0.2659289196113151,Mexico
195,0.2907285927271298,0.35314267304930447,0.4075952730956588,0.30649848463390605,0.35424182762789436,0.35564842816656994,0.35424182762789447,Mexico
196,0.21485832019521894,0.2764784842499507,0.3251947806205779,0.23660015297273698,0.2777988245817793,0.27935379395209975,0.2777988245817793,Mexico
197,0.14490753680319918,0.20503503326790587,0.2752113656549634,0.1607880651726036,0.20628288373834877,0.2080551548066833,0.20628288373834877,Mexico
198,0.23268344112974296,0.2907306939212717,0.37393731391160046,0.23855302804915737,0.2922056874108624,0.2940577875315369,0.2922056874108624,Mexico
199,0.3496825186245164,0.40718550487051963,0.48379270107699246,0.354067798142328,0.408739173755697,0.41056601871426424,0.408739173755697,Mexico
200,0.38104203980768314,0.4354814804884093,0.50936057638444,0.3875138766013765,0.436994670730365,0.4388743746573285,0.436994670730365,Mexico
201,0.36972108504170065,0.42263185149742655,0.49003088884155377,0.37848498564699523,0.4241609327048299,0.42627410699026425,0.4241609327048299,Mexico
202,0.354427411661545,0.4042692858777192,0.46475805875632303,0.362987251009685,0.4059722983572018,0.40804651025066585,0.4059722983572018,Mexico
203,0.33041983676491526,0.37721395441828975,0.4347821395638077,0.3377896217221707,0.37899839750641606,0.380820976737399,0.37899839750641606,Mexico
204,0.3288692421817853,0.372010424324823,0.4273391836362028,0.33226136437412856,0.37387888253258716,0.375643307546995,0.37387888253258716,Mexico
205,0.2633151404768064,0.30120474614735454,0.3506424609315978,0.25908885619958266,0.3031657028456225,0.3051159357371303,0.3031657028456225,Mexico
206,0.19878292934790356,0.23503132240385205,0.2847875460261323,0.19199164496546756,0.23702890754295303,0.23847792153146247,0.23702890754295303,Mexico
207,0.10498409525792671,0.13820974857717772,0.19073766761758443,0.09456960924437229,0.1402582627110499,0.14105383039170516,0.1402582627110499,Mexico
208,0.005233961041211918,0.03649419820195371,0.0899099589031275,-0.009738153831764282,0.038563173482483615,0.039253936033685405,0.038563173482483615,Mexico
209,-0.09444616162030806,-0.06572261290320955,-0.005631169059310492,-0.11423877617699807,-0.06383084402644798,-0.06328902610085932,-0.06383084402644798,Mexico
210,-0.07205015914137235,-0.04753218752537622,0.03467832383852404,-0.09679182808887271,-0.045878147571050826,-0.045578992737275004,-0.045878147571050826,Mexico
211,0.016994634924293234,0.03825633144907173,0.12460252803828431,-0.016799833443525564,0.03998985102158137,0.03984035695664728,0.03998985102158137,Mexico
212,0.14512757056571265,0.16426442360289392,0.24148624464817584,0.10637266484409238,0.16600623172224863,0.16611182048878267,0.16600623172224863,Mexico
0,0.8664961654216345,0.8664961654216345,0.8664961654216345,0.8664961654216345,0.8669614322133296,0.8664961654216345,0.8664961654216345,Chile
1,0.867668565956009,0.8526515470487754,0.8697887886637262,0.8438691305449344,0.8529566124474631,0.8526930164076051,0.8525623997616274,Chile
2,0.8304782534011274,0.8031196593107223,0.8449662362817448,0.7748869998269149,0.8033495076206423,0.8035335795313613,0.8030154978773127,Chile
3,0.8627733992873933,0.8245301053143606,0.8716463726807204,0.7790668633873804,0.8246601098217176,0.8234906755366994,0.8243771090136575,Chile
4,0.905390561123724,0.8565792013033487,0.9028858934238404,0.801597043600175,0.8566427867086404,0.8556519448118313,0.8564030049089709,Chile
5,0.9277338628633155,0.8707055684589945,0.914721810556837,0.8170551117773955,0.8706816138341079,0.8699957578053568,0.8704784507694975,Chile
6,0.9482491459274254,0.8837521049695132,0.9285734907396788,0.8101382457802229,0.8836406455687165,0.8831839141279464,0.8834685089391691,Chile
7,0.913007615016516,0.8425174980701955,0.8895115154632487,0.7525815345025914,0.8423851448138886,0.8428917973409817,0.8422392963581727,Chile
8,0.8839882195339479,0.8084937865429015,0.8531549601758395,0.7075456778857219,0.8082916763305394,0.8090081350542454,0.8081681014000286,Chile
9,0.8120225454737772,0.732030161981404,0.7717189945598615,0.6208162447153243,0.7317694736491636,0.732547004056034,0.7316647706999564,Chile
10,0.7095469113224666,0.6268284641298295,0.6627617205921151,0.5120823086962224,0.6265391133415986,0.6273285608552959,0.6264504003030611,Chile
11,0.6039263896296739,0.5177346663639133,0.5496989942014332,0.3980545615123011,0.5174607352771003,0.5179956470921475,0.5173855702195147,Chile
12,0.4789774070945059,0.3912519325269096,0.42435646740859573,0.2675002758985929,0.39096362009856045,0.39015322598287316,0.39089993401616485,Chile
13,0.4863001475194526,0.39628697875983715,0.4314249091818607,0.28532775109098374,0.395978769962763,0.3928644914452976,0.3959248098219585,Chile
14,0.5111260605652439,0.4187354344358014,0.457489122458442,0.3124186520412008,0.4184718074130232,0.415879760261064,0.41842608789808183,Chile
15,0.35585259622159526,0.26293284281592477,0.3001382403685629,0.15132840855681318,0.2626247318579151,0.258995517635091,0.2625859944859344,Chile
16,0.30775023040712257,0.21465826083079959,0.25375390050062335,0.09556733641905191,0.2143424834184009,0.21110368428912152,0.2143096618980962,Chile
17,0.29275518296770237,0.1978786319915425,0.24115615624542897,0.07716932423957434,0.19755757327578272,0.1932132216452802,0.19752976415657736,Chile
18,0.2951843049769919,0.1994546895978726,0.2407342194672708,0.08818986545712271,0.19915649255243917,0.19483894587706796,0.1991329303559352,Chile
19,0.3337477169132877,0.23655072975745833,0.2780341697270855,0.12913692696555706,0.23624606098796996,0.23305633912381762,0.2362260971372636,Chile
20,0.2897179202397726,0.191972106655523,0.231807476029529,0.0892925581913947,0.19167538614333973,0.18872925904397053,0.19165847111018658,Chile
21,0.2896424043133444,0.1918216932234571,0.22779484288389684,0.0774873385216891,0.19150621220833824,0.18792350917576428,0.19149188038674825,Chile
22,0.3555997136519705,0.25630531018108327,0.28907928009775263,0.13467849160239997,0.2559740639982248,0.25273639290311767,0.2559619208881152,Chile
23,0.48041664927146666,0.38168586221613604,0.4116060562303533,0.2547235331894274,0.38134936184668544,0.37904556806552736,0.3813390731948062,Chile
24,0.4445886460958226,0.34618599872297184,0.37396843683734293,0.22850543204812795,0.3458645608084469,0.3440278927742717,0.345855843407671,Chile
25,0.3112835550339698,0.21226077803453247,0.2535567649674485,0.10292715164697186,0.2118971926057422,0.20859810186703032,0.21188980649945927,Chile
26,0.3098547130646342,0.2105868168511112,0.2580496692877682,0.1165057313950546,0.21022867653288185,0.2067022589550056,0.21022241840991318,Chile
27,0.28671581985009864,0.1868738202502611,0.22951801609115965,0.10597091667415548,0.1865363559023469,0.18312175520112423,0.18653105350056837,Chile
28,0.26557864952002863,0.1659795933887327,0.2083013791003291,0.08696475679635207,0.16563219356093328,0.16173740206064346,0.16562770092555978,Chile
29,0.354545921424521,0.25589014725984527,0.30196677436111774,0.16891234122636867,0.2555520253865353,0.2520772625199605,0.25554821885254514,Chile
30,0.42689038205097507,0.32790020987106494,0.3748115407196655,0.2504558257552727,0.32753096392018577,0.3247532560600428,0.3275277387082971,Chile
31,0.481719139987788,0.38292842324256143,0.4270123028920902,0.3014121553695977,0.38253843456465286,0.3808501867978607,0.38253570189715175,Chile
32,0.47872027003058704,0.37917860931885927,0.41847487551689433,0.29455226586366845,0.3787862022375982,0.37741423251351924,0.3787838868946286,Chile
33,0.4411402788049242,0.3410930818946124,0.3755931314362059,0.24401923590130115,0.3407072988047627,0.33837950782173215,0.34070533705381256,Chile
34,0.43804936628765306,0.33848741204369787,0.3703986601905284,0.23027215701769743,0.33813388745162903,0.3358202358075873,0.33813222529321846,Chile
35,0.4195257572579861,0.32010059700154464,0.35132012134449486,0.2052231134974022,0.3197438326701372,0.31758211827854693,0.3197424243514198,Chile
36,0.4627131873346883,0.3629178877631157,0.3914161992628488,0.24505935525905254,0.3625268966722084,0.3589571234455021,0.3625257034275711,Chile
37,0.6368086064089937,0.5376427820527743,0.5626781600529861,0.42610571579067624,0.537301476985352,0.5347052941351675,0.5373004659693463,Chile
38,0.7435815375872914,0.645158343390003,0.6795407831255722,0.5377976063784609,0.6448306083532446,0.6427509284740784,0.6448297517364774,Chile
39,0.8259615640701806,0.7273107070372782,0.7658762231582301,0.614182486581061,0.7269902429382549,0.7256069107549802,0.7269895171413517,Chile
40,0.812159112300523,0.7125969058790549,0.7500045223425227,0.5920420362637469,0.7122830282535093,0.7115603722304222,0.712282413298065,Chile
41,0.7421172848355,0.6429205633530016,0.6785548951410861,0.5261832072244282,0.6426065549924969,0.6421302530143675,0.6426060339511466,Chile
42,0.7313154378046887,0.6323448840104675,0.6661899782305823,0.5132842596649941,0.6320093768807827,0.6302567908932135,0.6320089354112564,Chile
43,0.7712917468108196,0.672669886447404,0.704218450254948,0.5427152805568569,0.6723275323467671,0.6715267372170908,0.6723271582971019,Chile
44,0.7502931874664036,0.652109054440246,0.6808485068526975,0.5221896105153325,0.6517483641233676,0.651226057214463,0.6517480471974108,Chile
45,0.7058211904881818,0.6072220756418787,0.6334744439284271,0.48243101545146033,0.6068405333254351,0.6065367947443248,0.6068402647994304,Chile
46,0.6505364352587621,0.5518624470213794,0.5757356324431804,0.42480176340272063,0.5514874965308189,0.5510631580535614,0.5514872690132754,Chile
47,0.6663825862309662,0.568099719154251,0.5928788193238899,0.43758714240607693,0.5677446894184023,0.5669768093171723,0.5677444966466345,Chile
48,0.653332182633216,0.5558316003517141,0.5874836639673904,0.4230913663600048,0.5554683200880399,0.554760251418186,0.5554681567557804,Chile
49,0.6454968670923957,0.5476306313848234,0.580586596324752,0.4128911379255546,0.547299343360175,0.5452360941900986,0.5472992049715133,Chile
50,0.7537548627285411,0.6567981262315041,0.686207556611452,0.5288211169504946,0.6564994477776358,0.6548115150379031,0.6564993305232627,Chile
51,0.8251082931708786,0.7282968716166055,0.7605402904190783,0.6036705346552118,0.7280273711089991,0.7267204139244268,0.7280272717613513,Chile
52,0.8179003259096435,0.7209629785805657,0.7639070401442712,0.5978665443393848,0.7206872582627092,0.7196739000379362,0.720687174087127,Chile
53,0.8248678791349853,0.728915993690605,0.7776812484183478,0.6118374105396999,0.7286229024397755,0.7283389696078983,0.7286228311192279,Chile
54,0.7656299281815324,0.6697840766574051,0.7173784565436991,0.569167932911848,0.6694677174013365,0.6693176649269333,0.6694676569726424,Chile
55,0.7090843191081662,0.6141824767553125,0.6594773914121056,0.5238621348626646,0.6138536757622378,0.6137351250010775,0.6138536245620271,Chile
56,0.6937031157200038,0.5996462783209809,0.6445132711184482,0.5135726929724904,0.5992885877545602,0.5997408292057995,0.5992885443734873,Chile
57,0.6855267761948761,0.5906036022840878,0.6330237307382517,0.5150561492713522,0.5902145745343377,0.5905931873951091,0.5902145377782881,Chile
58,0.7028892127207159,0.6081042568525038,0.6461207140719367,0.5413221738547971,0.6077642356241211,0.6083096922561161,0.6077642044813417,Chile
59,0.6681284567436663,0.5730728378833038,0.6119286674781718,0.5118129842997681,0.572706722554421,0.573047597732492,0.5727066961676707,Chile
60,0.5499586173559373,0.4550426461654483,0.49192593952977537,0.39684220556454064,0.4546875226103843,0.4540182232003783,0.45468750025333693,Chile
61,0.37813297138303337,0.2837585780825935,0.3176276373912978,0.21736286058442578,0.2834163356210497,0.2809713358779485,0.2834163166783014,Chile
62,0.3793416954847119,0.2847158452998745,0.3228495895171897,0.21022692270990073,0.2844197107352392,0.2819498563974213,0.2844196946853689,Chile
63,0.3743865300832541,0.2805240042421173,0.31974036273453393,0.21277451547754384,0.2802451528806883,0.2754195005723419,0.28024513928190453,Chile
64,0.2898804599499784,0.1969549962178766,0.2340918778968612,0.13514163022353476,0.19671729403380417,0.1908193365001602,0.1967172825117846,Chile
65,0.228404418185154,0.13554001492523582,0.17005320543290292,0.07241509599608165,0.13528235409187572,0.12929963017849821,0.1352823443294634,Chile
66,0.18794399279794316,0.09608074482104251,0.12812552478903472,0.02206215562538516,0.09579084941636962,0.08920805784421648,0.09579084114484276,Chile
67,0.19005545950463343,0.09868781069497062,0.13022963083796812,0.009815520356548535,0.0983785244869278,0.0924344316659591,0.09837851747860293,Chile
68,0.2310594936924254,0.14062406960326307,0.17073181972638019,0.041029658521083756,0.1402989277384432,0.134267261718027,0.14029892180040804,Chile
69,0.2730797472267216,0.1832100057243733,0.2103122152142448,0.07327377756930964,0.18288069711030092,0.17621025371079535,0.18288069207910412,Chile
70,0.31999291851574385,0.22999978352227413,0.2552042399376402,0.11330345179403967,0.22968373105902207,0.22283378356351718,0.2296837267961741,Chile
71,0.4057617676926662,0.3156831171415627,0.3449587756954924,0.19486348830711608,0.31535041506023187,0.30753517342702097,0.3153504114483928,Chile
72,0.5429034128922963,0.4533727781149293,0.48233989140893513,0.3369323195144768,0.4530030242836494,0.4434129819589688,0.4530030212233993,Chile
73,0.5774258527149745,0.4882868259002125,0.5170140475735377,0.3750060797340424,0.48789523156418174,0.48008730695517715,0.48789522897128357,Chile
74,0.594967083826333,0.5060714336391534,0.5462944848589688,0.40137671375318273,0.5056642724641662,0.4991729549781899,0.5056642702672475,Chile
75,0.6633711683470774,0.5744021317957044,0.6193332064698773,0.4726021396993371,0.5740299284979584,0.5684188983120593,0.5740299266365463,Chile
76,0.681673394099689,0.5931505109653956,0.6359781133308537,0.48329364489912463,0.592777828953911,0.5882330044466657,0.5927778273767679,Chile
77,0.595408111964603,0.5074137186599692,0.5472835410057977,0.3930615845271652,0.507034047874056,0.5036206991069624,0.5070340465377693,Chile
78,0.48098013292458974,0.3935448993799095,0.42954592808139214,0.27258752498541317,0.3931602343130881,0.3890716482864138,0.39316023318087495,Chile
79,0.4542304732722303,0.3664625112168521,0.3983710027632201,0.2362656176107194,0.366131589680951,0.3617159453804229,0.3661315887216459,Chile
80,0.4478064581691013,0.359970240462014,0.3879593568652949,0.22258886276451817,0.35967610471315453,0.35481006392011744,0.35967610390035154,Chile
81,0.4663211444254444,0.378830268828493,0.4058030040981742,0.23533820211662027,0.37853025138463103,0.37266718617305156,0.37853025069595675,Chile
82,0.4709261737659208,0.38412970183492534,0.40901572405894215,0.23743745613602663,0.3837956410741614,0.378709482640841,0.38379564049065934,Chile
83,0.42973921461841763,0.34312662002727307,0.3666479199685672,0.19727009474469342,0.34281836223920725,0.3368620407178885,0.3428183617448158,Chile
84,0.4604383028149347,0.3744565831622974,0.40277432287449466,0.2325948951549155,0.37419540155051617,0.3683865886931059,0.37419540113162664,Chile
85,0.5784930521944025,0.4929208550924221,0.5341729411875767,0.35288706490583066,0.4926731201497285,0.4865487543040565,0.4926731197948105,Chile
86,0.5610542679462153,0.4761363741076003,0.5258827219844548,0.33804953608412025,0.47587055097702136,0.46688890973987435,0.4758705506763053,Chile
87,0.5816595848794366,0.4968211030440114,0.5468098623168061,0.35913605811247856,0.4965264678127284,0.48738396031091835,0.4965264675579368,Chile
88,0.6866598942303774,0.6018033326868462,0.6498657976918248,0.46041400349639305,0.6014922691604281,0.5941562893260193,0.6014922689445474,Chile
89,0.7668363235961181,0.6815576385123066,0.7333656607048994,0.5355812374645196,0.681266741510798,0.6751528725106534,0.681266741327886,Chile
90,0.7821311314487833,0.696556379040865,0.7504030200250514,0.5531042577247689,0.6962501243865497,0.6897399092447221,0.6962501242315714,Chile
91,0.7404057333324309,0.6550297750264708,0.7052995855567825,0.5220922394178829,0.6547646393881665,0.6495495273141746,0.6547646392568561,Chile
92,0.6649412865029647,0.5794592160923728,0.6249058833740019,0.45235325873727594,0.5791576944549598,0.5736580694617164,0.5791576943437027,Chile
93,0.6672720267622103,0.5816761125012748,0.623077900010297,0.45233622996877565,0.5813401117689281,0.5764009280710499,0.5813401116746618,Chile
94,0.6489628894628492,0.5631040622136265,0.6006912350368465,0.43721064747493665,0.562778620208324,0.5590252634900447,0.5627786201284539,Chile
95,0.5460699473424894,0.45989367086388594,0.4932940844906849,0.3414084212420436,0.45956637367458497,0.45334193768541237,0.4595663736069124,Chile
96,0.41410591310564127,0.3280858816096374,0.3582330212160151,0.2093849715739453,0.32773201788595663,0.32031213483072757,0.32773201782861877,Chile
97,0.4091064972068537,0.3235878050228157,0.35837532976271724,0.20047208799972638,0.323209007341761,0.31410120607406655,0.3232090072931796,Chile
98,0.4285902985974667,0.34384676522579394,0.3899238335383225,0.21943729417742092,0.34346598998870437,0.33383974065246314,0.3434659899475421,Chile
99,0.38903790344009737,0.3045460209198003,0.35420063053872036,0.1789390735283335,0.30421606686921737,0.29306858537370506,0.3042160668343413,Chile
100,0.2842828769851831,0.19972347326990475,0.24449065192895053,0.07000709989395498,0.19938634727295135,0.18970577089076052,0.19938634724340148,Chile
101,0.23698085255217904,0.1525936589557415,0.19370112452144433,0.018819532481803014,0.15223358668569315,0.1430060639298008,0.15223358666065606,Chile
102,0.2453127549082077,0.1604582412122023,0.20416484265773538,0.017777077595009128,0.16008971890798307,0.1511531137932981,0.1600897188867696,Chile
103,0.3135436219136153,0.2290226870415839,0.27283597969696183,0.07899725245934397,0.22862687475127175,0.22010160998067518,0.2286268747332979,Chile
104,0.3851228233792202,0.3010193190999486,0.3442971582566763,0.14761313486273864,0.30065897283368653,0.2918620838134147,0.3006589728184576,Chile
105,0.44957787091910156,0.36634262774705195,0.40921285137262614,0.21484868496643195,0.3659919373396763,0.35810373954307867,0.36599193732677304,Chile
106,0.4866084790709007,0.40345769523398045,0.4456267100423524,0.25899490485995696,0.4030737840543261,0.39502969562760176,0.4030737840433934,Chile
107,0.5660938511585805,0.48347565543715304,0.526052800524551,0.3474886385084299,0.48311204529545054,0.47651983445891266,0.48311204528618745,Chile
108,0.5257547793047872,0.4444172176809355,0.4841823371873088,0.3187426266315465,0.4440574676915821,0.43877832244344633,0.4440574676837336,Chile
109,0.39974118559562766,0.3183358350385184,0.37094127992427894,0.20419415846072914,0.3179739888317981,0.31230958283499094,0.3179739888251482,Chile
110,0.31114113192848447,0.22935810324821332,0.30234798997224616,0.12444478025264372,0.22897514124927898,0.2223100722450757,0.2289751412436446,Chile
111,0.3613656161177272,0.2804411268308973,0.35405843678810545,0.17019798990632584,0.28009033896123403,0.27218408033461317,0.28009033895646007,Chile
112,0.40612987860062333,0.3256856754243024,0.3946058661028426,0.2093126143101769,0.3253483403121272,0.31810090806748414,0.32534834030808235,Chile
113,0.35706081202652323,0.2764533399125453,0.33950591395327573,0.16181326481817393,0.27610688225862573,0.26988762953102463,0.2761068822551986,Chile
114,0.33814229606483465,0.2578286151431511,0.31504452050342496,0.13130557049260183,0.25747277889934733,0.25102026750105977,0.25747277889644354,Chile
115,0.3147500390853187,0.2354197545462146,0.2875340840465231,0.10457296693288548,0.23505404969232857,0.22760448420897061,0.23505404968986826,Chile
116,0.337670550614341,0.2594638759611032,0.30589669803779973,0.12352035918950433,0.2591386753281967,0.25187576737292316,0.2591386753261121,Chile
117,0.4186731211170345,0.3414618691881174,0.3827166500105819,0.20039335505293576,0.341127580030688,0.33390280286712304,0.34112758002892174,Chile
118,0.5240457818444335,0.44698246003444725,0.48391666254446986,0.30157162228695966,0.4466404703238587,0.43944800073539003,0.44664047032236215,Chile
119,0.5769771283547348,0.4997427669088396,0.5330450517930425,0.351215799983969,0.49936425788757327,0.493383138136541,0.4993642578863053,Chile
120,0.5190657933434805,0.4422934814772008,0.47181863373596894,0.2986184676411959,0.4419433793894837,0.43508869761718344,0.44194337938840933,Chile
121,0.547916708244615,0.4718634512626084,0.504002590191555,0.3270012900299634,0.4715088490195509,0.4645956866632302,0.4715088490186406,Chile
122,0.6669434159674331,0.590789694169173,0.6250906405861303,0.4470456098999006,0.5904628681733732,0.5790995532617165,0.5904628681726019,Chile
123,0.6451370008517954,0.5698459382565026,0.6014531139883988,0.4269716922976782,0.5695430262356093,0.559058583866406,0.5695430262349557,Chile
124,0.5069278215635165,0.43182679704466165,0.4618398791080117,0.28912474749070793,0.43149080389942185,0.4207235156631416,0.43149080389886807,Chile
125,0.38806034650622806,0.31325707544809495,0.34206909555279713,0.16760694516418523,0.3128942402945853,0.3025048614970486,0.31289424029411605,Chile
126,0.3562671294689351,0.28120805232667306,0.3120686557899362,0.1363534790785753,0.2808730430518972,0.27081060288749,0.2808730430514996,Chile
127,0.37109190063536024,0.2960525984356777,0.3320173379077117,0.15714209512782717,0.2956845793575043,0.2858735340600429,0.29568457935716747,Chile
128,0.4613451251086597,0.3862264922475851,0.4217604949466699,0.24369643107099836,0.3858724307548132,0.3770093049878471,0.3858724307545278,Chile
129,0.5317928228837847,0.4562330760370325,0.4889931585511657,0.33336875887827616,0.45592830586999233,0.4488377876220515,0.4559283058697505,Chile
130,0.5563795700662927,0.48041215699225215,0.5114267471609593,0.3721227699727316,0.4801089183559322,0.4712434290400304,0.48010891835572733,Chile
131,0.5514089664731686,0.4753687297771802,0.5043198393598126,0.37741733138212424,0.47503478765500495,0.46606218585515946,0.47503478765483137,Chile
132,0.48616960643287455,0.40949858035012254,0.4352892811790175,0.3136387693875271,0.4091498532888453,0.39989468600794587,0.40914985328869824,Chile
133,0.5177430120213119,0.44084099721104775,0.46447155839414456,0.3380459143651534,0.44048552797407076,0.43120864823332283,0.4404855279739462,Chile
134,0.48976844903406863,0.41326453287156395,0.43623347470788654,0.30531836490924114,0.41287420251022705,0.4031116418782345,0.4128742025101215,Chile
135,0.38297146394281933,0.3066902844660859,0.33235004431977505,0.1933464989961448,0.30629839932891456,0.2959104124911965,0.30629839932882513,Chile
136,0.27493930629736896,0.19870033521111702,0.2298826246233519,0.09335820974529407,0.19832663102332526,0.188067263043314,0.1983266310232495,Chile
137,0.26431844473841326,0.18871616813479053,0.22647728496271713,0.07794479446527369,0.18832267826443128,0.17863087864832083,0.1883226782643671,Chile
138,0.26142685882111816,0.18662124460224105,0.22707047787095358,0.06685435008316276,0.18623695844084986,0.17743230445194946,0.18623695844079546,Chile
139,0.2527575165900915,0.17812042482100898,0.21653163349011872,0.06474184557476748,0.17774595271344062,0.16856449848186883,0.1777459527133945,Chile
140,0.2560166455763967,0.18095039773097482,0.21532853799608226,0.05854525497421503,0.18056859554590415,0.17198558108115747,0.18056859554586507,Chile
141,0.302931240572508,0.22700774952018887,0.25779176309910684,0.09618342298642102,0.2266734933148261,0.21789722231317432,0.22667349331479297,Chile
142,0.36663270594359265,0.2912419469958627,0.31962823946282104,0.15448201380700644,0.29089519048645285,0.2816834882806516,0.29089519048642476,Chile
143,0.440838120664711,0.3647814117041737,0.3948398550232963,0.2253753721033035,0.36444087633831546,0.35545623133434334,0.36444087633829164,Chile
144,0.4617253007692677,0.3851104016545273,0.41466921697585873,0.24477693912104614,0.3847727724413712,0.3772059255726923,0.384772772441351,Chile
145,0.4820060964821794,0.40535019979591486,0.4421455285725342,0.2635936209452867,0.40500567342642474,0.3978246570629879,0.4050056734264076,Chile
146,0.5804154718338403,0.5030766173814518,0.5462974577784616,0.37104353206059704,0.5027175049858307,0.4952380854814597,0.5027175049858161,Chile
147,0.6774101401399366,0.5993445572393599,0.648426197177628,0.4711116055427459,0.5989717448576224,0.5913371818580775,0.5989717448576101,Chile
148,0.6052138808849464,0.5270010842863566,0.5841461496804494,0.4041032239430767,0.5266236983653224,0.5189147761437336,0.526623698365312,Chile
149,0.6442455372558208,0.5656112182190131,0.62169776224461,0.4584611873493261,0.5652633941375538,0.558772209346954,0.5652633941375449,Chile
150,0.6283742899383253,0.5504600726421599,0.6019693995597494,0.45573654824942567,0.5500925591316743,0.5443989750133065,0.5500925591316668,Chile
151,0.5310384267468288,0.45425678473746106,0.5009543786350096,0.36037550550246095,0.4539247252073304,0.44867811450535977,0.45392472520732396,Chile
152,0.5174811979234626,0.44066933021196236,0.4855646317859376,0.3338540306710455,0.4403094257868561,0.4342471788816412,0.4403094257868506,Chile
153,0.5085904782822233,0.4316830650589304,0.4733125152670648,0.3137809728662209,0.43130099576866215,0.4247605147261527,0.4313009957686575,Chile
154,0.4792104429431883,0.40254049507223677,0.4407731530532084,0.2816293867927901,0.40217303107410235,0.3957734622389494,0.4021730310740984,Chile
155,0.46775944168129663,0.3916681637003071,0.42642101274286626,0.26701004894283553,0.39129786774674413,0.38472757251309947,0.39129786774674075,Chile
156,0.4329753019754118,0.35731442522809287,0.3883234859979541,0.23222679712112765,0.3569885169078316,0.3500110862054964,0.3569885169078288,Chile
157,0.3818589512242395,0.3065570786260161,0.3345211438103139,0.17927344840810067,0.30627444673587756,0.2997912436544147,0.30627444673587517,Chile
158,0.3120616293646256,0.23718860862977453,0.2619461397000132,0.10804434295342713,0.23694264412715765,0.23087819175242064,0.2369426441271556,Chile
159,0.20375447154383658,0.1292170970816966,0.15240736008583405,0.004020674627181364,0.12897725656230563,0.1235600760233534,0.12897725656230385,Chile
160,0.26855609340665176,0.19440227879101035,0.21806688575717836,0.06705443464572425,0.1941717225801156,0.18906396088752764,0.19417172258011406,Chile
161,0.47064190603701955,0.39684967417463424,0.41895303368514786,0.26862371663678986,0.3966081708011221,0.38829900321256994,0.3966081708011209,Chile
162,0.6462923255609281,0.5732756574833018,0.596413406676354,0.43978544910699136,0.573045215662858,0.5662911640095613,0.5730452156628572,Chile
163,0.7544543829824801,0.6819953277366677,0.7049514166981325,0.5612672688771255,0.681718047000278,0.6760371595641229,0.6817180470002773,Chile
164,0.8115085864532658,0.7406078833279919,0.7650657809291603,0.6179150259588291,0.7403339635502189,0.7365420230197498,0.7403339635502182,Chile
165,0.7449460841788258,0.6745711680844855,0.7004359603267513,0.5660812500215093,0.6743001491243931,0.6701406987991093,0.6743001491243925,Chile
166,0.7367779482743906,0.6666213897278652,0.6924970008553734,0.5562252486672495,0.6663330862029113,0.6626629334969585,0.6663330862029109,Chile
167,0.6915856770896439,0.6218882172786464,0.6454988214077004,0.5260241474108653,0.6215782161327773,0.6184239455194421,0.621578216132777,Chile
168,0.6455248627764825,0.5764716400863487,0.5976252065887742,0.47516755889248585,0.5761676241065715,0.5728196664010581,0.5761676241065712,Chile
169,0.69871413833501,0.6299485309136188,0.6494437031078075,0.5261131690537888,0.6296660590534486,0.6252990088824301,0.6296660590534484,Chile
170,0.6908878120872073,0.6224355677396216,0.6427700689117773,0.5286609968036227,0.6221617376501647,0.6187448000162169,0.6221617376501645,Chile
171,0.5594600899480715,0.49189838634953287,0.5111494468018455,0.4121252039681267,0.49163359222844727,0.48743580178120616,0.49163359222844716,Chile
172,0.5201492059116042,0.45310076036673386,0.4704785442346532,0.38543523482642045,0.4528013478653149,0.4487931961510407,0.4528013478653148,Chile
173,0.4565525553734155,0.3898556556811718,0.4063171288147622,0.33192021922252823,0.389571970686687,0.3848339068045591,0.38957197068668686,Chile
174,0.31001233810531226,0.24367191271237287,0.25864587043833637,0.19375609314782183,0.2434082519325122,0.23919125360811666,0.2434082519325121,Chile
175,0.3113121974879295,0.24558201136370028,0.2612006948800747,0.19995765179911296,0.24535701535756171,0.23984398738773427,0.2453570153575616,Chile
176,0.3511791928109502,0.28474467219116667,0.30405154976089666,0.22281726942441848,0.284525738240054,0.2795605229145051,0.2845257382400539,Chile
177,0.37166378159833824,0.30430426659041016,0.32582694065698364,0.241779984630763,0.304099445762107,0.29933468159678955,0.30409944576210696,Chile
178,0.43422583761958866,0.3666908779677413,0.38661279137929394,0.28682721523716725,0.366456304004165,0.36161500276336794,0.36645630400416496,Chile
179,0.4755613755564577,0.4082141466308049,0.4257801138360272,0.31803646196310076,0.40799322275502237,0.40307507127874725,0.4079932227550223,Chile
180,0.5542243084537879,0.48727054289225596,0.5046495128685451,0.3849173908513561,0.48704119076249347,0.4817049086347292,0.4870411907624934,Chile
181,0.620787475806969,0.5536695840034281,0.5745597447796351,0.44306710648021647,0.5533957840523264,0.5483964276567934,0.5533957840523264,Chile
182,0.6436813890410964,0.5770749685016383,0.6068044979413698,0.45981720833395406,0.5767637254903948,0.5718010596205363,0.5767637254903948,Chile
183,0.7012761527602092,0.6349288321865101,0.6715390777933519,0.525048695459259,0.6346197163928644,0.629359640470661,0.6346197163928644,Chile
184,0.63513591796616,0.5691879332265452,0.6062527836895965,0.4744067782284874,0.5688468374874595,0.5619484283734186,0.5688468374874595,Chile
185,0.6139752334273982,0.547867483748159,0.5840860499379781,0.46225234079841065,0.5475160551985156,0.5395745863938599,0.5475160551985156,Chile
186,0.6817153248516472,0.6158687952760352,0.6572497444090403,0.5353094950217121,0.6154932686809972,0.6095919540950712,0.6154932686809972,Chile
187,0.7421043639898355,0.6772284381478042,0.7227270132178034,0.5904759371161414,0.6768457033417182,0.6712444757086852,0.6768457033417182,Chile
188,0.8211767373460265,0.7574922168355825,0.8019648433901481,0.6669754435962121,0.7571155884409198,0.752987295086886,0.7571155884409198,Chile
189,0.7972934654321198,0.7327342386845506,0.7744477207990639,0.6501812945105054,0.7323407329495655,0.7295133556344096,0.7323407329495655,Chile
190,0.7636562340692711,0.6994652789201695,0.7378873122868279,0.6229658718710296,0.6990918069143177,0.6965008361143394,0.6990918069143177,Chile
191,0.7647481363302262,0.7020480536838163,0.7366337418961821,0.6115103852901885,0.7016564427316584,0.6986608975933415,0.7016564427316584,Chile
192,0.788283973918164,0.7271886510311619,0.7610660704595157,0.6307367992067494,0.7268213455667627,0.722817335635721,0.7268213455667627,Chile
193,0.8400588244811206,0.7807392567083087,0.8164714176607092,0.6814238809046627,0.7803577185752154,0.777368130116829,0.7803577185752154,Chile
194,0.7831730170836497,0.7295417461084902,0.765988354879782,0.6402988080963398,0.7291580924271451,0.7265532090176025,0.7291580924271451,Chile
195,0.6332438798676445,0.5806009163538696,0.6152232236051449,0.4981747537857574,0.5802343303820022,0.5750646015641073,0.5802343303820022,Chile
196,0.5062946811147229,0.45524994353904247,0.49287842646210833,0.3645786854160661,0.4548994550242607,0.4489407790648363,0.4548994550242607,Chile
197,0.4006922685148343,0.35141355922410644,0.3882266474711876,0.2526294025963165,0.3510460743479374,0.3448354946978443,0.3510460743479374,Chile
198,0.427356931916006,0.3803278910773791,0.4138851918014658,0.27385283484880185,0.3799551489370475,0.3746930298084923,0.3799551489370475,Chile
199,0.5301324763619908,0.48344855413868126,0.5170652468112438,0.36994241718986715,0.4831073730101498,0.47794513368805974,0.4831073730101498,Chile
200,0.6160280923520234,0.571985813661911,0.6049063633988929,0.46781835302084723,0.5716096013149238,0.5660297005831179,0.5716096013149238,Chile
201,0.6588386887480692,0.6158653764317645,0.6480573027649785,0.5153023849109617,0.6154850072346374,0.6116616987173094,0.6154850072346374,Chile
202,0.6653167968485403,0.6240154876902949,0.6542909123960715,0.5213774796058677,0.6236277964525002,0.6181665755496941,0.6236277964525002,Chile
203,0.6703651739776365,0.631649141880285,0.6590532067013629,0.5192648620515988,0.63123035876361,0.6258727128481422,0.63123035876361,Chile
204,0.6568272453655093,0.6209983963929088,0.6453451142122901,0.4995214185965566,0.6206190340817104,0.6150692291251751,0.6206190340817104,Chile
205,0.6138707794561777,0.5824279898642668,0.6054556084708765,0.4563051489742579,0.5820484452288892,0.5767054047931657,0.5820484452288892,Chile
206,0.6091993944421854,0.5783898833642187,0.6111070261308548,0.44818962956388614,0.5780431956406398,0.57246781260507,0.5780431956406398,Chile
207,0.684001298693816,0.6560508130814805,0.7002547970333007,0.5254868956504724,0.6556969632110455,0.6494121202261645,0.6556969632110455,Chile
208,0.6470040531970362,0.6207255044577658,0.6650154458587046,0.490488498460628,0.620353567272864,0.6121017482113836,0.620353567272864,Chile
209,0.5256703231258739,0.5011748658210905,0.5398359720800251,0.3710339220889372,0.5008023589752191,0.4935502456170825,0.5008023589752191,Chile
210,0.45390812061575064,0.4331809385201492,0.4726713997011378,0.2991734625154279,0.4328379150603924,0.4258968272398739,0.4328379150603924,Chile
211,0.4175070750913977,0.3992451299833566,0.438277260508029,0.25953293568836894,0.39889216016916246,0.392154486198225,0.39889216016916246,Chile
212,0.39088218519007867,0.37394815194514114,0.40841304686029095,0.22956961302649997,0.3735851104951704,0.36667125969028597,0.3735851104951704,Chile
0,0.7647538217492417,0.7647538217492417,0.7647538217492417,0.7647538217492417,0.7807501069823645,0.7647538217492417,0.7647538217492417,Iran
1,0.6479395991625256,0.721455620405542,0.7237435938460544,0.6951409942554736,0.7304222396416185,0.7179250621961334,0.717783781713637,Iran
2,0.553944181941843,0.690176113628768,0.6915158906111541,0.644592252279459,0.6938289254503431,0.6836206231973169,0.6838434434168889,Iran
3,0.4779353319019804,0.6576883750203568,0.6583251749237303,0.6027611939280071,0.6568983125241743,0.6489441100688906,0.6490089124083833,Iran
4,0.41067649347326013,0.628555164146261,0.628109499692856,0.5642554022273818,0.6246921403211353,0.6183656092280192,0.6184588273995845,Iran
5,0.3397997603799781,0.587144060321633,0.5870911875058846,0.517622957320276,0.5821452796270702,0.576895008042293,0.5772204197634915,Iran
6,0.2760629295150735,0.5522895009855286,0.5547509898447337,0.48180155871813,0.547287447575755,0.5421050770218572,0.5433963795383984,Iran
7,0.2657989238404936,0.5672296944615988,0.568271671367794,0.4943554800891293,0.5600290067098499,0.5553892679252791,0.5569547242143604,Iran
8,0.2712433166480066,0.5877302682948886,0.5982203179032152,0.5283218285450761,0.5809012091358597,0.5757536476634412,0.5784722583256103,Iran
9,0.2705082426484151,0.6054607835459097,0.621948226053094,0.554985003046007,0.5969103000973488,0.5925076253687717,0.5949912174992897,Iran
10,0.29175062215554415,0.6387910042328517,0.6554871485198072,0.5945251459390593,0.6288521357598489,0.6249051751811318,0.6273358934371833,Iran
11,0.3340295298543065,0.6927072163102026,0.710960811711177,0.6545985784034702,0.6835955845984989,0.6805262579751614,0.6823976211635912,Iran
12,0.34219383347689597,0.7118205089449454,0.7299181737911274,0.6746113905152419,0.7008599340474153,0.6984486776977918,0.6999134386423452,Iran
13,0.327287544556782,0.7083339612047301,0.7267805656676684,0.6576040014454221,0.6984753239137926,0.6967592655821172,0.6977275101444285,Iran
14,0.292136495882002,0.6742890540261245,0.6882602519449633,0.6232538083210605,0.6633206587597723,0.6620424888859672,0.6627298207793076,Iran
15,0.27377934639333024,0.6675301543250738,0.6774855979484159,0.6104838267226562,0.6555871258936703,0.6546170807928103,0.6551203124523286,Iran
16,0.25942916772581404,0.6692507641715266,0.6780814047239577,0.6045212288786997,0.6563241437235552,0.6556895067984261,0.6559553204653654,Iran
17,0.23036567638948108,0.6426912919765883,0.6494067068211568,0.5706058261987885,0.6289986937802251,0.6285406350429792,0.6287072912974886,Iran
18,0.20433795123030882,0.631719337637965,0.6391257240287828,0.5567999119799308,0.6191384595915767,0.6186290773565648,0.618908226261494,Iran
19,0.21401348853789914,0.6454802994359626,0.653351670023347,0.5713213257523063,0.631926785992207,0.6314158310987968,0.6317448816179436,Iran
20,0.28210715595042135,0.7422759497066393,0.7473995330858267,0.6755576551138746,0.727822747021717,0.7273449137129453,0.7276790267299406,Iran
21,0.2877389373118987,0.7604347518515349,0.7634649775693076,0.6960453844124728,0.7474350621194756,0.7474334353903763,0.7473215105770679,Iran
22,0.2415227825106584,0.7121710995351571,0.7141951382915522,0.6519558627249957,0.7006171028379796,0.7007082323700236,0.7005273872339839,Iran
23,0.24793944792215714,0.7125002378003145,0.7169600060668476,0.6483103822843441,0.7022468135120645,0.7020277212231055,0.7021759303745074,Iran
24,0.26877047486084144,0.7349771762232888,0.7420650262262836,0.669808320005042,0.7255088823625073,0.7247321247669863,0.7254528785129408,Iran
25,0.2739677678310795,0.7475401462399762,0.7542966916996666,0.6702131810815445,0.7367331349029199,0.7365929653534233,0.736688886986217,Iran
26,0.27392460512365446,0.7580114344408625,0.7616566677461953,0.6821886124628874,0.7457070795796062,0.7456276995990313,0.7456721198733057,Iran
27,0.2737618712696298,0.7806718822107925,0.783703155688295,0.7001558604733247,0.7699301872322344,0.7698820842406079,0.7699025660207583,Iran
28,0.2637154441085053,0.7857951604122997,0.7862710357717936,0.7022833376312492,0.7741923280280809,0.7738740119061085,0.7741705048663861,Iran
29,0.2349317216280893,0.7687785930506118,0.7664358915722934,0.6849728347838274,0.7560078069307564,0.7556452411099353,0.7559905647331514,Iran
30,0.240066944643426,0.7647598133652318,0.762751981657473,0.6851332199100184,0.7509063607111197,0.7503489270478375,0.7508927378739523,Iran
31,0.30321642681295236,0.8284013996653591,0.8272761285440215,0.757976350242077,0.8158238930127634,0.8153478466484535,0.8158131297854333,Iran
32,0.3623663584505738,0.9050858260267394,0.9043063149812692,0.8475806433746305,0.8941753458166408,0.8941701751296095,0.8941668419300322,Iran
33,0.3871419389024674,0.9281256797356973,0.9328551246208756,0.880537188051472,0.9184507282018345,0.9186629631032068,0.9184440093910878,Iran
34,0.40319714840681753,0.9539530002746198,0.9644792730315217,0.9149463279451596,0.9457405012482473,0.9460500378048486,0.9457351928028356,Iran
35,0.37116976461291534,0.9347957456872373,0.9420572698666603,0.884941307408675,0.9246470013662255,0.9249274199765558,0.9246428072322112,Iran
36,0.36344759068219934,0.9219310882280353,0.9270527400248312,0.8753696974852997,0.9111752204493454,0.9111888622490089,0.911171906718344,Iran
37,0.35526451263514747,0.9021550865087474,0.908032796359914,0.8475490828571467,0.8926724089374957,0.8926722708231802,0.8926697908015201,Iran
38,0.3239120767530384,0.8663197648247356,0.8687236503528918,0.802969512420937,0.8552984676446623,0.8554940291167727,0.8552963990893138,Iran
39,0.3180001508158664,0.8761698997168678,0.8760626235000224,0.8047670349872321,0.8644890673018143,0.864715695415096,0.864487432963006,Iran
40,0.31273624590152865,0.8828998562996015,0.8805464529977157,0.8054793836218168,0.8700829082763197,0.8702952425790026,0.8700816170063801,Iran
41,0.2881108644687917,0.8629855781241365,0.8592859671016302,0.7821112838940849,0.8498253086275791,0.8500087425106068,0.8498242884119123,Iran
42,0.2537693642979584,0.8240459553550564,0.824525572146484,0.742222126625085,0.8102050766775187,0.8100248145107029,0.8102042706183247,Iran
43,0.2228907312839536,0.8033759953738208,0.8069709656280448,0.7223169449965107,0.7888959276862658,0.7883822956244858,0.7888952908293291,Iran
44,0.22043543821066786,0.8055576730273812,0.8124809518781152,0.7391153036661069,0.7939174877319153,0.7933919382912303,0.7939169845594922,Iran
45,0.28494060772217145,0.8757295922180299,0.8853236727009439,0.8216563336481104,0.8655440103810523,0.8652149285662787,0.8655436128310332,Iran
46,0.28205659861661014,0.8777443407261294,0.888948241962447,0.8233700877870251,0.869006047215845,0.8687560811991264,0.8690057331167202,Iran
47,0.27528030966844425,0.863808900384998,0.8798491572678656,0.801770167465574,0.853836583261907,0.8537416748196813,0.8538363350962539,Iran
48,0.24719887786614558,0.8186205264033283,0.8349328433855416,0.7476316153378834,0.808223314228288,0.8073544661072387,0.8082231181558174,Iran
49,0.19985382583360153,0.777009300142243,0.7890227379763771,0.713610620180071,0.7672787403664078,0.7660491041187366,0.7672785854520864,Iran
50,0.19423108537173672,0.7628875059120513,0.770514445269226,0.6912931326442229,0.7522750473193639,0.7506959096523611,0.7522749249235636,Iran
51,0.1956040576932236,0.7682848213325887,0.7717222977509113,0.6891103760103042,0.7564197752864105,0.7549903073541145,0.7564196785830728,Iran
52,0.20854174015435173,0.7902867545377398,0.791061133308979,0.7065656992914536,0.7777341671075656,0.7762023214758994,0.7777340907035101,Iran
53,0.23128125431966157,0.8138084260555355,0.812312975605155,0.727064605284158,0.8001819032223304,0.7986363252072838,0.8001818428564752,Iran
54,0.2383394740025389,0.8012928872619077,0.8053485691114767,0.7173683151647737,0.788988133311657,0.7880658748077413,0.788988085617376,Iran
55,0.25992330890468324,0.8304198166788885,0.8341868840194323,0.749821704543379,0.8170014732963573,0.8166527855261715,0.8170014356137232,Iran
56,0.2600332178116291,0.8114204104365415,0.8154367811318791,0.7469677885879861,0.8007221905979914,0.8003524492704762,0.8007221608254299,Iran
57,0.25452876832921484,0.8197422803941952,0.8254126975985171,0.7672715795354363,0.8099422592325056,0.8092973542581394,0.8099422357095902,Iran
58,0.3117399103279127,0.8671729723165061,0.8707804156009327,0.8196525815347003,0.8559703275879887,0.8557185416207093,0.8559703090028378,Iran
59,0.3594644782301332,0.9152627934032922,0.9193833587705152,0.87238524850508,0.9057329122879703,0.9057408867280937,0.905732897604083,Iran
60,0.3555961896866603,0.919261155430873,0.9218997320923162,0.8595091611720307,0.9078471637906094,0.9079239193565385,0.9078471521890601,Iran
61,0.3373416223232431,0.8976549376418564,0.8998512756583852,0.8436613237327241,0.885550522081051,0.8856594546086409,0.8855505129148172,Iran
62,0.3377702005939683,0.909978597302787,0.9103844413265525,0.8601575730066291,0.8969668936932989,0.8972981539932408,0.8969668864511762,Iran
63,0.32111855687869917,0.8906543350383828,0.8895092428599275,0.8397965145754459,0.8770083208528582,0.8773866556651952,0.8770083151309508,Iran
64,0.2933258771231842,0.85025838825776,0.847751653288695,0.7940646977298003,0.8357950451905307,0.8365354484814506,0.8357950406697258,Iran
65,0.24598304114665573,0.7840692006720812,0.7799718784862559,0.7217955445320828,0.7690745158663871,0.769726695904217,0.7690745122945576,Iran
66,0.19361107177497927,0.7352429598337364,0.729485719495798,0.6672003987725244,0.7202285135838357,0.7205554642921257,0.7202285107617794,Iran
67,0.1705764098454764,0.7158899424643782,0.7182870918502496,0.6483649470367154,0.7036509457498311,0.7037945444185266,0.703650943520161,Iran
68,0.1957607605304727,0.7382751320659094,0.7437867700646579,0.6795948894670346,0.7252120496593056,0.7245401986346571,0.7252120478976721,Iran
69,0.17848529401341545,0.7008902860608637,0.7076077013158686,0.6544897499922457,0.6905487497297852,0.6897860114704684,0.6905487483379413,Iran
70,0.12269099663724513,0.6325062469473571,0.6376886562393652,0.5947418508081438,0.6237249599106115,0.6227150547832979,0.6237249588109336,Iran
71,0.09313769243896643,0.5986614377498116,0.6031194600229773,0.5670417601638823,0.5916335612720495,0.5905609255595615,0.5916335604032081,Iran
72,0.0785644299531103,0.5706747206456924,0.5760510025426309,0.5426941862974043,0.5647521279148855,0.5639046523212234,0.5647521272284253,Iran
73,0.08788513242742274,0.5753087591569571,0.580158788136415,0.54834371696073,0.5679388416062795,0.56708870386425,0.5679388410639162,Iran
74,0.11317859366283821,0.5905469361842519,0.5944893873745161,0.5633606484932611,0.5815680191525775,0.5808111066671969,0.5815680187240633,Iran
75,0.13681717484351327,0.6145392052689889,0.6170911150606982,0.5815821836120333,0.6039918388959733,0.6028882293128174,0.6039918385574099,Iran
76,0.16486223067084155,0.6388646475006914,0.6397770343370371,0.5975911462497302,0.6269908107193544,0.625723769630964,0.6269908104518599,Iran
77,0.2032935502427772,0.67165435062493,0.6715593649644935,0.624174375345701,0.6592461271349874,0.6579508900238763,0.6592461269236435,Iran
78,0.20390830983483965,0.6754914532921595,0.6761120688601988,0.6212392294628962,0.6625646483417692,0.661437297367259,0.6625646481747892,Iran
79,0.14624841390917748,0.6115472639053569,0.6119156767792873,0.5509278957159893,0.5977904957368338,0.5963457005687588,0.5977904956049052,Iran
80,0.08130962081137774,0.5382700514424751,0.5360966199081976,0.48399266089105475,0.5237204876493889,0.521823342433684,0.5237204875451538,Iran
81,0.03929996347499634,0.4903199491242646,0.4890221288263214,0.4362263354486074,0.47523851901661934,0.47341215475901854,0.47523851893426444,Iran
82,0.030209907219038247,0.47421459014869394,0.48407768272087476,0.4300766650014208,0.4617673687899367,0.46024112246326077,0.4617673687248691,Iran
83,0.07504834698512139,0.5178126748501786,0.530887400085132,0.4656942924471389,0.5055375727063462,0.504290672389093,0.5055375726549372,Iran
84,0.08360192681193654,0.5183740944999897,0.5301243583495154,0.4607105211501884,0.5082091962531174,0.50690812949499,0.5082091962124998,Iran
85,0.10370989874417685,0.531221449264732,0.5388414639715212,0.46030305846924136,0.5201997182581809,0.51819795223604,0.5201997182260895,Iran
86,0.11312711338052575,0.5357391431679427,0.5418990718062903,0.4596112282075816,0.5260468178739535,0.5243647454132818,0.5260468178485985,Iran
87,0.1368791255566598,0.5540372606295697,0.5565951011533622,0.4781691960607638,0.5431442226035864,0.5415892807449529,0.5431442225835538,Iran
88,0.17841492839023745,0.5898530200741859,0.5908227832806636,0.5111092221810585,0.5780678105752693,0.5761905353868024,0.5780678105594418,Iran
89,0.17290119532349454,0.5726497021884002,0.5726631052876211,0.49080207918264057,0.5600788697081812,0.5580819270596629,0.5600788696956761,Iran
90,0.17535003871176658,0.5713769367603059,0.5725018274746912,0.48760127928933616,0.557783509166594,0.55605448788994,0.5577835091567139,Iran
91,0.2316725659550479,0.6226135400551558,0.625611166775351,0.5390187741350638,0.6090084865189223,0.6078400541766449,0.6090084865111162,Iran
92,0.2058599141433964,0.5934731115661757,0.5951614260523944,0.5232029863885779,0.5799178516762181,0.579104029817507,0.5799178516700507,Iran
93,0.18082041312935004,0.5679075987647323,0.5721907072835436,0.5108936672835448,0.5570179728802557,0.5548551506500612,0.5570179728753829,Iran
94,0.13997640971534564,0.5208364046035158,0.5264910243957609,0.4745389171767145,0.5112002381526426,0.509122998803261,0.5112002381487927,Iran
95,0.10707241439029523,0.48018422827250357,0.4899540331369372,0.44348597251862404,0.4724516077261702,0.47043843898155696,0.4724516077231284,Iran
96,0.10572236101252555,0.46895549736978803,0.4797596261370914,0.43676555689968255,0.46118465905518513,0.4593378829598881,0.46118465905278183,Iran
97,0.1281061676195665,0.4886331125483989,0.4970158242699231,0.4564130774344657,0.4791372751242163,0.47791828574919176,0.47913727512231746,Iran
98,0.12478402162638588,0.4812458104356969,0.4870150993312148,0.4445929605950888,0.47138512819495,0.470162273934152,0.4713851281934498,Iran
99,0.13204311133858343,0.4861067024241932,0.4899262228256066,0.44502938240587414,0.47588775753296725,0.4745026781237138,0.475887757531782,Iran
100,0.12280874271519629,0.47706459426907716,0.4788494613484331,0.43650173746608695,0.46539027648679837,0.4642542526174313,0.4653902764858619,Iran
101,0.09028090920938958,0.43922495034198356,0.4387914944466266,0.39761536663318114,0.42636172520647503,0.4250472954469816,0.4263617252057351,Iran
102,0.053269592764303555,0.3959688579807097,0.3954983539027644,0.3534951853506654,0.38493105470977784,0.38277467795588827,0.3849310547091932,Iran
103,0.004448736130163,0.341678646205695,0.3404352563746308,0.29907125765214304,0.33129832031389583,0.3294135045369215,0.331298320313434,Iran
104,0.015150636163775502,0.3510544006268394,0.35296496911335173,0.3158670796166199,0.34256746027400997,0.34077855164402293,0.34256746027364504,Iran
105,0.08063662012038166,0.4120211658160358,0.4156449247766982,0.3791672260270434,0.4018145763776929,0.4001518420633753,0.4018145763774046,Iran
106,0.0951276992205975,0.42632322348776064,0.4357427568226887,0.3975604270620172,0.4168313262952225,0.4146837451361498,0.4168313262949947,Iran
107,0.09249332677626414,0.4210603261780078,0.4313908680446446,0.3932294850505415,0.41054453891296,0.4070382705296829,0.41054453891278003,Iran
108,0.10779942031437308,0.43033317871118604,0.4401662018838658,0.4030569804998664,0.41975103230134236,0.41668473404324463,0.41975103230120014,Iran
109,0.12265577129962488,0.44362741691058993,0.4530357892857599,0.40499302320557934,0.43346873769387295,0.43062573195063114,0.4334687376937606,Iran
110,0.110082555790944,0.42999233553562693,0.4380659004458491,0.39324776769165853,0.42021592506820604,0.4178109997012086,0.4202159250681173,Iran
111,0.1240840119346171,0.4417013696669697,0.446881397363317,0.3984539584867115,0.43070483195703413,0.4284297189986057,0.430704831956964,Iran
112,0.15023252245089638,0.4665180093531763,0.4688399124710432,0.4140121838523291,0.45470281441383686,0.4526431819441159,0.45470281441378146,Iran
113,0.17070330981587514,0.4875265438417342,0.48801447168606943,0.4312894671589271,0.4744554756632401,0.47252041454537075,0.4744554756631963,Iran
114,0.20655149689271715,0.5199737606128387,0.5187391347693994,0.4589700974824734,0.5065083195917438,0.5048832656951123,0.5065083195917092,Iran
115,0.1972126455868335,0.5064814601402386,0.5050773773095796,0.4543518406655632,0.4952104971586605,0.4941688701529055,0.49521049715863313,Iran
116,0.1183872469621739,0.42432010454800667,0.42207573763226175,0.3694129799919423,0.4123181314861745,0.4110315033350017,0.41231813148615293,Iran
117,0.05951010573068498,0.36323784722573127,0.36104626455052224,0.3079848961861287,0.35022773222762765,0.34863355631793536,0.3502277322276106,Iran
118,0.06103143595227727,0.3638616710282312,0.3630691548936472,0.3083354869599045,0.35005503613433203,0.348217870721124,0.3500550361343186,Iran
119,0.05818680641995599,0.35718005828726196,0.3603628460058446,0.31145543651224755,0.3456381389454318,0.34404671756853006,0.3456381389454212,Iran
120,0.03599562698982649,0.332296784564422,0.3385019702876138,0.2941944716340556,0.32262807321578474,0.320038061354408,0.32262807321577636,Iran
121,0.02731100608882696,0.3235221092715312,0.3314857692716841,0.2704440443978655,0.31257290451665476,0.30938044587020996,0.3125729045166481,Iran
122,0.034796428608647,0.3307014839095027,0.33835960194953624,0.27399753047013214,0.3194232511083303,0.3165728779573463,0.3194232511083251,Iran
123,0.04779544264607636,0.3444143016826303,0.3480333569063239,0.28773986913780686,0.33205558566463117,0.3291303446324141,0.33205558566462706,Iran
124,0.04706361881481651,0.3438431730855442,0.34509787524043606,0.290104821948115,0.3305045171386401,0.32796218241687713,0.3305045171386368,Iran
125,0.051683140820250426,0.3469295937474049,0.34698444604212475,0.2915965961041978,0.3332429829471101,0.33097982440694723,0.33324298294710747,Iran
126,0.057576994056668766,0.35376078491178237,0.35509728373708443,0.2949164813344699,0.33947873192828665,0.3375723533467839,0.3394787319282846,Iran
127,0.08696559042373331,0.3836484644864062,0.38512451789233954,0.32011514763847376,0.36856053269971456,0.3667492550393619,0.3685605326997129,Iran
128,0.1314168367019439,0.4251692371168447,0.42816919350189664,0.3656011927640946,0.4108651337887084,0.4095395116859035,0.4108651337887071,Iran
129,0.13305368997049608,0.4256252065901577,0.4345879536424561,0.37217020956542335,0.4106722490055655,0.40993810606257275,0.4106722490055644,Iran
130,0.09365797485907838,0.3858024824053118,0.3974060412079272,0.34077346726813,0.3724788777049505,0.3719324842424799,0.37247887770494964,Iran
131,0.035865440566982654,0.32646150439510857,0.3356562663581012,0.28764695716452093,0.314472813438269,0.3137256854335766,0.31447281343826833,Iran
132,-0.006654919456773711,0.2811490267253921,0.2974430029070734,0.2465432810718561,0.2700835248578064,0.2692375117098485,0.27008352485780585,Iran
133,-0.01185148727056072,0.275491841984171,0.29386075701074876,0.24063686300194265,0.2631435350988994,0.2621696528911489,0.26314353509889893,Iran
134,-0.0003354710006719802,0.28389256323398926,0.3001794338789132,0.23418199765765815,0.27299687637749853,0.27164661038636523,0.2729968763774982,Iran
135,-0.009511358382621314,0.27427567164569944,0.28522304443065427,0.21725325606298726,0.2620347597508032,0.26053254421491584,0.2620347597508029,Iran
136,0.005558290689725139,0.289542642704859,0.2966217797970281,0.23225447690561193,0.2769133143240607,0.2755026228086784,0.27691331432406047,Iran
137,0.01088789911574728,0.29331663970247257,0.2972084052613881,0.2408975194415992,0.28004587774149203,0.27878619145687067,0.28004587774149187,Iran
138,-0.0018155345635311251,0.27913026615195863,0.2810641053038598,0.22673626415029863,0.2659739083210217,0.26435921079157243,0.2659739083210215,Iran
139,0.015921304343134407,0.29647616575962604,0.29681819894510697,0.23945011250637346,0.28295861509843884,0.28133097288833087,0.2829586150984387,Iran
140,0.02809948112912085,0.3058560976732866,0.3122151510978723,0.25175692684773865,0.29197266790692544,0.29037543548240824,0.2919726679069254,Iran
141,0.04395116324766048,0.31948791643241564,0.3322271009066341,0.27191768586053844,0.306835572729553,0.30474472659165697,0.3068355727295529,Iran
142,0.02643041050151724,0.3026388606482094,0.31274531289756535,0.26010047720761426,0.28928917789257436,0.2873021613154513,0.2892891778925743,Iran
143,0.007002279986724157,0.2779788203454719,0.28927685267845543,0.23791433201149478,0.2668184756807203,0.2643729208468688,0.2668184756807203,Iran
144,-0.016033127119788902,0.2553044640948898,0.2649201902481132,0.2128104218929107,0.24289032816185832,0.24045545905641003,0.24289032816185832,Iran
145,-0.03105395762746454,0.23673738172859699,0.2497591800732602,0.18402416520880965,0.2241418427958649,0.22208492294107718,0.2241418427958649,Iran
146,-0.017785588749968575,0.24666199661167643,0.25960732354559013,0.18463605809050715,0.2337094617623841,0.23179299632065953,0.2337094617623841,Iran
147,0.006086998844179313,0.2694839171975746,0.2784178766644212,0.19635813639940466,0.2561692908559545,0.2544893742562447,0.2561692908559545,Iran
148,0.007586587413467717,0.26756574833274877,0.2724438832401931,0.18884552306872152,0.2535303650058405,0.25172766741578706,0.2535303650058405,Iran
149,0.008060828907179345,0.2656983829393784,0.26883143927316283,0.18366227635187898,0.2514903978734685,0.2496240582832006,0.2514903978734685,Iran
150,0.04093783793568044,0.29345524718886135,0.2973391020775572,0.210646518891208,0.2801142290473572,0.2784970932125027,0.2801142290473572,Iran
151,0.0719559905821387,0.31769089673369016,0.3232175506594313,0.24565239924526944,0.30474968870541247,0.30369463360168214,0.30474968870541247,Iran
152,0.054806399774956674,0.29763527777622617,0.30346156688679254,0.22713068530889652,0.28633510504342086,0.2855957514659325,0.28633510504342086,Iran
153,-0.01047834763875495,0.22903339724861044,0.23333737802535326,0.1702185573185587,0.21853974704103,0.21732814186325522,0.21853974704103,Iran
154,-0.02702798783960651,0.20846111144576945,0.21603260541341412,0.16019656487721368,0.1992509278548356,0.19765108017695177,0.1992509278548356,Iran
155,-0.002240427404129896,0.22934255537028297,0.2402960830328449,0.18878124540059507,0.22111872037305194,0.21904680061382506,0.22111872037305194,Iran
156,-0.04229994412061652,0.1847339865131142,0.19440124003429518,0.14857512714995574,0.1768633876816371,0.17469740182414595,0.1768633876816371,Iran
157,-0.09485162473345735,0.12880659948891005,0.1355766156817531,0.09500240949972966,0.1209966471720848,0.1188687530606842,0.1209966471720848,Iran
158,-0.12097428939652091,0.09888346580103324,0.10455028881736465,0.0669396696085143,0.09112142951050639,0.08902363119468286,0.09112142951050639,Iran
159,-0.09928738388064555,0.116968575196266,0.12097372627949393,0.0673532098948493,0.10908791341708393,0.10684114604163673,0.10908791341708393,Iran
160,-0.04633885302313146,0.16527990514013738,0.16836301955192257,0.11409503042305096,0.1575858312068122,0.15535057231916924,0.1575858312068122,Iran
161,-0.003520161183518937,0.2070895390787945,0.20770250247679592,0.14399988835536753,0.19764372931764443,0.19504375121259765,0.19764372931764443,Iran
162,0.03045878731497435,0.23684772487797276,0.23646269107655993,0.16789738362261072,0.22641909821011305,0.22409659570936047,0.22641909821011305,Iran
163,0.06690037245555241,0.27181185106116085,0.2699375330769143,0.20215691963578578,0.2602605585586914,0.2579986496017941,0.2602605585586914,Iran
164,0.10439740129948621,0.3028485197255737,0.3030316156553993,0.23554964347214333,0.2911697941375805,0.28977473268513104,0.2911697941375805,Iran
165,0.12108045518760005,0.31694472226141157,0.31834573968224683,0.2583388672115737,0.30415907393712927,0.30355258432397836,0.30415907393712927,Iran
166,0.14155618459423655,0.3364919171249242,0.3439637329382157,0.2778011535060661,0.3239831344034324,0.3237458721572335,0.3239831344034324,Iran
167,0.09701847864058298,0.28884252797362764,0.29809799840402107,0.23985985694040698,0.2774193971478755,0.27736447512715784,0.2774193971478755,Iran
168,0.061882104853563775,0.2471431518753475,0.2571609441456719,0.2068891429623453,0.23765997003851635,0.23737907237498768,0.23765997003851635,Iran
169,0.05825804367930286,0.2415917241865679,0.25188679631252514,0.20582998539271086,0.23189445037543244,0.2312204337932622,0.23189445037543244,Iran
170,0.05939527997947007,0.24017728227724175,0.25038443722278453,0.20606967238696844,0.22907301388005327,0.2289388107391836,0.22907301388005327,Iran
171,0.07254528020264603,0.24733955674665076,0.25676449380028277,0.21466204782130865,0.23682858380355354,0.23683106972423273,0.23682858380355354,Iran
172,0.08754393561326138,0.25864791524410374,0.2639964943972952,0.22236540565452853,0.24680959159950688,0.24700216041164852,0.24680959159950688,Iran
173,0.07446526798247582,0.24381758193878347,0.24580623679928237,0.206167698129563,0.23127770163664,0.2315983671414794,0.23127770163664,Iran
174,0.07081200324551926,0.24007236822139305,0.2389546470479077,0.20317184868850124,0.2264417557396058,0.22667922800312026,0.2264417557396058,Iran
175,0.061858158600758426,0.22695985162533142,0.22549084987901824,0.18961389834120596,0.2135311778043554,0.21372231809019432,0.2135311778043554,Iran
176,0.021892433165402042,0.1821580381073471,0.17897835079895075,0.1356281116863428,0.16817255444716633,0.16795176844750387,0.16817255444716633,Iran
177,0.020016249496057584,0.17750055276126314,0.1735599519863935,0.12297569420128064,0.16279108998154518,0.16241638445918555,0.16279108998154518,Iran
178,0.01771961293378236,0.17174424697651292,0.1710689611724455,0.11591065192060784,0.15848055448308146,0.1578124276839286,0.15848055448308146,Iran
179,0.024094924008820573,0.17328578038066217,0.17342832431785016,0.12546522739674812,0.16099797591414813,0.16012812510960223,0.16099797591414813,Iran
180,0.09627398744851143,0.23908867749645443,0.23970786652589432,0.19953176909409243,0.22861781457106148,0.22759731578168713,0.22861781457106148,Iran
181,0.1119242428971761,0.2530790258139911,0.25263412602005436,0.21654461968264455,0.24142146358065703,0.24073036099496886,0.24142146358065703,Iran
182,0.10151755668617007,0.23712356097443726,0.2378032257816211,0.1865387382302836,0.22649897630511534,0.2259909852313015,0.22649897630511534,Iran
183,0.07634063110777164,0.20710900562119333,0.20751713902978575,0.15180852523964744,0.19699859669892716,0.19587241232144895,0.19699859669892716,Iran
184,0.06955837621106493,0.19833047816284222,0.1978755729811753,0.14546141601491303,0.18831159283840543,0.18720616672461562,0.18831159283840543,Iran
185,0.05420659093227756,0.18046129583847953,0.17783453949920192,0.13015511059215348,0.16918815589612618,0.16851176921521072,0.16918815589612618,Iran
186,0.035037939200364826,0.15789066098247842,0.1543742395698544,0.1110424399182535,0.1455284148936627,0.1450679269146384,0.1455284148936627,Iran
187,0.015163413371968429,0.1333145069097241,0.12943793989278232,0.0884474141412139,0.12059438145282499,0.12022777601714398,0.12059438145282499,Iran
188,-0.01656407769959696,0.0970674851396308,0.09211764411403235,0.052299927472632055,0.08411386084698616,0.0831444469472977,0.08411386084698616,Iran
189,-0.0658997252141024,0.045475069721302816,0.040781412653769965,0.0075847795467415755,0.03404521842733364,0.03299746785549242,0.03404521842733364,Iran
190,-0.11221876671828143,-0.004492234650648977,-0.0077145869387095015,-0.036653449035258884,-0.014364108970972608,-0.015504199581472297,-0.014364108970972608,Iran
191,-0.09770106244375232,0.005407887823014766,0.005245618387423063,-0.02230570748174062,-0.0037646466872308677,-0.005257763236420909,-0.0037646466872308677,Iran
192,-0.10896623295816538,-0.01146988494807713,-0.009674665751997644,-0.035277649133266184,-0.01888114753927765,-0.020285327545953323,-0.01888114753927765,Iran
193,-0.09897242696175386,-0.006830263197608922,-0.002363426123883367,-0.027822010278257134,-0.012685805849359015,-0.014577033563986739,-0.012685805849359015,Iran
194,-0.05776255894480205,0.02929901277435574,0.03186564211657114,0.005096106275806277,0.020989476361865024,0.01943973389514099,0.020989476361865024,Iran
195,-0.017263387522210474,0.06701455659988302,0.06872912729787715,0.042605161876205444,0.059313559323252406,0.05833879366762112,0.059313559323252406,Iran
196,-0.012880541005612242,0.07039293704175092,0.06900428506336409,0.04438312711462338,0.0612223185448723,0.060206065047881195,0.0612223185448723,Iran
197,-9.945416226502662e-05,0.08015811429055596,0.07972725518354826,0.042149933335673496,0.07129308298452064,0.06938606604087287,0.07129308298452064,Iran
198,0.012260372363421153,0.08972466219203909,0.09088448051101822,0.04040642801977868,0.0800003627513798,0.0780700027081097,0.0800003627513798,Iran
199,0.04395218314409982,0.11984680808253649,0.12204367576232492,0.06629777167706007,0.10956192166487434,0.10723411845517535,0.10956192166487434,Iran
200,0.08839340800072351,0.16095652383413825,0.1607347988575179,0.10433431620667044,0.14929774987942235,0.14715536228259807,0.14929774987942235,Iran
201,0.08757084669711414,0.1581341846566493,0.15822587420197723,0.10858056742389943,0.14551309364256731,0.14404121637158307,0.14551309364256731,Iran
202,0.1085143653865045,0.17333443887775793,0.1757373091810556,0.13145282840844003,0.16260514335614534,0.16170410568259241,0.16260514335614534,Iran
203,0.14957049645316572,0.20895071834857187,0.21291607986032202,0.1745923474466794,0.19986270058008349,0.19939016021959244,0.19986270058008349,Iran
204,0.1767220549020999,0.23329229402532217,0.2340776011224881,0.20101759424794735,0.22250189889310124,0.222239228009686,0.22250189889310124,Iran
205,0.19667687740052514,0.24581658011992413,0.24602023469723905,0.21753385838686615,0.23662482989041925,0.23660919996194385,0.23662482989041925,Iran
206,0.18665086848025836,0.23306606513409295,0.23545642911230705,0.2094916934999791,0.2250134311883687,0.22500108218417336,0.2250134311883687,Iran
207,0.15918249207564938,0.20415366334924373,0.20673796057476218,0.1791329514718824,0.1940257246766291,0.19409101841209558,0.1940257246766291,Iran
208,0.14349530922150386,0.18617681735259556,0.18864287467540528,0.1619449164483973,0.1763135427076251,0.17645253455321186,0.1763135427076251,Iran
209,0.1283004584881231,0.16638621571707707,0.16940650624982348,0.1425899964051182,0.1572520322227717,0.15773726882094485,0.1572520322227717,Iran
210,0.10390348783252916,0.13763908703284178,0.14075591589342662,0.11317024516925918,0.1275333295827298,0.128305718126609,0.1275333295827298,Iran
211,0.1103753965255332,0.14003723549808766,0.1433505478949761,0.11629881527668422,0.13055618476550718,0.13128184070998766,0.13055618476550718,Iran
212,0.08730114845625399,0.1160909579756359,0.1182847492639793,0.09195885421230024,0.10551246221101618,0.10612429073344269,0.10551246221101618,Iran
0,0.29805918433547235,0.29805918433547235,0.29805918433547235,0.29805918433547235,0.2437056562509377,0.29805918433547235,0.29805918433547235,Vietnam
1,0.2894863670614459,0.267734369647899,0.3108631774543766,0.2948368518532184,0.2310250076175844,0.27048202533842286,0.26962442438903844,Vietnam
2,0.1961752038696611,0.1580634471580296,0.2172705713618238,0.20183653518955003,0.13514183577845607,0.16269748832260023,0.16255339538833424,Vietnam
3,0.18237785297054426,0.13372275844749976,0.19432132676518352,0.1917432456736894,0.1191592016117783,0.13857347525381514,0.13862565118781423,Vietnam
4,0.2758036883523445,0.21735027217673825,0.29316391753443305,0.2940603730609243,0.2108930178450213,0.22453179862667078,0.22471720970019,Vietnam
5,0.20589898611785673,0.14071678347663458,0.22641884956371583,0.23625639305169432,0.14004300599158997,0.1489024721499035,0.14986032166089286,Vietnam
6,0.2580811351709837,0.18859052821710698,0.27221713483588267,0.2862710794553993,0.19121440810697882,0.19783832081062636,0.1981862215743031,Vietnam
7,0.341654213525801,0.2682593001078895,0.3527787619227988,0.3636042474015091,0.27413584161531396,0.27860741575697373,0.2790869081451545,Vietnam
8,0.36014384705594926,0.28703249620647125,0.3590320411336875,0.3766075957597965,0.29224515024707026,0.29482725380022595,0.29576117371754834,Vietnam
9,0.38642561293372263,0.31018026272329563,0.3691007863971794,0.3911535350650607,0.31815342042055916,0.3197831973074608,0.32065034122952896,Vietnam
10,0.43761956965250326,0.36279127219020296,0.418176208920162,0.4400629473933391,0.36974950564342257,0.37057183454490783,0.3715227058449043,Vietnam
11,0.3606804424267676,0.2842240516196455,0.3392405386977096,0.3721134013494158,0.2921025808936648,0.29117069556082736,0.29336182745977124,Vietnam
12,0.3719287747309946,0.2962681026104359,0.34850795309975957,0.3923162878782739,0.30301285724614013,0.30251394883036264,0.3039071171909144,Vietnam
13,0.36921010469408266,0.29139691320158084,0.3639321634579929,0.3833339728304263,0.29962730752139105,0.2989090387332556,0.3002623704791566,Vietnam
14,0.34601168293643403,0.2660943202249568,0.3589094706531504,0.3477840195979379,0.2762130606312637,0.27582842358100057,0.2766640536145486,Vietnam
15,0.34396673581134124,0.26540442904733796,0.3636848234289432,0.3345704979872074,0.27551549895906857,0.276210392528621,0.27583577377353397,Vietnam
16,0.3359175503911601,0.25784111169978785,0.37513586371627655,0.34389638304653614,0.26746297946270225,0.2682312618083412,0.26769042414717104,Vietnam
17,0.3449681309492706,0.2641839206447211,0.40416710423461516,0.35361324215775086,0.27558522573031125,0.27493945318330076,0.27574674665595583,Vietnam
18,0.3161526972094415,0.23559788690281552,0.3659670275469097,0.33484320727044686,0.2482692547437862,0.24834613759428092,0.2483839595982083,Vietnam
19,0.274362296743659,0.19415676549989785,0.29842657705476444,0.292468443525258,0.20542799439097315,0.20605344302862422,0.2055094525895037,Vietnam
20,0.26059913077697416,0.18069829323893977,0.2653034178078768,0.2870485319455606,0.1926881480501266,0.19375962593409987,0.19274599597767314,Vietnam
21,0.25517946104096256,0.17794499160802985,0.24422199142829748,0.2750326599292268,0.1880950424955847,0.18899806260925356,0.18813612347677255,Vietnam
22,0.246188561538065,0.16786391923844418,0.22325677197805652,0.25449056391468095,0.1782910951055306,0.1795765848531677,0.17832026895992664,Vietnam
23,0.261297765594647,0.18458370004962799,0.23740069491652716,0.2539231151859558,0.19492053133533815,0.19650717129333772,0.19494124928694767,Vietnam
24,0.33122929072947815,0.25393875401645727,0.32157843287764065,0.32843360326043053,0.26445680121637816,0.26603647927266355,0.2644715141683614,Vietnam
25,0.4073674909090419,0.3279689799468572,0.4105562166229789,0.41882746283876376,0.33987460822682114,0.3414916897209379,0.3398850566997272,Vietnam
26,0.42342726385310026,0.3445394270050762,0.44710138477547196,0.4444831319331975,0.3562995057153836,0.3573211457343156,0.35630692574816786,Vietnam
27,0.4002590921394158,0.31936224002889513,0.4392232517610845,0.4282120519227641,0.3319918475045487,0.33302651397784255,0.3319971168761606,Vietnam
28,0.239588495383487,0.16037850295580702,0.26489851336114567,0.27773483193891796,0.17273262633265551,0.1726280788903101,0.17273636840199563,Vietnam
29,0.15148482316462952,0.07258639628213003,0.15254021962040748,0.1846938363282245,0.08568631723761093,0.08518171637698502,0.08568897468597052,Vietnam
30,0.09361406881456191,0.01271820372782756,0.07925938267757787,0.1317917390004615,0.026281431061955907,0.02675489356185881,0.0262833182615618,Vietnam
31,0.04682419447190244,-0.03412911985397649,0.02383878623479918,0.07375124264153675,-0.021745931280004387,-0.020261583070585298,-0.021744591076218435,Vietnam
32,0.035221194558365226,-0.044388113052370434,0.004179385767894762,0.05623100069909035,-0.032260443628205945,-0.03074173034382288,-0.03225949187610602,Vietnam
33,0.07913729877229662,-0.00015194632391744844,0.03992994452044219,0.08533630159567304,0.011052018099207896,0.01305061631679514,0.011052693990493377,Vietnam
34,0.1283744446483075,0.05133876778718573,0.09231807016643584,0.11901334452373212,0.05972748414858908,0.06181338445417747,0.0597279641360037,Vietnam
35,0.12038455494995721,0.04143797297976004,0.08661484295827476,0.09694358338824532,0.0504600209182893,0.05216587602852625,0.05046036178363722,Vietnam
36,0.06698518200411414,-0.013239585826646465,0.03528109208298001,0.036335217866108216,-0.003961792573951559,-0.002029613229902416,-0.00396155050680172,Vietnam
37,0.0569729707774938,-0.021960509338371598,0.03887682379115481,0.02438739060049712,-0.014097172357101978,-0.011571226346740328,-0.01409700045196293,Vietnam
38,0.17259727350150464,0.09481056234437271,0.16886704178724277,0.14602775966317313,0.10226374667649266,0.10433517622867038,0.10226386875574567,Vietnam
39,0.33261783952816426,0.2528037532363322,0.3542153955159205,0.32182689842718976,0.2627131572318563,0.26524439775569153,0.26271324392701906,Vietnam
40,0.355839926782742,0.2745363151703468,0.39428507608842933,0.3495240513303667,0.285271242355004,0.2866219178729458,0.28527130392198663,Vietnam
41,0.40767695208354504,0.32661566085624594,0.45820236900513545,0.414407248934354,0.3380647915271279,0.33871196516608776,0.3380648352492137,Vietnam
42,0.3639076188330833,0.28328405572287224,0.42300403651006757,0.35687211046650724,0.2949094199378723,0.29391472573669963,0.29490945098731974,Vietnam
43,0.4537462326589429,0.37212646545358874,0.49141769598987883,0.45072355861573776,0.3836203833743406,0.38330764904154746,0.3836204054242536,Vietnam
44,0.4479728891031416,0.370160965431745,0.4617413401738857,0.4397179336330724,0.37897363557539604,0.3781259124868416,0.3789736512342467,Vietnam
45,0.481186330619438,0.40241105589972614,0.47731020244569416,0.47391957353837155,0.4106541934596415,0.4090170941327395,0.4106542045798488,Vietnam
46,0.4843824879259821,0.405163922988215,0.47682588906446804,0.477411604813179,0.4140351386052742,0.41231451716344986,0.4140351465023423,Vietnam
47,0.5070630598241844,0.4269735949064888,0.5038065171503437,0.508794820835078,0.4376797789065049,0.4362689234621308,0.4376797845146453,Vietnam
48,0.5050774291321877,0.4240330611660502,0.5130241630494005,0.5092446170579404,0.4360156452700775,0.4348423931579381,0.4360156492527253,Vietnam
49,0.4500213752994002,0.36894200915322567,0.46959098405364175,0.4674179151402735,0.38138937258763844,0.3802318857212984,0.3813893754159347,Vietnam
50,0.5027006190884096,0.4222841952812806,0.5242009248821728,0.5308296011574867,0.43431928866464325,0.43404247111562805,0.4343192906731714,Vietnam
51,0.564928824861308,0.48481776537907034,0.5800581472042626,0.6020630781215148,0.49679567520591944,0.4964145346255852,0.49679567663228535,Vietnam
52,0.5988937648624262,0.5182830118709658,0.6167914052938227,0.6356782709334536,0.5307111967439377,0.5300123058855964,0.5307111977568784,Vietnam
53,0.5520768901899332,0.4705892728468353,0.5791048178329911,0.5915705305766465,0.48391355099762207,0.4835575512513364,0.48391355171696665,Vietnam
54,0.35290992534382726,0.2734326118175271,0.36696127488637376,0.3954271510919182,0.285221678362414,0.2830370101294122,0.28522167887326,Vietnam
55,0.28881538014117936,0.21274901758833206,0.2928212506457326,0.3325112943227887,0.2218319675436314,0.2215690223783364,0.2218319679064111,Vietnam
56,0.34930560217983986,0.27517792656062184,0.3518639144180392,0.3950178578932337,0.28349821129927616,0.28393617485567724,0.2834982115569059,Vietnam
57,0.42702953724031556,0.3502481621010607,0.4179443095587678,0.4629473817531973,0.36079761530591825,0.3611416742833274,0.36079761548887523,Vietnam
58,0.4750678446760501,0.4007219187131154,0.45681726962944086,0.5100551344390898,0.4090092662118252,0.40949634362215875,0.409009266341753,Vietnam
59,0.5323590884642965,0.45817133434965474,0.5163600466213869,0.5667688228505579,0.4658916263483127,0.4654733790131296,0.4658916264405816,Vietnam
60,0.581382760337739,0.5058170686772192,0.5676920939565969,0.6096473292282014,0.5145452139373854,0.5144224511868051,0.5145452140029105,Vietnam
61,0.6061869918529301,0.5326152207179601,0.6088083838684044,0.6332294574830089,0.5401088794906412,0.5394382421737336,0.5401088795371742,Vietnam
62,0.5334908101899433,0.4590642612625624,0.5543447855151612,0.5624553487061789,0.4672451345305042,0.46806179257691155,0.4672451345635499,Vietnam
63,0.5144518865239136,0.44097535001769983,0.5380385067860158,0.5488652427254309,0.4495770869372362,0.45033705749096314,0.44957708696070364,Vietnam
64,0.5092595071115125,0.4340092459032646,0.5481991440151296,0.5529912574514249,0.44462059002903787,0.4448265249717953,0.4446205900457034,Vietnam
65,0.6214123957664404,0.5438500569130651,0.6559596943588485,0.6640573707162047,0.5553167822594461,0.5563582741939999,0.5553167822712812,Vietnam
66,0.708439585454252,0.6304497719962311,0.7168460016013772,0.7544230740374945,0.6427307009345026,0.6430256565894898,0.6427307009429074,Vietnam
67,0.6020771867270972,0.527519307458006,0.5938831197310435,0.6386685468616455,0.5366751558836549,0.5360259838191539,0.5366751558896237,Vietnam
68,0.5392293977195717,0.46667489845333837,0.5222529758471363,0.5789437802974411,0.4745067432043008,0.47407162817324305,0.47450674320853964,Vietnam
69,0.5800053028105145,0.5048499790137785,0.5565469987440477,0.6085950126583543,0.5144421993416565,0.5137367819046629,0.5144421993446667,Vietnam
70,0.5971105664214176,0.5237973149525178,0.569974391277154,0.6118833277097019,0.5306910229143338,0.5283967098634491,0.5306910229164715,Vietnam
71,0.5759937024024158,0.5021642314829338,0.5588587790974765,0.5971138483133818,0.5090937587317248,0.5071296824785122,0.5090937587332429,Vietnam
72,0.6388201911000363,0.563471174059529,0.6274436890611124,0.6596785060378709,0.5726540580258881,0.5705162221183186,0.5726540580269662,Vietnam
73,0.6490279708008169,0.5760190925803734,0.6504117540465392,0.6755043245927439,0.5831347437069458,0.580784973675131,0.5831347437077116,Vietnam
74,0.5217969495529493,0.446891295437277,0.5401511589376188,0.5480975924331255,0.4556556141214184,0.45293423708933755,0.4556556141219622,Vietnam
75,0.39320996978573364,0.31698771232317074,0.41733492543436046,0.4285885425679794,0.3270859793462825,0.3259200241151534,0.32708597934666866,Vietnam
76,0.4301029450704792,0.3532144885818704,0.46092558157995617,0.46403767896130926,0.3646057457132271,0.3626072138169347,0.3646057457135014,Vietnam
77,0.5643793532624,0.4873030903313176,0.594286593076582,0.6016695294143372,0.49953415576972504,0.498204874655922,0.4995341557699198,Vietnam
78,0.6284379861817657,0.5526880580504957,0.643200396976557,0.6527041102466423,0.5636524246529908,0.5621626844560441,0.563652424653129,Vietnam
79,0.6491764409770603,0.5745173961885768,0.6504988281586305,0.6647185665305746,0.5838322979542605,0.5822547613519631,0.5838322979543588,Vietnam
80,0.6226909392251897,0.5480662113235781,0.6220792669871947,0.63833236495344,0.557274461527566,0.5554586319720892,0.5572744615276357,Vietnam
81,0.5966762197881688,0.5245954479588483,0.5941767092211715,0.6063400002267801,0.5316479751636815,0.5298044359478881,0.531647975163731,Vietnam
82,0.6179636807201372,0.5483262461294233,0.6092584885484968,0.6262797523808509,0.5536569466017343,0.5521642621473993,0.5536569466017695,Vietnam
83,0.7396214264478876,0.6688641365119811,0.7189937845046389,0.7356017767308756,0.6748419495935419,0.6731757532018837,0.6748419495935669,Vietnam
84,0.8385533097250154,0.7679312259441106,0.8122567367998166,0.840291456749805,0.7746202411511203,0.7729409064775028,0.774620241151138,Vietnam
85,0.7269030847159894,0.6582343220406061,0.699497746427529,0.7303437448699762,0.6635131767569474,0.6619796586814676,0.66351317675696,Vietnam
86,0.623212902103854,0.5532886734341886,0.6105674972431459,0.6238690412109898,0.5602256992258027,0.5584539492899091,0.5602256992258116,Vietnam
87,0.5063909937117395,0.43453309988927175,0.5107418745743717,0.5174825939319577,0.44286835849833167,0.44165024643860956,0.4428683584983379,Vietnam
88,0.5983083070913777,0.5264005710066467,0.5941306044594062,0.6122916926957839,0.5341722827470451,0.534089974896002,0.5341722827470495,Vietnam
89,0.6227966215165655,0.5500163691864632,0.6169844021030421,0.6432862083886595,0.5585498978535147,0.5564875380592754,0.5585498978535179,Vietnam
90,0.4761126154607344,0.4029995425542098,0.47774180564338575,0.5069855651260006,0.4117059363113593,0.4099429830326524,0.41170593631136165,Vietnam
91,0.4123702162238917,0.3384124833155682,0.406685068620552,0.4433057777373423,0.34852930441837016,0.34738932507804143,0.3485293044183718,Vietnam
92,0.42958384477703526,0.3572127691454161,0.41428727842291835,0.46538233709874666,0.3656992543349609,0.36502022877592855,0.3656992543349621,Vietnam
93,0.5211976376006167,0.4506634965872768,0.5039754113416,0.5482416359902141,0.45747989146360346,0.4572397920862566,0.45747989146360435,Vietnam
94,0.5212067083108287,0.45193408658184786,0.4990160819969453,0.5287063945995604,0.4568891301178075,0.4576894084745871,0.4568891301178081,Vietnam
95,0.4575387315844737,0.38823908977081023,0.44065377869139216,0.4735424881421356,0.392741118251805,0.39430715855116577,0.39274111825180535,Vietnam
96,0.3598806626748591,0.2902481632574856,0.3505212309309353,0.3731216958930511,0.2951632697150622,0.2970407991742857,0.2951632697150624,Vietnam
97,0.3656181268417966,0.2976187218782651,0.36523494685156843,0.39201100957386403,0.30138268288067893,0.30316790525242754,0.30138268288067904,Vietnam
98,0.4928442891042986,0.424308730008351,0.5086564277677247,0.5185027833749162,0.4283648858341137,0.43017939707263153,0.4283648858341138,Vietnam
99,0.641352257245954,0.5716094514556709,0.6557403075994945,0.6714114041305884,0.5762571962190927,0.5787905554030365,0.5762571962190927,Vietnam
100,0.6619682384702282,0.5893434149484097,0.6688802341561126,0.6887696540905215,0.597080520636531,0.5996435872270526,0.597080520636531,Vietnam
101,0.6983162863294572,0.6265395230827694,0.6951759176374472,0.7239751291199199,0.6339585977690948,0.636160766464072,0.6339585977690948,Vietnam
102,0.788076963471666,0.7146519244344267,0.7700071724802596,0.8229328433237129,0.7238875695265286,0.7249496616555596,0.7238875695265286,Vietnam
103,0.6912644566458876,0.6186926487126754,0.6689820054102642,0.7195854956729237,0.6273410641581457,0.6279573221803071,0.6273410641581457,Vietnam
104,0.6602109923738353,0.5868887420410527,0.6394085113012022,0.6806806323844616,0.5959560840461571,0.5957230077496826,0.5959560840461571,Vietnam
105,0.6011772558117826,0.5317185614657314,0.5827982380387898,0.6034225775073271,0.5385289398718557,0.5381194379909605,0.5385289398718557,Vietnam
106,0.6149569088748565,0.5431837469790816,0.5910561761029168,0.6128813949446992,0.5519763945565744,0.5515830252620372,0.5519763945565744,Vietnam
107,0.6351813272169131,0.566921235629754,0.6105959523561272,0.6310152363240197,0.5731931513481427,0.5724416202796685,0.5731931513481427,Vietnam
108,0.6345827543587865,0.5680014201792416,0.6185138246001936,0.637773841407695,0.572861960818488,0.5719356967002959,0.572861960818488,Vietnam
109,0.7469002303484711,0.6796349184939993,0.7374318136837982,0.755285499600104,0.6851832996469166,0.6846583003782559,0.6851832996469166,Vietnam
110,0.7434207601647137,0.6740198418577893,0.7476795003493342,0.7593906580173488,0.6820483745707344,0.6827330112205513,0.6820483745707344,Vietnam
111,0.6543927943539005,0.5832443429843116,0.6757026467840475,0.6652101355411804,0.5931282256805077,0.5942772939754504,0.5931282256805077,Vietnam
112,0.6588097523691865,0.5868653328660942,0.6767554832664867,0.670901516188241,0.5984133560878137,0.5986163502119426,0.5984133560878137,Vietnam
113,0.6913794391175514,0.6180481131842458,0.7013739166065858,0.6822515756561285,0.6305421840841313,0.62983464967332,0.6305421840841313,Vietnam
114,0.7049869519782019,0.630841041201592,0.7177195022784667,0.7112167954926095,0.6437640634759548,0.6429573608373101,0.6437640634759548,Vietnam
115,0.6763460312980271,0.6034826806456454,0.6902540125937662,0.6888673227232175,0.615500737260314,0.6145844529699176,0.615500737260314,Vietnam
116,0.643402047710178,0.5728425014957795,0.6473268678849129,0.6501106361350325,0.5824543168290316,0.5814638450811667,0.5824543168290316,Vietnam
117,0.6635107200457411,0.591923965804052,0.6526332721305034,0.6704583226615388,0.6024902431524816,0.6008510359938547,0.6024902431524816,Vietnam
118,0.6698980778913054,0.5968632226408923,0.6481557731829288,0.6762967932357259,0.6081073157340341,0.6060074060345261,0.6081073157340341,Vietnam
119,0.7056604174780008,0.6313959978476421,0.6808157287902296,0.7198610918571189,0.6437093332444727,0.6401814948431086,0.6437093332444727,Vietnam
120,0.7824935189203015,0.7082597910264027,0.7561437796378176,0.7931437409037272,0.7205391749097921,0.7174359377332453,0.7205391749097921,Vietnam
121,0.8421025155091846,0.7678967742748857,0.8226525092905135,0.8438642326345238,0.7810014968910872,0.778404430444907,0.7810014968910872,Vietnam
122,0.8348316403182705,0.7602938359676219,0.8276473181138935,0.8463933640675416,0.7735787133769876,0.7715282927412868,0.7735787133769876,Vietnam
123,0.7375599081394068,0.6629453134101814,0.7407548417059415,0.7576137057484127,0.6768248717352272,0.6748762261298779,0.6768248717352272,Vietnam
124,0.6297893132552818,0.5551477926477222,0.644249602380204,0.6485496715217184,0.5690890689051321,0.5679902368478625,0.5690890689051321,Vietnam
125,0.6718003027849255,0.5992887355945508,0.6967244057192532,0.6942382573633824,0.6118915718619863,0.6118815775060557,0.6118915718619863,Vietnam
126,0.5892714590206392,0.5167513036421177,0.6120659861292467,0.6218645744378982,0.5296423868929926,0.5284048236930041,0.5296423868929926,Vietnam
127,0.49400936369862547,0.4224704835125089,0.5038402617555324,0.5222880032470056,0.43446956887241317,0.4339066940720022,0.43446956887241317,Vietnam
128,0.452179352321806,0.3832556014426288,0.4483618487151811,0.4671829472043716,0.3927165452262234,0.39363541142128006,0.3927165452262234,Vietnam
129,0.4692404652906914,0.40221340268370837,0.4552765051305375,0.48601886140461453,0.4094140304288731,0.41082812634859955,0.4094140304288731,Vietnam
130,0.531483371029568,0.46316536837480504,0.5118782251557762,0.5576633986531078,0.47133835255807643,0.47253155181552253,0.47133835255807643,Vietnam
131,0.579115984983913,0.512507700812757,0.5636348918527219,0.611309389845926,0.5190555749694107,0.5200706367071128,0.5190555749694107,Vietnam
132,0.7015360335424913,0.6343925587181268,0.6867714060480189,0.7185702502942299,0.6396541839294873,0.6408691414768907,0.6396541839294873,Vietnam
133,0.7834888033038638,0.7123129859635602,0.7758005132057441,0.7987511328144903,0.7206687970389978,0.7218653471467756,0.7206687970389978,Vietnam
134,0.8804181055750188,0.8090983573557946,0.8759720172964638,0.8864167450709133,0.8175666274078005,0.8193532274086025,0.8175666274078005,Vietnam
135,0.9958436974261593,0.9229198723724871,0.9854572512072566,0.9908593356051675,0.9328703926959753,0.9351964118483003,0.9328703926959753,Vietnam
136,0.9807211027541259,0.9065071864804948,0.9909899379258531,0.9840452466522157,0.9175398155077968,0.9200693589443608,0.9175398155077968,Vietnam
137,1.0031800697795055,0.9282392448057015,1.021261045672731,1.002584027138793,0.9406301196532578,0.9424303361241981,0.9406301196532578,Vietnam
138,0.9588237802140235,0.8846741050812288,0.9715785750486208,0.9655700205556361,0.897441570561881,0.8976665744277952,0.897441570561881,Vietnam
139,0.9437612607375735,0.8691686612920175,0.9607111596525502,0.9482605983759742,0.8821511969432827,0.88213942420466,0.8821511969432827,Vietnam
140,0.7856531512498073,0.7100868651866876,0.793148155663855,0.804170209058161,0.7239062722924756,0.7229724983520335,0.7239062722924756,Vietnam
141,0.6536727808913736,0.5817343432502579,0.6443847351356312,0.6700922547088184,0.5919845688663279,0.5913184885169646,0.5919845688663279,Vietnam
142,0.5990448429176081,0.529522973212923,0.5799115559422467,0.6056547075433033,0.5378948528301902,0.5360967871783485,0.5378948528301902,Vietnam
143,0.5082729578087986,0.4380279287010676,0.4804837059273183,0.5131407902754895,0.44652540710938876,0.444568395898128,0.44652540710938876,Vietnam
144,0.5370863407698473,0.46722275900181565,0.5038144600887549,0.5407743167067884,0.47534559981776336,0.4730950661514414,0.47534559981776336,Vietnam
145,0.5181043256956936,0.4476565253975155,0.48622046802260965,0.5374951089094308,0.456387157360402,0.4542756444147748,0.456387157360402,Vietnam
146,0.5979587184446552,0.5282270592140909,0.5700420551724729,0.6047184191772681,0.5358591114488954,0.5349416814340389,0.5358591114488954,Vietnam
147,0.7354122465757624,0.6643711291700309,0.7158984121325028,0.7460528820725041,0.6727552398025185,0.6723556141732215,0.6727552398025185,Vietnam
148,0.7444038717096626,0.6718579868872008,0.751928046687666,0.7590409305763288,0.6822957527383642,0.68179853192962,0.6822957527383642,Vietnam
149,0.5918974359024132,0.5189055107777917,0.6103512332174506,0.6177344205685893,0.5293817271918668,0.5267137812051914,0.5293817271918668,Vietnam
150,0.5197901135910972,0.4492100092722938,0.5335283789719119,0.5302006727496049,0.45879496398061204,0.4572667942146449,0.45879496398061204,Vietnam
151,0.47291500026978056,0.4035910092390533,0.4816975794122273,0.4837274318613725,0.41328760259640557,0.4131785215085621,0.41328760259640557,Vietnam
152,0.5603882358246258,0.49202825395586114,0.5606716216728966,0.5692872374673998,0.5008236540551547,0.5016482424575813,0.5008236540551547,Vietnam
153,0.6348873040924734,0.5652092835445834,0.6279518297992293,0.6431680518078653,0.5745350797616126,0.5743080172103077,0.5745350797616126,Vietnam
154,0.6744585573904374,0.6041538709666505,0.6635006254061471,0.673864458901728,0.6147971264008161,0.61446122965452,0.6147971264008161,Vietnam
155,0.6434057173680292,0.5728541768761005,0.6278821656991411,0.6498837039026414,0.5848074813926275,0.5841747409996167,0.5848074813926275,Vietnam
156,0.594699909635575,0.5266624436988921,0.5753639939819724,0.5964396988464511,0.5363959003756322,0.5359417310445517,0.5363959003756322,Vietnam
157,0.5548513503093353,0.4861946606384594,0.5361111462748264,0.5543501774154775,0.49675628755232515,0.49759994910690614,0.49675628755232515,Vietnam
158,0.48706317085081385,0.4184162171773057,0.4668352017790911,0.48542004872863964,0.42956597312836664,0.43133129546597154,0.42956597312836664,Vietnam
159,0.4620490972380502,0.3971178793550263,0.4597203052964667,0.4745737491408767,0.40526329776329373,0.40708089629578287,0.40526329776329373,Vietnam
160,0.545434158223795,0.48248483362051064,0.57105979549924,0.5603234074373011,0.4897360810587257,0.4913699209431027,0.4897360810587257,Vietnam
161,0.5513761921957012,0.4879728971780218,0.5941045025260284,0.5790168500942643,0.49601897911238463,0.4976241390246491,0.49601897911238463,Vietnam
162,0.5732020375664502,0.5089369586764496,0.623389331656036,0.5792685697074208,0.5164295061426748,0.5181055336845195,0.5164295061426748,Vietnam
163,0.5619871818084249,0.4989901268194859,0.6104837394600274,0.5565779107463834,0.5058893145344014,0.5079638154080722,0.5058893145344014,Vietnam
164,0.5629770118387525,0.49985518516405114,0.6029678712003571,0.5492109554938611,0.5067179903824459,0.5081912070555388,0.5067179903824459,Vietnam
165,0.5992404782599896,0.5366046749722116,0.6278258007723856,0.5731890160767772,0.5421462722863376,0.5435161853170203,0.5421462722863376,Vietnam
166,0.6883994605112912,0.6263086673664523,0.7059913339778239,0.6533850576704089,0.6313399053588042,0.632488256150253,0.6313399053588042,Vietnam
167,0.7445300802222167,0.6840368543376203,0.7535847028808321,0.719791259656765,0.6878385084710055,0.68890131360463,0.6878385084710055,Vietnam
168,0.7208778341148027,0.6597495281409189,0.7165744396185867,0.6935797852652299,0.6630929262772507,0.6638911815826657,0.6630929262772507,Vietnam
169,0.5653362976292197,0.5017049403406566,0.5457423263631389,0.557825189274202,0.5064289623195857,0.5080286034891092,0.5064289623195857,Vietnam
170,0.4943336278427074,0.4335428050894615,0.4783927069262376,0.5002876011675589,0.4369547659203138,0.438437039746154,0.4369547659203138,Vietnam
171,0.520347661096065,0.4611232154796213,0.523770924647504,0.5449132978671833,0.464397739406859,0.46644903640785196,0.464397739406859,Vietnam
172,0.5476804145107929,0.4877621654628889,0.5655624849362896,0.5700384066250002,0.49196736625138976,0.4947814040729209,0.49196736625138976,Vietnam
173,0.5780336259594329,0.5168648675594105,0.6182637901590833,0.5784490502824523,0.5217072857969565,0.5243554355712636,0.5217072857969565,Vietnam
174,0.6754632874132291,0.613371306929287,0.7341444278098195,0.6881299369560292,0.618343063156211,0.620502706572954,0.618343063156211,Vietnam
175,0.8198557945034343,0.7582594078380025,0.8651394819445892,0.8376486676709483,0.7637321121754965,0.7654355417267135,0.7637321121754965,Vietnam
176,0.8863331519713095,0.8248998031700554,0.9136259864314525,0.9065395433541914,0.8304564592524624,0.8314373074444213,0.8304564592524624,Vietnam
177,0.9748387351013962,0.912494390979152,0.9874239000889589,0.9757420558936086,0.91867972344425,0.9189885143794484,0.91867972344425,Vietnam
178,1.0138201401967886,0.9523702857575752,1.011218762624298,1.0206063763894866,0.9585741299600158,0.9587259783996112,0.9585741299600158,Vietnam
179,1.0445789222185307,0.9846454692267109,1.0370565144744615,1.0465435422246456,0.9902409520846785,0.9895304436183027,0.9902409520846785,Vietnam
180,1.0730852496522876,1.0142955230357167,1.063922513266403,1.0624565262819732,1.020307568091575,1.0191858651992225,1.020307568091575,Vietnam
181,1.0860252809891955,1.0242768919494467,1.0747430950381744,1.068111743509567,1.032982486432273,1.0313660478807165,1.032982486432273,Vietnam
182,1.1093067965429637,1.0478012172656033,1.0978641162784857,1.09593258392161,1.0579066098703622,1.0550339587697086,1.0579066098703622,Vietnam
183,1.0465947401902738,0.9858402261853733,1.0497737510420544,1.042136014676506,0.9968187791131632,0.9944439229021735,0.9968187791131632,Vietnam
184,0.966171634377022,0.9054113276351741,0.9767950558512264,0.9835241690643848,0.9161759654845578,0.9143693186214316,0.9161759654845578,Vietnam
185,0.8824034678718918,0.8228546468770636,0.9088238373933474,0.9192524206403239,0.8345403713543552,0.8318702865911541,0.8345403713543552,Vietnam
186,0.6932351620614123,0.637114787180025,0.7284118961621293,0.734389392806865,0.647344241755318,0.6438734585581294,0.647344241755318,Vietnam
187,0.7247578515766472,0.6730215044562142,0.7496927815891437,0.7657295955662553,0.6811829211680018,0.6796619278641142,0.6811829211680018,Vietnam
188,0.8532527255741973,0.802693316833151,0.8695862831979599,0.9025470313619818,0.8117802262039479,0.810478537797928,0.8117802262039479,Vietnam
189,0.885163839572893,0.8334146035957803,0.8938953352727032,0.9398854088610935,0.8428957926890729,0.8416712650756821,0.8428957926890729,Vietnam
190,0.8764965014920181,0.8245533615793892,0.8836674366521836,0.9371410190055245,0.8350366521091463,0.8325942042238036,0.8350366521091463,Vietnam
191,0.8289569281016781,0.7806216547723206,0.8296445716101273,0.8822255658745992,0.7894441833779848,0.7875169974089316,0.7894441833779848,Vietnam
192,0.8280003295493067,0.7831640839762124,0.8259854229931726,0.859681839962386,0.7903280502556185,0.7878327562796418,0.7903280502556185,Vietnam
193,0.8331975633635411,0.7877826619940407,0.8416168183344087,0.848274267705067,0.7972900191435024,0.7940879887530728,0.7972900191435024,Vietnam
194,0.7737337101132628,0.7334838608960295,0.8014278400190274,0.796100312176665,0.7441143185459829,0.7412921094405129,0.7441143185459829,Vietnam
195,0.7835906576125254,0.7439070497296484,0.8189320899010264,0.7951085420860527,0.7538596297401351,0.7519503729825927,0.7538596297401351,Vietnam
196,0.818475437690997,0.7782631637713787,0.8490115022774822,0.8437138978901084,0.789580570335433,0.7880565080225025,0.789580570335433,Vietnam
197,0.8555467087515523,0.8156337588476805,0.8764447897613428,0.8755992916185087,0.8281610843388109,0.8264854026304861,0.8281610843388109,Vietnam
198,0.7318482413072314,0.6935186301454657,0.7554017426204852,0.7766239049708898,0.7059921327417638,0.7048021393979031,0.7059921327417638,Vietnam
199,0.5516497311792012,0.5137950108316125,0.5712885342417495,0.580838480665194,0.5250489364345007,0.524034838169351,0.5250489364345007,Vietnam
200,0.498427773132981,0.46493392690221463,0.5163881682107001,0.5357814510010053,0.47495989423411406,0.474371964187633,0.47495989423411406,Vietnam
201,0.6330739063531613,0.6007133698309871,0.6488352019335011,0.6622381482971291,0.6090845638481129,0.6098635088916947,0.6090845638481129,Vietnam
202,0.7220226986893397,0.693018507721097,0.7366675112979234,0.7594045844609713,0.6994939154623377,0.699786663646033,0.6994939154623377,Vietnam
203,0.6992849357671149,0.6723442771033843,0.7164259677618884,0.7413107973734507,0.6782510954510406,0.6775957048035932,0.6782510954510406,Vietnam
204,0.6758917155074329,0.6535556399838964,0.7016003386721507,0.7051310295989774,0.6577503951585717,0.656392501437429,0.6577503951585717,Vietnam
205,0.6566019363089152,0.6389917056454981,0.6962975300353976,0.6807571076609796,0.6423456319282974,0.6396605173915761,0.6423456319282974,Vietnam
206,0.6803845350590652,0.6617566663072622,0.7356015166457154,0.6920211689446855,0.664309995414386,0.6620326599176023,0.664309995414386,Vietnam
207,0.616472034574542,0.599626617406126,0.6832714553448012,0.6484285302107626,0.6027680247814431,0.6004770883200888,0.6027680247814431,Vietnam
208,0.4863293251719071,0.47014825938319105,0.5538731459403549,0.5402488719764206,0.47293559908441507,0.4726636261689445,0.47293559908441507,Vietnam
209,0.5814042297674228,0.5659369220051558,0.649487956794657,0.6434376150260706,0.569146292701324,0.5698015153586719,0.569146292701324,Vietnam
210,0.6441484446164405,0.6311620874212862,0.7297003174339365,0.7170676156363123,0.6354434122432573,0.6365437983260007,0.6354434122432573,Vietnam
211,0.540761968199427,0.52764794265282,0.6322204844985909,0.6090427090263422,0.5336646084404835,0.5342959101096617,0.5336646084404835,Vietnam
212,0.5669105768316541,0.5542803101646172,0.6475987526308474,0.6239635383605868,0.5600394738641312,0.5609663320890687,0.5600394738641312,Vietnam
0,0.8601504321210892,0.8601504321210892,0.8601504321210892,0.8601504321210892,0.8579939914436236,0.8601504321210892,0.8601504321210892,Thailand
1,0.7794258847069028,0.8538668309630819,0.861083481188518,0.8499770841544906,0.8487945867093499,0.8505948309023309,0.8505603345448924,Thailand
2,0.666351289851375,0.8020825239002789,0.8141966538243328,0.7932773997737536,0.794680329195711,0.7961266402489283,0.7961261679110089,Thailand
3,0.6278869798322078,0.8138071857076338,0.8339910539160073,0.8039870324068027,0.8054697648244101,0.8066778747926464,0.8066536539101424,Thailand
4,0.6509378669584038,0.8802068343837111,0.9003540616061593,0.8672590837543376,0.8697311649839121,0.8708926520991502,0.8707005631280387,Thailand
5,0.6234512072204617,0.8864763621473684,0.9127358621211679,0.8701410800862441,0.8746356568842661,0.8755952673762681,0.8754294244535099,Thailand
6,0.6101044093548568,0.9019355437463151,0.9297546765765028,0.8822138803916778,0.8886254348616962,0.8892546989025304,0.8892753917012061,Thailand
7,0.6084462153863184,0.9232812335225418,0.9469862827587716,0.9015857197642569,0.9088675031146594,0.9095561065169437,0.9093997041135338,Thailand
8,0.5713728600676133,0.9032112797642718,0.9243330219025638,0.8829638541999947,0.8900274797745873,0.8907155850666107,0.8904632593309907,Thailand
9,0.5366382828446189,0.8844300388944955,0.9013729923310754,0.864223023106653,0.8704368782859413,0.8713127309690935,0.870793705541397,Thailand
10,0.5434793939231385,0.9034669490112499,0.9175621778296456,0.8825925392412364,0.8884882534148707,0.8894894227904578,0.8887804325415991,Thailand
11,0.4934907720902233,0.8626148243694423,0.8764414369888887,0.8441506861893799,0.8492176458181104,0.850105513155904,0.8494568894319054,Thailand
12,0.41920650866493137,0.7961003848449613,0.811429173361333,0.7788388320805811,0.7833162284132965,0.7841338709843124,0.783512127098403,Thailand
13,0.39074507907215306,0.7746192692464505,0.7995956799551952,0.7570398082575789,0.7621906882598467,0.7627855921636021,0.7623510950277337,Thailand
14,0.36382469429332587,0.7536981804166408,0.7935096816757958,0.7333341329614526,0.7399323051875389,0.7403848742741166,0.7400636502814071,Thailand
15,0.3177101368287428,0.710491957778943,0.7549467361924914,0.6911518405937771,0.6965841779743801,0.6969086964958191,0.6966917266390061,Thailand
16,0.32860853014343805,0.724163518143553,0.773290595054166,0.7035737983095498,0.7106280601634317,0.7108662356387654,0.7107161237135972,Thailand
17,0.34014649941863817,0.7394873884784523,0.7921785924808913,0.7176268705590663,0.7248088195044716,0.7249425700172183,0.7248809281530979,Thailand
18,0.3032234747830641,0.7046393429929474,0.7502209561240343,0.6808915762382662,0.6894621949367871,0.6895121301479142,0.6895212393109571,Thailand
19,0.2692789952789496,0.6723463919003403,0.7095613693467313,0.6486944541119076,0.6582429091646848,0.6582322604060665,0.6582912561825188,Thailand
20,0.2551618393456662,0.6611917321030423,0.6890828337237929,0.6371962650055449,0.6461022087562517,0.6460003783281475,0.6461417965098066,Thailand
21,0.2789385040817161,0.683550792134653,0.7053389720193478,0.661397974745768,0.6693113080705544,0.6690250878806953,0.6693437235183264,Thailand
22,0.2635056991738337,0.6688034808622481,0.6857529510340952,0.6474735762833739,0.654906546115563,0.6545131220944752,0.6549330886990616,Thailand
23,0.24415028001369968,0.6453007132991326,0.6616353311178261,0.6267480009581246,0.6332611691438442,0.6328219705217846,0.6332829028784431,Thailand
24,0.2884502145325753,0.6871482800383205,0.7086122271099209,0.6710175488002739,0.6766750446852683,0.6761776334165872,0.6766928408135028,Thailand
25,0.348997295257344,0.749440910358053,0.7725813467233711,0.7312727752815433,0.7377831453785487,0.737267530173817,0.7377977172957081,Thailand
26,0.34139127813468545,0.7429191979938218,0.7701537838745699,0.7228070659510328,0.7300120934613427,0.7296538223849054,0.7300240253134231,Thailand
27,0.28804986015086603,0.6928069259922996,0.722284203450988,0.6713357343019668,0.6787847138722646,0.6785655993295207,0.6787944839726923,Thailand
28,0.2616269516996319,0.6652364956266295,0.7074112969123092,0.6424309032301907,0.6505589302061843,0.6504335514505619,0.6505669302100163,Thailand
29,0.22445635739032102,0.6265680374581809,0.6667360943197586,0.6016286438185385,0.6110597727685694,0.6111058203910656,0.611066323372812,Thailand
30,0.17590612473716155,0.5772673408513429,0.6088772089119467,0.5527282328559763,0.5617514790641541,0.5616952321976039,0.5617568428635777,Thailand
31,0.14985204495087248,0.5495600429906906,0.5749136998683718,0.5272996233462951,0.5352202390340651,0.5351042548546433,0.5352246310478689,Thailand
32,0.13392101108552798,0.535910284031272,0.5539891067063032,0.5142205504347144,0.5210312302677598,0.520832010709734,0.5210348265590692,Thailand
33,0.13979704887260413,0.5401207794726183,0.5540230458031746,0.5208015049445662,0.526709475928993,0.5264814697524832,0.5267124206627211,Thailand
34,0.1574191693822351,0.5554971543740514,0.5694563597530806,0.5392133693259348,0.544312682329826,0.5439163522244316,0.5443150935518275,Thailand
35,0.17871062431048756,0.5786869749628194,0.5930096086481116,0.5611877898378839,0.5661559738321917,0.5656544888205767,0.5661579482013802,Thailand
36,0.16754573000545897,0.5681153985348208,0.5859240214517962,0.548534242064863,0.5545248297680012,0.554010275322135,0.5545264464311246,Thailand
37,0.19814885099617432,0.5953775293686964,0.6225237871458458,0.5759074888578128,0.5829841260067532,0.5824453067886424,0.5829854497711585,Thailand
38,0.2455392974187599,0.6409136900077509,0.6764689946996505,0.6212045344889953,0.6273934221850994,0.6268198598849952,0.6273945061166715,Thailand
39,0.2765232106783194,0.6722770213863715,0.7153010418623493,0.6513560530968407,0.6586582301152666,0.6580529224407178,0.6586591176656857,Thailand
40,0.3280903919620997,0.7243775215137715,0.7673282760398943,0.7038135329014057,0.7101034794260395,0.7096179841148292,0.7101042061746341,Thailand
41,0.34036029551750574,0.7339951234931867,0.7797277247900932,0.7114578151871717,0.7193458869693377,0.719007632956155,0.719346482049356,Thailand
42,0.36335018641600586,0.7556370064781288,0.7991372063422517,0.7314502544297199,0.7405187648129712,0.7408214074975362,0.7405192520794492,Thailand
43,0.4183102038732867,0.8117434027200701,0.8465602087023965,0.7860162235817622,0.7957458927161042,0.7960905289642476,0.7957462917021454,Thailand
44,0.3992635021888584,0.789409423578559,0.8171467835530734,0.7641911126108915,0.7740298478206185,0.7745052498824577,0.7740301745204188,Thailand
45,0.39633080575335766,0.7875446829077983,0.8098863761956584,0.7622061992308982,0.7723959423251505,0.7729874488685649,0.7723962098351597,Thailand
46,0.4032421382306576,0.7938126930955671,0.8128961883407027,0.7681853363116635,0.7784838989595584,0.7790946899631479,0.7784841180034785,Thailand
47,0.43100455322251074,0.8177033294470331,0.8361562100963662,0.7933058629543908,0.803645605692269,0.8043194026714495,0.8036457850509371,Thailand
48,0.46109191413509093,0.8465501356926541,0.8640021702340733,0.8233781398056449,0.8336443007734186,0.8342865103962214,0.8336444476368048,Thailand
49,0.46255114053482393,0.8450368252723457,0.8674754734652258,0.8246011993920472,0.8338576902089947,0.8345894448507132,0.8338578104644272,Thailand
50,0.459660938501426,0.8436515801056642,0.8724074965784044,0.8214982988412768,0.8310233436959901,0.8317907007619607,0.8310234421641612,Thailand
51,0.4664959701149542,0.8515261668423115,0.8871443059995568,0.8287033662957378,0.8377567229413382,0.8385947495321784,0.8377568035695521,Thailand
52,0.46716068235201175,0.8517992903989751,0.8949440210997037,0.8293131019614086,0.8369523456049253,0.8376544728397803,0.8369524116253337,Thailand
53,0.45717926833880623,0.8422098084756624,0.88681838554723,0.8174484028320476,0.8264630783074624,0.8271057607076288,0.8264631323666324,Thailand
54,0.391483252080701,0.7761769465795582,0.8129419881401732,0.7501553698346636,0.7599626427925344,0.7605129411136221,0.7599626870575419,Thailand
55,0.3260873687105232,0.7078150504995045,0.7379519609929805,0.6833808304997873,0.693707908983939,0.6943748345556588,0.6937079452292397,Thailand
56,0.28615548509888566,0.6663976076324225,0.6911244821509097,0.641605326789294,0.6520821594202661,0.6528960338567106,0.6520821890988295,Thailand
57,0.27504106608720796,0.6554152937646162,0.674719704457819,0.6308847476647831,0.6411795090781333,0.6419266945578107,0.641179533379687,Thailand
58,0.2500258620835183,0.6308122355671166,0.6445589652529213,0.6058947674594615,0.6155917462800807,0.6163877523138892,0.6155917661788038,Thailand
59,0.26749657037182495,0.6472052696059167,0.6636166790024645,0.6246554429703924,0.6334312942832577,0.634250897116788,0.6334313105768324,Thailand
60,0.32488370434866765,0.7063141249953098,0.7193955046977919,0.6823642160756294,0.691592761581547,0.692458137391001,0.6915927749231356,Thailand
61,0.3487276286090808,0.7266531441036637,0.745061630147049,0.7043533062400225,0.7141649686707873,0.7150749131267945,0.7141649795952154,Thailand
62,0.34163672135440226,0.7202187147520375,0.7514094113509728,0.6998653396348569,0.7080177278651043,0.7089771548365169,0.7080177368103007,Thailand
63,0.33102541453630285,0.708378370776044,0.7499426899104071,0.6885503923961123,0.6953145371036333,0.6964909538501475,0.695314544428185,Thailand
64,0.3082582451988736,0.6837121079326889,0.7354670426379631,0.6640477535380155,0.6701524988824682,0.6710313682830609,0.6701525048799952,Thailand
65,0.3344827661324544,0.7095193481459359,0.7560548705723513,0.6874958988503714,0.6952056699185587,0.6958571559003655,0.6952056748294846,Thailand
66,0.34925576548995,0.7234014909604803,0.764100880326959,0.6998911974758988,0.7083321519154457,0.7090678561993001,0.7083321559366353,Thailand
67,0.3013794958209618,0.6727643185692674,0.7098600729648463,0.6503235894843911,0.6597290068963482,0.6603441594909322,0.6597290101889992,Thailand
68,0.2632990563271519,0.632213303752383,0.6644591385098468,0.610649917886541,0.6205659150764872,0.6209552032846585,0.6205659177725926,Thailand
69,0.2781493445818728,0.6451189403013944,0.6723688456579369,0.6245286088400038,0.6339873596466553,0.6342980945566291,0.6339873618542943,Thailand
70,0.2768064442604825,0.6423642019292444,0.6663132619143395,0.622672968072868,0.6322484373529185,0.6325438857217343,0.6322484391605887,Thailand
71,0.3090824740432645,0.6763417815374867,0.6947685098703392,0.655408705157559,0.6647446966281805,0.664972572496679,0.6647446981083462,Thailand
72,0.34025626028985945,0.7045697894636157,0.725967376687647,0.6845057811338042,0.6931898056241295,0.6933196383540317,0.6931898068361264,Thailand
73,0.3409945523188229,0.7019943224188758,0.7310635127434689,0.6845985488129509,0.6922136070145283,0.6924092321425133,0.6922136080069419,Thailand
74,0.33732970079987606,0.6981129880867594,0.7347550049826564,0.6792239504008935,0.6870462988409849,0.68734887682917,0.6870462996535981,Thailand
75,0.29733327777270585,0.6601552730854219,0.7072334506250452,0.6388410130907689,0.6476554559178715,0.6477598070028676,0.6476554565832597,Thailand
76,0.24956333107473763,0.6114484305257215,0.668346694473119,0.5886000458648527,0.5979278195348442,0.5980327973599774,0.5979278200796807,Thailand
77,0.25487015924323575,0.6158582984909694,0.6731739020683484,0.5910853364049126,0.6014303626530744,0.6013779370906374,0.6014303630992003,Thailand
78,0.29793329936234825,0.6588631390232987,0.7102216767040579,0.633352044554186,0.6443856989907562,0.6442177256663513,0.6443856993560553,Thailand
79,0.29632501439890857,0.6559000448532776,0.7019652569264165,0.6333452268265205,0.6434103193929516,0.6434488945338203,0.6434103196920676,Thailand
80,0.24830810140724335,0.6064112337532549,0.6460142313702129,0.585003963395229,0.5955326946199614,0.5956607468333823,0.5955326948648851,Thailand
81,0.2141775039125844,0.5703960693972833,0.6037507679607562,0.5501443986639039,0.5608719725957805,0.561121327344485,0.5608719727963303,Thailand
82,0.2409000421346646,0.5951722047614891,0.624848406830216,0.5757810125246858,0.5865033742057759,0.5868131596608922,0.5865033743699912,Thailand
83,0.2678605479971946,0.6233869326151915,0.6498636397614015,0.602459911394581,0.6125353899686148,0.6128017227402972,0.6125353901030783,Thailand
84,0.30196638839073875,0.6570673972872343,0.6805987000217828,0.6363425366841038,0.6459102581491473,0.6461386803669613,0.6459102582592494,Thailand
85,0.28712062255587634,0.6406688587561782,0.671000723210246,0.6201512373569172,0.6294013955295892,0.6295728915935968,0.6294013956197435,Thailand
86,0.24740347402095308,0.6016541273915799,0.6437842555487192,0.5809255029409264,0.5888661945719978,0.5889380871641862,0.5888661946458185,Thailand
87,0.18929160483314325,0.542622839928282,0.587323261802144,0.5205979294985768,0.528799114454499,0.5288938540871958,0.5287991145149453,Thailand
88,0.1643469285051209,0.5160370476000671,0.5694932094206698,0.4961686131282338,0.5036359332111169,0.5036210867860791,0.503635933260612,Thailand
89,0.15922658345183266,0.5092072109905891,0.5683879341243554,0.4882753452302746,0.49715941353233556,0.4970659167557062,0.49715941357286336,Thailand
90,0.12548062572830676,0.4749947382495465,0.527907039276287,0.45336154983738297,0.46319373462996144,0.4630948373275015,0.4631937346631467,Thailand
91,0.08090788583538111,0.4313604073555126,0.4723102910482189,0.40759084806881873,0.418134075685809,0.4178668268942751,0.4181340757129819,Thailand
92,0.09034741656500755,0.44006758575532234,0.47464667304087776,0.41748636300449415,0.4278151672035885,0.42744802092137507,0.42781516722583834,Thailand
93,0.10705740489890575,0.4540875114860591,0.484683559480878,0.4333525127597125,0.44386174252714494,0.4434834749493135,0.4438617425453637,Thailand
94,0.08851767006763622,0.43415105881462823,0.4602199747833453,0.4151390446754014,0.42543067739938123,0.4249614561351295,0.4254306774142992,Thailand
95,0.0538349755684695,0.39837280688932175,0.4205225746501421,0.38136392046988343,0.3904470920325366,0.3898907066860482,0.3904470920447517,Thailand
96,0.01021261921237987,0.3518286227751109,0.37094269450698825,0.3374997363710076,0.3451894728590709,0.34461382123082185,0.345189472869073,Thailand
97,-0.013322030349709302,0.3254270275479425,0.3488736081135425,0.3132898966292026,0.3199443490133346,0.3194337801090673,0.3199443490215246,Thailand
98,-0.019437496334156534,0.31716026140902737,0.35293650615279526,0.30514401623368237,0.3124742378571037,0.3117855274047008,0.3124742378638099,Thailand
99,0.033868851237560005,0.37016640278596613,0.4124817670660499,0.3569541424049909,0.36531324497231676,0.36468790767932374,0.3653132449778079,Thailand
100,0.05780884198871933,0.39567144249146957,0.44776018182050636,0.3814338259669131,0.3888152687959423,0.3882130745535069,0.3888152688004386,Thailand
101,0.11401289978068385,0.451324073365307,0.5018336857962485,0.43496718793167755,0.443275017164347,0.44294418980772415,0.44327501716802864,Thailand
102,0.1712025184829467,0.5101192907333545,0.5522598324285151,0.4917307441843074,0.49962495950601793,0.4994851505017175,0.49962495950903263,Thailand
103,0.22149275509865113,0.5600870669136133,0.5952269818658543,0.5393406044978193,0.5482981397764843,0.5483358855205663,0.5482981397789528,Thailand
104,0.2358097864040342,0.5746880592809801,0.6057069182096353,0.5534826231199208,0.5629202973458716,0.563120482356166,0.5629202973478928,Thailand
105,0.21887082285053086,0.5558015619121596,0.5808220032382707,0.5337189382607166,0.542938297097636,0.5434323490825328,0.5429382970992911,Thailand
106,0.25502237405811495,0.5934478635875551,0.6109557217965087,0.5704013151935128,0.5793434183349884,0.5797844523244167,0.5793434183363435,Thailand
107,0.2961956116251512,0.6300755239573558,0.6451515100135344,0.6110333968915335,0.6185015248488316,0.6189440381872906,0.6185015248499413,Thailand
108,0.3159666964888316,0.6454316571340526,0.6646994877692121,0.6297519352744861,0.6358670261805119,0.6364627530469511,0.6358670261814205,Thailand
109,0.32164048799445566,0.6495391585324077,0.6773959184645786,0.6353670738193242,0.6411196475117653,0.6418257870824864,0.6411196475125092,Thailand
110,0.3244533452399148,0.6539368066801357,0.6875876833207188,0.6368416325352694,0.6439934329852319,0.6447381759567279,0.643993432985841,Thailand
111,0.3302013642782307,0.6588197430758445,0.6970204326274376,0.6413901595124205,0.6473054096962305,0.6479691493025684,0.6473054096967292,Thailand
112,0.3566694120148721,0.6851398767096353,0.7194185150681902,0.6652125715495234,0.6721911700781313,0.6728169382498115,0.6721911700785397,Thailand
113,0.3325360133948714,0.6626426647049682,0.7002566781867301,0.6420336317982102,0.6481660604720985,0.6486784551816966,0.6481660604724329,Thailand
114,0.25600770807503365,0.586433462133956,0.6211693202290098,0.5635266682079412,0.5709751027471875,0.5714231855018603,0.5709751027474613,Thailand
115,0.21572018381415026,0.5448129566357462,0.57324539613866,0.5201654044517746,0.5285486507819537,0.5290186098849212,0.5285486507821779,Thailand
116,0.22776716915396705,0.557064121276639,0.5810619704885442,0.5313261093478665,0.5402518337785766,0.5407520237461816,0.5402518337787602,Thailand
117,0.26047701521157335,0.5881918813276628,0.6102622613334578,0.5634688911235561,0.572680165835036,0.5733989617201901,0.5726801658351864,Thailand
118,0.27484875795511,0.6020308683623465,0.6221806314721521,0.5781390034621198,0.5875840939216872,0.5884818898274691,0.5875840939218103,Thailand
119,0.27426277755561923,0.6001221787207078,0.6191743090566677,0.5775707204244548,0.586477529898177,0.5873344111423758,0.5864775298982778,Thailand
120,0.2645594461142266,0.5906754550025681,0.6095532901165552,0.5669460426705636,0.5759207964997237,0.5767064690381118,0.5759207964998062,Thailand
121,0.25318665013608643,0.5795789790533961,0.6041595821472214,0.5555869367300854,0.5638049512629713,0.564727540612487,0.5638049512630388,Thailand
122,0.20578498681191237,0.5314640223851801,0.5606902139973641,0.5066742496017436,0.5149664335096589,0.515948506952634,0.5149664335097142,Thailand
123,0.1679285185861608,0.49543347491988143,0.5348511164049046,0.4698209316919692,0.4783692436045251,0.47924897827979657,0.4783692436045704,Thailand
124,0.11605225633519617,0.4435030124470296,0.4860680268763984,0.4180996736801054,0.42574464483669344,0.42656973817707283,0.4257446448367305,Thailand
125,0.12327768594197397,0.44810784153815486,0.4920001112982571,0.42291254998487,0.43023493034884763,0.4309394113782937,0.430234930348878,Thailand
126,0.09603348565237385,0.420619471016823,0.46196320998597995,0.39376292167455956,0.4025277453281621,0.40327586984977665,0.40252774532818697,Thailand
127,0.1023665598332627,0.42386962485259433,0.46168571191882624,0.3972776253043557,0.40699765936161475,0.40759746865907753,0.4069976593616351,Thailand
128,0.11999761853242791,0.4372870989549111,0.47307548844695346,0.4128752529797244,0.4230670476655366,0.42339493385227067,0.42306704766555325,Thailand
129,0.10868746381383132,0.42324513218670407,0.45605802474932305,0.4023642490201075,0.4113280275270956,0.4116374215791262,0.41132802752710923,Thailand
130,0.12593687423320638,0.43914072905233026,0.4687134401281663,0.41940762320727115,0.42804413475383013,0.42831271204170607,0.4280441347538413,Thailand
131,0.11562996977532725,0.4263876125369268,0.4551904513627174,0.4085292672036756,0.4167716406464314,0.4173345644367046,0.4167716406464405,Thailand
132,0.09537735794285068,0.40706809665942517,0.43581714651307074,0.388902931860599,0.3963482295810914,0.3968201431434934,0.39634822958109883,Thailand
133,0.04842977286756689,0.3586515524285144,0.386003956211293,0.34048412086538127,0.3485893268201498,0.34901755658954536,0.34858932682015586,Thailand
134,0.04522076110867779,0.352528531000733,0.38209440503341613,0.33435572046540696,0.34337306178481425,0.3435909060551079,0.3433730617848192,Thailand
135,0.0858948084608755,0.39256272286807015,0.4240625415152327,0.37315127671651904,0.38173205671549254,0.3817516855998024,0.3817320567154966,Thailand
136,0.07144182356738737,0.37925177249230263,0.41410054119939765,0.35748709210052626,0.366726374663672,0.36691603266678857,0.3667263746636753,Thailand
137,0.08432109361742823,0.39011669960922635,0.4278249438530814,0.3687295047048269,0.37646723046583036,0.37665316367577373,0.3764672304658331,Thailand
138,0.11273199762999842,0.4156630006368607,0.45225555880470525,0.39193114205394736,0.40096539603800513,0.40129617942272033,0.40096539603800735,Thailand
139,0.13415516040887676,0.4363360087118932,0.4704894558427499,0.41114955767242944,0.42119909916371523,0.42157117048811693,0.42119909916371706,Thailand
140,0.12802114477393145,0.4243062962674816,0.45468480514656,0.39850580887722953,0.40871942022223295,0.4091403089799614,0.40871942022223445,Thailand
141,0.07447609698582008,0.36480026891789985,0.39165480338555203,0.34321100828048495,0.3519927727414342,0.35255564764362657,0.3519927727414354,Thailand
142,0.031246325336745873,0.3192613425304827,0.34095101903598024,0.2993705858139741,0.30817221622525837,0.30873250600744867,0.30817221622525937,Thailand
143,-0.004820971157286469,0.28123048539321044,0.29583307436821227,0.25923551022444813,0.2682638553297305,0.26883273225514454,0.2682638553297313,Thailand
144,-0.003383135101378887,0.2806502341879464,0.29728071051186716,0.2592433698351236,0.2685709202372707,0.26918241452175695,0.2685709202372713,Thailand
145,-0.027922843316410095,0.25244235093015094,0.2707433968587428,0.23016664733230335,0.2397479932794114,0.2402632742386757,0.2397479932794119,Thailand
146,-0.04320551020469021,0.23162864301476394,0.26187859011443326,0.21091260281739552,0.22028665623227806,0.2206317759659575,0.22028665623227847,Thailand
147,-0.027405642961508936,0.24653023170966226,0.2877756331171839,0.2252812287575994,0.23535077522641834,0.2354906866026624,0.23535077522641867,Thailand
148,-0.00539729873337591,0.2642761628378545,0.3121376887859475,0.24214085362275775,0.25272789241159904,0.2527431972414162,0.2527278924115993,Thailand
149,-0.03841053876870404,0.22945585562058135,0.276387515434695,0.20632935975703526,0.21659395023344663,0.21644042226401478,0.21659395023344685,Thailand
150,-0.0531524748903599,0.20909633510653095,0.2571573072001025,0.18657194737495908,0.1959393898476057,0.19577957457124684,0.1959393898476059,Thailand
151,-0.023858187609700154,0.23187329191732622,0.27676211932419104,0.20812888830064807,0.21770641982769673,0.21756049504845323,0.2177064198276969,Thailand
152,0.002988644793437245,0.2569045304998884,0.2961360061211294,0.2330657362232502,0.24241852261345892,0.24219576572456872,0.24241852261345906,Thailand
153,0.026619234267188485,0.27884673782750935,0.312807991004017,0.25545561663787153,0.2649726047936646,0.26458031418896355,0.2649726047936647,Thailand
154,0.015177871174739344,0.2638075619672831,0.29243882567744006,0.24147150223307656,0.25130684450746615,0.25096171538218254,0.2513068445074662,Thailand
155,0.0027603152579960266,0.24913740695075692,0.272844283470161,0.22577858035862822,0.235724970290909,0.23537499142528823,0.23572497029090902,Thailand
156,0.016275545718131668,0.2581727958514535,0.28194786571008396,0.2356060335953129,0.24564198291185904,0.24506542106659826,0.24564198291185907,Thailand
157,0.026617860525071924,0.2667470950075498,0.289368676974198,0.24322119558330174,0.2530379864996938,0.2523558545092508,0.2530379864996938,Thailand
158,-0.01649913433901684,0.2205037470334355,0.2380352204518388,0.1961924819850495,0.20582982049416826,0.20506124501501674,0.20582982049416826,Thailand
159,-0.03383719581934458,0.1968725290555421,0.22298764429209694,0.17442537510405864,0.1844703422587194,0.18372029134499254,0.1844703422587194,Thailand
160,0.0031049252052022247,0.22767712486150501,0.26314980107280483,0.2061973366606491,0.21677670019293352,0.21611965725508442,0.21677670019293352,Thailand
161,0.004367730740393261,0.2261574154572617,0.2753782800580457,0.20584156125030822,0.2149150893556776,0.21424829323128097,0.2149150893556776,Thailand
162,-0.026438596472405484,0.18986748915550875,0.24799172547214682,0.16873441999185584,0.17819309657410995,0.17759672623549164,0.17819309657410995,Thailand
163,-0.04987768999998643,0.16339136467129728,0.2233299529093627,0.14246218844012343,0.15192449631085497,0.15137428485330404,0.15192449631085497,Thailand
164,-0.03449710715797155,0.17105816387632758,0.22564968420521025,0.15059795503493434,0.15894504108727997,0.1584292114663372,0.15894504108727997,Thailand
165,-0.007952652157002027,0.19262474776454974,0.241108282160042,0.17488475893025004,0.18200140166572404,0.1813974439066784,0.18200140166572404,Thailand
166,0.0036131471735962872,0.20186926379904113,0.2436417741770929,0.18558328736588192,0.19272545053973222,0.19217816948500713,0.19272545053973222,Thailand
167,0.008276728182026183,0.2069320448447301,0.23987301162514146,0.1881837406383537,0.19602832213407417,0.19543010646267453,0.19602832213407417,Thailand
168,-0.026235270622687268,0.16851056874612785,0.1946599009563475,0.14967776047006642,0.15771628833456827,0.1571233992796905,0.15771628833456827,Thailand
169,-0.0725923029062766,0.11806665647777265,0.13967778240519246,0.10149266752900726,0.10891915485178161,0.10818278509999596,0.10891915485178161,Thailand
170,-0.10142849239622992,0.08154637556130762,0.10392138202212109,0.06768114450804269,0.07405617127908326,0.07323128213548408,0.07405617127908326,Thailand
171,-0.06323718644057302,0.11285391653272753,0.1424043284174779,0.10135532075390946,0.10664112375738177,0.10580521617783067,0.10664112375738177,Thailand
172,-0.016008092391383177,0.15882714810888104,0.19345260669910566,0.14579205104670578,0.15062252060664427,0.14969668371437245,0.15062252060664427,Thailand
173,-0.022388475517665152,0.15223727791275987,0.19379861832939527,0.13857512883135847,0.14292576733254614,0.14226920307487895,0.14292576733254614,Thailand
174,-0.020157050154714362,0.15423426334096774,0.2050251194169737,0.13946485235195277,0.1447507787076333,0.14419981710959756,0.1447507787076333,Thailand
175,0.025410215827319838,0.19640165167662857,0.24786929570614016,0.18114008381246716,0.18595648481860677,0.1856414127733596,0.18595648481860677,Thailand
176,0.0748361059881445,0.2402935046597847,0.2888244823877748,0.22498342478746053,0.22979663117499352,0.22975707967973796,0.22979663117499352,Thailand
177,0.12111375534439806,0.2831379682009106,0.32555402662502586,0.26667689992715626,0.27217199606937514,0.27236856681691624,0.27217199606937514,Thailand
178,0.18026521948772434,0.33893340033459807,0.3742429542834433,0.32302644218329196,0.32879963457950157,0.32916226782790675,0.32879963457950157,Thailand
179,0.18574944583662512,0.3401798082645235,0.3672334340732105,0.32424272079658684,0.3295314371348624,0.32994377359942506,0.3295314371348624,Thailand
180,0.15174181624864713,0.3031663667035201,0.3250652306386944,0.28546883283904834,0.29096094049758214,0.2914739477644584,0.29096094049758214,Thailand
181,0.17317064657708586,0.321925801865948,0.34217475146382703,0.30405690250390527,0.309996506544658,0.310437143345914,0.309996506544658,Thailand
182,0.21193958431886362,0.35544023993547,0.37451051419347603,0.3379406095025256,0.3441199274098453,0.3448170278974991,0.3441199274098453,Thailand
183,0.17645787286754094,0.3169946217025994,0.33826150774980107,0.29734581377379365,0.3041628869802559,0.3047782308428115,0.3041628869802559,Thailand
184,0.18098362848905014,0.3198763916111131,0.3416358088911424,0.3000708638087275,0.30636705669350744,0.3070146317015746,0.30636705669350744,Thailand
185,0.1608189313941596,0.29627999818451695,0.3308922064217105,0.2754356958823231,0.2816155347757834,0.2824103631013393,0.2816155347757834,Thailand
186,0.11147938975398736,0.24209262270914758,0.2906053509523112,0.22258867979785604,0.22784872268636758,0.22860272987962296,0.22784872268636758,Thailand
187,0.13351194947701922,0.2577746658055183,0.3049385882456199,0.23835144416455958,0.24491319611192622,0.24564897902751712,0.24491319611192622,Thailand
188,0.1868568517521597,0.30682587634251846,0.3460458073837638,0.2856435053451788,0.29351864145819717,0.2942526238988725,0.29351864145819717,Thailand
189,0.2018229645235181,0.3221464087580902,0.3542531360997148,0.3007146689493326,0.30796128265632794,0.3086190406838627,0.30796128265632794,Thailand
190,0.20810254090894653,0.3269454415390878,0.3535007858255722,0.3036147176574226,0.31179783841785386,0.3125647549190118,0.31179783841785386,Thailand
191,0.20808496402229554,0.32236182696571425,0.3442063980484254,0.2999126722750235,0.3077654658907806,0.3085272026944776,0.3077654658907806,Thailand
192,0.17306763241265738,0.2837238719044707,0.30280997888316813,0.2612731450038339,0.26878925570618734,0.26955192681068396,0.26878925570618734,Thailand
193,0.17828417428621945,0.2860593971561438,0.3038304506388081,0.26332301358062454,0.27009270530364815,0.2708108115725062,0.27009270530364815,Thailand
194,0.1784426004668485,0.2732922801988807,0.2968211994453221,0.2531641218136151,0.25966090037845774,0.260423530978357,0.25966090037845774,Thailand
195,0.19964240598730398,0.2938381517655251,0.31422273291411995,0.27327865847862576,0.2789037882533194,0.279573489381904,0.2789037882533194,Thailand
196,0.2230313995239931,0.31540510343691863,0.33753280193976676,0.2928758324873171,0.2993474824681538,0.29992999385707686,0.2993474824681538,Thailand
197,0.25573877914465276,0.3444763801830327,0.3681804117192059,0.322940418659838,0.3283002510043928,0.32883539221776614,0.3283002510043928,Thailand
198,0.21130568682113982,0.29686595064867005,0.3213397222504992,0.27566784292899854,0.2801213257609259,0.28058844106009767,0.2801213257609259,Thailand
199,0.15913014644642925,0.24322305538718308,0.274700997578015,0.22196990338094472,0.22756445514909326,0.22793115104988118,0.22756445514909326,Thailand
200,0.12794179942295125,0.20616266676171974,0.24135303651989265,0.18480477535836926,0.19136362447999966,0.19164582197923363,0.19136362447999966,Thailand
201,0.139264286767535,0.21593494075292335,0.24842133038011238,0.19483180781891363,0.20193907911230968,0.2021352978579506,0.20193907911230968,Thailand
202,0.1670559395183796,0.23879525561633091,0.270360061918163,0.22029589326409366,0.22710465375869734,0.22752844026302746,0.22710465375869734,Thailand
203,0.15972127216692006,0.22629604170347767,0.2540915697395357,0.20876769283682145,0.2156052987000192,0.2163592916182031,0.2156052987000192,Thailand
204,0.11164061380992868,0.17188794477052416,0.19586003766477122,0.15554301431058337,0.16277156339555732,0.1636966705637216,0.16277156339555732,Thailand
205,0.04943296692596555,0.10134937009149586,0.12206229308261513,0.08554289239185803,0.09331466272255445,0.09411171363783444,0.09331466272255445,Thailand
206,-0.005529442585886224,0.045155652480637465,0.06641631790829189,0.031273542938202614,0.03845954879770913,0.039043789751209534,0.03845954879770913,Thailand
207,-0.0283996612970166,0.01661725402675579,0.050449480233966115,0.004692207092162337,0.010976945548887174,0.011289414289152866,0.010976945548887174,Thailand
208,-0.06582509542477166,-0.023358967447199508,0.013651137461373641,-0.036261428177722654,-0.028882299024499847,-0.028692604122767862,-0.028882299024499847,Thailand
209,-0.018881098392369178,0.02084874921072455,0.051921156278792624,0.006977125698013342,0.015397369853415,0.01548392282125205,0.015397369853415,Thailand
210,-0.022845682610190154,0.01260614331353238,0.036902922353099665,-0.0025770978560246682,0.005222388885216422,0.0057569758871443555,0.005222388885216422,Thailand
211,-0.0776110020454856,-0.04514185666926296,-0.023005985883367552,-0.06061531592997482,-0.0532852335664582,-0.052868997828539765,-0.0532852335664582,Thailand
212,-0.1053089739883607,-0.07555147538600099,-0.05334025967324041,-0.08939014601674405,-0.08270457133311332,-0.08236374704752775,-0.08270457133311332,Thailand
0,0.7649275290725689,0.7649275290725689,0.7649275290725689,0.7649275290725689,0.7792037061449617,0.7649275290725689,0.7649275290725689,Australia
1,0.7658292352761273,0.763821015744201,0.7702596028489035,0.7652309595300345,0.7780818392634286,0.7647277226563444,0.7646921296409596,Australia
2,0.718620487329783,0.7149272981784679,0.7252360014130668,0.7178582498380784,0.7292188358282798,0.7170795763398795,0.7166605491899936,Australia
3,0.6392317024974353,0.6342197158515849,0.6475665693700984,0.6382681495239054,0.6487658461248886,0.6377208031752124,0.6369873559457805,Australia
4,0.5958243931714579,0.589512002044614,0.6145002661912152,0.5943813930159962,0.6041979691901279,0.5943533080020033,0.5931508546517168,Australia
5,0.5638652377790876,0.5569785907697606,0.589443277748564,0.5623696594380868,0.5715564198336037,0.5624128717714623,0.5611952667682272,Australia
6,0.5144307881354757,0.5066847095523298,0.5413859911605773,0.5129274473968612,0.5214007270855789,0.5129651369069553,0.5116829412808884,Australia
7,0.4722224334801995,0.4644633824245355,0.5014331586663416,0.47122164113819803,0.47875957981531264,0.4709569069478508,0.46964521191147235,Australia
8,0.42133324968643576,0.41285666659081055,0.45056004242403325,0.42073817654223955,0.42738325547622685,0.4202407084967752,0.4188348367359766,Australia
9,0.4081458051648253,0.3982044329526705,0.44037548572824414,0.40752101710844035,0.4133328098445735,0.4068603129174271,0.4053151981210143,Australia
10,0.3817823183797713,0.37127709417345656,0.41664625751264894,0.3813223676759951,0.3863223529543486,0.3807303636656497,0.37880258822323154,Australia
11,0.4109685117751614,0.39966918057711787,0.4473929267565381,0.41026406694782935,0.4145768619957293,0.40953120232505014,0.407524030858348,Australia
12,0.44904986382308787,0.43633258595281554,0.4904859159486795,0.44822331325809134,0.4517031600306987,0.44732296501313057,0.4450882686303628,Australia
13,0.49964590461419334,0.4858960566067284,0.5438276009254347,0.4981093483141298,0.5011597846074451,0.49716809450756916,0.49495563943710097,Australia
14,0.5608524823430503,0.5463406516855545,0.6051417437530263,0.5587323519771801,0.5614601408949167,0.5579278508741511,0.55564123700592,Australia
15,0.6345182686604875,0.6183544207010397,0.6800095766179979,0.6315159412603679,0.6338698676891126,0.6306635942273406,0.628412283841586,Australia
16,0.6782225346190972,0.6606396294292516,0.7239925819508918,0.6742318726329943,0.6761524026121734,0.6732053961703701,0.6710337029359154,Australia
17,0.7247475423475281,0.7061960693891849,0.7713227306055808,0.7196520007756126,0.7214251823531042,0.7186475524688691,0.7166243241147835,Australia
18,0.7101298023475643,0.690562419256352,0.7579723079887598,0.7032388966220133,0.7049019739507778,0.7023379543523006,0.7003992210482476,Australia
19,0.7396516174806356,0.7183986484271299,0.7857366352187121,0.7313406776150817,0.7327990828337501,0.7305255415502885,0.728575924661861,Australia
20,0.7202730791179591,0.6969320091167354,0.7628088063297835,0.7103774019459596,0.711246948367942,0.7092815849941299,0.7072860237223167,Australia
21,0.6492645322642074,0.6248295196475774,0.6881513498204509,0.6379776679336124,0.6383622167319298,0.6366503288701403,0.6346472424378687,Australia
22,0.5704508322504495,0.5448967830041804,0.605570794662978,0.5583684724871311,0.5583573849013347,0.556779476852575,0.5548730888744519,Australia
23,0.5369106317552548,0.5099398409654659,0.5725826523660051,0.5244087616235317,0.5239436804310756,0.5228453698087299,0.5206757388944788,Australia
24,0.5186086689233573,0.4906090685878898,0.5568328605623138,0.505666321766969,0.5046600094714002,0.5036787952739585,0.5015949880713186,Australia
25,0.5687116727521726,0.5395927762417118,0.6094036913968872,0.5549021258547763,0.5535985980363292,0.553138712147113,0.550723896614118,Australia
26,0.5724434462975317,0.5414879641273644,0.6189339102886869,0.55765961526156,0.5560758160618197,0.5559180666882378,0.5533796168553009,Australia
27,0.5832478251850621,0.550551716849413,0.6345635755263818,0.567435214163233,0.5653786526962408,0.5654184977860314,0.5628498717574396,Australia
28,0.627516265735011,0.5934038196911968,0.6801632010648392,0.6112505123281801,0.6084012316839921,0.6089914494850808,0.6060294733135485,Australia
29,0.6126794398107558,0.5769831884597316,0.6634374662419579,0.5955275828284252,0.5924771267755788,0.5930783502254598,0.5902526407865173,Australia
30,0.6550089083718207,0.6186171764171902,0.7034073065322756,0.6375957933949805,0.6345178265247016,0.6354323679119163,0.6324314681598713,Australia
31,0.7105810412638521,0.6741534874554971,0.760447562322587,0.69312687729538,0.6896566778040192,0.6906753396860016,0.6876998701424284,Australia
32,0.7180570226712366,0.6804278881743436,0.7670349677691335,0.6990071958469831,0.6956703980592679,0.6966336163307413,0.693835096756765,Australia
33,0.77123733970539,0.7325319122236841,0.8163542816725949,0.7510431806805654,0.7475604736735213,0.7484429649327593,0.7458391338928756,Australia
34,0.7538282585675984,0.714655547067898,0.7942070095552147,0.7322252989721192,0.7287788239313087,0.729514128105103,0.7271643693257391,Australia
35,0.6951547998143863,0.6549621727956668,0.7318571374587577,0.6721345549928843,0.6687368032589125,0.6698656826444266,0.6672225968815598,Australia
36,0.61244979165359,0.5715967395355093,0.6454164152196781,0.5882518993216014,0.5846669910723512,0.5864203476016024,0.5832468080921016,Australia
37,0.6411104964682048,0.5989764003138672,0.6712419716939102,0.6156538123777292,0.6119664164113254,0.6141715743313256,0.610634418522823,Australia
38,0.6620083702078701,0.618780937334753,0.6917418006826836,0.6350554026379701,0.6315063163714388,0.633968106016062,0.6302570277940871,Australia
39,0.6995554165665083,0.6550134204779996,0.7281493721315588,0.6711772106342602,0.6676984893821398,0.6702353861838093,0.6665267743494261,Australia
40,0.7475096255698056,0.7015856232819037,0.7749643730837487,0.7184204950675345,0.7143007329503688,0.7166727126038814,0.7132017745969692,Australia
41,0.8127355250859171,0.7648453450917438,0.8388350913103904,0.7823244207584765,0.7781773943798276,0.780419535673414,0.7771466749397008,Australia
42,0.8207442098315006,0.7712568003807826,0.8476795287123835,0.7889927558275747,0.7848393990347218,0.7869300751764002,0.7838726812687857,Australia
43,0.7930274408377213,0.7418669550321826,0.8192645158802064,0.7598112987239746,0.7557783491095653,0.7577279216687494,0.7548716588866067,Australia
44,0.7548016107028733,0.701801506553539,0.7821985739743599,0.7201049291461459,0.716210488228832,0.7180103113158051,0.7153600981880399,Australia
45,0.6852979276748877,0.6316230301828123,0.7104343714404998,0.6495144318360864,0.6453668849170395,0.6472934553960838,0.6445692991450007,Australia
46,0.6298490955225126,0.5743422105690618,0.6519059374796012,0.5925955134468799,0.5883364464022819,0.59033760867189,0.5875883860614457,Australia
47,0.6294256404148748,0.5730501100750699,0.6532616367376858,0.5910288215258714,0.5865920371380557,0.5889000394541652,0.5858904269875869,Australia
48,0.6000444195614444,0.543015337096703,0.6252001640515746,0.5604222333148715,0.5558906638566724,0.5580988494995793,0.5552326196102808,Australia
49,0.5314227905181237,0.4717036108474724,0.5517494303344762,0.4892758881856952,0.4844876413718539,0.48664300007321465,0.4838704578406298,Australia
50,0.5003662761263906,0.4380053150415285,0.5208036051125726,0.4556124404354099,0.4507412200410677,0.4531775768071358,0.4501623600125772,Australia
51,0.44094554527317426,0.3750306770958376,0.4584222501761431,0.39249244853260057,0.3878229478303521,0.390519495943662,0.3872800316382764,Australia
52,0.38999173139977705,0.32020057264764584,0.40345672076839656,0.33748039900107163,0.3329389948989631,0.3360118673392382,0.33242979064040235,Australia
53,0.3327487273137099,0.2594287493135077,0.33969908814164185,0.27626197034806554,0.2718474468386087,0.27480846535493825,0.27136986119883416,Australia
54,0.27487786466482533,0.19811694571044391,0.27633629292404915,0.2144969926018498,0.21028579055074675,0.21306294706256085,0.2098378601976827,Australia
55,0.22035385898246265,0.1399381718053613,0.2152771096351201,0.15635691855270056,0.15205650252548528,0.15469066777858498,0.15163638603854313,Australia
56,0.23962703179301337,0.15496173235206226,0.2325366126742065,0.17220678117968496,0.16777324761551188,0.17061542459961437,0.16737921791559696,Australia
57,0.24109930327742515,0.15167774261084382,0.22955409560425644,0.1696162000232917,0.1650977065169225,0.1681435101324794,0.16472814376649317,Australia
58,0.27994578171115947,0.1877789747109145,0.26572792152875746,0.2049185279098143,0.200378814696005,0.20368497805685484,0.2000321996399969,Australia
59,0.3136606158342304,0.21754060500612588,0.29784602805857185,0.23484938347791792,0.23034355813665117,0.23367568548872045,0.23001846585689098,Australia
60,0.38855145313115436,0.28853363888617867,0.3668636612705347,0.3057395521530881,0.301229832555023,0.30475382243393295,0.3009249266124572,Australia
61,0.40897241172208426,0.30463389680182346,0.3862080917016113,0.32138680080512805,0.31675778266390753,0.3201869752492113,0.31647180960456406,Australia
62,0.4341106914958387,0.32206562352516527,0.4069077815635104,0.3387911836277324,0.33430167353476103,0.33771471373449924,0.3340334577368593,Australia
63,0.39710451804353164,0.27777166504835393,0.3608468913946113,0.294766013031586,0.29025390033081916,0.29354515665413633,0.2900023391718442,Australia
64,0.34218074793012415,0.21617377978788715,0.2984604498722847,0.23280065571501746,0.22823844181268,0.2320055945748804,0.22800250113655318,Australia
65,0.3169375455084546,0.183473232103331,0.2676651358529636,0.20147789834813093,0.19626268170223352,0.20031242944153022,0.19604139156794567,Australia
66,0.34409344750281173,0.20370709011582697,0.29046915113340316,0.22147088372367713,0.21645430398034676,0.2204271961130096,0.21624675467457627,Australia
67,0.41704316531974783,0.2691815396411853,0.3547681058767749,0.28634879827917514,0.28132896849998157,0.285246643387672,0.2811343067973058,Australia
68,0.4766726812811659,0.3212693625237057,0.40669385305410277,0.33844824611352,0.33346606677480645,0.33733308635617676,0.33328349243013233,Australia
69,0.452442920126053,0.2911296679205291,0.37530885108332623,0.3083919100004824,0.3033462290698116,0.3069471240937952,0.30317499152860555,Australia
70,0.4354905922975286,0.26849200422931907,0.3498764958745323,0.2852878894744778,0.2800573458297633,0.2834277972637159,0.2798967411425569,Australia
71,0.4121681406557783,0.23889469484273848,0.3188633561192479,0.25545650640759526,0.25006080548288906,0.25325435538632984,0.24991017341137609,Australia
72,0.39066740926523696,0.21159870570144595,0.29216784543621316,0.22835222886002932,0.22278773841157082,0.22651027573511145,0.22264645971439845,Australia
73,0.37238360921346914,0.187066827024173,0.2744704054870954,0.2043534170433142,0.19868392195056755,0.20257224951530756,0.19855141583766447,Australia
74,0.4007903454599066,0.21104059951563967,0.30150693354497493,0.2279159566686287,0.22211936189676743,0.22644271507321417,0.22199508364174317,Australia
75,0.42354928904126027,0.2274285297869813,0.32062393127116906,0.24482870742501034,0.238834926596248,0.24320960057870922,0.23871836529704843,Australia
76,0.38558574781553157,0.18386946262533702,0.2766072196564758,0.20184252173204575,0.1953657087819697,0.20028023598637965,0.1952563852605826,Australia
77,0.32931174077142583,0.1219853533483299,0.21117570449720346,0.14041171484276693,0.13368423010645222,0.13889136214062853,0.13358169493902913,Australia
78,0.3699421080755123,0.15768157542934055,0.2455131224854716,0.17555103092014596,0.16908045461146776,0.17422456717861096,0.16898428628076378,Australia
79,0.4441081485772457,0.22751127291200857,0.31718030550415943,0.24529886860524536,0.23890591491522256,0.24441604113918194,0.23881571807775875,Australia
80,0.42836692352785877,0.2085810833583407,0.2969300347454667,0.2257372984048857,0.21941852174239418,0.22483281275390574,0.21933392560321902,Australia
81,0.3601618294050847,0.13657555576086286,0.221037222015397,0.15379994125301666,0.147456209225234,0.1531028702207291,0.14737686601360295,Australia
82,0.3606110649595292,0.13339117209517473,0.21820083251139283,0.15051605164729245,0.14421908410289913,0.14957805900877358,0.1441446676426054,Australia
83,0.4146210368646902,0.18283275390712908,0.27085896671972204,0.20051869422493124,0.19436548770405776,0.19962197030666126,0.19429569207253727,Australia
84,0.39843782052579346,0.1634577612865574,0.24970555634105773,0.1813612549258329,0.17528960463067458,0.180563017079922,0.1752241429013729,Australia
85,0.4093469927622079,0.17173749208719055,0.256309206088382,0.18966192536163412,0.1836481715517221,0.18899982016676875,0.1835867746145526,Australia
86,0.4182440682155105,0.1773952672379911,0.2636530846082622,0.19620716386612902,0.18990935393144165,0.19507162577494894,0.1898517693864868,Australia
87,0.4485985388144558,0.20522794593178825,0.2921857842379939,0.2245698973547471,0.21836015788248056,0.22365149519261027,0.21830614900238768,Australia
88,0.5083887276305864,0.2638841248436129,0.35178686459216146,0.28283798118741077,0.27677099581776,0.28222568430800543,0.2767203405745663,Australia
89,0.5463006635369374,0.30162828543654874,0.3917514040615988,0.3208802626399893,0.31477000162786417,0.32036454252059526,0.3147224917802502,Australia
90,0.5835254025794061,0.33778910323421457,0.429554159837948,0.3572900718219357,0.35093929840500127,0.35698766246077024,0.3508947386422207,Australia
91,0.5575977810854811,0.3121481015889005,0.4046241543732791,0.3310169427025001,0.3245091024498922,0.33060789370634824,0.32446730958885855,Australia
92,0.5294480595978909,0.2825115340594417,0.37593675119418324,0.30198465648549305,0.2953194606305159,0.3011627565308962,0.29528026286274556,Australia
93,0.5844597276658784,0.33463971445143625,0.42832755385875154,0.3544624810699112,0.34781256657210813,0.3535588165843917,0.34777580275742354,Australia
94,0.6648052137262361,0.41456787261812744,0.5055755694375805,0.4341386731766175,0.42758275882952845,0.43283693082580676,0.4275482778336186,Australia
95,0.7153383991638256,0.46410909866867667,0.5561496606747314,0.4840627638826369,0.4777388165209253,0.48261686084397337,0.47770647659403975,Australia
96,0.7198970902637681,0.46932631739372765,0.5650874633517198,0.48888365466589867,0.4828372374531916,0.48736359970218057,0.4828069056474138,Australia
97,0.7049254270798602,0.453293630615042,0.5534122239163389,0.47313802483062906,0.4672346843873073,0.4714632044089083,0.467206236010012,Australia
98,0.7099920689720499,0.4577256408498561,0.5623080354995722,0.4779174372825591,0.4721969419713091,0.4763546240921167,0.4721702600725568,Australia
99,0.7669467136752038,0.5139129562969509,0.6194231649629923,0.5345915970347336,0.5288912403616991,0.5328227197035167,0.5288662152534606,Australia
100,0.8120578065915521,0.5576895802455024,0.6647868095108539,0.5783029999219464,0.5726210473198483,0.5762354388810292,0.5725975761250819,Australia
101,0.8736794988360965,0.6200180223564271,0.7240775952566763,0.6403964235126037,0.6347341037032475,0.638114302275505,0.6347120899329768,Australia
102,0.9416982713484107,0.6883603735816858,0.7883164396588263,0.7085157812452203,0.7029700640099109,0.7060994012587235,0.7029494171665631,Australia
103,0.9966037771742506,0.7436273583374846,0.8425986463611416,0.7635048567080531,0.758160493364084,0.761075151624157,0.7581411285694581,Australia
104,1.0556937699177196,0.8031324602052711,0.8980098594480601,0.8220586213285113,0.8168679428955398,0.8195205573571819,0.8168497805418772,Australia
105,1.1168015462225025,0.8649325654577933,0.9548856967281154,0.8837558748217793,0.8786728134978796,0.8810140329132068,0.8786557789205998,Australia
106,1.15272515215942,0.9014638620506172,0.9894264688257649,0.9196058295334874,0.9146816754188579,0.9166633855931503,0.9146656985896157,Australia
107,1.1443023355643909,0.8945392070850045,0.9830848231428045,0.9118904086411717,0.9070698173875715,0.9088630179560556,0.9070548326263741,Australia
108,1.1010596387403297,0.8526085662938965,0.9413731952518809,0.8698039456819722,0.8650750543100714,0.866725563613516,0.8650610000152712,Australia
109,1.026293315266813,0.7785017249386914,0.8668620025448116,0.7956835305823471,0.7909106223479948,0.792335872471061,0.7908974407430477,Australia
110,0.9826969267280656,0.735105459945657,0.8297235225270267,0.7530226020319768,0.7480411950254869,0.7493305389133365,0.7480288319214358,Australia
111,0.9579528355000355,0.7107386677622012,0.8128093180970352,0.729172139311562,0.7243038122804163,0.7253639858979244,0.7242922168531224,Australia
112,0.9574211185606533,0.7117733533361781,0.8181509888502908,0.7295897187847895,0.7248787367525669,0.7257951492856777,0.7248678613337747,Australia
113,0.9326607661471795,0.6878282412933566,0.7940102814885713,0.7056202550951975,0.7009126442709398,0.701908761926939,0.7009024441523148,Australia
114,0.9634186592927254,0.7198045710372425,0.823964121873945,0.7385225702825481,0.7334713622365202,0.734433566865258,0.7334617954858551,Australia
115,0.9619865570472181,0.719841242239079,0.8223522148092901,0.7388177478244842,0.7334845985847058,0.7343126917828346,0.7334756258735391,Australia
116,0.9638049548030806,0.7244335454539679,0.8251488556209421,0.7433267551149964,0.7380799698693885,0.7387803512831737,0.7380715543113271,Australia
117,0.9761605975614793,0.7392700178153339,0.8380731619118489,0.7584041370160851,0.7530401522739151,0.7536424748992774,0.753032259272996,Australia
118,1.0230720889333822,0.7871681335076505,0.882108623583381,0.8065282031687956,0.8010542963362148,0.8015646490528086,0.8010468934446829,Australia
119,1.0735104813891636,0.841204455059441,0.9345925472645565,0.8606849629776343,0.8551259717669785,0.8555613965688269,0.8551190285518954,Australia
120,1.0485778000981256,0.8179246570915504,0.9123963249618564,0.8364485721664451,0.8310830909752929,0.831484567383124,0.8310765788934282,Australia
121,0.9907957408797764,0.7606282859838511,0.8603144987302437,0.779497605913662,0.7742980244897644,0.7745987876217495,0.7742919167702563,Australia
122,0.9768316242239194,0.7487651328439863,0.8497161029605252,0.7675447194851095,0.7624873205908839,0.7626223092598875,0.7624815921251852,Australia
123,0.9818729762377192,0.7534900370091826,0.8531414387894422,0.7730708667770441,0.7677614906873665,0.7678386570825662,0.7677561179260244,Australia
124,0.9815648896618744,0.7538486125217073,0.8531770935244718,0.7741372474892578,0.7686464275202329,0.768644019789913,0.7686413883760784,Australia
125,0.9390431690144212,0.7136135647014282,0.8198582048284403,0.7343216722186773,0.7285431997734652,0.7284375193057675,0.728538473530814,Australia
126,0.888238026361892,0.6623245485986667,0.7737004098393413,0.6840897994394307,0.67765094259668,0.67757372713962,0.6776465098261714,Australia
127,0.8121037059058033,0.58688935531026,0.6969517825722434,0.6088427083309842,0.6022471352317598,0.6023580938403402,0.6022429777104827,Australia
128,0.7398884748818233,0.5155844029060414,0.6225901861243139,0.5374239451106496,0.5307982785216714,0.5318457715660336,0.5307943791582517,Australia
129,0.6785396912029944,0.45520654310583436,0.5592471240609278,0.4775279547928108,0.4708992782550534,0.4720886376561272,0.47089562101939164,Australia
130,0.6763445010509603,0.4529845702474955,0.5574683548136008,0.47520882160289035,0.4686018554495538,0.4699018222943854,0.4685984253069263,Australia
131,0.6979252243557238,0.47517424644237843,0.5792528733646113,0.4968775863882054,0.49016791598429926,0.4919320476669852,0.49016469883355146,Australia
132,0.64984430516484,0.4290475371919463,0.5310939107705571,0.4506697044328406,0.4439413466109363,0.4454331421407475,0.4439383292265128,Australia
133,0.6578130553818672,0.4384346334613481,0.5396936932985911,0.4603079698451454,0.45356808049070213,0.4549101964145426,0.4535652504682776,Australia
134,0.6818029695216773,0.46363860168729315,0.5694091937915295,0.4860431425244844,0.47927547082626937,0.4807040571586775,0.47927281653175496,Australia
135,0.7227324877481329,0.5059055927183947,0.6131859020829666,0.5291291843675078,0.5220594854727759,0.5234031901823936,0.522056995994492,Australia
136,0.7806908135990519,0.5649263650157846,0.6722607021424258,0.5878477602245701,0.5808637141749661,0.5821468199529425,0.5808613792787846,Australia
137,0.8180142854968439,0.6043387529428561,0.7131458226670566,0.6269512265583039,0.620117668918779,0.621299150096117,0.6201154790060516,Australia
138,0.8101363755051274,0.5992952265950939,0.708918145873923,0.6209575259312842,0.6142940355249736,0.6155200873964964,0.6142919815930723,Australia
139,0.7467159342496597,0.5370339975776045,0.6440938074655657,0.5583366480530033,0.5518256502820541,0.5532106182670722,0.5518237238873615,Australia
140,0.7189849625458044,0.5128373806247214,0.6182392254813598,0.5338677132977941,0.5271806068965154,0.5289734782411443,0.5271788001197135,Australia
141,0.6898113610465675,0.4853471488338387,0.5928467612845135,0.5069383528986425,0.5002515408911993,0.5020618386888931,0.500249846304714,Australia
142,0.6421240228761751,0.4377668251493221,0.5434161855947381,0.4592406006825078,0.4525575980248468,0.45453673435939157,0.45255600866231277,Australia
143,0.6691059846348228,0.46716019130899766,0.5694180627465054,0.48814173733726707,0.4814826891466888,0.4837741180251483,0.4814811984743115,Australia
144,0.7423873045283339,0.5402574188248386,0.6397466433051395,0.5613088237979131,0.5547183792720538,0.5571659073950678,0.5547169811617494,Australia
145,0.7951659140725366,0.594323161849763,0.692098235665351,0.6155051189656567,0.6092410726747941,0.6113756975674326,0.6092397613789968,Australia
146,0.8295440107559071,0.6312943184192108,0.7285447156623712,0.651527958381106,0.6455798430911871,0.6473447600582105,0.6455786132192216,Australia
147,0.833351591321283,0.6348126520738634,0.7372857158741598,0.6543850682214555,0.6487896960374757,0.6504318128220367,0.6487885425333964,Australia
148,0.7575740111984676,0.5600490424362092,0.6618795519925251,0.579783391784041,0.5744008276454786,0.5758682178444434,0.5743997457672845,Australia
149,0.7171309387805396,0.519509727529041,0.6213232914834597,0.5398131304855951,0.5344480177370847,0.536015404048626,0.5344470030372255,Australia
150,0.6874671294029312,0.4909738699040834,0.5957937811373879,0.5115968718163808,0.5057313594090199,0.5075082578150669,0.5057304077161122,Australia
151,0.6421954745210305,0.44826307867861664,0.5536469909262685,0.46844470178562064,0.46232270498581546,0.46459265321427506,0.46232181238749454,Australia
152,0.6141307068280522,0.41947423650579,0.5265256885227048,0.4398374375798439,0.43348737950981414,0.43606433167129655,0.43348654233665035,Australia
153,0.655216082278937,0.4587963463811178,0.5658918553909756,0.4797148011153825,0.4733627133416746,0.4763240675496344,0.4733619281520885,Australia
154,0.6708657764713625,0.4737413917722275,0.5808738343522528,0.4944296913181976,0.4881211679454309,0.49106198257992334,0.48812043151154505,Australia
155,0.6149333122490795,0.41776002510906013,0.5212970881467015,0.4379309315349323,0.43167769224657626,0.4345105515446685,0.4316770015409456,Australia
156,0.6406093455333335,0.44433712392404856,0.5453200240165541,0.464557226829621,0.4581333832725504,0.46129738695986006,0.45813273545571664,Australia
157,0.7044817021397018,0.5090367053588578,0.6087735494867174,0.5292696701523432,0.5227369854157042,0.5259444622358219,0.5227363778245229,Australia
158,0.7314197661381125,0.5373597920748514,0.6388014464800396,0.5576048201079199,0.5509700525950587,0.5542183031196299,0.550969482731751,Australia
159,0.6880065237363485,0.4949140393760509,0.5977062749593461,0.5158381917309766,0.5090150667122155,0.5122086220236187,0.5090145322341002,Australia
160,0.6791184111513547,0.4874155998905964,0.5936696147074035,0.5090187858402403,0.5019819923958895,0.5052512987555343,0.5019814911057522,Australia
161,0.6566647875506139,0.46637331546591776,0.5783501250779602,0.4884741245083204,0.4810245544980608,0.4841960595381725,0.48102408433512145,Australia
162,0.5933469524923436,0.40464410527427447,0.5166479142855765,0.42761847652415796,0.41975977537319537,0.42298057671670874,0.41975933440463625,Australia
163,0.5514257824442006,0.36369848152805523,0.47801542191180746,0.3874200412651986,0.3792768474557511,0.38261372976205743,0.37927643386877125,Australia
164,0.5650219256386841,0.3804231044979849,0.4957232984191203,0.4030599440009583,0.39503414463195624,0.3986559792480744,0.3950337567263191,Australia
165,0.5323140841015654,0.34955084871728503,0.46451808781413273,0.37188771647424046,0.3639471528457129,0.3679014617896438,0.3639467890267566,Australia
166,0.5709648299736488,0.3904118983654902,0.5022029740016009,0.4118240695849914,0.40395565947701084,0.40815998609463355,0.4039553182490928,Australia
167,0.5455717703461758,0.36622997466964907,0.4735678302027548,0.38783275435226566,0.38016093889770997,0.3843850347825783,0.3801606188580583,Australia
168,0.5222954838492258,0.3448098473190652,0.44888413676861905,0.3662177620183127,0.3587086312273043,0.3627108895779509,0.358708331060251,Australia
169,0.5286851854080203,0.35378695892309553,0.45539460174003044,0.37448504688561485,0.3668902749816831,0.37097569398212404,0.3668899934532556,Australia
170,0.5882530496445281,0.4157554309313566,0.5153755498126547,0.4359302387354521,0.42830125590209533,0.43260222419488503,0.4283009918549435,Australia
171,0.6670741201705905,0.49656926108692945,0.5944253136034798,0.5161967942131332,0.5089322181316214,0.5131136336609023,0.5089319704802598,Australia
172,0.735507181338663,0.5660378970317484,0.6653527024278014,0.5862338988517003,0.5791440091004955,0.5829923146979533,0.5791437768268412,Australia
173,0.7831194065211606,0.6154502227072509,0.714025766717514,0.6351977416035983,0.628505737153797,0.6320928692961998,0.6285055193029838,Australia
174,0.84833121959793,0.6822639188405197,0.7771501734377154,0.70183509426697,0.6954396409935041,0.6987503104829015,0.6954394366699576,Australia
175,0.9059774226530934,0.7412388221422742,0.8322344102826895,0.7610433307357987,0.7549446684981526,0.7580028292657063,0.7549444768619084,Australia
176,0.9054654262201199,0.743522807866447,0.8335081463222471,0.7624025289975823,0.7565009616667152,0.7593692284617213,0.7565007819299656,Australia
177,0.910381336150623,0.7508352117316583,0.8423138065595398,0.7692550011928558,0.7635191761226474,0.7661344430002605,0.7635190075465033,Australia
178,0.9046284428778664,0.746476658697659,0.8397542802942908,0.7649392828215917,0.7593319373529631,0.7617648955350228,0.7593317792444156,Australia
179,0.9081892578947343,0.7514858263219464,0.8443249141397062,0.770606174547362,0.7649297416644174,0.7671340587703839,0.7649295933734899,Australia
180,0.9110195024253679,0.756297885392711,0.84967403419427,0.7756665610188507,0.7698329339802952,0.7718061565739209,0.7698327948973706,Australia
181,0.9470587076521897,0.7947826444195204,0.8880191400326202,0.8135502290077762,0.8075727035147586,0.8096528270048794,0.8075725730680736,Australia
182,0.9525206216602836,0.8015699453066402,0.8977916822467128,0.8207392024348137,0.8149544740156265,0.8168457554687438,0.8149543516689209,Australia
183,0.8702439763733475,0.7210124224588889,0.8149484897676751,0.7401510297313425,0.7345596951458352,0.736165408121972,0.7345595803961474,Australia
184,0.81678649916477,0.6691891957039906,0.7621203280541285,0.688157673972098,0.6826235659168765,0.6841856316467362,0.6826234582924762,Australia
185,0.8489725087933575,0.7033236926985529,0.7961229395082875,0.7227376976228967,0.7169674531558237,0.718763244127953,0.7169673522142719,Australia
186,0.8436376320962701,0.7003257667184754,0.7928563657769192,0.7197462895473946,0.7140625715926638,0.7157825590895628,0.7140624769189945,Australia
187,0.8641353135752243,0.7237048480357107,0.8155310450252251,0.7434605753133107,0.7377327998022468,0.7395618920403577,0.7377327110072609,Australia
188,0.8698122298505067,0.7327001096408017,0.8248926254886338,0.7522151415861092,0.746628931626752,0.749267620122127,0.7466288483454175,Australia
189,0.9098516811337118,0.774642067595115,0.8641795420612006,0.7937360366032935,0.7879008236388593,0.7904670638624739,0.7879007455288105,Australia
190,0.921630932003776,0.7874956234612004,0.8776974707924421,0.8069603832655194,0.8009984315086193,0.8033846330131136,0.8009983582487497,Australia
191,0.8518371232510281,0.7206676392595728,0.8096473717666394,0.7397015807762934,0.7337406667614995,0.7361179229115864,0.7337405980506412,Australia
192,0.7813235994362847,0.6524335178804539,0.7379864392017405,0.67145756117243,0.665443269727711,0.6678074134322056,0.6654432052833967,Australia
193,0.7266096526492757,0.5995915666037052,0.6816497374126764,0.6188275655292226,0.6127266193244802,0.6151728254006782,0.6127265588817825,Australia
194,0.7105317356990166,0.587460669966148,0.6710558318281107,0.6061302608629346,0.5999027494134932,0.6025755815995857,0.5999026927239349,Australia
195,0.7104755190524683,0.5888576845408269,0.6776928706602411,0.6078668759576019,0.6014365294775609,0.6048157549052258,0.601436476308094,Australia
196,0.6888209803200439,0.5691657370483755,0.6643512860469555,0.588481030296198,0.5820042544001172,0.5855057269118896,0.5820042045321646,Australia
197,0.7001225176749096,0.5817489974273151,0.6797385310444432,0.6020977296591976,0.5952276221175687,0.5992996028045445,0.5952275753461256,Australia
198,0.653723107702103,0.5360576202448112,0.6323698473066425,0.5570082658183914,0.549899711555065,0.5541821094508176,0.549899667687856,Australia
199,0.6236724438325704,0.5063360653388215,0.6012566742809774,0.5271309314969315,0.5202854604054205,0.5246218236353789,0.5202854192621096,Australia
200,0.6515212099762392,0.5358375997377375,0.6328387112485911,0.5557224320034609,0.5491933152294627,0.5534177268647923,0.5491932766409117,Australia
201,0.7082007603174396,0.592543667705308,0.6909168123271696,0.6123970734146172,0.6058915290392519,0.6105879144039765,0.6058914928468252,Australia
202,0.6755422021904685,0.5610445567842424,0.6568626992156162,0.5802406762367174,0.573737806474669,0.5789507607524685,0.5737377725295812,Australia
203,0.612554786718692,0.49919250027432704,0.5922042511841651,0.5176556812727431,0.5111426573859996,0.5161733794770422,0.511142625548704,Australia
204,0.6015895292451372,0.4885706234124182,0.5834737314480178,0.5073941434957498,0.5007889743310204,0.5060966008999759,0.5007889444706355,Australia
205,0.5695236175913775,0.4586332212587912,0.5541977155413196,0.4775967007528965,0.47083987667691524,0.47628601479952914,0.4708398486706863,Australia
206,0.611967944950506,0.5010626813778852,0.5942629559241658,0.519730968800541,0.5129141431134943,0.5185335159177312,0.5129141168462891,Australia
207,0.6489098041785686,0.5393191185818176,0.635616294752211,0.5584229429872991,0.5516206876551848,0.5569310822591553,0.5516206630190201,Australia
208,0.6578714809768237,0.5475999322796252,0.6509667758712875,0.5671829490525929,0.5605318146340916,0.5656393912745082,0.5605317915276893,Australia
209,0.6328673090030099,0.5239080904519134,0.6327811711682803,0.5432185015962374,0.5367797809876371,0.5422461773690921,0.5367797593160079,Australia
210,0.5980448221779948,0.4907607625129019,0.6008423349782986,0.5098027608651035,0.5037002348100491,0.5091727269014428,0.5037002144841018,Australia
211,0.5627666219207935,0.45648932886254384,0.5650642969945272,0.47618899516808616,0.46997552690609445,0.4753857491403479,0.46997550784227016,Australia
212,0.5489705657582534,0.4433807419819027,0.5544203689421795,0.4634701386890112,0.4569055037896509,0.4621190979083367,0.456905485909579,Australia
0,0.822150949664067,0.822150949664067,0.822150949664067,0.822150949664067,0.8401744465308707,0.822150949664067,0.822150949664067,ArabianPeninsula
1,0.8463932059193497,0.8660311464342814,0.8679069464468738,0.8639371133924358,0.8756874801936467,0.8671283764226296,0.8674342315194108,ArabianPeninsula
2,0.8802535445686135,0.907004850316794,0.9092474702654412,0.904350165870965,0.9127030362082534,0.9073806978339953,0.9089237410924297,ArabianPeninsula
3,0.8640466444940305,0.9039874563096362,0.9065396828221448,0.9007320636913158,0.9079147922781431,0.904668409594835,0.9061841923487993,ArabianPeninsula
4,0.8699831076575685,0.9197908571352481,0.9221371976935062,0.9174630759808577,0.9225640037393739,0.9197883576570229,0.9217715342381421,ArabianPeninsula
5,0.8731850031785782,0.9236785655307255,0.9266953628545378,0.9223385056287753,0.9263465120345992,0.924074792492036,0.925983627522856,ArabianPeninsula
6,0.8721098556504033,0.9225398431085657,0.9251220349999312,0.9210995475920077,0.9249265611095389,0.9230496718077749,0.9247603904636549,ArabianPeninsula
7,0.8727916362217305,0.925020468736482,0.9290540219788209,0.9231753130776561,0.927603572783537,0.9254678432505512,0.9275274805760717,ArabianPeninsula
8,0.8550462062572559,0.9078439784667292,0.9106310844733604,0.9057814267576463,0.9099666932626376,0.9084338822332872,0.9099318494187918,ArabianPeninsula
9,0.8588924825552529,0.9164589313146526,0.9191279718989265,0.9135036845216327,0.9188357835568484,0.9172445050032226,0.9188198280011564,ArabianPeninsula
10,0.8213612747165177,0.8770250292518653,0.8789507299653733,0.8727052105329955,0.8785658650286219,0.8757936656128529,0.878558558723423,ArabianPeninsula
11,0.8231024188044717,0.8780003928932125,0.8804920991974166,0.873799255369881,0.8798537092810621,0.8758776052122145,0.8798503636065717,ArabianPeninsula
12,0.8069955042197925,0.8571558720224824,0.859354921786933,0.8521442991764707,0.8586622368501192,0.8563641921059842,0.8586607048120383,ArabianPeninsula
13,0.8102254390845283,0.8592683031530806,0.8615416810004449,0.8550494837676612,0.8611139738644507,0.8596127445524093,0.8611132723196087,ArabianPeninsula
14,0.7824594070713153,0.8343318143383535,0.8374299350257773,0.830876743454208,0.8365911467715785,0.8349008265310016,0.8365908255229285,ArabianPeninsula
15,0.809043008303634,0.8617635478793767,0.864193238462151,0.8583224116490694,0.8639562739947116,0.8622970638551763,0.8639561268897955,ArabianPeninsula
16,0.830704555671452,0.8816295256304715,0.8840161632675037,0.878440924822736,0.883758535469306,0.8827417807661477,0.8837584681076025,ArabianPeninsula
17,0.8125574760974728,0.8669781947433006,0.8690938838093236,0.863254330707315,0.8687584628855183,0.8676932105774544,0.8687584320395123,ArabianPeninsula
18,0.8186446941046754,0.8721851855009914,0.8769536506428017,0.8690521823149235,0.874454907432044,0.8728101859015996,0.8744548933071623,ArabianPeninsula
19,0.8142249186185369,0.8702298151878566,0.8732256356411687,0.8674480513409745,0.8725701329249028,0.870038726984091,0.8725701264568926,ArabianPeninsula
20,0.8615289032242196,0.9156640792612366,0.917432095721085,0.9123087739356474,0.9172959897613113,0.9161693978015242,0.9172959867995056,ArabianPeninsula
21,0.8318174973351644,0.8883189880046247,0.8895047611060938,0.8840103613929046,0.8893978375279071,0.8891209096260817,0.8893978361716487,ArabianPeninsula
22,0.7904350638690872,0.8479231036919614,0.8497030014712991,0.8462399788945858,0.8494514449704824,0.8473212203731053,0.8494514443494299,ArabianPeninsula
23,0.7872313424657993,0.835983669304486,0.8378445613886091,0.8346495866854449,0.8374932821426369,0.832631616050397,0.8374932818582468,ArabianPeninsula
24,0.7905255772229383,0.8336470343468829,0.8354327715894938,0.8309389755028964,0.8352872920705976,0.8332261891968697,0.8352872919403709,ArabianPeninsula
25,0.806941205533311,0.8493894848915684,0.8516435143526894,0.8456750798149432,0.8512603399632174,0.8496741226287641,0.8512603399035845,ArabianPeninsula
26,0.8013555840041833,0.845923692751941,0.8482185699667586,0.8417893022250276,0.8479287373740018,0.846358734181795,0.8479287373466949,ArabianPeninsula
27,0.8069432967781223,0.8591934852837925,0.8621123566057751,0.8553670142684845,0.8614575791709247,0.8606004141791366,0.8614575791584205,ArabianPeninsula
28,0.8118936196221129,0.8633492850384168,0.8657287898319623,0.8590630936555144,0.8654470386789974,0.8643975615518227,0.8654470386732716,ArabianPeninsula
29,0.7958244369787446,0.8423765266303181,0.8448587733870696,0.8378449297158646,0.8444873920558964,0.8435180497137562,0.8444873920532745,ArabianPeninsula
30,0.759622740149203,0.80840801203325,0.8109808024347581,0.8042442209665399,0.8107660338517482,0.8101549673952091,0.8107660338505476,ArabianPeninsula
31,0.7713198675657633,0.825903825726521,0.8278012476398595,0.8216237978576131,0.8274796839058121,0.8263543964664025,0.8274796839052623,ArabianPeninsula
32,0.8059013898375714,0.8654607069831953,0.8667989254475973,0.8611991102976142,0.8664863292448671,0.8656842595555636,0.8664863292446153,ArabianPeninsula
33,0.7979656377426665,0.8574060775157664,0.8589202718502327,0.8548020859911105,0.8587023465940762,0.8586048486292851,0.8587023465939609,ArabianPeninsula
34,0.7941959000935637,0.854238019956649,0.8566140677006926,0.8506246760930745,0.856262614030556,0.8562401838183457,0.8562626140305032,ArabianPeninsula
35,0.7714448590434883,0.8335988786219728,0.839351602752842,0.8327877693168523,0.8360401760342144,0.8363179154393481,0.8360401760341902,ArabianPeninsula
36,0.7480301933748885,0.8065254230219114,0.8089045420832208,0.8041131043177732,0.808399928433293,0.8080230124103418,0.8083999284332819,ArabianPeninsula
37,0.74689663338791,0.8067428676117951,0.8085967761906288,0.8030192540305092,0.8083407709231325,0.8082644802603258,0.8083407709231274,ArabianPeninsula
38,0.7378093133007716,0.7960863469336805,0.7992433699596783,0.7922202251247799,0.7981911794206502,0.7981968368301205,0.798191179420648,ArabianPeninsula
39,0.759599921767999,0.8156441991680676,0.8191064116714943,0.8117355242824991,0.8180464936881948,0.8180834510666539,0.8180464936881939,ArabianPeninsula
40,0.7532799195325637,0.8101914706217048,0.8135644038175067,0.806792750139032,0.8126706070564158,0.8129883391922984,0.8126706070564154,ArabianPeninsula
41,0.7346774712430341,0.7896017936221911,0.791979941162372,0.785986680232792,0.79170014653964,0.7921308450518771,0.7917001465396398,ArabianPeninsula
42,0.7148080113493972,0.7651933914610363,0.7674182120621286,0.7616691766375296,0.767322566203671,0.7675572768444412,0.7673225662036709,ArabianPeninsula
43,0.715911029793262,0.7654528438452457,0.7674952505342839,0.761674192519019,0.7672602606543407,0.7664449009182431,0.7672602606543406,ArabianPeninsula
44,0.6970431723183819,0.7473565497008948,0.7484259580445655,0.7429391074387315,0.7482426173954536,0.747541094598899,0.7482426173954536,ArabianPeninsula
45,0.728307835780346,0.7797488046688592,0.7813641331028026,0.7754400478010328,0.7810194843429099,0.7796282032589209,0.7810194843429099,ArabianPeninsula
46,0.7338334589236034,0.7848823974230603,0.7865941798749561,0.780467167881418,0.7863401029658827,0.7852398460218943,0.7863401029658827,ArabianPeninsula
47,0.6814770015635803,0.7372020771754071,0.7416717912333242,0.7329192806019702,0.7389827905476274,0.7349052427001886,0.7389827905476274,ArabianPeninsula
48,0.6901067633471687,0.749486295809199,0.7518991741458398,0.7455069925636788,0.7514825350733457,0.7496593341892757,0.7514825350733457,ArabianPeninsula
49,0.690570313748224,0.745461765297881,0.7480156222053002,0.7414202644376116,0.747436139689605,0.746013961481374,0.747436139689605,ArabianPeninsula
50,0.6738469717415018,0.7311225576686939,0.7330019495014036,0.7269932175377034,0.7327652927436605,0.7315395716325408,0.7327652927436605,ArabianPeninsula
51,0.6765606103068176,0.7380337385222452,0.7404161616175422,0.7341298375270844,0.7397961213714878,0.7390140499914496,0.7397961213714878,ArabianPeninsula
52,0.6810781071585329,0.7380359955953798,0.7401515256224829,0.7341043330272164,0.7396888513884234,0.7390241300672314,0.7396888513884234,ArabianPeninsula
53,0.6738637647886112,0.7292639393972935,0.7316744969170117,0.7249698045104234,0.7311571923629658,0.7302375820512986,0.7311571923629658,ArabianPeninsula
54,0.6550308037933423,0.7153107697284561,0.717370286850867,0.7106704958861575,0.7168605275814912,0.7157712424587543,0.7168605275814912,ArabianPeninsula
55,0.6686249249599062,0.722936398930154,0.7255365664836904,0.7187137023945788,0.7250624572465016,0.7237023248861767,0.7250624572465016,ArabianPeninsula
56,0.6533019100889408,0.711779592642139,0.7134101362219101,0.7062426917780713,0.7127979767899316,0.7121164848376722,0.7127979767899316,ArabianPeninsula
57,0.687064422420667,0.7400604345688621,0.7413877972874744,0.73429833002737,0.7407121739882438,0.7395250421881738,0.7407121739882438,ArabianPeninsula
58,0.6534664016151963,0.7106001019741172,0.7151005433880424,0.7059282451525413,0.7117094326825959,0.7107455623290779,0.7117094326825959,ArabianPeninsula
59,0.623058246815846,0.6788802111046388,0.6813423601032921,0.6760337505660865,0.6807437901660247,0.6766708612341354,0.6807437901660247,ArabianPeninsula
60,0.6327862583685265,0.6869866808500895,0.6894557116388196,0.6832742358154016,0.6885825030213277,0.6841078019603786,0.6885825030213277,ArabianPeninsula
61,0.6007824687835073,0.6607099304396495,0.662216841401009,0.6559862452897395,0.6620513062439107,0.659399021726592,0.6620513062439107,ArabianPeninsula
62,0.644043893696244,0.7055724506758703,0.7079753318493944,0.7013090846204422,0.707553817769371,0.7061828813692803,0.707553817769371,ArabianPeninsula
63,0.6235644932581482,0.684299310020948,0.6868076441030675,0.6802526730647831,0.6860854280616507,0.684223852407361,0.6860854280616507,ArabianPeninsula
64,0.6052579097014769,0.6634565861750972,0.6664627228087239,0.659582464065807,0.6657413535415773,0.6639646376164648,0.6657413535415773,ArabianPeninsula
65,0.5778192319914494,0.6436743802225218,0.6461714899210935,0.6395398484226631,0.6460340772352581,0.644213784656717,0.6460340772352581,ArabianPeninsula
66,0.5786747986601979,0.637931425187973,0.64036939666104,0.634112156293877,0.6403324290480502,0.6390252395623224,0.6403324290480502,ArabianPeninsula
67,0.5707346934922872,0.6293078678724846,0.6316736233113943,0.6252715151113468,0.6315531418220293,0.6294033137515667,0.6315531418220293,ArabianPeninsula
68,0.5842351727284096,0.6403114879291569,0.6421540444162126,0.6361109444755411,0.6419733015008664,0.6393186974920417,0.6419733015008664,ArabianPeninsula
69,0.5642283009523902,0.6229846224536905,0.6242140663612945,0.618170277881541,0.6238893968337209,0.6216190772347272,0.6238893968337209,ArabianPeninsula
70,0.5459297628899785,0.6113125379477442,0.6118552171416942,0.6059880895823123,0.611832697266412,0.6086002614148392,0.611832697266412,ArabianPeninsula
71,0.5333157064663578,0.599673163720658,0.6004941402393026,0.5938359053367724,0.6004082605898982,0.5954285893929336,0.6004082605898982,ArabianPeninsula
72,0.5171198246199797,0.5770767377952821,0.578389353876571,0.5711274011986178,0.5778860203003149,0.5751597741880188,0.5778860203003149,ArabianPeninsula
73,0.5164029712728523,0.5740433530653407,0.5757665029432684,0.5691473420147898,0.5755852041832784,0.5737827880645993,0.5755852041832784,ArabianPeninsula
74,0.5126485761691284,0.5632888800665625,0.5651762825942106,0.5586643984407828,0.5648770238900066,0.5623550600051215,0.5648770238900066,ArabianPeninsula
75,0.5196107257391319,0.5763129142934915,0.5788399875035213,0.5723227261961562,0.5784910675287432,0.5755823112926756,0.5784910675287432,ArabianPeninsula
76,0.5246329478161592,0.5788823502417871,0.581704042813375,0.5749195719981052,0.581296999794771,0.5782579385255663,0.581296999794771,ArabianPeninsula
77,0.5356640598809643,0.5871785199465118,0.5897300784730051,0.5830229848996914,0.589387853692817,0.5868457300884519,0.589387853692817,ArabianPeninsula
78,0.5570040841603987,0.6169788219360686,0.6191253379212762,0.6125943745426226,0.6189004163969682,0.6166642263262991,0.6189004163969682,ArabianPeninsula
79,0.5391993126162177,0.5940498987937717,0.5959458067595278,0.5898425015924278,0.595797606641734,0.5946196912725903,0.595797606641734,ArabianPeninsula
80,0.5059375639790137,0.5589303534410699,0.5609705263980402,0.556388006056425,0.559934081444846,0.557888463467035,0.559934081444846,ArabianPeninsula
81,0.4984104564231592,0.5480163130068071,0.5489352757193442,0.5451357927475253,0.5488423882900575,0.5460850322364742,0.5488423882900575,ArabianPeninsula
82,0.48988627951880875,0.5355299587385777,0.5365426656713743,0.5316970707111379,0.5362643888937534,0.5326889174386014,0.5362643888937534,ArabianPeninsula
83,0.513381081817421,0.5601997785526855,0.5627293019142162,0.5558942135359053,0.5615723433398055,0.5563199009533583,0.5615723433398055,ArabianPeninsula
84,0.4969381644782914,0.5395503747647613,0.5419608830700193,0.5357176891654701,0.5416515085258267,0.5383003968342145,0.5416515085258267,ArabianPeninsula
85,0.48484710435981293,0.5239249968893742,0.5265916118999158,0.5201757414476629,0.5260983509720992,0.5240598453214006,0.5260983509720992,ArabianPeninsula
86,0.48088707020727145,0.5192370191941176,0.5213908235908002,0.5150925765813675,0.5210552789009608,0.5184338266119,0.5210552789009608,ArabianPeninsula
87,0.48790849832246863,0.5282163928060128,0.5305582207459135,0.5242393705221498,0.5301974182681919,0.5280709197148188,0.5301974182681919,ArabianPeninsula
88,0.4672583700159012,0.5139272125614891,0.5170377381316681,0.5100108630336488,0.5162127658778823,0.5136141011904527,0.5162127658778823,ArabianPeninsula
89,0.45212423686038977,0.5012284388791997,0.504117242329114,0.4974891390576786,0.5037408243683894,0.501827320628288,0.5037408243683894,ArabianPeninsula
90,0.45272854744311575,0.5021401899537535,0.5048106713206367,0.49837665002389653,0.5043010468154695,0.5024760782691553,0.5043010468154695,ArabianPeninsula
91,0.46554132927171826,0.5116422011021153,0.513432794637283,0.5071335742511989,0.5130792344535456,0.5106961954044359,0.5130792344535456,ArabianPeninsula
92,0.4525685948251261,0.49947489963556824,0.5007221404578366,0.49484104701769627,0.5006038625494462,0.49793389057005855,0.5006038625494462,ArabianPeninsula
93,0.4525056336263357,0.4995720535760193,0.5005925737680685,0.495447447684604,0.500492982763333,0.4958876688236905,0.500492982763333,ArabianPeninsula
94,0.43716122724790696,0.48804010675520215,0.48943868384490447,0.4827074722112129,0.4885112826368806,0.4834463040535272,0.4885112826368806,ArabianPeninsula
95,0.43741216685584927,0.49132542958767145,0.4937122741174884,0.4853649911780096,0.49192202044866973,0.4861544307268549,0.49192202044866973,ArabianPeninsula
96,0.4236316829305463,0.48166996153743646,0.4827963214217772,0.4760176228355507,0.4824634305657328,0.47683923940234985,0.4824634305657328,ArabianPeninsula
97,0.4172432922435795,0.46939836332100726,0.4714146105013356,0.4646531282266279,0.4710077515944482,0.46639507856882406,0.4710077515944482,ArabianPeninsula
98,0.417837621706162,0.47185520647707846,0.47335240395892775,0.46681371043299946,0.47306984250110506,0.4694953300864057,0.47306984250110506,ArabianPeninsula
99,0.4324042847805322,0.4890630998586815,0.4925322147324134,0.4845495282825403,0.4903500416713084,0.48808987887649,0.4903500416713084,ArabianPeninsula
100,0.43396976396421294,0.4862775846150358,0.4877420848937958,0.4815656612258257,0.4873582836203909,0.48516280727806815,0.4873582836203909,ArabianPeninsula
101,0.41104886390156925,0.4662671495457401,0.46783356528943354,0.4615665541404428,0.4675497009624079,0.46548918850002985,0.4675497009624079,ArabianPeninsula
102,0.39275838847344535,0.4538320682737763,0.45498230426024844,0.44894866662959476,0.45493906786761407,0.45250060532292985,0.45493906786761407,ArabianPeninsula
103,0.37798493418212686,0.4360375782630309,0.43817616518840086,0.43208009253988866,0.43794646846265717,0.43512189652230915,0.43794646846265717,ArabianPeninsula
104,0.40024953411452796,0.45856074633054766,0.4608257589880086,0.4547777872192986,0.46072921869679306,0.4586969767173854,0.46072921869679306,ArabianPeninsula
105,0.38324705128846204,0.4391929417349354,0.44175399409002014,0.4354457569397008,0.4415616858716328,0.4396749576090161,0.4415616858716328,ArabianPeninsula
106,0.39711715853881796,0.452866407132931,0.45624037390303196,0.4480729681624135,0.4546574403085435,0.4526209085492311,0.4546574403085435,ArabianPeninsula
107,0.3748561947835055,0.4325740668896334,0.434044775281481,0.42673216474087095,0.4335920731217233,0.43060443805039267,0.4335920731217233,ArabianPeninsula
108,0.3542545277552051,0.4089334004328886,0.412045679606206,0.40402003715787793,0.41078826065190405,0.40794185347919953,0.41078826065190405,ArabianPeninsula
109,0.3611411336895366,0.41393088476521,0.4161970389062578,0.4095968489858627,0.41605695889276506,0.413762461377842,0.41605695889276506,ArabianPeninsula
110,0.366032849875053,0.42242083367552385,0.4249009131211096,0.41850278497569,0.424683162369955,0.4224023993505843,0.424683162369955,ArabianPeninsula
111,0.36441347726373785,0.41602484931320105,0.41862913342815744,0.41260460752226275,0.4183397857546717,0.41556811135529004,0.4183397857546717,ArabianPeninsula
112,0.3683890731411781,0.41951683461513817,0.42180532590163977,0.41601288685618776,0.42173384408932046,0.41877920017792386,0.42173384408932046,ArabianPeninsula
113,0.3741949041285916,0.4316685965874206,0.43405953413766196,0.4286876095539509,0.4339424189000394,0.4308636731497508,0.4339424189000394,ArabianPeninsula
114,0.3698361706803017,0.42276363370913494,0.4291273717000456,0.42005054254620694,0.42516731250756656,0.4221773647679645,0.42516731250756656,ArabianPeninsula
115,0.35397072057146106,0.4029464280424957,0.4045312944526902,0.39883465402019347,0.40426640251110013,0.4024486225349414,0.40426640251110013,ArabianPeninsula
116,0.34595165770502456,0.39735329017994525,0.39849520013764966,0.3923321167376821,0.3981602740223097,0.3954745086729139,0.3981602740223097,ArabianPeninsula
117,0.3228932461395372,0.3743323367154503,0.37627566617458275,0.36982440972323005,0.37597782583023887,0.3717580399636702,0.37597782583023887,ArabianPeninsula
118,0.32513225438910975,0.3774304565391845,0.37956829773427314,0.37315755333922146,0.37945991068468354,0.37453767218679856,0.37945991068468354,ArabianPeninsula
119,0.30661143870996105,0.35983915043596404,0.36198164988848325,0.3555934855246037,0.3616959804089951,0.3572470270701371,0.3616959804089951,ArabianPeninsula
120,0.3285451709329393,0.38406611963778803,0.386854230369169,0.3785432865973429,0.3850973419983733,0.37871100254075385,0.3850973419983733,ArabianPeninsula
121,0.32395229053021746,0.3725790714600168,0.37492421255107833,0.3679965552184138,0.37447113042966224,0.36873983441195074,0.37447113042966224,ArabianPeninsula
122,0.2985866945614861,0.34954463700323235,0.35103969300417526,0.34494205833207925,0.3508870381984958,0.3480744569625563,0.3508870381984958,ArabianPeninsula
123,0.307866453659866,0.3565600029318826,0.3585835573397103,0.352496715473416,0.35803901171686403,0.35516463222771255,0.35803901171686403,ArabianPeninsula
124,0.2956381631340072,0.3445069956360925,0.3459801198669711,0.34042895270329715,0.3456827238920468,0.3432060413124479,0.3456827238920468,ArabianPeninsula
125,0.2782531971305005,0.3252603395579332,0.3272398986147779,0.3220670443818178,0.32714183831091137,0.3236338923522345,0.32714183831091137,ArabianPeninsula
126,0.30247348537295105,0.3458835864695439,0.34844774917714794,0.34343929541132184,0.3481732367268616,0.34536634577075676,0.3481732367268616,ArabianPeninsula
127,0.28932747179181983,0.33716983347438445,0.3420563183396857,0.3347048930631553,0.3395407485156948,0.3370836190454366,0.3395407485156948,ArabianPeninsula
128,0.28020345896909976,0.32964383184122265,0.3327917421780501,0.32723026359031704,0.33138880779162777,0.32899077146378986,0.33138880779162777,ArabianPeninsula
129,0.26202358558957833,0.31146848443465563,0.31480268473126005,0.30797808736534205,0.31273805783836106,0.3089563008442723,0.31273805783836106,ArabianPeninsula
130,0.26106084179992667,0.31244469657975316,0.3140476711304683,0.3082013445451016,0.3135253282787771,0.3084483577568835,0.3135253282787771,ArabianPeninsula
131,0.26890570128608304,0.3199013937457337,0.32259399543759604,0.3150883795460938,0.32147858842283644,0.3173755232862805,0.32147858842283644,ArabianPeninsula
132,0.27906008271649874,0.3286036381175609,0.33020871612455616,0.3233053447688901,0.3301230660561827,0.32542718469028,0.3301230660561827,ArabianPeninsula
133,0.262633069202734,0.3133925985727914,0.31518507589141104,0.30872236201457315,0.315017629359301,0.3124573456717033,0.315017629359301,ArabianPeninsula
134,0.2906492716760194,0.3392963832580185,0.3402406477448469,0.3348140781257547,0.34019789024057,0.3390904967006503,0.34019789024057,ArabianPeninsula
135,0.2769540793043469,0.3233721989654546,0.3248083811902118,0.3194872470859396,0.3242360893461419,0.32223692270591997,0.3242360893461419,ArabianPeninsula
136,0.2875595021077655,0.3345858611468946,0.33656645876931357,0.33167130582573645,0.33639949426525473,0.3349412557994421,0.33639949426525473,ArabianPeninsula
137,0.2671680499375818,0.3092087318203515,0.31288323040662924,0.3078668877635198,0.31122860339583136,0.30901858007194943,0.31122860339583136,ArabianPeninsula
138,0.2684198415449308,0.3054784842863816,0.3086303659615906,0.30513681309531476,0.30770909724550866,0.3053465549925778,0.30770909724550866,ArabianPeninsula
139,0.282987068821885,0.322795451161923,0.3249829583856172,0.32182631275695894,0.3242412159678134,0.3225449292432453,0.3242412159678134,ArabianPeninsula
140,0.2478544487310305,0.29458052044814753,0.2967407674082355,0.293729124579191,0.2964382743990196,0.2954412662499731,0.2964382743990196,ArabianPeninsula
141,0.2582989461789182,0.30839543261073904,0.31084449083115884,0.3072599395498423,0.3103747691442603,0.3075034256651751,0.3103747691442603,ArabianPeninsula
142,0.2527026598144064,0.2953671354626861,0.2979072987936606,0.2947373773517421,0.29781185975743807,0.2945786663717943,0.29781185975743807,ArabianPeninsula
143,0.2445699588281198,0.2928991707186711,0.2950375611024081,0.29221566886160355,0.2946193823141151,0.2924506480039959,0.2946193823141151,ArabianPeninsula
144,0.222715142322008,0.2739976249996843,0.2758444027251301,0.2719904101418333,0.27574851947976,0.27125263013222556,0.27574851947976,ArabianPeninsula
145,0.19577553120919572,0.24873331212997368,0.2504220654779612,0.2465255928191474,0.2497785834988569,0.2469873158267169,0.2497785834988569,ArabianPeninsula
146,0.1828627542571914,0.23729823067734762,0.23975455488079278,0.2356543779921738,0.2391753352750689,0.2376153352774032,0.2391753352750689,ArabianPeninsula
147,0.19786917353358713,0.2485713668927566,0.2508793364144015,0.24604093605812266,0.25059331159335707,0.24796413432932346,0.25059331159335707,ArabianPeninsula
148,0.19263151284438954,0.2456805606184964,0.24865875919598948,0.24272477352721616,0.24777617408909974,0.2457175035956434,0.24777617408909974,ArabianPeninsula
149,0.19307364615050704,0.24732140300843536,0.2503728216029627,0.24456222193700342,0.24968710635628838,0.24759929422251087,0.24968710635628838,ArabianPeninsula
150,0.19353209854636566,0.24119109865163824,0.24402724542741505,0.23889203857467534,0.24370929407983444,0.24138224243577217,0.24370929407983444,ArabianPeninsula
151,0.17302007501585148,0.2221473945695963,0.2256272129839364,0.21957851790011126,0.2241247085863063,0.2218670160697071,0.2241247085863063,ArabianPeninsula
152,0.16559975263972487,0.21490433935256947,0.2174702393303592,0.21178492771117158,0.21690509736585312,0.21404874586107808,0.21690509736585312,ArabianPeninsula
153,0.15580618541128433,0.20792291901914225,0.20958159709813096,0.2043285583253438,0.2092997433635998,0.2055793760493438,0.2092997433635998,ArabianPeninsula
154,0.15408900734124026,0.20276714649786942,0.204852406349809,0.19942758989660503,0.20474335443927483,0.20123526344845633,0.20474335443927483,ArabianPeninsula
155,0.1692463160553329,0.21586877359099904,0.2172547677058203,0.2109742030409964,0.2169946407736002,0.21518279908307109,0.2169946407736002,ArabianPeninsula
156,0.13645621499324467,0.18178837391376618,0.18295495902679754,0.176200595646818,0.1827800077312203,0.18030664952530162,0.1827800077312203,ArabianPeninsula
157,0.12848467668426694,0.17270239669068993,0.1743271010515777,0.16753461797590047,0.1741561533503596,0.17266560295097955,0.1741561533503596,ArabianPeninsula
158,0.1365149762318152,0.18081394662471298,0.1843518332645792,0.17583849245008654,0.18247931675556633,0.18143880983477906,0.18247931675556633,ArabianPeninsula
159,0.13004378413642842,0.1741737090473936,0.1757471458929523,0.1696039930236824,0.17537991653691667,0.17490345170725657,0.17537991653691667,ArabianPeninsula
160,0.11379680995965571,0.16502978782805583,0.1672444963024181,0.16214839881431536,0.16699596920524706,0.16643456491741554,0.16699596920524706,ArabianPeninsula
161,0.11756807880217286,0.16901698826442807,0.17147164163975842,0.16679737910118986,0.1708261379054996,0.16873587950488772,0.1708261379054996,ArabianPeninsula
162,0.11298923826688065,0.16381054002736248,0.16593885347361087,0.16100871398420905,0.16518085843994285,0.16320712861117703,0.16518085843994285,ArabianPeninsula
163,0.12100892430939833,0.17391340932175411,0.17621732243911653,0.17069561877415693,0.17531763418191387,0.17348897059718363,0.17531763418191387,ArabianPeninsula
164,0.11111305118177303,0.16441888985062852,0.16590090709311767,0.1602196405886013,0.16523654066332913,0.1632548803718552,0.16523654066332913,ArabianPeninsula
165,0.1159011211426722,0.16610877151173292,0.16729440819754032,0.16307428305754967,0.16705742369696444,0.16441105594421676,0.16705742369696444,ArabianPeninsula
166,0.12017567306293445,0.17259386404924704,0.17415764654362398,0.1706110231874621,0.17387659266627434,0.17145432203027522,0.17387659266627434,ArabianPeninsula
167,0.13515998957081607,0.18665084783639402,0.18927960258361132,0.1866347613199118,0.18863216771336577,0.1866611035168332,0.18863216771336577,ArabianPeninsula
168,0.12722078595826175,0.17894121122345175,0.18157137001217827,0.17766131229519005,0.18130192023839595,0.17808429847692386,0.18130192023839595,ArabianPeninsula
169,0.13190379189035922,0.18431454581258655,0.185772705952859,0.18001730504024535,0.18568467703581937,0.1805617890932804,0.18568467703581937,ArabianPeninsula
170,0.14001213320923436,0.18928360961893903,0.19168973005581413,0.1854743146551401,0.19035919486488845,0.18802555148158612,0.19035919486488845,ArabianPeninsula
171,0.14427393496316604,0.18787467590377166,0.19006962458518206,0.1871820543677622,0.18963185021828988,0.18856323743456016,0.18963185021828988,ArabianPeninsula
172,0.14487226787504315,0.18790625035080366,0.1897711323181237,0.1875727104558907,0.18955673819454028,0.18896451549925347,0.18955673819454028,ArabianPeninsula
173,0.14516661706964207,0.19070988357637308,0.19267608292704605,0.19044365290684048,0.19204999416809138,0.19183327236151537,0.19204999416809138,ArabianPeninsula
174,0.14290333468409275,0.19042302397566063,0.19213841172503937,0.19086441391981476,0.1917124214833042,0.19168500495524238,0.1917124214833042,ArabianPeninsula
175,0.12860979804436695,0.1726198066903576,0.17435665579534998,0.17316738423339648,0.17409805619702964,0.17423943149066912,0.17409805619702964,ArabianPeninsula
176,0.1339685322730719,0.17753932084979712,0.17993936242121353,0.17784520747965787,0.17917625008044186,0.1794746361927938,0.17917625008044186,ArabianPeninsula
177,0.10838102828029275,0.15244975376335335,0.154942805202035,0.15251384755862574,0.1546865042142966,0.1545747383912101,0.1546865042142966,ArabianPeninsula
178,0.11125726047073736,0.15284446513364275,0.15438301421462994,0.15138450839764744,0.15429236026109933,0.1542669887374772,0.15429236026109933,ArabianPeninsula
179,0.11974045204502404,0.16161167865384918,0.16251310756615,0.1592908667139159,0.16247402983450188,0.16109199791766793,0.16247402983450188,ArabianPeninsula
180,0.12927787485974856,0.1715473000793981,0.17205373960653847,0.1672875901914162,0.17197079778170724,0.171591549636829,0.17197079778170724,ArabianPeninsula
181,0.10575376312455378,0.1485949939299207,0.15003378700130954,0.14560683660091384,0.15001419241448727,0.14985793504574152,0.15001419241448727,ArabianPeninsula
182,0.07699478162827422,0.11705234112138088,0.11899313418485424,0.11361953431179292,0.11783274511266872,0.11398459375959721,0.11783274511266872,ArabianPeninsula
183,0.08550809930872949,0.12351111553851646,0.12466143871878219,0.12183837979527481,0.1243882137044684,0.1226624652135534,0.1243882137044684,ArabianPeninsula
184,0.08813728467083537,0.126606752821061,0.12776976647427424,0.12625451091891876,0.12759794996266155,0.12680576252507444,0.12759794996266155,ArabianPeninsula
185,0.07943007705689856,0.11867121716011764,0.11995292252361787,0.11650162998080402,0.1192082053754567,0.11876802946857525,0.1192082053754567,ArabianPeninsula
186,0.0750103876855506,0.11096555565587282,0.11246526239372406,0.10914595141635314,0.11166362825384482,0.11112980881780532,0.11166362825384482,ArabianPeninsula
187,0.05428850487353726,0.09134426350229907,0.09268091553662891,0.09040378856408325,0.09250425189691042,0.09165621543976898,0.09250425189691042,ArabianPeninsula
188,0.03640955598705953,0.07531739905001428,0.07694936766368257,0.07441842575085653,0.07678037647700595,0.07600449649228735,0.07678037647700595,ArabianPeninsula
189,0.039932686155229824,0.07693091941056282,0.07835519912535499,0.07525936789682106,0.07806693185804653,0.07614210012855294,0.07806693185804653,ArabianPeninsula
190,0.0415835587736918,0.07423178496122632,0.07629436723056532,0.07214568298028189,0.07609603414450808,0.07405672623492335,0.07609603414450808,ArabianPeninsula
191,0.04425775973933577,0.08686273866968444,0.08913407900904971,0.08390989566332299,0.08878989245428417,0.08527526207527197,0.08878989245428417,ArabianPeninsula
192,0.009562464677045218,0.058942447632178166,0.05997144251705755,0.05385202439854003,0.05987148989874268,0.0557919410604501,0.05987148989874268,ArabianPeninsula
193,0.04067419081087065,0.09236101932532387,0.09310281782974092,0.08624139236803702,0.0928111765079856,0.08998142134717893,0.0928111765079856,ArabianPeninsula
194,0.03145321937582274,0.08060967126019619,0.08267305177197604,0.07577896982552951,0.08225932515653017,0.08086742887108969,0.08225932515653017,ArabianPeninsula
195,0.02739372810529278,0.07861524245474494,0.08096279891614849,0.07542160239988596,0.08081896715981024,0.07952199019866896,0.08081896715981024,ArabianPeninsula
196,0.006960245614591437,0.059004539045181575,0.06119736256708369,0.05695180495684857,0.06074121653858522,0.058919499266393366,0.06074121653858522,ArabianPeninsula
197,-0.006760379295435132,0.04364100174751659,0.04616961387238247,0.04211413810027845,0.04582308662376744,0.04435988192773163,0.04582308662376744,ArabianPeninsula
198,-0.0023240170369876467,0.04624213169189573,0.04873369793925797,0.045568796311568516,0.048382195965897656,0.04643296676555031,0.048382195965897656,ArabianPeninsula
199,0.0031731846645033923,0.0521594236841989,0.05352053772398779,0.05063076063117117,0.05340424740252908,0.0508229770921515,0.05340424740252908,ArabianPeninsula
200,0.010961796920257061,0.056567233567482667,0.05864833593947805,0.05545609112000749,0.05849632505319191,0.05720968852049002,0.05849632505319191,ArabianPeninsula
201,0.006084029873424268,0.05013920708121075,0.0529682389076547,0.051082704160890974,0.05258239270982107,0.0520848189382786,0.05258239270982107,ArabianPeninsula
202,-0.004954538807515785,0.03775695013038488,0.03989666676779979,0.038252654300249184,0.03898239401789905,0.038439987900008354,0.03898239401789905,ArabianPeninsula
203,-0.001958786793955225,0.04099520147684388,0.04186511875307464,0.04122219237727681,0.04155635191367202,0.04038805791539968,0.04155635191367202,ArabianPeninsula
204,-0.012061490370260969,0.02597378028050168,0.02861409535560097,0.027305090625259626,0.02754412413553875,0.026793206294432742,0.02754412413553875,ArabianPeninsula
205,-0.012012839933433717,0.015014778871218049,0.017959762188211992,0.015386148234575403,0.015962873835717317,0.011695199340276297,0.015962873835717317,ArabianPeninsula
206,-0.03640617492090242,-0.002205063052119094,-0.0011810291823555197,-0.002797905793715083,-0.0014563959546127214,-0.004470699485853047,-0.0014563959546127214,ArabianPeninsula
207,-0.027499687929684102,-0.0008611169584312739,0.0009573638009974239,-0.0003936562299840518,0.0008039606771351182,-0.0020511586470523535,0.0008039606771351182,ArabianPeninsula
208,-0.01430878883473613,0.014669412219138561,0.015969812997036342,0.015182073057705553,0.015871323351717037,0.01480781050452698,0.015871323351717037,ArabianPeninsula
209,-0.013509083434054103,0.013333567925139012,0.015769437822912624,0.013978525373085693,0.015070374857344415,0.01443299703764589,0.015070374857344415,ArabianPeninsula
210,-0.0013476393530165165,0.00961915973300076,0.012515513428640046,0.010984218692465075,0.011739353587199408,0.011594297485697513,0.011739353587199408,ArabianPeninsula
211,0.0032057589165838674,0.012671882667548817,0.014560195938489284,0.013477655749663364,0.01411833657081979,0.014091969817397798,0.01411833657081979,ArabianPeninsula
212,-0.0019106454950094665,0.009651798721065974,0.011038449514127913,0.009839326766800993,0.010466149182811024,0.009704598329737524,0.010466149182811024,ArabianPeninsula
0,0.8260188083388961,0.8260188083388961,0.8260188083388961,0.8260188083388961,0.8280265268904514,0.8260188083388961,0.8260188083388961,China
1,0.8476755152910406,0.8830576732678503,0.886108044878558,0.8805078815842504,0.8827142909064896,0.8808446586668203,0.8810027041107027,China
2,0.7918408184131432,0.861552923242533,0.8653797776446567,0.845094514090799,0.8550996090869896,0.8532886820345713,0.8536404756057343,China
3,0.6713460663230348,0.7707794222370731,0.7754349257434249,0.7448722072882551,0.7590446085494654,0.757402417399456,0.7578006923651613,China
4,0.5721071668950857,0.6968755157297158,0.7022645790032342,0.6635390448394066,0.6813749830635446,0.6791645471681943,0.6803145403463763,China
5,0.5560851350430549,0.7024549100711647,0.7080197598046627,0.6629571241077011,0.6829011158089685,0.6812114464338259,0.6819970848376019,China
6,0.5571014671095459,0.7208529903299348,0.7275930938611139,0.6797058367024111,0.6989922622054952,0.6977221624664499,0.698221572771772,China
7,0.5654904691173332,0.7445509976195809,0.7493846078732862,0.7026160100195574,0.7204174731938146,0.7193798878431296,0.7197604578679407,China
8,0.6247444423633299,0.8167706121013198,0.8194686705286016,0.7755457289477761,0.7911310276237833,0.7904327316618301,0.7905709198559272,China
9,0.6576975183375907,0.8614631969868822,0.8627554159248276,0.8191910888655161,0.8338229137674438,0.833383846940865,0.8333454200176662,China
10,0.7178652523284245,0.929631333041971,0.9325358073819728,0.8866914346172412,0.9009369878993274,0.9006458760774765,0.9005299228769135,China
11,0.7535729597181005,0.9718991232486295,0.9767071544642492,0.9289972012719078,0.9436354336758445,0.943099347080872,0.94328840937961,China
12,0.7431873934271177,0.9676044101225866,0.9756067131150409,0.9230449982002685,0.9384316483184708,0.9375719579124548,0.9381358089425823,China
13,0.719635639578919,0.9504986386486651,0.9637595326612292,0.8995096577688613,0.9196407684194416,0.9185079602662176,0.9193885643597379,China
14,0.7644205651314149,1.0005994400363964,1.0100795222951846,0.9472301151958823,0.9687304662739796,0.967591088959207,0.9685154614676047,China
15,0.7899186642768695,1.0299313332441173,1.0380503592205903,0.9710278210707612,0.9972212565045049,0.9961666654564921,0.9970379641862979,China
16,0.8083888306219856,1.051632514207519,1.0600101019063803,0.9897653839883552,1.017691912279389,1.0160166406628144,1.0175356549636567,China
17,0.8174936560207303,1.0647250079022714,1.0713708002944093,0.9979017065635357,1.0299627852815827,1.0285090838180047,1.0298295753960907,China
18,0.8146487819100682,1.0618611586496338,1.0682949407343787,0.996851103518401,1.0285389513143905,1.027046798057531,1.0284253894404416,China
19,0.7861453265338857,1.0351841156699026,1.040993061432045,0.9742121816556223,1.0027313407282308,1.0004804319585823,1.0026345288499896,China
20,0.7626134414789829,1.0136480980125515,1.0159319233990463,0.9543041176061045,0.9795826388563267,0.9775201251711658,0.9795001064055782,China
21,0.7516449469041898,1.0050602351463003,1.004366398681015,0.9452536643803848,0.9694717600943008,0.9673034931634702,0.9694014009033596,China
22,0.7237134865831975,0.9736354063513735,0.9821249678953597,0.9183668740327111,0.9430075776485061,0.9412810373440733,0.9429475962023595,China
23,0.6568899893574092,0.9084980609236383,0.9228533966738605,0.8495025243473237,0.8763006961882315,0.8749922580911084,0.8762495618043123,China
24,0.6459307958616591,0.8965272670072226,0.917636901732656,0.8370706498278506,0.866623829120627,0.8658194696825824,0.8665802368869153,China
25,0.6922921056778087,0.9453949706572548,0.9650464078367098,0.8880679268825419,0.914399126297278,0.9140490179921187,0.9143619637719024,China
26,0.7317027339767528,0.986834448193246,1.00483235885042,0.9247514459494489,0.9543689570178017,0.9544723001987028,0.9543372758403369,China
27,0.7524704189997007,1.009472925994103,1.0324972789913551,0.9434287315055909,0.9764250985486622,0.9770153608235275,0.9763980902386669,China
28,0.727155349993835,0.9827067544228583,1.015326777044291,0.910993274045603,0.950744359044088,0.9517327883094133,0.9507213343692755,China
29,0.6423060867784464,0.8981788181265432,0.9322069379252912,0.8230734412890747,0.8653157001050072,0.8659876122024543,0.8652960714925427,China
30,0.5866903461286094,0.8439774113091256,0.871044371628824,0.7713764279875774,0.8097791464066673,0.8107297780965439,0.8097624129487391,China
31,0.6103290319622661,0.8663600970406469,0.8924551215688147,0.7969363654969781,0.8344019816517225,0.835651838048787,0.8343877163227422,China
32,0.6227159506126431,0.8775560965427152,0.8997095890409221,0.8109997773496502,0.8467491429525895,0.8479477908621669,0.8467369817118113,China
33,0.6018125950087246,0.8575752497253184,0.8754998887387263,0.791442063210019,0.8254530616285707,0.8266523266152047,0.8254426941300386,China
34,0.5762584509179504,0.827666923607107,0.850372997999564,0.767969309576392,0.8000739933195091,0.8010641151095738,0.8000651549922551,China
35,0.5231140457433239,0.7725495876580515,0.7994890911502257,0.7148525822525382,0.7474369215099084,0.7484861482969852,0.7474293868062949,China
36,0.5383898638407829,0.7859099034616194,0.8202031928659224,0.7286579278508624,0.7632442043589943,0.7645117655218465,0.7632377809989047,China
37,0.49675970866866215,0.7468176204187589,0.7811732785337895,0.6845080777971255,0.7218772876811199,0.7237741375579845,0.7218718117451102,China
38,0.48847402162117426,0.7349968751905303,0.7711796791843589,0.6737750725746114,0.7127842423280695,0.7153637096074104,0.7127795740742642,China
39,0.5507428167867254,0.7997516433875109,0.8365753972657084,0.7306124386007189,0.7750598991757343,0.7775921847707937,0.7750559194737154,China
40,0.5944244007348325,0.8458956398884594,0.8767250577408081,0.7692716457945701,0.8190609275701839,0.8202619013538214,0.8190575348608715,China
41,0.5983225240439214,0.8492983583007587,0.875816586044421,0.7717993959523781,0.8219442657331704,0.8227860084902073,0.8219413734371077,China
42,0.5166435419272021,0.768591202351084,0.7909012788859021,0.6910661555256795,0.7392228709131968,0.7396222490551986,0.7392204052211072,China
43,0.4985778575656168,0.7473500308978456,0.7698981935723451,0.6764938069542072,0.7214044320754389,0.7212265077530683,0.7214023300646666,China
44,0.4857636350656903,0.7315114257976159,0.7518762901031241,0.6657925348769493,0.7076140995503575,0.7074409079404964,0.7076123075791274,China
45,0.5261837715709339,0.77220803789525,0.792341881584974,0.7122101631114628,0.7490869158327556,0.7486902259326402,0.7490853881712745,China
46,0.4790998870382207,0.7282260198334467,0.7441172936428034,0.6662200430574012,0.7018696963079494,0.7012272569946585,0.7018683939714154,China
47,0.44509361781021906,0.6927809862162823,0.7097498697726412,0.6313513234640352,0.6674847327320274,0.6666568592947314,0.6674836224857662,China
48,0.47156674873505877,0.7213129102028037,0.7432091459706216,0.6580013374070923,0.6939491741129127,0.6932011041471219,0.6939482276242532,China
49,0.4563498187741942,0.7087831598985179,0.7306478577616216,0.6410751556293866,0.6786493638225164,0.6782046830746429,0.6786485569377612,China
50,0.4058554884630624,0.6561179886445319,0.6932933289095441,0.5889503638271132,0.6278871190445658,0.6276348386861208,0.6278864311726069,China
51,0.3617963959904623,0.6149274682832231,0.6704810607001551,0.5409044767598168,0.5841425208740223,0.5840731915281016,0.5841419344608714,China
52,0.31820125934139243,0.5703859968130789,0.6227989998787175,0.49190224542944894,0.5404524377876845,0.5405771447316627,0.5404519378685073,China
53,0.27318687793739194,0.5269566407255406,0.5681915060322402,0.44834958586736784,0.4948964236233717,0.4950027367111751,0.4948959974405973,China
54,0.2928537933774429,0.541278105615608,0.5815465807848805,0.46840925558786783,0.5137474575277214,0.5139138630398411,0.5137470942054776,China
55,0.34217762048338096,0.5870780969769719,0.6265888275228136,0.5185361257286615,0.5621091271834956,0.5623995667655494,0.5621088174500647,China
56,0.3440067481382536,0.5890231437099678,0.6226012317013712,0.5209423518497724,0.5626366218542169,0.5632384291583685,0.5626363578054288,China
57,0.3683156389543101,0.6121780968890779,0.6432539614689435,0.5474555626461252,0.5873764836860206,0.5881915192542556,0.5873762585835435,China
58,0.4348505014013634,0.6744860765879012,0.7081524610572247,0.6186115152989041,0.6533426181884753,0.6543492065245667,0.653342426287859,China
59,0.4363965569318411,0.6794656826552776,0.7083404514778961,0.6201190383510231,0.6547559914493708,0.6558485534559813,0.6547558278534522,China
60,0.3778026581524603,0.6227936248140967,0.6536132842952483,0.558260540046461,0.5961980464164774,0.5974015312256418,0.5961979069504085,China
61,0.38206049585756596,0.6235301536316648,0.6749469113300208,0.5598011333385547,0.5996743693690333,0.6009502834627526,0.5996742504737419,China
62,0.41561250705316066,0.6588900250961874,0.7178521843009865,0.5909084535707035,0.6330692736369211,0.6347511167472686,0.6330691722782865,China
63,0.45068834291795623,0.6953166761600941,0.7524229991482252,0.6196232980160218,0.6668981786278522,0.6680146025137825,0.6668980922192763,China
64,0.4222302773155815,0.6664754269585758,0.7297848582470786,0.5846530251367872,0.637013834115038,0.6378514081975655,0.6370137604514374,China
65,0.38509701637564786,0.6309577703561753,0.6913504786488092,0.5474039306510705,0.5999365466299924,0.5998143389407798,0.599936483831526,China
66,0.36065840585598585,0.6070946044807146,0.6570090486175436,0.524456177325471,0.5741803503876042,0.5744480412565386,0.5741802968517011,China
67,0.3446545734580949,0.5914391429646765,0.6308057579075773,0.5103375388638757,0.5574118489768237,0.5577259395538017,0.5574118033372869,China
68,0.40699772139354473,0.6499636081639727,0.6849820452056519,0.5752794749910225,0.6193575519135509,0.6200073882355164,0.6193575130056926,China
69,0.4084438628424786,0.6494555749150932,0.6804213724688881,0.5832497053142955,0.6212500151574512,0.6219662620468054,0.6212499819883714,China
70,0.3367601209249488,0.5746632899788336,0.6036706381893022,0.5130750386372646,0.5496309354219072,0.5504894188691906,0.5496309071451556,China
71,0.36357377997863083,0.6005675269527404,0.6287815425856916,0.5397997142648081,0.5770369317459654,0.5780335662694317,0.57703690763994,China
72,0.3906823354641934,0.6297753951293698,0.6601154756954416,0.5642491382278169,0.6033450564032447,0.6048087533266958,0.6033450358527773,China
73,0.4206654262565288,0.6611810020513802,0.6994747228072222,0.5926539570334404,0.6329119975044251,0.6346149764422173,0.6329119799850826,China
74,0.464004834729693,0.7044643948207681,0.7460925336417095,0.6336652593059284,0.6755851246713624,0.677788299926706,0.6755851097360646,China
75,0.5239373752747983,0.7666869241350871,0.8049031824410329,0.691821834605356,0.7358132373410333,0.7378561422885598,0.7358132246086417,China
76,0.5110282197906533,0.7544654146048234,0.7870084209384186,0.6763172184520173,0.7223398248892875,0.7247431235083539,0.722339814034881,China
77,0.466685919730359,0.7102555876923189,0.7375829164084,0.6298495804419673,0.6773668064255207,0.6798282371201831,0.6773667971721029,China
78,0.46772655951312403,0.7115363075001512,0.735040482117858,0.6330081167128946,0.6785441255928791,0.6810375552838566,0.6785441177043093,China
79,0.3944973622029806,0.6396961737744329,0.6566102451655773,0.5618690460553284,0.6053730139401148,0.6064886114370454,0.6053730072150827,China
80,0.34812652755985896,0.5934326231134561,0.6044098393260958,0.51698035656211,0.5588120782864137,0.5596560642908217,0.5588120725533015,China
81,0.34864091943328734,0.594418299854601,0.6016287797465089,0.518774427250924,0.558813865946407,0.5589314511122145,0.5588138610589095,China
82,0.4108631517298973,0.6509549297381343,0.6621096927100382,0.5815163034579112,0.6202423418384873,0.6203384801209743,0.6202423376718793,China
83,0.40711076479874686,0.6490999178520046,0.6609901554689914,0.5775392342856952,0.6163817577240421,0.6162538862622836,0.616381754171995,China
84,0.3956621608686324,0.6372755221606662,0.6576975837458738,0.5627677448495955,0.6041635628286325,0.6046077725112653,0.6041635598005005,China
85,0.35837262239345125,0.6006817728546592,0.6274032322370074,0.5224861702264723,0.5659175181039224,0.5663736587440553,0.5659175155224299,China
86,0.3076450526291583,0.5464737134843121,0.5865472027111837,0.4693545150315699,0.5146293279526424,0.5153763477790416,0.5146293257519114,China
87,0.2760135728315014,0.516250964739458,0.5757665461539061,0.4327587130676942,0.4827530817302823,0.48356537604006733,0.4827530798541517,China
88,0.236947347667964,0.4787732705163351,0.5465764228666893,0.39127744109503726,0.44454574652749546,0.4460277413028666,0.44454574492808785,China
89,0.20441370227739908,0.4470969538689884,0.5021140408434925,0.35874962138560984,0.4117487581101328,0.4133796822381728,0.41174875674663247,China
90,0.23895962588593578,0.47891570256804605,0.5268539948777053,0.397436402485709,0.44707174401303706,0.4487276802982586,0.44707174285064866,China
91,0.2923182826660464,0.528277804729411,0.573206069213043,0.45629591197542196,0.500741416552563,0.5023052521948493,0.5007414155616228,China
92,0.3033905490943004,0.5413371714357603,0.5781339311568306,0.4728694739630087,0.5124105689086335,0.5137837929647021,0.5124105680638534,China
93,0.3358783047412366,0.5749252621622173,0.6047241078612136,0.5089415403502683,0.5440126619603375,0.5453396280634684,0.5440126612401596,China
94,0.4100962632832631,0.6512303884631268,0.674104526086247,0.5869811689613316,0.6184677028236674,0.619675079033341,0.6184677022097131,China
95,0.42334448717783113,0.6606545103528405,0.6861416052509683,0.6014743356164312,0.631687151317669,0.6326652609125568,0.6316871507942707,China
96,0.3716051102275987,0.6048590922392503,0.6413047743495901,0.5498740382338823,0.5799128540049718,0.5806917443669609,0.5799128535587732,China
97,0.27778741533524764,0.5122062097349913,0.551054354987869,0.45477498842256747,0.48529035728904946,0.48572299888949,0.48529035690866373,China
98,0.25325637360734643,0.489891073353112,0.5224222601318428,0.42633380901514795,0.46041949019920614,0.46090804013390285,0.460419489874926,China
99,0.33237558670758294,0.5695489082835676,0.6011022858244263,0.4992922633679959,0.539593313525458,0.5389724944001013,0.539593313249008,China
100,0.3870632575148786,0.6249733712658455,0.650617087247312,0.5568720561280448,0.5939041998320963,0.5929444276027089,0.5939041995964217,China
101,0.383765417513272,0.6226247837200226,0.6437363416862478,0.5539601929615213,0.5901956599218202,0.5889121000457863,0.5901956597209067,China
102,0.2850350713081131,0.5246444916290045,0.5422440300053545,0.454781008998699,0.4913859231477913,0.48965952096226484,0.49138592297651185,China
103,0.23809021917616702,0.4755743879859261,0.4885081199122113,0.4077524951682393,0.444053247727079,0.44233440902190624,0.4440532475810627,China
104,0.2184544308176769,0.4553854852493303,0.4639595836262107,0.3894888563885541,0.42472848317148004,0.42313262683675745,0.4247284830470007,China
105,0.17314724520257163,0.4045012019366361,0.4165073823079267,0.34387160799444927,0.3782252496591114,0.3764922026126125,0.3782252495529925,China
106,0.16099490205401024,0.39492817358446786,0.4065904365576082,0.3330978207433588,0.3662416756976412,0.3647844187761682,0.36624167560717447,China
107,0.10292558049020872,0.33576712188587765,0.34433163725303473,0.2761458110019278,0.3074032733417623,0.3064710166099355,0.3074032732646391,China
108,0.06420073292966688,0.2974137180718621,0.304071963344414,0.23562307363722623,0.26705028335381664,0.2665031290914909,0.2670502832880688,China
109,0.09328238360939523,0.3274911085915173,0.33947920838878565,0.26080636958316217,0.2959376935562308,0.29584374413310843,0.2959376935001805,China
110,0.16914873077742432,0.40370833369382897,0.4325042585738691,0.3347047028250626,0.3716874134141578,0.3723549768528245,0.3716874133663747,China
111,0.20165779495438807,0.43690429983214907,0.48328929369427187,0.36020237527338517,0.40329633458576675,0.4042330555427248,0.40329633454503155,China
112,0.2661567436638317,0.5018874084902896,0.5448286404893359,0.42610710537095664,0.4671254314972264,0.4680140177038834,0.4671254314624995,China
113,0.2889583888091676,0.5221683786323149,0.5679274166401622,0.4475227000947203,0.49040819017907833,0.49127682691901464,0.49040819014947334,China
114,0.3122311586917782,0.5459960987029824,0.5861154855691713,0.4705711943741364,0.5126177357253727,0.5134439715079717,0.5126177357001345,China
115,0.33912377258904847,0.5681425373557639,0.6045981282205208,0.5023710946939465,0.5386084632733074,0.5386956003272493,0.5386084632517917,China
116,0.2805320962308744,0.5092769559917257,0.5382668556215634,0.44648232530373255,0.47857301557892973,0.47808013030505325,0.4785730155605875,China
117,0.24012075177195513,0.46939106791705665,0.4904817788621718,0.4061782523731704,0.43693085121586284,0.4359091752222797,0.436930851200226,China
118,0.1871175196529472,0.4178383762193828,0.43358002884818025,0.3542690566839434,0.38388092809466756,0.3824084562398402,0.3838809280813371,China
119,0.15963846353332678,0.38585112982241376,0.4039412950710679,0.32642384654849865,0.35602753414054,0.3546684281236884,0.35602753412917576,China
120,0.18403616272391832,0.4067146110106843,0.4295376995099849,0.34948193437812236,0.37984463125606927,0.3783568961125193,0.379844631246381,China
121,0.15678205006428547,0.37612720626741747,0.40541667780727786,0.32302360890931436,0.3510482004574127,0.34999857107471966,0.3510482004491535,China
122,0.08857190992011954,0.3069703442862771,0.33655069003770655,0.25725813366686245,0.28315571441603626,0.28216269504194347,0.28315571440899534,China
123,0.0982672952369662,0.31706561330902294,0.3487367639101534,0.2615561651646975,0.29169071092607635,0.29193754875179834,0.2916907109200738,China
124,0.13081210742316574,0.3518285243583884,0.4000393110827697,0.2871207366943126,0.324537820895634,0.3245041903442145,0.32453782089051675,China
125,0.1263745596749719,0.34910006262379667,0.41012606474605384,0.2786619770701414,0.31985022308841293,0.31963635322822426,0.3198502230840504,China
126,0.11271576356622559,0.33461744867387366,0.39446429280113926,0.26981661785725597,0.304929735665467,0.3044877095481898,0.30492973566174797,China
127,0.13223443580724714,0.3562121435707225,0.4114377536457591,0.28952951073978783,0.32502630364079066,0.3248242950214765,0.3250263036376201,China
128,0.1752319749533534,0.3963136184877637,0.4473292383823554,0.33353554843485045,0.36825396874568683,0.36760520181171064,0.3682539687429839,China
129,0.20115339160307077,0.4183736542955694,0.4651870898406514,0.3608660144686182,0.39387233540844235,0.3924918373808668,0.3938723354061382,China
130,0.20905679201815408,0.4293109515425009,0.4685490564479988,0.3703048230143675,0.40212931399338325,0.4002147735326206,0.4021293139914188,China
131,0.19932057616240229,0.42228493410071954,0.4575281997710773,0.361494925358921,0.3924422236712979,0.3898152761091854,0.3924422236696232,China
132,0.1572726901315159,0.37990501766639795,0.41433611211361554,0.31788896912728204,0.35053480980898544,0.3482472636938905,0.3505348098075579,China
133,0.14231678020075555,0.36383921039303657,0.3970316948771363,0.29911336742047556,0.3350118833775937,0.33315781958421065,0.3350118833763769,China
134,0.18079408882040182,0.4020589294065554,0.4429952501090517,0.3342311202608349,0.3727999460566397,0.3713788868115473,0.3727999460556023,China
135,0.1871107161549732,0.4106960074339734,0.46058621660171173,0.34028287078824215,0.37910148892699636,0.37801076558529634,0.37910148892611195,China
136,0.19192706230960532,0.41472818710263315,0.4607189366040271,0.34666794983369065,0.38390776510991165,0.38399416695526367,0.3839077651091576,China
137,0.17733674265663446,0.3955960609409378,0.4405664335731838,0.3250541865749076,0.36879104614812863,0.36911395077052545,0.3687910461474856,China
138,0.18899814717787045,0.4076572795980109,0.452037455934195,0.3334895580404822,0.379262623873479,0.38014249074060724,0.37926262387293075,China
139,0.1621655265874289,0.38243290051353196,0.4227191734177267,0.30782418556391844,0.3524483014461425,0.3534731384389963,0.3524483014456752,China
140,0.13251949915118844,0.35191682773117694,0.38399666937677446,0.2777083144869291,0.3199325697088574,0.3209194296960828,0.31993256970845907,China
141,0.10394288475562896,0.32299223312218106,0.3469335914652254,0.2507954358240102,0.2900211272070575,0.29098779068952896,0.2900211272067179,China
142,0.13619853484160593,0.35044086667018615,0.3746786391946849,0.2860212498171837,0.3222504362883145,0.32322209590219086,0.32225043628802497,China
143,0.15390235048648548,0.3666579376786636,0.3913038354363092,0.30343676595980873,0.3380791220872521,0.33915929426274216,0.3380791220870052,China
144,0.1787195521011915,0.3876313313017551,0.41840592609745264,0.3318466333210982,0.36240937365285963,0.3639352802634026,0.36240937365264914,China
145,0.2127989461615638,0.4197697296839892,0.45513624994416313,0.3672297513533592,0.3942209671128317,0.39593364137214493,0.3942209671126523,China
146,0.17923694439203286,0.3858380880181249,0.4236173550492014,0.3269060281170627,0.3583551229187637,0.35998898448521066,0.3583551229186108,China
147,0.08747629411071556,0.2959408233284173,0.3261062777151602,0.23030247358726075,0.2661125784881212,0.26791981938089626,0.26611257848799086,China
148,0.045878421117917734,0.25345730334581174,0.2854227794480936,0.17944055967884687,0.2215101454459839,0.22314727880579666,0.22151014544587277,China
149,0.09337380242503068,0.2994948631745574,0.33891197651694616,0.22005278296481212,0.2671851988591277,0.26851761777674565,0.2671851988590329,China
150,0.14965850672162895,0.3531789078206502,0.38686953645018984,0.2708625335464996,0.32006539347261787,0.32091494737336856,0.32006539347253704,China
151,0.16949151049779076,0.3668090585227216,0.3997011483392141,0.2884943717188254,0.3355139020899126,0.3352612025379059,0.3355139020898438,China
152,0.1442548627763749,0.3409149565391032,0.36634865918968584,0.26558212005770976,0.3087626664085138,0.30814849833098523,0.30876266640845507,China
153,0.08719983582614987,0.28473043603697823,0.30178926342790213,0.21227851700334077,0.25115751776541173,0.2491490732636098,0.25115751776536166,China
154,0.10027821984885954,0.29173705441970466,0.30995211471739414,0.22909427317488185,0.26265531677007203,0.26081381938376647,0.2626553167700294,China
155,0.11397453576194527,0.30235426702837,0.32208753532764134,0.2437003996629632,0.2742631090361426,0.27186842166993264,0.2742631090361062,China
156,0.1440179555399943,0.33001822829068217,0.3518302740846053,0.27426463430518766,0.3019702531883036,0.299242322784564,0.30197025318827253,China
157,0.16871189650870322,0.3545554744351189,0.3760732596655001,0.29660201435467637,0.32467251135391706,0.32157688713415966,0.32467251135389064,China
158,0.17815710903719817,0.3629407670750683,0.38704396210592096,0.30311191377394986,0.33149347059038814,0.32808438615983493,0.3314934705903655,China
159,0.21141703122593947,0.39527425125215465,0.4191078755565687,0.3363450829041251,0.36214567324002667,0.3591162091782696,0.36214567324000735,China
160,0.19657660040944225,0.3778054903176753,0.3936382159476557,0.31442701830267894,0.3439705483437736,0.3406344935296365,0.3439705483437572,China
161,0.10715566291747991,0.2872394255846865,0.30209644703911565,0.2160937125765371,0.2524478425901858,0.24991858094486985,0.25244784259017183,China
162,0.058588908507015036,0.23643806798877898,0.25923674579626654,0.15704121487811762,0.20023664963969734,0.19841327316864843,0.20023664963968546,China
163,0.03670001256995381,0.21360868090584728,0.24206202738273164,0.13434361038463483,0.17672299687070436,0.17521667925622175,0.17672299687069415,China
164,0.08722580758180198,0.2589483245184485,0.28469790035248665,0.18037305677153492,0.22215833313434064,0.22075813406620703,0.22215833313433175,China
165,0.14193586923792778,0.3116454739878376,0.3294355320569765,0.2368326654278935,0.27438143569370343,0.272724750755009,0.2743814356936959,China
166,0.14748210417156504,0.3136184347448844,0.3279986702062533,0.24231329998864226,0.278919134090848,0.27598514905539495,0.27891913409084157,China
167,0.1256682902520001,0.2910973632690457,0.30092771840620625,0.2201724779320885,0.2558750045827275,0.2517042040609404,0.25587500458272194,China
168,0.08087023132090243,0.24461904519392674,0.25295896916180605,0.1734282274555049,0.20854595824704025,0.20356084508134598,0.20854595824703548,China
169,0.08889016055658372,0.24755684549226042,0.26119659189525024,0.17847335998276082,0.2147787470457626,0.2097855579483835,0.2147787470457584,China
170,0.1372991649550307,0.28923736913435405,0.31035340378850584,0.2272866216858508,0.2594409993692356,0.2544316937301211,0.25944099936923204,China
171,0.17326625121909245,0.32267548325685436,0.3433710243897251,0.2630940356800431,0.2918434321187149,0.287230138300531,0.291843432118712,China
172,0.239413106444743,0.3878958411708574,0.40172571377974087,0.3243777437656429,0.3556924778936449,0.35156323626005204,0.35569247789364244,China
173,0.22375462744379482,0.3725566994814692,0.3812477179717706,0.3060122920072671,0.3388161782533293,0.33529598591800636,0.3388161782533271,China
174,0.13467807247949193,0.280536310587989,0.29460715060695,0.21034514443021846,0.24907196192162073,0.24592658561572944,0.24907196192161885,China
175,0.1747164622782751,0.3158317915521107,0.3341569669494374,0.2449602066336627,0.28631795930511594,0.28386206889768995,0.2863179593051144,China
176,0.23815007872666405,0.3780119188887141,0.38921007702188093,0.30506816163998995,0.3462594474277123,0.343640092763999,0.346259447427711,China
177,0.24319670017609973,0.38201444138263907,0.3893763795040056,0.308299196177639,0.3486995525827775,0.3464194148219869,0.3486995525827764,China
178,0.2661666889593085,0.3988621203524474,0.4071666252888486,0.33143044428719337,0.3698180122972894,0.3669284292462912,0.3698180122972885,China
179,0.24099450670456146,0.3670859496652954,0.3767161711675352,0.30859218931209287,0.3415852560636041,0.33905540266537104,0.34158525606360324,China
180,0.19754767481312674,0.3191631402409907,0.3300980343978943,0.26652773679733355,0.2947882049745476,0.29197206389412556,0.2947882049745467,China
181,0.17270099022118723,0.2947123208816169,0.3079431639105299,0.24120467863321615,0.2681970517161789,0.2644346385711045,0.268197051716178,China
182,0.1243073664468981,0.24195052796871697,0.2611480986112308,0.1910922718577649,0.2168341233147888,0.21312871584937199,0.21683412331478802,China
183,0.09348700647609864,0.20662070536008847,0.2331873017568653,0.1586570203247858,0.18311188638499887,0.17951030053065586,0.1831118863849982,China
184,0.05988416508109795,0.17387468926034244,0.20970283773883613,0.12663009345192922,0.1481467895850046,0.1445526269099462,0.14814678958500405,China
185,0.060814986837892215,0.1698925970970967,0.21401109134060947,0.12020598065775279,0.14606360999116397,0.14262444123633167,0.14606360999116352,China
186,0.15746683029352104,0.26495370377918426,0.30391142595165743,0.2087126880291399,0.23940493757092773,0.23659506258016905,0.2394049375709273,China
187,0.23909060455939823,0.3423827320206366,0.3755237102012192,0.28314689003778637,0.3178359511443817,0.31520016396892925,0.31783595114438123,China
188,0.21372191058310397,0.3149595739901996,0.34292622527484773,0.2545487198389388,0.2893748831643054,0.2870758681643867,0.28937488316430504,China
189,0.12452594005178164,0.227872713246143,0.24908226061583838,0.16463556489011721,0.19939532747913635,0.19725373889886955,0.19939532747913613,China
190,0.12744561249683106,0.22940888424157546,0.24697700056361338,0.16734716622686074,0.20090592133323015,0.19849865006514744,0.20090592133322993,China
191,0.13078054243881654,0.22831760613405427,0.245028547420714,0.1699651564944874,0.20155746781180295,0.1992741248746387,0.20155746781180273,China
192,0.10158744146572729,0.1986657412311017,0.21200797926300996,0.13815880095458655,0.16970623863027667,0.1675432265644028,0.16970623863027645,China
193,0.1468614672046311,0.23791750135909984,0.257261367629401,0.17991292674914472,0.21234366635027502,0.21016236692593937,0.21234366635027502,China
194,0.2034427996103534,0.28630879795435127,0.3098734915503708,0.2270986254595686,0.26223087238339393,0.2591037531794288,0.26223087238339393,China
195,0.19714607646955262,0.2791786590223322,0.3013463462805258,0.21702987791359396,0.25430326698130923,0.2506608417825267,0.25430326698130923,China
196,0.11323158374170539,0.19203340519256085,0.23017587967330355,0.13423839375491875,0.16788683722775255,0.1647514096339996,0.16788683722775255,China
197,0.08892704801641016,0.16441501335608566,0.23145590207757916,0.10945054645279295,0.1410788569904352,0.13828797863453568,0.1410788569904352,China
198,0.0828503127040251,0.15430745195938478,0.2242946178469568,0.09437348515755073,0.1324973920288932,0.1294697544320068,0.1324973920288932,China
199,0.007194984654258607,0.08132091585680379,0.13686236842782606,0.0158036960845368,0.05618891279736793,0.053172342717362486,0.05618891279736793,China
200,-0.025680536061982062,0.04727230741882771,0.09103865774488629,-0.020239938319993933,0.019792300027300702,0.01703775981201716,0.019792300027300702,China
201,0.036550931654599994,0.10782394258597472,0.1465077608641382,0.04299762771125737,0.08161576863560338,0.07786742914015932,0.08161576863560338,China
202,0.07606884408676418,0.1473495226548327,0.17761607687227465,0.08118393290173909,0.11893318640908757,0.11389836153417843,0.11893318640908757,China
203,0.1008535412496534,0.16834622017002154,0.19500053183224642,0.10627999199774818,0.1414714196883896,0.13588700759803496,0.1414714196883896,China
204,0.08760569242621408,0.153449567624095,0.17727959564835394,0.09051091289354463,0.12482631363235586,0.11940265142634521,0.12482631363235586,China
205,0.07079162464614586,0.1306175192229605,0.15912067880176228,0.06840033307902005,0.10363393343179661,0.09770913515888013,0.10363393343179661,China
206,0.03232345701885797,0.0937648223300408,0.12277475173348296,0.030064429998491238,0.06513858789060911,0.05958988242583263,0.06513858789060911,China
207,-0.014630290124198253,0.044428809475471565,0.07803740592154229,-0.020893538685518354,0.015197393003061221,0.009405835004895002,0.015197393003061221,China
208,-0.043490337607661966,0.01363324400331456,0.055840984804411686,-0.05181117270198754,-0.014727324456676905,-0.02000631835415667,-0.014727324456676905,China
209,-0.0871634052512712,-0.03164984705376861,0.006180650252929132,-0.10389198057948679,-0.06041963125488037,-0.06467060896077814,-0.06041963125488037,China
210,-0.1357601140556618,-0.08345810518162544,-0.047235127690650414,-0.16097725111050232,-0.11296095706910625,-0.11711889948861931,-0.11296095706910625,China
211,-0.14158124944326544,-0.09521945235602647,-0.06136846102673588,-0.16651597293828913,-0.12177435687112936,-0.12556201047101423,-0.12177435687112936,China
212,-0.11026009922139368,-0.06416469014755832,-0.03222890201557449,-0.13535716606649506,-0.09189251766301532,-0.09542121442031348,-0.09189251766301532,China
0,0.764943436447824,0.764943436447824,0.764943436447824,0.764943436447824,0.7861727060018511,0.764943436447824,0.764943436447824,Peru
1,0.5463612400981572,0.48622392757244864,0.504204188538984,0.4994367440226486,0.5043113933493473,0.4954163618014453,0.49546214509460945,Peru
2,0.49054660351876195,0.39846540218117243,0.42951486025255137,0.43235885137004826,0.4216329401842524,0.41784132082098724,0.41794420306238916,Peru
3,0.4473117422799613,0.3427111366146221,0.3820399666131441,0.3844052780079753,0.3685384937021987,0.36732229601345234,0.3670008736510348,Peru
4,0.4107258447017515,0.30027723382738225,0.34382128311125704,0.34826621477517516,0.3262005986893053,0.32593565733891794,0.325559654283772,Peru
5,0.4483482230094586,0.3363417041507206,0.38143516777164077,0.3863558903189931,0.36231049178783425,0.36217984257882385,0.3620433193282442,Peru
6,0.4543994048267007,0.34892167390684015,0.3827962663508869,0.3937471922540441,0.3685179645825448,0.3686931969471622,0.3684065959169521,Peru
7,0.48547171440293513,0.38173131194844,0.42071196771744157,0.4208134275798383,0.3980651743305106,0.3983379628197288,0.39801875120855057,Peru
8,0.4261568740702187,0.32924229802822846,0.375574385269304,0.35232178987824125,0.33893928878963575,0.33916546375554857,0.3389199376890273,Peru
9,0.2831081114970468,0.18333593098178178,0.22390556730651717,0.20467833780345782,0.19427081428514612,0.19324001171005153,0.19426274793633225,Peru
10,0.2098744900600055,0.10986183764799311,0.1374696840879982,0.13196215797279062,0.12178349211712314,0.12066212984914247,0.12178012972526214,Peru
11,0.14795778007840488,0.04229261432120257,0.06910203029082357,0.08608206425233578,0.058898953304360846,0.058282177245265715,0.058897551718675945,Peru
12,0.14270029677421503,0.03377018995695666,0.06949828111442125,0.07772291501831646,0.05634587147081474,0.05585887559502664,0.05634528723122778,Peru
13,0.20296596044282894,0.09249545261070258,0.1347049316200434,0.13402618575718508,0.11738135318022352,0.11684078658569985,0.1173811096447061,Peru
14,0.2663388641242299,0.1555732176085351,0.1962101867968024,0.20028513602324233,0.18027624273786944,0.17914976740392238,0.18027614122207083,Peru
15,0.2771868503859516,0.16589617610719826,0.2069370208657342,0.21203912164636057,0.19110924779390226,0.18950530618614653,0.19110920547786772,Peru
16,0.2592421648777102,0.14539949823875647,0.18695844018163263,0.19137665102645132,0.1709987007402038,0.16889913284645855,0.17099868310110916,Peru
17,0.2514983797738349,0.13634441179610468,0.18176711518349456,0.18131014344722335,0.16192944158226433,0.15961642757944972,0.16192943422955128,Peru
18,0.2424911173810903,0.1342132614086765,0.18297133643172336,0.17705256538167774,0.15485420254472929,0.15261330868522333,0.15485419947981066,Peru
19,0.23279780971154634,0.12286497157191115,0.1744586529963365,0.1634165589334599,0.14248387974703705,0.13991764951051763,0.14248387846945065,Peru
20,0.17821791958688044,0.0705186877276685,0.11255887719105558,0.11194589697332323,0.09120702648064902,0.08943127876138066,0.09120702594809753,Peru
21,0.19324802083221532,0.08388343602730242,0.12752883647965177,0.13102985757730212,0.1082309854019846,0.10739082075159506,0.10823098517999485,Peru
22,0.14511086023882108,0.036574038015737775,0.07498043988412134,0.08189490928453728,0.0596440364350381,0.05882945736254473,0.05964403634250348,Peru
23,0.1129631894402304,0.015157514415586715,0.04033464285751315,0.0464616243684699,0.02952124070396922,0.029181690046455405,0.02952124066539691,Peru
24,0.1321087736536738,0.02284747175109661,0.051488943472506044,0.05369387006689699,0.04310120767420486,0.042605266166179545,0.043101207658126306,Peru
25,0.2151356285151382,0.09986842550757224,0.1359147706462891,0.13012941903241132,0.1223811851002031,0.12127353816466385,0.1223811850935009,Peru
26,0.33067630080007043,0.21943205225386003,0.25192100431466646,0.24628027277256798,0.23951381912292583,0.2385681042177624,0.2395138191201321,Peru
27,0.34856953666107565,0.2403577790545921,0.2684714537644477,0.2669093440846311,0.25919756551633366,0.25829700026470415,0.2591975655151691,Peru
28,0.401824094774713,0.29405775022088315,0.32333056088874285,0.32320768046989534,0.3154372546394867,0.314017879049188,0.31543725463900124,Peru
29,0.4655503978691802,0.35979300325432784,0.3936982182582055,0.39360470465707453,0.3830243196857123,0.38210138602005456,0.38302431968551,Peru
30,0.4914705797084872,0.3775283670244616,0.42554367041725916,0.4167326343643182,0.4024621789420386,0.4016338924691601,0.4024621789419543,Peru
31,0.47625995396125415,0.3629496068482513,0.42727766243038456,0.4070985317477667,0.38641963552693726,0.3866162132355825,0.38641963552690217,Peru
32,0.3721010545539487,0.26246489249161353,0.31946811078292536,0.30877356654398935,0.28390039486810087,0.2837882254068051,0.28390039486808627,Peru
33,0.29733235860075763,0.18650171958354683,0.23182403558916584,0.2250513184527317,0.2077037126283799,0.20705948428439913,0.20770371262837384,Peru
34,0.211605395185891,0.09792625222224993,0.14924495586204878,0.12851390081758257,0.11979689121992876,0.11868439860499366,0.11979689121992623,Peru
35,0.24576619038812425,0.12758582782070135,0.1758767676444286,0.17231560128547657,0.15147639061771312,0.15098819038441666,0.15147639061771206,Peru
36,0.19323564160551554,0.08731542329456785,0.11331637583979985,0.1254224249643347,0.10025785981688126,0.09990054582800366,0.10025785981688083,Peru
37,0.21947569116542012,0.11215362741516227,0.14120471759304434,0.1511366779360421,0.1326617485257779,0.1322948376930761,0.13266174852577772,Peru
38,0.23903408527129116,0.13230173853200858,0.16197262796842385,0.1698053656923625,0.15544182755041902,0.15452785971182653,0.15544182755041897,Peru
39,0.26587241098442166,0.15271146361417215,0.1862624034670937,0.18934843220547254,0.17831758839985462,0.1760657029786673,0.17831758839985462,Peru
40,0.26662600801290903,0.15269772875278567,0.18543825949767417,0.19009511323235873,0.1780630820774335,0.17589358986833442,0.1780630820774335,Peru
41,0.27079414825455816,0.1625874676758739,0.19964219359528346,0.19960476970393182,0.18744586365231566,0.1856583655828193,0.18744586365231566,Peru
42,0.29156865601095505,0.1795928697063963,0.21593081709934805,0.21944911330452863,0.20371808120585183,0.20283979702827898,0.20371808120585183,Peru
43,0.25823825427273733,0.14724899848158385,0.17971344291971061,0.18806680054751848,0.17047852987049034,0.1696681367784813,0.17047852987049034,Peru
44,0.2638889738817822,0.1580941720413369,0.1892518627650635,0.19106821519868322,0.17927472333485414,0.17864005903080948,0.17927472333485414,Peru
45,0.3576394817184562,0.24562043352305524,0.27956500497696934,0.2854525593211328,0.27026785196916486,0.2692436155693996,0.27026785196916486,Peru
46,0.5427409714603388,0.43274799435690603,0.4695456050381771,0.480199520430213,0.45673951899827786,0.45634113387308856,0.45673951899827786,Peru
47,0.5371525968431755,0.4235941502243948,0.4747439590531394,0.47916383339093216,0.4496282090970207,0.44973892627355055,0.4496282090970207,Peru
48,0.4861323815554284,0.3698621173808022,0.4148764756765423,0.41325911883663535,0.39422454943490914,0.39445071605825277,0.39422454943490914,Peru
49,0.48639978844798526,0.3710935500317058,0.4091049655177995,0.4246479088794838,0.394736167628087,0.3927334098705263,0.394736167628087,Peru
50,0.485389684485615,0.36722023684855054,0.4051315428078896,0.42218755104588956,0.3925630611072987,0.39171345621950987,0.3925630611072987,Peru
51,0.49729998632723216,0.38450052969161186,0.4131735876187248,0.429814259561196,0.40258985621340626,0.40168568448589126,0.40258985621340626,Peru
52,0.48769451260019314,0.38391255926172646,0.41895326896042273,0.4228509621024217,0.3954190654282669,0.39469882453955274,0.3954190654282669,Peru
53,0.4238226249055552,0.32063327382442774,0.3570343396293857,0.3592248093666513,0.3331070369692538,0.332713668018572,0.3331070369692538,Peru
54,0.4661450974701945,0.36555452669832156,0.39540534217969403,0.4038638192103299,0.37650828251375024,0.37477827981147616,0.37650828251375024,Peru
55,0.5248943060089197,0.42357434934292115,0.4641182158952679,0.45677847136146466,0.4359796811541904,0.43532512701382475,0.4359796811541904,Peru
56,0.5680875515996096,0.4675560704263936,0.5210917805426244,0.5062840051915838,0.482434576541651,0.482223903776349,0.482434576541651,Peru
57,0.43838043975634716,0.341709241022339,0.37696791474412883,0.37114036497421304,0.35005696619252935,0.349585763046989,0.35005696619252935,Peru
58,0.38572028025240535,0.28452291743283165,0.3480090389569761,0.31512761724215604,0.29809627635275515,0.2974407867846321,0.29809627635275515,Peru
59,0.40792228464524316,0.29726907438640393,0.37874176245444335,0.3305365139083994,0.31817444344798373,0.31717029855099266,0.31817444344798373,Peru
60,0.40940178219086587,0.29279334411253255,0.362021839961127,0.3316258870840876,0.31729518915268207,0.31515255223404004,0.31729518915268207,Peru
61,0.4058494795833395,0.2947093318206187,0.345044567177789,0.34569770097801833,0.31805359304148645,0.31547102753511325,0.31805359304148645,Peru
62,0.42427451055554893,0.31249620857536586,0.35402266448550834,0.3591171688964194,0.3338860548649406,0.3306453612388449,0.3338860548649406,Peru
63,0.45581008262556727,0.34977760481962217,0.39001060054706604,0.3942641869494782,0.37105642517288295,0.3688334663283689,0.37105642517288295,Peru
64,0.45287533078012954,0.3523345898213781,0.387189992214482,0.3903144939803802,0.3705813237258738,0.36762090516157386,0.3705813237258738,Peru
65,0.44328747369434973,0.33759266752870065,0.38474816292656244,0.37701512427954265,0.35849156382271025,0.35593725918457414,0.35849156382271025,Peru
66,0.5121866372738718,0.4100215524701901,0.4598738381285039,0.44994329156957963,0.42923882578706074,0.42720100797535504,0.42923882578706074,Peru
67,0.49255830689031177,0.38677458324196523,0.43029878966911905,0.43267887754877354,0.40873373614439856,0.4080212249829695,0.40873373614439856,Peru
68,0.5274117948989356,0.43111561638042417,0.4584793355028256,0.4681466494598818,0.4463583057827961,0.44507936482101595,0.4463583057827961,Peru
69,0.6478001567513422,0.5467670855474228,0.5741265127953762,0.5841170382554682,0.5637282896213145,0.5632398215624203,0.5637282896213145,Peru
70,0.7346155492979201,0.6323747144100029,0.659512676417026,0.677672266186362,0.6485695114236123,0.6483924697942415,0.6485695114236123,Peru
71,0.7750365688266676,0.6703366535024915,0.700094307353943,0.7082999269183068,0.687819244773888,0.6877672026464346,0.687819244773888,Peru
72,0.7474775725747358,0.6488229030540063,0.6925990274178032,0.6754372323459747,0.6652753971127653,0.6655262185559863,0.6652753971127653,Peru
73,0.7077993119026438,0.6080030400871448,0.6532145106328799,0.6396194465234027,0.6262069512973565,0.6263584979057912,0.6262069512973565,Peru
74,0.6970733596427106,0.5952257659667414,0.6378973615129271,0.6268756807361676,0.6158766861356766,0.6162190730973077,0.6158766861356766,Peru
75,0.6867207817111665,0.5801276009670732,0.6228002753016433,0.6191545624854746,0.604154325032713,0.6043644133867637,0.604154325032713,Peru
76,0.6641257921804451,0.5616670736109994,0.611496442717623,0.5988890315435487,0.5850181151516065,0.5856935360364564,0.5850181151516065,Peru
77,0.6744597751618276,0.576515396069696,0.625479528280796,0.6138440087208917,0.598110597458945,0.5989343960162574,0.598110597458945,Peru
78,0.6314849859567906,0.528130677971145,0.5840596564600105,0.5740672002098002,0.552174424095012,0.5526179290124252,0.552174424095012,Peru
79,0.5704306155595861,0.46366463593840085,0.5149968039770243,0.5028839544095094,0.4895743287377451,0.48980330111476966,0.4895743287377451,Peru
80,0.6470406026324476,0.5399144541398331,0.5791463414162776,0.5740136758455663,0.5643348683808531,0.5630893280604262,0.5643348683808531,Peru
81,0.7377303700505025,0.6343952228378336,0.6647803581540185,0.6748392190569851,0.6557318654828913,0.6553767708814451,0.6557318654828913,Peru
82,0.6879085492366144,0.5855982131226718,0.6530267814526882,0.6326292551118758,0.6077818764100178,0.6081567165777478,0.6077818764100178,Peru
83,0.6428090612737521,0.538824352529733,0.6358435383355889,0.5818928573871178,0.5620137668439249,0.5625283237067535,0.5620137668439249,Peru
84,0.6670003144327864,0.562513807569815,0.6447017013930978,0.6088917103052087,0.5861817311665207,0.5859477624311146,0.5861817311665207,Peru
85,0.696980953816237,0.590649324624142,0.6537963367573962,0.6313795084483325,0.6160839944480767,0.6158382166346634,0.6160839944480767,Peru
86,0.6759079101810044,0.5732133086244032,0.6202903610791903,0.6166333541282227,0.5956127972307089,0.5951654207522491,0.5956127972307089,Peru
87,0.6648247767844815,0.5705112732036204,0.6042896706635814,0.6138043732217676,0.5858685175792047,0.585321597072665,0.5858685175792047,Peru
88,0.6357447044751017,0.5399725312972522,0.5732159095865036,0.5791410293051135,0.5531368486313578,0.5526325367858164,0.5531368486313578,Peru
89,0.6531990221767149,0.5582223313654304,0.5915781249726171,0.5974188126348652,0.5698812331296601,0.5692048429533021,0.5698812331296601,Peru
90,0.6854334074227716,0.5900285673349234,0.6194423768822521,0.6255521027152954,0.5984483456251235,0.596608712481646,0.5984483456251235,Peru
91,0.5933217443143812,0.4960526755956215,0.531140964194722,0.5283462739634918,0.5058879856897115,0.5045009299895152,0.5058879856897115,Peru
92,0.5231175648322143,0.4254147023521172,0.45790728197416974,0.45707181014899323,0.4339535456212489,0.43169364207416094,0.4339535456212489,Peru
93,0.5221690649199314,0.43155285543668653,0.49675303247464164,0.4515094286051746,0.43788575031471155,0.4367061791837815,0.43788575031471155,Peru
94,0.4994564152460468,0.4081132339341361,0.4694815675619173,0.42406253122053417,0.41291751076155747,0.41130872892165815,0.41291751076155747,Peru
95,0.48225498675976075,0.39133117787847,0.44921390474032163,0.40773010885227906,0.39575558227227736,0.39489068755797946,0.39575558227227736,Peru
96,0.48842845588325534,0.396723726692896,0.45192969732345134,0.42722885117808773,0.4011188884328851,0.399614547113444,0.4011188884328851,Peru
97,0.5212938106036417,0.4305444948225211,0.4704535307483664,0.47265414502938485,0.43782589366285635,0.4357528459343979,0.43782589366285635,Peru
98,0.5441247335948709,0.4423173237526119,0.4792006232257937,0.496994872284199,0.4600989335857265,0.4582897314013556,0.4600989335857265,Peru
99,0.5513432353062939,0.44464125706615154,0.47681285337210044,0.5017275214107682,0.4656894192876547,0.4641124410560365,0.4656894192876547,Peru
100,0.5670371604217368,0.4586217017958495,0.502974006045688,0.5146239935245878,0.4832864620201399,0.4815229639038555,0.4832864620201399,Peru
101,0.5672963253328572,0.4603543666676333,0.5043816044651337,0.5118577836289031,0.48426574367280645,0.4831332911567663,0.48426574367280645,Peru
102,0.5151756983880804,0.4076696549234461,0.44227934770424204,0.45926106889062557,0.4309350058171769,0.42936367428708544,0.4309350058171769,Peru
103,0.4826341128808199,0.3822695740051859,0.4094252051774495,0.4234642082420569,0.40056241595057884,0.39896380208423265,0.40056241595057884,Peru
104,0.4613209770242032,0.35961507262058595,0.39949130803114563,0.3899549193083064,0.3756935142572533,0.37385819169781853,0.3756935142572533,Peru
105,0.4363651418268031,0.3358109912627618,0.3752983370091973,0.3703959603588546,0.3528808466096992,0.3509404591084452,0.3528808466096992,Peru
106,0.4264267415441718,0.32018591675155195,0.3516657526127869,0.3679635185536575,0.3408072899519719,0.3390438146842871,0.3408072899519719,Peru
107,0.5285794739456456,0.4249592641136285,0.4503808220706358,0.4633104664009419,0.4447398296921589,0.44373985091201845,0.4447398296921589,Peru
108,0.5930504727497306,0.49085730442025266,0.5168212893666715,0.5216069276748085,0.5126532311771161,0.5125486787678297,0.5126532311771161,Peru
109,0.5463444500566421,0.4442347240782708,0.47373293181415893,0.494930429431956,0.46744085437677496,0.466916717643147,0.46744085437677496,Peru
110,0.5688180399653414,0.4691537605458387,0.49761330049130736,0.5126429497367113,0.487313192571008,0.48546913541817405,0.487313192571008,Peru
111,0.5858860947561594,0.47996696381333537,0.5154772283946751,0.526858977809331,0.5030453516536126,0.5017985984929373,0.5030453516536126,Peru
112,0.6361837285763601,0.5297935207780078,0.5693672424045251,0.5774088376943272,0.5539422574417122,0.5527037801760739,0.5539422574417122,Peru
113,0.6096103109837056,0.49944882787172806,0.5389327735324776,0.5504410160273919,0.5251705798733548,0.524101965488654,0.5251705798733548,Peru
114,0.5903355075189085,0.4867433289274855,0.5317671215040163,0.5346720990764626,0.5090102975030426,0.5078400026981471,0.5090102975030426,Peru
115,0.6424146213396771,0.5363139426914951,0.5874206333381824,0.581553944790876,0.5611456314287279,0.5592759903694229,0.5611456314287279,Peru
116,0.7131351075835626,0.6105726205516361,0.6596456823335022,0.650874277293279,0.6351979378941011,0.6341818882518439,0.6351979378941011,Peru
117,0.7708454452640178,0.6702932372291972,0.718754263030563,0.711263455801886,0.6942971177203056,0.6941086316952261,0.6942971177203056,Peru
118,0.8148880286499198,0.7115033257545529,0.7522577948990787,0.7527522288859123,0.7352481653512817,0.7354046424855023,0.7352481653512817,Peru
119,0.9148437875474982,0.8192959021804376,0.852956570344624,0.8492732209649346,0.8384642362796761,0.8385294624997014,0.8384642362796761,Peru
120,0.9221494821179462,0.8238615297577875,0.861918735477544,0.8545890773004212,0.845454848125551,0.8455869878207818,0.845454848125551,Peru
121,0.8957343383534417,0.7971590474598804,0.8423815318618528,0.8301767219159469,0.8210384956664296,0.8213212452365667,0.8210384956664296,Peru
122,0.8274535584955602,0.7341587583670333,0.7760658746126837,0.7621845524661204,0.753043395996778,0.7532419915834934,0.753043395996778,Peru
123,0.7426726584434609,0.6563700110692059,0.687436079049929,0.6825434347066182,0.6679523429522801,0.6682845204644574,0.6679523429522801,Peru
124,0.7093443033962008,0.6279231252713425,0.6503410894122607,0.6527362698679657,0.6358768376734745,0.6365513939736283,0.6358768376734745,Peru
125,0.7359546931065046,0.6477364404110596,0.6773207722393533,0.6838929519372287,0.6620929270071594,0.6623965000507178,0.6620929270071594,Peru
126,0.7633070767382835,0.6744025571448772,0.7084704994580248,0.7170866386171292,0.6906343457220292,0.690688729945595,0.6906343457220292,Peru
127,0.8143393012328604,0.716412738317232,0.7547571536454839,0.7657636016459495,0.7381181875919085,0.7376922959020689,0.7381181875919085,Peru
128,0.7762625217468708,0.6834131574873987,0.7206787418791976,0.7158293281433852,0.6996619002363224,0.6996392036175538,0.6996619002363224,Peru
129,0.680897866793915,0.5796970245933086,0.6218129910263702,0.6159223148275481,0.6025659205778702,0.601183206630472,0.6025659205778702,Peru
130,0.5913763649280572,0.4962995643297714,0.537186071402231,0.5252962815762043,0.5116999999886228,0.5105743029310438,0.5116999999886228,Peru
131,0.5474127589244516,0.4484438461336182,0.5352944761527333,0.48792555203023746,0.4668620972859975,0.46577933356653634,0.4668620972859975,Peru
132,0.5174061228759732,0.4148410593247304,0.4980390744502546,0.4645698152833071,0.43581703723988374,0.43515985251015354,0.43581703723988374,Peru
133,0.6596562468398295,0.5540283276084963,0.6113069904964459,0.59801936491652,0.5789587101387066,0.5785736464931752,0.5789587101387066,Peru
134,0.7122242794490945,0.6104264411240741,0.6539951341353546,0.6585722470178158,0.6341802409456048,0.6331836032021649,0.6341802409456048,Peru
135,0.7387768585750811,0.6368886209990475,0.6749945094651622,0.6907638744095557,0.660179695490021,0.6594116515742274,0.660179695490021,Peru
136,0.7783068061309086,0.6772368954107896,0.7147980565475373,0.7295578208045937,0.7004704704911473,0.6996910771892113,0.7004704704911473,Peru
137,0.7331196755830107,0.6336872126865458,0.6687160278870725,0.6849209792163269,0.6549464908183805,0.6539969649249715,0.6549464908183805,Peru
138,0.7635005006517714,0.6637726457864385,0.701563241591264,0.7166167120711228,0.687657915971859,0.6870329996201037,0.687657915971859,Peru
139,0.7319649304504734,0.6311221176316815,0.6646088696594529,0.6816866615690742,0.6549501485945881,0.6545268954545891,0.6549501485945881,Peru
140,0.708136041465489,0.6037912542256312,0.6551758152366971,0.6487000442960191,0.6273279583489264,0.626548316048844,0.6273279583489264,Peru
141,0.6744299315924369,0.5703959370842703,0.6399509590696937,0.6213186733125675,0.5959424066618411,0.5948228997267282,0.5959424066618411,Peru
142,0.5809924758651477,0.4830357799959315,0.5369266413008531,0.5325011217792044,0.503554737199388,0.5022523282245757,0.503554737199388,Peru
143,0.518947466385073,0.41520925225003036,0.4658965801218835,0.453088644261848,0.43943239582069515,0.4386087346707302,0.43943239582069515,Peru
144,0.5153272277477864,0.4116494963241051,0.4551460391693919,0.4639285959702678,0.43738394380222195,0.4366563915635393,0.43738394380222195,Peru
145,0.6034287521397195,0.4989408379117409,0.530542449167279,0.5335351004062854,0.5203729890317573,0.5199520783794477,0.5203729890317573,Peru
146,0.6987873053973672,0.5974559128510204,0.626525412568721,0.6267020375190004,0.6128604815111771,0.612128228985574,0.6128604815111771,Peru
147,0.6817582297200291,0.5897928404335364,0.6133518669871669,0.6168200441247588,0.5976482203570876,0.5955996296034003,0.5976482203570876,Peru
148,0.710174901440602,0.6208498818451139,0.6398001492887262,0.6485829836629736,0.6264380810162914,0.6246289421041211,0.6264380810162914,Peru
149,0.7813685201105924,0.6849616009289501,0.709613092100446,0.7212884608401378,0.6963811002241568,0.6944530844391595,0.6963811002241568,Peru
150,0.8276124154677803,0.728898554459577,0.7713045541388313,0.7680882938436543,0.7471228962982449,0.7457875433729206,0.7471228962982449,Peru
151,0.8066270920898879,0.7128021257482607,0.769058500244987,0.7529321582690326,0.7274396404080851,0.7263893788891391,0.7274396404080851,Peru
152,0.8293826355259837,0.7332987254049695,0.7869843641158931,0.7765996279659324,0.7507257602864661,0.7497299742862512,0.7507257602864661,Peru
153,0.8467955345799059,0.7491900975443433,0.8059870558990222,0.7941116444726422,0.7670147296828377,0.7651743279660591,0.7670147296828377,Peru
154,0.7821045688784471,0.6835026099714876,0.7539221862716152,0.7336701962522887,0.7043908914060459,0.703859605529153,0.7043908914060459,Peru
155,0.7669404682942198,0.6689140165600456,0.7243865913407631,0.7169821477295146,0.690384531958053,0.6898751222312824,0.690384531958053,Peru
156,0.8244940902390375,0.723329975820843,0.7828369960598711,0.7712571445281593,0.7451643147085025,0.7442916018217316,0.7451643147085025,Peru
157,0.8393134412185255,0.7440821521598403,0.811397021658721,0.7854149770574033,0.7588274133926763,0.7550183354479323,0.7588274133926763,Peru
158,0.881907206206638,0.79052859034829,0.8411780175029246,0.8291126166919935,0.8023188272499782,0.7972857494262738,0.8023188272499782,Peru
159,0.8879582344900225,0.8033888406763672,0.8321870786912451,0.8332247331952901,0.8098986217120301,0.8072096814479468,0.8098986217120301,Peru
160,0.871795797758081,0.7930090492305133,0.8118401735097796,0.8112567658600043,0.7958867816193641,0.7936944820297873,0.7958867816193641,Peru
161,0.8298710624143626,0.7503838992755099,0.767177605567369,0.7666173839201218,0.7527327405780162,0.7511987129351949,0.7527327405780162,Peru
162,0.8040330003860857,0.7252121569249923,0.7465880633602762,0.7423495551907962,0.7281069774279263,0.7269755773629438,0.7281069774279263,Peru
163,0.8154785365234635,0.7372117133357283,0.7603493167388393,0.7616151127452917,0.7387467619834378,0.7366184703102849,0.7387467619834378,Peru
164,0.8855632876589823,0.8126735305396804,0.8334472570149779,0.8393207439022623,0.813805952494265,0.8115718678049029,0.813805952494265,Peru
165,0.9046691401158314,0.8298535096203374,0.8522908520277477,0.8610114935356039,0.8320775334106206,0.829712252747004,0.8320775334106206,Peru
166,0.8353748530411038,0.7598236781550645,0.7973824095013766,0.7777614500235538,0.7607507443734556,0.7586439442385386,0.7607507443734556,Peru
167,0.8609149520991188,0.7856157236327057,0.8184258059016362,0.7998376143074377,0.7868230793376861,0.7855354655847768,0.7868230793376861,Peru
168,0.8412853442091066,0.7662135677525885,0.8081195232903146,0.7861406179496745,0.7673735767099045,0.7659960760177091,0.7673735767099045,Peru
169,0.8836211211745126,0.8080643723720541,0.8520252201305047,0.8203372490909304,0.80953301150134,0.8083271097841258,0.80953301150134,Peru
170,0.7962302715593688,0.7259931791201489,0.754668573707862,0.7534834885914328,0.7286415303045202,0.7271460218660744,0.7286415303045202,Peru
171,0.758466442236105,0.692581011966058,0.7107294644145075,0.7281708212756597,0.6949906353638726,0.6927664148177278,0.6949906353638726,Peru
172,0.7560632239362843,0.6856373640830504,0.7009904815230354,0.7244195087015126,0.6912394462375948,0.6886959571106736,0.6912394462375948,Peru
173,0.7498609638550835,0.6756126413976817,0.6930180716938539,0.716491524686535,0.6818171299709864,0.6796488399080483,0.6818171299709864,Peru
174,0.7940177171297366,0.7185346062414526,0.7435551012199949,0.7552737045897988,0.7234969215693676,0.7221265713494198,0.7234969215693676,Peru
175,0.7873054571293044,0.7175303432081719,0.7481184874598943,0.752606539885033,0.722882641827322,0.7216607377475606,0.722882641827322,Peru
176,0.7275280410584055,0.6483698288168669,0.6740877055929536,0.6847144856775017,0.6562039324731057,0.653868185726014,0.6562039324731057,Peru
177,0.7715520009000238,0.6905972731579759,0.7083573261677273,0.7197199478767189,0.6981379929397955,0.6966806895999753,0.6981379929397955,Peru
178,0.8904872829598236,0.8113884118692197,0.8290262955272782,0.8386917472525692,0.8228598888592599,0.8222082133299005,0.8228598888592599,Peru
179,0.9692810663948788,0.8838732305435247,0.9012802420240926,0.915741405472033,0.8982051279993002,0.8982422751606136,0.8982051279993002,Peru
180,1.0780269792606232,0.9878115711832012,1.005513098163056,1.0126055008041495,1.0041965619839912,1.0042970049890045,1.0041965619839912,Peru
181,1.11754693149032,1.0234812180152726,1.0479882828638833,1.047990346001763,1.043515376631277,1.043818120516312,1.043515376631277,Peru
182,1.1231134759298915,1.0358974841706086,1.0588964487496266,1.0527480649490206,1.0508827103831935,1.0512787055299422,1.0508827103831935,Peru
183,1.064179063009297,0.9798345011349058,1.0108450480896787,0.9956186175980339,0.9940828531349737,0.9944872743876246,0.9940828531349737,Peru
184,0.9695421314703794,0.88247952773735,0.9136262855489053,0.8988370720792147,0.8978121300469051,0.8982541335685312,0.8978121300469051,Peru
185,0.9574113149720691,0.8689227959682096,0.8977068963221588,0.8874376197606395,0.8861765396571863,0.8870117542760433,0.8861765396571863,Peru
186,0.9869995915756729,0.8946087362343171,0.9302047150747408,0.9153487091666712,0.9130960901658441,0.9137462341590841,0.9130960901658441,Peru
187,0.9905460905210497,0.8984576064219272,0.9447620442941993,0.9211718772969657,0.9177936467441955,0.9183719850867618,0.9177936467441955,Peru
188,0.9400880845179085,0.8528538968414721,0.898787781922333,0.87243878541737,0.8695632151909735,0.8698307869229204,0.8695632151909735,Peru
189,0.9412511061970779,0.848407459895753,0.9061095095305579,0.8747054733390931,0.8693996700048666,0.8678112219404286,0.8693996700048666,Peru
190,0.9337873370108574,0.836952206035795,0.9150371295917642,0.8688731544464694,0.8610861842277739,0.8604170488458924,0.8610861842277739,Peru
191,0.852832070806633,0.7601314937422881,0.82672767977649,0.8006020694772996,0.7840763471557105,0.783637481181163,0.7840763471557105,Peru
192,0.7402410481200183,0.648869546136323,0.6963620576366174,0.7030400711127427,0.6748777099385053,0.6744638067668229,0.6748777099385053,Peru
193,0.690526809496391,0.6048736756280109,0.6721190641843304,0.6419211331130863,0.6283253250340104,0.6276427850200601,0.6283253250340104,Peru
194,0.8394053228658845,0.772699779916096,0.8412494179071054,0.8286452158492602,0.7977472512650777,0.7950166912130374,0.7977472512650777,Peru
195,0.8903712884178205,0.8135581404851207,0.8711191069737695,0.8700387013515816,0.8397989168643141,0.8380680528579398,0.8397989168643141,Peru
196,0.886700528179598,0.8107954774111434,0.8579166300915562,0.8704316318120212,0.8359078341186147,0.8344364585226138,0.8359078341186147,Peru
197,0.9174791379421843,0.8457490482978536,0.8832977500151523,0.902291234527228,0.8700901351221986,0.8682686768801106,0.8700901351221986,Peru
198,0.9046681523833722,0.8356328191424685,0.8756290947905476,0.8918904733961162,0.8604457160014016,0.8589574183248381,0.8604457160014016,Peru
199,0.9088424701205604,0.8374056167621137,0.8824713767339681,0.8904090763115802,0.858948929418883,0.8572930517271415,0.858948929418883,Peru
200,0.9651378889276956,0.9039973739787813,0.9467546579950439,0.9530724345256525,0.925114752639048,0.9235407745633915,0.925114752639048,Peru
201,0.9714669762467891,0.9122867020139852,0.9600376694469119,0.9566163729882673,0.926819410501392,0.9264940154391204,0.926819410501392,Peru
202,0.964131325388303,0.9114373784632637,0.9672928511060208,0.9496243245504239,0.9227994001843505,0.9222982949730452,0.9227994001843505,Peru
203,0.9725936183755757,0.9305342947821126,0.9692453895122947,0.9660122208414684,0.9378870872773719,0.9367379831739291,0.9378870872773719,Peru
204,0.9340237671784872,0.9017803352695792,0.9641702923696458,0.9374590768729543,0.907322274025308,0.9052146775558447,0.907322274025308,Peru
205,0.9217685767803085,0.9003607547961755,0.9790870442766064,0.9202283680282813,0.9053949803219877,0.9040364050819908,0.9053949803219877,Peru
206,0.8825958270287777,0.8475580963964802,0.9157146195601009,0.886123060063436,0.8547974412778095,0.8526303474574665,0.8547974412778095,Peru
207,0.8507784289751663,0.8240195566754289,0.8687399953962568,0.86474480089128,0.8304520708784079,0.8281195705051372,0.8304520708784079,Peru
208,0.8965567144603868,0.8665430558545281,0.8988437424795361,0.8988052001928599,0.8741017139577034,0.8724443182052539,0.8741017139577034,Peru
209,0.8736972620936558,0.839230372242649,0.8683279858431279,0.8765129334826045,0.8538504852117657,0.8512766636616161,0.8538504852117657,Peru
210,0.8573477231364326,0.8306046601613299,0.8653672522919009,0.8725344999929203,0.8490747557016711,0.8476444616384996,0.8490747557016711,Peru
211,0.8955197403256088,0.8695692675252722,0.9172769239226426,0.9124090926661285,0.8885756902886073,0.8875264820151315,0.8885756902886073,Peru
212,0.9556495006510832,0.9234238205553488,0.9688921250409441,0.9711671341891324,0.9457638681316108,0.9444628919408493,0.9457638681316108,Peru
0,0.3121690522382186,0.3121690522382186,0.3121690522382186,0.3121690522382186,0.29147143356842364,0.3121690522382186,0.3121690522382186,Nile
1,0.40797972108732194,0.40823723258813877,0.4202078559690293,0.423934323845455,0.40496651194959316,0.42109099325399385,0.42082680994733496,Nile
2,0.4486025336931583,0.44908116485449273,0.4691478783015857,0.47671663540837234,0.45897806737773805,0.47822491011317103,0.47113159366452145,Nile
3,0.4606090472065119,0.46986830225018933,0.48760521184761363,0.5017934330070313,0.4824736601433652,0.49898263017331507,0.49178673870119344,Nile
4,0.4737981745794327,0.48209546639554635,0.5047582940901393,0.5239532478798037,0.5035838896607858,0.5188050285308354,0.5107203725364267,Nile
5,0.4397332303500722,0.4479840840426509,0.47444396379463666,0.49569347560523735,0.47625586990901114,0.4880449808265296,0.481724457714652,Nile
6,0.4489597546951835,0.4548832920958173,0.48637106837883143,0.5087276574310384,0.4900130144584714,0.5000464139041937,0.4942035174147779,Nile
7,0.5223169126545479,0.5293493720400003,0.5633594901929422,0.5863676816981391,0.5675547201799221,0.5760820028517427,0.5707658444501954,Nile
8,0.5450926535417491,0.5515137391626399,0.5881269096807438,0.6145482682195551,0.5940256777970634,0.6010692606393883,0.5964863177695564,Nile
9,0.5907217128749208,0.6056460859760395,0.6353580764623585,0.6644363621581173,0.6416686434650407,0.6475648076743065,0.6435541977334576,Nile
10,0.5844818597376282,0.6018121215242213,0.627307231039708,0.6608363168103181,0.6364320347773561,0.6411600832879785,0.6378769088503164,Nile
11,0.6014516938350856,0.6277721487310197,0.646228933981791,0.6757922181925676,0.6548155049565587,0.6586052749687104,0.65592269191038,Nile
12,0.6527556092509721,0.6739518827990347,0.6987874721768472,0.7240266370777759,0.7068159007247687,0.7101139399543264,0.7076643227247568,Nile
13,0.637239355117719,0.6608027768656013,0.6853458795633944,0.7088579418758002,0.692184044453801,0.6976878681668386,0.6928341784601486,Nile
14,0.6129401135864941,0.6340591773839747,0.6625158012768863,0.6842066047622684,0.6685004317512484,0.6786218556101566,0.6689986204194059,Nile
15,0.610798257532579,0.6218744983530256,0.6609590554086389,0.6838322667739565,0.666082363958866,0.6746126589910169,0.6664641190226794,Nile
16,0.5894160253159776,0.5926576720008536,0.6401032271019323,0.6634033497939963,0.6445274116812303,0.6518437351429812,0.6448199452896044,Nile
17,0.6183251714620798,0.6223695678900084,0.6702934695089884,0.6926990782864825,0.6743076758227106,0.6802175502367149,0.67453184026777,Nile
18,0.653126098317225,0.6561130028080439,0.7054053776307083,0.7239993395036369,0.7087061488576484,0.7138294197695738,0.7088779229615132,Nile
19,0.6635970318446013,0.6682573120646265,0.7152491633379005,0.7370251502107611,0.7202858835395745,0.724196733211847,0.7204175116519219,Nile
20,0.6348933981509362,0.6336667522702119,0.6818564478770507,0.7097159258664418,0.6909279560283165,0.6940082989825764,0.6910288208244081,Nile
21,0.5663842765330016,0.5622762414326766,0.6045363113196067,0.6419875729241399,0.6219033651802937,0.6242464475674425,0.6219806564739936,Nile
22,0.612881252939465,0.6084879912042507,0.6331908777860503,0.6909783320703864,0.6684065465126758,0.6702884419866406,0.668465773758586,Nile
23,0.6597834766503957,0.6595310208269577,0.6864425106721255,0.736242284619136,0.7150921200430106,0.7168542294655174,0.7151375050597464,Nile
24,0.6852701617264787,0.6811131141466906,0.7153389124718126,0.7610234762463954,0.7409582118268044,0.7436922147263941,0.7409929897353912,Nile
25,0.6652829060249136,0.6595543975470319,0.697863350091272,0.7386147424773831,0.7216003865289973,0.7286793589974848,0.7216270363577879,Nile
26,0.6462543130156605,0.6471446819879905,0.6824125815203304,0.7194394457455472,0.7025343966680448,0.7143574207034746,0.7025548180620685,Nile
27,0.6457580722422178,0.6446612405646022,0.6855288369095162,0.7157490672188391,0.702015291869965,0.7121715806723421,0.7020309405008492,Nile
28,0.6524825693398631,0.6515773689889471,0.694709801854765,0.7203879732233852,0.7089014751105763,0.7183769985427575,0.708913466439291,Nile
29,0.6842543587966838,0.6847063614291179,0.7281629413384136,0.7517654238370539,0.7402275323923817,0.7533975823529269,0.7402367211811905,Nile
30,0.7188838609155807,0.7232173981503439,0.764419479485581,0.7872769108130114,0.7750050820097646,0.7869123609443133,0.7750121232511301,Nile
31,0.7275362092212143,0.7322362503922704,0.7736558228363432,0.7989701716634072,0.7844415334691999,0.7946796856242416,0.7844469290747578,Nile
32,0.7517404493884846,0.7527038682018194,0.7931336205071475,0.8227014395787065,0.8083659405161315,0.8174160646162159,0.808370075093804,Nile
33,0.7541491254951785,0.7538833834117227,0.7909089536685904,0.8282864145816211,0.8105328598526393,0.8182439929326445,0.8105360281221405,Nile
34,0.7688676797180243,0.7643236908497842,0.8067569736323122,0.8460003131939179,0.8252649661188424,0.831321586650662,0.8252673939198,Nile
35,0.725664091550667,0.7199480605144655,0.7656510502832603,0.802289112640471,0.7824467172137759,0.787203157057083,0.7824485776039629,Nile
36,0.7443366612339045,0.7400898650672754,0.78858602757472,0.8215422483785695,0.8024612635494343,0.8067472123741019,0.8024626891406207,Nile
37,0.7428341094335051,0.7439443914470985,0.7907873460822805,0.8196850904563608,0.802055983960852,0.8075792266493437,0.8020570763715974,Nile
38,0.6989304961555554,0.7021576778861522,0.7480654778154062,0.77558261457814,0.7580872693678361,0.7679771640960574,0.7580881064670326,Nile
39,0.6664013356669086,0.6673883396731524,0.7151091878501662,0.739192133838231,0.7250710180496636,0.7333289240508707,0.7250716595071627,Nile
40,0.6530757640051699,0.6534545485338983,0.7043058535113116,0.724047544848275,0.7125815445053743,0.7196719122952532,0.7125820360453554,Nile
41,0.683279766717444,0.6806120773306739,0.7354113400224797,0.7547552638386639,0.7421988617050417,0.7483390156772383,0.7421992383653089,Nile
42,0.7510748715149141,0.7525579905690051,0.8043282951684425,0.8228291485694467,0.8104203154110631,0.8159288406434009,0.8104206040405996,Nile
43,0.7946956306094518,0.8039592125425921,0.847826689635442,0.8680636196448406,0.8543201209842737,0.8606931935250386,0.8543203421570826,Nile
44,0.7513042245049248,0.7600826924957237,0.7991086749678744,0.8256693035223787,0.8101746609127615,0.8168896710384246,0.8101748303944161,Nile
45,0.6781754747834497,0.6838934340003084,0.7093541531956398,0.756650981138208,0.7377158450888904,0.7441454421622693,0.7377159749603308,Nile
46,0.6894674395842237,0.6971704668428956,0.6918880792058689,0.765019308385503,0.748668857532252,0.7543596456083903,0.7486689570509347,Nile
47,0.6907552718746761,0.6998273063020514,0.7027695235077767,0.7636636979937702,0.7500900026510732,0.7547365791463702,0.7500900789108589,Nile
48,0.6360551633397464,0.6445955060558054,0.6552054230259818,0.7063506399129705,0.6954917487937261,0.7011757366018682,0.6954918072305417,Nile
49,0.6648035229617352,0.6797930480390052,0.6932941658024095,0.73650727017332,0.724906898762475,0.7312543177870252,0.724906943541796,Nile
50,0.6360338144141147,0.6438974803189823,0.6706064635939438,0.7080874716429115,0.695883697141891,0.7060340214064793,0.6958837314556633,Nile
51,0.6098480865598829,0.617745080257981,0.6487320320786654,0.6806858609650824,0.6699850075511917,0.6797645295646512,0.6699850338453593,Nile
52,0.5912100296299201,0.5975898881157058,0.634154299757219,0.661287384448989,0.6516120480057275,0.6597228832192308,0.6516120681545833,Nile
53,0.5776178438154854,0.5834880657059223,0.6212442539823001,0.6480996972089075,0.6375433778487006,0.6444147105206924,0.6375433932884893,Nile
54,0.5916129875178575,0.5951260809061071,0.6366464463761098,0.6632502534961674,0.6513362171440692,0.6575270281231794,0.651336228975365,Nile
55,0.6146059914332714,0.6283020170904563,0.6615302251542265,0.6876718790391229,0.6738167195063796,0.67919919669492,0.6738167285725375,Nile
56,0.5805350844766721,0.5916961945954824,0.6280168075665151,0.6528059863115783,0.6393514582042162,0.6444904210839235,0.6393514651514872,Nile
57,0.5912597614531077,0.5990915363213893,0.640287036125976,0.6660067573959456,0.6511180060717935,0.6546301661706586,0.6511180113953908,Nile
58,0.5130960952242171,0.5181974384443427,0.5632106355332124,0.5881279140710358,0.5730677089626068,0.5753829641547318,0.5730677130420055,Nile
59,0.49450052339653255,0.49708457116649174,0.5452781648129161,0.5703638492613612,0.5545827519434978,0.5563023319988166,0.5545827550694844,Nile
60,0.4589385627182519,0.463422646268799,0.5114420650331274,0.5317547206068952,0.5192621855093882,0.5204179562885357,0.5192621879047884,Nile
61,0.4325989665594828,0.4382924484946695,0.485846589347865,0.5049111131622432,0.49261770091852713,0.4952480252903471,0.49261770275408906,Nile
62,0.45011788347266785,0.4566346559786428,0.5036111161603299,0.5225933567556584,0.509220052696992,0.5161507538093977,0.5092200541035576,Nile
63,0.4514823994702734,0.4584420578527989,0.5047667712939191,0.5250917012867592,0.5099432369408431,0.5158759985137505,0.5099432380186748,Nile
64,0.4364697103973568,0.43901340362525065,0.4886589453559339,0.5085973261217842,0.4945140425927314,0.49909742585773087,0.4945140434186589,Nile
65,0.46604405712469543,0.46936863597849143,0.5183094319633851,0.5375375615260483,0.5246129060846254,0.5281741728977115,0.5246129067175223,Nile
66,0.5054523845383583,0.5082987364098828,0.5578281791266191,0.5765956823958156,0.5634505571006303,0.5661795064452929,0.5634505575856104,Nile
67,0.5321311209021482,0.5367850403744114,0.5834903577502717,0.6045063974604916,0.5900647429644472,0.5919082267742706,0.5900647433360807,Nile
68,0.5189880531615304,0.5204105245483035,0.5691474429139068,0.5895246554806423,0.5763916202422856,0.5775613674440668,0.5763916205270632,Nile
69,0.439728866109221,0.4449951250626526,0.49005796404351953,0.5143733001995822,0.4978283281629362,0.4979447880723994,0.49782832838115726,Nile
70,0.4432846908374966,0.4563383315950866,0.49271906347571304,0.5153038706273502,0.501693056674926,0.5015965175712152,0.5016930568421457,Nile
71,0.49260593184355117,0.5145367132046995,0.5421078429356704,0.5638037202937151,0.5512287618229984,0.5513828925636679,0.5512287619511366,Nile
72,0.5237545668196157,0.5455599128012452,0.574413524276339,0.5965155408849384,0.5820582991667153,0.5840525540053919,0.5820582992649057,Nile
73,0.5545328754841771,0.5671314540957964,0.6062547909068638,0.6269071483711286,0.6127428986442436,0.6155220528286787,0.6127428987194855,Nile
74,0.5056869396514901,0.5166583480736051,0.5571767947642556,0.5774581208000567,0.5638264357248548,0.5701291597768465,0.5638264357825116,Nile
75,0.46376856226786606,0.4742980718954467,0.515664094423796,0.5377129162254148,0.5222352360449879,0.5269809574873134,0.5222352360891696,Nile
76,0.4364397761999063,0.447314248121077,0.48688505346570127,0.5081557199246481,0.49476026884331026,0.4983437432231555,0.49476026887716607,Nile
77,0.40033310717210346,0.4083955520595417,0.4499511483856632,0.47213923210051567,0.45868744103561326,0.4616045604607284,0.4586874410615565,Nile
78,0.4136249202960078,0.42176267080225577,0.4636006597228709,0.4843470954831147,0.47206853889512373,0.4747469125924173,0.47206853891500367,Nile
79,0.47498915629331395,0.48160528569071315,0.5263244617522235,0.5478674071433148,0.5336796178168608,0.5387828288523501,0.5336796178320945,Nile
80,0.5024806506623813,0.5139919326777868,0.5540008180427864,0.5780698449622674,0.5612831625234171,0.5690283594882033,0.5612831625350906,Nile
81,0.4938434408684442,0.5119033049794558,0.546029692257986,0.5719022262822319,0.5524055174391963,0.5583794790566862,0.5524055174481415,Nile
82,0.4439469854855191,0.45827016623500644,0.4939428204293235,0.5217712385389486,0.5019830734487454,0.5064816930080936,0.5019830734556,Nile
83,0.5342168231225447,0.5481153011552067,0.5824182667593468,0.6095192190474088,0.5923422987131637,0.5963421120993143,0.5923422987184163,Nile
84,0.575545107278331,0.5898398524006373,0.6256139882091323,0.6487779353778579,0.6339615516695322,0.6381628207181087,0.633961551673557,Nile
85,0.5925742882502542,0.606612057712668,0.6424631084270571,0.6658016501909364,0.6509607552566752,0.6551841188681763,0.6509607552597595,Nile
86,0.5329108368524329,0.5464666546768265,0.5831423595676718,0.6046549782177776,0.591437401229486,0.5983515786253896,0.5914374012318494,Nile
87,0.511167679495886,0.522298581844182,0.562457127126825,0.5852649492999046,0.5695766016020551,0.5751294739455777,0.5695766016038663,Nile
88,0.5208566524236049,0.5256795971442552,0.5733799459124123,0.5952311791161767,0.5797779881384686,0.5849793342247127,0.5797779881398564,Nile
89,0.5099707902196235,0.5177045283366033,0.562094411139963,0.5840979009269268,0.5688782951363671,0.5738890459629241,0.5688782951374306,Nile
90,0.5204706097514809,0.5350913349736404,0.5697195799221946,0.5956214524964621,0.5799850864653034,0.5851528538566793,0.5799850864661185,Nile
91,0.5633785042666286,0.5720336393429214,0.6012455396374294,0.6399079177287904,0.6230189391822665,0.6274738431655589,0.6230189391828911,Nile
92,0.5686629507883516,0.5842139057740672,0.5904233625936246,0.6474517459735379,0.6287259887025378,0.6327184746752686,0.6287259887030164,Nile
93,0.5754525602596792,0.5989435819983396,0.6019802545314855,0.6557630678413359,0.6346775124167716,0.6377746685904316,0.6346775124171383,Nile
94,0.5218014970528998,0.5534471207674552,0.5514865680385873,0.6017595741041598,0.5814604782293943,0.583833786030812,0.5814604782296753,Nile
95,0.5505749606290878,0.5864509435476442,0.5864844315647406,0.6262638246603126,0.6104138517795481,0.6133207189201649,0.6104138517797635,Nile
96,0.5478497372466568,0.5800137755345809,0.5892423107074922,0.6228671720632019,0.6084930380246557,0.6108694455109991,0.6084930380248208,Nile
97,0.5387820842394329,0.5671646227434584,0.5827852912972318,0.6125759956486463,0.5984513578133406,0.6005388199670946,0.598451357813467,Nile
98,0.5055179403737352,0.5275639420146572,0.5522084634213502,0.5794453981045542,0.5652279999652154,0.5702589893110267,0.5652279999653125,Nile
99,0.4756581759866737,0.494540556307497,0.5235666924280734,0.5520651034029113,0.5357542638747524,0.5405524705373996,0.5357542638748267,Nile
100,0.4341458320445214,0.45735191690259214,0.4829335060290769,0.5098477733586215,0.4937448465007951,0.4986399758092611,0.493744846500852,Nile
101,0.45486297873015163,0.47540739241199853,0.5055667571797675,0.5293471570884045,0.5147433760238014,0.5194794930332788,0.514743376023845,Nile
102,0.4917513100930878,0.5190790783900902,0.5442009539694351,0.5668946970523279,0.5521621056292496,0.5571339496527211,0.5521621056292831,Nile
103,0.5356135730937727,0.567417382794169,0.588592497470931,0.6124429899130382,0.595937787553259,0.600512484674263,0.5959377875532847,Nile
104,0.5144270742909345,0.5493164398583212,0.567685614591059,0.5940642885543309,0.5752858913735733,0.5791747603632181,0.5752858913735931,Nile
105,0.45373250386150377,0.4852745401167756,0.4979564118267127,0.5319171603442662,0.5138159651863167,0.5181800818750133,0.5138159651863319,Nile
106,0.4462538377147202,0.4769625519272086,0.47383162675317436,0.527719177996835,0.5067503923799456,0.5105441206780326,0.5067503923799572,Nile
107,0.4280547111237696,0.45439542621770557,0.4610142119245993,0.5104847575869315,0.4880650883526476,0.49137600003486887,0.4880650883526566,Nile
108,0.3757179345555407,0.39297809897839175,0.41454598262692677,0.45786580485972356,0.43558391848244943,0.4390096937688548,0.4355839184824563,Nile
109,0.38864665845860735,0.40238703796416414,0.4310117029612013,0.46808442976410247,0.448193782102262,0.45083856691467544,0.4481937821022673,Nile
110,0.41754438629096646,0.42870797106136205,0.46206359821468634,0.49564999593061226,0.47686126069639645,0.48182590610115317,0.47686126069640045,Nile
111,0.409598792172268,0.42046539184289866,0.45481722322418255,0.48777223035811473,0.46806796252683713,0.47235659301812744,0.46806796252684013,Nile
112,0.42320692125342496,0.4273894120691867,0.46952646667332276,0.49892360418049,0.4812350206690752,0.4858939783463562,0.4812350206690775,Nile
113,0.4354599552673944,0.44251758870936825,0.4839730922299478,0.5094936270250863,0.49387007838680275,0.4989058370924247,0.4938700783868045,Nile
114,0.48123824899708567,0.4823638290197573,0.5313499815975813,0.554589840610887,0.5395457387528142,0.544642173969231,0.5395457387528155,Nile
115,0.4809790478822493,0.49398586715390386,0.5313744649855343,0.554444209255697,0.5383260104254977,0.542623142785879,0.5383260104254987,Nile
116,0.5263459304605994,0.5375195274457532,0.5777043644806905,0.6014967240403343,0.5839422487910852,0.5878232361099899,0.583942248791086,Nile
117,0.45148695075757794,0.46050359291520593,0.5020108445869645,0.5276646567358924,0.5092743469678984,0.5136430079448028,0.509274346967899,Nile
118,0.40455278637023007,0.4119399313766787,0.45243070912171957,0.4815407484751162,0.46250995031299413,0.4672523088473287,0.46250995031299447,Nile
119,0.3757603012858258,0.3893762650848455,0.41989197286182933,0.45060811574414567,0.4341187010906564,0.4371178287495978,0.4341187010906567,Nile
120,0.3762431500535395,0.3998652614040164,0.423693470214472,0.447694962207578,0.4350593525567765,0.43719677395336143,0.43505935255677675,Nile
121,0.419731522384261,0.4438708774732808,0.4686151067584062,0.48810609019212603,0.47809051518093715,0.4803408586873299,0.47809051518093737,Nile
122,0.408303405210283,0.4289255498814903,0.45747460178616195,0.4775264096274487,0.4668053148842583,0.47444345494165774,0.46680531488425847,Nile
123,0.37205539840656704,0.38713575929573985,0.42094764909646953,0.44135877852641364,0.4300299841720935,0.44055081869513446,0.4300299841720937,Nile
124,0.34658803894229656,0.3662905338850206,0.3959111778988875,0.41886911068180027,0.40445791968226996,0.41410590093178823,0.40445791968227013,Nile
125,0.35380149697665575,0.3722673921828941,0.4021302163893365,0.42442554656771136,0.41133852734206594,0.4191309796503189,0.41133852734206605,Nile
126,0.41516325821441,0.4275233266598613,0.4640231381028625,0.48386388888169235,0.4724833995387772,0.4791342690795751,0.4724833995387773,Nile
127,0.41692224615874285,0.43437539785537405,0.46527232115336836,0.4860372920945201,0.47456551405941994,0.4816022084206972,0.47456551405942,Nile
128,0.36258349464713463,0.3854805029323857,0.4104961155624962,0.4316418081449921,0.42027216607459433,0.42785705544056807,0.42027216607459444,Nile
129,0.3654729123469715,0.38301107090711417,0.4145479211404974,0.4371775049457035,0.42332292746679034,0.4294699872746291,0.42332292746679034,Nile
130,0.31961275586610494,0.33364605805151953,0.3697251196295835,0.39352308541210174,0.3777876688577752,0.38214056307531813,0.3777876688577752,Nile
131,0.38014499289708303,0.3935191928549771,0.43105472021073593,0.45183258842756324,0.43864446044801747,0.4415999572782641,0.43864446044801747,Nile
132,0.3876756953143683,0.40948837739363136,0.4409238785723262,0.46332192003348577,0.44690049914164603,0.44854962307076535,0.44690049914164603,Nile
133,0.39426731675422383,0.41169727858985755,0.4482052809018262,0.47083798048959347,0.453373143881031,0.4546303572650469,0.453373143881031,Nile
134,0.3142023999977257,0.3366615410190207,0.3680294663122273,0.38999156182806566,0.3730931357983374,0.37518326325129936,0.3730931357983374,Nile
135,0.2991695610505252,0.3197623637600368,0.35314059933433944,0.3752970033522247,0.3588443386026288,0.36709089722777616,0.3588443386026288,Nile
136,0.32196491755748785,0.34031557384252464,0.37572517601911315,0.39977196060489895,0.3817808847874676,0.38990301548345907,0.3817808847874676,Nile
137,0.319308499124214,0.3329925920346536,0.3732427676436141,0.3984389546004341,0.3795568361270413,0.4009209599037359,0.3795568361270413,Nile
138,0.3478255788110876,0.35715024137393825,0.40058059368681015,0.42635116943200446,0.4077823233511779,0.42749505945307475,0.4077823233511779,Nile
139,0.42105060578918535,0.4322143319060741,0.4739704813324541,0.4993268025931261,0.4813958455724684,0.49799760255895575,0.4813958455724684,Nile
140,0.3526134302586154,0.37084927543830026,0.40373169710177803,0.430277062247257,0.41339880273808255,0.4263435681173751,0.41339880273808255,Nile
141,0.36825419043089064,0.3842095695810857,0.4196366705309696,0.4475611239875209,0.4291627211329721,0.4394568208894877,0.4291627211329721,Nile
142,0.37627835404317544,0.3974355290319262,0.42565323013543505,0.4541365483582757,0.43705225662828306,0.4463191429288953,0.43705225662828306,Nile
143,0.33090523939902605,0.348384275963916,0.3783527873618523,0.40831610118705586,0.3920927159844191,0.39912522771185777,0.3920927159844191,Nile
144,0.35818333813440867,0.3740163478706845,0.40439255522935647,0.4376236988510214,0.4188285368265023,0.43340697150923096,0.4188285368265023,Nile
145,0.3633217099489723,0.3805741116660854,0.4123429014316776,0.443244371039256,0.424427685796695,0.43722765062698377,0.424427685796695,Nile
146,0.2972152500845221,0.31342488376543964,0.3491492078755935,0.37674964308510395,0.35894845051619695,0.3712415283574676,0.35894845051619695,Nile
147,0.27671114710336486,0.29249160725918855,0.3308906884857359,0.35609762880039686,0.3388486445751133,0.3535550446922201,0.3388486445751133,Nile
148,0.2833394261631223,0.2947877455604919,0.3377356285811448,0.3602572943847051,0.3453692304136499,0.36742029512495705,0.3453692304136499,Nile
149,0.25948372638610323,0.2695548301267775,0.31413728534814733,0.33844203292483593,0.3217809016640174,0.34046004591276335,0.3217809016640174,Nile
150,0.26776385542541736,0.2749176111059971,0.3220291306634451,0.34568714872915995,0.32863854988813435,0.34444558785262147,0.32863854988813435,Nile
151,0.3175312701535763,0.32267404572161174,0.3703425370738867,0.3939305132638584,0.3775362204360254,0.3903858965241626,0.3775362204360254,Nile
152,0.30235234236225383,0.3103355503778357,0.35460074215063186,0.37622526424677594,0.36240972390671855,0.37293623584473035,0.36240972390671855,Nile
153,0.33247633782222485,0.3486651095920541,0.384665190680674,0.4096964967345721,0.39324929786728946,0.40186805081128313,0.39324929786728946,Nile
154,0.3626192386974648,0.37652445185448874,0.4122804391778945,0.4425056367790064,0.42289839842518645,0.429215557816139,0.42289839842518645,Nile
155,0.3591931605478332,0.3679665504385352,0.4064285570385652,0.44041829858419246,0.4188902997380761,0.42312112186945483,0.4188902997380761,Nile
156,0.27766751351726227,0.2845919967748957,0.3231520746692318,0.35962345050559663,0.33691605931702306,0.33964118397409443,0.33691605931702306,Nile
157,0.2625024831170799,0.2691345485281425,0.30868442601139384,0.34337777297315925,0.32140727802615277,0.32434966909589014,0.32140727802615277,Nile
158,0.2507038027744346,0.2569278279454272,0.29707239305262845,0.33056704322586583,0.30916122164399995,0.3122701009510925,0.30916122164399995,Nile
159,0.242266304046665,0.24984198010668895,0.28867563270481833,0.318724463741359,0.30014468241759945,0.30328399124374356,0.30014468241759945,Nile
160,0.2923772270996617,0.3003888921729046,0.33956514956194506,0.36619422047034456,0.34936957907241994,0.35570069541331584,0.34936957907241994,Nile
161,0.3086803811632991,0.3116681964444764,0.3566444925421111,0.3839775938488802,0.3652919642616502,0.37238014573304745,0.3652919642616502,Nile
162,0.28863065527460247,0.303007701138949,0.33852138715981617,0.3661575472896723,0.3464132233515895,0.3523734946895033,0.3464132233515895,Nile
163,0.2340062347147537,0.25645900142048134,0.2842812246127511,0.3106533483123289,0.2911398961032182,0.29705341430968374,0.2911398961032182,Nile
164,0.1802036343886591,0.20619619354688107,0.23063713603555697,0.25523342764715107,0.23698715169064113,0.2420522037273946,0.23698715169064113,Nile
165,0.15663770971914526,0.17653730928327982,0.20888459467546716,0.23131772232744197,0.21433060586192137,0.21911420656980646,0.21433060586192137,Nile
166,0.16317783682745046,0.1808103082703439,0.21350693422454706,0.23601904032737525,0.22030535514795663,0.22459952338203007,0.22030535514795663,Nile
167,0.23185330847476399,0.24293704126439084,0.2800094889908263,0.3011647362031542,0.28845739196345066,0.29273164210341346,0.28845739196345066,Nile
168,0.2999433857598999,0.32063028412425304,0.34907045699149064,0.37482472809591877,0.3577321389707826,0.36135982838689795,0.3577321389707826,Nile
169,0.29221316436638234,0.31888395576926215,0.3402784607653831,0.3694202314975314,0.350884001940896,0.3537016685209348,0.350884001940896,Nile
170,0.30588490428939574,0.33968825727451435,0.35512583276398385,0.37897241482827065,0.3642094486405662,0.3687152108781695,0.3642094486405662,Nile
171,0.29524334967958654,0.3271953226385404,0.3453356287761965,0.3650503640491029,0.35263502172353994,0.3625762095473405,0.35263502172353994,Nile
172,0.24558438550362938,0.2828419909479774,0.2963063598894582,0.31298100041603655,0.30320082973199625,0.31820222114738006,0.30320082973199625,Nile
173,0.22618860739446173,0.25541748236099376,0.27624729706969264,0.2955619599470371,0.28415048082197125,0.295729875306344,0.28415048082197125,Nile
174,0.23459813076201147,0.2590104068120712,0.28605940307522887,0.30338818354340796,0.29305774477366636,0.31402620196636577,0.29305774477366636,Nile
175,0.27663719479770293,0.2949253378791722,0.3286177858837302,0.3441882463458572,0.3344190869180884,0.3534456671761744,0.3344190869180884,Nile
176,0.32031690445298844,0.3364401505966979,0.37243481618993945,0.38774854491882516,0.3774503879577727,0.3949456922121217,0.3774503879577727,Nile
177,0.32777935379883844,0.3420846580866499,0.38016283051307376,0.3970752866029374,0.38517220732687135,0.4006749099577422,0.38517220732687135,Nile
178,0.31509317226727895,0.3285263140638466,0.3640836039701398,0.3823484926820741,0.371802975578374,0.38445521288076034,0.371802975578374,Nile
179,0.37517262013440583,0.38554227366204713,0.4204262872152625,0.44474604280903096,0.43110645858614427,0.44063760929128265,0.43110645858614427,Nile
180,0.4080856835349085,0.41553024322073534,0.4511406913284844,0.4798560805711488,0.4626686743333713,0.46939188364136364,0.4626686743333713,Nile
181,0.3855608626437012,0.3913408223739774,0.4282846032102123,0.45790671911104064,0.44062119072592343,0.44606286890227037,0.44062119072592343,Nile
182,0.34230703712379323,0.34540526502442515,0.3837525714031771,0.41396509747350985,0.3958425507722426,0.40258024315297936,0.3958425507722426,Nile
183,0.34278356166884766,0.3454818511210711,0.3846634956918599,0.41175500632718676,0.3947725128999855,0.40143305889513897,0.3947725128999855,Nile
184,0.3194478887450133,0.32714480964391074,0.36339371675993437,0.3882711176246893,0.3713860854776526,0.38264153511053695,0.3713860854776526,Nile
185,0.28037210991039935,0.2929850166681062,0.32385570936387886,0.34895866018193106,0.33038082280403636,0.3490572917754697,0.33038082280403636,Nile
186,0.2654501746117072,0.27692973102771634,0.30802839907928536,0.33297312048437316,0.3132241142635694,0.3424253264442161,0.3132241142635694,Nile
187,0.2935354424656102,0.29962099703748185,0.3347390259184526,0.35846305586308247,0.33921878811659184,0.37723819770187994,0.33921878811659184,Nile
188,0.3636808659786957,0.3617869099180454,0.4022011905339221,0.42534460908010424,0.4073841001805412,0.43897683523626596,0.4073841001805412,Nile
189,0.4255901654828481,0.41819028406945385,0.4628032128486178,0.48523755206958846,0.46966665912721695,0.4941031008777675,0.46966665912721695,Nile
190,0.385811386764048,0.38741751990281353,0.42203261473318987,0.441416043132268,0.42941766739165926,0.44852449667656114,0.42941766739165926,Nile
191,0.2867409190650225,0.2858614038478803,0.3119154313062596,0.34034631825430406,0.32847440888547713,0.3430188037955097,0.32847440888547713,Nile
192,0.2404706163805718,0.24702160105624194,0.24830384675696274,0.29641639079810184,0.28039089431712205,0.2913774094115258,0.28039089431712205,Nile
193,0.2571677408383465,0.2694345637781255,0.26786310628999754,0.30844762809844506,0.29532046139319584,0.3031793154857383,0.29532046139319584,Nile
194,0.25886315049291847,0.26768123900186425,0.2661075080929448,0.3042968040211117,0.29074587878712094,0.2973472570460167,0.29074587878712094,Nile
195,0.20908451463505473,0.22185536426053415,0.2187199925121107,0.2546119824691409,0.24070005414944012,0.24626853816914818,0.24070005414944012,Nile
196,0.18969647488921584,0.20112241791967594,0.2005431384100242,0.230766667227644,0.21997291652636702,0.2286601845409713,0.21997291652636702,Nile
197,0.17363851641288944,0.1821690357521854,0.18631236923857705,0.21334742431661782,0.20251070765310236,0.2099568918821178,0.20251070765310236,Nile
198,0.15569092812655502,0.1560020275761804,0.16915529934049117,0.19159817265586696,0.18310894349800153,0.18936432845360981,0.18310894349800153,Nile
199,0.16500946017461796,0.1651010505220289,0.18119359364458418,0.20249941965259668,0.19282563385201956,0.198557790432969,0.19282563385201956,Nile
200,0.18004141028103454,0.17499734587765464,0.19576100828255433,0.21275047837715516,0.20513774094998938,0.21050012955958153,0.20513774094998938,Nile
201,0.10904617679844968,0.09967021928057226,0.12636101885773432,0.14252428047978433,0.1347051574285597,0.13907550503744293,0.1347051574285597,Nile
202,0.11063622023046299,0.0938999276593588,0.12756292325054155,0.1412937615728791,0.1348357603477361,0.1381727648773105,0.1348357603477361,Nile
203,0.18134046601083154,0.15557096556950034,0.1983754743555302,0.2160295796206127,0.20404353883931314,0.20626706220650007,0.20404353883931314,Nile
204,0.1228580827106315,0.08984940147828983,0.1386137597978651,0.15926594517966627,0.1432800785972531,0.14484547649472312,0.1432800785972531,Nile
205,0.10717688992823154,0.07197995786795278,0.11842475491646338,0.14144000292992084,0.1232041002858287,0.12362421921055046,0.1232041002858287,Nile
206,0.14235007583113526,0.10437990158363147,0.15424857602107678,0.17800784593788715,0.15954704230800687,0.1599774261299108,0.15954704230800687,Nile
207,0.1629418844172083,0.13268691648093833,0.17312086152632938,0.19272857300248264,0.17763215430949844,0.1783458448786316,0.17763215430949844,Nile
208,0.14408576019909186,0.12051111081265821,0.15418822773231394,0.17112995317647858,0.15874577465122308,0.16692384982501257,0.15874577465122308,Nile
209,0.14323922796492689,0.12272827790398208,0.15231027970613503,0.1717142956694845,0.1567417032704456,0.1649498932067012,0.1567417032704456,Nile
210,0.14586453875576194,0.12204264898733938,0.15147954842365063,0.17245436396239913,0.1562112982293627,0.1630150451158395,0.1562112982293627,Nile
211,0.14700538447308764,0.11681798335351708,0.15103502983903455,0.172650020955823,0.15569019924010752,0.16142301581670404,0.15569019924010752,Nile
212,0.1230632909903606,0.09453066089549565,0.12782431032875605,0.14801587226581375,0.13160893541159702,0.13644378449487884,0.13160893541159702,Nile
0,0.7096599718940654,0.7096599718940654,0.7096599718940654,0.7096599718940654,0.7303926788390472,0.7096599718940654,0.7096599718940654,Java
1,0.5425890017087918,0.4904313613164209,0.4972484049588393,0.5052430865012735,0.5085799425660038,0.49503401792365453,0.4949457734031278,Java
2,0.43097230063934755,0.3440307538556187,0.3548550913383666,0.3646781379239496,0.36045005421116166,0.3514978984965026,0.3514840002725605,Java
3,0.39601552399321116,0.28766256997083217,0.2987556935556807,0.3097805250625852,0.30087215360774955,0.29485751914723796,0.2949759290362665,Java
4,0.3583764589508277,0.23161526263137575,0.24613971553848885,0.2589015419425207,0.24658273589039886,0.2425312950542436,0.24270528161280566,Java
5,0.2985018644359837,0.15935622789994736,0.17606933738546648,0.18662806692489614,0.17558775005175842,0.17266100374434937,0.17303787233042117,Java
6,0.22634275051095437,0.0849011259860259,0.09756737916326227,0.1053467637428168,0.0960705070670778,0.09410970347252076,0.09439366552923051,Java
7,0.20714712265293825,0.06332729927563663,0.08438308081417768,0.0793203186277803,0.07171802765255285,0.0703480047861988,0.07061530907137496,Java
8,0.25359259992951205,0.10592026228787259,0.14620474175668638,0.12199323182485046,0.11375372887469169,0.1127773960108143,0.11302856299477436,Java
9,0.2995429141105224,0.1490640021042094,0.1978735412117076,0.17137855867926452,0.15727078555657623,0.15656621383148617,0.15679390454416547,Java
10,0.3328628141591689,0.17957804877358,0.22761209381735542,0.20906694596775585,0.1906252060340661,0.1902859273967461,0.19031160123508709,Java
11,0.291330048511833,0.1360423248761376,0.17673768427347425,0.16448247712977423,0.14801006455152413,0.14774080289215774,0.1478038328765713,Java
12,0.2598538005449858,0.10725084507665508,0.13723965990960474,0.13727580955437366,0.11631424124505624,0.11609232590233287,0.11617861990286915,Java
13,0.25334418283651683,0.09788343720079092,0.12526796983231347,0.13175274939201637,0.10875308868526494,0.108568181728107,0.10866390185952232,Java
14,0.24834167490878256,0.0943178632983941,0.11544534973119214,0.12708368225031952,0.10367728755536083,0.10353359903956727,0.10361863683153101,Java
15,0.26346735486154854,0.10834750545807031,0.12873014672731609,0.14116393535805127,0.11949215207457146,0.11934021218801616,0.11945358239371198,Java
16,0.29589640512650184,0.1411503986200779,0.16210570436377555,0.16872534154063232,0.1532417429964369,0.15309621685277752,0.15321637893979,Java
17,0.35509227492033774,0.19708756161887406,0.22055612907147765,0.22251805425669002,0.21133594611200066,0.211131467953432,0.211319266291083,Java
18,0.4159204068592005,0.2575833921593196,0.28313642281511164,0.2870687356693302,0.27243595246917757,0.2722342163257394,0.2724249835445407,Java
19,0.4269963734858095,0.2652336313370953,0.3004190646087851,0.2986555015800778,0.2817809964852637,0.28139435819388636,0.2817737831399716,Java
20,0.4143103377567953,0.2534719006966377,0.3041069447961098,0.28647344096340394,0.2707082622480402,0.2703085135673119,0.27070351863350856,Java
21,0.3798261333918203,0.22090362940527125,0.2809196480247068,0.25585625204039647,0.23586217443232338,0.23553058834744556,0.2358590549533697,Java
22,0.38970056461604524,0.23051438036523791,0.2920108060746387,0.2696749787121964,0.2458991281111587,0.2455845667618019,0.2458970766904799,Java
23,0.3979274790826522,0.2390254452981429,0.2919247945507392,0.28023927428205975,0.25498319611473186,0.254812597601777,0.2549818470667453,Java
24,0.3746629911661089,0.2180614490137297,0.25691210752174326,0.2571333696211494,0.2302793810790659,0.2300981763396609,0.2302784939229166,Java
25,0.38805051517246164,0.22799829819320344,0.262829162375276,0.2699558543723204,0.24186100389716722,0.24173890117390764,0.24186042048868875,Java
26,0.38958541815524705,0.2297791915508799,0.2603425229233144,0.2717172316212236,0.243622990312475,0.2434409621803324,0.24362260665346183,Java
27,0.4015937347572486,0.24301140897205328,0.27048166937137935,0.28415685422302106,0.2568352531524768,0.2567073962356744,0.25683500085199806,Java
28,0.4038948051736796,0.24304959239870474,0.27032407601818653,0.28438587740377386,0.25888754179800016,0.2586987559573897,0.2588873758810547,Java
29,0.3831408779745844,0.22269464297670727,0.24851646269948588,0.2627969021814157,0.2388590140027947,0.23867521467241365,0.23885890489308184,Java
30,0.37470283660515974,0.2139562597077057,0.23920060209457747,0.2503959152323394,0.228056297170817,0.22784934801640186,0.22805622541847484,Java
31,0.4295749550598253,0.2680114520446949,0.3000138523719416,0.30363704489869814,0.28158177981607735,0.2813390849117629,0.28158173263055675,Java
32,0.4425691763952152,0.2807418299378678,0.3239461942843211,0.31661392369965136,0.2963417107184439,0.2962196481734981,0.29634167968846925,Java
33,0.41306705218698064,0.25183624569150936,0.301416166748293,0.28144796243760906,0.2659815501657581,0.2659039632312873,0.2659815297599363,Java
34,0.3998590151500307,0.24239335937658493,0.29424276262145993,0.2661207844316093,0.2533787048365267,0.2532551065227876,0.25337869141732255,Java
35,0.39077445944888894,0.2334934652041051,0.2869216069697108,0.26170220268811506,0.2437190615208543,0.2438462625335453,0.24371905269616487,Java
36,0.3688885212201772,0.2085952791667557,0.25667682282698645,0.2415631862882232,0.22014175192480873,0.22038407315061628,0.22014174612154777,Java
37,0.3855842928615628,0.22534673868521332,0.26350503770769884,0.2600117300785229,0.23588678434162105,0.23601373004019852,0.23588678052530118,Java
38,0.4483241208373626,0.2915218752547745,0.32271704278187563,0.32636042241484275,0.3009131434376965,0.3011603900378902,0.30091314092802174,Java
39,0.49395221120559984,0.33258397732766254,0.3616594236643601,0.3665806091952907,0.344829875135879,0.3450163779384081,0.34482987348547556,Java
40,0.5282275539456547,0.3637055092271683,0.39171376913788,0.3956366638892379,0.377930539460232,0.37812160570244013,0.3779305383748995,Java
41,0.5559738244758964,0.39662004761426484,0.42213953675036375,0.425047956362279,0.40970524980962036,0.40988340017309816,0.4097052490958879,Java
42,0.5570587767199748,0.3980058972012628,0.4254586877271195,0.4252255225255873,0.4121837857441796,0.4123605826791055,0.41218378527481736,Java
43,0.5327893536728723,0.3719777831848332,0.40396337938212584,0.4008754218080727,0.38757761213861,0.38770306012013234,0.38757761182994965,Java
44,0.5586222767300794,0.4001384630380654,0.435512074317608,0.4257624116664483,0.4158087002326167,0.4160396590428053,0.4158087000296366,Java
45,0.5642746064691514,0.40264309162158773,0.4407430531856384,0.43235711806444177,0.41946674430060815,0.4196989927511662,0.41946674416712515,Java
46,0.560423951258585,0.4009648612652067,0.4398777460533874,0.43251451686286446,0.4172220659041791,0.4175130442534375,0.4172220658163984,Java
47,0.5540921623016727,0.3937361718451211,0.4330588448349034,0.42899892356803127,0.4104550711085566,0.4106847224537612,0.41045507105083057,Java
48,0.5788049831030849,0.4178682518152667,0.4574558795392218,0.4556630316778076,0.4346655085144931,0.4348097808957498,0.43466550847653157,Java
49,0.5658468977490093,0.4041431995779625,0.4409728813447149,0.4432223113864777,0.4206416926928096,0.420764099731626,0.42064169266784557,Java
50,0.5078286427434766,0.3481852832954252,0.3784669723131757,0.38653859208738994,0.36334793683076905,0.36333205696766063,0.3633479368143523,Java
51,0.4763261736171429,0.31453892826948765,0.34115891251406644,0.35361928815599014,0.330890765909664,0.33076116113531856,0.330890765898868,Java
52,0.4465160540136394,0.2838687438918952,0.3075571862182617,0.322813159734756,0.3004852139288374,0.30022129079787196,0.3004852139217379,Java
53,0.3994806878013161,0.23813551578241832,0.2594229164922084,0.2729891670151217,0.25432905595814737,0.25399210855944665,0.25432905595347866,Java
54,0.35552418027251886,0.19542704817472462,0.21448883794787862,0.22722479374356236,0.21063770417213531,0.2103146984630702,0.2106377041690651,Java
55,0.3488296558010423,0.19516684756951239,0.2145029522397174,0.2190548494604685,0.20527968409380565,0.2050249875451942,0.20527968409178662,Java
56,0.3697456926248885,0.21900803764486906,0.2413823380677516,0.24396522160662032,0.2267481517429636,0.22656279087142453,0.22674815174163584,Java
57,0.36412381061060156,0.21513687612892327,0.23816663084262824,0.2422377197504678,0.2211624032142712,0.22104050685575669,0.22116240321339806,Java
58,0.4527615806426706,0.3006778195755324,0.3345185654520391,0.3254508993014928,0.309726204261957,0.3097649787853391,0.3097262042613828,Java
59,0.5189518829854685,0.36225688001256834,0.4020136068353194,0.39208300451385586,0.374512022715705,0.37436733857025967,0.3745120227153274,Java
60,0.5538645988418506,0.3931396868620958,0.4352130500421869,0.4288606413296899,0.40763420540400924,0.4077510709891057,0.4076342054037609,Java
61,0.5692196760284554,0.4087404064590657,0.4459023849785089,0.44467561988648746,0.42376086659132645,0.42382640368101054,0.42376086659116313,Java
62,0.5642710284612631,0.4050613600646186,0.4372824724589296,0.4433218940349017,0.4213724578782478,0.4213495464206106,0.4213724578781404,Java
63,0.5639941845248464,0.40518113558797547,0.4333893737323499,0.43994964464819325,0.42160552858626493,0.4215303443853546,0.4216055285861943,Java
64,0.5512883509620532,0.39106949977807853,0.4179615588431409,0.42867124341480806,0.4083573125024123,0.4081788137710228,0.4083573125023659,Java
65,0.5214831732570641,0.35901169541536576,0.3883656528850889,0.39732740313183573,0.37696313964313416,0.37654772567860095,0.37696313964310363,Java
66,0.4769425409853302,0.3153901536061376,0.3477956846723625,0.3518972230758037,0.333126551995824,0.33271222634437,0.33312655199580393,Java
67,0.5082101542482207,0.3454398432055378,0.37964264249914603,0.379460042458451,0.3638600165535606,0.36356144204819935,0.3638600165535474,Java
68,0.5333432541164852,0.37140741409298283,0.40690036971332816,0.40884140105997685,0.3897715301120535,0.3896319247980223,0.3897715301120448,Java
69,0.5358591606430695,0.3721727128808983,0.41010407855009556,0.4034653060162972,0.3892858217264525,0.38893807201797487,0.3892858217264467,Java
70,0.571263851185808,0.40599166268579334,0.4458061549359453,0.4324182232784445,0.42302251145452385,0.42281604039194043,0.4230225114545201,Java
71,0.5886438569440308,0.4236866466079601,0.4642775067083393,0.4562668588577356,0.4404407071479905,0.44032129667710523,0.44044070714798805,Java
72,0.5474790071441186,0.3835860006681786,0.4243334946310092,0.42083567732105354,0.4007562705543972,0.40068767272134614,0.40075627055439567,Java
73,0.5091530698857841,0.34783493507713953,0.38123535998342567,0.3856999905032075,0.36249618288485624,0.36240182856667336,0.36249618288485513,Java
74,0.4963199378969661,0.33428782912872385,0.36571501730052586,0.3755330063311148,0.35065932965769936,0.35048488737972244,0.3506593296576987,Java
75,0.5023428413077851,0.33763690655690304,0.36635028745363296,0.37774847878316914,0.3550256107305841,0.35484959213008255,0.35502561073058364,Java
76,0.5191525338646248,0.35942802589326717,0.38341377331617843,0.39265708002757793,0.37370767990972487,0.37338831947151746,0.37370767990972453,Java
77,0.5434248097192409,0.3882652644104323,0.40977892503362917,0.41999893792387477,0.40001586402469846,0.39964222480140665,0.40001586402469824,Java
78,0.615045712793645,0.45619695053028303,0.47995152785144873,0.4911280337665956,0.4698022902790861,0.4693391565652159,0.469802290279086,Java
79,0.6481009975321691,0.4885785817567871,0.5183084675365269,0.519560916691525,0.5025322861860405,0.5023076822987479,0.5025322861860404,Java
80,0.6256153870554333,0.46421418129799913,0.5064330498050033,0.4956919536112328,0.48009558829187876,0.480073333896648,0.48009558829187876,Java
81,0.634805142317143,0.4736316366288354,0.5212215959536416,0.5102833518616885,0.49023282650355976,0.4903138987294958,0.49023282650355976,Java
82,0.6177645979633636,0.45783313632365513,0.5042691629813718,0.4947937995996648,0.4747678351232361,0.47492003585435183,0.4747678351232361,Java
83,0.5502201119981567,0.39113006424187435,0.4331598180693154,0.43058700775323144,0.4074073076773912,0.4075820674091649,0.4074073076773912,Java
84,0.5605059731221395,0.4039197744530798,0.4418101614677022,0.439932370801023,0.418200191020877,0.41824837976254553,0.418200191020877,Java
85,0.5994581443343466,0.4432656131210711,0.4806958197307348,0.4834493850378017,0.45899555032805556,0.4592227319891778,0.45899555032805556,Java
86,0.5986863387609657,0.44415553275953057,0.47805310291742764,0.48182834705442246,0.45865056203836185,0.45884816094177217,0.45865056203836185,Java
87,0.5945680534741022,0.4398317320724209,0.4717182799247439,0.4786576268617688,0.4546073836710447,0.4547454038346335,0.4546073836710447,Java
88,0.5880504029813879,0.4340902748483199,0.4600671908972983,0.4706265683122391,0.4460722283313731,0.44608198109060165,0.4460722283313731,Java
89,0.5946240482605875,0.44254119667342073,0.4661805942061181,0.4765082467445496,0.4522375403245351,0.45206209279605863,0.4522375403245351,Java
90,0.6209076283954833,0.46584556127710086,0.4925654061672977,0.5007293904349401,0.4769798596206427,0.47661040447278535,0.4769798596206427,Java
91,0.6072868698416879,0.45234854949291303,0.4766321949662356,0.48517575726570217,0.462462542931123,0.46214253531772104,0.462462542931123,Java
92,0.5899975920774352,0.43616187456615707,0.45681392264119397,0.4671376976024356,0.443583415395957,0.4433424707745381,0.443583415395957,Java
93,0.6569527298733708,0.5030019562137095,0.5324855397857707,0.5330950646438927,0.5126099985295479,0.5125368966251121,0.5126099985295479,Java
94,0.7113963148124727,0.5594579755513691,0.5904386327025891,0.5814056525080081,0.5663817062371075,0.5663599017653704,0.5663817062371075,Java
95,0.7506355982923797,0.5986881301636385,0.628570681763781,0.6200082733351604,0.6053138456868103,0.6054220317097395,0.6053138456868103,Java
96,0.7721012514712364,0.6211814809916333,0.648399343276444,0.6464350478098407,0.6267861728332136,0.627045803523043,0.6267861728332136,Java
97,0.795835474056534,0.647509664156606,0.669221465584422,0.6763255075581113,0.6528388558473923,0.6530419980384194,0.6528388558473923,Java
98,0.8241390658064762,0.6746661926229148,0.6953514191694744,0.7031962826618517,0.681954281264894,0.6821042152085156,0.681954281264894,Java
99,0.8471936258925342,0.696090681567418,0.7145315971828186,0.7224677131978952,0.7045605979255074,0.7047193821534857,0.7045605979255074,Java
100,0.8653319572021694,0.7158251811719287,0.7307096656775587,0.7354102467458935,0.7231725883326221,0.7233282124090238,0.7231725883326221,Java
101,0.8997344475030008,0.7452833613374509,0.7617297824648842,0.7641492146934262,0.7561015291979044,0.7562345239221654,0.7561015291979044,Java
102,0.9134621705063095,0.7608553951649352,0.7759767008175309,0.7748365138846004,0.7691691625356918,0.7692683060384823,0.7691691625356918,Java
103,0.9087974651898227,0.7538207164495572,0.7775618080038249,0.768626673364081,0.7640553611362173,0.7641437757227938,0.7640553611362173,Java
104,0.8476300824329623,0.6916965542561472,0.7271964975623191,0.7150340672490014,0.7042133805404704,0.7043149034798025,0.7042133805404704,Java
105,0.7535253474822337,0.5958787059233794,0.6383861896213806,0.619493207227244,0.6108252807574205,0.610904524445749,0.6108252807574205,Java
106,0.66723728086268,0.5104299370458953,0.5563975399301498,0.5343844559984717,0.5260478399554643,0.5260363068997207,0.5260478399554643,Java
107,0.6821373595552376,0.5248581799000698,0.5760272330739468,0.5555647651215904,0.5414000341086601,0.5413352542678929,0.5414000341086601,Java
108,0.7493475077826028,0.592844441059295,0.6414254968637918,0.623604056851595,0.6092226057367249,0.6091835689431596,0.6092226057367249,Java
109,0.7498502156699229,0.5916959971588933,0.6342491598933077,0.6287524175159739,0.6087273962064608,0.6087161923310103,0.6087273962064608,Java
110,0.7133429523786944,0.5543343469190998,0.5925405983745896,0.5931096966127035,0.5718438293404078,0.5719569825800618,0.5718438293404078,Java
111,0.7040229291211941,0.5453443140516295,0.5796115153791365,0.5855084288248104,0.5631758085168816,0.5632829090593925,0.5631758085168816,Java
112,0.6880532559302812,0.5293601399963433,0.5598556565223144,0.5679913351789816,0.5473092399280184,0.5473754405452798,0.5473092399280184,Java
113,0.6839244017282173,0.5236053419252658,0.5516970635123153,0.5629839293144433,0.5416876707890989,0.5416699458957894,0.5416876707890989,Java
114,0.7266049660420661,0.5675923994799074,0.5943092757793204,0.6066272998853944,0.5856832103043901,0.5855165448931798,0.5856832103043901,Java
115,0.75744124399568,0.6018829192532559,0.6317554907023544,0.6326790595798687,0.6178468533606187,0.6177750900203325,0.6178468533606187,Java
116,0.7459741426307631,0.5919114832266743,0.6279290220833703,0.6222163163778721,0.6063501041424929,0.6063406363675435,0.6063501041424929,Java
117,0.7971960159556963,0.6417358307945047,0.6791297280527542,0.6740170558266395,0.657552480551416,0.657578382261849,0.657552480551416,Java
118,0.785848416543539,0.629031946654584,0.6717169006166367,0.6626128795014448,0.6457548108474891,0.6458039721133765,0.6457548108474891,Java
119,0.7331929946290718,0.5762104776176541,0.6297972516794829,0.6122755640494378,0.5927709907860604,0.5927707942653208,0.5927709907860604,Java
120,0.7069435883792421,0.5489603632236977,0.6090161750007613,0.5877625367213845,0.5662308316917948,0.566133466436817,0.5662308316917948,Java
121,0.7149909957590876,0.5591066632118515,0.6155293070366541,0.5990931883788725,0.5766744472216897,0.5765965015393348,0.5766744472216897,Java
122,0.7177611523683859,0.5605621831255612,0.6115740407420326,0.5993362154724544,0.5788988146379463,0.5786574547781858,0.5788988146379463,Java
123,0.7025880895339454,0.5462503488864403,0.5902504349423179,0.5860383474239004,0.5648375744295129,0.5646669570794696,0.5648375744295129,Java
124,0.6870206505990292,0.5305071762980702,0.5683725570526856,0.5711988728620772,0.5494759592918254,0.5492670423455327,0.5494759592918254,Java
125,0.67761647280419,0.5201751908791227,0.5527177521395512,0.5603632739706137,0.5390364720240253,0.5387991935511875,0.5390364720240253,Java
126,0.645239976457869,0.4905905541607772,0.5186409939768376,0.5292634860753619,0.5082901830415927,0.5079868886768293,0.5082901830415927,Java
127,0.6563740883989345,0.5026737048400066,0.5318168154022712,0.5390586972556779,0.5176310732077284,0.5172738959165533,0.5176310732077284,Java
128,0.713339309091466,0.5582840284842322,0.5925128929573193,0.5945476257711312,0.5730730802663221,0.5725721386436459,0.5730730802663221,Java
129,0.7786633794914144,0.6224580412199335,0.6575057803118998,0.6554201604175237,0.6386226841318422,0.6383758042842994,0.6386226841318422,Java
130,0.8037919814451218,0.6478362721032674,0.6900158896818931,0.6829924239809587,0.6645833374298571,0.6644549700618188,0.6645833374298571,Java
131,0.7796592538780804,0.6255048522251958,0.674614372011593,0.6566955251541634,0.6390145983349305,0.6390274574824427,0.6390145983349305,Java
132,0.7937866024294881,0.6402727792241433,0.6871554000323952,0.6724085136666934,0.6516906088735454,0.6517283773476897,0.6516906088735454,Java
133,0.8447096787202903,0.69213774363165,0.7328203550824794,0.7265667527431776,0.7034805963420081,0.7036544928663616,0.7034805963420081,Java
134,0.8932162057051002,0.7405886529451022,0.7752430122237212,0.7738809365007902,0.7528515453011579,0.7530805999414364,0.7528515453011579,Java
135,0.9302261769539514,0.7760030879344708,0.8063999557853757,0.8098294773496005,0.7896753526916559,0.7898767555168236,0.7896753526916559,Java
136,0.9343372793079897,0.7787042895913163,0.8068324549288263,0.8093585930202883,0.793110852105774,0.7933603698439945,0.793110852105774,Java
137,0.892252246168908,0.7358778169281837,0.7632848644177255,0.7642496502315437,0.7516349802898964,0.7518500848071321,0.7516349802898964,Java
138,0.8448271695882823,0.6900631739430331,0.7182572868046361,0.7158663275852208,0.7059379286431756,0.7061263743212393,0.7059379286431756,Java
139,0.8189591394506073,0.665352779450296,0.6966200268042908,0.6892086332509765,0.6798884054423608,0.6800143701180056,0.6798884054423608,Java
140,0.8532335138727458,0.6987979431265948,0.734855519593273,0.7243653528083961,0.7151853128531567,0.7151723428455402,0.7151853128531567,Java
141,0.8993764791675101,0.7438486600470723,0.7827862284608412,0.7714053732107401,0.7609298711464704,0.7610111850611646,0.7609298711464704,Java
142,0.8648035663216587,0.7105727018956981,0.7583684416560496,0.7425400061275252,0.7265708646695455,0.7266243380375519,0.7265708646695455,Java
143,0.7979864304411755,0.6435070753401364,0.6980181902999529,0.6810847318942848,0.6601590210721946,0.660263747076455,0.6601590210721946,Java
144,0.7708170706809795,0.6179780823547053,0.6680520845537543,0.6538480714263751,0.6331287089517377,0.6332578940930855,0.6331287089517377,Java
145,0.7767557285506772,0.6239967265368978,0.6736140210848703,0.66307119663608,0.6393956893579186,0.6395403405962184,0.6393956893579186,Java
146,0.788627478717208,0.6388641070589529,0.6815539069641605,0.6756677087982769,0.6503962963609884,0.6506675715118491,0.6503962963609884,Java
147,0.8317182011112638,0.6846326397944951,0.7190537001222495,0.7142193442538805,0.6930418390094086,0.693274243314193,0.6930418390094086,Java
148,0.8609606222700323,0.7141607418183595,0.7450004017368695,0.7418251424537083,0.7242874790656391,0.7246034513782579,0.7242874790656391,Java
149,0.8419314072179789,0.693724298520004,0.7203102269431548,0.7186831432923324,0.704788537476398,0.7050209701573846,0.704788537476398,Java
150,0.7879421849842191,0.6426439780012675,0.6667872586166834,0.6669652312929634,0.6545696347365219,0.654746700478327,0.6545696347365219,Java
151,0.7774265731771866,0.6347816180327064,0.6562053218746734,0.6559366497556599,0.6441233082350942,0.6441744304411645,0.6441233082350942,Java
152,0.8055814017347238,0.664540765547172,0.6877991715376371,0.6867540298072867,0.6733246223375408,0.6731198452592391,0.6733246223375408,Java
153,0.8275302704027776,0.682083171193227,0.7143313232184555,0.7114942447434721,0.6941053166031247,0.693970142445812,0.6941053166031247,Java
154,0.8200432485514438,0.6746433726096313,0.7161521669664611,0.7035028985613434,0.6886898609440595,0.688529190618283,0.6886898609440595,Java
155,0.8524243742327712,0.7086505839010127,0.7518512197818507,0.7347087048326797,0.7238616066908166,0.723916616474105,0.7238616066908166,Java
156,0.8933474925073864,0.7467766568624521,0.7878299393000852,0.7774309203106,0.7628957624215084,0.7629518503571424,0.7628957624215084,Java
157,0.9276629802393127,0.7791472237228156,0.8157587888065376,0.8148447578977075,0.795969037309037,0.7960328732972172,0.795969037309037,Java
158,0.903323396923088,0.7521950434708158,0.7870748772736558,0.7912091154429715,0.7694789694160221,0.7695479006510207,0.7694789694160221,Java
159,0.8340738854023954,0.6818615826790448,0.7154583143164659,0.723653427418651,0.6993219210773663,0.6995354742548207,0.6993219210773663,Java
160,0.7951499613622623,0.6456114409341768,0.6724862062850518,0.6857302027868587,0.6602037871212589,0.6602243552736762,0.6602037871212589,Java
161,0.7707479059903427,0.6237124366806238,0.643683494401355,0.6588317275666584,0.6341890748602733,0.6341623479157521,0.6341890748602733,Java
162,0.7562503333065573,0.6120766663632065,0.6283417591108373,0.6435646562881692,0.6203176289547053,0.6202274953448302,0.6203176289547053,Java
163,0.711929029445525,0.5683570228692926,0.5810505132917436,0.5975968482841052,0.5752295935860163,0.5748999534335939,0.5752295935860163,Java
164,0.676339232640066,0.5389183373676952,0.5503621054906294,0.5648354573686155,0.5436579707490834,0.5434135099437231,0.5436579707490834,Java
165,0.6930510244471554,0.5569930092564378,0.5731928441367256,0.5806209383879162,0.5604400468652995,0.560249514658433,0.5604400468652995,Java
166,0.7387384968773115,0.6020446306315154,0.6255122285707121,0.6227420521634373,0.6059124063181149,0.6057024063878544,0.6059124063181149,Java
167,0.7784159229910076,0.6437696346487626,0.6664403169059432,0.6606457785271326,0.6463681770236179,0.6462109752431268,0.6463681770236179,Java
168,0.8435061001011435,0.7066141192324934,0.7296184062255031,0.7300515542988648,0.7099763839201072,0.7097910893113116,0.7099763839201072,Java
169,0.871992712408446,0.7345728264053037,0.7604099234135551,0.7553503218770167,0.7370590542477292,0.7369334454703876,0.7370590542477292,Java
170,0.9053687364304207,0.7727069480337662,0.7981533158703417,0.7958555611154389,0.7748922269059205,0.7749486062356351,0.7748922269059205,Java
171,0.944529417302867,0.8162052684334903,0.8386455165923465,0.837109272802483,0.8180275499493147,0.8181061220025919,0.8180275499493147,Java
172,0.9874764094288301,0.8577116233780876,0.8763805111226401,0.874391574312824,0.8604576884458247,0.8606290946368196,0.8604576884458247,Java
173,1.011589155445521,0.8803906073706473,0.8957994763566359,0.892985412465863,0.8831869951102064,0.8833534292553697,0.8831869951102064,Java
174,1.0351888470726602,0.902017215297058,0.9151401801928243,0.9117369286890313,0.9049855650289402,0.9052419650662259,0.9049855650289402,Java
175,1.0686607377677417,0.9381660918323196,0.9501389130710213,0.9479757866195825,0.9433820972032125,0.9435597372421146,0.9433820972032125,Java
176,1.0964795861178538,0.9725991333929866,0.983280183875449,0.982125615809523,0.9786136624168922,0.9787874657901436,0.9786136624168922,Java
177,1.053209807005744,0.927428621023453,0.9497899359527138,0.9431008860247825,0.9381315120560795,0.9382750369762158,0.9381315120560795,Java
178,0.987212951979354,0.8616412213309299,0.897246995423611,0.8809807867203585,0.8729242996533354,0.8731307121547277,0.8729242996533354,Java
179,0.9680326636354714,0.8481199581974731,0.8873285906324516,0.8724675558713898,0.8584374849003307,0.8585426092940177,0.8584374849003307,Java
180,0.9399855113334732,0.8225909249447397,0.8676512330523989,0.8534483367064668,0.83556393385004,0.8356405692166727,0.83556393385004,Java
181,0.9151241900786669,0.798237727065679,0.8423921433917996,0.8297396227595413,0.809930666278716,0.8100143925625356,0.809930666278716,Java
182,0.919801268256377,0.8062403288742138,0.8465597703775609,0.8409005531634436,0.8193178393731649,0.8196250159206997,0.8193178393731649,Java
183,0.9155117535779805,0.8070466798173493,0.8418454653053437,0.8412135705148692,0.8191693085010314,0.819458746220032,0.8191693085010314,Java
184,0.9239417892770665,0.815173500146418,0.846025591683859,0.8495942283758467,0.8271918795665507,0.8274074734551452,0.8271918795665507,Java
185,0.9203715194259968,0.8179773483245637,0.8438355420698284,0.8473460974787753,0.8285713937830527,0.8287916391426827,0.8285713937830527,Java
186,0.918531258756709,0.8229980848270371,0.8449548204631401,0.8488983481098521,0.8320732883515366,0.8322404757300956,0.8320732883515366,Java
187,0.9351932225973714,0.846153706175329,0.8667664110327239,0.8711963034106197,0.8532918892636627,0.8533855505979785,0.8532918892636627,Java
188,0.9868679402207863,0.8978800255340831,0.9233031256813419,0.9214719133423701,0.9090066742897375,0.9091001025069546,0.9090066742897375,Java
189,0.958278511079803,0.8644162718890225,0.8896608505775015,0.8938891450117139,0.8778563204224539,0.8780250239529455,0.8778563204224539,Java
190,0.9147201213609533,0.8215119997770267,0.8486986695779539,0.847486332618922,0.8347009202790963,0.8348604504843302,0.8347009202790963,Java
191,0.9009562375114409,0.8119976196930779,0.8458120797583983,0.8353799593644096,0.8253762406151268,0.8253455723337567,0.8253762406151268,Java
192,0.8889780841832042,0.8022989173724103,0.8461715868170433,0.8341728783752325,0.8173609288918697,0.8174331935207136,0.8173609288918697,Java
193,0.8511341592521509,0.7685230000057853,0.8155919274186781,0.800829319453119,0.7831665816961272,0.7832556215787265,0.7831665816961272,Java
194,0.7952378383484989,0.7315887354819399,0.7684037497369967,0.7625003286005061,0.7432364058867893,0.7433517149410511,0.7432364058867893,Java
195,0.7596805150185049,0.6966984906192729,0.7251969797354082,0.7286542981135486,0.7056561073982492,0.7055923526172121,0.7056561073982492,Java
196,0.7488161767772193,0.689986012060004,0.711169097262855,0.7218072030721923,0.6965920711208436,0.6963337536157971,0.6965920711208436,Java
197,0.7522571601015439,0.6939216275603358,0.7127997525200512,0.7273932421853554,0.7022605105363345,0.7020451908236968,0.7022605105363345,Java
198,0.774608778468959,0.7171655391012766,0.7360758841141464,0.7507691485935554,0.7271204885761746,0.7268701480438287,0.7271204885761746,Java
199,0.7646283791847741,0.7046485555958379,0.7225756585430677,0.7375772811716884,0.7146154362667774,0.7142110459864586,0.7146154362667774,Java
200,0.7559498103407767,0.7054102591367155,0.7232808775027356,0.7339749933389103,0.7126249972822335,0.712110729162385,0.7126249972822335,Java
201,0.7659928901472951,0.7118067191250326,0.7369878365803842,0.7404103739011326,0.719761465992043,0.7192866250238821,0.719761465992043,Java
202,0.7739531656866618,0.7236357758767351,0.7523210096164297,0.7528854149919324,0.7310280457711076,0.7306302610819435,0.7310280457711076,Java
203,0.7921452436101583,0.7457061173819012,0.7794647435305366,0.7766887858862012,0.7524379516577441,0.7521434698956331,0.7524379516577441,Java
204,0.8263257236129727,0.7863183339637071,0.821991709373381,0.8104881922964057,0.7918651719742406,0.7916177226186827,0.7918651719742406,Java
205,0.891887749280786,0.8596781312780969,0.8948221798103518,0.8889000862602275,0.868182375706371,0.8681061665159522,0.868182375706371,Java
206,0.8704380694729985,0.8337667651457282,0.8641117718908262,0.8647294365351469,0.8412829030949673,0.8413661713706408,0.8412829030949673,Java
207,0.8027989590782714,0.7714910806966696,0.7946386695715653,0.8039821561437285,0.778408302519645,0.7785191856766926,0.778408302519645,Java
208,0.7708442232192223,0.7374929395672414,0.756323485498552,0.7721113769789214,0.7454125950881909,0.7454890967731275,0.7454125950881909,Java
209,0.7649676358515014,0.7340319583121315,0.7504643819762822,0.7671924264307192,0.7419820913976365,0.742017515171675,0.7419820913976365,Java
210,0.7563210059969085,0.731518966011868,0.7483383896427297,0.7644882598719163,0.7412053338265336,0.741195342240557,0.7412053338265336,Java
211,0.7183599252883143,0.6973768530063638,0.7114073110344044,0.7277051919794716,0.7063325147940877,0.7062359500329949,0.7063325147940877,Java
212,0.6739286639354856,0.6555154231637246,0.6657232438685222,0.6814886587260273,0.6618450493192598,0.6617239780288074,0.6618450493192598,Java
0,0.6028095609092614,0.6028095609092614,0.6028095609092614,0.6028095609092614,0.5892646998723553,0.6028095609092614,0.6028095609092614,Japan
1,0.49054416994445954,0.5520348623309219,0.5461392255686786,0.5340910251378843,0.5270461462409581,0.5396255819853911,0.5388597554991039,Japan
2,0.5086111253902406,0.6236797236875351,0.6142243335969833,0.574608995357936,0.5894500971864864,0.6018407180553405,0.5997537365759111,Japan
3,0.49729950283611307,0.6577944084188962,0.6442702358785481,0.5603462733623348,0.6145186485783494,0.6244492678159789,0.6235053166107376,Japan
4,0.43874819004174637,0.6389612900731574,0.622224911970483,0.519455530902784,0.5888424556162684,0.5978262971553565,0.5966804824795955,Japan
5,0.43773794920674963,0.6720456776449496,0.6546459420046152,0.5225933150209285,0.6162763800607715,0.6249295797509007,0.6231125806290829,Japan
6,0.421886731697924,0.686307894736543,0.6737376108196631,0.5129006369926095,0.6263786236680788,0.633914236230581,0.6323410475057466,Japan
7,0.38740476463644696,0.6668172407544215,0.6642492733011907,0.5103806736404225,0.6138458951951137,0.6199817564423775,0.6190462250661798,Japan
8,0.38370841596032473,0.6805045846631111,0.6772021981932209,0.5282588707491607,0.6281483991890626,0.6335260796845648,0.6326840429983898,Japan
9,0.3790176417547223,0.6955906917237318,0.6853387773943604,0.5400291718587829,0.6393849176993522,0.644121996305509,0.6433408330499433,Japan
10,0.3649848679772885,0.6978959667772238,0.6821460556786156,0.5399435608139478,0.63855672019798,0.6433583033778847,0.6420070057404339,Japan
11,0.3798902927719882,0.7249116607831181,0.7090372482799061,0.5684042989021272,0.6647499795549141,0.6683302053295828,0.6677592629367457,Japan
12,0.3952869601645068,0.7544594084629844,0.7344952603910915,0.5905826648184593,0.6897627303123498,0.6917308206085202,0.6923873787249931,Japan
13,0.39293798732946006,0.7651090593805903,0.7457875613387538,0.5710821244906868,0.6955717664206263,0.6973662848384116,0.6978609424189992,Japan
14,0.4137965331425357,0.7964975982321373,0.7827938893044277,0.5932811281947266,0.7228586445560831,0.7266930786807995,0.7248552269273763,Japan
15,0.4295602663462249,0.8088473563853935,0.8037130196937214,0.6268371031664628,0.7444580493118444,0.7483642443971268,0.7461994362424222,Japan
16,0.3669624644132768,0.7514780259775335,0.7436918274072843,0.5424956165920708,0.6871790097693331,0.6900178589334518,0.6886978193539449,Japan
17,0.3180507173691343,0.7089360242271664,0.6972838908610456,0.48093693878843563,0.6417612823781024,0.6462886122718658,0.6430859635927152,Japan
18,0.33954711706183477,0.7349569550894308,0.7165620776582289,0.4976290629559159,0.6667630772737405,0.6713656653113347,0.6679184428561855,Japan
19,0.35897665190518235,0.7497208983435881,0.7346090934632987,0.5109683521497325,0.6883340259844544,0.6902636649534748,0.6893417172043292,Japan
20,0.30439897748606876,0.7024350231600854,0.6823753389379056,0.4597562008314259,0.6363110096434074,0.6368247120584994,0.6371899016668862,Japan
21,0.30364809291339645,0.7085771222789693,0.6848260710451273,0.47469536620414554,0.6373302889929533,0.6372351409632082,0.6380968444354336,Japan
22,0.3231736136067078,0.7281541327753941,0.7049835276487061,0.5068183128796478,0.6579417504630967,0.6573668055016403,0.6586103277521137,Japan
23,0.3167718221133217,0.7264029353413332,0.700632888921294,0.49801325053934564,0.6518001475408738,0.6522876781842297,0.6523832698652592,Japan
24,0.33487492002604907,0.7468194283591192,0.7218849771231814,0.5201379281256715,0.6703591615451769,0.6730242215882991,0.6708677514281753,Japan
25,0.3069361036584595,0.7201092968242604,0.6951339117598502,0.4940869897186627,0.6423600202011372,0.6444258133138772,0.6428036040912946,Japan
26,0.2716050066489456,0.6844966267754945,0.6640341607240128,0.4316324929678006,0.6067473249026765,0.6083957508574601,0.6071342116147105,Japan
27,0.3020773635055011,0.7163781193808278,0.692144433581011,0.4535481659638644,0.6378900115462107,0.6402401331193708,0.6382274478942607,Japan
28,0.3827013178233905,0.799056319578318,0.7731272063283334,0.5198415056416095,0.7179536975999599,0.7210009554747214,0.718248004138395,Japan
29,0.4615799737379241,0.8779099497916072,0.8481602873885572,0.5992458164754046,0.7961147127563095,0.7992929870440129,0.7963714021706725,Japan
30,0.432479370179651,0.8502187078856176,0.8142544877643134,0.5769467968377465,0.7657012430540698,0.7684732826082472,0.7659251234197468,Japan
31,0.4089239099950722,0.8171719596678289,0.7893982659471059,0.54793773856379,0.741229706018829,0.7419674847191398,0.7414249708615964,Japan
32,0.40126168437249743,0.8055973264342716,0.7795757800832339,0.5443192388308216,0.7329974767652541,0.7328083147322779,0.7331677836106342,Japan
33,0.3895967271077569,0.7964188986351,0.7654655890473998,0.5469393238300133,0.7199194362590458,0.718646921559959,0.720067975141787,Japan
34,0.36706767381572364,0.7746969267617371,0.7429744680035053,0.5380717427255015,0.6963868983808525,0.6948981765050865,0.6965164515977933,Japan
35,0.3269441210436463,0.733761588098141,0.7006510421669665,0.5085942099518281,0.654930154907762,0.6517583200057169,0.655043149133314,Japan
36,0.2830021920611834,0.6916117441594555,0.6527961257727772,0.4777191193176367,0.6095964546883167,0.6066221881344958,0.6096950064287489,Japan
37,0.24818355238802595,0.6489666655274303,0.6153309980620658,0.44831706546110106,0.5731059669620719,0.5719563373861177,0.5731919222000035,Japan
38,0.3239730888952217,0.7202679815483672,0.690015551700651,0.5203546230106326,0.64720836075384,0.6477871996155358,0.6472833295255275,Japan
39,0.31065858639831656,0.7089141556993793,0.6825443705301932,0.47624149962677703,0.6328803272371684,0.636817038713652,0.6329457137902578,Japan
40,0.279633307113214,0.6785676230574003,0.6592930601463409,0.4357826205395848,0.6002841110959595,0.6074279327929721,0.6003411401925911,Japan
41,0.28794869820980484,0.6876187981751526,0.6732200265420929,0.42258311538480026,0.606542404959399,0.6150582317232376,0.6065921448173506,Japan
42,0.3027281773513499,0.7008021756637929,0.6833759356704827,0.42826014731219036,0.6181538141774573,0.6261501712967317,0.6181971964790397,Japan
43,0.29347482234455885,0.6919218346353282,0.6696598738514148,0.4164428502435016,0.6068242711517011,0.6165527270499771,0.6068621084951938,Japan
44,0.31005015528415714,0.695140354671032,0.6819734524572341,0.45239951998116906,0.6204438673102393,0.630520771815833,0.6204768684307507,Japan
45,0.3485996930843551,0.7318940464789438,0.718532737724296,0.49818414586613574,0.6566444429968383,0.6667144484602787,0.656673226041695,Japan
46,0.3891260770677832,0.7737779454909389,0.7551851780528105,0.5425474557741004,0.6944351486705034,0.7029673147366748,0.6944602527778302,Japan
47,0.39301235462412915,0.773486800502881,0.7526417810903498,0.5501507442367707,0.6922716706588969,0.6990886225865738,0.6922935660562677,Japan
48,0.384660226259944,0.7531208144534999,0.737914104474378,0.5476745625973651,0.6763532049195915,0.6806309897965566,0.6763723017319091,Japan
49,0.36669521960702356,0.7319826180060718,0.7205546881558924,0.5320559700463336,0.6536208314287828,0.6560377902124597,0.6536374873603705,Japan
50,0.3592649188724275,0.7191576975385372,0.7096458327028436,0.4960408443558002,0.6388267368076739,0.6397524932352723,0.6388412638424712,Japan
51,0.32401464480935,0.6793861972212785,0.6607626112443145,0.45835625299488597,0.5969248967094021,0.5974005532707038,0.5969375669547672,Japan
52,0.27925552395728426,0.6297482908224614,0.6077382345078058,0.37860413602990317,0.5470513387338687,0.5476162907978505,0.5470623895174493,Japan
53,0.2739660469075975,0.6185023073921823,0.5995725097879712,0.35484227898764337,0.5350112939655369,0.5366230306480857,0.5350209322806782,Japan
54,0.2671460829446478,0.605182495469774,0.5906439591139674,0.3265991360850693,0.5207007070302017,0.5201914412899871,0.5207091134131594,Japan
55,0.3002514121185196,0.631332033681868,0.6163018650105008,0.3492269274771897,0.5479597871576707,0.5461935042492135,0.5479671190692543,Japan
56,0.2853101579303498,0.6098346492123178,0.5938438414667292,0.3351383482520358,0.5274615612413764,0.5250283264611402,0.5274679560163635,Japan
57,0.2496556784114181,0.5665784823375389,0.5596380236377452,0.30854539594042674,0.49314294372004697,0.49072872834770165,0.4931485211396148,Japan
58,0.22721472621577804,0.5321129040946593,0.5343846279611115,0.29089441683696393,0.46774540008507826,0.46525255515599895,0.467750264620437,Japan
59,0.22170687667333566,0.5310127270451717,0.5267338914217435,0.28962321764528054,0.4619486973700358,0.46121025555096795,0.46195294013928934,Japan
60,0.25818370998823276,0.5708275057006491,0.5629680992581778,0.3357048942453051,0.49931851669723715,0.49887493281502293,0.49932221717212555,Japan
61,0.2906588701949784,0.6075593703154621,0.5985797040675289,0.37071749697390055,0.5337174439850914,0.5359692093007156,0.533720671479584,Japan
62,0.3239621093161764,0.6496591065700845,0.636747741740487,0.3848780088177554,0.5723623028003115,0.5777581657190822,0.5723651177689344,Japan
63,0.2836889975588228,0.6070453976012745,0.5976659256600099,0.32725594998087304,0.5346872111960898,0.5375176214446831,0.5346896663663048,Japan
64,0.27609902073540576,0.6051746174676546,0.5962736907781186,0.3165448661646328,0.5298211532683195,0.532691162023937,0.5298232946281684,Japan
65,0.2658332980900373,0.5938695239590773,0.5920992224496335,0.29065970882157577,0.5212442372815461,0.5239966857215317,0.5212461049410567,Japan
66,0.240254580168941,0.577825894028843,0.5670677322380361,0.2753005774338624,0.5014891618182857,0.5047035861051092,0.5014907907607773,Japan
67,0.22703213116353416,0.5716109593933598,0.5584976797909329,0.2721205952506019,0.4942619350747884,0.49933911095657474,0.49426335581214753,Japan
68,0.2940138403089021,0.6419905005252589,0.6294533102991193,0.3500596184699485,0.5639537583519232,0.5697323972632296,0.5639549974961251,Japan
69,0.30534857881730826,0.6537311204605374,0.6384212581428033,0.3666042977692682,0.5728435545062982,0.578345085166027,0.5728446352678782,Japan
70,0.29008800733680934,0.6316440055083539,0.6200647632296674,0.35557354740570385,0.5533896893921475,0.5589447166208137,0.5533906320149601,Japan
71,0.3383062145331399,0.6715112759458601,0.6659089479779317,0.4038087846423811,0.5965766706307282,0.6015690199443349,0.5965774927711367,Japan
72,0.3348802679349348,0.661373568197462,0.6547988347681886,0.415977519115976,0.5855567964788766,0.5936086970145749,0.5855575135364761,Japan
73,0.2936004563229651,0.6121973391000122,0.606231672367824,0.3849614641761126,0.5351348617823627,0.543336211030473,0.5351354871884317,Japan
74,0.21833425366232123,0.5265044062225185,0.5176002149455078,0.26949126795172806,0.4475443543319796,0.4525988545542411,0.4475448998010624,Japan
75,0.23015408007017732,0.5289643001413264,0.5144471948646655,0.2672678015329193,0.4476991856763444,0.4527614597870892,0.4476996614256776,Japan
76,0.21975185051467375,0.5068924185075621,0.4952075244746328,0.22281713355882585,0.4241461460028641,0.4313963356310114,0.4241465609437565,Japan
77,0.1651313575359836,0.4417735079030863,0.42566384245998945,0.1725884519635604,0.3562238580773855,0.36425543480873057,0.35622421998213705,Japan
78,0.22305649913937328,0.48808512151793815,0.46805539290734416,0.21864858203507212,0.40140246965573134,0.40884092865144056,0.40140278530321655,Japan
79,0.27165984858612724,0.5221343875142368,0.5051495825159769,0.263527007660486,0.4361406954587572,0.4434216124270754,0.436140970761401,Japan
80,0.2993634603256968,0.532442797076311,0.5198997348435641,0.2898099821367732,0.4526673053329347,0.46058947513126636,0.4526675454474588,Japan
81,0.32747459648120264,0.5483508534264285,0.5357543068704533,0.31524913597516596,0.47171699224907937,0.478366948456931,0.4717172016730932,Japan
82,0.3350382820998931,0.5424927577467222,0.5331440667890361,0.31806935589250757,0.47183539567786037,0.47595335045336506,0.47183557833410633,Japan
83,0.2912244431949953,0.4984667165424795,0.48472323105162535,0.2729994090681661,0.4242757075856391,0.4262403452899134,0.42427586689546976,Japan
84,0.25239113367365834,0.45799213754395157,0.4452094387128331,0.23030385632367212,0.3814883773867748,0.3850143446042712,0.38148851633423875,Japan
85,0.24902592401220064,0.45565375926397855,0.4437605391408774,0.2186552358016958,0.37581945377511233,0.3825963359395503,0.37581957496284857,Japan
86,0.27012267311573757,0.47919770549256613,0.46774231980401004,0.23765786392981392,0.3958228760115078,0.4036301411413075,0.39582298170949604,Japan
87,0.3090419118679108,0.5179520752914476,0.5022971111173451,0.2800019957661247,0.4342465003459251,0.4411625144885104,0.43424659253400505,Japan
88,0.22129439976779058,0.43157437997396564,0.4125055651734929,0.1648294417418705,0.34652468898266997,0.3520001491446785,0.3465247693876259,Japan
89,0.229432044800319,0.4386784754166011,0.41540999952870694,0.15372201082324505,0.35353983069425343,0.35831543870427757,0.3535399008221587,Japan
90,0.33557060175818376,0.5476473843816596,0.52432261528903,0.2694824973339011,0.4628210670868121,0.46796148427236167,0.46282112825123956,Japan
91,0.3472027573435926,0.5651637006361849,0.5383468394962023,0.2863801817770667,0.4781101522410832,0.4813855194094434,0.47811020558771,Japan
92,0.3542713100637695,0.5769751948964134,0.550724859051191,0.3001622139677721,0.48882618756443597,0.4911949236494163,0.48882623409250314,Japan
93,0.3796201204107817,0.6085443012224614,0.5822070609891186,0.3390115670469736,0.5214779821082864,0.5239117081462099,0.5214780226893159,Japan
94,0.3945284734711752,0.6277744230102513,0.5976714577076394,0.3629680449781358,0.5393211228889555,0.5409873772209142,0.5393211582830746,Japan
95,0.3987329549630244,0.6368656983987306,0.5994589290914911,0.37092772524880213,0.5465432465149714,0.5468315506255831,0.5465432773851511,Japan
96,0.38374712006124384,0.6132568649896923,0.581419906546943,0.363631667894403,0.5305256093100449,0.5288552926975243,0.5305256362345174,Japan
97,0.3651924580052492,0.5985462247145741,0.5688722832572279,0.35909541664255734,0.515421718470856,0.5135283891978977,0.5154217419539466,Japan
98,0.33914088569484996,0.5718299197109868,0.5479812828370867,0.34080824344606453,0.4921508693218276,0.4883965517487858,0.4921508898034003,Japan
99,0.27497780693916946,0.5110077190109741,0.48634049441738,0.2881213034862196,0.43155801153115986,0.42803919106268296,0.4315580293948571,Japan
100,0.24968363944117283,0.48073334050592725,0.46818381130661024,0.2729327674646364,0.4114385875156151,0.4099483171313593,0.4114386030960436,Japan
101,0.2774245326390849,0.5093693977110042,0.5066497998781778,0.29019574164405715,0.44025805122060807,0.4402732711471058,0.44025806480960644,Japan
102,0.2572386558018158,0.4948337815959772,0.4901284668698846,0.27929923429354303,0.42169983763090735,0.42191110766732454,0.4216998494830125,Japan
103,0.21579015051782818,0.4588136824685689,0.44456761364226344,0.24293976796127523,0.38189993778786907,0.38212867317970567,0.38189994812508393,Japan
104,0.21105341884925163,0.45452082683867034,0.4380900817350705,0.2401780917676996,0.3799749960923917,0.3789612296112964,0.37997500510834376,Japan
105,0.1577841789854747,0.39261012829088454,0.3804527159950043,0.18294681268412044,0.3234335586317365,0.3217267954410564,0.3234335664953044,Japan
106,0.14699640376823905,0.38162887465413065,0.3704889679408856,0.17261207332685846,0.3123106474611976,0.31017567142572194,0.31231065431967464,Japan
107,0.13375512000793646,0.35897286035886344,0.3540718509499874,0.15137947978592683,0.2944263709915462,0.293676794053116,0.2944263769733993,Japan
108,0.2005800225380171,0.4213013599496538,0.41588172958504444,0.217246048175472,0.3542249405611184,0.35515482873280924,0.35422494577839414,Japan
109,0.23670849172412223,0.45685021687937793,0.4426051727776826,0.25647921834715076,0.386057026047111,0.3865777618511278,0.3860570305975347,Japan
110,0.2119580838671571,0.43050919569847534,0.4143134804410753,0.21929290624538897,0.3561854787397253,0.3563692406952314,0.3561854827085314,Japan
111,0.17989895802565475,0.39510328864350774,0.38392483157566726,0.190425408516444,0.31759892333594253,0.317807401623907,0.3175989267974712,Japan
112,0.20882819154586363,0.4204870382916057,0.407550278061003,0.18510316760143014,0.3403770704725188,0.34117587759641366,0.34037707349160823,Japan
113,0.1793493103121741,0.3874439111524802,0.3678277979888283,0.1394090750004395,0.30530432712133543,0.305599604216348,0.30530432975453653,Japan
114,0.15319408538215004,0.35691657583208947,0.3354383044909412,0.09281584337597992,0.2722093715459075,0.27041118567866873,0.272209373842543,Japan
115,0.15482945417954372,0.34626700061415777,0.3302664498319275,0.08870909234968283,0.2682499868783781,0.2657119204994751,0.26824998888146656,Japan
116,0.1270418749749055,0.31530145343698324,0.2952746945767018,0.058154300575963686,0.23615521351412608,0.23272201528371023,0.23615521526118752,Japan
117,0.10999327194564851,0.2957451373203137,0.27158316223131385,0.043381603731673435,0.21534994523285933,0.2147200629275631,0.21534994675661812,Japan
118,0.1153524020833463,0.3013214106504657,0.27508739110559943,0.05313007261035463,0.21983690263614705,0.221652027250912,0.21983690396514488,Japan
119,0.13099468007871973,0.3093358599055731,0.28945671149821295,0.07375574471145507,0.23426051800896525,0.23613129036208114,0.2342605191680957,Japan
120,0.13345103655717439,0.31686773282278524,0.2949530326735228,0.07871683745041197,0.24046263678410548,0.2412517777752618,0.24046263779508037,Japan
121,0.07210685558911589,0.26430088280166497,0.2430788146398904,0.026845256335891243,0.1846752874335239,0.18448632244846916,0.18467528831527988,Japan
122,0.045206355932953024,0.24509845819319653,0.22406851621745183,-0.0014247082512760523,0.16399526956473187,0.16232249894155049,0.16399527033378525,Japan
123,0.0015970497221568514,0.21336728858949142,0.19035970737106686,-0.027691621521902687,0.13199393028557432,0.12957711101190825,0.13199393095633027,Japan
124,-0.06838482340061483,0.1551393245958734,0.13187944722298134,-0.07100730817683784,0.07259430626855291,0.06898468947909249,0.07259430685357543,Japan
125,-0.043179090312268076,0.19062172643245998,0.1661634459709836,-0.02645316697821598,0.10817462537763811,0.10588235566263882,0.10817462588788532,Japan
126,0.017462694412923252,0.2570509427956148,0.24278261162845996,0.06268074203190294,0.1845054873584092,0.18422213103151286,0.18450548780343856,Japan
127,0.0491941265811231,0.30742888870109397,0.2846444333869636,0.10684543521830692,0.23060763102841736,0.23083887200078027,0.23060763141656482,Japan
128,0.07533039416942966,0.3505552298555773,0.32336299611406893,0.13775407209989027,0.27156763950369894,0.2715032056644171,0.27156763984223486,Japan
129,0.06240700911611391,0.34365079856671793,0.32033037105071815,0.13382092957358083,0.26905446008405676,0.2674723485302031,0.26905446037932235,Japan
130,0.05143626032213783,0.344607619368719,0.32015797846705063,0.1332488571354286,0.26785027613470325,0.26585774413654173,0.26785027639222914,Japan
131,0.05432699191125079,0.3564070282408205,0.32874334325812915,0.14048413937793675,0.27696940982565965,0.2750766032682715,0.2769694100502696,Japan
132,0.08519392408785048,0.38838610018395975,0.360187015618711,0.16988373378293603,0.30891796128584326,0.3074384834857452,0.30891796148174444,Japan
133,0.07896064068299039,0.38233029577357924,0.3525398211698506,0.15840164867138123,0.3020251620442822,0.3004537580766108,0.3020251622151441,Japan
134,0.09826434853897137,0.4005459851191607,0.3712853845513371,0.17391036779513497,0.319150764103825,0.32098817539471314,0.319150764252848,Japan
135,0.12882516887306508,0.42962860549110127,0.4076998974868828,0.18388895385525297,0.34643797279793453,0.34948057599224325,0.34643797292791,Japan
136,0.15517579392783887,0.4534748471839105,0.4348392822847569,0.19181113227546484,0.36924645514469934,0.37382384839623495,0.3692464552580619,Japan
137,0.20810346842753114,0.4978961278885016,0.4828003579923796,0.24599185709344223,0.4149630212045218,0.41954135293833794,0.4149630213033948,Japan
138,0.2862112837049291,0.5688999914710161,0.5467493476113809,0.314313188924207,0.4838046344162648,0.49051730785148084,0.4838046345025003,Japan
139,0.3663455228001621,0.6359686533593242,0.6150709437183596,0.383100099734458,0.5553990739388809,0.563533243852157,0.555399074014094,Japan
140,0.3430046791773683,0.602840939690017,0.5822984023770589,0.3582737360157923,0.5202592623753205,0.5294963899842271,0.5202592624409201,Japan
141,0.3729407981031244,0.6277751058408063,0.6051790559720649,0.3797875338881741,0.5419653661925918,0.5521423139154206,0.5419653662498068,Japan
142,0.38350475586849514,0.636649267740294,0.6118633595202441,0.39074096581845397,0.54832802719805,0.5592817035455299,0.5483280272479519,Japan
143,0.43679958822095283,0.6854538646381951,0.6587152489139626,0.4520659554887073,0.5968136372129533,0.608139455745605,0.596813637256477,Japan
144,0.44218703880922267,0.6920857727434111,0.6608198638213962,0.4569247218373789,0.6014413189392562,0.612376184857983,0.6014413189772169,Japan
145,0.436222989592528,0.6838758876272504,0.6514265021288972,0.44617192128503513,0.5932117248550094,0.6035198230815481,0.593211724888118,Japan
146,0.4538865841435919,0.7007736807953597,0.6729858105104608,0.4377187556949897,0.6095862991791914,0.61905229976317,0.6095862992080683,Japan
147,0.394301491000875,0.6458771259906433,0.6234947818429786,0.38284855548774627,0.5534566197480499,0.5621594579208367,0.5534566197732358,Japan
148,0.3924116990590223,0.6444229300125379,0.6184943588583156,0.38336843977031865,0.5525197295342459,0.5620282638330583,0.5525197295562126,Japan
149,0.34151214853501294,0.5954254087232311,0.5630197933322132,0.3118744097694668,0.5047411227008856,0.5126261521990552,0.5047411227200447,Japan
150,0.2833656069759862,0.5371462461973003,0.5052760873519411,0.2628977465206163,0.45046153696325286,0.4612026239591902,0.4504615369799631,Japan
151,0.2597954009938498,0.5159907044016495,0.4863956129853094,0.23458860259061415,0.4293480921863354,0.43792482632065016,0.4293480922009098,Japan
152,0.29057782197500187,0.5538616534359737,0.5243634080060864,0.2702469142885654,0.46547903410142766,0.4733096462558654,0.4654790341141392,Japan
153,0.29716403432406796,0.5598159423067393,0.5362956029075245,0.2977005572640506,0.4785620106562418,0.48398546456822106,0.4785620106673286,Japan
154,0.3071222805134393,0.5760351945020681,0.5513527674180525,0.31922967541413005,0.4955605326712234,0.4992747262482619,0.4955605326808931,Japan
155,0.29527215735175166,0.5742885786654364,0.5474781068538215,0.321062134961454,0.49053777594737025,0.49451032508094434,0.49053777595580406,Japan
156,0.3080700143245875,0.5889099647569223,0.5682825378306338,0.3402519575375671,0.5096338274984975,0.5124147812717836,0.5096338275058534,Japan
157,0.29056312421639163,0.5726947978031625,0.5566866933235597,0.3274499061611734,0.49762012108387904,0.49899168461529675,0.49762012109029474,Japan
158,0.24439246761149636,0.5282232208368711,0.5154453882199217,0.2859551935328791,0.45681299021177024,0.4569553063139002,0.4568129902173659,Japan
159,0.233709167842643,0.5205104541996304,0.5089303275050276,0.30027060966968827,0.45218157395653574,0.45415452540831147,0.45218157396141617,Japan
160,0.23434327560185808,0.5298142146331208,0.5150909269666775,0.28789324671590405,0.4583230206905973,0.45975450958275565,0.458323020694854,Japan
161,0.21294085423165,0.5192877469009466,0.5031290017928798,0.2845607986781867,0.444242833512365,0.4454729438086368,0.4442428335160776,Japan
162,0.265929745625644,0.5798571978185426,0.5604609918739728,0.3179595262638838,0.5022441565219571,0.5066190292704995,0.502244156525195,Japan
163,0.17272120653972822,0.4948724786484531,0.47197765138081527,0.22681040990016518,0.4175290881388771,0.4205406339256903,0.4175290881417012,Japan
164,0.18208897798265844,0.5100671563082653,0.479062664298594,0.23364715788689988,0.4308699704248253,0.4348716855055167,0.4308699704272884,Japan
165,0.24970890804927925,0.5781045369553375,0.5493249437871244,0.30884334930545476,0.505847908567463,0.508579273814294,0.5058479085696113,Japan
166,0.2326194032923451,0.5580959505568087,0.5354463663347344,0.3187244556993097,0.4938020368305974,0.494517038863376,0.49380203683247115,Japan
167,0.2353274832961419,0.5654930922511319,0.5385496888767113,0.32749234880796935,0.4967873834581904,0.4966156179208267,0.49678738345982465,Japan
168,0.17216383447976677,0.49974378931953234,0.4689591315475071,0.26560793131168337,0.42791198285490095,0.42701666680080863,0.42791198285632626,Japan
169,0.14850355411093802,0.4697263544368233,0.4382770014561313,0.2509562317983261,0.3972091503730786,0.39630954829625176,0.3972091503743217,Japan
170,0.17682043213000997,0.4819705692282214,0.4563602563311466,0.28522757014032896,0.41320106498611825,0.41348219634631805,0.4132010649872025,Japan
171,0.20207209673961946,0.48847397525276726,0.46832555396891057,0.31242293685561184,0.4240393542841974,0.42661014621599,0.4240393542851431,Japan
172,0.1654896878582255,0.4418317536671543,0.41783831220900286,0.24592486803046182,0.3723670100115501,0.3744030780596089,0.3723670100123749,Japan
173,0.15466423962018272,0.4200224810895446,0.39553555502895116,0.2286160357837428,0.3458615415966116,0.3482764722503855,0.34586154159733096,Japan
174,0.16934979247360826,0.4215364811012368,0.39321156572822547,0.22176446589413967,0.3454973309327433,0.34718325699701,0.3454973309333707,Japan
175,0.1960409420622805,0.43518405295896473,0.4031368662870712,0.22065665938190196,0.35837536814719456,0.35976171235250043,0.3583753681477418,Japan
176,0.1699889143717433,0.3999575931901463,0.3658481669886508,0.166337757099292,0.3200467828923861,0.3201699390447833,0.32004678289286337,Japan
177,0.17911580761453266,0.39836027493718706,0.36541193750371,0.15787692271480386,0.31800829306695366,0.31806002296347863,0.31800829306736994,Japan
178,0.16523754531819096,0.3742094149392148,0.3437137360294155,0.14587477098502188,0.2946207476230907,0.29391866507728037,0.29462074762345375,Japan
179,0.12447092480571331,0.32636525744466,0.29705724327712907,0.10260419484211891,0.24510231614036065,0.24375171425970132,0.2451023161406773,Japan
180,0.09036694042895554,0.28709435204414346,0.2557082593175729,0.0641137770889661,0.20290717580500342,0.20095073731802712,0.2029071758052796,Japan
181,0.09510896779876282,0.2858471862514517,0.25050737616657265,0.06235632784882095,0.2008212113114835,0.20187850962202072,0.20082121131172437,Japan
182,0.11143540410526362,0.29714601959457765,0.25752478573331783,0.06564120801092255,0.21073441564477235,0.21205964997804427,0.21073441564498244,Japan
183,0.1322834308095459,0.3088119584669773,0.27247648120259016,0.07219328909435785,0.22507298962450906,0.22897149814945603,0.2250729896246923,Japan
184,0.0960123609797805,0.2673916650016389,0.23694875274618135,0.044127705884753565,0.18358244779011632,0.18811116848769371,0.18358244779027613,Japan
185,0.125643707875177,0.2857049764228049,0.27040845391511426,0.07728838984917935,0.20751653632716743,0.21285969444192576,0.20751653632730682,Japan
186,0.1539255167842954,0.30967822900545156,0.30278461954988334,0.0677991327102821,0.2301423369646147,0.23580576973321238,0.23014233696473627,Japan
187,0.1658077886203977,0.31645983246610165,0.3087824519777021,0.08817322633051217,0.23617559437130303,0.24386925264686415,0.23617559437140906,Japan
188,0.13467642509189826,0.281441838979428,0.26748912496276006,0.04075079483887406,0.19948484719223464,0.20548038473639552,0.1994848471923271,Japan
189,0.07076502394472164,0.21414340410751928,0.19994423662825359,-0.03328396109522569,0.13164057659354475,0.13529193224234126,0.13164057659362538,Japan
190,0.06018973274980827,0.1974671499889893,0.1823672926571953,-0.0480610936844339,0.11740611629972686,0.11992837969694231,0.11740611629979719,Japan
191,0.06463698201142892,0.20091968251676198,0.18218662268519456,-0.045380492280090945,0.11728799440502402,0.11836887992554529,0.11728799440508536,Japan
192,0.06862222330999024,0.1976572871742459,0.18220574362484687,-0.04258510362456902,0.1170624088227824,0.11918825121199628,0.11706240882283592,Japan
193,0.06498653629936452,0.18077331147391004,0.17509423051283202,-0.040766724094895346,0.10952512272810316,0.11075676588256556,0.10952512272814985,Japan
194,0.06458774566545844,0.16843901141590006,0.17036623083585473,-0.02988703504549528,0.10343358214511134,0.10403690993737486,0.10343358214515203,Japan
195,0.043216189334320365,0.14802425953952808,0.1460197956566907,-0.038637405137616154,0.07847080406426848,0.07776595069517367,0.07847080406430396,Japan
196,0.034613511279017684,0.14073421456718038,0.13786701901166976,-0.045867191586921985,0.06604896888770784,0.06546134991315278,0.06604896888773881,Japan
197,0.03359142171621615,0.1291518510932776,0.13164614035017552,-0.03780081705334071,0.06146688828576985,0.06063818491463491,0.06146688828579688,Japan
198,0.056215953429541,0.15255128155106984,0.14822851718735874,-0.017949633294388923,0.08167340470647289,0.08083997162259426,0.08167340470649653,Japan
199,0.0514064537618068,0.15031870120559696,0.13484348854070352,-0.05364612495010243,0.07521291874933567,0.0739233220677663,0.07521291874935629,Japan
200,-0.012125436747627394,0.08612571603062079,0.06240039740809043,-0.12603804594138784,0.008867161729194759,0.006491446241988136,0.008867161729212744,Japan
201,-0.002189278440965281,0.09309271247191359,0.06917191878701012,-0.10979309771025236,0.017951997789835805,0.01820378144366136,0.01795199778985146,Japan
202,0.02932288516213255,0.1265563057965891,0.10077633596818114,-0.07885814964540577,0.04895063568332464,0.04968330153858719,0.048950635683338295,Japan
203,0.03748243560068781,0.13596712940994105,0.10789190747893523,-0.06618607206040944,0.057807216372362,0.0591329059505481,0.057807216372373904,Japan
204,0.045005977032069766,0.14317098350337254,0.1175096504342032,-0.050191520129613976,0.06570971252425345,0.06748235537982006,0.06570971252426383,Japan
205,0.06623699683261552,0.16245676839723933,0.140582274704042,-0.027618011359188288,0.08521039615766862,0.08793662402828728,0.08521039615767767,Japan
206,0.0885748148660325,0.1883210283552224,0.16595712136091756,-0.010876288526625644,0.11016075162435623,0.1142476717896066,0.11016075162436414,Japan
207,0.14327289516404434,0.24031263759461324,0.2218463630094063,0.033257316669332626,0.1657635420131685,0.17093973524491424,0.16576354201317545,Japan
208,0.20003169343998745,0.3036267709529593,0.2877122036792366,0.06080549384382167,0.2256012520112955,0.23158022288999613,0.22560125201130155,Japan
209,0.24337352954596436,0.35089065560849864,0.33511856632116044,0.08819828459073398,0.2709415137915757,0.27542748091330316,0.27094151379158105,Japan
210,0.21184788477000321,0.3235916053304231,0.2986976551095833,0.05033196002684062,0.24047191219195405,0.24417214379632826,0.2404719121919587,Japan
211,0.23469409450129064,0.34454360293649855,0.3171510727689042,0.08585954533020784,0.26538410483199115,0.27153031031771935,0.26538410483199526,Japan
212,0.18592226449618873,0.29164311302100626,0.26626045646751284,0.06171739200523915,0.21910114323988417,0.22440072854841114,0.21910114323988775,Japan
0,0.32483470882438503,0.32483470882438503,0.32483470882438503,0.32483470882438503,0.3354255684720636,0.32483470882438503,0.32483470882438503,Spain
1,0.39023176886725963,0.40713307154896194,0.41708962035231834,0.40694569310405254,0.4143294678480966,0.4064711011714583,0.4073729825078985,Spain
2,0.42364100157822,0.451900794930713,0.4640330772452517,0.451866630157664,0.4568447806312814,0.4485833217019607,0.45227549259440347,Spain
3,0.45847111643332694,0.49465284393659736,0.5070931933001168,0.49470022461518787,0.49819989272521864,0.49076682002623273,0.4951986080041383,Spain
4,0.5470918856244416,0.5884716005032928,0.6004128183188701,0.5883723766747782,0.5909272936567039,0.5848656548995304,0.5889559340259933,Spain
5,0.6031467172476597,0.6478603781325483,0.6687889075352271,0.6476755945364283,0.6496824034087549,0.6457941707040317,0.6483875383243798,Spain
6,0.6411859928411134,0.6883491076866188,0.7195361040069883,0.6882789597627224,0.6898031964546651,0.6875057660020374,0.6889526790956739,Spain
7,0.7480628540384031,0.7967758083548582,0.8239190344211345,0.7967015971864748,0.7979533488618397,0.7979245724575093,0.7973946962371962,Spain
8,0.8578008314712056,0.9079359615530334,0.9296978794011568,0.9077667512172475,0.9088595038936309,0.9097587507810778,0.9084925592901822,Spain
9,0.9315921164214942,0.9824403806357882,1.0025817090018525,0.9823843482954018,0.9833635546127588,0.9843358981922464,0.9831225312360479,Spain
10,0.9307806533375628,0.9814871098541117,1.0018489564681499,0.9813596408157557,0.98234800961728,0.9843404744909477,0.982189696161856,Spain
11,0.8662849327098163,0.9169793592321764,0.9438430473512794,0.9167278685848024,0.9177245760587933,0.9209027953289212,0.9176205896716207,Spain
12,0.8101939555410087,0.8610984426414489,0.8952742729371331,0.8608243573886467,0.8617960174707444,0.86667573746992,0.8617277151985956,Spain
13,0.7437878782653669,0.7951275466100262,0.826535229345969,0.7949163455802359,0.7958386443792684,0.7992324007668175,0.7957937808109925,Spain
14,0.6872563984812663,0.7388770134050611,0.7653164697723813,0.7384049171375737,0.7393945817721451,0.7429755556675282,0.7393651136491218,Spain
15,0.6726185736581225,0.7239506609082447,0.7477415708428843,0.7235170286873193,0.7245238773630887,0.7269697459421174,0.72450452156265,Spain
16,0.667541563831384,0.7187312821852588,0.7447795894753366,0.7182395258135585,0.7192401712859199,0.7207976122201655,0.7192274576492107,Spain
17,0.7234190033160758,0.7748419536012732,0.7994725063521722,0.7744243315311152,0.77540264695078,0.777698261683327,0.7753942961435434,Spain
18,0.8211252138387264,0.8725660189775972,0.8929590986547224,0.8720789859056183,0.8730218127539244,0.8769407021175588,0.8730163276214562,Spain
19,0.8619475410948052,0.9138760322183495,0.9375959713435487,0.9135365333662786,0.9144045773970556,0.9173377006978669,0.9144009745503676,Spain
20,0.8335441884589241,0.8852617266244841,0.9118600604636159,0.8850777237307375,0.8858812711408595,0.8890547687455347,0.8858789046521134,Spain
21,0.7654597875790221,0.8173731293678083,0.8463919302987815,0.8172692769317825,0.8178981575389173,0.8214509200544017,0.8178966031377812,Spain
22,0.7179712879485829,0.7697075142886495,0.8030997991723996,0.7698093219327213,0.7703101034643272,0.7712305564830779,0.7703090824736734,Spain
23,0.6610453374100667,0.7122747863629111,0.7472587685468532,0.7124062898329968,0.712987968072681,0.7112128626004997,0.7129872974466175,Spain
24,0.6505050745991756,0.7026015147854645,0.738820341750841,0.7025638240362813,0.7032647774053725,0.7027287041341646,0.7032643369122931,Spain
25,0.690664721708041,0.743828923359275,0.7718647378589399,0.7436387115442142,0.7443117465428275,0.7458510817811657,0.7443114572099734,Spain
26,0.6002334324670732,0.6534257588830403,0.6784702134638381,0.6532332585043501,0.6539260000095406,0.6536011043265908,0.653925809964556,Spain
27,0.6122246552581386,0.6648335476074432,0.6885474883418332,0.664611870357902,0.6653817652841048,0.6624076924653854,0.6653816404552246,Spain
28,0.6152962880699914,0.6677580571117375,0.6891374593978676,0.6676584850846994,0.6684442034821292,0.666079103481948,0.6684441214897032,Spain
29,0.5752198946406493,0.6272457183366387,0.6483133724011865,0.6271070325409865,0.6279162362212026,0.6258069920018159,0.627916182365413,Spain
30,0.5453789037417334,0.5981215176367719,0.6186632902059782,0.598012057978616,0.5988245042663738,0.5953623584906724,0.5988244688918127,Spain
31,0.40691156547904767,0.4602789844494682,0.47784599116352683,0.46033781590190104,0.4610282603652907,0.45740586713410036,0.46102823712991386,Spain
32,0.30893116203999793,0.36166852672604005,0.37929234844265813,0.3618221664015624,0.36240176848019146,0.3582134841633672,0.36240175321829926,Spain
33,0.19672187791761273,0.24979678697417604,0.2632651609313177,0.2499842887684802,0.25050889797106224,0.24357493208363576,0.2505088879464624,Spain
34,0.12402843667120328,0.17769536037121259,0.18866177154902286,0.17783478316756515,0.1782047671048971,0.1728092447078206,0.17820476052035308,Spain
35,0.0689272079231981,0.12312334265081544,0.13243588966885878,0.12346169794239965,0.12372798921817244,0.11955598200338349,0.12372798489318981,Spain
36,0.047002833650634374,0.10157135820108809,0.11199600004725715,0.1019063871880016,0.10222697967695993,0.09887171220117005,0.10222697683614446,Spain
37,0.05937532583765798,0.11391198354917503,0.12730893913078073,0.11420465116363376,0.11447409570199402,0.11078824840263707,0.1144740938360368,Spain
38,0.0943836238965666,0.1480088168430846,0.16073512981387894,0.1481615873942108,0.1484680645109765,0.1425776032616004,0.1484680632853438,Spain
39,0.16974758798484815,0.22367698272056508,0.23606928033617874,0.22382868306755818,0.22420413456842517,0.21699040107315487,0.2242041337633823,Spain
40,0.23285033926343363,0.28697684984631167,0.30162381978099917,0.2871641574331813,0.28757012846461716,0.2810918234563018,0.2875701279358339,Spain
41,0.30946395228694273,0.36217940224077205,0.379156900158107,0.3623845019194509,0.36282460301795394,0.3569150022014005,0.36282460267062877,Spain
42,0.3748723140918687,0.42701300718615515,0.4469675046712854,0.4272968466466709,0.4277060537465715,0.4234544632615846,0.4277060535184349,Spain
43,0.33180298478727654,0.3840504615982652,0.4070938791840944,0.3842153073193458,0.3847693576779957,0.3785754791547796,0.3847693575281468,Spain
44,0.3112006897005103,0.3629759391323627,0.3921545219780393,0.36307132790135827,0.36371795945975444,0.3590228851800342,0.3637179593613279,Spain
45,0.3172494167019839,0.36962287270490574,0.40975096125385896,0.3696272242937262,0.3703329935975974,0.364164595237664,0.3703329935329471,Spain
46,0.3006993019736524,0.35243291714689284,0.3982466412765832,0.3525898677740268,0.3532195355600349,0.3486143262192528,0.35321953551757,Spain
47,0.2886716169036594,0.3404159996042857,0.3825817963692071,0.3404740359034308,0.34118067934732,0.33380898695815614,0.3411806793194274,Spain
48,0.21830389335242711,0.27051467994529965,0.30441428340548976,0.27063723622521374,0.2712435813900534,0.2615658238474735,0.27124358137173243,Spain
49,0.21324843704683183,0.26604670506873185,0.2949763074479449,0.2658714786573553,0.2666216884224294,0.2544672682537804,0.26662168841039546,Spain
50,0.2752708641421653,0.32789413239266263,0.35556179378310454,0.3277544166898937,0.32850265626482145,0.3172629789360747,0.3285026562569171,Spain
51,0.3379396096378887,0.3909315286765073,0.4126173167222576,0.3906590029836068,0.39145623543373176,0.3813503391618308,0.3914562354285399,Spain
52,0.4140956076788963,0.46696022476636395,0.4872431248225882,0.46680395913855643,0.467623211762212,0.4598551815674491,0.4676232117588018,Spain
53,0.5196048265075516,0.5719729628660741,0.5926687125550636,0.5718098772435243,0.5726630847265466,0.5673299728827563,0.5726630847243067,Spain
54,0.6688040555757281,0.7214056784874925,0.7394481050229171,0.7212454918638493,0.7221016546442587,0.7193676465833294,0.7221016546427875,Spain
55,0.7118267939195749,0.7638976819034364,0.7825816474311214,0.7638570214066455,0.7644380946867093,0.762958973900009,0.764438094685743,Spain
56,0.6258969509641216,0.6781856347959474,0.6982265950662949,0.6783974458228494,0.678802370009554,0.6797183086035936,0.6788023700089194,Spain
57,0.551042858545538,0.6040000103026393,0.6235183545144146,0.6042450570857478,0.6046356372476501,0.5975622039989505,0.6046356372472332,Spain
58,0.4986130790397416,0.5520458640012448,0.5732349541957995,0.5523022272045641,0.5525636471321047,0.5438507630725584,0.5525636471318309,Spain
59,0.4279410620307664,0.4814356067660809,0.5045217889130795,0.4817547375542154,0.48198306706520755,0.4752343279222433,0.4819830670650277,Spain
60,0.5602583081470577,0.613900276199014,0.6360438419228364,0.6142286126112324,0.6145015747617213,0.6142178078133038,0.6145015747616032,Spain
61,0.6530774896183609,0.7066966555396088,0.7267108512373626,0.7069033190132783,0.7072997254895741,0.7090442617217655,0.7072997254894964,Spain
62,0.6598102064114568,0.7121127555376368,0.7301126448517538,0.7121134984491971,0.7126593892533785,0.7148719504032277,0.7126593892533274,Spain
63,0.6271999674499271,0.6794480108384905,0.6986566383911793,0.6794337483226526,0.6801479552357615,0.6810652148524459,0.680147955235728,Spain
64,0.6279550501445706,0.6800670655175995,0.7038813613682592,0.6799709359855273,0.6807464821027163,0.6810327238720914,0.6807464821026942,Spain
65,0.5447688380333849,0.5981899857172024,0.6237729229137068,0.5980432583812694,0.5988849433595125,0.5975038381598239,0.5988849433594979,Spain
66,0.41721676933279844,0.4702096578939776,0.49143211029091394,0.47012530507991634,0.47099074426123955,0.46949471690448685,0.47099074426123,Spain
67,0.263973889560395,0.31707659234226804,0.3344264994408145,0.3171306271695883,0.31789275341526746,0.3117862722099478,0.31789275341526124,Spain
68,0.17239832789596424,0.22531356162443758,0.24047392438636656,0.2254943441294214,0.22609572801919633,0.22097524871467122,0.22609572801919225,Spain
69,0.13239200984966762,0.1863038901813655,0.20400403709462397,0.18635782842585633,0.18694785032621675,0.18055073304240699,0.18694785032621408,Spain
70,0.06396904039425029,0.11886914110192819,0.13814072369419575,0.1186761380257279,0.11934664473862396,0.11458750850855133,0.1193466447386222,Spain
71,0.09195727313249397,0.1471906251609229,0.16244524340162508,0.14705719801058575,0.14773150662370071,0.14362694162449152,0.1477315066236996,Spain
72,0.2546413134622891,0.3086680803507485,0.3203083591540893,0.3083650648863788,0.3092426995946813,0.302918687531846,0.30924269959468054,Spain
73,0.4346620604406859,0.48827057603838336,0.49798915061451343,0.48785338029997727,0.4888254708827511,0.4847169634680325,0.4888254708827506,Spain
74,0.5506823990142534,0.6042184737306205,0.6147840846252284,0.6039819753911977,0.6048034760008824,0.6029671174571171,0.604803476000882,Spain
75,0.5469513045090424,0.6007963932618,0.6121705962551214,0.6006134781967214,0.6014730712413106,0.6002996729165861,0.6014730712413103,Spain
76,0.5231931636795334,0.5763799384933468,0.5894768475660288,0.5761687303195566,0.577041011244527,0.5745303946900604,0.5770410112445268,Spain
77,0.5598025119307922,0.6127539969183258,0.6305765080234911,0.6125450510073464,0.6134160433002709,0.6087599203907643,0.6134160433002709,Spain
78,0.5234754371687453,0.5767181413328095,0.5950083571670146,0.576464463123268,0.5773417313246512,0.5731802753275826,0.5773417313246512,Spain
79,0.4620126921361626,0.5158170304333844,0.5347888269361416,0.5154925673169983,0.5162812235937586,0.5113314002662244,0.5162812235937586,Spain
80,0.5158522491163791,0.5696338769398006,0.5948546771864069,0.5695393450812742,0.5701554557321565,0.562610249628918,0.5701554557321565,Spain
81,0.5139715096193753,0.567289778459471,0.5934383887697408,0.5674343011195799,0.5679444865422077,0.5604585567692388,0.5679444865422077,Spain
82,0.4621156879122513,0.5148492421314692,0.5409303058074175,0.5149565811393231,0.5155117727912264,0.5105390170666866,0.5155117727912264,Spain
83,0.3540089577603393,0.4069312748837339,0.43186667738434326,0.4070140685632501,0.4076092884891373,0.4023212000452203,0.4076092884891373,Spain
84,0.26128190207413327,0.31363559098838767,0.3373887016131142,0.3137478741407117,0.3142847288717749,0.3097085214745313,0.3142847288717749,Spain
85,0.21767224813098854,0.26917037477122974,0.2888709069648052,0.26913350427666716,0.2697485003489528,0.2601863332609414,0.2697485003489528,Spain
86,0.2554226176364893,0.30653704883019217,0.3256437169946725,0.30637506414640353,0.30716606343331965,0.29488751752054826,0.30716606343331965,Spain
87,0.2721305472895411,0.323850969132742,0.33896058023995707,0.32363294119257546,0.32451581826633885,0.3144775112721774,0.32451581826633885,Spain
88,0.30489891011037834,0.3577472435851573,0.37470411317610497,0.3575260488483134,0.358430542550371,0.3487622780012991,0.358430542550371,Spain
89,0.31026384349650227,0.3629034330315848,0.3859035014146605,0.36263610275533475,0.36355927439141733,0.3564218702411412,0.36355927439141733,Spain
90,0.2391616351966229,0.29255154293746743,0.3160706806282982,0.2922775328154439,0.2931589607059559,0.28521349325002343,0.2931589607059559,Spain
91,0.26791409104117614,0.32133186130736013,0.3423911153248578,0.3209473749733991,0.32185598693639617,0.3152742882161056,0.32185598693639617,Spain
92,0.5128874772144549,0.5665370816921808,0.5813413662840349,0.5662766606116043,0.5671461498991017,0.5641336380533585,0.5671461498991017,Spain
93,0.70540099117512,0.7584650298531304,0.769615777113588,0.7582398737969424,0.7590807911562034,0.7574837868151425,0.7590807911562034,Spain
94,0.819570253873523,0.8727692338777758,0.8830604910045471,0.8724923669693858,0.8733736320790073,0.8724683794284154,0.8733736320790073,Spain
95,0.8238995217844658,0.8769915119037452,0.8932383465371675,0.8767471391511149,0.8776478014181192,0.877053196541602,0.8776478014181192,Spain
96,0.7729128303964488,0.8271612978042846,0.8532382746327354,0.8268151246016358,0.8278288728077356,0.8283061002597538,0.8278288728077356,Spain
97,0.8062789997899871,0.8596286444184754,0.8879192347259508,0.8593800523726715,0.8602866023058531,0.8608593942880856,0.8602866023058531,Spain
98,0.8284143676247244,0.8810692535924219,0.9036631965339281,0.8810104430127699,0.8816721089250936,0.8829703126456434,0.8816721089250936,Spain
99,0.7674334474396045,0.8199197297324086,0.8411652104608516,0.819921394189255,0.8205564980025541,0.8224707951521453,0.8205564980025541,Spain
100,0.7282949755188164,0.7807383236619916,0.8038144570453223,0.7807226308531149,0.7813822260529606,0.783564455447228,0.7813822260529606,Spain
101,0.71143714664001,0.7645544337491441,0.7928501036112439,0.7645576058248182,0.7652349777633184,0.7682163044352064,0.7652349777633184,Spain
102,0.7074780393419368,0.7614595833691993,0.7974568655663917,0.761352649566867,0.762085970500058,0.7675553955770598,0.762085970500058,Spain
103,0.7016969549762213,0.755553754933689,0.7951841585490057,0.7554252859754987,0.7562101907774785,0.7607287819588786,0.7562101907774785,Spain
104,0.7795388056191542,0.8326036047382074,0.8656880115183123,0.8324184345298625,0.8332436394083849,0.8379678064573137,0.8332436394083849,Spain
105,0.7483159895618977,0.8011579307088832,0.8342131874823377,0.8009892235990748,0.8018270046864098,0.8057253191246003,0.8018270046864098,Spain
106,0.7141675302959536,0.7663154771487026,0.7991256859620793,0.7661098949384676,0.7670157330419982,0.7722409636034224,0.7670157330419982,Spain
107,0.7141792623193188,0.7665030551350002,0.806559271242375,0.7662558006054834,0.7672150940118125,0.7751420991994329,0.7672150940118125,Spain
108,0.6788473492928694,0.731385452481757,0.776086816457899,0.7309682351844446,0.731878607432435,0.7379746958105622,0.731878607432435,Spain
109,0.6628689851233945,0.7154717179236134,0.7547950454288141,0.7153499536697863,0.7159868957265803,0.7211940718364067,0.7159868957265803,Spain
110,0.6240962080063138,0.6768666010189024,0.7101790655892164,0.6767774105742066,0.6774395281108561,0.6827663029537835,0.6774395281108561,Spain
111,0.6069404044031006,0.6594220620972983,0.6884260333929559,0.6593420909332974,0.6600357089235614,0.6647177494155615,0.6600357089235614,Spain
112,0.5377998153486458,0.5901560435602007,0.6155565503407832,0.5901067374787259,0.5908126880622571,0.5939320443518086,0.5908126880622571,Spain
113,0.418372441468434,0.4713561912813895,0.49205807928188444,0.4711936127875371,0.4719568450750846,0.4729518617978944,0.4719568450750846,Spain
114,0.36703117643712374,0.4201538577251793,0.44100316279421,0.4198673714412862,0.42067688615566756,0.41731374086112233,0.42067688615566756,Spain
115,0.397857492580917,0.4502527715362651,0.4698664528090068,0.45003494962953655,0.45083955038639745,0.44723378282223514,0.45083955038639745,Spain
116,0.23396623693142815,0.2860621346046103,0.3009108424576628,0.28584641524591314,0.28670382542804407,0.2776968634502429,0.28670382542804407,Spain
117,0.11322085698462278,0.16513434560827142,0.17620364144479891,0.16491634761042462,0.1657978686045905,0.15700589640557874,0.1657978686045905,Spain
118,0.02882992352641539,0.08148171716702059,0.08991202168515981,0.08126222247104281,0.08215958037704031,0.07350882176164628,0.08215958037704031,Spain
119,-0.04621511714085011,0.0074891924203816795,0.014085757521478448,0.007370220229570984,0.008070732805983916,0.0008232158907859888,0.008070732805983916,Spain
120,-0.013745938441660333,0.03939113541927519,0.0477122513475452,0.03939478358324888,0.03990123769734266,0.03514078889048278,0.03990123769734266,Spain
121,0.07723114775300341,0.12941331303292486,0.14355609849168977,0.12949130398901326,0.12987894337162845,0.1261826605624894,0.12987894337162845,Spain
122,0.07239216339421023,0.12563770550290254,0.14331914418574704,0.12539565330744873,0.12606046567092483,0.12059528402439557,0.12606046567092483,Spain
123,0.09824482672126783,0.15049471017924265,0.16745599617927373,0.1501305643284898,0.150971754183723,0.1465198985735133,0.150971754183723,Spain
124,0.1422707959613741,0.19509016964211806,0.21100025826891605,0.1947380260445151,0.19564067766523385,0.1921531905891359,0.19564067766523385,Spain
125,0.2117809826678218,0.2640606161991399,0.27984726324633946,0.2637481173216988,0.26462879024839864,0.26140438925682885,0.26462879024839864,Spain
126,0.33504332615877214,0.3866679284886265,0.4043756587891276,0.38639518568206277,0.3872673679770776,0.3796629652397524,0.3872673679770776,Spain
127,0.4517529954503231,0.5036603377715259,0.5241107999647816,0.5035160081874117,0.5043248319110472,0.4962761888429825,0.5043248319110472,Spain
128,0.5430974191811505,0.5949636182744292,0.6173360158109658,0.5949863560110247,0.595656565869661,0.5934070366249343,0.595656565869661,Spain
129,0.5141041581015017,0.5665011126173698,0.5914173454160911,0.5666528070300354,0.5671844111618353,0.5642274126492071,0.5671844111618353,Spain
130,0.617168660042902,0.6702143686098804,0.6963277681853998,0.6704382463849332,0.6708836777377251,0.6704047151203176,0.6708836777377251,Spain
131,0.7002162838941398,0.7533621292276937,0.7792405210022131,0.7537273523649961,0.7540474957216392,0.7559056710499374,0.7540474957216392,Spain
132,0.7769832309229925,0.8306247966493872,0.8552477379411015,0.8311357113912661,0.8313978176846851,0.8329712477584266,0.8313978176846851,Spain
133,0.7629943424617645,0.8163182100210116,0.8501975603443074,0.8167462929074332,0.8171125606393923,0.8191459859705033,0.8171125606393923,Spain
134,0.7299585414108571,0.7833292113804244,0.8195746151872154,0.7835614184444264,0.7838826998503006,0.7858192933985444,0.7838826998503006,Spain
135,0.6958981099410462,0.7491269158986891,0.7797499099298844,0.749286469282193,0.7495724086869462,0.7519547064391832,0.7495724086869462,Spain
136,0.6783307646132357,0.7317926464106088,0.7591804568326246,0.7320304559812607,0.7323250143753772,0.7363587042762783,0.7323250143753772,Spain
137,0.6483863470934053,0.7012501131863824,0.7277765660235457,0.7014907824410674,0.7018286907639669,0.7059432450829622,0.7018286907639669,Spain
138,0.5992507656070798,0.6512862399973576,0.6825088513651787,0.6514795361876135,0.6519127789524464,0.6551929727543209,0.6519127789524464,Spain
139,0.550472497741449,0.6023981316083489,0.6396257749959069,0.6025586403696439,0.6030666620161179,0.6060638826080151,0.6030666620161179,Spain
140,0.4696100579047771,0.5211789402889382,0.5537688678358963,0.5213199448149604,0.5219128625276169,0.5233713572143852,0.5219128625276169,Spain
141,0.48212917971256375,0.5335260037542897,0.5647262844124395,0.5335503216170294,0.5342704684529481,0.5325648425754903,0.5342704684529481,Spain
142,0.625328540824768,0.6767457472387887,0.6991934598012288,0.6766012897244353,0.6773590447190319,0.6765016862010965,0.6773590447190319,Spain
143,0.6811628318479817,0.7325429093454592,0.7528648332853256,0.7323260248660918,0.7331669206374638,0.7333815765695846,0.7331669206374638,Spain
144,0.6191527964987211,0.6705265072194941,0.6951035111305421,0.6703190813631982,0.6711797449285106,0.6737876244818606,0.6711797449285106,Spain
145,0.5504583973491699,0.6019510546784951,0.6288276080603804,0.6015010444178679,0.6024549119745881,0.6058066119994432,0.6024549119745881,Spain
146,0.49109661265138393,0.542613661861006,0.5674401752584898,0.5421177347610322,0.5431740684363905,0.5461444758817866,0.5431740684363905,Spain
147,0.5274481824422971,0.5789834241126826,0.6003405451765116,0.5785856887724568,0.5796612084277174,0.5826254467382017,0.5796612084277174,Spain
148,0.5556185611233349,0.6067299183032574,0.6252592793956806,0.6063738423443534,0.6074121817470185,0.6117656351014819,0.6074121817470185,Spain
149,0.5607237713625886,0.6119060631073832,0.6312501618518194,0.6116051145838142,0.6125985487146526,0.616040429915538,0.6125985487146526,Spain
150,0.5579749642625427,0.6086198045108668,0.6298800184401778,0.6083759263283116,0.6093038133572785,0.6134527013616516,0.6093038133572785,Spain
151,0.550035751256522,0.6014606691971287,0.62354375718049,0.6012680027158618,0.6020301226789383,0.6049280762938276,0.6020301226789383,Spain
152,0.5815587854506539,0.632477467534794,0.6502555443734401,0.632338554419567,0.6330099421106911,0.6359585538928478,0.6330099421106911,Spain
153,0.522248845251295,0.5732032134236676,0.5948062770988087,0.5732928367357648,0.5737793594617933,0.5776805768443214,0.5737793594617933,Spain
154,0.479437381316839,0.5296340331718183,0.5583766404476536,0.5297268559878331,0.5302612579700126,0.5310042796094565,0.5302612579700126,Spain
155,0.46054028101015465,0.5108237422647481,0.5409673874395835,0.5108538763435491,0.5115274775686162,0.5142143477214941,0.5115274775686162,Spain
156,0.40460407414723437,0.4557836937376738,0.4862215428919799,0.45572554985535196,0.4564828979442623,0.46258423762399115,0.4564828979442623,Spain
157,0.277095830256283,0.3288876973418924,0.35904944934692706,0.3288921039903284,0.32956030923337626,0.331469495014579,0.32956030923337626,Spain
158,0.18365412574863157,0.23561739735119624,0.261839028705803,0.235662889602191,0.23627254238386594,0.23542815970045927,0.23627254238386594,Spain
159,0.14886449226828002,0.20085344751833492,0.2215033732756443,0.20050396802624562,0.20132620595473064,0.19723100519558953,0.20132620595473064,Spain
160,0.23329306093327307,0.28491812854980425,0.303617279921555,0.28453206726872704,0.28547030936239637,0.2812986350095855,0.28547030936239637,Spain
161,0.28379090736940904,0.3353944059736558,0.3521125830765127,0.33481825796727893,0.3357910467575962,0.3312010739569098,0.3357910467575962,Spain
162,0.35273451654550003,0.40441664357936213,0.4240841824392624,0.4039684625685713,0.40493152032314517,0.4007177760342102,0.40493152032314517,Spain
163,0.42739402956377964,0.4790307145831425,0.5030748038878119,0.47875933954109284,0.47963822416626906,0.47468777384697775,0.47963822416626906,Spain
164,0.40106608956927564,0.4494126188857276,0.47512195932804474,0.4491781279603861,0.4500406534616913,0.4433804447888231,0.4500406534616913,Spain
165,0.25120387990737725,0.300478785158828,0.3196625682094567,0.300322798889283,0.30103770840621913,0.2945541285123989,0.30103770840621913,Spain
166,0.1851900872418156,0.23503727837434754,0.24948404758647696,0.23491097260714372,0.23542137429146465,0.22729389503156272,0.23542137429146465,Spain
167,0.3521281116262245,0.40200239375000935,0.4171629801681137,0.40197035192231634,0.40230560344605537,0.3913873261777125,0.40230560344605537,Spain
168,0.42520531673061523,0.4742519144036354,0.49329083417767416,0.4744717433795415,0.4747016931261788,0.46752663037131836,0.4747016931261788,Spain
169,0.4742287468034689,0.5234427798465269,0.5442358073686724,0.5237185718896054,0.5240294613623799,0.5237790985515884,0.5240294613623799,Spain
170,0.6113557511618388,0.6587660595224865,0.6784924932095524,0.6589949718157245,0.6594770641222719,0.6625212796143525,0.6594770641222719,Spain
171,0.6475345825768631,0.6934116065060423,0.7114550383533623,0.6937749113993567,0.6941769392259245,0.6965700204273115,0.6941769392259245,Spain
172,0.563970030629237,0.6096315332308109,0.6237856975668938,0.6100115300353792,0.6103926727566333,0.6126013950877474,0.6103926727566333,Spain
173,0.5069972407282839,0.553007986673608,0.5644996961249602,0.5531555425833068,0.5536514264084473,0.555346000211193,0.5536514264084473,Spain
174,0.4304348133793491,0.47734026075095987,0.4877482001414964,0.4774035425858195,0.4779928068604101,0.47993046309431975,0.4779928068604101,Spain
175,0.35431963072594824,0.3992602443152061,0.4135722644483902,0.39919536231117275,0.39984025634158527,0.3999013534358024,0.39984025634158527,Spain
176,0.3361520317461945,0.37821546771071807,0.39874457942877223,0.37812802537448986,0.378830993402127,0.37640775848689473,0.378830993402127,Spain
177,0.3622912152459947,0.40317838344739443,0.4265203271351411,0.4031411296377858,0.40385538340707633,0.3971848659501199,0.40385538340707633,Spain
178,0.26318847896831765,0.30370241766603423,0.32799291098286015,0.3036662841955427,0.3043962682695929,0.2946712221387799,0.3043962682695929,Spain
179,0.20665132333942493,0.24540544945654422,0.26734421068709846,0.24539885165762948,0.24612158713279514,0.23835854169292595,0.24612158713279514,Spain
180,0.22408499367313062,0.2611021245262642,0.2891603634276599,0.2610574219817003,0.26166226259844994,0.25536294763521605,0.26166226259844994,Spain
181,0.13030221098144004,0.16760828742696562,0.20014936528517696,0.16772763187130385,0.1681395299421332,0.16147161009820213,0.1681395299421332,Spain
182,0.051527131581906305,0.08724132673421953,0.1177082342050817,0.0870003138058621,0.08765595879249638,0.081080457588796,0.08765595879249638,Spain
183,0.06422003613762306,0.09851766774169399,0.13273018074366277,0.09818510482670639,0.09885079950260361,0.09136136541587361,0.09885079950260361,Spain
184,0.10618366593812484,0.14073921094857383,0.17232318162367588,0.1402770904208781,0.1409580247453963,0.13152601810993633,0.1409580247453963,Spain
185,0.18782940035909723,0.22042521450647387,0.24818777987402896,0.22001120902391896,0.2208187755453003,0.2139030203988705,0.2208187755453003,Spain
186,0.2154681220286339,0.2460239147908219,0.26940960304232625,0.24569622294835478,0.24653333002655176,0.23973198219477063,0.24653333002655176,Spain
187,0.1443723579875722,0.1732222331354381,0.1921374725324534,0.17293282032874854,0.17379783818871264,0.16742154393319947,0.17379783818871264,Spain
188,0.06108806683891169,0.0886740836208274,0.10292591018824693,0.088286416236099,0.08906065001273272,0.08035025552228489,0.08906065001273272,Spain
189,0.024645036839629875,0.053062370066596976,0.0729448447535172,0.052924818479032576,0.05354260382476389,0.0460404069054422,0.05354260382476389,Spain
190,0.07772608928161773,0.10595199954488882,0.13360949840648786,0.10598656060271433,0.10647950027141123,0.10061242999607206,0.10647950027141123,Spain
191,0.16681756327825226,0.19338290652904266,0.21947868937928205,0.19352386634888363,0.19397284492764974,0.1872890822531553,0.19397284492764974,Spain
192,0.23773816838653325,0.26278474479449476,0.2856437409467987,0.2629843209111957,0.2634678764801349,0.2545571207584502,0.2634678764801349,Spain
193,0.45848641562784187,0.4822250878225902,0.5007061965636035,0.48227295741909537,0.4829038914642645,0.478379557529963,0.4829038914642645,Spain
194,0.5882194861961543,0.6061650157444977,0.6252920568782456,0.6060551960455074,0.6068888503562913,0.6052941136154224,0.6068888503562913,Spain
195,0.6670918390852186,0.685686342051423,0.7035264721890848,0.6857589707261109,0.6864959480227406,0.6875030896133799,0.6864959480227406,Spain
196,0.7144082209613456,0.7323397641371987,0.7489665893472401,0.7326497683313125,0.7331673570344746,0.7360784593796323,0.7331673570344746,Spain
197,0.6906800810083729,0.707884280633169,0.7273827251948227,0.7082296625945054,0.7086397134834628,0.7119899469968126,0.7086397134834628,Spain
198,0.6190059233009737,0.6354319637228167,0.6592904588796844,0.6357350236727517,0.636064550428499,0.6387342008370869,0.636064550428499,Spain
199,0.5819655809708717,0.5994467618489975,0.6254660472204778,0.5995994929221191,0.5999358351337929,0.6020729094933384,0.5999358351337929,Spain
200,0.5958527128503512,0.6108901550896609,0.63518412178677,0.6109991825117032,0.6114148745929848,0.6114269302655008,0.6114148745929848,Spain
201,0.5779616486444836,0.5940066149852568,0.614981022988903,0.5940590925121019,0.5945731060610107,0.5955014685717759,0.5945731060610107,Spain
202,0.39247242148244826,0.40736682560845455,0.4254909680190462,0.4073637037543882,0.4078937941429052,0.40566190268194297,0.4078937941429052,Spain
203,0.249199391592775,0.26291366762578017,0.2788322078664177,0.2629393554507481,0.2634632101277221,0.2574209375714897,0.2634632101277221,Spain
204,0.12537292270812564,0.13728011238511845,0.14926059242667303,0.1371450397649844,0.1377488334314542,0.12829064937782453,0.1377488334314542,Spain
205,0.09441894450787425,0.10247706683424124,0.11374910153386636,0.10225079251474534,0.1029237808132869,0.09484860335639922,0.1029237808132869,Spain
206,0.12784825123200794,0.13774835908552896,0.14825987423124884,0.13745827326848814,0.138320742824928,0.13053879240746974,0.138320742824928,Spain
207,0.06504580236991683,0.07318410174069198,0.08358573320461807,0.07281404348197718,0.07380384165289255,0.0657848896678741,0.07380384165289255,Spain
208,0.10225817826198208,0.11072006080228974,0.12388692749916691,0.11036995478965905,0.11139354122282963,0.10525045772417424,0.11139354122282963,Spain
209,0.18959216503121662,0.1971627438991278,0.21135825466210761,0.19685754453391152,0.19784778715587722,0.19012301460995773,0.19784778715587722,Spain
210,0.26712855221524673,0.2718741367324511,0.28922407272554973,0.2716257171289688,0.27255116342858715,0.2637979372746089,0.27255116342858715,Spain
211,0.30843199778964253,0.3120777874846457,0.33675861297678356,0.31188507921042896,0.31274549916425015,0.3067360808575592,0.31274549916425015,Spain
212,0.3209967074000175,0.3246477973556974,0.3539691948258194,0.3245155838952527,0.3253334236893447,0.319078861268112,0.3253334236893447,Spain
