-10% population,-1K temperature,-10% precipitation,-10% EVI,-10% LWE thickness,-10% discharge,Model,Hotspot
0.7940762588026111,0.7940762588026111,0.7940762588026111,0.7940762588026111,0.7166741880355256,0.7940762588026111,0.7940762588026111,USHighPlain
0.6826167069102427,0.6818157744184137,0.6708650207163108,0.6850444803680975,0.6132908892476768,0.6828386876694633,0.6824073968413611,USHighPlain
0.5912114158131104,0.5894012039435589,0.5707580265474314,0.5946424288959702,0.5292019776711007,0.5913798214106181,0.5909198564643283,USHighPlain
0.5376587929549429,0.5338080463417377,0.5009871190740018,0.5399699299108252,0.4812406516473009,0.5372897352379079,0.536351893452632,USHighPlain
0.49336597317418485,0.48821915599810883,0.4436502746074208,0.49549433676820365,0.4424638792770246,0.4929571464905077,0.49167569654477805,USHighPlain
0.5272158788370755,0.52075170559916,0.4670839381479266,0.5322677438515622,0.48092539778244636,0.5263195022199294,0.5248692988716155,USHighPlain
0.5302941393211189,0.5241459102449715,0.46661942495495445,0.5436843093090453,0.4886448926985829,0.5297425685547152,0.5278847856785163,USHighPlain
0.4808842907604589,0.47421910771060793,0.41475239325488533,0.498864082186667,0.44296083398416497,0.47968099884224547,0.47800026295867015,USHighPlain
0.4345922189437047,0.4264567980469449,0.36511363601863,0.4586594894624052,0.3997864119543606,0.4336087347508045,0.4310750187680247,USHighPlain
0.42486738082232844,0.41599108153154485,0.3490048389707616,0.4545816517780561,0.39315945754518467,0.4239313143846546,0.4210987517914573,USHighPlain
0.43648569885837474,0.42662736618501773,0.34707832000185035,0.4711185732591179,0.4067068037142443,0.4350990872896032,0.4316553150886435,USHighPlain
0.45173058701102575,0.44132939412285443,0.34037595329394055,0.49097345812687143,0.4239881908285825,0.4510410076775673,0.44626606994435747,USHighPlain
0.44143156994157395,0.42958842089452554,0.3020165180252361,0.48858668419665485,0.4152983640811949,0.4400077775253709,0.4351914907871979,USHighPlain
0.4773482515566101,0.46472383132887196,0.32278303400749575,0.5331127911544122,0.4527566340583269,0.475886730411186,0.4705202859788935,USHighPlain
0.45754103640491917,0.44384270323609953,0.30738235276343906,0.5217402112663132,0.4332794364328171,0.45543591926398697,0.449141564806022,USHighPlain
0.3878752687480673,0.37268070404745357,0.24532092646742765,0.4460152041340104,0.36432697946435955,0.38500708774705594,0.3784911343156897,USHighPlain
0.4017870321308534,0.385876755654883,0.24710913269935864,0.4531623322912308,0.3791896617570327,0.3981428094949657,0.3918376039456335,USHighPlain
0.38258020224847583,0.3658194888489354,0.22485637082469323,0.4306837757210229,0.3602040287443899,0.3772880434299552,0.37149806240084654,USHighPlain
0.34628961517330437,0.3287522352975676,0.19543038107431365,0.39701037746628653,0.324529580490593,0.34040457040023275,0.3346146357771469,USHighPlain
0.3350730259067849,0.316774813204886,0.18591721144079987,0.3871857695900359,0.3135492098962538,0.3281581468027115,0.32255470281637666,USHighPlain
0.3500749638304608,0.3312070164400056,0.20451317714964046,0.40389764948712803,0.32918070042355185,0.34254695775190647,0.33722219354679805,USHighPlain
0.41153311397051073,0.3918334230706231,0.2680253728915123,0.46619647756068905,0.39088704712956823,0.4036281400152908,0.39806773254288097,USHighPlain
0.4892557749927162,0.46866569633478594,0.34391656651468683,0.5374768790282598,0.46830806115652024,0.48032802050911005,0.4747200846718931,USHighPlain
0.5172055251351184,0.49490865173162235,0.3580324908010557,0.5631749399513457,0.4953605241276453,0.5060751413811995,0.5010861677389737,USHighPlain
0.43901684474514796,0.41518364025854104,0.2761059449786712,0.4907011936430824,0.4167892274876694,0.4276792200324926,0.4219019652506156,USHighPlain
0.449758692363303,0.4250454371914234,0.28780376573384236,0.5028738357204348,0.427294071335961,0.4378078036320996,0.4318595122203599,USHighPlain
0.5567819701797669,0.5315775095068627,0.39459942871678866,0.6035934543828945,0.533896405561376,0.5439620143401429,0.5379731353752928,USHighPlain
0.5516374642624335,0.5264179599432579,0.39546877261227853,0.6053113755685271,0.528794636415651,0.5380327098260854,0.5324349696050417,USHighPlain
0.5292908561735723,0.5034987414785816,0.3636487764697389,0.5892473223930823,0.5059629151361724,0.5150491224948233,0.509213566107581,USHighPlain
0.546514024895935,0.5190705482047702,0.3628969983578898,0.6043998339506438,0.5224389348727811,0.5308943333682705,0.5253416174537918,USHighPlain
0.5897298501849231,0.5603746857447787,0.40610648549864026,0.6490546082488415,0.5645689701662016,0.5728244040458859,0.5671609328961935,USHighPlain
0.5875858882680081,0.5570864127365479,0.41715623441244776,0.6462316591851686,0.5617694125678644,0.5697124221859641,0.5640839166881626,USHighPlain
0.5818805968618275,0.550823741247795,0.4218231670661934,0.6404234429626889,0.5557926693188651,0.5629252229102675,0.557859415596075,USHighPlain
0.6452426501295936,0.6131086592419455,0.4866267876399184,0.699692074419171,0.6181797432704321,0.6243492996812354,0.6200252531301469,USHighPlain
0.6492723824296869,0.6166860964483716,0.4863546183356193,0.7028384881817153,0.6215481737210966,0.6268850041881806,0.6231961295828594,USHighPlain
0.5962908765139625,0.5630714015936332,0.4245699837769177,0.6513425364801564,0.5680808105467336,0.5734754230830053,0.569552359727586,USHighPlain
0.5090902789378505,0.47438407863803356,0.3337536685689977,0.5640514195596438,0.47992308949728835,0.4861857064550653,0.48123711558373405,USHighPlain
0.5063423036292192,0.47016382174724924,0.32974093528839266,0.5678588718591617,0.476111136652134,0.4824388255498102,0.47728450182288507,USHighPlain
0.5358025195969299,0.4980846225879103,0.3495109798799392,0.6027996137392498,0.5043073042596555,0.5095392579374407,0.5053550656687582,USHighPlain
0.5667436936829195,0.5280862576380263,0.3741429328322128,0.6309320597628894,0.5347476712043098,0.5404037362684202,0.5356832742013733,USHighPlain
0.5552715448610547,0.5158462629205225,0.3684926208922581,0.6150141027263443,0.5226190144512318,0.5280638921589165,0.5234544651182534,USHighPlain
0.49121850332876915,0.4505184316807974,0.3095818473862473,0.5459640195529568,0.45735181116883816,0.4628382211892257,0.45809783038769225,USHighPlain
0.4767229677238074,0.4342617139244447,0.29655972083772775,0.5252336502349928,0.4415627746072113,0.44733006087258853,0.4422289356348681,USHighPlain
0.4372568192958588,0.3941891300958408,0.2651558616104249,0.48512799237309134,0.4014648641824641,0.4070943283222477,0.40205971549936503,USHighPlain
0.400791960835015,0.35697092717526324,0.2378252427581964,0.4473436237296635,0.36401725102755367,0.3695492237674125,0.36454842603558957,USHighPlain
0.3472396637341686,0.30378734812043506,0.19376674848012965,0.39045947919815394,0.3101106741239339,0.31586063259332076,0.31058498910171994,USHighPlain
0.35666497826093946,0.3120842106472337,0.20809540910862978,0.3980177152246014,0.31890566789389574,0.3249562928535408,0.31932920946635046,USHighPlain
0.37795791609977614,0.33212944417955736,0.22569318851683384,0.41519278570810636,0.3389031728967097,0.3450376436310809,0.3392813761413864,USHighPlain
0.31252440807128357,0.2657528753961681,0.16306789013406575,0.3489194183444245,0.2721035925504607,0.27844807048542847,0.2724413107429276,USHighPlain
0.2368122447158315,0.18916626031552708,0.09486603338116562,0.2676435962410251,0.19559020925888237,0.2015483632394124,0.19589177615215592,USHighPlain
0.21519970728371018,0.16602128061132215,0.06365472262228389,0.2379163541545699,0.1727389439121343,0.17837082150759342,0.17300822934936333,USHighPlain
0.28317740635678,0.23283891662394174,0.11862277875065064,0.2996980547619439,0.23981982570543403,0.24522565406535946,0.24006028527948242,USHighPlain
0.3824404565934829,0.3311003776851549,0.21192240574138266,0.3956644813819854,0.3384913692148639,0.34397527013448137,0.338706088612045,USHighPlain
0.39368945950628653,0.34198634783640447,0.21954627342301847,0.4119827687297565,0.34868890851293055,0.35371835691685427,0.3488806431099343,USHighPlain
0.3435611271018053,0.2904241018878706,0.17080330876021554,0.36590445031646057,0.29709839203894806,0.3021390226827918,0.2972696022610837,USHighPlain
0.388989683737365,0.3345132487543445,0.22302604772644097,0.41413054586512477,0.3416399053417538,0.3470641258284739,0.34179278823624326,USHighPlain
0.4824252823357795,0.4263998352638183,0.32001813529415646,0.5030401628608039,0.43355082959039715,0.4392983914973838,0.4336873470198819,USHighPlain
0.5292225598355103,0.47395358499303186,0.36742216852644893,0.5428568597424039,0.4805564681752401,0.48544713534332185,0.48067837199329233,USHighPlain
0.6044228490056169,0.5481652084319006,0.4442256076171178,0.6117043851557393,0.554582298812873,0.5586800071683262,0.5546911533445749,USHighPlain
0.6683691892843222,0.6116248299400224,0.4898843898650447,0.6794743820129931,0.6176892114293664,0.6209473937263279,0.6177864135454392,USHighPlain
0.7222158797053946,0.6650904742538799,0.5219940853142584,0.7387496149628074,0.6708909863912913,0.6736291612594638,0.6709777834333743,USHighPlain
0.774798275320193,0.7161185859540466,0.5559113554543338,0.7904664295772317,0.7224788818719945,0.7247420242166074,0.7225563876590981,USHighPlain
0.7679622376600813,0.7091601051892751,0.535497950920292,0.7929282939086607,0.7152780762685874,0.716872326563855,0.715347285390124,USHighPlain
0.7221263357185825,0.6622207848757635,0.4811539815377366,0.7534450823401894,0.6683838680029248,0.6696895322362043,0.6684456685817314,USHighPlain
0.6718537027651914,0.6105292398420649,0.4299865151446376,0.7049470136078794,0.6168522508224903,0.6176678815095207,0.6169074359116236,USHighPlain
0.6512965535012374,0.5880122369260381,0.40659713793011876,0.6809808651405438,0.594856921146419,0.5955346244393946,0.5949061989059719,USHighPlain
0.6081006908993337,0.5440057321114109,0.3696579652136145,0.6375451174641876,0.5507954493794953,0.5513424626837928,0.5508394521640279,USHighPlain
0.6053420480915164,0.5401061011993842,0.38088299149475446,0.6356776415638681,0.5473685122284817,0.5484219108802963,0.5474078047016824,USHighPlain
0.6327024813832319,0.5669651317181659,0.4175376454955707,0.6527605138912523,0.5738182241468093,0.5751792250441123,0.573853310527515,USHighPlain
0.6310099177899158,0.5641538778310731,0.41876380731000196,0.6424456656306834,0.5708938079001689,0.5721513222656767,0.5709251384327303,USHighPlain
0.6295374834539917,0.5613908138176591,0.41410254056302076,0.6392141900996284,0.5684260405437926,0.5700150039279424,0.5684540172758132,USHighPlain
0.6493687674929025,0.5808102835065081,0.41191750550750594,0.6553594851804689,0.5875778478066778,0.5896625063241316,0.5876028297482718,USHighPlain
0.7122560753770757,0.6427013092877649,0.4559935157805586,0.7135595619631516,0.6491258287788448,0.6513008653130359,0.6491481365096172,USHighPlain
0.7561970749998634,0.6853464149475641,0.47899365659131465,0.7587674365099495,0.6919755257857589,0.6946603338350308,0.6919954455686284,USHighPlain
0.7637242565068589,0.6913494716922037,0.4716287242201618,0.7642918255642929,0.6981096038525477,0.700361386290576,0.6981273913072025,USHighPlain
0.7438462529362119,0.6706363118203303,0.4454494927956014,0.743656059168191,0.6776155528591418,0.6798615500484848,0.6776314362422675,USHighPlain
0.7711958444859719,0.697184186471286,0.47190949046518926,0.7758778680570384,0.7039964221104187,0.7058300813143359,0.7040106052447914,USHighPlain
0.8373284466781716,0.762676119888829,0.5514180873766152,0.8498254884916991,0.7691593445803919,0.770231318587522,0.7691720094704246,USHighPlain
0.853032163669983,0.7776963847362444,0.5816361571331543,0.8657539659380254,0.7844158020865847,0.7851354822176082,0.7844271112538905,USHighPlain
0.7900943331829439,0.7132829472146253,0.5316181732683468,0.802032045028826,0.7203460041025622,0.720517216272392,0.7203561026715053,USHighPlain
0.7170682539167912,0.6393876704529994,0.4719381149659918,0.7285981647756119,0.6462044746213527,0.6462929913444498,0.6462134921813498,USHighPlain
0.6573991478861082,0.5782520579258941,0.41912554325500395,0.6674376704886711,0.5854346675526106,0.5859209568904037,0.5854427198210815,USHighPlain
0.6216069409508925,0.5418180671113124,0.383048609146009,0.6308235187271899,0.5485549299195328,0.5490360327772387,0.5485621202268386,USHighPlain
0.653112445696215,0.5726480826763887,0.4137115602755588,0.6598214960018232,0.5795079396503717,0.5815943318679957,0.5795143602657968,USHighPlain
0.6402674968427897,0.5591026659114187,0.40607481647367705,0.6404995891602551,0.5656463628567149,0.5673736622163034,0.5656520961725084,USHighPlain
0.6425855028807024,0.5600229030295796,0.4096713974057584,0.6455240886366878,0.5668472565918439,0.5685866456592827,0.5668523761805144,USHighPlain
0.7043811294362019,0.6209430925815429,0.4672415663508611,0.7161849182772246,0.6277500080098757,0.628992478677056,0.627754579568307,USHighPlain
0.716479358604261,0.6323291677280287,0.4681362267211304,0.7383810978045395,0.6388416304655999,0.6398621292682003,0.6388457126581033,USHighPlain
0.7212792639891745,0.6361892685872559,0.4531523096896086,0.7513995485839562,0.6425333720457109,0.6432530679565533,0.6425370172568319,USHighPlain
0.7809844872367522,0.6945374150119474,0.5099731933508873,0.8092822071946213,0.7006211255139863,0.7010346119678177,0.7006243805207273,USHighPlain
0.8074972581955887,0.7207390013312671,0.546892990483191,0.8267686442497436,0.7262128451408942,0.7262328762754734,0.7262157517129781,USHighPlain
0.8159123802798278,0.7279007641704478,0.5543704923410537,0.8266315435007838,0.7335962004603711,0.7334871566967318,0.7335987958962491,USHighPlain
0.845698925081765,0.7574803157781376,0.5804597153937312,0.8458987265725759,0.7625660797852323,0.7618263743377487,0.7625683973907147,USHighPlain
0.8678323261777534,0.7795086834553318,0.597311964468703,0.8606554863238456,0.7842842010807765,0.7831029263544005,0.7842862705964282,USHighPlain
0.9005039648369131,0.8116564088993186,0.6277110358620959,0.8854669828402293,0.8160617387074358,0.8146308556894568,0.8160635866902202,USHighPlain
0.8982213868986023,0.8084510789689744,0.6163259132782469,0.8782303140375151,0.8128761144230577,0.8113101939597803,0.8128777645871281,USHighPlain
0.8595873499902216,0.7678358169898634,0.55220372082043,0.8446958187924722,0.7725984581718093,0.7709496241411425,0.7725999316928194,USHighPlain
0.8693884786782053,0.7766365404692532,0.550557527125553,0.8627489569158859,0.781455185164097,0.7796261899156187,0.7814565009509367,USHighPlain
0.9217800939707279,0.8274315578048363,0.6079726007399844,0.9239401053455021,0.8327941828854302,0.8306880396165655,0.8327953578228731,USHighPlain
0.8743892758708789,0.7789264734787502,0.5722591057835021,0.8848750482434097,0.7845680804924121,0.7821757521753159,0.7845691296577882,USHighPlain
0.8263863988130216,0.7301902467353758,0.5243244821466473,0.8408945083873729,0.736028642848821,0.733171247978547,0.7360295797054963,USHighPlain
0.7665246404826112,0.6684887884097047,0.46961224003897234,0.7737115641123177,0.6748505201906355,0.6717938042497658,0.6748513567607799,USHighPlain
0.7127018495955404,0.6136154802822946,0.42557372390313786,0.7156717015591598,0.6199569312247346,0.6181271328801861,0.6199576782435956,USHighPlain
0.6647817381074411,0.5641474563218554,0.3885360326309133,0.6657265059384765,0.570871335978688,0.5695089730651568,0.5708720030323503,USHighPlain
0.6137186567084065,0.5121625146060613,0.3493491919309277,0.6132295447147571,0.5192908060837673,0.5192820470185711,0.5192914017321659,USHighPlain
0.6323329804422402,0.5297375916171645,0.36892689028019987,0.6217891888190443,0.5363965216426869,0.5373303109378729,0.5363970535294527,USHighPlain
0.5986206050359805,0.4958442818540447,0.3389659108380938,0.5877551155780821,0.50227892347392,0.5028173071745796,0.5022793984244649,USHighPlain
0.5510603110148478,0.4469542825768624,0.2896431810945854,0.5346763170898623,0.45351954379167325,0.45415530272932214,0.453519967900778,USHighPlain
0.5743956746023098,0.46796636026857374,0.28535725255765376,0.5509114283535801,0.4750515935079167,0.4758485474381309,0.4750519722179416,USHighPlain
0.5587195937677986,0.45163267052004863,0.2599630769073197,0.5279063051719692,0.45881178624306285,0.4593523791046106,0.4588121244137869,USHighPlain
0.5018064225586369,0.39400515928660995,0.21361055279906127,0.46610563578069597,0.4011859230565338,0.4015086519268771,0.401186225027517,USHighPlain
0.4564838874311208,0.3480838640235615,0.17515833721250984,0.42221355655651127,0.35480836646532654,0.3548976797916005,0.35480863611159763,USHighPlain
0.40117885631228756,0.2920141294997757,0.13071683620040986,0.367663594207864,0.29866590448731367,0.29848575746277506,0.29866614526909585,USHighPlain
0.36052409524219975,0.2512693886444468,0.09802139157679246,0.32357420362534817,0.25768197611514365,0.2577864708464981,0.257682191122258,USHighPlain
0.4061434305193983,0.2954660730141305,0.14863447319493273,0.3649076079222424,0.3021701397774019,0.302511568685101,0.3021703317689173,USHighPlain
0.4961739920284196,0.3843387836319412,0.2453687974266543,0.4545698199597106,0.39139992686093716,0.391697554238994,0.39140009830057565,USHighPlain
0.5106000272726413,0.3971176848322169,0.2652300550469837,0.4703901440628244,0.40453530449392916,0.4047501596969575,0.40453545758168197,USHighPlain
0.47232260200951237,0.3581415955039722,0.2321067489713453,0.4306564234637005,0.3651053810391711,0.3655453444786225,0.3651055177395297,USHighPlain
0.49683537251816734,0.3825014386254644,0.2622734359353287,0.45433973652639725,0.3890599710512759,0.38970094584582315,0.38906009311844114,USHighPlain
0.5524432458743875,0.4364393297771292,0.30962102472314945,0.5097642945276881,0.4432275194541586,0.44380263209214577,0.443227628454552,USHighPlain
0.5698433977354316,0.45385717392398206,0.3019059394214374,0.5304046377710685,0.45996945724188043,0.4612770669495807,0.45996955457424415,USHighPlain
0.4973010348082414,0.3806414911153596,0.2253399823248735,0.45591762033647076,0.3864207191266268,0.3887266580054029,0.38642080603997403,USHighPlain
0.3874130609159588,0.269857543221105,0.13094572032682028,0.3465505320470084,0.2753201331356826,0.27785806120218426,0.27532021074532487,USHighPlain
0.3002044010322967,0.18195978204696628,0.05697905613728782,0.25332959915137354,0.18744728626983598,0.18986439153055146,0.18744735557169534,USHighPlain
0.2353042424665801,0.11622152246419992,-0.0008444273263805702,0.1809955288620254,0.12143076394729624,0.12398972578316314,0.12143082583068576,USHighPlain
0.19226464539851063,0.07105407980499845,-0.04014209298688409,0.13005963958189937,0.07687102995240647,0.07966317589473626,0.07687108521144181,USHighPlain
0.14825526144200285,0.02594618149286354,-0.07756475057691747,0.0806734523695134,0.032341473551006694,0.03514499677977445,0.03234152289479686,USHighPlain
0.10875727054465478,-0.01469212510966611,-0.10955723328132305,0.037313221304489996,-0.00824893774531743,-0.005278947687622049,-0.008248893683570513,USHighPlain
0.11366591175158458,-0.010864012328285488,-0.10312391712110003,0.03945235389684898,-0.004420433004437063,-0.0011875617794137039,-0.0044203936593130155,USHighPlain
0.15104829122831132,0.025285653596726076,-0.06828923042877744,0.07855768061375756,0.03178812396184094,0.035427281420679524,0.03178815909523647,USHighPlain
0.22858023150193385,0.10188903827501594,0.01014849910352078,0.15876786717949587,0.10879516961514168,0.11244120877038988,0.10879520098765649,USHighPlain
0.25393671958485287,0.12634826822657086,0.03654020606974551,0.18613322150978173,0.13357829578469738,0.13735777728750498,0.13357832379891765,USHighPlain
0.26238144206804814,0.13427913874746444,0.03032777229510719,0.19098412530677322,0.14098775714174505,0.1451822574527304,0.1409877821571619,USHighPlain
0.28037067678338023,0.151749329962249,0.02176696678479839,0.20323641992091712,0.1578432409718491,0.16276053418823921,0.15784326330947174,USHighPlain
0.2513171731490971,0.12118376107688833,-0.016831285147672737,0.17008255780171766,0.1276726946384068,0.1332246824920118,0.12767271458488183,USHighPlain
0.27884882198442584,0.14709201942949957,0.009441231265105543,0.1984107950974796,0.15410222042023847,0.16023352481397213,0.1541022382315278,USHighPlain
0.34727282055932096,0.21491814329786818,0.05778885822191859,0.2719759330892044,0.22185603864031478,0.22861671085869095,0.22185605454498103,USHighPlain
0.38281953164220184,0.249085795474995,0.07098826632401045,0.3211284085249635,0.2562810341588415,0.26301074486942344,0.25628104836098076,USHighPlain
0.4255858165788573,0.29060151373710363,0.09494539679934388,0.37102505260671115,0.2978363683527514,0.30488429210441437,0.29783638103461185,USHighPlain
0.4460977895367906,0.3102809951164236,0.11193320267709339,0.3950160852033102,0.31758098280887515,0.32349514814271707,0.3175809941331962,USHighPlain
0.41582152800360617,0.27875894350080244,0.0954169173597319,0.36654547627009737,0.28578226496922643,0.29097814245781306,0.28578227508132703,USHighPlain
0.3728539687490844,0.23509203124593903,0.06664082379728753,0.3229398892295825,0.24176918699771122,0.24688902702719417,0.24176919602735425,USHighPlain
0.3526179691964222,0.2139904215649595,0.054862900557096195,0.2997790244682583,0.22091355217274544,0.22622511889191488,0.22091356023580366,USHighPlain
0.30930920364492187,0.1701664506338022,0.020817984952010815,0.25558957219131595,0.17652820550284254,0.18150583824787847,0.17652821270278463,USHighPlain
0.24151385878288267,0.10208302135168934,-0.036878856795055315,0.1856377812852762,0.10808548806532914,0.11374088520910208,0.10808549449454807,USHighPlain
0.17678838207053804,0.0357989824849152,-0.09486618047550932,0.11597995338820766,0.04225866209199547,0.048139154341200086,0.04225866783299381,USHighPlain
0.23483225452463463,0.09229817730164225,-0.028721492743032595,0.1683590490796294,0.09921442501481303,0.10536137174635041,0.09921443014126163,USHighPlain
0.3059064228230528,0.16288617312435472,0.03777932556130592,0.24876282922369164,0.16973558142699274,0.17500327640179547,0.16973558600467675,USHighPlain
0.32854700115352986,0.1846220725803387,0.0358781747961181,0.2824823191392578,0.19114976020552854,0.1962328930395587,0.19114976429319097,USHighPlain
0.3880655945741225,0.24283544011351244,0.08048509262145997,0.35052205091948885,0.24978254501013275,0.2547761118933254,0.2497825486602283,USHighPlain
0.38701781042629246,0.24046025310179486,0.0796594133682651,0.35217561942219267,0.24731584409255014,0.25150356585651723,0.24731584735191847,USHighPlain
0.3426799502285238,0.19447549442943735,0.039760161228515445,0.3078931892881347,0.20139699103988162,0.20537893505177252,0.20139699395034838,USHighPlain
0.3414943212911725,0.19297380456677216,0.03961757505400998,0.30689546703183646,0.19942753802949942,0.2039173160230907,0.19942754062841295,USHighPlain
0.3841847280632271,0.23467097724011454,0.08454734681629739,0.3439934249875558,0.2416273358377945,0.24597819459652426,0.24162733815850546,USHighPlain
0.3981770954582886,0.2476454385284863,0.10213716440394616,0.35339220531427773,0.2548676467731499,0.2590887602355003,0.25486764884543867,USHighPlain
0.34832655951546,0.1971836169248502,0.058388153812571786,0.30129203282245076,0.20424090378838222,0.2083698751195917,0.20424090563884123,USHighPlain
0.3357457740662648,0.1834093824052938,0.0362473826325409,0.28500047704907794,0.19070536338068478,0.1949851964831919,0.1907053650330599,USHighPlain
0.37361154890844195,0.22011853875695087,0.05111540738464604,0.31898337479727457,0.22771858573059012,0.232605446743412,0.2277185872060854,USHighPlain
0.4583102869235396,0.3035228317960339,0.13635033865953083,0.3999532436458777,0.31139439579329364,0.31682330495491806,0.31139439711084327,USHighPlain
0.5422054727697665,0.38684361840915815,0.20855801476360813,0.4864151121488314,0.3942714987485785,0.3989507745662666,0.39427149992509003,USHighPlain
0.6037318806691556,0.44707028200736865,0.25553000691790984,0.5540356006584881,0.45457484010633165,0.45817281452757364,0.4545748411569024,USHighPlain
0.6313546280594966,0.47386083767267273,0.2767375904774363,0.5905049701543323,0.48131475510638255,0.48392090624421624,0.48131475604449414,USHighPlain
0.5848669567258005,0.4260869823414941,0.22770196372352913,0.5508835310187666,0.4335154796707421,0.4362019305499847,0.4335154805084329,USHighPlain
0.5622041512767693,0.4028350373105507,0.20360154341565329,0.5245285151941548,0.41010009191006325,0.4134181864675359,0.4101000926580829,USHighPlain
0.6163760756828673,0.4551170985051245,0.2630044699211167,0.5741246584848088,0.46234413433364985,0.4657471106126274,0.4623441350015973,USHighPlain
0.7118924367445414,0.5492111317198927,0.370943109106451,0.6655608004928304,0.5568715702380003,0.5598788584260124,0.5568715708344469,USHighPlain
0.737993852204668,0.5747633041532818,0.40877590961994437,0.6878958378657172,0.582403885885119,0.584546434335032,0.5824038864177186,USHighPlain
0.7150182345341379,0.5510235939540474,0.39401509007257074,0.6576210099189013,0.5588154330868053,0.5605769453487106,0.5588154335623923,USHighPlain
0.6682006947116391,0.5038558407857957,0.34804523207243654,0.6088217418414612,0.5110320393982553,0.5121420727633897,0.5110320398229327,USHighPlain
0.6869602560971118,0.5222318458870592,0.37326033250061563,0.6259461975367908,0.5290337925092974,0.5302211715582272,0.5290337928885145,USHighPlain
0.734696767139561,0.5683834839226336,0.4019171676480393,0.675264495824065,0.5755703402646735,0.5765412664386884,0.5755703406032968,USHighPlain
0.6702130990327243,0.5028833891543509,0.3264945780383425,0.6144063484209126,0.5098058497789975,0.5106056577840772,0.5098058500813727,USHighPlain
0.6530920778465716,0.4848672924712818,0.31852458681881246,0.6022472581891893,0.4918550779170432,0.49341465870526746,0.4918550781870503,USHighPlain
0.7137254648634581,0.5444439510841679,0.3808097307604561,0.6702175272357289,0.5518521905808684,0.5530475326988431,0.5518521908219725,USHighPlain
0.7464483007318112,0.5766727674738095,0.41352774615630805,0.7088273091262849,0.5841115175996832,0.5862887847395322,0.584111517814978,USHighPlain
0.6957143237870723,0.5245406589499423,0.36849674422830736,0.6601351541702394,0.5323357182539252,0.5339483706406996,0.5323357184461738,USHighPlain
0.6277725834887773,0.4557943828487865,0.3067879291995943,0.5898324160932744,0.46304505808327767,0.46514797273320996,0.463045058254947,USHighPlain
0.5955074144757571,0.4230275239597472,0.27696920982677886,0.5546086277665244,0.4297846754141692,0.43231822354413607,0.4297846755674619,USHighPlain
0.6132248567184115,0.4399966444361305,0.2980218716239793,0.566346377036052,0.446718092433273,0.4498194199779384,0.4467180925701564,USHighPlain
0.6161614409922754,0.4413527129953728,0.3044767331476609,0.5639455102565162,0.4485359579185221,0.4515544067279912,0.44853595804075264,USHighPlain
0.6159015682607383,0.44063536438132545,0.30454481130709476,0.5591459639411207,0.4470678104278538,0.45039792456953665,0.44706781053699984,USHighPlain
0.6855288762370906,0.5095872282978804,0.37684704677452574,0.6267483190404843,0.5160348044677621,0.5196599297613036,0.5160348045652245,USHighPlain
0.7370364029379013,0.5595340872332053,0.4069550238531323,0.679369971096738,0.5664294258643823,0.5709332520146435,0.5664294259514118,USHighPlain
0.6960451823328005,0.517632553896676,0.3520070184237595,0.6350257450525681,0.5243397767101818,0.5283011792100231,0.5243397767878952,USHighPlain
0.6155437140638038,0.43604494771942326,0.27227629667856035,0.5482378779499897,0.4431714271097471,0.4471961404406859,0.4431714271791416,USHighPlain
0.634425912491537,0.45344234452105514,0.2875655414562137,0.5663518572248203,0.4609348558500568,0.46536247709461787,0.46093485591202277,USHighPlain
0.6896610394417482,0.507911516399616,0.34254238330027853,0.6288370102267447,0.5149616625908295,0.5186793027479131,0.5149616626461624,USHighPlain
0.7283682866267949,0.5450090886983463,0.38031751938603753,0.6700948513468448,0.552485280082184,0.5565501102399093,0.5524852801315938,USHighPlain
0.6995964373987222,0.5147924780667638,0.3598007807545256,0.6401315048495161,0.5225518486612435,0.525663306225278,0.5225518487053642,USHighPlain
0.6023158412501461,0.4170718460769598,0.27842828886598536,0.5391675670802722,0.4247572879358785,0.4285687433415968,0.42475728797527623,USHighPlain
0.5592542663320095,0.37293765364870035,0.24306552854876395,0.4928857873249497,0.3810274560986986,0.385149264666087,0.3810274561338791,USHighPlain
0.5729418786099827,0.38567005982711144,0.255639554340771,0.49762910389743187,0.3936997253868988,0.3983597940340198,0.39369972541831344,USHighPlain
0.5415594517824495,0.35346002422024414,0.22727355189346987,0.45795255130427714,0.36130598869298924,0.36600974751850635,0.361305988721041,USHighPlain
0.46490398890411916,0.2754664684604067,0.15814744006645032,0.3732451118785576,0.2836428173429357,0.2885604141033409,0.2836428173679846,USHighPlain
0.4210912207530899,0.23079441314193194,0.10015429961242495,0.318794380599871,0.23817825597173514,0.24370784575390259,0.23817825599410258,USHighPlain
0.4340414848545626,0.24341889885462287,0.08509365673609359,0.329246756108835,0.25030084493596694,0.2557841047289895,0.25030084495594007,USHighPlain
0.48485534160777366,0.2934245761342913,0.12479642892722032,0.3889037429889335,0.30025523378319363,0.3062294957927092,0.3002552338010287,USHighPlain
0.5399101656427621,0.347527274668761,0.1658424957521074,0.4499684887323441,0.35446944591323026,0.3607173649640214,0.3544694459291562,USHighPlain
0.5912493211984187,0.39793934912647355,0.21019684633820912,0.5097111032895763,0.4049595581859353,0.41097718034770203,0.4049595582001564,USHighPlain
0.6795191986961355,0.48537340745684254,0.3111220157949228,0.6025164008860364,0.49272217693542864,0.4977701193888402,0.49272217694812737,USHighPlain
0.7418239489333225,0.5470725773397267,0.3796547516713813,0.6573274445289865,0.5540503793456077,0.5579114586019616,0.5540503793569471,USHighPlain
0.7999664852809536,0.6054550086691777,0.44107432093569354,0.7066300935509711,0.6118099726756732,0.6150225070800277,0.6118099726857986,USHighPlain
0.8504728532497996,0.6548673197992385,0.4926104884060254,0.750678469559638,0.6616103554732162,0.6637436758172786,0.6616103554822577,USHighPlain
0.8565849230210532,0.6599384350018218,0.49433005649269535,0.7544982549351882,0.6670008586740945,0.6683380935482626,0.6670008586821681,USHighPlain
0.8992317674359152,0.7024583034794443,0.5370994389550006,0.7884025473003176,0.708924574603794,0.7099019781299198,0.7089245746110033,USHighPlain
0.8811571464599921,0.684759791435281,0.5220674936896244,0.7644677288158949,0.6905545600277521,0.6909542908513207,0.6905545600341897,USHighPlain
0.8978856515344331,0.7006879640077108,0.5484970623099272,0.7789260158296603,0.7069156396717655,0.7071737973310905,0.706915639677514,USHighPlain
0.9430706504223507,0.7458843937851984,0.5833711992605,0.8313199087496885,0.7518467581445414,0.751634097799855,0.7518467581496746,USHighPlain
0.8975378866391774,0.7000881968102461,0.5266797842545453,0.7948566332504252,0.7058158129188917,0.7052284655192507,0.7058158129234754,USHighPlain
0.8905821650117678,0.6923865960765649,0.5283414049645523,0.7972000583355232,0.698530771647446,0.697868212542883,0.698530771651539,USHighPlain
0.8862166743961696,0.6875856504871293,0.5261815550700318,0.7979632647407637,0.6941624382498888,0.6933455900472193,0.6941624382535435,USHighPlain
0.8384642098265137,0.6401112375925557,0.4708837172893263,0.7486465557203719,0.6463366221666367,0.6452178325293476,0.6463366221699003,USHighPlain
0.8320908638953102,0.633972566557355,0.4645440748956451,0.7431290785176468,0.6397318616999423,0.6384998850262527,0.6397318617028565,USHighPlain
0.20100252671385552,0.20100252671385552,0.20100252671385552,0.20100252671385552,0.19633221968253067,0.20100252671385552,0.20100252671385552,Greece
0.09678448415057644,0.2178710247613369,0.19203802959852778,0.20821170832728597,0.2028097608844251,0.20722879592702037,0.2058281426936967,Greece
0.15935712771065966,0.36305019201580757,0.3119753352207706,0.3400224497131996,0.3358805884566559,0.3397275001178097,0.3378313443032062,Greece
0.3788442074615833,0.6391760024702466,0.5693358937920111,0.6079639530873292,0.6045822565361598,0.6062654212941925,0.6058430143240451,Greece
0.5466996986040166,0.8268518549347812,0.7549824161927026,0.8075845723145392,0.8021577796591308,0.8019984025228037,0.8029725972604849,Greece
0.5927063469873527,0.8866975050401914,0.8008488036248201,0.874889467071286,0.8678939852730664,0.8666144049763076,0.8684205953244625,Greece
0.4644943763964539,0.7719573539932132,0.6641862304847179,0.7560269225265583,0.7482591486301936,0.7465537049957698,0.7485994924639184,Greece
0.4834683598160668,0.805923111608851,0.6937223096117188,0.78132524964484,0.7738199446070991,0.7716777156336824,0.7740399060849469,Greece
0.6973923304973066,1.0220279592145147,0.9239384906095218,0.9992947163337998,0.9935661391583198,0.9915939907471283,0.9937082984893922,Greece
0.7321107476610881,1.0561665684265593,0.9293804928143009,1.0350340098764383,1.028916972745912,1.0260634281319807,1.0290088491763156,Greece
0.6070340154909591,0.9229036403610146,0.7944168770170613,0.9093542757094443,0.9052924462016575,0.9025701450409032,0.9053518251984497,Greece
0.46261198048124963,0.7722021301242571,0.6668754097737672,0.7631128525012383,0.7602437400095584,0.7573560541740115,0.7602821161768143,Greece
0.48660540462159785,0.7920148658899007,0.6801638658497577,0.7852189147547426,0.7833104116203069,0.7799676237711506,0.7833352138280372,Greece
0.3959283760297868,0.7079918925165013,0.5854378164707161,0.6928479172700452,0.6909909503486898,0.6880306045011342,0.6910069798157336,Greece
0.2849240212278108,0.607125901021992,0.49435192358261165,0.5866256126908593,0.583099024481807,0.5800193212479225,0.5831093841972201,Greece
0.2821105907515098,0.6082432317152188,0.5072805339315026,0.5817122121285703,0.5776014718145456,0.5751656783313863,0.5776081672151568,Greece
0.28548758517851924,0.6145041505935271,0.5114325807895435,0.5819684843838504,0.5782002597073881,0.5761060508207391,0.5782045868908635,Greece
0.38846597654479154,0.7082874991629032,0.6132031395363134,0.6852316582578406,0.6814700785446197,0.6804487212043613,0.6814728751684391,Greece
0.4307520111050812,0.7538106071503156,0.6510278018587619,0.7236748753492762,0.7202922803803784,0.7174303834865831,0.7202940878158226,Greece
0.347228871238789,0.675144160521958,0.5416244426068464,0.640497726858943,0.6366174533017765,0.6365225480905259,0.6366186214327431,Greece
0.4757723544234708,0.794903769376844,0.641049015085315,0.7635486255422865,0.7598455023328771,0.7602716455132733,0.75984625728651,Greece
0.42612826643272544,0.7350566046626102,0.6097221746389005,0.7114399212794097,0.7078095720570976,0.7079082797770272,0.7078100599775485,Greece
0.22103375128646263,0.5344802195378909,0.4183880656620685,0.5073914006616478,0.5037779284763984,0.5040574557517874,0.503778243815455,Greece
0.22866493216035078,0.5454565706873052,0.4146663024672364,0.5157132121236414,0.5126177746734003,0.5129335145179786,0.5126179784744922,Greece
0.295653027943526,0.6109419392370246,0.4721274043673493,0.5835825901512446,0.5788218011385287,0.5795403604680232,0.5788219328535326,Greece
0.3573481686950967,0.6618516930079981,0.5324859488832101,0.6456885643700865,0.6394884642134602,0.6408732715652237,0.6394885493398061,Greece
0.38692275786264785,0.6873061973902397,0.5739775441672041,0.6730354481590684,0.6668331365651656,0.667449640608176,0.6668331915816372,Greece
0.34918431935986033,0.6444247235755158,0.5453205502179866,0.6314612674715605,0.6245230808308471,0.6253098720698526,0.6245231163875494,Greece
0.300784318699559,0.5918441132000373,0.504030801657275,0.5813945633552321,0.5742119607698715,0.5751492938608114,0.5742119837498818,Greece
0.19502892732513116,0.4898288713247794,0.39970222574242853,0.4747660884954214,0.4677431683162371,0.46966923332230337,0.46774318316803265,Greece
0.11611343840843293,0.41733744729272326,0.3091911078145321,0.39611057802631966,0.3909753139945181,0.3924106582049495,0.39097532359311393,Greece
0.20100634611668505,0.5021611969492388,0.3592385373673259,0.47942412684001967,0.4751692606675473,0.4773995736272838,0.4751692668710424,Greece
0.28158620510941135,0.5804076529102161,0.4032961964887691,0.5539668610619173,0.5500799868439078,0.5531816479805054,0.5500799908531767,Greece
0.3691002793577553,0.6738322706147813,0.481716694517344,0.6408372366108729,0.6375823261760848,0.6406695213447182,0.637582328767243,Greece
0.4462344170359726,0.7373368748407025,0.5605561319058561,0.7142038020990684,0.7121001797073763,0.7115972749950321,0.7121001813820209,Greece
0.3364992459091693,0.6258550480766235,0.4699986630855055,0.6018101430743896,0.6001523852207756,0.5974900218983127,0.600152386303085,Greece
0.2811657157805037,0.5690699805586419,0.4349170658457557,0.5461610170779182,0.5449540744191663,0.5432381476980034,0.5449540751186542,Greece
0.2937807527124221,0.590255097804369,0.45667162585719623,0.5600968755740056,0.5581782425058324,0.555927605740966,0.5581782429579057,Greece
0.305587467494211,0.5932032953475033,0.48328313570087406,0.5726228409545887,0.5693351538595747,0.5667898004745016,0.5693351541517461,Greece
0.3839302178003451,0.6711155307256308,0.5665870468120333,0.6473285261065086,0.643605761493924,0.6406486627244833,0.6436057616827521,Greece
0.4399199393132494,0.7199644892477189,0.6164093428681403,0.7022328046628236,0.6974854299972063,0.6942341983009866,0.6974854301192444,Greece
0.3350847742147606,0.6200723088990799,0.5059985102945653,0.5963852849883338,0.5918082946307032,0.5891773260975018,0.5918082947095753,Greece
0.32073143321964803,0.5994024296309669,0.4902539937754972,0.5816273316676979,0.5774325350275094,0.5760579998478668,0.5774325350784839,Greece
0.5184110440287947,0.7888237606825088,0.6722470790849148,0.7759997940994402,0.7719672169126869,0.7709985605442882,0.7719672169456313,Greece
0.6099419594624812,0.8849533527704555,0.7418546822674535,0.8639747842859377,0.8609438501260577,0.8585301209758549,0.8609438501473494,Greece
0.6660896019999518,0.9320910803973415,0.7796615684032372,0.9169685699815278,0.9143972006563681,0.9099730675015699,0.9143972006701286,Greece
0.7283507774257869,0.9884111200918616,0.831342559162065,0.9747088475521895,0.972830116891698,0.9684617437018385,0.9728301169005913,Greece
0.7190006851904824,0.9865854907066951,0.8211250440191296,0.9671376162915982,0.9651797715271457,0.9604303306707217,0.9651797715328934,Greece
0.5642757224523587,0.842185380450118,0.6939024362756262,0.8135301867480184,0.8120750814910644,0.8064622886791217,0.8120750814947791,Greece
0.3934025524738759,0.671396196282583,0.5410999585842542,0.6427668477740487,0.6385969007554151,0.6344172004134636,0.6385969007578159,Greece
0.4453472728641276,0.7195578800912474,0.5979428348305769,0.6949246390090982,0.690423243658967,0.6862478958204566,0.6904232436605187,Greece
0.4830150684035484,0.7476412009142815,0.6497733478031337,0.7326517665111398,0.725927572810293,0.7211220641010345,0.7259275728112958,Greece
0.4533635106255766,0.723627260917987,0.6123672468721941,0.7002949785625567,0.6927908241629641,0.689062979800091,0.6927908241636123,Greece
0.5042247807359126,0.7740654797890038,0.6334487790246137,0.7498056140143142,0.7419213834849675,0.7385353905752607,0.7419213834853864,Greece
0.3941591190907156,0.6689044168876774,0.5227351428529732,0.6412183057675861,0.633345877365424,0.6304024845981377,0.6333458773656947,Greece
0.17179373459110103,0.43379240940676894,0.32655432686438995,0.41515843193271296,0.4082913884257969,0.40785140524521857,0.4082913884259718,Greece
-0.017654100830835705,0.24942364817495227,0.1613800806846288,0.2251882667104586,0.21867082644741515,0.21923363671636542,0.21867082644752817,Greece
-0.1375258498298468,0.11837534243637479,0.04037445092106839,0.09970136218015518,0.09294830574317658,0.09388988580083352,0.09294830574324964,Greece
-0.14861776168407048,0.11336745296053713,0.01763363897013789,0.08833231634851395,0.08172726722223947,0.08254762629884618,0.08172726722228668,Greece
-0.12296850764177958,0.14357470314237028,0.04009501236621543,0.11395358844982048,0.10677132774707848,0.10763514544128144,0.10677132774710898,Greece
0.00811467115923626,0.2754416162670712,0.17172191646292323,0.2424814619795817,0.2358981548742563,0.23686097725899324,0.235898154874276,Greece
0.16214470428831654,0.43141651137451753,0.3147104429018915,0.3944704500765507,0.3891855536703859,0.3911449888707889,0.3891855536703986,Greece
0.12137023078020698,0.38455822774696374,0.27404275943404877,0.34891445161465195,0.3442789416245192,0.34615055801770295,0.34427894162452743,Greece
0.11804136735397518,0.3783343862620407,0.2826645217969228,0.34376900442452357,0.340366470322916,0.34343978652674456,0.34036647032292133,Greece
0.18343307229974143,0.4471227674613195,0.3484085831304232,0.40867106244742174,0.40590273419353895,0.40775230184517414,0.4059027341935424,Greece
0.22879533039569497,0.48546872653219164,0.3833618977914445,0.455254976238274,0.452923639537115,0.45412681062401394,0.45292363953711723,Greece
0.3970806039603129,0.6556286283484283,0.51975019185307,0.6210428448895307,0.6186287035042206,0.6188071937454683,0.6186287035042222,Greece
0.4565395295993225,0.701774894001288,0.5672608356331835,0.6768824370196354,0.674333100495006,0.672509226997204,0.674333100495007,Greece
0.25516982627694185,0.4916244353509202,0.3856596621814844,0.4731163157135937,0.4710586155476587,0.4692953222673397,0.4710586155476593,Greece
0.03363471048167583,0.2799363048855325,0.19377464971768432,0.253888462755898,0.25037941470565517,0.25058741012901203,0.25037941470565556,Greece
-0.051631050953223546,0.19874062367612047,0.10851166606338015,0.1685796888586106,0.16410160423051265,0.16491604101727786,0.1641016042305129,Greece
0.02662714161122564,0.2726509990430932,0.15734094784538818,0.24453241687874683,0.2385752776953781,0.23976140302311744,0.23857527769537826,Greece
0.06892580420676764,0.31912434108937043,0.19423799835066502,0.28759138800989026,0.2799932560649081,0.2815346667457177,0.2799932560649082,Greece
-0.007590375442997184,0.24205204292512889,0.1362484697396434,0.20897260234575543,0.20186441730880905,0.20341125315180633,0.2018644173088091,Greece
-0.01298116812891955,0.23952513368083753,0.14416883781170553,0.2020923158425992,0.19595311602744694,0.19868702937481125,0.19595311602744694,Greece
0.01887956240992574,0.2701679573271187,0.1856926055786714,0.23019859356609843,0.22539048608228,0.22822004129192225,0.22539048608228,Greece
0.11902986326859395,0.36901114304045085,0.271717975539175,0.3279290827796592,0.324496328576313,0.32724350093383925,0.324496328576313,Greece
0.17143725040411012,0.412558280367899,0.3109346605158117,0.3770446886285267,0.3746634707060757,0.37559271219160456,0.3746634707060757,Greece
0.05001912825838504,0.2891442557549839,0.19334072991369877,0.2532177551194667,0.2502322762819762,0.25170474687987276,0.2502322762819762,Greece
0.10762916216917615,0.35030842735676,0.22150448690382582,0.3123457542388991,0.3079819458253782,0.31035594956595564,0.3079819458253782,Greece
0.3233983738223079,0.5667146034009374,0.41641098470840693,0.5275234783857141,0.5227979228768709,0.5254061961983383,0.5227979228768709,Greece
0.3955191588682142,0.6351567496960057,0.49628409026368153,0.5988824486193246,0.593780900086187,0.5935572138317661,0.593780900086187,Greece
0.407261316063135,0.6380728696086665,0.5079033902915214,0.6092983206975003,0.603744221256704,0.6008966446636193,0.603744221256704,Greece
0.5099020109673674,0.7302382182458383,0.601221212992387,0.7095820603063412,0.7031483087969616,0.698313912359297,0.7031483087969616,Greece
0.4140484965949181,0.6363696305085187,0.5059969833354597,0.6140085686696442,0.6062464811460915,0.6015545417096518,0.6062464811460915,Greece
0.33023275040712263,0.5574842958215747,0.42869080732215187,0.5300233345447549,0.5212314785388775,0.5182806258098555,0.5212314785388775,Greece
0.3526987447106294,0.5771071557798598,0.45369729150517607,0.5482747717394605,0.5408354431078841,0.5387757584298498,0.5408354431078841,Greece
0.3805317809477318,0.6044135106678439,0.4925263670635611,0.5739987853838007,0.5673405125777818,0.5654576625313441,0.5673405125777818,Greece
0.4060689914476128,0.6229461146593742,0.5137208508838872,0.5991317581352462,0.5925412088474551,0.5907911822696581,0.5925412088474551,Greece
0.4716445421763229,0.6877501999601435,0.5676330090223202,0.6660184599040487,0.6599862331123355,0.6583463416037364,0.6599862331123355,Greece
0.510067397448399,0.7277287441787358,0.5909900036951833,0.7016727920574509,0.6954433941256932,0.6932522357730982,0.6954433941256932,Greece
0.5420676099166086,0.7630840739152231,0.6180726322569974,0.7311886963062167,0.7250051622937826,0.7217932686022749,0.7250051622937826,Greece
0.626766597333585,0.8376721279278087,0.6932000683642535,0.8140246863835447,0.8076064628112332,0.8045897476085393,0.8076064628112332,Greece
0.6637260692364293,0.874387343774376,0.7122306733546617,0.8445936958111601,0.8379928166400722,0.8343248841269579,0.8379928166400722,Greece
0.6767085150032567,0.8875480700920826,0.7253619067936398,0.858461496418558,0.8514227690874928,0.8487563472071303,0.8514227690874928,Greece
0.5252847464393443,0.7384387506131587,0.5777486305441694,0.7071864742945146,0.6997664804930013,0.6968196932350271,0.6997664804930013,Greece
0.41294961040091926,0.6319656761506405,0.482554388173674,0.5983599657351958,0.5898897685971946,0.5865342664888953,0.5898897685971946,Greece
0.4546690117131126,0.6733999515442787,0.5130419089584064,0.6366226067001974,0.6290241096828942,0.6252635215468932,0.6290241096828942,Greece
0.5490046772193422,0.76075328092648,0.6130902628798903,0.7300488160345421,0.7227325515766427,0.7191432622771858,0.7227325515766427,Greece
0.5252266738952335,0.7313096060342588,0.6096956037211552,0.7046936178173862,0.696983958705758,0.6930555889688836,0.696983958705758,Greece
0.41704129764841225,0.6179256173525501,0.4996175894104018,0.5922723584910178,0.584394566352205,0.5816705904423384,0.584394566352205,Greece
0.5354224301023315,0.7388239008487314,0.62328274776991,0.711743696556772,0.7041033386203501,0.7016754724606842,0.7041033386203501,Greece
0.6461342513225524,0.8392160774453973,0.7274545018154822,0.8207566584407318,0.8141079827776441,0.812143815323844,0.8141079827776441,Greece
0.481378780078854,0.6676390419787764,0.538467189730563,0.6537490594267104,0.6468085087232406,0.6439482019341556,0.6468085087232406,Greece
0.2904292954136456,0.47857891060655505,0.3545031184776713,0.4593645604689471,0.45264963555746074,0.44940138091002124,0.45264963555746074,Greece
0.21965550310182402,0.4156596551787756,0.2636376164860498,0.3886287908393698,0.38241034127844237,0.37905018833609083,0.38241034127844237,Greece
0.2482226475127454,0.4454677661725979,0.25765709129712533,0.4128540683358993,0.4076707475107197,0.4058416303913145,0.4076707475107197,Greece
0.26425139827415584,0.45281537080265294,0.2776171797094923,0.42926380633147526,0.42312760000620786,0.4221047920568542,0.42312760000620786,Greece
0.35720803770824716,0.5418776884452102,0.3879301215170482,0.5248346471617285,0.5183233261635248,0.5183128456916302,0.5183233261635248,Greece
0.4248084410422917,0.6003219702776594,0.46844481385995035,0.5898148829873072,0.5821534332778967,0.5817756760881474,0.5821534332778967,Greece
0.3164412312231293,0.4898436837352229,0.3791487573747783,0.48089482176079157,0.4718712513793674,0.47290223142243776,0.4718712513793674,Greece
0.23163869792056735,0.4146592764982929,0.31941129994048817,0.39615775675918236,0.3868745670354273,0.3890896019868405,0.3868745670354273,Greece
0.2069092950957807,0.3905377045094685,0.30231144783226993,0.3687229962780918,0.3594109859915772,0.36090817124578967,0.3594109859915772,Greece
0.14421970980644266,0.321242629394131,0.2232517129442096,0.301906893415054,0.29286736337431346,0.29394207896031893,0.29286736337431346,Greece
0.11611732931247545,0.2848350362176372,0.19108488382046918,0.27371737791329853,0.2648828495694704,0.26443412038339714,0.2648828495694704,Greece
0.048456033212824975,0.20727316416180339,0.12001229330785587,0.20143833877751563,0.19416728980326378,0.19494785933880432,0.19416728980326378,Greece
0.01744062311718926,0.1850198283199947,0.07660621655595148,0.16754124957799965,0.1624822836883606,0.16382199879839796,0.1624822836883606,Greece
-0.060742505772050606,0.09972757096936263,0.009763757989819537,0.08794488121902828,0.08386640028628853,0.08603084326645058,0.08386640028628853,Greece
0.07448262386425131,0.22853203817824744,0.14702027188338188,0.22043055559582425,0.21698575419171492,0.21968321215014008,0.21698575419171492,Greece
0.19650855262131145,0.3484718598784346,0.27588199671572156,0.3425128938416804,0.34025943702367295,0.34214411954401125,0.34025943702367295,Greece
0.20208090009004198,0.3641280645915054,0.278881698122866,0.3440019972096343,0.34246427795458034,0.34424269690033,0.34246427795458034,Greece
0.3965795307427733,0.5660528082817452,0.4628242580718578,0.5387715956238105,0.5353082562543574,0.5370061687839133,0.5353082562543574,Greece
0.3880385805381569,0.5594301308714505,0.46137737027485404,0.5326395557143038,0.5262196575573179,0.5250134526479006,0.5262196575573179,Greece
0.16445859952392222,0.33013369077596355,0.25276577590031113,0.307769508780042,0.29967703576926674,0.2996231736985975,0.29967703576926674,Greece
0.112900369218235,0.26929332996419164,0.2067900394533218,0.25385777822606265,0.24672581459221052,0.24830523908588176,0.24672581459221052,Greece
0.18389777499425927,0.3450250249695045,0.2589395210304502,0.32338736359225545,0.31734468158335494,0.31930280045914317,0.31734468158335494,Greece
0.24055539158481049,0.39914903632483856,0.27361330578944576,0.37657450491661193,0.37010547165562935,0.3718560510119633,0.37010547165562935,Greece
0.2513818668719689,0.402248729114824,0.2504381722619163,0.3879427936185672,0.3805004193298783,0.3817592876719194,0.3805004193298783,Greece
0.32597836783858236,0.4795418328583691,0.31294783158430683,0.46135626435524774,0.45377454749069607,0.45644139155081803,0.45377454749069607,Greece
0.5066974287443482,0.659354335827707,0.48701517085720375,0.6414743095908233,0.6341607094984466,0.6336187588195505,0.6341607094984466,Greece
0.6119342978087707,0.7658536034648826,0.5904462832068147,0.7417987026323127,0.7350085087427581,0.7329503843972459,0.7350085087427581,Greece
0.6918261125379104,0.8438374949186337,0.6714016053196157,0.817791148814402,0.811020223020463,0.8085561620912693,0.811020223020463,Greece
0.6040791308750832,0.7637689353204922,0.5811971613339841,0.7320295252904689,0.7249394836390946,0.7225617518187071,0.7249394836390946,Greece
0.4387486445948606,0.5958575938881523,0.4325582058653141,0.5679784211821949,0.5596423963356869,0.5575065201860973,0.5596423963356869,Greece
0.3571365955278421,0.510331681940213,0.3584486045004584,0.4840496332551593,0.47700845277225545,0.47310518737322765,0.47700845277225545,Greece
0.34198864074077095,0.4957666149241934,0.3576699316317291,0.4671846334395735,0.4606783158117417,0.455742069614143,0.4606783158117417,Greece
0.2699401733028197,0.42025025684493694,0.3127979979188618,0.3915726529548416,0.38525711359388115,0.38049612337812755,0.38525711359388115,Greece
0.15686146562585107,0.3106374769261509,0.2165694260251898,0.27681124196269885,0.27156385457927645,0.26817856974167,0.27156385457927645,Greece
0.03141615260129568,0.18668813517162403,0.09865683928498173,0.14963043416820693,0.14467788199011603,0.14242669024807847,0.14467788199011603,Greece
0.10324435430461734,0.25716144708813493,0.16087940609242504,0.2177181467371248,0.213488037051003,0.21274521134017804,0.213488037051003,Greece
0.21512602594914343,0.37025615408563506,0.25992214876442854,0.3338234156192172,0.3286365693948981,0.3276664534633476,0.3286365693948981,Greece
0.14829680398673445,0.29395399107662207,0.17624935829478589,0.2651178283420769,0.25974477323967177,0.25934918611879554,0.25974477323967177,Greece
0.044730953674094284,0.1758935977032548,0.06536951357909987,0.15721343652602315,0.15119371789158348,0.15162959789997127,0.15119371789158348,Greece
0.01808108511394054,0.14332818494919913,0.035973030653268095,0.13045162557766224,0.12445239143716011,0.12613083525354155,0.12445239143716011,Greece
0.23974196481963592,0.36632658811470137,0.2398684322047998,0.3480989286835851,0.34135850270533136,0.3423025720949434,0.34135850270533136,Greece
0.3814197938796171,0.513794752305164,0.3865038077325173,0.4911398876631232,0.48309380318783063,0.48249499037273513,0.48309380318783063,Greece
0.3809438432310958,0.5091227941920795,0.3818955629060332,0.49200453929737215,0.4831767358497091,0.48212662817350205,0.4831767358497091,Greece
0.4198111061951732,0.5437456989512895,0.42037135008134024,0.5267113565778032,0.5182312806505703,0.5157073352442985,0.5182312806505703,Greece
0.4372110479611098,0.5593626532119055,0.45123446346300256,0.5443114485623326,0.5357757933489061,0.5321806974668353,0.5357757933489061,Greece
0.4922271324350007,0.6207470746930029,0.51316198653257,0.5984371694743919,0.5893200928726219,0.5865126252155475,0.5893200928726219,Greece
0.6350277570998623,0.7609702933065035,0.647817520969453,0.741047820986182,0.7316912547742545,0.7289730107213903,0.7316912547742545,Greece
0.6095638883455057,0.7375585563624236,0.6110843536345149,0.7167752432928582,0.7075150476749621,0.703967735153206,0.7075150476749621,Greece
0.5928022939888726,0.7241192382320335,0.5766537823999434,0.6964714912021052,0.687933478721092,0.6841052301484409,0.687933478721092,Greece
0.6583855649537868,0.7859261916462867,0.6185820097998744,0.7583583329833986,0.750650742836121,0.7471556582420589,0.750650742836121,Greece
0.67071628728984,0.7975211921719071,0.607949571234293,0.7647469628628566,0.7574770080831025,0.7539816521051065,0.7574770080831025,Greece
0.766209922775611,0.8855354483794349,0.7153778515361944,0.856197676578816,0.8488914173043565,0.8461339104300352,0.8488914173043565,Greece
0.7623815152470407,0.8733931808001143,0.7328687562075118,0.850570017871477,0.8442527286798217,0.8422727663020574,0.8442527286798217,Greece
0.6148789292519063,0.7206596311475241,0.5947977730570572,0.700810801970196,0.6962264645401773,0.6941645820917394,0.6962264645401773,Greece
0.491711364961135,0.5959374271623945,0.48478021784950365,0.5780108859266171,0.574546541259084,0.5724317145289366,0.574546541259084,Greece
0.4716258746780237,0.581148062499731,0.47428475459908487,0.5584013243797772,0.5528138014106011,0.5501885787075672,0.5528138014106011,Greece
0.5178201203977755,0.6204468333345863,0.5317084730089316,0.6067794373507006,0.5995086629859644,0.5964872022790644,0.5995086629859644,Greece
0.4623246970045189,0.5718453396146175,0.48361188662413906,0.5498105230167393,0.5412063436289368,0.5373467080271688,0.5412063436289368,Greece
0.5779677530068825,0.6948972369596732,0.5961884462922705,0.6679041321567172,0.6586875053341235,0.6543682692101306,0.6586875053341235,Greece
0.6641491545073547,0.7752122250793045,0.6649809720579892,0.7506533814135388,0.7413611998048617,0.7371342553220308,0.7413611998048617,Greece
0.5965405879196041,0.7157822780972268,0.5941924616487502,0.6855427218944133,0.6777465103390446,0.6738520377155172,0.6777465103390446,Greece
0.3185270999785816,0.4332609665815915,0.3272635978819813,0.40421188762414184,0.396575093083008,0.3922727637751947,0.396575093083008,Greece
0.19926316377284203,0.3137332435644735,0.1980764676868252,0.280439217377607,0.2731832526298665,0.272040293515339,0.2731832526298665,Greece
0.202191395521813,0.3130846835382016,0.17560586166093684,0.278584654148556,0.2718784331400051,0.26958924099847137,0.2718784331400051,Greece
0.20275588138207173,0.2992212370775909,0.17701602382569687,0.2769593009253228,0.2723158320521928,0.27068942409589464,0.2723158320521928,Greece
0.27204060361663857,0.3737144277726746,0.2519847870106293,0.34377759781258216,0.339431459043946,0.3354604423417559,0.339431459043946,Greece
0.25129107964904307,0.34326769005748314,0.24366690964035487,0.32305058535873526,0.31884528627474085,0.3149160427581058,0.31884528627474085,Greece
0.3889778004832598,0.47824944443695266,0.37607872123341374,0.46166593730444183,0.4555940996864236,0.45230371967503896,0.4555940996864236,Greece
0.30426313775386254,0.3960199526195368,0.29379757609414225,0.37527484340048134,0.368708054966754,0.36483542947310377,0.368708054966754,Greece
0.2858177546856124,0.38230878248049405,0.28173844852244645,0.35493752649342764,0.34781584522528775,0.34505561203775886,0.34781584522528775,Greece
0.43730196636111385,0.5318111073804737,0.42334939132331123,0.5032935585276052,0.49563173256197407,0.4925149847956488,0.49563173256197407,Greece
0.5402560208889602,0.6338262836398733,0.5029988570669732,0.6056267629394526,0.5972584586085722,0.5930097193601108,0.5972584586085722,Greece
0.5289624074686904,0.6248741019356191,0.4652385929010671,0.5953609013603901,0.5866722234632248,0.5819384330999778,0.5866722234632248,Greece
0.40830565957240644,0.5004770571591605,0.35375221803681206,0.4738380812551928,0.46542916846116156,0.4607216911159724,0.46542916846116156,Greece
0.30675349615712083,0.38505263768357045,0.2521267490212124,0.3683701869948587,0.36036763952866074,0.3577470330419908,0.36036763952866074,Greece
0.2839307630494538,0.35373565771821697,0.22469417970351396,0.342806867915109,0.3373637917315949,0.3368858544393345,0.3373637917315949,Greece
0.09560269484409059,0.1712006797623981,0.0563687483173136,0.1535828307602991,0.14787519057551654,0.14809497238906752,0.14787519057551654,Greece
0.017731890265357132,0.09284743186150397,-0.019960296167878977,0.07340785388931682,0.06664564293511131,0.06735671539896808,0.06664564293511131,Greece
0.07170129671094588,0.15252184048707015,0.02924031664543904,0.12761642413109903,0.11948780078481111,0.12172695417563939,0.11948780078481111,Greece
0.22409534719506566,0.30882632212748207,0.16934890423282667,0.27850534960279244,0.270631579589754,0.2741546576314955,0.270631579589754,Greece
0.3326748549293477,0.41601524267718415,0.2890565752779303,0.3843617189855556,0.3752726068520861,0.37915025916265005,0.3752726068520861,Greece
0.3758959097340917,0.4613253414052273,0.3502833660460688,0.4277890109194433,0.41803521342923555,0.4204560825224638,0.41803521342923555,Greece
0.2448630361191037,0.33060221466948925,0.2289317183680274,0.29569951480571394,0.2856625684320596,0.28959254202580004,0.2856625684320596,Greece
0.07923260853228059,0.16557341982328694,0.06818108444722003,0.12939519637074293,0.11968799738746588,0.12268681078478133,0.11968799738746588,Greece
0.14029970158698474,0.22162963899412824,0.11745508778557093,0.18775718981841794,0.1794891933118536,0.18194717424844392,0.1794891933118536,Greece
0.3818371722776743,0.4527902416108984,0.33077594172793384,0.42234877641810376,0.4149911249552868,0.4156794948022486,0.4149911249552868,Greece
0.38124500787154303,0.4527394372519962,0.32157422614946246,0.41860027353249446,0.4115417202726709,0.4100259373735724,0.4115417202726709,Greece
0.3551465867966708,0.42523376761898296,0.31486506036990175,0.3935937420429808,0.38672712778387097,0.38595217839640233,0.38672712778387097,Greece
0.5476454540262993,0.6171424124316863,0.5150542847290162,0.5864543759271101,0.5795339830928287,0.5768565634487324,0.5795339830928287,Greece
0.4671593603026283,0.5360081567015156,0.4368540442886514,0.5063033426934808,0.49872519959057554,0.4955324147248224,0.49872519959057554,Greece
0.37227195305285415,0.435436206319151,0.35691616356541545,0.4177361643539373,0.40989012045291867,0.4050542707009885,0.40989012045291867,Greece
0.5436936520055884,0.6053626738217736,0.5283367169900781,0.5870175862333475,0.5779190304031493,0.5733782056287061,0.5779190304031493,Greece
0.6977163897750954,0.7598437318875826,0.6882557703063598,0.7400828249065168,0.7302707759664604,0.7262080456890189,0.7302707759664604,Greece
0.7440716026240796,0.804403707236865,0.7270965641061153,0.7848587496559422,0.7745025600284212,0.7700904071921075,0.7745025600284212,Greece
0.6518044161152837,0.7086973605710595,0.6206964052333546,0.6901694422371663,0.6798195386153472,0.6767378313250528,0.6798195386153472,Greece
0.38966446801197385,0.44991194791938627,0.35495250245785304,0.42399118008406356,0.4140312959038098,0.41210312566652973,0.4140312959038098,Greece
0.2999978960845733,0.3626791150777839,0.26673597097891655,0.33009861759064135,0.32252860055564625,0.3224408140604187,0.32252860055564625,Greece
0.29605068015178804,0.3585685331721068,0.2507963971640476,0.3214770946456778,0.3153077528761397,0.31626553221318804,0.3153077528761397,Greece
0.30628453179865667,0.36074435874912497,0.26725523241615057,0.33020613224737055,0.32446936268429555,0.3262004061982438,0.32446936268429555,Greece
0.3894309028662279,0.43220715966953127,0.359521351527625,0.40887187174181383,0.40483579251761775,0.4050240247792144,0.40483579251761775,Greece
0.14121345206266991,0.19107945705763454,0.11886326169622735,0.16088948480302417,0.15638690806930203,0.1571503741619621,0.15638690806930203,Greece
0.1293068794951297,0.18192261854075692,0.10527590024874504,0.15094976553725964,0.146417721773755,0.1471831234286397,0.146417721773755,Greece
0.24064988201144802,0.2879326314420731,0.2010946392533752,0.2583301074218936,0.25327370150630846,0.2548222121978282,0.25327370150630846,Greece
0.2354989474221428,0.27530287010754295,0.18213826633563507,0.2553058549705025,0.24783154020549578,0.24987137019468203,0.24783154020549578,Greece
0.3003369327610459,0.3397716637818951,0.23727239922629967,0.31827057787929325,0.3093508681087656,0.3107387766439029,0.3093508681087656,Greece
0.34485020466959404,0.3860580724471966,0.2957384516196278,0.3619072433637079,0.3532845384316237,0.35411523259730077,0.3532845384316237,Greece
0.19532868473619133,0.2381586684981452,0.15799729767082277,0.21328443599128744,0.20391016665582323,0.20481107974415236,0.20391016665582323,Greece
0.03330752557046628,0.07462744615714384,-0.006384384955014755,0.050393707753277374,0.04094062817283837,0.042912546804359485,0.04094062817283837,Greece
0.10684905929967264,0.13904013218988215,0.05995037880876892,0.1208771981874617,0.1117822720175457,0.11338212483283207,0.1117822720175457,Greece
0.039596003419014966,0.039596003419014966,0.039596003419014966,0.039596003419014966,0.08792247431944071,0.039596003419014966,0.039596003419014966,Sudan
0.023048244681842994,0.033673508661243315,0.023371523601001032,0.010468811631605623,0.050631281768466985,0.027626631481265235,0.026887410874049854,Sudan
0.019484568453997902,0.03337197175522703,0.01779655393848968,-0.010896057579846345,0.034956311665624046,0.02395397314165739,0.0232904193596791,Sudan
-0.019009293404273063,0.010942101702252911,-0.004473868539934173,-0.01815260170085016,0.007788149395650708,0.0027706694719736857,0.0020564368244749207,Sudan
0.01038677337314365,0.04112769932578071,0.017776293100208326,0.018840685689055357,0.03315086900889973,0.03117207073031817,0.03033475103549508,Sudan
0.027727385810934268,0.06447097289504769,0.033935173292528716,0.04512834819765625,0.05426855749145495,0.05347871884197381,0.0528849360446967,Sudan
0.03736204986708689,0.06817244605539224,0.027680323954929347,0.04616061457523962,0.056161067605111165,0.05595541666001774,0.05548126358908306,Sudan
0.05245894833932632,0.0879001910638535,0.051701504461863765,0.059344795773905515,0.075132405890463,0.0754001019246841,0.07479840304503826,Sudan
0.07536241341324601,0.11061652511386563,0.09190493610107588,0.08127994428923643,0.10377863568130453,0.10418474597487959,0.10361453264848691,Sudan
0.08214232493315574,0.11711077234095973,0.10143625494878222,0.08983827034685457,0.10762134605153298,0.1080401456093172,0.10754071857859723,Sudan
0.0755032014614959,0.12429040156237031,0.11116155556653254,0.09988711258392118,0.11489577504214155,0.11578740449852903,0.11485616096993101,Sudan
0.06149545404972006,0.1100283334787041,0.09953524355134626,0.08378039400259163,0.1019653163806595,0.1025019830006302,0.1019458531051783,Sudan
0.04730291042037724,0.10182133219497622,0.08949081931722586,0.06400235335852034,0.09214123488685218,0.09259599630756774,0.09213167214635826,Sudan
0.06322321817316368,0.1193544960202723,0.0986704108014416,0.08087445977152348,0.10828828223213006,0.10865628996454205,0.10828358384486003,Sudan
0.11808349614617705,0.19214405082550487,0.17221591117233565,0.15358046539721226,0.182455793375163,0.18287990619429845,0.18245348495291172,Sudan
0.1943716740610758,0.2663592871884313,0.25024692542009574,0.19977618640637895,0.2605517123386103,0.2607525153002551,0.2605505781593731,Sudan
0.24783780855833737,0.31389511413478083,0.2689792950244436,0.2623718641043702,0.3091472809647971,0.30957877859077865,0.3091467237172912,Sudan
0.2341586304740392,0.30955863153618746,0.26174628818633,0.2411101818316265,0.3045925840264894,0.3046814698440955,0.3045923102383855,Sudan
0.20543767876915336,0.28196409328163463,0.24966697431840146,0.18435601433144877,0.272676360633994,0.27267437187340404,0.27267622611580405,Sudan
0.1988853054683829,0.2810273148060686,0.2575257217676035,0.1673755499597911,0.27031282851507366,0.27051376981349223,0.27031276242329255,Sudan
0.1850124021158391,0.26163573764596304,0.24352618686905425,0.15544744948331385,0.250819663693826,0.25151077695382934,0.2508196312214628,Sudan
0.1513453640494151,0.231088035337804,0.21613198762159663,0.15248351189187967,0.22015001534983938,0.22061107351289527,0.2201499993954445,Sudan
0.12593418566946182,0.21147728363442947,0.20369928761348843,0.15253608443253266,0.2058094367425471,0.20618122441540176,0.20580942890379772,Sudan
0.14204963179133662,0.2461517663362106,0.2364349333471323,0.1795399200768888,0.23888161353948045,0.23959649002092895,0.23888160968812838,Sudan
0.14419563955145467,0.25012595512498004,0.23882784669276252,0.1671932005642488,0.24168050815048894,0.24263588142498171,0.24168050625823395,Sudan
0.14534828445375403,0.2516486137389743,0.2357296019590925,0.1684025810326897,0.24123434779970487,0.2423401972713632,0.24123434686999784,Sudan
0.14830382233267078,0.25451351359360397,0.24085485280194077,0.1668005814932063,0.2472435232607888,0.2479660913808657,0.24724352280400308,Sudan
0.09491496192060764,0.19814320362687435,0.17300460464240824,0.11950314776271762,0.1876766505820113,0.1890124821476174,0.18767665035758233,Sudan
0.039237925402458546,0.15057099301107785,0.12088741021866758,0.10117778895028667,0.13856213459598266,0.13965487385334607,0.13856213448571572,Sudan
0.0017754907391016594,0.12260651793394443,0.09820559040603369,0.09171500045276638,0.11008276163923139,0.11070434477740851,0.1100827615850548,Sudan
0.018423191731376562,0.1514023116905124,0.13161581072475054,0.12674247680525783,0.13882237319417565,0.13928451718120088,0.13882237316755747,Sudan
0.037521218734855144,0.1710500630580363,0.15397716063480418,0.14738208509596712,0.15810267573316011,0.15869769278149487,0.158102675720082,Sudan
0.054288183510210045,0.1788783613135881,0.1669645981646785,0.15786572297513218,0.1692004472482288,0.1696569519818553,0.16920044724180325,Sudan
0.06726849308577257,0.19842168439474644,0.1912399295132376,0.1824408713381831,0.19283243765222258,0.19349838513925688,0.19283243764906555,Sudan
0.0660373596912556,0.19689785477024455,0.18927683951276206,0.18084741439102003,0.19107596286545134,0.19209039651143828,0.1910759628639002,Sudan
0.08848778310069938,0.2239624298006748,0.19777740740656452,0.19972425527572588,0.21518785745095206,0.21621805740262529,0.21518785745018995,Sudan
0.12235991494763218,0.2676152024366589,0.23638407897036215,0.22918529529531687,0.2575546394552304,0.2582600610428871,0.25755463945485596,Sudan
0.1524515669389037,0.3025168941989569,0.280720395584941,0.262465944757479,0.2956590683508346,0.29648201709390326,0.29565906835065064,Sudan
0.16540175869813473,0.3212236851528962,0.2948957380205448,0.27740894212681527,0.31446569886265285,0.31522500964364364,0.3144656988625625,Sudan
0.15080647660190527,0.29986188662027535,0.2729040532998514,0.23690013979146146,0.29506948310473063,0.2964024461649251,0.2950694831046862,Sudan
0.1750911549868293,0.3297457660587515,0.2995818041686203,0.2267793896009394,0.3208345221057049,0.32175349941977816,0.3208345221056831,Sudan
0.18709269117121674,0.3537771803707815,0.3246485870366005,0.23490954700693026,0.3450808909900157,0.3453012109128393,0.345080890990005,Sudan
0.14641317778391202,0.323134637780003,0.30005436585376344,0.21801088491140685,0.31425670266879396,0.31436716806463716,0.3142567026687887,Sudan
0.12269818462698961,0.2975654479296253,0.2801722848654485,0.20576766133703203,0.28770551771069514,0.28814659994901126,0.2877055177106925,Sudan
0.10079880660935445,0.27962913233387193,0.2655930187133057,0.21243410691661146,0.27017140481618696,0.2707897445246534,0.2701714048161857,Sudan
0.09044492508594279,0.26402612857406665,0.25101914423201477,0.21057080071096712,0.254283942833595,0.254852550458728,0.2542839428335944,Sudan
0.07590237993328,0.2518199247534129,0.23868539087533502,0.20780385975494117,0.2408617926167532,0.24158274832570037,0.24086179261675292,Sudan
0.07283920648591825,0.259153689612802,0.24965656737434372,0.21428743742665407,0.2517861758139317,0.25233174788554547,0.2517861758139316,Sudan
0.12338094459987581,0.3189655616455112,0.3100558437638249,0.2616770565674245,0.3130394780607739,0.3134976947927154,0.31303947806077387,Sudan
0.13880817347453933,0.33029309111283267,0.32028071761142674,0.2575706203447162,0.3260512044475524,0.3266408469226243,0.32605120444755237,Sudan
0.12288866231287379,0.32745038530963627,0.2757509576217048,0.2608660119247008,0.3185428186253308,0.31921028704699206,0.3185428186253308,Sudan
0.13670879078703263,0.342874635753273,0.2740980614806682,0.29665818267278266,0.33265635401712185,0.3331023555179262,0.33265635401712185,Sudan
0.14330713823371846,0.34499610468184183,0.2966356531781553,0.31439481515053685,0.33555969262143376,0.3357819853176017,0.33555969262143376,Sudan
0.15422514715527255,0.3604412627668153,0.33150243267520435,0.33296721749944974,0.3542601769288243,0.35410591313726064,0.3542601769288243,Sudan
0.16951545389629225,0.3858520663892903,0.3660766913498643,0.3162271577792539,0.3793065946418314,0.37968008866187586,0.3793065946418314,Sudan
0.16679913500610974,0.3810896861442733,0.36970109665929596,0.2976571961059282,0.3773708457600444,0.3776225520954296,0.3773708457600444,Sudan
0.15605922442228834,0.3773309425775466,0.3706396597730249,0.31351510175835595,0.37535691641942814,0.37527671006580765,0.37535691641942814,Sudan
0.15155767566320277,0.35248682343410287,0.348601254884573,0.2937266876166357,0.35144350189283174,0.3511080105621617,0.35144350189283174,Sudan
0.1523977313927217,0.3639912618372627,0.36137105004230297,0.30028063244944847,0.3630380234505206,0.36266890930516466,0.3630380234505206,Sudan
0.15798875199457874,0.3748998772455346,0.3546153702210933,0.30891417587652253,0.3714543774936771,0.3711480249511902,0.3714543774936771,Sudan
0.1448629383540823,0.36466778984787784,0.3375103966815242,0.2874329981495802,0.35851311883148956,0.358401067625104,0.35851311883148956,Sudan
0.13952628526498922,0.36781294755088983,0.3461421145042006,0.29763365709727074,0.3585508820514627,0.3587587703076719,0.3585508820514627,Sudan
0.1826860533053129,0.4056645450527799,0.3926835513993261,0.34168924253604266,0.39971394964380796,0.40026606155209904,0.39971394964380796,Sudan
0.23051619529200326,0.4573735893003408,0.4331522142605573,0.41485924267999164,0.45444992931642303,0.45460550983831605,0.45444992931642303,Sudan
0.25895447100401364,0.49190708649687076,0.43374879387465254,0.45835639444670406,0.48795090505474137,0.48800942003189923,0.48795090505474137,Sudan
0.21031920235774693,0.44371543550013653,0.3904706445138211,0.3912530857002999,0.44015474256307124,0.44011715226896864,0.44015474256307124,Sudan
0.17961502780640543,0.41599557386147534,0.3842898174183656,0.3591151059457338,0.4106795058727595,0.41063048209526776,0.4106795058727595,Sudan
0.17791739366631326,0.41582107475890506,0.39395169837255567,0.34277532774956865,0.40769915048159566,0.4078792307070582,0.40769915048159566,Sudan
0.17469091914363424,0.41797878598697047,0.39978822271127856,0.3339383131995845,0.40721233744163476,0.4076687089124654,0.40721233744163476,Sudan
0.2075889687612033,0.44716420074104085,0.4333888348437751,0.34711654502867484,0.43769039096589657,0.4380160488899726,0.43769039096589657,Sudan
0.21986272535972776,0.453021823306925,0.44499046889060323,0.3506206340710218,0.4478935946919672,0.4486580427320235,0.4478935946919672,Sudan
0.23590435891056885,0.4733230338686345,0.4615049976810327,0.3665536405108751,0.4640107345008209,0.46492937650546506,0.4640107345008209,Sudan
0.23879498927928436,0.4771475385007133,0.466883825107856,0.3795324370204689,0.4696673665307594,0.470710384265298,0.4696673665307594,Sudan
0.19938508582540931,0.43935864013459586,0.4271417109815961,0.3420281118117473,0.43133692932037165,0.43181471802615806,0.43133692932037165,Sudan
0.18615273463892035,0.4266765298203915,0.4094058564487572,0.3293484981270938,0.41729790942511363,0.4174434955962027,0.41729790942511363,Sudan
0.1550307904777028,0.39575892496484427,0.365919730121347,0.31474724595036363,0.38620680439753563,0.3862486658333366,0.38620680439753563,Sudan
0.15466944290905482,0.39695475537883185,0.36492955111477743,0.34448319069560207,0.3860096626388152,0.38667656147246,0.3860096626388152,Sudan
0.2022053477909867,0.44217020552380065,0.4206667957740097,0.34573163066973317,0.43368319749396095,0.4342944578184842,0.43368319749396095,Sudan
0.17003740788563923,0.4089563315110063,0.39486809988481997,0.31610032569722796,0.40302932119454576,0.4036833235117615,0.40302932119454576,Sudan
0.15933810820378627,0.39871014411393085,0.38731150046553925,0.3346299739123519,0.39212859408765105,0.392310283990137,0.39212859408765105,Sudan
0.19434732251843362,0.4384199791786956,0.4255075315275619,0.3577801563393116,0.4285175405698862,0.4285317674495164,0.4285175405698862,Sudan
0.22386864755771724,0.47159617707698653,0.458151504783734,0.37381995972401383,0.4605679368775438,0.46095191033496513,0.4605679368775438,Sudan
0.21675027161315216,0.4682070391757092,0.4546736570033574,0.3684415575358671,0.4565643281722959,0.45738923681098864,0.4565643281722959,Sudan
0.21266772426132774,0.4563869771470709,0.44586996321799927,0.3594439970330216,0.4484957817955362,0.44896204163805065,0.4484957817955362,Sudan
0.15715285901379164,0.40770290241879903,0.3953046547337422,0.33133859213168043,0.39772805302952957,0.3984572902362128,0.39772805302952957,Sudan
0.1268170523010172,0.37955878010518407,0.36559065112942124,0.3136743202855516,0.36782453775831697,0.3682503509599445,0.36782453775831697,Sudan
0.08941933102660572,0.3416306682892316,0.32972729760936725,0.28900303005962646,0.33169933457747836,0.3321187936314048,0.33169933457747836,Sudan
0.08225771945662974,0.33455913266493753,0.316640593168063,0.2875975802450212,0.3229160439157239,0.32317951340364726,0.3229160439157239,Sudan
0.07418911767373124,0.3165997441877805,0.29813658212034594,0.28259902672523796,0.30598114384998665,0.30648014075528535,0.30598114384998665,Sudan
0.06884907634100476,0.3115363100272016,0.2956285619213323,0.28904412675997737,0.301376000460658,0.30165364291315305,0.301376000460658,Sudan
0.08220326087021715,0.322994788820776,0.3074468948426939,0.3024509945179133,0.31122752695649575,0.3115179378987934,0.31122752695649575,Sudan
0.12205993670373522,0.3638598733513412,0.35027981223197363,0.3439407827528344,0.3527140637272487,0.353064216089695,0.3527140637272487,Sudan
0.1612062256131322,0.39942092635845583,0.3884219078348369,0.38074866839915794,0.3907745144511063,0.39117633021620135,0.3907745144511063,Sudan
0.16924283655981145,0.41401594533576563,0.4035758312344554,0.3912686194467045,0.405484704464027,0.4057414930886681,0.405484704464027,Sudan
0.18433649107485342,0.43041648679795447,0.4175788388819947,0.39903318674251637,0.4196545651356359,0.4199211898246007,0.4196545651356359,Sudan
0.1715253082634623,0.4151938314708536,0.40172107288743103,0.38602961013008963,0.4041318261942358,0.4045410647567659,0.4041318261942358,Sudan
0.17430944899586143,0.4194809928445652,0.40565692557600186,0.3827825952225828,0.40824138165073376,0.4088040019057472,0.40824138165073376,Sudan
0.17032088066595594,0.41796257386130914,0.4013421459597394,0.37187418908695197,0.4055048331960867,0.40607173496465643,0.4055048331960867,Sudan
0.20444401269057827,0.4538914567919684,0.4265385088205659,0.413410014112523,0.44094131092415856,0.44119574917875953,0.44094131092415856,Sudan
0.22461343959533459,0.4690568002824426,0.4406932662417615,0.42074927126065176,0.45991627145878355,0.4602331030532255,0.45991627145878355,Sudan
0.27463390921012426,0.519876830172704,0.4651385697371277,0.4238576584395676,0.5093391615607068,0.5098880180153622,0.5093391615607068,Sudan
0.3491355761506356,0.591415939409671,0.5161782168481279,0.47225714973529864,0.5833894204983046,0.5839381393937136,0.5833894204983046,Sudan
0.31167293282319253,0.5550872524712607,0.4941059996758439,0.47664108836478647,0.5454802147738476,0.5459899682512144,0.5454802147738476,Sudan
0.2788428848796676,0.5215155569162659,0.4830598811332844,0.4640179145712885,0.5106806056776949,0.5112244210535818,0.5106806056776949,Sudan
0.24857477051106494,0.49541892128868964,0.46807250117840055,0.45263521140754115,0.4832931990132214,0.48392564450260456,0.4832931990132214,Sudan
0.2638314583480069,0.5083551782614544,0.49269020607432923,0.4726931736630825,0.5011930068738258,0.5021293190852928,0.5011930068738258,Sudan
0.2503885536261908,0.4985879472946282,0.4845574815689899,0.45075685999027204,0.48907572526393905,0.49004753847618554,0.48907572526393905,Sudan
0.26647167566007346,0.5100688194100587,0.5019405692052259,0.45306088428133184,0.5046340539458903,0.5055422316315119,0.5046340539458903,Sudan
0.30141417461296055,0.5524489473472379,0.5400663170553119,0.48710365795353033,0.5434256061679708,0.5439970581319888,0.5434256061679708,Sudan
0.28814815420968914,0.5326271178032287,0.520529615191159,0.46701543253006755,0.525488559118829,0.5260683446959853,0.525488559118829,Sudan
0.24472404064715989,0.49074169589260835,0.4763277732048135,0.4156196502245827,0.4809432351370362,0.48144663422827544,0.4809432351370362,Sudan
0.22910473397235118,0.47795186780367294,0.42925493911873447,0.4324122478721769,0.4687152495934682,0.4694003310106124,0.4687152495934682,Sudan
0.26661648886234907,0.5187098560954356,0.45655424140834117,0.48498443793223084,0.5072754544453718,0.5076602067240328,0.5072754544453718,Sudan
0.2621599791977293,0.5077550164933259,0.46024436564922055,0.4827866877889713,0.49819725147778443,0.49837764774819926,0.49819725147778443,Sudan
0.24807891816343688,0.49825585605457756,0.4627770233770591,0.4716952071855002,0.4877653222532461,0.4878989485279382,0.4877653222532461,Sudan
0.2523134350881126,0.5006276988584393,0.48213503402316205,0.47799940316131156,0.49510627334281626,0.49531786951693174,0.49510627334281626,Sudan
0.2787111459704156,0.5282234913707663,0.5132983383121882,0.5021687807732371,0.5203599395176014,0.5202939373540215,0.5203599395176014,Sudan
0.3131225989925714,0.5604838583367953,0.5500680768204653,0.5252955432720984,0.5542092979086654,0.554212094452806,0.5542092979086654,Sudan
0.31543121987097594,0.5614132233565036,0.5532290075276337,0.5217373651042243,0.5559193697862385,0.5559559686669325,0.5559193697862385,Sudan
0.30731233225771204,0.5573127547615596,0.5459887269096172,0.513359627202579,0.5476264696753073,0.5482585308303864,0.5476264696753073,Sudan
0.2808403640064573,0.5291169596488241,0.521199784059333,0.49141204944948835,0.5226680798668563,0.523615924980933,0.5226680798668563,Sudan
0.28026425419869727,0.5311272173640836,0.5191844831101257,0.48280665001080636,0.5234048458783049,0.5243811035296261,0.5234048458783049,Sudan
0.2980073119574093,0.5533526338380075,0.5096034174178102,0.5084511182070678,0.5428210556941867,0.5436561089538832,0.5428210556941867,Sudan
0.3347129934393164,0.5899364667612411,0.5068421638432875,0.5409431484478546,0.5796763717568925,0.5808356963141907,0.5796763717568925,Sudan
0.35891174810618565,0.6099950143508536,0.5347550057564778,0.538645387585757,0.6027103794835985,0.6035090307295902,0.6027103794835985,Sudan
0.38534919768332865,0.6377299994843796,0.5868653140148923,0.563781600962832,0.628859651585907,0.6292616541457872,0.628859651585907,Sudan
0.36072583695020244,0.6162957670162231,0.5816723124525051,0.5129626244664597,0.6063352337014567,0.6064026747527546,0.6063352337014567,Sudan
0.3836751505426217,0.6392342181537232,0.6144212579570599,0.5351962905020607,0.6282751508635754,0.6283303713270817,0.6282751508635754,Sudan
0.4013525368595813,0.6534635347078577,0.6364445377749768,0.5603202583738895,0.6443363959568,0.6443598431588045,0.6443363959568,Sudan
0.4091787134263687,0.6606980314064324,0.6465209749524055,0.5680487954439721,0.6509902242580583,0.6509743804729377,0.6509902242580583,Sudan
0.3957570969565124,0.6482126116809884,0.6350668143835189,0.5565851712164048,0.637727763359407,0.6376918240433005,0.637727763359407,Sudan
0.3706655909422257,0.6240267083230667,0.6104031594205368,0.5426622622511034,0.612686557377101,0.6126275392474322,0.612686557377101,Sudan
0.3456137428242066,0.5998757982186597,0.5857967419492331,0.5286143705946273,0.5874711681584618,0.5875898463396292,0.5874711681584618,Sudan
0.3362340509041959,0.5902454387394748,0.5802428727443485,0.5173313409854632,0.5815611266209794,0.5822483739308411,0.5815611266209794,Sudan
0.32259066164542904,0.5811221355417867,0.5635860206317821,0.5152166654313559,0.5700811875157522,0.5705667539901538,0.5700811875157522,Sudan
0.32600884659468804,0.5852919145335647,0.5666922964788828,0.5135490222214777,0.5739385919938507,0.5740124578385125,0.5739385919938507,Sudan
0.33213474494461087,0.5905086492059453,0.5735725226117219,0.5393703299032817,0.5787357688076338,0.5793933882502404,0.5787357688076338,Sudan
0.35827569585158486,0.6102935965370495,0.5904172312621901,0.5692475159541353,0.6033682596538089,0.604081296369748,0.6033682596538089,Sudan
0.36672447728140745,0.6203197141707184,0.5924841682000981,0.5545246848738163,0.611189698553458,0.6118600091566939,0.611189698553458,Sudan
0.4102018488381693,0.6662479750463945,0.6429934057552081,0.5740060720528305,0.6575503450005479,0.658252507196273,0.6575503450005479,Sudan
0.45174801463515213,0.7009255936744749,0.6841880393424015,0.6036387851078279,0.6922624898385015,0.692634136379644,0.6922624898385015,Sudan
0.44541107926960516,0.6912900748110061,0.680516265585411,0.6089968805741964,0.685206634616507,0.6860293670397413,0.685206634616507,Sudan
0.4450161059233042,0.6962103505986037,0.6837674159751795,0.6055733930592564,0.6867272450581001,0.6877535815811069,0.6867272450581001,Sudan
0.47615698066512996,0.7224837853179006,0.7147064178816406,0.6331263062018654,0.7169188989404133,0.7175719374816483,0.7169188989404133,Sudan
0.5017575033841978,0.7516058563825456,0.7404064786114,0.654448428398896,0.7421802564212482,0.743055750500559,0.7421802564212482,Sudan
0.5216590041217877,0.7675507732190134,0.7545432617415828,0.6783632991510044,0.7579030955297369,0.7588426099645277,0.7579030955297369,Sudan
0.5158837566267965,0.7549561383564227,0.7424712922128232,0.6661240409940032,0.748164211216666,0.7484863502804177,0.748164211216666,Sudan
0.4926241449095214,0.7380500153005985,0.7214690133753109,0.6532671671222453,0.7278104116817828,0.7279295811090053,0.7278104116817828,Sudan
0.4908110900323011,0.7367863736637024,0.7212515009657214,0.6406545707708299,0.7272204291543867,0.7279529330503439,0.7272204291543867,Sudan
0.5191931057741781,0.7608752469865555,0.7414932767751576,0.6678845805335407,0.7529316285801204,0.7544494595035424,0.7529316285801204,Sudan
0.5891445107413199,0.8347044493492446,0.8160576584376926,0.7736849352634139,0.8277538353131471,0.8282643620785776,0.8277538353131471,Sudan
0.5996352523873357,0.8452956622177017,0.8346827795539916,0.7991005553800269,0.8411909884512407,0.8414002584718776,0.8411909884512407,Sudan
0.5629915066480384,0.8101431888400547,0.7988705406682981,0.7361102469563218,0.8024547994459089,0.8023539357436881,0.8024547994459089,Sudan
0.5404022431247514,0.7853655223443983,0.7748087451672891,0.6895530300010841,0.777189060433829,0.7772438007398526,0.777189060433829,Sudan
0.5418294554490491,0.7890293971544645,0.7789267379583753,0.683710345274818,0.7807304606806172,0.780775993517562,0.7807304606806172,Sudan
0.5397079995117907,0.7909812727396318,0.7809409697865147,0.6822698268810722,0.7826729084475821,0.7830270014395065,0.7826729084475821,Sudan
0.5125422636391477,0.7626745172341153,0.7542821473284145,0.6602089015360881,0.7561173281039322,0.7564313257725133,0.7561173281039322,Sudan
0.48647651387383695,0.7374229954995698,0.7284755713352176,0.6389305215283285,0.7303513613319996,0.7310323677958438,0.7303513613319996,Sudan
0.474563029023715,0.7265311550763128,0.7170587529874265,0.6299907740770662,0.7192067626103941,0.7200680886649196,0.7192067626103941,Sudan
0.5004636418095796,0.7558840322360562,0.7166202867869118,0.6570295064803916,0.7461537434685118,0.746821522480332,0.7461537434685118,Sudan
0.4991944407566761,0.7554971352468621,0.7094272826822969,0.6559473950904138,0.7439083916574453,0.7450165528044326,0.7439083916574453,Sudan
0.4124708671264414,0.6633091076254772,0.6365928887187404,0.5965921117598189,0.6558832074206551,0.656557467092768,0.6558832074206551,Sudan
0.3580867173462665,0.6062412615564396,0.5896004003589507,0.5713067561620719,0.6008596508096014,0.6013714260909453,0.6008596508096014,Sudan
0.3766918192089933,0.6224590539985707,0.6097531671127242,0.6023492018249282,0.6181347754204497,0.6184460540049536,0.6181347754204497,Sudan
0.41766627513434146,0.6685128922854793,0.655859198230352,0.6452734074946354,0.661905844592748,0.6622253111076499,0.661905844592748,Sudan
0.45016208545561476,0.703938248007503,0.6910596465845099,0.6639225602150007,0.6945244638191448,0.6949655090868531,0.6945244638191448,Sudan
0.5008688215038876,0.7511323834110587,0.7433898345031219,0.6940934192903409,0.7458904596797681,0.7462812450848727,0.7458904596797681,Sudan
0.5285579710148177,0.778360265468106,0.77165380997154,0.7031441693208069,0.7736529112261543,0.7737965972146043,0.7736529112261543,Sudan
0.5489995352882399,0.8013175407216414,0.7917329487488756,0.7167975056959802,0.7931432148001848,0.7932567288484967,0.7931432148001848,Sudan
0.5156609203957858,0.7656299261042948,0.759680274203561,0.6931569890558945,0.7607665914213836,0.7614174615624656,0.7607665914213836,Sudan
0.5356774898190946,0.7921436852484192,0.7801591199100063,0.7157451034089295,0.7834808252429164,0.7841678798183,0.7834808252429164,Sudan
0.5503081813216596,0.8101377624687822,0.7928539484169835,0.729929664884678,0.8010812821048587,0.8012913264295897,0.8010812821048587,Sudan
0.5531457223430236,0.8110544618132528,0.7908201557024975,0.7396108906519504,0.8001294520200039,0.8000641755980222,0.8001294520200039,Sudan
0.5724487822525033,0.8265171702709061,0.8065926089199499,0.7385879943612983,0.8170094209700248,0.8169126514532137,0.8170094209700248,Sudan
0.538664159194742,0.7943201123972934,0.7747351578494579,0.6806862173530253,0.7832660816462682,0.7832634592262185,0.7832660816462682,Sudan
0.5337343612089822,0.7891954065575478,0.7748007819687649,0.683437880014701,0.7804518247860298,0.7804139839441611,0.7804518247860298,Sudan
0.5449032966528449,0.798523116837188,0.7872475370056452,0.6838955966737751,0.7911406921202285,0.7908905585404055,0.7911406921202285,Sudan
0.5585868090955111,0.8090658368989959,0.7985389651338807,0.6986626268000867,0.8014574127817916,0.8014307443885209,0.8014574127817916,Sudan
0.5841778223030958,0.8367110587398793,0.8274740118920864,0.7326891506858216,0.8299589184459212,0.830411522560948,0.8299589184459212,Sudan
0.6223019081404171,0.8706624502152395,0.8646032721038656,0.7941466848716427,0.8665071220237209,0.8673239467284787,0.8665071220237209,Sudan
0.6434198266116002,0.891427213327862,0.886550891584835,0.8257822179294152,0.8881086692144504,0.8891242100791614,0.8881086692144504,Sudan
0.6438390738166768,0.8957108956498306,0.8853637949843024,0.8166107365953821,0.8871622797482837,0.8879220242956624,0.8871622797482837,Sudan
0.6615653990636929,0.9105055949869328,0.8997255155721398,0.8240980397586929,0.9019535586362092,0.9024836309452744,0.9019535586362092,Sudan
0.6584064494069051,0.9041770297377628,0.8925719382201307,0.8206114925711031,0.8978735101115647,0.8983110907322316,0.8978735101115647,Sudan
0.5966874376636181,0.846703045349481,0.831560036911641,0.7580414805362915,0.8376413147663385,0.8377154388484186,0.8376413147663385,Sudan
0.540474241459469,0.791044090091692,0.7763489162931386,0.710818783867053,0.7805828425342981,0.7805978323411941,0.7805828425342981,Sudan
0.4847259348627501,0.73688465827013,0.7199759754058942,0.6901416133809222,0.7267990238926143,0.726668329070406,0.7267990238926143,Sudan
0.47702509290960077,0.7246752237523142,0.7066777747194668,0.6854942387907141,0.7139937700449162,0.7139063391881444,0.7139937700449162,Sudan
0.5107747569806474,0.7537490023331981,0.7400038284842629,0.6997769671295762,0.7454346471483437,0.7453172263498703,0.7454346471483437,Sudan
0.5524668048276218,0.7980744663637961,0.7844434410415256,0.7189230763204277,0.7880698522380589,0.7878979896648572,0.7880698522380589,Sudan
0.5946748816983634,0.840255181209106,0.83121067064702,0.745180357291512,0.8332912747931733,0.8332503043474764,0.8332912747931733,Sudan
0.6596304035387173,0.9006293207674474,0.8916337096332841,0.8043151079847632,0.8935741357856497,0.8937848052136491,0.8935741357856497,Sudan
0.680897827306393,0.9179506534888755,0.9113296491249042,0.8175784579454841,0.913554014385183,0.9142145708287385,0.913554014385183,Sudan
0.6620837809024489,0.9032941090709129,0.8929069214420907,0.8021329101365575,0.8950069779290697,0.8957691316289229,0.8950069779290697,Sudan
0.689112174103186,0.9349688575807198,0.9213105631412497,0.8394327776204129,0.9262228336902433,0.9266378724830421,0.9262228336902433,Sudan
0.713532876313805,0.9545475294106157,0.9105316697758505,0.85754573958186,0.9442130508400061,0.9446948067105017,0.9442130508400061,Sudan
0.739441333293459,0.9744347992626233,0.8915320324476335,0.878815790833867,0.9652893059637293,0.9653792987381155,0.9652893059637293,Sudan
0.7704998842950217,1.007403378294009,0.8975252218196289,0.9397919624356487,0.9967263896302105,0.9966086488458918,0.9967263896302105,Sudan
0.7611876707223747,0.9999451266399152,0.9082735708210243,0.9572733490210268,0.9887192008957202,0.9886840221608125,0.9887192008957202,Sudan
0.7203092581754823,0.9565333657320585,0.8993783669835624,0.9146133430118821,0.9449065349234463,0.9447340269870148,0.9449065349234463,Sudan
0.696160355083746,0.9370408772501245,0.9022267964132786,0.8483278537684747,0.926027363692467,0.9259993996053054,0.926027363692467,Sudan
0.7027608898449017,0.9422245303356012,0.9170718415387775,0.8343545220726001,0.930112358097491,0.9300098045503744,0.930112358097491,Sudan
0.7245402786777518,0.9649781075879489,0.9449025518304442,0.8621711827810257,0.9526179231318173,0.9526311051872856,0.9526179231318173,Sudan
0.7318411548299686,0.9688774152221453,0.9572857306887347,0.889043986165338,0.9618997802341421,0.962459091850795,0.9618997802341421,Sudan
0.7288794829653638,0.9722391895612829,0.9602075397622793,0.9034438481148864,0.9628067664574904,0.9633758261099797,0.9628067664574904,Sudan
0.727101084705128,0.9751050033849885,0.9650341657284738,0.911876317312862,0.9664640081957846,0.9669867983196476,0.9664640081957846,Sudan
0.7270937305009038,0.9709201058332892,0.9538248835562333,0.8912743111432726,0.9597899954218416,0.9601430507605234,0.9597899954218416,Sudan
0.7691256860054064,1.0140691593448732,0.9953179448462561,0.9346621713795052,1.002761005507528,1.0034248269406891,1.002761005507528,Sudan
0.7525325989977828,0.9938167799359267,0.9829489299442681,0.9295323861443704,0.9872841831827613,0.98754854446886,0.9872841831827613,Sudan
0.7583712535220711,1.0005620050135369,0.9902650310256558,0.9319433854917374,0.9925399580678386,0.9925891909317233,0.9925399580678386,Sudan
0.8141536343776037,1.0536367372522724,1.0148159509409895,0.9847829851713348,1.0486270340315924,1.0491868177158685,1.0486270340315924,Sudan
0.8378448033816741,1.0846476517068258,1.0370070886152971,1.0352170671013334,1.076098213733133,1.0761770459136473,1.076098213733133,Sudan
0.8543293597832161,1.0970033482385313,1.0726228969532954,1.0694697822648378,1.0925825034080083,1.0924140703400904,1.0925825034080083,Sudan
0.8887790738927834,0.8887790738927834,0.8887790738927834,0.8887790738927834,0.8660961881680701,0.8887790738927834,0.8887790738927834,Indus
0.8435000955692977,0.8407968453719383,0.8166760089430486,0.8340045569663775,0.8254471565997885,0.842736282920485,0.8402247104909855,Indus
0.767485325005193,0.7649333601005651,0.7370351952558759,0.7447454832518379,0.7540864182292718,0.7681350506237402,0.7637137690724367,Indus
0.7208094481473233,0.7018242175135959,0.64240616596245,0.687236090447892,0.6940656469298173,0.7064920603148093,0.7003377190832879,Indus
0.746587224272495,0.7268307530761844,0.6299365431317344,0.7165262313910493,0.7209755832146874,0.7302622782606145,0.725061742505981,Indus
0.7602619947503241,0.7344749018104613,0.6445156743650048,0.7260880165408129,0.7304748611414481,0.7380783091779997,0.7331369315617615,Indus
0.7534361327290227,0.7325615347188279,0.6648474634223309,0.7209241770494057,0.7291171921401658,0.7365822391138226,0.7308514903937378,Indus
0.7943772926681592,0.7701548022232027,0.7167917418998286,0.7421033886472584,0.7670700262263476,0.7743940461210334,0.7681998950718113,Indus
0.7924506948570095,0.7627503186263859,0.7166219120881006,0.7292409469547844,0.759921194647859,0.7656874951810432,0.7606572869580025,Indus
0.8380416546440812,0.8096698669809881,0.7674300644825238,0.7857951801239422,0.8070230264483211,0.8125922675926527,0.8075025793550393,Indus
0.9278382234570081,0.8869752621311988,0.8395560527534561,0.8681444541358827,0.8847023650076424,0.8899870168442503,0.8850147864080196,Indus
0.9691200665159795,0.9264347038677027,0.8697426133002146,0.9070696416178455,0.9246407876313595,0.9262778392795473,0.9248443254059119,Indus
0.9755419743080935,0.927235820960401,0.8689124938914927,0.9020751842665249,0.9252743998940761,0.9271807430321977,0.9254070016480526,Indus
0.9256547602946451,0.8746996252500941,0.8261336671709251,0.8502677346996407,0.8732538922162669,0.8733923844584999,0.8733402802353768,Indus
0.9388721573115755,0.870543024014687,0.8284821823908155,0.849525395888513,0.868704555575023,0.8693072692837068,0.868760836051125,Indus
1.0071875065100608,0.93345129942541,0.8632324835670555,0.8841869995098459,0.9319959190859872,0.9335466541810695,0.9320325849572837,Indus
0.9896712408029401,0.917563515847878,0.8200463510064612,0.8596943760379379,0.9161196809908383,0.9167462758210583,0.9161435682464383,Indus
0.944945679868226,0.8641855853423087,0.7817505306667486,0.8115707266688562,0.8626364177822919,0.8628260249137137,0.8626519799647773,Indus
0.9262764148087138,0.8463266159257142,0.7861960028247443,0.8013759807020799,0.8448124134973416,0.8452385359823951,0.8448225520217398,Indus
0.9655095792714492,0.8808285798242631,0.8284558273356531,0.8315103797281519,0.8796831748378995,0.8801549546630358,0.8796897799318232,Indus
1.015666952450872,0.9348777748376388,0.8890687791640057,0.8837580815062772,0.9335492791135079,0.93468291135322,0.9335535822314004,Indus
0.95727402891529,0.874415157134027,0.8388044533885033,0.8165716457934821,0.8726594596715057,0.8735929630066191,0.8726622630871438,Indus
0.8234191872481933,0.7309282481011294,0.7034670869522337,0.6715388751872227,0.7289894657301662,0.7298767532853419,0.7289912921126721,Indus
0.8078094378874745,0.698488009576853,0.6685599944999562,0.6543736998826146,0.6971591392146885,0.6986565120224156,0.697160329075019,Indus
0.8037326005671487,0.6902210210940257,0.6585863421647484,0.6514952447442602,0.6890656135732675,0.6912904259323426,0.6890663887491145,Indus
0.7542036798146226,0.6400869596317696,0.6062045427624322,0.6034619485455429,0.6385575742164874,0.6406156839360115,0.6385580792317219,Indus
0.7022529121431501,0.5843156723395351,0.5517922667394233,0.5388641444647778,0.5826935406381416,0.5863507875763472,0.58269386964786,Indus
0.6348954828507518,0.5212731678710311,0.49226018965717866,0.47908991583406557,0.5193374484835169,0.5227373712475398,0.5193376628283275,Indus
0.5925907619833463,0.47340051965747604,0.44709909339915804,0.4365494895923207,0.4714510750020779,0.4770786909558236,0.4714512146444509,Indus
0.6729745687092746,0.5453121346483437,0.5218867952049769,0.5188114059242437,0.5432854426128491,0.5476082661313119,0.543285533587724,Indus
0.775500129644654,0.6350107632113902,0.6131999233613593,0.6143169796463623,0.6336904042791599,0.6375604905677016,0.6336904635479027,Indus
0.8640509129311629,0.7207922025723785,0.6963815101371145,0.6924138552159921,0.7192578797290978,0.7223446598275469,0.7192579183417793,Indus
0.9433788622516921,0.8032519775665725,0.7684752042795538,0.7601246853266753,0.8015553271391642,0.8042531010161937,0.801555352294737,Indus
1.043945843154341,0.8939347637773631,0.8523363557043205,0.8314680774635744,0.8925930429562063,0.8941653200168594,0.8925930593446783,Indus
1.1535262494661769,1.0002124018696088,0.9594959640865894,0.9237530040579092,0.9992406635670683,0.9979223363724102,0.9992406742439077,Indus
1.1788517032157046,1.0254072910592464,0.975097413644841,0.9454828037464452,1.0242931447281551,1.0228587664582287,1.024293151683953,Indus
1.1690434121152067,1.0069509993464432,0.9524669140298929,0.9313225790106776,1.0061185534562813,1.0046388519483098,1.0061185579878773,Indus
1.0876106046136853,0.9165292812622995,0.8669771037404042,0.8484617257378525,0.9159598439910349,0.9147946100789138,0.9159598469433007,Indus
1.0387800546162054,0.8576904341334262,0.7830383010234335,0.803099405113133,0.8565314244107609,0.854873329744751,0.8565314263341168,Indus
0.9808061019438177,0.8026412423225177,0.7254079311231829,0.7439294426553466,0.8014792766718407,0.7998026114858015,0.8014792779248777,Indus
0.8705755637547489,0.6914450576963379,0.6140001982226658,0.6491596799154716,0.6898768647296013,0.6913292796735513,0.6898768655459359,Indus
0.8681163104255065,0.6786010820677857,0.6003919888089309,0.6235565949964113,0.6766977013510902,0.6787628517017235,0.6766977018829197,Indus
0.8567258617485659,0.657000217093777,0.5977710330193035,0.5940975551339898,0.655048009792892,0.6579454009124058,0.6550480101393708,Indus
0.8076399107424406,0.6091672788271906,0.5664646336834475,0.5519498825336261,0.6074667813094227,0.610618886318845,0.6074667815351482,Indus
0.84010170539355,0.6358808549980907,0.5982909008105339,0.5963050475709404,0.6343581095641837,0.6380324185618179,0.6343581097112405,Indus
0.8310122574688593,0.6316169010496847,0.5962810602673226,0.60404495479298,0.6298280504876965,0.6328378578948136,0.6298280505835018,Indus
0.7939264260141305,0.5919916376974602,0.5419896547539286,0.5665791268577913,0.5907995136702887,0.5934060033760575,0.5907995137327045,Indus
0.769895920104743,0.5552461461470111,0.494295362608746,0.5333852160533425,0.5540395170902154,0.5574957964359898,0.5540395171308783,Indus
0.7263934822711017,0.5017398456142111,0.4480286818610241,0.48029379018384494,0.5002887437880634,0.5027748171295959,0.5002887438145548,Indus
0.7405727292135778,0.5142274972016174,0.45369544492950076,0.49092428973133917,0.5130220082071496,0.5162893600698091,0.5130220082244082,Indus
0.8269606892992334,0.593891662321606,0.5211576527067439,0.5694788178052157,0.5925944694736582,0.5959190949286028,0.5925944694849019,Indus
0.9599415864686698,0.7243554001399295,0.6552846836991276,0.6930642899265104,0.7226803572633235,0.7276887775830839,0.7226803572706486,Indus
1.0071574918527226,0.7721826879706571,0.7040292844657194,0.7289866378788359,0.7707007948582684,0.7736026744699595,0.7707007948630406,Indus
0.978979063469342,0.7397584502631213,0.6760462932517036,0.6996940642206496,0.7381578910296175,0.7397508215188787,0.7381578910327266,Indus
1.008473559843757,0.7629148724306243,0.7113653916439554,0.7115848256266691,0.7611080089641545,0.76255880915302,0.7611080089661801,Indus
1.0871980289282883,0.8382271234189883,0.7971845419659133,0.778757479362815,0.8362937683363726,0.8371435485613193,0.8362937683376922,Indus
1.0397421021341997,0.7859255953208371,0.7562596238339836,0.7207107971736277,0.7842671884444643,0.7838841557516111,0.7842671884453241,Indus
1.0230389386743277,0.7798557382538152,0.7542355859531491,0.7127283821314234,0.7779916892715777,0.7775535475911676,0.7779916892721377,Indus
1.11370748906853,0.8655588525059649,0.8370962513374571,0.7851433640742572,0.8634557464726759,0.8622415301399047,0.8634557464730407,Indus
1.0758336324620261,0.8252809182606452,0.800263408476819,0.7408680909297954,0.8237342407143746,0.8221880042777246,0.8237342407146123,Indus
1.0112378861992972,0.7604672627914425,0.7306745240193601,0.6784040816669942,0.759221051691252,0.7573465701754635,0.7592210516914069,Indus
1.0418079229652133,0.7874980935517047,0.7525659235353334,0.711971717820099,0.7858786239355914,0.7865091059676284,0.7858786239356923,Indus
1.0128273398445662,0.7598324146311661,0.7222468045248569,0.6853446912427505,0.7579706180960751,0.7592587069376496,0.757970618096141,Indus
0.9250307051137026,0.6692697994206832,0.6248180951487904,0.5920835590671759,0.6673165738724331,0.6675505537006069,0.6673165738724761,Indus
0.8247339771510159,0.5639061384816015,0.517326408693916,0.48126208345706584,0.5618302239181163,0.5642090046931814,0.5618302239181443,Indus
0.7344239467868436,0.47869315490049824,0.4395930723423687,0.40697085674979716,0.4764676643131277,0.4798297552887496,0.4764676643131459,Indus
0.7047521183609908,0.4447886993288699,0.41240492038142196,0.38089869528662373,0.4427479941874641,0.4477035615464915,0.4427479941874759,Indus
0.7271499810977881,0.4656942662943466,0.43224346577248685,0.4071495193671833,0.46411919655709544,0.4687059033802967,0.46411919655710315,Indus
0.8264079220371734,0.5636212121662604,0.5307925976722336,0.5082749529404511,0.5621751565267901,0.5671542993516784,0.5621751565267952,Indus
0.7981526634553757,0.5395480403893569,0.5129955247458221,0.5007993286866618,0.5383947550776906,0.5410669011380226,0.538394755077694,Indus
0.6646206709370401,0.4087969560654546,0.3893304119902586,0.3832328216898882,0.4079736948795868,0.41048704171905004,0.40797369487958896,Indus
0.6866512660488353,0.43325527056884383,0.41422504863253906,0.41027107503757093,0.4324524306764413,0.4355929590694125,0.4324524306764427,Indus
0.7850836719460415,0.5274918659086215,0.5002441063216063,0.49452173516498216,0.5265866114111108,0.5288028316993163,0.5265866114111118,Indus
0.8695963168587962,0.6109176595416244,0.5787302190592469,0.5726445266916569,0.6097545573761529,0.6127309249777015,0.6097545573761536,Indus
0.9245388718886811,0.6623614513277645,0.5960734033406161,0.612276385730371,0.6608704229374749,0.662062702099111,0.6608704229374753,Indus
0.9554148703218789,0.6966908504663089,0.5987389307741895,0.6434345124439377,0.694971555917343,0.695482200462427,0.6949715559173433,Indus
0.9440046153104384,0.681802234940401,0.5900971973464981,0.6182832344497745,0.6802608281047821,0.6799095500313603,0.6802608281047822,Indus
0.8989412407077155,0.6331630934163394,0.5598509694259297,0.5782396037714371,0.6317266830974965,0.6311084665088262,0.6317266830974965,Indus
0.8516970229077816,0.5893757438067663,0.5305978885293079,0.547213476058072,0.5876343238276822,0.5885823418707767,0.5876343238276822,Indus
0.8656280527292575,0.6026862039800547,0.5562788368529428,0.5653840490121385,0.6006860206994358,0.6019067242990636,0.6006860206994358,Indus
0.9491982805508434,0.6847897196274231,0.6413585330247594,0.6358573248514139,0.682865608833188,0.6832984240405736,0.682865608833188,Indus
0.955095702777191,0.6880603151019326,0.631885575522077,0.6296980385502556,0.6863446150658953,0.684612218549728,0.6863446150658953,Indus
0.8893970683851036,0.6193278555525469,0.5530562820313877,0.5425883631029291,0.6175190435792145,0.6149781261538672,0.6175190435792145,Indus
0.8495277824745735,0.5811082700168754,0.512599259725505,0.526856732523805,0.5790577432578191,0.5770766052409694,0.5790577432578191,Indus
0.8586317096668726,0.5938467455827607,0.5275755644091503,0.5440973306654653,0.59206634651745,0.5882577859893033,0.59206634651745,Indus
0.7922969776538882,0.528590251237366,0.47403840944840775,0.4783334169037219,0.526710599312635,0.5230332509249648,0.526710599312635,Indus
0.7047872211637743,0.4424145013026211,0.3910139230841036,0.3985945858040769,0.44075609403082755,0.43779615298679264,0.44075609403082755,Indus
0.6020050773942939,0.33932782283045754,0.29024356920447736,0.3061093732759518,0.3374384175858079,0.33646317183151087,0.3374384175858079,Indus
0.5379498633482316,0.27601154245071924,0.23442233788122896,0.23208708674043615,0.2740216786154928,0.2743348138326602,0.2740216786154928,Indus
0.5474494594796008,0.2835869581256184,0.24637452816891173,0.22257549377864028,0.28153169129747235,0.2823750829292389,0.28153169129747235,Indus
0.6263611084369786,0.36321239663159605,0.3301278597132652,0.30098694524991554,0.36121399150317285,0.36370008409421073,0.36121399150317285,Indus
0.6557838592079431,0.39212653560923827,0.362436017204618,0.3428359356804509,0.39055498148481155,0.39364681077785313,0.39055498148481155,Indus
0.6053633220275417,0.34341704380911797,0.3163408740610407,0.30759580197488895,0.34162867553364457,0.3440136777309534,0.34162867553364457,Indus
0.6432422291736851,0.37882086867036574,0.3376789578644154,0.3433407343922375,0.3772522615081459,0.3799322905136994,0.3772522615081459,Indus
0.6276400429865102,0.36371029902307406,0.31795516049552863,0.33308750617072225,0.36187706761694227,0.3643755004425397,0.36187706761694227,Indus
0.5695083397630252,0.3048264348566142,0.26058333251243193,0.28184026006903007,0.3035725395763734,0.3052560989603253,0.3035725395763734,Indus
0.5939609298125844,0.331599292232961,0.2877908679376411,0.3132856549679513,0.3306603971178649,0.3332715567134945,0.3306603971178649,Indus
0.6672091430454075,0.40111662035156626,0.35056404832754867,0.380976940684721,0.39969828232787663,0.402155026685144,0.39969828232787663,Indus
0.7557573670988181,0.4927055861868953,0.44191968605381726,0.46621483325802343,0.4915191174464396,0.4954397054317915,0.4915191174464396,Indus
0.8802447082845581,0.6208176273080193,0.5793932640788088,0.5910093932714913,0.6196056527475633,0.6219383757365221,0.6196056527475633,Indus
0.9862844847614596,0.7231230111553997,0.6822599727594365,0.6687334213257303,0.7219596559468728,0.7233408878506835,0.7219596559468728,Indus
0.97727714382763,0.7136837743971954,0.6729848649538377,0.6411927283283243,0.7125773311494347,0.7133780068785758,0.7125773311494347,Indus
0.8817673369147089,0.6196189003630801,0.5868826542451167,0.543548589334572,0.6180950395677015,0.6176348237694026,0.6180950395677015,Indus
0.7979978478761217,0.5350422907351584,0.5075684146746688,0.4610439073510315,0.5332786491405003,0.5319116691935261,0.5332786491405003,Indus
0.7070200453020186,0.44709270678282187,0.4188693971711728,0.3815982368128935,0.4452156204936345,0.44351699991174887,0.4452156204936345,Indus
0.7147181862129468,0.45093285336979255,0.4207472030376486,0.3916931691064253,0.44935355342194927,0.4482476722914678,0.44935355342194927,Indus
0.7631115237591055,0.5010075984492505,0.46242288317329583,0.42634656161199896,0.4994842053353736,0.49707801430447657,0.4994842053353736,Indus
0.7568234654692614,0.4917697124455337,0.44020300657790135,0.4075205351948652,0.49006522273352354,0.4883586027529453,0.49006522273352354,Indus
0.7224705717035407,0.4531200175407915,0.4017465093488058,0.3746868848660814,0.45189394139558847,0.45000837190815757,0.45189394139558847,Indus
0.7254567096333955,0.45642463246876497,0.3970675732194612,0.38402969114011043,0.4548580274496926,0.4523226606161367,0.4548580274496926,Indus
0.6777620342112813,0.40934836921654133,0.3456410798871149,0.3377399296719515,0.4075463596932942,0.40638161705692055,0.4075463596932942,Indus
0.7137369509413698,0.4456309582608245,0.38681264614551164,0.366507861253268,0.4439441732298001,0.4437020451298969,0.4439441732298001,Indus
0.8518508521232465,0.5828835363983894,0.5327947390644149,0.4890643866986406,0.5813347007698396,0.5821482617087201,0.5813347007698396,Indus
0.9245456153583371,0.657166889009289,0.6169158554990616,0.5578533547189515,0.6558792644354057,0.6559757466861158,0.6558792644354057,Indus
0.88870240653252,0.6195616175551341,0.5819072318847872,0.5229823973806015,0.6181571390742793,0.6174341148411018,0.6181571390742793,Indus
0.809349002995131,0.5410881684641611,0.5072826432619967,0.45381113948025753,0.5397657096054718,0.5382529971815134,0.5397657096054718,Indus
0.7535767917210987,0.48371982550616105,0.44574035520926547,0.40419765871102165,0.48218956015201037,0.48082918362708754,0.48218956015201037,Indus
0.7412538340056619,0.46981742004223487,0.42242936305222073,0.4134593635517452,0.4686913642421734,0.4669812093860874,0.4686913642421734,Indus
0.6747256588087499,0.40408756215706726,0.35195018960944524,0.3628205700277424,0.4032248427129432,0.4012868126119934,0.4032248427129432,Indus
0.5714471067791358,0.3035113955442468,0.2473836769668768,0.2761214895164449,0.3029403098329704,0.30167759946387573,0.3029403098329704,Indus
0.5630610071093582,0.2942601649126276,0.22825777146488402,0.268485728303017,0.2935926968135937,0.2935721547669873,0.2935926968135937,Indus
0.5866665064255218,0.31699459053870827,0.2519181834067651,0.27841959354653295,0.3163031975913577,0.3140886203093223,0.3163031975913577,Indus
0.5386062016833284,0.27049031063045953,0.2206103406123965,0.2262354615743602,0.2695967419045739,0.2663336832978771,0.2695967419045739,Indus
0.4335896202583177,0.1641736917785104,0.12820595147988106,0.1289411246011142,0.16283611192151234,0.161352785213827,0.16283611192151234,Indus
0.4403858398980233,0.17120474216207532,0.11316478349383598,0.14550515565427558,0.16957143568048216,0.16963677504339345,0.16957143568048216,Indus
0.5757134194614856,0.3036709805430664,0.2365560591146158,0.26509028096115883,0.30181482565383044,0.30284348652189674,0.30181482565383044,Indus
0.7065491339483413,0.43397615659799726,0.38232818192309825,0.372750909553795,0.43251344944961145,0.4327844479820719,0.43251344944961145,Indus
0.7088239847562212,0.4347140557018918,0.39098905871507633,0.36394504085650226,0.4335582908986907,0.432859135655071,0.4335582908986907,Indus
0.724970125680833,0.4506917885109416,0.41361841383830944,0.3802220159109314,0.44933923569634,0.44822674771073573,0.44933923569634,Indus
0.6834415851719526,0.41387867440337167,0.3758265641343701,0.35118300230981025,0.4125237326193769,0.41134792384625274,0.4125237326193769,Indus
0.7009819364361711,0.4304156699265613,0.39167954738786503,0.3803707137322357,0.4292454864493746,0.4283315160925882,0.4292454864493746,Indus
0.733199130786646,0.460961006670543,0.41893256953154523,0.39784703517932474,0.45989449801323323,0.4573709842688413,0.45989449801323323,Indus
0.6790622644600753,0.4126574922244112,0.36392068735174343,0.34132973660927646,0.4114665843111427,0.40843376987804236,0.4114665843111427,Indus
0.6450955482658575,0.3792397082014577,0.3277765199525221,0.3062945657371939,0.3782188970887111,0.37432726410481865,0.3782188970887111,Indus
0.7080774236029913,0.4421911871025596,0.3937802930794399,0.3713221583320675,0.4408753189028937,0.43770289820376806,0.4408753189028937,Indus
0.6986640870010056,0.4331243243794032,0.385011496626991,0.3601679149010585,0.4317246622884312,0.42847800514854983,0.4317246622884312,Indus
0.7213455017315861,0.45820455311352504,0.4093757270634064,0.3761632894271114,0.4565250010727888,0.4537119728516074,0.4565250010727888,Indus
0.7067488391388829,0.4413515536032048,0.4000712637879311,0.3467214334743561,0.4398430029870759,0.43749501232628446,0.4398430029870759,Indus
0.6540292174998368,0.38906491489977296,0.3525479516064525,0.30166018231711894,0.38724733357005425,0.38510749115133475,0.38724733357005425,Indus
0.6747827122579769,0.4088449374641099,0.37154257051874473,0.3200928858877897,0.40711792250601364,0.40437569229521253,0.40711792250601364,Indus
0.6406111798408209,0.3752792104093685,0.33907641155698237,0.2914342444508029,0.37396008343726744,0.37085892010941673,0.37396008343726744,Indus
0.5598917557002681,0.2968291876184721,0.26537160574352614,0.21459902541950773,0.2952889334630465,0.29264876449747296,0.2952889334630465,Indus
0.5082932484547752,0.24352934083566957,0.2032652655549147,0.1557368706486369,0.24198938036993095,0.2394668440097135,0.24198938036993095,Indus
0.5838044765114101,0.3203334271634726,0.27389000906674077,0.22300670876704112,0.31926693005374696,0.31690154882535165,0.31926693005374696,Indus
0.6726683343283574,0.4106055304414853,0.3584326081439323,0.3125205825720174,0.4098655380540816,0.4074189304200099,0.4098655380540816,Indus
0.7145461929560311,0.45150879169752967,0.4000068219344958,0.3614984811507147,0.45097247499480464,0.44905682251601997,0.45097247499480464,Indus
0.6617837529615759,0.4007789120470816,0.36185124937774693,0.32079947075131643,0.4003405474844055,0.39795710108968774,0.4003405474844055,Indus
0.533888752707302,0.275011461271805,0.24006942024986078,0.2002802346711739,0.27388217466213655,0.2716633911866353,0.27388217466213655,Indus
0.4083252521898651,0.14696287022979534,0.11672802141159153,0.07213836784958186,0.1454263117280217,0.1446336067712291,0.1454263117280217,Indus
0.4166204635594382,0.15644786566266405,0.12790088746118605,0.08650337705157488,0.1545890819303415,0.15598530760717297,0.1545890819303415,Indus
0.5667756769739083,0.30186838656368964,0.2704045918224715,0.22097018611314317,0.29995221781282827,0.30018424130750704,0.29995221781282827,Indus
0.6114533801946049,0.34501240043384257,0.3095870725711578,0.2595089223589643,0.34302173484841975,0.34276645119293236,0.34302173484841975,Indus
0.5688715169541925,0.30090072046997257,0.26735146273150023,0.22121978856611896,0.29918079098687095,0.2983312709565072,0.29918079098687095,Indus
0.5156999051379482,0.24961423839513172,0.21117255508735758,0.17498903577722272,0.248004528245918,0.2470563085010829,0.248004528245918,Indus
0.5522082319702785,0.2833727590611835,0.23328000815573702,0.2087396695225981,0.28152938256576504,0.28071505428850796,0.28152938256576504,Indus
0.6594637176106362,0.3880925203344189,0.3405319324567622,0.29856079390493745,0.3860810296925281,0.3842749707378409,0.3860810296925281,Indus
0.7440165891616711,0.47298360398347417,0.4310466956587384,0.379576112080648,0.4715311757207848,0.4695985504675882,0.4715311757207848,Indus
0.7797344731295978,0.5091063764119057,0.46719018332993284,0.42370570878856983,0.507833620317516,0.5055129142298233,0.507833620317516,Indus
0.7666324520914147,0.49549150555538035,0.45308121280978575,0.4153071617597751,0.494335803136701,0.49176226830774894,0.494335803136701,Indus
0.743581883801015,0.47258871583369716,0.42107492513155437,0.3955184381119042,0.47137063412014885,0.46894728042749584,0.47137063412014885,Indus
0.7798124915908038,0.5057909724522331,0.4546379151760441,0.42918780585473715,0.5047697689292945,0.5022593510802139,0.5047697689292945,Indus
0.7140252555282691,0.44002878081634217,0.3955276236243751,0.3547977828324779,0.43910766155064157,0.4367550098403129,0.43910766155064157,Indus
0.5855523282745928,0.31420550358953847,0.2618821183861377,0.22693363472122058,0.3131675793176438,0.31145890460617787,0.3131675793176438,Indus
0.5522015526896993,0.2792086228844209,0.22872037609598306,0.20694885978609712,0.2780739973011425,0.2792019854510192,0.2780739973011425,Indus
0.5898802131514502,0.31753313284997564,0.27797720982908836,0.24429411916280347,0.31616718517839315,0.3160786314508487,0.31616718517839315,Indus
0.5878744600369433,0.3171641250686357,0.28051158251897923,0.24628207598492152,0.3157641054226823,0.3147982141204648,0.3157641054226823,Indus
0.5294314134190503,0.2580393826383082,0.22025698072374417,0.18453307586751339,0.25668597336242244,0.2549786417035377,0.25668597336242244,Indus
0.44042622550933386,0.16926224952860458,0.13734240431542027,0.09835474040502076,0.16776609445434215,0.16582888812044372,0.16776609445434215,Indus
0.44487536477415457,0.17735010251633726,0.14875605683788315,0.09800616872370015,0.17552086424319013,0.17413033425537572,0.17552086424319013,Indus
0.4932235344052907,0.2278368736852979,0.18415080285527619,0.1457619687102207,0.22581910472879152,0.22431150885438778,0.22581910472879152,Indus
0.4859517065998392,0.2171747453807623,0.16225938780155988,0.13965760374115901,0.21507489882145153,0.21337630955558531,0.21507489882145153,Indus
0.4640148154508034,0.19322479606298648,0.1353087024767638,0.11883592747288246,0.19113736144205906,0.18934701856791697,0.19113736144205906,Indus
0.4672184563201055,0.19792008450344556,0.10539004004689073,0.1231699836250165,0.19587293917600293,0.19390445745287116,0.19587293917600293,Indus
0.5087257801880207,0.241338795080443,0.09975433454278707,0.1582307446654854,0.23922565690457454,0.23722492853372368,0.23922565690457454,Indus
0.442344539600753,0.17699771303539902,0.047652643133668925,0.0798432875054754,0.1750920907560829,0.17525806227924537,0.1750920907560829,Indus
0.32622764239083696,0.05810898651687943,-0.027970727428857485,-0.03299187027796817,0.05614828639853632,0.057517799749999,0.05614828639853632,Indus
0.25773147047110734,-0.007924788499044717,-0.0677018275827497,-0.07523553180446055,-0.009679377424774635,-0.007340709043228595,-0.009679377424774635,Indus
0.2074167348497508,-0.05600082983421004,-0.0977697171709212,-0.11361980618979953,-0.057556778109601185,-0.055056988065031134,-0.057556778109601185,Indus
0.31009864536230103,0.04178644449845166,0.009135813367578877,-0.023992590228342686,0.04071490485658185,0.043275438472844485,0.04071490485658185,Indus
0.36162345587214817,0.09349400683622715,0.059802237136304615,0.032161176550869155,0.09199473353870587,0.0934950740433523,0.09199473353870587,Indus
0.2978556752910101,0.02757095904001964,-0.008965023406805613,-0.048188445680157885,0.025883249099712867,0.02586446662285699,0.025883249099712867,Indus
0.2883820502038922,0.019864082507074166,-0.023147133173585764,-0.04129886960118723,0.0181222440278202,0.01978336354527642,0.0181222440278202,Indus
0.3330922457610011,0.0645767847115391,0.015725943365399536,0.00667233178384577,0.06276400716528917,0.06355314295702577,0.06276400716528917,Indus
0.3950372270064267,0.12587654864487863,0.08068698039592931,0.0664759654317685,0.12387848283662878,0.12499809495602318,0.12387848283662878,Indus
0.48802385160559836,0.21809753019631628,0.16493859975682068,0.15651012113993318,0.21629333308046406,0.21807833474964863,0.21629333308046406,Indus
0.4388141235196299,0.17101494102927906,0.11227622848673117,0.10330276001450386,0.169327605405927,0.17204909371609253,0.169327605405927,Indus
0.29281987298358264,0.025196142961266776,-0.02489926099071862,-0.057665132168191593,0.023278538369273277,0.028469489572610307,0.023278538369273277,Indus
0.20885937298873367,-0.05852994143590963,-0.100589870867573,-0.14254558360160935,-0.06055015450545481,-0.05583517417969557,-0.06055015450545481,Indus
0.1999906863457591,-0.06540771777397827,-0.10048139947618595,-0.14048770330706964,-0.06716119578019158,-0.06333198547188224,-0.06716119578019158,Indus
0.24483125892284396,-0.019955824258858945,-0.054642370735216876,-0.0773948626851401,-0.021872516599268158,-0.01767113352915456,-0.021872516599268158,Indus
0.21854614338357786,-0.045656192144398464,-0.07704900039806682,-0.10416244623242721,-0.04767363988284848,-0.044606106704966,-0.04767363988284848,Indus
0.14324797105546663,-0.11911667431632394,-0.14254534004140204,-0.19104684513028186,-0.12100262126246361,-0.11733782244627966,-0.12100262126246361,Indus
0.08764659096964632,-0.17360100630392994,-0.19517880109693259,-0.25822671011829956,-0.1754561945408722,-0.17093042199148925,-0.1754561945408722,Indus
0.0899340419147244,-0.1703758385621951,-0.20854477354991796,-0.2417796012514372,-0.17206956734291987,-0.16705334777641173,-0.17206956734291987,Indus
0.14291321325644968,-0.12399909258429383,-0.1755683385279898,-0.18841200034919064,-0.12586298509576171,-0.12230800351676546,-0.12586298509576171,Indus
0.22849674352354737,-0.032654364617705184,-0.08597696428898569,-0.0955883830369387,-0.03449498736472664,-0.029815095748225134,-0.03449498736472664,Indus
0.29590387122569084,0.03614769452278037,-0.037550872547005815,-0.026468246428565823,0.03414232096347803,0.03982463199065116,0.03414232096347803,Indus
0.22956768514151144,-0.03050865253261049,-0.10574540803746459,-0.08751861918327067,-0.032512343740973434,-0.027846694157002572,-0.032512343740973434,Indus
0.20039277025983587,-0.06127459524194499,-0.12646588540384385,-0.11298901240798793,-0.06338445670360447,-0.05781392468058054,-0.06338445670360447,Indus
0.23392254468777512,-0.02404031820412708,-0.08133922142266026,-0.07255458268234752,-0.026177781907561065,-0.019373577289173237,-0.026177781907561065,Indus
0.27773506882570187,0.013525783454496038,-0.03076863955871778,-0.031177540845199317,0.01205326635089543,0.0162077626600787,0.01205326635089543,Indus
0.28483328725038487,0.024066331128437812,-0.010696034692383519,-0.025632249429115794,0.022692117817129077,0.02402819306272136,0.022692117817129077,Indus
0.33004294699704884,0.06548390599578204,0.03647095985586488,0.005008876065662138,0.06422342588113127,0.0657462718577477,0.06422342588113127,Indus
0.4201134904085038,0.15265654729125705,0.12022176134592105,0.08097396615086448,0.1513151982822124,0.152442231232676,0.1513151982822124,Indus
0.42326133004319766,0.15244509507130735,0.10722171684308407,0.072561646349455,0.15142110160429592,0.15098739839083747,0.15142110160429592,Indus
0.3901160383117023,0.11962459028846534,0.06137622039687746,0.03532976393429758,0.11893939985324642,0.11785800637403512,0.11893939985324642,Indus
0.40620489476751953,0.13709884864560642,0.07567227589200246,0.05449410690136006,0.13577017954013776,0.13416208032093865,0.13577017954013776,Indus
0.3436010196261515,0.07765717462273738,0.023786080731748392,0.00317684566833263,0.07657248454659529,0.07561267366315003,0.07657248454659529,Indus
0.31452541260609906,0.04625413889723377,-0.03912655450554865,-0.02621860800134418,0.044932391930529045,0.045782445269461,0.044932391930529045,Indus
0.3489612170915534,0.08088903339590718,-0.02713759923614051,0.008739548239235104,0.07923589836191412,0.08173778080928239,0.07923589836191412,Indus
0.31986512846397336,0.05300840050834656,-0.03976934637272928,-0.03523483290869011,0.05131320711418401,0.05498983608819932,0.05131320711418401,Indus
0.28603003661487425,0.020096222022384938,-0.053466700826390955,-0.07087551190278071,0.01861131252415843,0.022824771432674702,0.01861131252415843,Indus
0.3692098915248715,0.10445614753338411,0.04873017903505275,0.027127313587157177,0.1029320330714515,0.10628230078128001,0.1029320330714515,Indus
0.9672052488197234,0.9672052488197234,0.9672052488197234,0.9672052488197234,0.9784528214371776,0.9672052488197234,0.9672052488197234,Ganges
1.032572288953756,1.0399596852317747,0.973280603614614,1.0133066760420033,1.0401520655813852,1.0306142434386785,1.0308497370766325,Ganges
0.9627693960713561,0.9731738734729127,0.8839461100184134,0.9392112480732732,0.9681769902775786,0.9586749011627242,0.9604834799928752,Ganges
0.9208889780571268,0.9247864640835871,0.7835961302679963,0.8917095178183777,0.915887304853875,0.9069576270091719,0.9095243710496564,Ganges
0.9302187260831916,0.9378395710002192,0.7382796826679832,0.9017794126486629,0.9217757020856497,0.9138353228347282,0.9165132243480992,Ganges
0.8924569518181666,0.8977102090511759,0.7018535791912188,0.86138112280735,0.8785839236184989,0.8716246318026742,0.874231580377107,Ganges
0.9241284096382589,0.936405989003676,0.757179065951185,0.8900069428703232,0.9100708647763962,0.9038752192298223,0.906471250177417,Ganges
0.9820401167882477,0.9972734837448437,0.8335630506142601,0.9304046146429111,0.9643848632799792,0.9586396515210533,0.9614077944821974,Ganges
0.980503190367099,1.000714580231035,0.8431714224502371,0.926029728456234,0.9581498925059955,0.9509088194706398,0.9556877015177605,Ganges
1.0144599265971852,1.0271625294841433,0.8860447689560802,0.96355953031136,0.9908049291240842,0.9829664212591454,0.9887685689072621,Ganges
1.0280909307228583,1.0311180867394438,0.9014240733361916,0.9685770486117975,0.9964691523491954,0.9905727693083735,0.9947849763642816,Ganges
1.0047916285360137,1.0000522902440154,0.8760028460092252,0.9318360411937266,0.970026011076841,0.9656789179965534,0.9686331097989982,Ganges
0.9345556128781881,0.9346269141769572,0.8065392021724024,0.8469256245671584,0.8946060488991305,0.8889739041888756,0.8934540469781935,Ganges
0.9754065538046179,0.9773712494815618,0.8521110611461419,0.8878122170644606,0.9320308719308777,0.926453539492159,0.9310781063279217,Ganges
0.9923801714505894,0.9845285762438976,0.8282090305033839,0.8972043014440239,0.9375581522063354,0.9314874498993658,0.936770165417704,Ganges
0.9369769108799715,0.9205489751837156,0.7510878180960676,0.8181013128205052,0.8761332780796433,0.8716506322883147,0.8754815719547252,Ganges
0.970604121487407,0.9550938262064366,0.7900937303317934,0.8512651822435818,0.9073641283917445,0.9010043243133541,0.9068251334753534,Ganges
1.0376437042001456,1.0095506183006921,0.8551412774120257,0.9123137301912811,0.9672541406688152,0.9622942583740881,0.9668083637936448,Ganges
1.0284174867075602,0.9942905713743354,0.8536700660174726,0.8868930738472764,0.9555599597183351,0.9521887733762359,0.9551912790195128,Ganges
1.025417266306631,0.983004715132754,0.8566228158136413,0.87204183360811,0.9479347771517691,0.9453411812016634,0.9476298590071658,Ganges
1.0372300221192667,0.9960444018356591,0.873546194905632,0.8882929953114976,0.9593675520670496,0.9571626197126382,0.9591153688765399,Ganges
0.9859783125811916,0.9403561253383518,0.8287689758797692,0.8351779638599549,0.9052177507158075,0.9034340524304701,0.9050091820795972,Ganges
0.9296750221008779,0.8752456327369561,0.7745321025621982,0.7684408863018827,0.8422112076350877,0.8404636709983292,0.8420387105074137,Ganges
0.9548977393215112,0.888452610469289,0.7960013993924836,0.7886840472973073,0.856722330113209,0.854862208695693,0.8565796660022648,Ganges
0.9376858389797419,0.873557835298755,0.7701693516070715,0.7644212196134762,0.8340964866456511,0.8330010150900313,0.8339784959937142,Ganges
0.9413356272048208,0.8818360399778233,0.7385397640415378,0.7645020414645372,0.8341299378011321,0.8336106664348133,0.8340323533851753,Ganges
0.9709829853799514,0.9002199627037376,0.7044737391194309,0.7811926424656457,0.8590638449469873,0.8588860573727956,0.858983137551263,Ganges
0.8840072924294418,0.8180996447761842,0.5955423907108188,0.7046878289034737,0.7716349861990043,0.7717130836892947,0.7715682369782324,Ganges
0.8434240148006212,0.7725873436182326,0.5555768521318022,0.668892419117776,0.7263705371548773,0.7256865595578245,0.7263153320719519,Ganges
0.8990355194800774,0.8272612901330207,0.6156560183078272,0.726659587957782,0.7755266413893096,0.7735968173214558,0.7754809839097829,Ganges
0.9336306280580625,0.8456171669955129,0.6592648246041383,0.7594149221620441,0.8013376937464375,0.7987450695110324,0.8012999326323108,Ganges
0.9275729766147681,0.8327012181284685,0.6691032323049215,0.7504088887795097,0.7905989980126613,0.7874457693792182,0.790567767604087,Ganges
0.9469581329065442,0.8591539721159029,0.6994099218178962,0.7591773675824505,0.8086965146296361,0.8044241877880574,0.8086706854547753,Ganges
0.963036886578587,0.8710383663657348,0.7163183302410162,0.7570481208611648,0.8176813916402023,0.8131818072346484,0.8176600295670035,Ganges
0.9978420685548788,0.9061004452054165,0.7554635549342732,0.7840446046410802,0.8483421199341379,0.8450855880290551,0.8483244523867304,Ganges
0.9516938707867044,0.8628985879172465,0.716626856655311,0.7343830182875704,0.7996275190010197,0.7976620697693498,0.7996129070189105,Ganges
0.874627182778522,0.7749486989811954,0.6375946688224324,0.65350948014644,0.7161319021840625,0.7152463095069118,0.7161198173136368,Ganges
0.7919167949695974,0.6808148626364495,0.5546295800063398,0.5663483018473564,0.6263819034536403,0.6254141640432774,0.6263719086362285,Ganges
0.800316464143287,0.6770996828019273,0.4928801810553994,0.5731587431240708,0.6263756198461397,0.6245777354797896,0.6263673536114531,Ganges
0.7555315220728668,0.6281273487849897,0.42706044667911724,0.5225114124379231,0.5798061725430889,0.5789109312945359,0.5797993359363679,Ganges
0.70853788979944,0.5848265885008221,0.3650170896905779,0.47738692587528925,0.5296141096001121,0.5286117747828153,0.5296084553701961,Ganges
0.8159740352862689,0.6897493123406447,0.46111052546764586,0.5709372902895296,0.6292373306673829,0.6274541387291385,0.6292326543246812,Ganges
0.8716058232231523,0.7348542134071866,0.5285945704777271,0.6018819874501414,0.6766848712124371,0.6716050074523046,0.6766810036334056,Ganges
0.8792571205980536,0.7333776220951412,0.5566945587201494,0.5948026962550415,0.6818737493230443,0.6777069973758447,0.681870550633701,Ganges
0.8614929413174436,0.7059175728460282,0.5541120409454425,0.5762505614194647,0.6586279172751723,0.6531306068921957,0.6586252717924475,Ganges
0.7992771455857476,0.6479885568375553,0.5082240046810498,0.5253092747225914,0.5961848888272459,0.5908183754271805,0.5961827008752141,Ganges
0.7818937318070824,0.6192848335500317,0.49379265578605064,0.5165509937398656,0.5760297139387265,0.5699597117344766,0.5760279043884133,Ganges
0.7739765614725223,0.6063259823648358,0.47633009311448277,0.5045615724054178,0.5597912211995625,0.5540797493894287,0.5597897246071837,Ganges
0.8277040757054045,0.6566886497175982,0.5145375906947822,0.5490959304425211,0.6049140164216359,0.6000870372787024,0.6049127786617726,Ganges
0.8505315220650234,0.6757165968628565,0.5298579072383027,0.556543617103133,0.6240700156447415,0.6184102463050769,0.6240689919528526,Ganges
0.8093705968978846,0.6217886208581259,0.4694009216514908,0.4934508165195403,0.5755662327363058,0.5710843935631453,0.5755653860897837,Ganges
0.7788089257402947,0.5902334108232277,0.4360216985098392,0.4505349138157723,0.5406541875725062,0.5365080277485422,0.5406534873517257,Ganges
0.7637136028676061,0.5761925799757567,0.4284197177108218,0.411418892226325,0.5236834306380461,0.519768977222477,0.5236828515189821,Ganges
0.7137295299366416,0.5254338220590806,0.3840968607433005,0.3647034134557676,0.46784189634314627,0.46361043842566974,0.4678414173815107,Ganges
0.7427089732683857,0.548708796127758,0.41555016954083723,0.38415863248377463,0.48767053428558393,0.4833078720623778,0.4876701381593595,Ganges
0.7928197707615333,0.5994687724872884,0.47109784844813196,0.4283525595286256,0.533658242758451,0.5287666568157654,0.5336579151414269,Ganges
0.7919265741894468,0.5909927857449169,0.47025356952832803,0.41537275503853666,0.5233261052014706,0.517042091506713,0.5233258342451242,Ganges
0.8552923457929329,0.6628145400013281,0.5437410448558833,0.4958612286854892,0.5918045199606798,0.5841110423785949,0.5918042958656657,Ganges
0.9032198149550865,0.6958287431958299,0.5822848138499461,0.5418674492010045,0.6327638241580152,0.6256866962808498,0.6327636388197642,Ganges
0.943443263060541,0.7227167261229394,0.6084331766551981,0.5734375429456133,0.6689467887032885,0.6633227899372902,0.6689466354188995,Ganges
0.9180276187941117,0.7009920578681867,0.5778807793493305,0.5420764482780513,0.6410507299793499,0.6355449159549457,0.6410506032051748,Ganges
0.9842149889817554,0.7644270688573099,0.6311352882970488,0.5949957490089557,0.7017415644374704,0.6951922784441935,0.7017414595886232,Ganges
1.0749595834921442,0.8529857044055111,0.7072053102618623,0.6804504839062882,0.7922466172465006,0.786951139682812,0.7922465305310418,Ganges
1.0744654747968772,0.8442452474430321,0.6859276120406316,0.6768015245904808,0.7855254635151867,0.780532868947307,0.7855253917969848,Ganges
1.0535169912027191,0.8201932337276233,0.638973122946932,0.6564194110804714,0.7568430614582907,0.7535702332160589,0.7568430021436016,Ganges
1.0512280190215924,0.8110903133551156,0.6211358798447209,0.6529571705779846,0.7474039879242715,0.7447700183848657,0.7474039388679335,Ganges
1.0622307287951311,0.8174177622088619,0.633422121115264,0.669944949261778,0.7541082152083745,0.7484388424669706,0.7541081746362273,Ganges
1.0445031889861411,0.801339421786321,0.6288284474926346,0.653905252272321,0.7336868823867481,0.7269422871850262,0.7336868488314686,Ganges
1.0372035190217883,0.7872346650636302,0.6300759752019891,0.6507111558644441,0.7215754774502392,0.7145402383416966,0.7215754496982749,Ganges
0.9859096348523875,0.7350211453535023,0.5808103291549334,0.6043601984126561,0.6652862029231179,0.658552573485377,0.6652861799707976,Ganges
0.9686934192882363,0.7024047517368093,0.5607490604581302,0.5906809189959752,0.6444840373556746,0.6380414745107658,0.6444840183729101,Ganges
0.9137643062417846,0.6490066578717429,0.5093870331227514,0.5215284669268241,0.5873729780758841,0.5815056567619962,0.5873729623761489,Ganges
0.8682671328645641,0.6020991237330943,0.450658878761462,0.4650370505194512,0.5364376554224993,0.5305428424012035,0.5364376424380004,Ganges
0.9442464178317862,0.6698752705207981,0.5257896073358053,0.5363927478829866,0.6084848089646805,0.6016800425731635,0.6084847982258235,Ganges
1.0516537542142619,0.7632884376278408,0.5970634377560811,0.6254557147597345,0.7125153277421415,0.7072604455007656,0.7125153188605473,Ganges
1.1190948796079714,0.8231823708450765,0.6096029340131175,0.6774328995145122,0.7782738410104133,0.7746001895917656,0.7782738336648722,Ganges
1.0385154833620382,0.73873583219441,0.5168833046866125,0.6044289293601522,0.6944026007620695,0.691581437414797,0.6944025946869243,Ganges
0.9354113863648484,0.6367176079460576,0.42513088702380797,0.5058002182489002,0.5881030204287522,0.5857086748654001,0.5881030154042906,Ganges
0.8760121895178246,0.5835388625823044,0.3841585227033288,0.4580822609260791,0.5278718988139185,0.5243868844709043,0.5278718946584269,Ganges
0.8486936329498407,0.5593846225901616,0.3772633926735056,0.4294144125545993,0.4985888703094826,0.494654143989793,0.49858886687267456,Ganges
0.827850595152992,0.5319453372931192,0.3749029988683476,0.4017144794784469,0.47717090724318384,0.471954930326906,0.4771709044007645,Ganges
0.7822368126436466,0.4769621640743815,0.34243797275052684,0.3518833343326019,0.43028560762654083,0.4243743838474579,0.43028560527571197,Ganges
0.7320476578059245,0.4241594041490622,0.2987185567878688,0.31212680900397644,0.37822954284119376,0.37183302969341586,0.37822954089693583,Ganges
0.6752507959356586,0.37218411876993035,0.25107266215775487,0.26407699138394486,0.3207960357747827,0.31415908443343377,0.3207960341667801,Ganges
0.7117159077485765,0.4113826940613199,0.273604864729299,0.3022736585603331,0.355577007462331,0.34906379445031965,0.35557700613242915,Ganges
0.7121547624577489,0.4115515919954143,0.27424220402991617,0.29674705007679675,0.35523768254109195,0.34835073307829556,0.35523768144119383,Ganges
0.6412775263996567,0.33812070723563487,0.2130327342684671,0.2275012435519267,0.2836487347630815,0.2774132763254894,0.2836487338534085,Ganges
0.7346657221662034,0.43796896745652736,0.2668990555081866,0.29898446711629045,0.3774418674605521,0.37186978805194804,0.3774418667082051,Ganges
0.7937210956662668,0.5029106202676651,0.2816686122519435,0.34302158013253625,0.4374451725862526,0.4315254219765192,0.43744517196402244,Ganges
0.8717572342335824,0.5840329901051029,0.35571220132827863,0.40924059228477494,0.5154180899027103,0.5097379239902444,0.5154180893880936,Ganges
0.9537297046819396,0.6609542508014914,0.45306360628295367,0.4947880926982233,0.5976022195440343,0.5919153219614688,0.5976022191184194,Ganges
0.9826808511480944,0.6891428772190127,0.49984544373355666,0.517350533782612,0.6255166520572243,0.6183356831221685,0.6255166517052186,Ganges
0.9473028835357217,0.6580713548757916,0.4838783547570299,0.47623784689392207,0.5898841594872529,0.5820550148477106,0.5898841591961259,Ganges
0.8995891540160326,0.6151336768055633,0.4468435907909214,0.43426569566019874,0.5433810026533848,0.5343362171834389,0.5433810024126077,Ganges
0.8862650530650429,0.603484491554879,0.4428786376040367,0.43085677017583435,0.5307331506321895,0.5211631407089031,0.5307331504330542,Ganges
0.9071460390538171,0.6132742406090024,0.46097579788158854,0.4652610700877061,0.5520852495107516,0.5430087555940768,0.5520852493460563,Ganges
0.9126725776904899,0.6088531088279278,0.4533076014113949,0.47815750762986,0.5569792171709358,0.5504133570223814,0.5569792170347242,Ganges
0.8410486809301004,0.5402644992638047,0.3748729764788893,0.4098929313259613,0.4837648623543308,0.47893657634009357,0.4837648622416767,Ganges
0.7171773267845576,0.4185313984021312,0.25487512847646354,0.2922460775631452,0.3619217806911061,0.3582660880216803,0.3619217805979353,Ganges
0.7233609057844487,0.4324897128837685,0.2288583372316465,0.2829974668615856,0.3705420239923396,0.36655605137586966,0.3705420239152825,Ganges
0.8178192325938932,0.5297598849967846,0.28478521631114184,0.35415227621013,0.463567059790895,0.4594279974630541,0.46356705972716483,Ganges
0.8559410980595004,0.5614377458520109,0.3186088560847805,0.3830634640737357,0.5005587465618174,0.49740672200205827,0.5005587465091093,Ganges
0.8827775222847281,0.5933378612250915,0.36470239999141896,0.4017130766316196,0.5276693653026996,0.5255071374169753,0.5276693652591072,Ganges
0.8966016487632391,0.6087695963813826,0.4016122327046798,0.4092434543880099,0.5412324114026512,0.5400128091468863,0.541232411366598,Ganges
0.8816498294591334,0.5879795452786718,0.40858172841297624,0.395923872470984,0.5276637721253277,0.5267472658258443,0.5276637720955099,Ganges
0.8374440960645343,0.5339654430070597,0.37707663923850043,0.3549877086833399,0.4814661374409745,0.4802684897940148,0.48146613741631367,Ganges
0.8397007140692414,0.53902825361411,0.38673633573870725,0.3511448178269426,0.4844333916674074,0.4828193676271384,0.4844333916470116,Ganges
0.7918115900346222,0.4949336540434041,0.34624403016476296,0.2980253116300164,0.43541195367918367,0.4345765738133659,0.4354119536623153,Ganges
0.8221080918122465,0.5179052924690568,0.3660096625263292,0.3298370642685366,0.46597643887800644,0.4648833828677626,0.4659764388640554,Ganges
0.9373620920569926,0.6344886666029478,0.4825820703790974,0.44305681769238925,0.5806582711669835,0.5789304529902357,0.5806582711554452,Ganges
0.9375811282098361,0.627935533899931,0.4888299616318108,0.4403122685823406,0.5815022594216391,0.5790303661498843,0.5815022594120963,Ganges
0.951078720291082,0.6389369680785657,0.5046662913224224,0.44796866069952257,0.5931047198827295,0.5920234698535108,0.5931047198748371,Ganges
1.0044234620197816,0.6888962683115663,0.5364242952683654,0.4965448247360964,0.645068743601975,0.6442941611777661,0.6450687435954476,Ganges
0.9227611240208003,0.6061398896591685,0.4532036696188395,0.4195388166404607,0.563637580583726,0.5637325780751828,0.5636375805783275,Ganges
0.8202667651937392,0.5128634157328846,0.3669130013545888,0.3222671100297563,0.4623993008164197,0.4629311334911214,0.4623993008119548,Ganges
0.7868609950457592,0.48337190070518676,0.34378539180083784,0.28967570095289463,0.4267771936286442,0.427477995762808,0.4267771936249515,Ganges
0.7861022535598593,0.48488260255064697,0.35279144574538523,0.29999417304408793,0.4260438429637127,0.42702418235548584,0.42604384296065867,Ganges
0.829852859535211,0.5206742824150632,0.40426669905900353,0.3379355515462139,0.46981544847075773,0.47121806905209057,0.46981544846823187,Ganges
0.8064330755589426,0.49285192735306305,0.39089043805309226,0.31189110924764524,0.4485929076349877,0.45034477675911866,0.44859290763289866,Ganges
0.7332999786989187,0.415289144081329,0.32576074979328123,0.24353344413453107,0.3750537337101195,0.37643099344223446,0.3750537337083918,Ganges
0.7559633719432403,0.4391141482129407,0.3370391898003498,0.27000837657778,0.3982856316877287,0.3978649162497703,0.3982856316862997,Ganges
0.7251026236240752,0.40739661469211785,0.30195075556134465,0.23787384546025192,0.3654874771476387,0.3638435912828885,0.36548747714645685,Ganges
0.6201883041715175,0.30835742934562005,0.2010155395471038,0.14187932507189824,0.2598527345079853,0.25652837551415725,0.25985273450700785,Ganges
0.5773614912987859,0.26074329433157506,0.0974427890884605,0.11553849228720098,0.21601543804317136,0.21369991497626908,0.21601543804236298,Ganges
0.6604801625962844,0.34860004794906063,0.11676173485183645,0.21160593916890008,0.29790035658113934,0.2950840013260286,0.29790035658047076,Ganges
0.7696117211810745,0.45531017569547383,0.184809592529119,0.297647551067969,0.4064114411468846,0.40294478874455697,0.40641144114633165,Ganges
0.7390148897748876,0.42177694120854425,0.15982100665362797,0.24817370561823635,0.3746111780892669,0.37278186825965376,0.3746111780888096,Ganges
0.7127036406251195,0.39342515380452814,0.16473616952905076,0.2221201400209713,0.3493721701808009,0.34832229291069516,0.3493721701804227,Ganges
0.722280742717347,0.3974716541981984,0.20148428499796048,0.2351084146746612,0.3592385516061892,0.3581397454967473,0.3592385516058765,Ganges
0.7045051517411098,0.3799659690980853,0.2067502413826786,0.21796048203751467,0.3410312999016211,0.34000264096456534,0.34103129990136244,Ganges
0.7458799582312978,0.4170984780106869,0.26399248159175465,0.2598146636334563,0.38252623874022007,0.3810459703735679,0.38252623874000613,Ganges
0.7393281364046053,0.4079543650795512,0.2724393294022587,0.24292014112070062,0.37608536886947924,0.37520235993468964,0.3760853688693023,Ganges
0.6781640232345628,0.35437692383373837,0.22220838523401695,0.17830636552551293,0.3166062596586208,0.3159314142572473,0.3166062596584745,Ganges
0.7393425792081723,0.41527419142522826,0.29116316355392724,0.24174634992610936,0.37836208610823474,0.37756881209369997,0.3783620861081137,Ganges
0.8105084642004612,0.4905185631554363,0.33803871130641766,0.3174240968393529,0.4500687695293206,0.4490350271116472,0.4500687695292205,Ganges
0.8105379248328878,0.4844197832959341,0.3191460025832715,0.32063704872821797,0.4502680672129305,0.4458854666045669,0.4502680672128477,Ganges
0.8120240464792421,0.4852589802183145,0.26293347208721396,0.3359230756138185,0.4529207984849126,0.44994001752739154,0.4529207984848441,Ganges
0.7321418447904965,0.4039371380485324,0.1740186665491159,0.2518992550978461,0.373330580959441,0.3712198928801337,0.3733305809593843,Ganges
0.725607559463376,0.40534900561919157,0.19698565580507596,0.24010681116441393,0.3661045017792761,0.3645307997560009,0.36610450177922926,Ganges
0.7378626576027826,0.41440430206432777,0.23634475931850327,0.2452844923460471,0.378793403028217,0.3776418065475687,0.37879340302817827,Ganges
0.7136154714930427,0.3862886259081185,0.23528493913593354,0.216637607212169,0.3560185828707411,0.35582569398788844,0.3560185828707091,Ganges
0.7416171853468985,0.41605244055351176,0.2751962306045767,0.23929604446372743,0.3831128464207155,0.3832943432775963,0.383112846420689,Ganges
0.8125191137808985,0.48604379090599337,0.35587485854928336,0.3135333031961062,0.4538733906507636,0.45439323296261147,0.4538733906507416,Ganges
0.7944089611869535,0.4630662528359082,0.3507980311146548,0.3005478159252108,0.43633651383501726,0.4370141317373167,0.43633651383499905,Ganges
0.7093836977103284,0.37294093171969395,0.2759358131654021,0.21821410959053228,0.35024646422815914,0.3509076433939303,0.3502464642281441,Ganges
0.6451183694420035,0.32039945697084043,0.2149235406244378,0.1542683326558003,0.28822067646033456,0.2877774156888169,0.2882206764603221,Ganges
0.5783882781820009,0.26033083101109106,0.14971899702863636,0.08812666017887796,0.22389620782839503,0.2214437814161611,0.22389620782838476,Ganges
0.501698994015094,0.18818420328024882,0.07756018482553588,0.011903215030423419,0.14666270937389206,0.14323099569567826,0.14666270937388357,Ganges
0.47109836201737454,0.16538806522211072,0.013966830058573541,-0.00676242114478133,0.11664190682297984,0.11350362470226545,0.11664190682297282,Ganges
0.4574206953440064,0.1594253426076865,-0.021699954547970184,-0.022286840451742708,0.10485349432938153,0.10135807037792743,0.10485349432937571,Ganges
0.4512832886175594,0.15095244043179293,-0.019651249604589596,-0.0451007085258797,0.09721307542223695,0.0938248703780072,0.09721307542223215,Ganges
0.45294210648970584,0.1567010824178091,-0.003303520877298509,-0.05075974188679171,0.09926315466518196,0.09569766856301301,0.09926315466517799,Ganges
0.4914551520783178,0.1995177810485927,0.04889647959049567,-0.007504285934851196,0.1373917006360761,0.1331326425112787,0.1373917006360728,Ganges
0.5725253710141094,0.27303113327072176,0.13939702006470922,0.07181525004957325,0.21963063071726863,0.21515093825096498,0.2196306307172659,Ganges
0.6178544973412634,0.31582734794980794,0.18542985268903278,0.1170781174904705,0.2636366588723754,0.25946317281609294,0.26363665887237314,Ganges
0.6765992542547463,0.37800035904527307,0.24504480686777913,0.17505799330976188,0.3203241140605255,0.3167719127571887,0.32032411406052363,Ganges
0.7563311413441964,0.4507103313695382,0.32684256305463766,0.254999008921999,0.40173687878637665,0.3994313369053993,0.4017368787863751,Ganges
0.8373272583404117,0.5251193339484959,0.407710044418122,0.33829626237246824,0.4841231691543851,0.48282085662373647,0.48412316915438375,Ganges
0.7993773419763454,0.48039410964003365,0.3710220757015875,0.3009220845743568,0.44599557742982326,0.44552298783582733,0.44599557742982215,Ganges
0.7827341040024889,0.4717367754185179,0.3106868265072397,0.28468229090889774,0.4294581173914479,0.42730108539083084,0.429458117391447,Ganges
0.8138955488753251,0.5024045628813414,0.31267358933544726,0.3149147222541994,0.4590123834862759,0.4573427269868775,0.4590123834862751,Ganges
0.8047486687419347,0.49386649940112365,0.2996973324548076,0.3024194270295505,0.449737752274537,0.4477058582667626,0.44973775227453633,Ganges
0.7005785363276603,0.39405768259909857,0.20875292088452482,0.18633822003588077,0.3449142838517215,0.34207551830304833,0.34491428385172096,Ganges
0.5882630258205459,0.2855270044226682,0.11659332259081397,0.08342022868659345,0.2321033376128604,0.22871042259205218,0.23210333761285995,Ganges
0.5398649444364252,0.2384670379777431,0.08321211124122715,0.045683177880274525,0.1828669074870951,0.17928014520710556,0.18286690748709478,Ganges
0.5385699961597739,0.23568919801200658,0.09507832583778489,0.05399404930078209,0.18075271130261783,0.17706533565641086,0.18075271130261755,Ganges
0.5498053081053123,0.24905375545513578,0.1164863346867106,0.0767176265451413,0.1910713411418566,0.18553177948637434,0.19107134114185637,Ganges
0.5522461819061799,0.2533356728740081,0.11928465673728464,0.07816903715691563,0.19220560510571755,0.18543492338699658,0.19220560510571733,Ganges
0.5584320998240921,0.2613419065892135,0.1250925951139627,0.08832967212122542,0.19979248135142672,0.19269812622271076,0.19979248135142652,Ganges
0.5819586538141068,0.288657096119487,0.14206584916600581,0.11629677682821417,0.22446871270947677,0.21725818967349506,0.2244687127094766,Ganges
0.5980769298790956,0.2979673414713536,0.14811480076390737,0.13830598140039452,0.23914305856297266,0.23352536273393146,0.23914305856297252,Ganges
0.5380034485191664,0.234809835555714,0.0881639294588633,0.0733568723372502,0.1771662402313442,0.17326014561685107,0.17716624023134409,Ganges
0.5900651774993809,0.29164593256320454,0.12751622913119418,0.1171322037053611,0.22992848052097997,0.225088207572225,0.22992848052097986,Ganges
0.6396787640106456,0.33595672334782134,0.1232887624165295,0.17138572012391295,0.2796403021851925,0.27623692031474273,0.2796403021851924,Ganges
0.6748014068942575,0.37408328558093207,0.10982902098052537,0.18954708430523293,0.31535742773679,0.3128204484583148,0.31535742773678993,Ganges
0.6811785669129055,0.3815914991983306,0.11399023519059291,0.17962246539167984,0.32025961189902397,0.3171396530383201,0.32025961189902397,Ganges
0.6676330105304011,0.3725930268889872,0.12676550310294843,0.1654613492350116,0.3064681169785045,0.3012762145996126,0.3064681169785045,Ganges
0.6145606338337605,0.3207816862708315,0.10366962533867573,0.1189405601494361,0.25424045286961783,0.2498334145228467,0.25424045286961783,Ganges
0.583410879913357,0.2894276322023815,0.09304704522290086,0.08025741376643755,0.22110538858735018,0.21778465751414408,0.22110538858735018,Ganges
0.5347895337233686,0.24166838488148784,0.06337316577817027,0.035141987634689745,0.1719877011211718,0.16863639792899246,0.1719877011211718,Ganges
0.5478309993917101,0.25791119805233875,0.08866180716060693,0.04008244380735465,0.18519010827594837,0.18218932897137025,0.18519010827594837,Ganges
0.6156961822033507,0.31605229857482703,0.1595283393242476,0.10875073823861174,0.25394121057267643,0.25173851816243614,0.25394121057267643,Ganges
0.5837017082408612,0.288268659599898,0.11360117818044346,0.07918382121119032,0.2223157639146497,0.22106559256170868,0.2223157639146497,Ganges
0.5462007732450732,0.2517076622736705,0.037380211135127,0.04155651487296622,0.18492727579444831,0.18411930077254857,0.18492727579444831,Ganges
0.5847750451427641,0.28822416572978604,0.029815210614714923,0.07821651906003967,0.22364261255986376,0.22304770076932284,0.22364261255986376,Ganges
0.6010295628872875,0.2978027119349911,-0.0009231122172687969,0.09396559825427706,0.2401748191468424,0.23916676914904778,0.2401748191468424,Ganges
0.5735417662407314,0.2752984424843868,-0.03976862414562496,0.06308118021527649,0.21335186297585196,0.21089670812917266,0.21335186297585196,Ganges
0.6013855215783659,0.3092451175080879,0.00537593427597427,0.08188547517507117,0.24348796347939092,0.24076847326562645,0.24348796347939092,Ganges
0.5983663171648632,0.30985921656048676,0.03460334458265057,0.08068892056835955,0.24264707942294328,0.23999941187611715,0.24264707942294328,Ganges
0.6123988219579906,0.3224086723304813,0.07834093856769161,0.09383375263583527,0.2565386953598017,0.25377794614272836,0.2565386953598017,Ganges
0.5753175287141519,0.2895655488749669,0.06712999630640654,0.06278171454930534,0.21998510056181714,0.2161951410235043,0.21998510056181714,Ganges
0.5135987585536049,0.2279651760930799,0.028886132757778404,0.0022063952005445323,0.16037890409446404,0.15541738148486164,0.16037890409446404,Ganges
0.4685432541344103,0.18588799184640797,-0.001822039089640022,-0.04191097960546726,0.11646781335716473,0.1110221402547408,0.11646781335716473,Ganges
0.44938663801562795,0.16829684129431494,-0.02566884760638008,-0.054499228891339416,0.09768469580228778,0.09223956481329228,0.09768469580228778,Ganges
0.4745628807236679,0.1853175880341359,-0.015541721556981913,-0.029380988121174692,0.12007073263828669,0.1151669041188762,0.12007073263828669,Ganges
0.4337018883689911,0.14146139617636594,-0.05258632428937634,-0.0673381968670069,0.08147130909017644,0.07540342967475026,0.08147130909017644,Ganges
0.41125270549273835,0.12563037430346707,-0.12109487726287055,-0.08345946286638865,0.060774111021530686,0.054618094251211134,0.060774111021530686,Ganges
0.40571573839282,0.12423553667687808,-0.18616895824475457,-0.06354412307136224,0.05618777496639267,0.05054050586407601,0.05618777496639267,Ganges
0.307209278561639,0.026310705622143937,-0.2805538196997276,-0.1459224614371996,-0.04227668876339305,-0.04710915936375448,-0.04227668876339305,Ganges
0.22838849206985964,-0.053174586122199385,-0.3229653055919518,-0.24172461847888338,-0.11912914745834938,-0.1222885533484229,-0.11912914745834938,Ganges
0.23250597198757014,-0.052164353118420485,-0.28871525718656227,-0.24669189461789293,-0.11711599648165782,-0.12035395958596243,-0.11711599648165782,Ganges
0.27691917930179455,-0.0029518847080906713,-0.21454240523723234,-0.2061857814481579,-0.07080690537804434,-0.0765458085460376,-0.07080690537804434,Ganges
0.3168408584864506,0.02708403153845824,-0.1572382984898895,-0.17141363703908968,-0.03152834731963918,-0.037037337138794035,-0.03152834731963918,Ganges
0.38264139089023874,0.09436097646411157,-0.07923475719889138,-0.11026841653187831,0.033005357340186184,0.026911787157928746,0.033005357340186184,Ganges
0.4228853490806346,0.12393522568645907,-0.03534309922133606,-0.06827879394106913,0.07061216612623285,0.06567995729707753,0.07061216612623285,Ganges
0.3997169384319593,0.09198175609548481,-0.057788234076746214,-0.08774963214491648,0.04695989957250913,0.04291228268600519,0.04695989957250913,Ganges
0.3844176263214483,0.07934833063143207,-0.0805405187349561,-0.10052198342812664,0.032527468511166224,0.02804612179941744,0.032527468511166224,Ganges
0.2872533404852234,-0.010754667529086284,-0.16970720313826204,-0.19973817657527404,-0.06395637798967879,-0.06756456906093239,-0.06395637798967879,Ganges
0.32666638438584844,0.027343652916241412,-0.164406161668116,-0.1609028477993642,-0.0263287403686312,-0.029570274441930694,-0.0263287403686312,Ganges
0.37915503881985785,0.08659224817310873,-0.1865058147530404,-0.11603661137633695,0.026694383936679056,0.024962980795694575,0.026694383936679056,Ganges
0.48894866890750754,0.20092254896866923,-0.0817524926722776,-0.01325989752960166,0.13601552658125293,0.13389778108611333,0.13601552658125293,Ganges
0.56706843210399,0.2765524991942828,0.015638484478818146,0.0545249439766152,0.21453151313412594,0.21182746907523778,0.21453151313412594,Ganges
0.5769657596370512,0.28124408946633356,0.047072729809806965,0.0794253441914741,0.2245583959721666,0.2228184568005282,0.2245583959721666,Ganges
0.8997083343902676,0.8997083343902676,0.8997083343902676,0.8997083343902676,0.7914024270791127,0.8997083343902676,0.8997083343902676,Turkey
0.7973930438966039,0.7892801489873816,0.7789610325086349,0.7988186996054846,0.7089848150090695,0.7934701308342218,0.7932943335463535,Turkey
0.8118833414509099,0.7986656263866361,0.7852691783262503,0.8202204501423448,0.7430629474641977,0.8077380407699446,0.8086927463593547,Turkey
0.9045475849144565,0.8617670108242523,0.8489645681032926,0.897914843862766,0.8272026012324609,0.8752211867093431,0.8782913819270627,Turkey
0.9569210351482788,0.9121017055787756,0.8875656818999804,0.9543616914825093,0.8868757954403189,0.9234023297999007,0.926645283642327,Turkey
0.9260237910200118,0.8726467105124806,0.8471456780795986,0.923778466215046,0.8592017289077095,0.886104978587482,0.8901598408521737,Turkey
0.8105446269557991,0.7589816049978084,0.7348142375458351,0.8195392838370232,0.7577080002649373,0.7770059345127966,0.7818069952104539,Turkey
0.7636098088407799,0.7074032112912814,0.6597330878178016,0.772821830663166,0.7151020509004079,0.7310346313994693,0.7338616431657846,Turkey
0.6975520712915683,0.6382322579184943,0.5681933543583068,0.6914109275152547,0.645036394036979,0.6580708177283959,0.6596395881850674,Turkey
0.7116568324353478,0.6585725057281051,0.5990270638691833,0.7098958542251301,0.6674976243333828,0.6776843726941064,0.6788653169948247,Turkey
0.8758358930214043,0.817422217491905,0.7506574565194477,0.8582741958651626,0.8250658114650488,0.8311188431050224,0.8339148642910645,Turkey
0.9720659548045432,0.9182496038179782,0.8345677023130837,0.950371165648678,0.9243471336709366,0.9257616611223264,0.9312355795719436,Turkey
1.0057757327064891,0.9499998654816066,0.8616348926775634,0.9788728566755784,0.9571531627387901,0.9581542696860437,0.9625153961737176,Turkey
0.9211654611673283,0.8605291802187962,0.7803775690947464,0.8958758007179466,0.8742986042684138,0.8743006396222628,0.878472774730644,Turkey
0.8624014438756634,0.7776515252349673,0.7136329658492875,0.8244434583680728,0.7972274924378108,0.7964454929690141,0.8004768286070018,Turkey
0.8467616292295889,0.759772948100151,0.705332865646318,0.8089899121837101,0.7804525985433364,0.7773612331841775,0.7829820078321874,Turkey
0.8455016507320733,0.7648205533339053,0.7155195232285432,0.8172679143788024,0.7881459351791744,0.7838558219916374,0.7901149254643867,Turkey
0.8962173124725907,0.808103102357193,0.7465802446769669,0.860258600708534,0.8286166211731472,0.8235519236284767,0.83014935957193,Turkey
0.9195318256494042,0.8376065586528771,0.7706814996427889,0.8945115080704471,0.8619903734524641,0.8559810456617978,0.8631835164642644,Turkey
0.9179691102893972,0.8293479152052547,0.7436460819102519,0.8842435853900651,0.8551422868033516,0.8491097443737451,0.8560710755958411,Turkey
1.031401602480192,0.9535858215740377,0.8524136332294819,1.0068268169450698,0.98085528240807,0.974553190335699,0.9815782876241442,Turkey
1.1117878961698848,1.0363526493074018,0.928431217998748,1.089469657091803,1.0658827437935547,1.0596284320124434,1.0664455590931121,Turkey
1.0320790950028382,0.9502837949805142,0.8293985875334224,0.9955379571168885,0.9758511923623944,0.9689483781439142,0.9762893096184991,Turkey
0.9455828613936706,0.848227461577762,0.7387344327438757,0.8944331043730958,0.8764008771936241,0.8695239424365542,0.8767419246567044,Turkey
0.9248764312137808,0.8195834257012985,0.6927534498928669,0.8659172141177124,0.8488894558267458,0.8433004705399627,0.849154940398405,Turkey
0.9175085153634629,0.8119122085924515,0.678753988773282,0.8593387930956468,0.8386834971375577,0.8326086123162305,0.8388901606240781,Turkey
0.8836278796998249,0.7762492373759752,0.6604024585401012,0.8297581477518229,0.8034133609340917,0.7958134483557897,0.8035742358067586,Turkey
0.876635649266676,0.7778470661366375,0.680310564851288,0.8325453314476317,0.8035369100940604,0.7956092374763488,0.803662141333944,Turkey
0.8423242271151237,0.7443198634417776,0.663568507042592,0.7999054895212709,0.7682067501793586,0.7597210219218451,0.7683042350331633,Turkey
0.7342896743221687,0.6282901781121604,0.5712423492868675,0.6878270188174522,0.6552804620529439,0.6473430211079122,0.655356348043773,Turkey
0.7529751500659847,0.629362559131683,0.5894645698864645,0.6896222432264969,0.6595013743927731,0.6537797856940556,0.6595604469910216,Turkey
0.8067618881686548,0.6773483282123239,0.64592899975804,0.7304033944632732,0.7061270457317954,0.7011507042758864,0.7061730301332072,Turkey
0.6715467875186648,0.5554256840468742,0.526232604933727,0.5996230775287511,0.5800928502556021,0.5770647421842304,0.580128646297014,Turkey
0.6604264126288907,0.532336318941146,0.48374072496863885,0.5766250179087241,0.559724406603141,0.5579687596934445,0.5597522716300071,Turkey
0.7510502623199993,0.6212593885549045,0.5348837242185288,0.6607490397401365,0.6464281691938252,0.6458462444051445,0.6464498604113906,Turkey
0.8051038705335036,0.673431995453647,0.5757778297358516,0.711280063883383,0.699069713720851,0.6950533046454248,0.6990865990058259,Turkey
0.7801905305487071,0.6351176102641135,0.5302734996679365,0.674921921303098,0.6632202637596802,0.6602991619676974,0.6632334079203446,Turkey
0.7816771784040124,0.6227422267538151,0.5137595734339878,0.6646431271046919,0.6529148512083323,0.6510266310387303,0.652925083132746,Turkey
0.7897535046881015,0.6247776531667721,0.5216702730549082,0.6680632896109828,0.650992038285784,0.6487286470529134,0.651000003212559,Turkey
0.8278354653614893,0.663295362000964,0.5770098421223685,0.7124258793727761,0.6927666701978952,0.6905571431259718,0.6927728704057902,Turkey
0.8459950613085157,0.6779782661441983,0.6010627685916525,0.7313088560358014,0.7097020742949298,0.7080927658143592,0.7097069007772098,Turkey
0.8455659874395395,0.6736312427257256,0.5854848647974433,0.7270026486440164,0.702581847523339,0.7016606391027593,0.7025856046443246,Turkey
0.8942537329254255,0.7198922964359018,0.6151078993083144,0.7681812749126655,0.7436017138854518,0.7429904348124161,0.7436046385741346,Turkey
0.8867594216798763,0.7156013851873608,0.6145444376318994,0.7592116322182649,0.735876622646986,0.7345853800370926,0.7358788993380811,Turkey
0.7701835349540886,0.593833457653411,0.5033215707404621,0.6420729292681892,0.6166618616145232,0.6171596795581918,0.6166636338791657,Turkey
0.7442866115545606,0.5748029225180628,0.48312370530950344,0.6171660616550537,0.5944489306050208,0.5958075481056601,0.59445031020455,Turkey
0.8616869441091716,0.689068637916384,0.5829972836483022,0.7310682014767054,0.7122577994973338,0.7107966333881355,0.7122588734311106,Turkey
0.942108757095629,0.7569744986423912,0.6267711897583966,0.8055888180091352,0.7831607281721874,0.7797778980585423,0.7831615641638882,Turkey
0.9264042190012267,0.7276680157521643,0.5982681884702096,0.7903267305914846,0.7559476110209478,0.7536796005044658,0.7559482617893087,Turkey
0.8151655959088804,0.6109351731880486,0.5001106151560347,0.6841358099883241,0.6414884581589477,0.6403743892034015,0.6414889647422779,Turkey
0.8006826337704611,0.5873270188108181,0.49685454403167245,0.6591904117604528,0.6195800583299376,0.6193421915301301,0.6195804526740479,Turkey
0.8104157081067661,0.5966959594350391,0.5169220701314294,0.6647806927211163,0.6259921102070035,0.6249646153154047,0.6259924171797523,Turkey
0.8342219959352386,0.6208810609958606,0.5504616284532918,0.6863352402059509,0.6504921536385364,0.649629750273476,0.6504923925980289,Turkey
0.9292158273720545,0.7113778722664549,0.6499603912702094,0.7775480938431667,0.7411075789214896,0.7397272325264028,0.7411077649368258,Turkey
1.0184338166809557,0.7876549358242356,0.7228996545755155,0.8593166224308231,0.8195395684477765,0.8168581935693832,0.8195397132493284,Turkey
0.9377358434514413,0.7126531820101764,0.6339480889337058,0.779527337639591,0.7386427753886606,0.7357165022373506,0.7386428881078042,Turkey
0.7343761695854638,0.5016456409333909,0.4413963549223107,0.5659213259410221,0.5252914276161507,0.5233302015192435,0.5252915153611034,Turkey
0.6197296228778814,0.3946007934255844,0.3393354977046895,0.45963217122038036,0.4217210420568611,0.42142834198854223,0.42172111036093524,Turkey
0.6074928487584325,0.3728409391432942,0.2943536349474323,0.43502090655257397,0.40253128199655563,0.40292606729603364,0.4025313351670959,Turkey
0.6439397119149534,0.4042375639034845,0.2937155585199678,0.4681172671691224,0.4360248974583087,0.43656055276592365,0.4360249388483193,Turkey
0.6774344700789187,0.44207036695005864,0.3119679361313607,0.4956088699781722,0.46804047515477587,0.4678377453084438,0.4680405073743652,Turkey
0.6799397299064387,0.44100305013667396,0.32480119187097134,0.49367345662500395,0.4677547994011747,0.4669214966758785,0.46775482448215255,Turkey
0.6947343034699816,0.45837896227231545,0.36298775279071366,0.512035718498564,0.48775447910162106,0.48576683884897665,0.48775449862562686,Turkey
0.7478374674825029,0.5051266114543891,0.4292334915675911,0.5595545419147547,0.5367120788934272,0.534343895920239,0.5367120940916705,Turkey
0.768607981625471,0.5148535111040557,0.45443719445011377,0.5710094875086598,0.5485173305846474,0.5451705310603296,0.5485173424155494,Turkey
0.7073244528368327,0.44294888806584437,0.3900072222286855,0.5009512436652914,0.477795667605376,0.47597486799477096,0.47779567681500895,Turkey
0.7514231143031992,0.4840424775997375,0.43045912765427213,0.5446893704992269,0.5194657718112461,0.5184086148713045,0.5194657789803816,Turkey
0.880200915326706,0.6156168108368612,0.5397848466283729,0.6736540157723688,0.6479925738197243,0.6450324447751272,0.6479925794004573,Turkey
0.8526681270316592,0.5885099992635388,0.4942683916803977,0.6442539574178723,0.6169854298770125,0.6137548669334039,0.6169854342212715,Turkey
0.6808168286583764,0.41360218675760224,0.3377658739831698,0.4619675708609567,0.43669136383584806,0.4353583158818528,0.4366913672175877,Turkey
0.5580418811041566,0.2915666398567356,0.2277531651031118,0.3307190869335032,0.3106232067843385,0.3106487559284485,0.3106232094168158,Turkey
0.49200776417990855,0.22439943624808584,0.17110059307628955,0.2608057273598331,0.24284526994121566,0.2438086717276746,0.2428452719904381,Turkey
0.44349902102887584,0.16937424358634479,0.11705519862702993,0.20735507157828148,0.1872408752466941,0.1881918358831112,0.1872408768418883,Turkey
0.41179857767249356,0.1325290352102267,0.07816506566969589,0.1690155006357105,0.15083664361754123,0.15181692450289036,0.15083664485930226,Turkey
0.4194729357245571,0.12809406753569216,0.08538874255980722,0.1677370175738916,0.15075068010696416,0.15256617463603267,0.1507506810735991,Turkey
0.46467021731641744,0.16964280522048863,0.1359349104710572,0.21185658234788624,0.19564522092641928,0.19784730255808844,0.19564522167888543,Turkey
0.5838243753223509,0.2823842275247846,0.2525423991958231,0.32681593007903775,0.31128474549411284,0.31423429147176696,0.3112847460798617,Turkey
0.6374085165052519,0.3298182936856763,0.30447772573293613,0.3795293211127142,0.3613132176352082,0.36569987504382695,0.3613132180911778,Turkey
0.578732276477147,0.27370141277822463,0.23672541997320806,0.33007402708288947,0.30478755935040275,0.3101396853444338,0.30478755970534716,Turkey
0.5482782020290623,0.23565007232974117,0.18550614957626207,0.29792410961105503,0.268629902504049,0.2735586632607379,0.26862990278035154,Turkey
0.46874557201609857,0.1509326407309668,0.09883378026448633,0.2151675441108768,0.1838376406876498,0.18877582025543113,0.1838376409027344,Turkey
0.525011174985327,0.20086262316375914,0.1470993384563663,0.26598970798283506,0.235189200213616,0.2403050728755804,0.2351892003810462,Turkey
0.7130807580189927,0.38397467914493466,0.3305045289184734,0.45026583099715967,0.4186137591860798,0.4207059532435801,0.418613759316414,Turkey
0.7978872641443133,0.47444692764439766,0.3949463350594383,0.5405827671229361,0.5039031087905214,0.5021921784256607,0.5039031088919785,Turkey
0.7729962653877165,0.44729078346816664,0.3419577807770823,0.5195415601034631,0.47446952170325835,0.47285299144455933,0.47446952178223656,Turkey
0.7384973008345193,0.4085734468688783,0.30182692324277255,0.4889024592690358,0.43479494608411157,0.43252744267635845,0.4347949461455913,Turkey
0.7813534577094995,0.44602317422383664,0.35570648287797163,0.5289328317767612,0.474441948656455,0.47124209593192845,0.4744419487043132,Turkey
0.834695065673581,0.4957669362561159,0.421618910962512,0.576332330231906,0.5228262002447819,0.5185347486465772,0.5228262002820365,Turkey
0.8449798248104774,0.5059371222370967,0.43794936998477324,0.5802753686128398,0.5284322188540752,0.5241099192865029,0.5284322188830757,Turkey
0.8821935801328055,0.5382483422160382,0.46417103117868425,0.6087819216601487,0.5570854086799449,0.5532083274944217,0.5570854087025201,Turkey
0.9147734489827809,0.5652399807250432,0.4858785864636414,0.6374945242269194,0.5871001117045179,0.5847024036964751,0.5871001117220913,Turkey
1.0409103167623068,0.6838329199667341,0.6087852740695194,0.7592460301937056,0.7096006707839808,0.7071497799946822,0.7096006707976605,Turkey
1.1472672396886132,0.7901242078845371,0.7094918392690149,0.8585591085748118,0.8139466920660061,0.8111313028535282,0.8139466920766549,Turkey
1.2243027945970093,0.8702428693321149,0.7779340163705444,0.9294862750886072,0.8926958514285269,0.8887297049446743,0.8926958514368164,Turkey
1.1911789884254085,0.8350563855110651,0.7289584578462955,0.8857237041201893,0.8559875290001954,0.8526842976039998,0.8559875290066483,Turkey
1.1184371900915424,0.7580836495636786,0.6343787626011569,0.8054518235051321,0.7796356621284367,0.7753341385429467,0.7796356621334599,Turkey
1.050571610875933,0.6768997751680855,0.5439877670152238,0.7388815388516198,0.7024019289979667,0.6976099953906949,0.7024019290018769,Turkey
1.0327915559876073,0.6534206748186682,0.5371397512428473,0.718846561902519,0.6814280501397092,0.676276266849841,0.681428050142753,Turkey
1.0884507075336651,0.702511168932927,0.603054886953806,0.7671183068568226,0.7329615211055761,0.7275518256489001,0.7329615211079455,Turkey
1.0512578498870273,0.6610472730797836,0.5811136204072683,0.7300424942296715,0.6933768157644965,0.6869240986185194,0.6933768157663409,Turkey
0.9755411182533583,0.5874483995652571,0.523459943360212,0.6558991336369403,0.617437661265675,0.6112476219108157,0.6174376612671107,Turkey
0.9832799290278553,0.5899941459515914,0.5317895837018268,0.6589972025181181,0.6184453928956015,0.6116303745258282,0.6184453928967192,Turkey
0.9721313432220566,0.5722895421872547,0.5272102787043826,0.6455006136732981,0.6028768161110845,0.5953665220201398,0.6028768161119545,Turkey
0.8809242653304549,0.4807916763090233,0.4263258106393909,0.5499702657966071,0.5065895616868219,0.503688538959475,0.5065895616874992,Turkey
0.855285598120124,0.4590416825040831,0.3882476409622614,0.5209923989459266,0.4810949983958795,0.47947229303142247,0.4810949983964068,Turkey
0.7347520587073235,0.32688032469672174,0.25197862885230454,0.38892179607060473,0.35247621436202364,0.35258225583579655,0.3524762143624341,Turkey
0.6881117669811028,0.2793802362962502,0.1827081978308813,0.3433455512843328,0.306919733293762,0.3078964358413183,0.30691973329408145,Turkey
0.7198662517588751,0.30577080580445476,0.21266128534281442,0.3723219037571582,0.33295996175929954,0.33489549088250076,0.33295996175954823,Turkey
0.882549217711432,0.4605865726463738,0.37668888877621665,0.5328716541571542,0.48545653449953685,0.4848524110717438,0.4854565344997305,Turkey
0.9603107196777436,0.542576412519284,0.45420311599655777,0.6143156851088573,0.5634859736443213,0.5621380612594316,0.563485973644472,Turkey
0.9741947004746925,0.5563329569352387,0.4721572605446608,0.6277020582498974,0.5767587850620003,0.5741546935063145,0.5767587850621175,Turkey
0.9473433648160356,0.5209958061325649,0.45357601626411775,0.5990136807475545,0.545332981106087,0.5418164007037464,0.5453329811061782,Turkey
0.9063956416478212,0.47623189107587094,0.41645716852070874,0.5561538483042782,0.50164405647972,0.4968768758510502,0.501644056479791,Turkey
0.9059134137089148,0.47325940614903106,0.40703720807965316,0.5552852618219397,0.5014871972275089,0.49742537956190935,0.5014871972275642,Turkey
0.8745926757200337,0.44150178611862567,0.3601069670509499,0.51773088225048,0.46468154435234865,0.4598337218559842,0.46468154435239173,Turkey
0.7489996226680515,0.3184142822193484,0.2328057162384342,0.3822554748550069,0.3364583049787103,0.3340206476793455,0.33645830497874385,Turkey
0.7568792364393171,0.31651226763983975,0.23344147977000532,0.3761685752831142,0.33778189832884875,0.3367052241110545,0.33778189832887484,Turkey
0.9214994792401443,0.477678186715837,0.39255362777094066,0.5281358629680565,0.4972986805803092,0.49421430539626743,0.4972986805803295,Turkey
1.0416464504184781,0.5988250176574721,0.510069702954823,0.6421221224964095,0.6171617594614089,0.6125145119832007,0.6171617594614248,Turkey
1.0122077867989792,0.5654080138691406,0.4771043135467321,0.5996470096637634,0.5801244244374688,0.5743300771886332,0.5801244244374812,Turkey
0.8435365518782378,0.3987057969672799,0.322675585609844,0.4256536788855056,0.4104565414264811,0.4055641415322143,0.4104565414264908,Turkey
0.8772627908679926,0.4240891464932941,0.3584663414602598,0.45400941566137,0.4401279826108889,0.4352912171870995,0.4401279826108965,Turkey
0.9003553904499709,0.4364352599150678,0.3765966872631727,0.4834756499331443,0.45760494411911745,0.45253007308312043,0.45760494411912334,Turkey
0.848363602197264,0.38111392938284455,0.329501791112209,0.4419747155210305,0.40452069368606103,0.39851829501681857,0.4045206936860656,Turkey
0.8692872771106104,0.39400266349582536,0.3477251056086349,0.4651773184985487,0.4204952433204414,0.41394828874610584,0.42049524332044486,Turkey
0.8271523719431099,0.3409211265049875,0.3024502285195559,0.4188207301274023,0.37040903675009385,0.3651887136912004,0.3704090367500965,Turkey
0.7708491847757701,0.2825864488490615,0.24073671807488906,0.36410808367699904,0.31447418476626104,0.31100758905110704,0.3144741847662631,Turkey
0.8093001320875122,0.3161432830363352,0.24688421201797325,0.3981406834437078,0.34829340604920556,0.3464907245555348,0.3482934060492072,Turkey
0.9077618386331712,0.41292431343689584,0.3317939988956151,0.49007337067177664,0.44232985535782887,0.44097790121746505,0.44232985535783015,Turkey
1.020755623612575,0.5190091288877375,0.42312896468157735,0.5934172818956659,0.550239364344863,0.5487142302336199,0.550239364344864,Turkey
1.0462505177717156,0.543726997188843,0.40083978496788847,0.6152348453186768,0.5758751712449708,0.5742310263514552,0.5758751712449716,Turkey
1.010734877218164,0.5101594473939342,0.3517496771707727,0.5721641200546097,0.5396494805637723,0.5366339800920946,0.5396494805637728,Turkey
0.923642608238326,0.41668861545829355,0.26739953230089475,0.4755439000796688,0.4479057706773786,0.44437807372204624,0.447905770677379,Turkey
0.8791654463634168,0.3656738398866316,0.2187573821886174,0.42794231996532933,0.3989880047400101,0.39434225410757306,0.39898800474001045,Turkey
0.8385895014457678,0.32032825457306996,0.18486568596736594,0.3952993272934,0.3533158372659061,0.3476503252731645,0.3533158372659064,Turkey
0.797345676539801,0.27308783747856447,0.16369075986893944,0.3524935561757001,0.3072851730118138,0.30164146356635235,0.307285173011814,Turkey
0.7776485808038647,0.2519348308273386,0.16378039106267056,0.33197836198177544,0.2855013000256701,0.2804793754475028,0.28550130002567026,Turkey
0.7432016076791411,0.2122675681137781,0.13938500580441493,0.294695765004213,0.24615093028043325,0.24200394747627127,0.2461509302804334,Turkey
0.7044889668603922,0.171245573007549,0.09992740886699769,0.25157324740868264,0.2028015533002117,0.19912724757850947,0.20280155330021182,Turkey
0.6514493761043653,0.12215644573775113,0.04322304054705306,0.19485416848681303,0.14779203143572345,0.1455589168416614,0.14779203143572356,Turkey
0.5909260617705834,0.05574040549802384,-0.017913183019242024,0.12658610838903608,0.08081679390955436,0.08038904953727927,0.08081679390955444,Turkey
0.4762816381268099,-0.05850977766676216,-0.11964630557389942,0.00019549056169558196,-0.03803031489361783,-0.03706944842412103,-0.03803031489361777,Turkey
0.3867944437462976,-0.14827130549949663,-0.1958972988642931,-0.09273221059306422,-0.12914955824934501,-0.12757592953200364,-0.129149558249345,Turkey
0.3949959616400848,-0.14526787725642287,-0.20494999891225055,-0.08983165691196855,-0.12549745885168534,-0.12383785794963299,-0.12549745885168534,Turkey
0.4447602518675356,-0.09930118534840947,-0.1812745275560632,-0.0364059866873383,-0.07681538620561443,-0.07486097594753013,-0.07681538620561443,Turkey
0.46858154340332614,-0.08288465202187544,-0.1732308468364781,-0.010309306282183794,-0.057935245155648726,-0.0559488569205443,-0.057935245155648726,Turkey
0.5860351773108781,0.026216652432254045,-0.07104775870541452,0.10306521303235217,0.05485226351751346,0.05664627833385738,0.05485226351751346,Turkey
0.6619507319028971,0.09943883631706056,0.01584376969963934,0.1763433525903575,0.12877500940695447,0.13158289004039628,0.12877500940695447,Turkey
0.6948383432889293,0.1254436189821471,0.052354761675216105,0.20525838390598938,0.15683237293420732,0.16017547494823994,0.15683237293420732,Turkey
0.774978271793425,0.20118903035302899,0.13911463436173374,0.2839215824054597,0.2340319912502971,0.23775923862332,0.2340319912502971,Turkey
0.8754956631100697,0.2959468134366561,0.23612243927170662,0.37984420172862,0.3289815628058836,0.33260347053352324,0.3289815628058836,Turkey
0.8997646698752958,0.31478714577532607,0.23300596812607977,0.396763763891905,0.3464571365294835,0.3494249066483222,0.3464571365294835,Turkey
0.9092899082443077,0.32347532417356495,0.20657826439926766,0.4033309818528535,0.3539730714382698,0.35758690984246866,0.3539730714382698,Turkey
0.942998019132018,0.3609732852834448,0.19840010747634826,0.42869666676155466,0.3869368046584041,0.38936713794373246,0.3869368046584041,Turkey
0.9899870819733203,0.40232701340949617,0.2254030807379342,0.4699677913426139,0.43088718884488963,0.43088673250779663,0.43088718884488963,Turkey
1.080648117514335,0.4869458481874741,0.3344777656417805,0.5550743414456418,0.5183630570058471,0.5153733277987678,0.5183630570058471,Turkey
1.1013711453601043,0.5016362024503384,0.353947192424069,0.5702253459471561,0.5345572718616757,0.5295132573080373,0.5345572718616757,Turkey
1.0322666837906993,0.4342279824522388,0.26160589587245786,0.5028942051558638,0.46192740662587295,0.4572462755827253,0.46192740662587295,Turkey
0.9710886508532031,0.3731407566318887,0.18592799555764233,0.4418669807793545,0.3967754496482602,0.3923768012029149,0.3967754496482602,Turkey
0.976035958076438,0.3702386893531092,0.20074925246418163,0.44838739167250014,0.39780955821312236,0.3937480959820059,0.39780955821312236,Turkey
0.97548392231578,0.3670422553395477,0.22891502837816252,0.4481733386353179,0.3925718527162238,0.3867199919028059,0.3925718527162238,Turkey
0.9373471624526286,0.32280431392825376,0.2143360860254073,0.4093543344334669,0.35160732788223487,0.34534461837505354,0.35160732788223487,Turkey
0.9439064258822552,0.3208943678573449,0.22815257566215247,0.40959269500233725,0.3518666390428023,0.3464341262393786,0.3518666390428023,Turkey
0.963972757696957,0.34211130756258906,0.2522428747193902,0.4260312575051183,0.3694880698986137,0.3636134858595602,0.3694880698986137,Turkey
0.9817439992566463,0.3497393410692214,0.26809516880313644,0.434477392783158,0.3796179112441574,0.3734061559493572,0.3796179112441574,Turkey
0.8264330262214838,0.18866493910261478,0.1226065710287369,0.2737003677124016,0.22081780214602886,0.21635593922289081,0.22081780214602886,Turkey
0.7629360170471605,0.1238657813167285,0.06947119092770716,0.20725011689467662,0.1570639403558447,0.15533214746870277,0.1570639403558447,Turkey
0.8009170375979426,0.1610938033616422,0.10693988825626058,0.23999004512915878,0.19402527479921164,0.18998839381670546,0.19402527479921164,Turkey
0.7827462330193368,0.14468810217762423,0.07361786634814063,0.21508624120806505,0.17178173872924143,0.16718667547959343,0.17178173872924143,Turkey
0.7576855380113444,0.11439896263252851,0.036516090611853964,0.19018137708345453,0.1443704136510051,0.14147241844980005,0.1443704136510051,Turkey
0.7116025630596665,0.06701715129544791,-0.0046704107375823145,0.14440799584622765,0.09235890674098866,0.09188667800174208,0.09235890674098866,Turkey
0.7929020471216024,0.1394732624885167,0.06096118013448851,0.21988789635575973,0.16740390746795641,0.16820643310397285,0.16740390746795641,Turkey
0.8141905471866095,0.1544220143544964,0.07515910725732267,0.2407671907149263,0.1846434172156315,0.1865039108276484,0.1846434172156315,Turkey
0.8234816130164239,0.1600387919070262,0.09225567188893116,0.2507063939214593,0.19242207609584155,0.1937358160083728,0.19242207609584155,Turkey
0.8711301682951349,0.20534688920741923,0.14395689752205534,0.29824665720984156,0.2397130572213312,0.24015177347910305,0.2397130572213312,Turkey
0.8424519157188067,0.17433207248527546,0.11888546990280072,0.2644050411648792,0.2066577447065543,0.20578386838002433,0.2066577447065543,Turkey
0.7437029352767163,0.06910736620682362,0.020438102431716815,0.15499482678715545,0.10204226484843706,0.10169702598325611,0.10204226484843706,Turkey
0.7704182155153371,0.09204442834078187,0.03794903165417597,0.16881911265606064,0.1250105764989023,0.12605957087308212,0.1250105764989023,Turkey
0.8146066838609508,0.14088221733796324,0.06695403732615222,0.20151162097064057,0.16710200125176616,0.16895185936984955,0.16710200125176616,Turkey
0.6994980675918984,0.025609562377079214,-0.05679323722601248,0.07406911259841853,0.04708199664301921,0.04958182701564935,0.04708199664301921,Turkey
0.6423512065774795,-0.03609203738292763,-0.12205719092634584,0.00786281342102984,-0.01470782159701528,-0.01188950484854348,-0.01470782159701528,Turkey
0.7291870925175672,0.04492045172844635,-0.0717025148222976,0.08936654094263381,0.07015329051701906,0.07293110532299389,0.07015329051701906,Turkey
0.8131514928865533,0.12083110344511971,-0.002890656182573545,0.16779661163781628,0.14930148207453553,0.15231408012600006,0.14930148207453553,Turkey
0.8373119473331362,0.1386990130397776,0.023970031247831366,0.20058949099172108,0.1688930707314962,0.17330149990098853,0.1688930707314962,Turkey
0.7747698606668229,0.07253429324920128,-0.030595592132169454,0.14505585777225577,0.10443388588629772,0.10942800589971136,0.10443388588629772,Turkey
0.769233141211006,0.0627749059314647,-0.02303351483861514,0.1403429479701812,0.09494559664957648,0.10116941359618382,0.09494559664957648,Turkey
0.7545249789158297,0.04236136102128796,-0.02683167134779476,0.12393502451668606,0.07552189504828366,0.08165032927178333,0.07552189504828366,Turkey
0.6940521006171904,-0.02024517625414904,-0.08483961277028756,0.0598254566431959,0.009738773937072766,0.016170915491454094,0.009738773937072766,Turkey
0.6829847163752447,-0.0352397509341589,-0.11464403692449796,0.04404873768890766,-0.006282051320427279,-0.0004046806460908797,-0.006282051320427279,Turkey
0.6747539946824039,-0.04609554081008792,-0.1414745080789239,0.03416202783220083,-0.015089755322395981,-0.009007588303993737,-0.015089755322395981,Turkey
0.6619516571290387,-0.0581430685172348,-0.18575059492424928,0.016304469293010937,-0.029980722421636574,-0.023705778932214733,-0.029980722421636574,Turkey
0.6604374941518207,-0.06257193959927083,-0.21912017902679531,0.003978516097815063,-0.035579981848101044,-0.030463045952080985,-0.035579981848101044,Turkey
0.6228227712047913,-0.10027671771785955,-0.2617936267579372,-0.045229359140304945,-0.07719444436822405,-0.07277849318894206,-0.07719444436822405,Turkey
0.5727227227968589,-0.15118962047591777,-0.3061938670109698,-0.10507885657812688,-0.13122778724656858,-0.12708612946895684,-0.13122778724656858,Turkey
0.5761934910041318,-0.15429547311242303,-0.28161310270106943,-0.10848337026335007,-0.13655704248522782,-0.1328313447246588,-0.13655704248522782,Turkey
0.7291619852147317,-0.006420951434810682,-0.11447835583509923,0.05441414892055853,0.01447962461556497,0.01904911214732985,0.01447962461556497,Turkey
0.7892050595133725,0.046790379582606206,-0.044213937782087695,0.1202115151651997,0.07219914770235883,0.07774301571125883,0.07219914770235883,Turkey
0.7874728486527441,0.039473788228220404,-0.03754893020111664,0.11826343562099743,0.06701871032708243,0.07358572012764121,0.06701871032708243,Turkey
0.760230814239795,0.005962582169465672,-0.0593993371779216,0.08855255674201158,0.03627270059702435,0.043952740485100256,0.03627270059702435,Turkey
0.7823370193184729,0.025138951649311445,-0.040583061161579795,0.10924812608110793,0.05729075953887532,0.06502850146983022,0.05729075953887532,Turkey
0.8756974776982516,0.11245380290267265,0.043973003386137965,0.19635495350708898,0.1457054524153497,0.1526625254282533,0.1457054524153497,Turkey
0.969708418066062,0.2035851196561698,0.14343569102770473,0.28698208845091044,0.23750590125033638,0.24410892989498703,0.23750590125033638,Turkey
1.1205117870233492,0.34942294312996147,0.3026134082810199,0.43083433651866254,0.3841293116617227,0.38787929936629423,0.3841293116617227,Turkey
1.1484982712448921,0.3722907155642037,0.3207858500219705,0.45053359198235654,0.40804221197522367,0.41014716385315647,0.40804221197522367,Turkey
1.0994086636858926,0.3172705245929694,0.2384418164790102,0.39439531588724824,0.3541420845816298,0.3547493082653591,0.3541420845816298,Turkey
1.1364058383004056,0.34681479528332493,0.24822382532709153,0.4271130443992899,0.38411559571659804,0.3819928296594688,0.38411559571659804,Turkey
1.0915159364078288,0.30526134129034443,0.21586485558057214,0.3878730105937609,0.3378569121322441,0.33513101298055936,0.3378569121322441,Turkey
1.0376864770974994,0.24735185718579675,0.17586874266241198,0.33805297433038817,0.2796829717891657,0.27648265940032946,0.2796829717891657,Turkey
1.087766885145928,0.2954441257086671,0.23196428567910116,0.39086350738013936,0.3280209514554798,0.32444382017090123,0.3280209514554798,Turkey
1.0631702352498236,0.2699433125186595,0.21133247539604638,0.36445548911029113,0.30124818566234024,0.29706509007231197,0.30124818566234024,Turkey
1.0153985721489953,0.2136713212179867,0.16462714059954237,0.30909718768102323,0.24686409713353114,0.24227288700018623,0.24686409713353114,Turkey
0.9158674524696874,0.10957218795968275,0.07209774961551814,0.20393764873729442,0.14382509320014036,0.13876394436613776,0.14382509320014036,Turkey
0.8048141815572382,0.0006274265139497859,-0.028099975566990287,0.08840862812112486,0.030860891212678307,0.024517695412414053,0.030860891212678307,Turkey
0.4234513150702499,0.4234513150702499,0.4234513150702499,0.4234513150702499,0.4117797868468919,0.4234513150702499,0.4234513150702499,Italy
0.5267339486750643,0.5477698617882574,0.4921915415751628,0.5266238510020514,0.5176484104198101,0.5254538371535991,0.526047382715686,Italy
0.6077114095869661,0.6449264047629366,0.5513837316041719,0.6077681894276555,0.600830063841316,0.6063508435272834,0.6068740654730572,Italy
0.782983761910325,0.8132915733800923,0.7091818614211249,0.7802076816751906,0.7742557498477198,0.7782208759126112,0.7786050862233653,Italy
0.8659330484273371,0.8889457953318283,0.7843702768901867,0.8633152257519139,0.8579358509176489,0.8603616675024333,0.8610656857623598,Italy
0.8143001437513758,0.8312971395265814,0.7257876574579374,0.8106404803079972,0.8057990002577352,0.8077059361539287,0.808051267111598,Italy
0.8006960631414619,0.8270795208313291,0.6916979610462737,0.7976820011096711,0.793548688946065,0.7950408050378803,0.7951694473031973,Italy
0.8380655896413117,0.8741147465711664,0.7148818550478456,0.8338339909801757,0.8305192722206493,0.831167145641533,0.8316855894568634,Italy
0.8810064266474853,0.9258273731517724,0.761750010716286,0.875593262196407,0.8724864589171767,0.8726545362261443,0.8733257548489264,Italy
0.7936968787031222,0.8459558459455664,0.6918158710138477,0.7886889971899713,0.7855061094212092,0.7851882723080283,0.7861100768832164,Italy
0.6365977789031849,0.6697228809903134,0.5551974908084536,0.6285661205176336,0.6258976409524981,0.6249882336819227,0.6263322632130909,Italy
0.5659480081490372,0.607002965866585,0.4738294426415773,0.5568377827669317,0.5548152301971119,0.5546330354045927,0.5551279896109635,Italy
0.5295762933469581,0.5596767532935022,0.43099254400367903,0.5185577866911932,0.5171023334998217,0.5176252235665101,0.5173273989412912,Italy
0.3987553726553368,0.42496954425689204,0.31173770844225696,0.3869253189689133,0.3856595651412392,0.3866495923111055,0.3858215249438877,Italy
0.32427297450603304,0.3406420172273798,0.23902449045228202,0.30802618882970473,0.30695356514390554,0.30882032272029936,0.3070701133687359,Italy
0.3315837515130765,0.3581175983573606,0.23986788425427663,0.313866958595411,0.3129414022852587,0.31481359325698377,0.31302527179169787,Italy
0.319639026132532,0.3414439053502752,0.21826954067735543,0.3017810068469109,0.30107452238130394,0.30301781742902945,0.30113487588836585,Italy
0.44844669727438136,0.471189609792531,0.3369348529787902,0.4284435291136489,0.42787851418763967,0.430275935393716,0.42792194529829386,Italy
0.545048600808786,0.5632860689151961,0.4217620118855224,0.5251062728058876,0.5244116778561689,0.5268724176178958,0.5244429314065338,Italy
0.572742984223908,0.6049600617453686,0.43442625011427427,0.551839633239737,0.5510267462967513,0.5527581497043242,0.5510492367280503,Italy
0.6089961687344125,0.6452505974132025,0.46457514692222224,0.5890701584626863,0.5878763746697269,0.5894987839472472,0.5878925590549923,Italy
0.5774704380402613,0.6080409846282967,0.4336351879181401,0.5571399609842018,0.5557500032242513,0.5576245059896441,0.555761649702833,Italy
0.5238661208007712,0.5620532591663351,0.37398984322915807,0.5013687254409925,0.4999970427668008,0.5015665899975282,0.5000054237130729,Italy
0.6164632578097404,0.6458357958737968,0.4629372497683175,0.590469648519343,0.5889882923570695,0.5886982072543964,0.5889943233869575,Italy
0.7147437970251969,0.7392234720865776,0.5656297194728643,0.688081513418189,0.6860471234710097,0.684953390664538,0.6860514634727624,Italy
0.7761972389973151,0.786855441059601,0.6337001565193787,0.7488574468735726,0.7469646925572001,0.7460242915180191,0.7469678156747377,Italy
0.7753252529206114,0.7820440118137854,0.6349103394146125,0.7472391921296546,0.7450205199376874,0.7447748407430491,0.7450227673706861,Italy
0.7083542254964904,0.7188039328060076,0.576031550341922,0.6813181813239223,0.6789943490610637,0.6792489574515457,0.6789959663409205,Italy
0.6357929446854809,0.6518571932707123,0.5007920308970836,0.6071060208047304,0.6047100175448319,0.6060021407799763,0.6047111813588973,Italy
0.6088320964531895,0.6326191427803322,0.4521256825153498,0.5777917134297593,0.5758226753111267,0.5779163619303259,0.5758235128057466,Italy
0.599701217844782,0.6196078963214361,0.4175117049441617,0.5655986992097874,0.5639323364954644,0.5661829941414845,0.5639329391666807,Italy
0.706526365033213,0.7232945495352281,0.5211059173885949,0.6717231762682945,0.6698015918194645,0.6714950827780242,0.6698020255089312,Italy
0.685757402780856,0.7093642049864315,0.5187491788855692,0.651568620057175,0.6497178901862738,0.6496758286937929,0.6497182022744379,Italy
0.6283750416225323,0.6368040136356171,0.4705878328266001,0.5916794116477658,0.5900823869861167,0.589754825559367,0.5900826115685187,Italy
0.5613878056436137,0.5564315371305036,0.41504443788695705,0.5233338327944698,0.5221603288136386,0.5213908355891436,0.5221604904258402,Italy
0.5740598722400625,0.5704682524494614,0.4280666525135639,0.535379791075896,0.5345029690791343,0.5335053714885177,0.5345030853772212,Italy
0.5699590554505072,0.5617689677092597,0.4249976913529158,0.5290958271042705,0.5284486782353606,0.5279704024652072,0.5284487619248647,Italy
0.46977502601605914,0.47271145094759937,0.3311555638955243,0.42733205212348385,0.42617233938205656,0.4265368109266298,0.4261723996060318,Italy
0.4759150545789216,0.48665621301913925,0.33166140597981286,0.4312473992470293,0.4297768679456757,0.43125167715490453,0.4297769112835737,Italy
0.5740804235057387,0.5905920827138154,0.43058474109067096,0.5297337389258333,0.5281773584104689,0.5297644317660315,0.5281773895969423,Italy
0.6974882727110926,0.6982320470229548,0.5512374729008943,0.6528477247075933,0.6510678379472671,0.6522597978518087,0.651067860389429,Italy
0.7274909630283802,0.7355790452542955,0.5702478339427554,0.6810792937603912,0.6786385249410855,0.6798422742882523,0.6786385410907355,Italy
0.7167353521071387,0.7224136767652898,0.5439032782544697,0.6682063222380163,0.6654462491748359,0.666075864037193,0.6654462607963185,Italy
0.7564907522975512,0.7532759369174739,0.5798117015469498,0.7078712543865165,0.7051646108910158,0.7064761012275523,0.7051646192539748,Italy
0.8122455176639627,0.796754981027906,0.6328403161290898,0.7617843247231906,0.7595195910064755,0.7598737603165215,0.7595195970245615,Italy
0.7939845570461479,0.7719759125574034,0.6022921897086329,0.7438190356957641,0.741967742959774,0.7410066820092589,0.7419677472904611,Italy
0.7325770999678678,0.7192905280431636,0.531875375075719,0.6814376442361508,0.6800407228900297,0.6795033506547709,0.6800407260064444,Italy
0.7081656935835082,0.6876102807281188,0.5012100608103631,0.6539062248833776,0.6528524518609281,0.6516476929362193,0.6528524541035376,Italy
0.6068206556268719,0.5967427179585638,0.41535878464566806,0.5496617764510098,0.5488225826985584,0.5475737794418464,0.5488225843123673,Italy
0.48764426139283584,0.488773040380455,0.31948864618325945,0.4300994629210839,0.42908728350819975,0.4284372851827241,0.42908728466951607,Italy
0.46835371227938677,0.46891676906975094,0.3061740096667234,0.4091810662445215,0.40767812475759135,0.4080017429079461,0.4076781255932886,Italy
0.5187356315438918,0.524409142952482,0.35695115008312384,0.4586111216886447,0.45722203296741515,0.45851352223849995,0.457222033568793,Italy
0.6505325212806659,0.6394003884647995,0.4880016160350312,0.5906883394702795,0.5891024458145756,0.5893644285088292,0.5891024462473344,Italy
0.5770998054530452,0.5735568539675031,0.423196786605507,0.5157994591993756,0.514013419324799,0.5142840401528985,0.5140134196362176,Italy
0.4071534183645325,0.40566226336450417,0.27159131759435623,0.3433813172562677,0.34115871623469524,0.34269662449255955,0.3411587164587958,Italy
0.3918049993040907,0.3945719391303133,0.25482648371135397,0.32691515978859126,0.32474728688721444,0.3259256638878284,0.3247472870484799,Italy
0.36237046534871736,0.36499198348828704,0.22198699811974956,0.2945202634971566,0.2924881000469399,0.2941435920676747,0.2924881001629885,Italy
0.29209861984496643,0.28578915455724224,0.1559777639466293,0.22774138357521195,0.2253328449989324,0.22743303648194285,0.2253328450824424,Italy
0.3360584415307082,0.32002721704007503,0.18323391762086727,0.2695458138793684,0.26707272398074494,0.26929338754186993,0.26707272404083976,Italy
0.3559519608742475,0.3481201997865334,0.20096755702703026,0.28835744383850254,0.2860553117741747,0.28798291020164624,0.28605531181741967,Italy
0.3458366244726333,0.3370010043631345,0.1808502143491504,0.27858908252829956,0.2756277410364025,0.27779434010763904,0.275627741067522,Italy
0.41949303239123603,0.41330320853956093,0.2426850866045568,0.35060438082665724,0.34768632944701205,0.3499279846755991,0.34768632946940603,Italy
0.43154235185101475,0.4301038849163396,0.27118994662277607,0.36316402679653176,0.3606455366208559,0.36275257707831243,0.3606455366369709,Italy
0.4240616141894432,0.42406109105568607,0.26602865890926686,0.3532009509876726,0.35107330128062725,0.354389766538317,0.3510733012922238,Italy
0.46409512363232786,0.45905045459305455,0.2934677074337548,0.39029261117902414,0.38857189486229327,0.3912630281482073,0.38857189487063826,Italy
0.4989373248689608,0.4780736114079454,0.3083634902105351,0.4218954025514757,0.4205600911724583,0.4232873064487341,0.42056009117846344,Italy
0.46014956646869937,0.43152339394892936,0.27275989201320594,0.3822255191034148,0.3810916883686957,0.3843586849226776,0.3810916883730171,Italy
0.40447879670662634,0.36403590866181246,0.23443980607069356,0.3261716737009633,0.32527440167502775,0.32806960982926303,0.3252744016781375,Italy
0.4109584996059903,0.36472181008549026,0.23634946189293882,0.3313331565722641,0.3306188202865172,0.3337516903200147,0.33061882028875494,Italy
0.3287471514548601,0.28763341634871714,0.1606872145376911,0.24691902017181,0.246217375968305,0.24961543055470528,0.24621737596991533,Italy
0.35914937990372836,0.32645534274065025,0.1928184598004536,0.27667035069542684,0.27538686781479843,0.2783448795578657,0.2753868678159572,Italy
0.47878793588588003,0.4543650340908416,0.30045897893761336,0.39682398745052105,0.39482489764865253,0.39743681606558945,0.3948248976494864,Italy
0.5588474250187943,0.5325178006005764,0.37740277154941604,0.4750827123778024,0.47233710489204217,0.47465951470908085,0.47233710489264225,Italy
0.6399357366907112,0.6192919800656422,0.4528037120498671,0.5546448317463367,0.5519356448133271,0.5528165313215111,0.551935644813759,Italy
0.6941770421386181,0.6716334018354315,0.4981850365321304,0.6062625975259748,0.6037317606460657,0.6037416624875005,0.6037317606463765,Italy
0.6497317783225298,0.6267579605772964,0.4610857030712775,0.5621415081859557,0.559586606808144,0.5594939700922476,0.5595866068083677,Italy
0.5875202330695423,0.568670580799593,0.39227772485608037,0.49833683052368144,0.49621789239158476,0.4961735800029199,0.49621789239174574,Italy
0.5663195803270801,0.5385670751520472,0.36199987626706964,0.4755350435260922,0.47384124380094805,0.47416557015930194,0.4738412438010639,Italy
0.5954163432317767,0.5747273720522965,0.38926480824542653,0.504796542759717,0.503464877846904,0.505333046268574,0.5034648778469873,Italy
0.7558280030380952,0.7303107835944636,0.5596379812178652,0.6630707588807814,0.6618526996149372,0.6628339607764685,0.6618526996149973,Italy
0.9024833473629268,0.8742453076284757,0.7253141345622431,0.8077060175274289,0.8067083827301167,0.8067639001264779,0.80670838273016,Italy
0.8758871693884286,0.8494655614909106,0.6965078631400524,0.7794069919446396,0.7784738638921141,0.7780155983440018,0.7784738638921453,Italy
0.8700548209944072,0.8320259869625741,0.6791527711023312,0.7720949548290035,0.7711192626988185,0.7701986175402545,0.771119262698841,Italy
0.9494756986682102,0.9109099185444101,0.752936106518496,0.8517096560311832,0.8508178408411216,0.8490773330470668,0.8508178408411378,Italy
0.8582019600291477,0.8234190887583239,0.6713740759786572,0.7591996196382022,0.7580275239057145,0.7562467368621797,0.7580275239057261,Italy
0.760657488148949,0.7190439732278918,0.5789437311871817,0.6602193504767616,0.6587051380565397,0.6571990336241386,0.6587051380565482,Italy
0.7808724135502345,0.7320938332123015,0.592191920118778,0.6800074848481544,0.6779839381300407,0.6772182986863329,0.6779839381300468,Italy
0.694042856953614,0.6521411951742971,0.5090031263597673,0.5920495206914277,0.5897941685123146,0.5894006139007035,0.5897941685123189,Italy
0.6581304928261208,0.6180320500421486,0.46709175224666943,0.5543141246645913,0.5522164127513645,0.552306021363706,0.5522164127513676,Italy
0.6651451937179991,0.6291864094350178,0.4489816882496955,0.5579687903220863,0.5559729798856317,0.5562696112677263,0.5559729798856339,Italy
0.5958161331443,0.5446002956306559,0.38032778436018355,0.4883715767369598,0.48601574191340174,0.4875184660289515,0.4860157419134033,Italy
0.5942283912159427,0.5472818774097692,0.38932746280886377,0.48595177094296416,0.4832893900031363,0.4853190265194238,0.4832893900031374,Italy
0.7261940420556261,0.6833631328159199,0.5232132491237859,0.6175420580341885,0.6147789663646983,0.615960491856181,0.6147789663646991,Italy
0.83372784872271,0.785206781293017,0.6261972527186477,0.7259933322245704,0.7230000330419626,0.7229318820742499,0.7230000330419633,Italy
0.8376620157855523,0.7950410174734373,0.6208912861139537,0.7288560116787526,0.7257123457878962,0.7245373136813633,0.7257123457878967,Italy
0.8194705676138231,0.771047499084905,0.5886110788210591,0.7095952062541511,0.7062983535525029,0.7047647925140827,0.7062983535525033,Italy
0.8375451439880178,0.7885413043286069,0.601360257073353,0.7240017093485726,0.7207469086551362,0.7192032678740028,0.7207469086551365,Italy
0.8984928619426763,0.8400021531252526,0.6649944350241882,0.7837123318941064,0.7808017129249318,0.7791807787147202,0.780801712924932,Italy
0.8719341250036385,0.8023335500398655,0.6389032698757081,0.7555662704973702,0.7529138585835295,0.7508834146913651,0.7529138585835298,Italy
0.8038611894423748,0.7438608225307212,0.5787008052154687,0.686920445626917,0.6842277571096768,0.6832068316014497,0.6842277571096769,Italy
0.8439441540415239,0.7794779405957553,0.6143238983176654,0.7275964969370826,0.724556046091775,0.7235636130629859,0.7245560460917752,Italy
0.9254753744127956,0.8518706186521254,0.6843483574752137,0.8068366366477663,0.8035175410064946,0.8023643337125321,0.8035175410064946,Italy
1.018322704298033,0.9331878493447874,0.7780429772931617,0.8978344471432372,0.8948589484799288,0.8940463227992035,0.8948589484799288,Italy
1.0314128364310373,0.9528697434112862,0.7896146295892337,0.9087701127256741,0.9061788347468259,0.905115199376921,0.9061788347468259,Italy
0.9453668743964334,0.8595051302977983,0.7094222903787911,0.8231400400093101,0.8205753973623824,0.8197357982885153,0.8205753973623824,Italy
0.8053746443065973,0.7288294447587618,0.5704798722248147,0.6798927876640151,0.6774687835442251,0.6764524353470968,0.6774687835442251,Italy
0.7789241107808214,0.713757897117773,0.5427760533227446,0.6542621036850452,0.6518666487912553,0.6507539531069464,0.6518666487912553,Italy
0.7549481189543272,0.6868714355199615,0.5248858809713449,0.6276005128814905,0.625754911103325,0.6240630160735935,0.625754911103325,Italy
0.6046366535988039,0.5384198153499472,0.3807053541313913,0.47373412547749194,0.47150355644251873,0.4701815565095195,0.47150355644251873,Italy
0.5885168530164446,0.5273903924212647,0.3611771032008349,0.4583120586233591,0.4559813938560611,0.45575189228136936,0.4559813938560611,Italy
0.6792822437784161,0.6124609419083321,0.4448318753514842,0.5495297793474748,0.5464902861591975,0.5464762765483275,0.5464902861591975,Italy
0.6643849462868283,0.5819209864892643,0.43748401745121324,0.5331917050589144,0.5300352773682901,0.5300510643777708,0.5300352773682901,Italy
0.5390566525034548,0.46553536690426917,0.31909741297680005,0.4066239117787482,0.4039293187506105,0.4053115635456561,0.4039293187506105,Italy
0.4480659954423857,0.36696940474030343,0.22813612607023032,0.3159132630505243,0.3137521766263725,0.3146773638083022,0.3137521766263725,Italy
0.39825253151337997,0.3124468649402682,0.1846222512718232,0.2635444486514642,0.26177786400737896,0.26332720016506284,0.26177786400737896,Italy
0.3237567962419976,0.2464503056982711,0.1173845070527458,0.18806031586080885,0.18641372195012068,0.18821117436618007,0.18641372195012068,Italy
0.2551059821813996,0.18201692415441686,0.05434667861345936,0.11676611649046395,0.11524993551794874,0.11714719105948258,0.11524993551794874,Italy
0.22302318866817755,0.1463889238468058,0.031778493944953315,0.0829600285754538,0.08135877681678906,0.0831491795096891,0.08135877681678906,Italy
0.31141166846208,0.23377100353720384,0.10762527245867909,0.1716531783689377,0.16999070864786195,0.17170421874381697,0.16999070864786195,Italy
0.36932174595521533,0.270883498793449,0.15789102034042923,0.2261908521775667,0.2249864303421805,0.22662188991005905,0.2249864303421805,Italy
0.3937018215711183,0.29537108740663215,0.1843373882575029,0.2505294243822627,0.2493289982992778,0.25143156551024703,0.2493289982992778,Italy
0.4946099359016407,0.4007899002264055,0.26568053937598735,0.35086247388208525,0.3488369897479782,0.3510043702838683,0.3488369897479782,Italy
0.4581246571286964,0.36804205625256514,0.2255958827157159,0.31320542961105274,0.31031431674539245,0.3126725509038064,0.31031431674539245,Italy
0.4376345270619464,0.3495334406178404,0.21642040612336677,0.2930584208082935,0.2897311851688486,0.29191456572783764,0.2897311851688486,Italy
0.4348533762698073,0.3488965173230548,0.22022943413432935,0.2878326527651937,0.28516669447159065,0.2864249300317585,0.28516669447159065,Italy
0.4598334264412836,0.3649623988551083,0.23201388964578962,0.309178712957892,0.30714701686814205,0.3084961061673579,0.30714701686814205,Italy
0.5931661743073908,0.5067159665990045,0.33996159377488894,0.4430008823542816,0.44106738833248854,0.4413289019249239,0.44106738833248854,Italy
0.693175887620342,0.608243745547361,0.4246519769616929,0.5418287881049679,0.5394402647866645,0.5393625817070905,0.5394402647866645,Italy
0.6583834587947032,0.5722693130546106,0.3950299075407056,0.5058879548953499,0.5031266654616705,0.502409897362488,0.5031266654616705,Italy
0.6660584567820512,0.5683383535345626,0.4009034618855383,0.5119981892763543,0.5090204448754421,0.5082967212619006,0.5090204448754421,Italy
0.709816129593263,0.6215477466204151,0.43979164529860004,0.556265840772058,0.5532127462443506,0.5518736057069409,0.5532127462443506,Italy
0.8255003701063773,0.7236156104501674,0.5676735529884619,0.6717857453558911,0.6688664677230991,0.6670711505678414,0.6688664677230991,Italy
0.842050769628784,0.7458432699289153,0.5813176308475614,0.6866696579559306,0.6836784904823214,0.6814329364744678,0.6836784904823214,Italy
0.8451748913070164,0.752531080006828,0.5730742401868117,0.6878211025227869,0.6852083723229133,0.6833949905589671,0.6852083723229133,Italy
0.8664666511873792,0.7649911526831962,0.590951937611176,0.707209199432746,0.7046663320537316,0.7029168296784756,0.7046663320537316,Italy
0.820203682548204,0.7042641997366866,0.5443960976377726,0.6589586405995771,0.6567404557586939,0.6549812892760544,0.6567404557586939,Italy
0.774400988606086,0.6643483494869166,0.4983210193363467,0.6129101102534291,0.6104276793966755,0.6096121950784643,0.6104276793966755,Italy
0.6741657405636872,0.5716208113788263,0.40224725309392295,0.5114269338057437,0.5084522379820948,0.5082110728351054,0.5084522379820948,Italy
0.5935721851605924,0.49682633900466716,0.31050955555464144,0.42904708404020214,0.42591985250795455,0.42688294353650996,0.42591985250795455,Italy
0.6510293505328875,0.5526756303645854,0.3535888055188655,0.4862726921877365,0.4830116613465213,0.48338650775451125,0.4830116613465213,Italy
0.7188739358127183,0.6209782899723517,0.40892544140036524,0.5511535873542897,0.547847067826361,0.5478457661196718,0.547847067826361,Italy
0.7849713428902098,0.68921773300564,0.4840730405443633,0.6160853898732603,0.6128088825321683,0.6117843833564003,0.6128088825321683,Italy
0.8747024764814972,0.766145959016133,0.5987681323243514,0.7060894668107147,0.702752679113378,0.7015175514130008,0.702752679113378,Italy
0.8448842852876316,0.7221175814941907,0.5643655163275868,0.6740846992320041,0.6713711078701909,0.67043468368694,0.6713711078701909,Italy
0.8100683823269166,0.6966601576323155,0.5160198898651186,0.6392549495652936,0.6364600267337654,0.6354308174682637,0.6364600267337654,Italy
0.7656802841892771,0.655937162246851,0.4678088303295932,0.5935412015400081,0.5902870223359947,0.5886444901531627,0.5902870223359947,Italy
0.7622363716593452,0.6404685374024195,0.46535235632034,0.5884529155319744,0.5852153867819607,0.5837273059050211,0.5852153867819607,Italy
0.8533692749983495,0.7318119286088265,0.567560671541567,0.6798932561483246,0.676550092945265,0.6748371997914641,0.676550092945265,Italy
0.9138128961773595,0.7770919420605834,0.6399837148733883,0.7383746643569296,0.7347359530095803,0.7330505361890537,0.7347359530095803,Italy
0.8746685825898137,0.7337715439629392,0.5927474443713668,0.6983077006399776,0.6946534932880063,0.6925240407124336,0.6946534932880063,Italy
0.7315906202502331,0.600125116967538,0.44959347690736967,0.5529450654924483,0.5491840147917387,0.5475720915428014,0.5491840147917387,Italy
0.6612674265285516,0.5332063533756375,0.3706233558486991,0.47891321451791097,0.4757667253185647,0.47591966311095407,0.4757667253185647,Italy
0.6418739282029192,0.5073654663428983,0.33942864603654865,0.4591491751541625,0.4562063762991704,0.4559639607816171,0.4562063762991704,Italy
0.6061732716299165,0.4791425156195739,0.30139734617764335,0.4241307257788575,0.42107221791655847,0.42015916166197237,0.42107221791655847,Italy
0.6649279621872304,0.5428651709683399,0.36171702065560835,0.48222633068643134,0.4792047184562161,0.47879672650922583,0.4792047184562161,Italy
0.7839983794952616,0.6663001948806982,0.48666103867747385,0.6001814248842904,0.5971408343737362,0.595156828963613,0.5971408343737362,Italy
0.7351453341582382,0.6194105526460915,0.44962000985679457,0.550144735035477,0.5469566076236358,0.5443620595316454,0.5469566076236358,Italy
0.5864329756821662,0.4717092180379713,0.31776228110026644,0.40053249324508966,0.39728631496831535,0.3943009294452488,0.39728631496831535,Italy
0.5221017540663813,0.40724733392636575,0.25179996331168575,0.33469549730779075,0.3314075449293741,0.3281409080831749,0.3314075449293741,Italy
0.516285134112545,0.4003879488887095,0.2294321704180432,0.3274631941605826,0.3241340075099544,0.3218421804358786,0.3241340075099544,Italy
0.5155761693307059,0.3999400022199269,0.22751915754856647,0.3248386140547108,0.3213467784318952,0.32021826347238413,0.3213467784318952,Italy
0.4846384347241876,0.35529299694479083,0.2026584859858356,0.29303622665342444,0.2896000657640047,0.2892337053041342,0.2896000657640047,Italy
0.530264380918249,0.404151176492248,0.22867825602907602,0.33651658277725993,0.3329274467023229,0.33314328161869106,0.3329274467023229,Italy
0.6402854583458776,0.5174550754412365,0.3346828746820699,0.44636231119824543,0.4426675808039074,0.4427842577191872,0.4426675808039074,Italy
0.6396763644948174,0.51369678129982,0.35283624422183935,0.4418870117220921,0.4380802039748156,0.43771248622720005,0.4380802039748156,Italy
0.44915294885581303,0.3242308336278092,0.18435753780664296,0.25053189849805035,0.24675366586358516,0.24712566350553172,0.24675366586358516,Italy
0.33979504604572874,0.21204170954864937,0.08310972482717625,0.1415159796331541,0.13784767538775228,0.13885548173115775,0.13784767538775228,Italy
0.41586166864540014,0.2857059603400832,0.14999492185632893,0.21748824391521765,0.21389621656685387,0.21529116114231134,0.21389621656685387,Italy
0.5383802495579528,0.3905780649447698,0.2512787704721956,0.33779353155753394,0.3350286539526128,0.3354373415504078,0.3350286539526128,Italy
0.550713039450111,0.4092803837906061,0.2559565144330978,0.34948235407196077,0.3467072412461492,0.3461834133942014,0.3467072412461492,Italy
0.5427863168663714,0.39765449035310074,0.23966991404112717,0.33903003771506846,0.3362500487142796,0.3353464512813532,0.3362500487142796,Italy
0.6731842173995877,0.5244349842335292,0.3613659641202298,0.46737198535072777,0.464483709613017,0.46381034923280484,0.464483709613017,Italy
0.7482088334186903,0.5961718545412895,0.4453719047900289,0.5419695375750765,0.5389807616614324,0.538069337447603,0.5389807616614324,Italy
0.7398353468251823,0.5966347759211952,0.4483122224427173,0.5337768331122099,0.530570916659673,0.5302362620363317,0.530570916659673,Italy
0.7791719875885558,0.6315157387422781,0.4797623042011878,0.5737417379451307,0.5702246764542123,0.5699917235464537,0.5702246764542123,Italy
0.783523891033037,0.6414412614596448,0.46849091473283194,0.5763853463105223,0.5727450846951597,0.5734003160693465,0.5727450846951597,Italy
0.7360274480124193,0.595575397735531,0.4073815743196716,0.5265773289403481,0.5229008267262142,0.5246047619704023,0.5229008267262142,Italy
0.5849124947523808,0.44629394832240177,0.2652105826113216,0.3739564698299258,0.37043964052905587,0.3721642458153854,0.37043964052905587,Italy
0.5239148689986939,0.38853125998081656,0.22117225927544942,0.31224281603184467,0.30881653231780914,0.3106423899492142,0.30881653231780914,Italy
0.557760803821259,0.3995024347337681,0.251515343786724,0.34368815475212344,0.3408392305110719,0.34290988820888973,0.3408392305110719,Italy
0.42305199831143625,0.2557816986672271,0.12408439162469412,0.2068669825582161,0.2041318360021037,0.20623547068216389,0.2041318360021037,Italy
0.3362066636174178,0.16401952752617283,0.04134718796400101,0.11993977012725208,0.11687814152988556,0.11892474278617433,0.11687814152988556,Italy
0.30919778483911814,0.14487067480234947,0.009625936286188269,0.09169752005331502,0.08820227021764551,0.09034259525936168,0.08820227021764551,Italy
0.2776799182995896,0.11759280617982369,-0.020955912565115933,0.05849806462419142,0.055141532791680756,0.05711567814848152,0.055141532791680756,Italy
0.28405172725948385,0.11710630201498017,-0.017133699239864575,0.0642441531873164,0.061432922216514405,0.06404385842245724,0.061432922216514405,Italy
0.2952107691311833,0.1337019858247961,-0.005981712687403787,0.073201164293913,0.07081767832366585,0.07413677409836864,0.07081767832366585,Italy
0.38938797361945,0.21672049243478453,0.08473170925792964,0.164892299445125,0.16303151944468924,0.1656286479933443,0.16303151944468924,Italy
0.4589125338042463,0.27957539970957984,0.16067473888393177,0.23288480574058001,0.23079993672154714,0.23237635410282484,0.23079993672154714,Italy
0.4259389714759856,0.2544302106399822,0.10795290838669779,0.19861691291570188,0.19621934982388356,0.19859051160176766,0.19621934982388356,Italy
0.5137931821110365,0.33582547636559507,0.1717853531042351,0.286900136980404,0.2846335411202431,0.28672709491500553,0.2846335411202431,Italy
0.5137229539478968,0.33267541855546917,0.18071493209156975,0.28620404772518143,0.28427971582670347,0.2868949085215838,0.28427971582670347,Italy
0.5398498911017573,0.35239596597258743,0.21705186717166422,0.31086590423410954,0.3088294411507763,0.3111285329273254,0.3088294411507763,Italy
0.7262208995827012,0.5344587203294884,0.41355852115188807,0.49573482723701173,0.4937221860214224,0.4959983217410701,0.4937221860214224,Italy
0.7217650026082024,0.5371976640722175,0.41816382810864006,0.49024133435898853,0.4878592297672256,0.48850045500396805,0.4878592297672256,Italy
0.6994776259789836,0.5045871081765504,0.3846016019841425,0.4630688104628789,0.4600966375960115,0.46019200284649436,0.4600966375960115,Italy
0.7635580340333294,0.578875662388985,0.43700024764521916,0.5278987386406488,0.5243564103523275,0.5240002117769967,0.5243564103523275,Italy
0.7446376241871533,0.5647327229586985,0.41055062291583827,0.5083926161904166,0.5045352245671124,0.5051805081355911,0.5045352245671124,Italy
0.74765418145266,0.5756535791726719,0.41595206446042704,0.5104569996290164,0.5065602896371361,0.5078913208214769,0.5065602896371361,Italy
0.6933254222347416,0.5257993833358027,0.3689170350814289,0.45469968413508366,0.45117475771289817,0.4526156500142903,0.45117475771289817,Italy
0.6749212369445874,0.5059538057554128,0.3612161842041078,0.43711412074595213,0.43338323797295325,0.4352003262820424,0.43338323797295325,Italy
0.722074748304464,0.552131010493006,0.38448578572380004,0.482012841004984,0.4782313670049503,0.47903891561686107,0.4782313670049503,Italy
0.6102475325750211,0.4411103669092809,0.266042572795508,0.3709066598317071,0.36714815124130806,0.36688076376405704,0.36714815124130806,Italy
0.5316578266328149,0.3648974106747093,0.19045073306316065,0.2910479267817068,0.28737742173770364,0.28777568507961876,0.28737742173770364,Italy
0.5090414009368843,0.3240694301301377,0.16676250218449934,0.267048435157332,0.2635678342815906,0.2643033135803928,0.2635678342815906,Italy
0.370799918659956,0.18507758025011026,0.04632152345655163,0.1268856473026859,0.12343788949104903,0.12408635107199259,0.12343788949104903,Italy
0.4000393661716613,0.21191504017666582,0.0772904934723275,0.15226811224676914,0.1489153957731516,0.15018837108955824,0.1489153957731516,Italy
0.599800428147782,0.41814982469607626,0.27860960194689244,0.35354902347502437,0.350088715283239,0.3513035953385033,0.350088715283239,Italy
0.6475756481760597,0.4460861876623199,0.3334660379106088,0.39993170883062246,0.3961339490064253,0.39629620527565257,0.3961339490064253,Italy
0.5935305410158459,0.38679118646117744,0.2751116452003378,0.34625109224518474,0.3422170547817257,0.34285443783372743,0.3422170547817257,Italy
0.6182209711849127,0.4209739508573396,0.2850165599857335,0.3700764447446889,0.36596989958447645,0.3683084408481977,0.36596989958447645,Italy
0.5739782664388733,0.3769355138333932,0.2223059657970317,0.3231900056812023,0.31899279923726104,0.32184915264009195,0.31899279923726104,Italy
0.47793439418575234,0.28595249655547783,0.12330809909106347,0.22545621393862222,0.22166778893246367,0.2240823669431761,0.22166778893246367,Italy
0.515106815545076,0.3207511565946638,0.1796209473246492,0.26248261225937997,0.2586048538775652,0.2617890969880433,0.2586048538775652,Italy
0.7257110921089689,0.7257110921089689,0.7257110921089689,0.7257110921089689,0.6999086131688829,0.7257110921089689,0.7257110921089689,California
0.6887238778942811,0.6868984585079272,0.6841086096756759,0.6871474054938259,0.6677076001536515,0.6879728340292692,0.687333677091002,California
0.6850954645197052,0.6822492306183524,0.6793018695590365,0.6828087597499543,0.6684148037836463,0.6849730260259871,0.6833429390548815,California
0.6953291837520741,0.6854550237123981,0.6823061153323344,0.6861387823664633,0.6756904092415368,0.690372687231186,0.6870451605444928,California
0.7065378839055834,0.695142413086205,0.691054840362588,0.695673756618107,0.6881245885018725,0.7009758365121731,0.6967613254291174,California
0.688123837191341,0.6731589972019354,0.6677788943504217,0.6739661601310435,0.668557373781678,0.6801742405404019,0.6751267140305494,California
0.6991828594680997,0.6852685134202471,0.6761420434135629,0.6861449268610129,0.6822147666848375,0.6919601442647142,0.6872115880155074,California
0.8348235944144491,0.8185589352948393,0.8054383542776956,0.8196265943926475,0.817051492368322,0.8248667065306569,0.820852212450514,California
0.8726180356433766,0.8533745114088588,0.8401447234748248,0.8543328974060181,0.8528441811795704,0.8585263007170518,0.8557351136718957,California
0.7960441217850655,0.7768935928814628,0.7637656053057316,0.7778347375170005,0.7768329804426793,0.7812181227233198,0.779031903408446,California
0.7048660610781013,0.6800278118261621,0.6613854203516201,0.6808376462870941,0.6805221316385218,0.6867302728577741,0.6821946930775081,California
0.725910371819503,0.6987883614594075,0.6765739777536588,0.6991216092274314,0.699747603431001,0.7055512839849954,0.7010197997792749,California
0.8464141178669115,0.8167356062621409,0.7861712760043424,0.8163477574241598,0.8174776896194678,0.821271645030487,0.8184453572404207,California
0.867424138798767,0.8360238957937559,0.7997479018688608,0.8354307225997677,0.8370730887857234,0.8386461989752715,0.8378091234598609,California
0.861398580138016,0.8214765350315076,0.7916374341482139,0.8213208724818806,0.8230205257880887,0.824140199266677,0.8235803740560292,California
0.9056370776841394,0.8619681310552513,0.8366289978041443,0.8619979784128576,0.8639338641123737,0.8647366673125368,0.8643597001417473,California
0.9190810569699438,0.8750777612829969,0.8529547423510041,0.8746905263229636,0.8769339368138654,0.8773016571261738,0.877257839439446,California
0.854031163626497,0.8052256052223953,0.7865030627420846,0.8049660492690806,0.8073757934726519,0.8078851737386085,0.8076221627406828,California
0.8182842916786661,0.7691863865724522,0.736657846386091,0.7687217822120853,0.7709802238764422,0.7734022714542242,0.7711676191348823,California
0.8843740188003071,0.8330487080189305,0.7872269475757823,0.8325010428115935,0.8344912324751724,0.8377128643591528,0.8346337704758189,California
0.8989041141484124,0.8480652577548848,0.8061205110228724,0.8482472646007365,0.8498402850179277,0.8513818424237897,0.8499487033514406,California
0.8916435658986295,0.8394338491407491,0.7969702704033903,0.8396629915831841,0.841117356986703,0.8446498137524306,0.8411998229606075,California
0.9083003285996865,0.8516921181830158,0.8126012997781755,0.8513825881477449,0.8531862912953863,0.855554941054475,0.8532490171889844,California
0.7845927992776369,0.7205355347290555,0.6871879147337524,0.7198971923621861,0.7218185307873973,0.7264876688040296,0.7218662418316183,California
0.7108420291699173,0.6433160593681609,0.6123215792098321,0.6434623049004209,0.6450215792295371,0.6500549188305396,0.6450578695653153,California
0.6917635205686319,0.6222751593725507,0.5911674798730584,0.6229593217522571,0.6243211614261082,0.6290561007840668,0.6243487648561398,California
0.7107803038902691,0.6385630404703355,0.6077000776703073,0.6391852754340601,0.6407140750841764,0.6476958152091784,0.6407350710141719,California
0.7423581377006353,0.671065497686231,0.6440886146179151,0.6713142451894109,0.6730765228866489,0.6798618116819091,0.6730924929699273,California
0.7607763219497561,0.6866306791677128,0.6624751543956129,0.6867687256918631,0.6886160041642441,0.6945485879452905,0.6886281514499312,California
0.8181495561826166,0.7398069747098583,0.7169644830862015,0.7399712238842246,0.7417143163371461,0.7476918457581136,0.7417235558975785,California
0.8641903913523886,0.7800377698853129,0.7562624669687504,0.7797122831933695,0.7817231263085048,0.7848554915333532,0.7817301541729335,California
0.873495605540992,0.7871344688651554,0.7613215331714057,0.7869000296937064,0.7885255170142019,0.7916225977631663,0.7885308626016666,California
0.9432700732338147,0.8566537189571203,0.830581658760071,0.8571235928549519,0.8584815693601273,0.8622286749648815,0.8584856353613476,California
0.9967103572229645,0.9054406225484389,0.8527952389228376,0.9059017967177097,0.90719426883181,0.9096981476395841,0.9071973615444506,California
0.9965752813999142,0.9027720726044731,0.8201515953517146,0.9038208106219602,0.9048534626736751,0.9089497338012957,0.9048558150761853,California
1.0278672824721347,0.9330011047753478,0.8397177181305029,0.9342537241983658,0.9351628248357448,0.9375907794853952,0.9351646141379572,California
1.0552331637991654,0.9563586566817514,0.8653284819061706,0.9570927836124133,0.958305781905071,0.960029763002964,0.9583071428976704,California
1.1041144830209515,1.0005344358144406,0.9272763650624269,1.0009420870198513,1.0025848276938603,1.0036440349504985,1.0025858629023583,California
1.0911300164280517,0.9823978393604518,0.9228757776429384,0.981966680421171,0.9840144438237469,0.9839112036017618,0.9840152312318745,California
1.0565428016930591,0.9473384226047321,0.897950908335152,0.9469981058418133,0.9493490287962296,0.9481007612918293,0.9493496277205629,California
1.0353033768586317,0.9243727044740853,0.8812584898319973,0.9240838018277248,0.926659921859801,0.9253503544876607,0.926660377418163,California
0.9809132630931857,0.8651220770994619,0.8277245323553024,0.8643461869128183,0.8669965375054389,0.8659556838554294,0.8669968840156903,California
0.9421850066267832,0.8209370154752355,0.7694449244963357,0.8201724901453891,0.8228670852251675,0.8223083089942698,0.8228673487904191,California
1.001807151670913,0.8796176334502626,0.8158788298181707,0.8795146699785306,0.8818564338135051,0.8818953896840165,0.8818566342885028,California
1.0800442999072388,0.9544317771447501,0.895829561135684,0.9549215065601904,0.9568318580108082,0.9559584793916774,0.9568320104976191,California
1.0520088383546211,0.9274133702367543,0.8680650910530663,0.9280301628625238,0.9297909412263142,0.9286872635500553,0.9297910572119872,California
1.029075388448328,0.9029168223206636,0.8484265591339089,0.9039864699519139,0.9055286682884655,0.9051835434496867,0.9055287565103664,California
1.1122122438557602,0.9808024393868675,0.9338548833564521,0.981132153851755,0.982789081446788,0.9816581620276623,0.9827891485507984,California
1.125168745185173,0.9882102660174623,0.9406412859561311,0.9877933826205723,0.989885597966248,0.9887335278079663,0.9898856490074086,California
1.0896404173753234,0.9506692644654903,0.9023594918691766,0.9503600173651274,0.9526804057382895,0.9513312393584913,0.9526804445616036,California
1.0739856633041525,0.9300395704804154,0.8873903721990426,0.9297795306582465,0.9322746803460796,0.9306648956600632,0.9322747098761629,California
1.0433898446061458,0.8970623884407943,0.8602041843468787,0.8967814346626037,0.8994553426653435,0.8973598362521993,0.8994553651267392,California
0.9908626154287674,0.844414975202086,0.814573969758959,0.8438317772053574,0.8466270444435666,0.8434489603553014,0.8466270615283235,California
0.9240099725496128,0.7738007721627694,0.7495095501139535,0.7732302833969699,0.7760698981396239,0.7725253453365932,0.776069911134761,California
0.8930884405681757,0.7367851343300378,0.6964585624105832,0.7361399466528471,0.7388551167002809,0.7360759361499531,0.7388551265847405,California
0.8654782762144491,0.7068575400118454,0.6542577216963592,0.7069639766372333,0.7092385348907428,0.7073433027157743,0.7092385424091353,California
0.7448662401180356,0.5796941539836982,0.5383743884386417,0.58041324018265,0.5822346595427206,0.5818815813286115,0.5822346652614172,California
0.7092832512956221,0.5501264720976119,0.509192713251956,0.5508011767254328,0.5522163675670095,0.553913579500133,0.5522163719168078,California
0.7154833102918051,0.5512477224219942,0.509518926448955,0.5525307731321348,0.5536127831996792,0.5623459054791524,0.5536127865082557,California
0.6345386394843113,0.46805908444114697,0.4308629245311984,0.46950063217418947,0.47040452960161594,0.4793969366365065,0.4704045321182105,California
0.5969142332977208,0.42918154468164366,0.39517761852516065,0.4308946637247132,0.4317534803320589,0.4411098319609079,0.4317534822462501,California
0.5835281947018481,0.41211926555823475,0.3837123160135361,0.4140117908444428,0.41480614709294406,0.42315156733506754,0.4148061485489306,California
0.6245988850223745,0.45384684792973534,0.4281257301049749,0.45572460766380063,0.45664352051992074,0.4655066042792756,0.4566435216273843,California
0.6825972832728137,0.5075855872900396,0.484038205834281,0.5092862828215292,0.5103593762695142,0.5181096049377693,0.5103593771118816,California
0.7446908804060092,0.5642426790604012,0.5446619325570814,0.565890875140193,0.5671102522884779,0.574038987211351,0.5671102529292058,California
0.8161036672322477,0.6299893800954879,0.6052222814153072,0.6309758733222479,0.6323739169146834,0.6386764303425992,0.6323739174020387,California
0.8063387948664565,0.6186223017972575,0.5911560663513021,0.619302480891103,0.6207122542594605,0.6251141257984401,0.6207122546301564,California
0.7068700583393054,0.5181696885293036,0.49163445260274763,0.5192300004078936,0.5204958671393314,0.5264824911037189,0.520495867421293,California
0.7142484345542327,0.5231866669936164,0.4947184379870621,0.5242124274303361,0.5252202584932419,0.5303023991501449,0.5252202587077097,California
0.7860733534281248,0.5905859455268743,0.5581765011318915,0.5914544834947961,0.5922460816965742,0.5960244088612573,0.5922460818597044,California
0.7311096349379713,0.5326268183388605,0.4972411355405659,0.5336179445270701,0.5343271391148667,0.5407444766012536,0.5343271392389479,California
0.6244028260705378,0.4249158781481556,0.39611949569390037,0.42572314945417933,0.42676270612185047,0.4332001112183567,0.4267627062162301,California
0.5747864117963495,0.3696317394748288,0.3463107942628074,0.37067626159858214,0.37162825647887193,0.37837461240438575,0.3716282565506597,California
0.5705917666824585,0.3617123476649151,0.34225844415095485,0.3629320022972571,0.36393154191552324,0.37032351835036875,0.363931541970127,California
0.5927683885785457,0.37823686671046086,0.36154271306321145,0.37942056914027444,0.3806639916187222,0.3878041728894578,0.38066399166025533,California
0.6367206485483042,0.4221324223208846,0.406663689128276,0.42300841041976134,0.42464586651545205,0.431865784492714,0.4246458665470433,California
0.660331808644079,0.44286070984713566,0.4301512074914441,0.44367767040294404,0.44549915093469966,0.4521632023001646,0.44549915095872883,California
0.6562433870894578,0.4358273361175038,0.4225965750813836,0.4366809371080618,0.43861791269556344,0.4446740512410042,0.43861791271384065,California
0.6826007295447506,0.4627501683841371,0.4302326165318079,0.4637062056985387,0.4656313633804299,0.4713273763985431,0.46563136339433203,California
0.7026729321152299,0.4784352485648177,0.4279618648238561,0.4792007677540099,0.4813369171498141,0.48867251960223407,0.48133691716038846,California
0.6117890394685545,0.3838716634113929,0.3380225139906935,0.38419275696876587,0.3864365306211409,0.3936299118103445,0.38643653062918404,California
0.6186936132866014,0.3869197846042606,0.3494957009940811,0.38734462680673354,0.3895909480435283,0.39699530778935066,0.38959094804964606,California
0.692743655273187,0.4576879327005601,0.42009645594213196,0.45776365318798706,0.4600934172703255,0.4680321053074725,0.4600934172749789,California
0.6370503683166993,0.40228385898297264,0.3657241116064637,0.40212443777127416,0.40448215026155887,0.41460993938477286,0.4044821502650984,California
0.6349108806382345,0.3966971195384671,0.3596842181606708,0.39694003912906195,0.3989295472086811,0.4076411105025285,0.3989295472113733,California
0.727671141821108,0.4857991247966004,0.4463171409136748,0.48584987217533343,0.487703497924168,0.497470621038734,0.48770349792621576,California
0.7673225925699663,0.5234483858007775,0.49008753060068805,0.5229089451054153,0.5250179514180507,0.535436787765054,0.5250179514196084,California
0.7767412618559316,0.5293305131451198,0.5020281592321406,0.5292648236984893,0.531268835350236,0.5408608548417452,0.5312688353514208,California
0.7813722171151192,0.5300790430281399,0.5069183736999082,0.5302778516436737,0.5321000849202508,0.5419076986923334,0.532100084921152,California
0.8106011559570516,0.5519893335995527,0.529681444685658,0.55251973098148,0.5542682604353213,0.5638455006234243,0.5542682604360067,California
0.8176537089952772,0.5574538415417111,0.5359644324783538,0.5573921780096442,0.5594257042078747,0.5660152073964748,0.5594257042083961,California
0.7151587845080696,0.4519096935390289,0.43245059349176274,0.4519114400884531,0.4540991065557929,0.46300411268139735,0.45409910655618946,California
0.7152166330737977,0.4507154926074437,0.42936278266680605,0.45038508020713813,0.4526982068358196,0.4604672146748096,0.4526982068361213,California
0.8192011403648751,0.5554336091012942,0.5113219657257483,0.5556399862689189,0.5576584511634317,0.5633171360412448,0.5576584511636611,California
0.7739083616856282,0.507334889472155,0.44329485977700633,0.5079506145544656,0.5096323429701151,0.5162677733256046,0.5096323429702895,California
0.7661707336605664,0.4970277974926015,0.44093352265921826,0.49763666712653865,0.4991205687485184,0.5051842498330192,0.49912056874865096,California
0.8701306817666103,0.5937504555041151,0.5379163426735706,0.593828794724101,0.5954096215524229,0.5994260049902533,0.5954096215525237,California
0.9051190409366895,0.6267394084151638,0.5709268777696463,0.6262077561033592,0.6280387882531759,0.6302798742936536,0.6280387882532525,California
0.8987409142005547,0.6171479964063025,0.5705251315209529,0.6163333661170582,0.6184759938712339,0.6201074809142281,0.6184759938712922,California
0.876787854683935,0.5932696360870464,0.5541287206015498,0.5923847727802432,0.5947956887335466,0.5981914524408884,0.5947956887335908,California
0.869809327132126,0.5863990061921236,0.5513283876013096,0.5853012075139403,0.5878935713400368,0.5929190322972641,0.5878935713400705,California
0.9075416470060199,0.6182572457826465,0.5871887738078349,0.617459207133509,0.6201232076740851,0.624049403190618,0.6201232076741108,California
0.9800950375975028,0.6871396603757892,0.6567811069708642,0.6865069160244965,0.6891862058405039,0.6918727785442362,0.6891862058405234,California
1.048028826240038,0.7512748085029485,0.7206058067731301,0.7503742299863901,0.7530749049601558,0.7548449182332536,0.7530749049601706,California
1.0360854621605198,0.7394032473611936,0.7143329086203177,0.7389914620975921,0.7415302362618865,0.7423093192712431,0.7415302362618976,California
0.9255097379555102,0.6221263846531472,0.5688784905506951,0.6218897239839435,0.6243067667407449,0.626997696188986,0.6243067667407534,California
0.942496716507601,0.6406393947898832,0.5625890606065971,0.6400497019978086,0.642493190520889,0.6471993999429093,0.6424931905208955,California
0.9750720017993629,0.6687868128413729,0.6044158415240599,0.6679016351651295,0.6704200037124703,0.6738585806875647,0.6704200037124752,California
0.9703629886646804,0.6557794893364004,0.6009763343783893,0.6545564628691916,0.6573095317139132,0.6596781534902261,0.6573095317139169,California
1.027764572301653,0.7140598996530397,0.6685463673493051,0.712546297586179,0.7152717381007657,0.7160427299930817,0.7152717381007686,California
1.0555249065719305,0.7410560048405473,0.7030866054184649,0.7393325305176937,0.7420682966894557,0.7422704573911134,0.742068296689458,California
1.0243181232925083,0.7063944672273567,0.6738822996460045,0.7044763123411263,0.7073480374457323,0.7070379274929154,0.707348037445734,California
0.9870174849444208,0.6666859810423419,0.6381875213373538,0.6651023468466091,0.6680700528032507,0.6663594113932458,0.668070052803252,California
0.9888008579418279,0.6693593169311415,0.635170597465241,0.6681785894955067,0.6711298032940419,0.6695293005046041,0.6711298032940429,California
0.9739219186543355,0.6495416176205175,0.6059068722277666,0.6487700866816937,0.6516609087086438,0.6487510075736168,0.6516609087086447,California
0.8765893950374403,0.550443458228654,0.508853449660674,0.549385110779518,0.5522273393359327,0.5508630731835208,0.5522273393359334,California
0.7397837842011624,0.4080057205209464,0.37083846323783465,0.40761191508697714,0.41000056295632215,0.4100876200402166,0.4100005629563227,California
0.6656132734605548,0.3294642714953506,0.2897289794060941,0.32982881210080267,0.3317065642248663,0.33350612997948703,0.33170656422486666,California
0.5910894750022203,0.2547437686643125,0.21869933633329486,0.25568512817733446,0.257174278910534,0.26027642597936096,0.25717427891053435,California
0.600284285141787,0.2575176287328282,0.22627236019449826,0.2589628872060663,0.26010673009866314,0.2643593131246434,0.2601067300986634,California
0.7102680969455364,0.36722238568268095,0.334572944742621,0.3685887447321512,0.3694978214208484,0.3758079422241095,0.36949782142084864,California
0.7424257737781165,0.3959879878057194,0.3666458827011059,0.397276016347216,0.3984242571054241,0.40516191928897616,0.3984242571054243,California
0.7305615416427094,0.37942512978150467,0.3524413719302421,0.38067490511135316,0.38201695265244207,0.3896487031394754,0.3820169526524422,California
0.7752815329988916,0.4237032344921677,0.39477597565127964,0.42460877078367815,0.42606175954363823,0.43445698997758475,0.42606175954363834,California
0.8053870803621631,0.45008474788911024,0.42223452260884464,0.45047874771843777,0.45217824097768367,0.4609756339924207,0.4521782409776838,California
0.8066131821262844,0.445625210673596,0.4217653284905444,0.44596771776607386,0.44797654627626415,0.45616300699718804,0.4479765462762642,California
0.7853164738279065,0.42453566100702833,0.3993894183695592,0.42481535709265406,0.42703021045836365,0.43381663684333105,0.42703021045836365,California
0.8189347196236616,0.4541976417597804,0.4239757012730244,0.45460316835182235,0.4568727235477772,0.4643693329950207,0.4568727235477772,California
0.9260191096524512,0.5582641437449612,0.526282958538136,0.5588144710503313,0.561048158123163,0.5668393710727881,0.561048158123163,California
0.9259766279223646,0.5558196705158438,0.525762147174542,0.5561595495530381,0.558482200276305,0.5616124325943936,0.558482200276305,California
0.7684365544640273,0.39851384078293506,0.3744057041127099,0.398593681845408,0.4006324088106716,0.40531663675920615,0.4006324088106716,California
0.6483251721461569,0.2775872499283866,0.25836268839241383,0.2779081307606853,0.2795903460349123,0.28469015636797373,0.2795903460349123,California
0.5677207723126283,0.19563371001132304,0.17786959841866679,0.19644470002700073,0.19784863522293816,0.20342358445164752,0.19784863522293816,California
0.5336155051184652,0.15935667073593576,0.14194542756459697,0.16043210181825734,0.161593303259173,0.1683406517884645,0.161593303259173,California
0.5628683819847591,0.18640329795875174,0.16945577865916883,0.18776212566721706,0.18885263279421075,0.19555941978367758,0.18885263279421075,California
0.6313310556658972,0.2531273658268383,0.2350781274922214,0.25446880396517313,0.2557438277728561,0.26333486591832655,0.2557438277728561,California
0.7044126831600198,0.32598349325285714,0.3084573653978825,0.3273206034951923,0.32871322878949855,0.33691268608221214,0.32871322878949855,California
0.7784767722309424,0.3994451135934843,0.38419204244239324,0.4004276345472181,0.4019003684555601,0.4099061710427726,0.4019003684555601,California
0.7803390708391076,0.39977044194516187,0.3858081474249665,0.40053485586264836,0.4019834572066685,0.40999550438713295,0.4019834572066685,California
0.6960776546953787,0.3159307687809586,0.3024100504497607,0.31656211710409665,0.3179427153701521,0.3252173548545644,0.3179427153701521,California
0.6049452062043763,0.22619898653834508,0.21492655169219319,0.22729832199868408,0.22847536296563656,0.23571300769636605,0.22847536296563656,California
0.5031187205245387,0.12496460275459298,0.11638704017435919,0.1263042105840005,0.12727815990818628,0.13416426199850165,0.12727815990818628,California
0.51069445646951,0.13155318374722488,0.10322453456979974,0.13269336918923802,0.13344978782736566,0.13902195952113408,0.13344978782736566,California
0.5837117699691962,0.2062502418266077,0.13537788323065544,0.20761280430225587,0.20818815717525735,0.21415611955268782,0.20818815717525735,California
0.5784361512573597,0.1999249304670926,0.11399589966962718,0.20166216353468383,0.20214440793159572,0.20872089888743117,0.20214440793159572,California
0.5335475501583663,0.15614038599020025,0.08497510990395514,0.15783879982054366,0.15851276674567155,0.16518033573388444,0.15851276674567155,California
0.5108840873915999,0.13403500554434533,0.07768116785730893,0.13580153612187137,0.1365543380251984,0.14444098872263925,0.1365543380251984,California
0.5489895976274527,0.17337280041294056,0.1265707701235424,0.17534962200984405,0.17609361666011725,0.18380391300518842,0.17609361666011725,California
0.6302517729269229,0.2539841674331752,0.2141942192336873,0.2560822212853546,0.25684524353110916,0.2637015050385009,0.25684524353110916,California
0.7083580709178354,0.3326397802991367,0.300628269996574,0.33449385482515337,0.3352915795564214,0.34105059316916075,0.3352915795564214,California
0.7380323702331912,0.3603053558420236,0.3293462623044773,0.3622244776481937,0.3630580213241675,0.3702226605903427,0.3630580213241675,California
0.7051604284603163,0.3289766012116553,0.29379483184298844,0.33068753125068,0.33158795491661563,0.33891931517705876,0.33158795491661563,California
0.7354028446825336,0.3583144203562858,0.3226437204096934,0.3598500424453402,0.3610631890612451,0.3706063263708175,0.3610631890612451,California
0.7579975586408684,0.3811372687932325,0.35095587074308204,0.3828010386056059,0.3839410430323744,0.3905151338855548,0.3839410430323744,California
0.6341873168491357,0.25608017066153205,0.22835379742027848,0.257877387939342,0.2588720653648402,0.2660928784915333,0.2588720653648402,California
0.553059756408202,0.17488186833066788,0.14763205541095983,0.17582306988950278,0.17702958273931538,0.18550046727517694,0.17702958273931538,California
0.4764105467572936,0.10088230595329548,0.07810691964660325,0.10134428502906959,0.10256147466070586,0.11041051301547339,0.10256147466070586,California
0.43938042508900876,0.065181164075886,0.04571312862828297,0.06618947346443224,0.06719035898814382,0.07395113494735768,0.06719035898814382,California
0.46126467509932556,0.08709019434327239,0.06046432831799467,0.08851405763175861,0.08935041628679792,0.09528342986113555,0.08935041628679792,California
0.5218179358233827,0.14743771213114826,0.11414213289794548,0.1486266303920563,0.1495437643161487,0.15599844933239532,0.1495437643161487,California
0.589930404174245,0.2135405674165434,0.1848157359604776,0.214686201599,0.2157034185836953,0.22208267730480297,0.2157034185836953,California
0.64046262663464,0.2640220321357651,0.23924092818017628,0.2648920565638268,0.2659173759455657,0.272769444241779,0.2659173759455657,California
0.6639050879094974,0.28726439204799614,0.2646919542227488,0.28858261660237716,0.28949659574101705,0.29589363431525434,0.28949659574101705,California
0.681898427088077,0.3042516071849606,0.27671250096861855,0.3058980147719894,0.3066966682833186,0.3143932140348168,0.3066966682833186,California
0.6431077752982235,0.265967525853132,0.23258401446854046,0.26754764206215953,0.2683550267931165,0.2754226012858566,0.2683550267931165,California
0.6531555860110481,0.276130614967124,0.21744581089144385,0.27706353368343306,0.27804958379439215,0.28798519986029236,0.27804958379439215,California
0.7272969044034399,0.35016028588765574,0.27338557145357645,0.35102729356488327,0.35195474637028734,0.36137664494731436,0.35195474637028734,California
0.7553732538581841,0.37754404930497143,0.31527896953999024,0.37807405926139026,0.37937600792153103,0.38617406097180845,0.37937600792153103,California
0.712318383727021,0.3346743957290581,0.2813401262716847,0.33482737553456776,0.3362756423448078,0.343963195763161,0.3362756423448078,California
0.7913958276494851,0.41334651751777096,0.3514348313256591,0.41341043631308066,0.4153398440120088,0.42092114272298625,0.4153398440120088,California
0.7820707909859879,0.4050982587167403,0.3297683029537246,0.4051552156007162,0.40733429120689757,0.4157329441624114,0.40733429120689757,California
0.7773931482192197,0.40012590391538594,0.3280837825190462,0.40030168029131585,0.4024634633391483,0.4119226968376285,0.4024634633391483,California
0.7605677432758022,0.3846730444395195,0.32549071859987844,0.38499670215318027,0.38715432431842983,0.39554814364609336,0.38715432431842983,California
0.7393182133684676,0.36192127050409617,0.3136321800167853,0.36257392302110325,0.3645105657941076,0.3715370580202867,0.3645105657941076,California
0.720011976288847,0.34143750453592486,0.301689416222385,0.342473923914502,0.34420560767585107,0.3499108908062998,0.34420560767585107,California
0.7525141402899186,0.3739818141957843,0.34119906215374673,0.3750323192690731,0.3766155908126766,0.3810890596267056,0.3766155908126766,California
0.8213950890113975,0.4424716451252317,0.39509655488635465,0.44327976641394834,0.4450442814994382,0.4475332538544561,0.4450442814994382,California
0.8322257648183282,0.453447691068028,0.3673427562410787,0.4542225005174465,0.4562083222497797,0.4566787600052076,0.4562083222497797,California
0.8718214317817783,0.49261827394437824,0.39725578852135124,0.4932039862513438,0.49529250095723537,0.4944252255509094,0.49529250095723537,California
0.9668882413162124,0.5881845143183431,0.5147888034527532,0.5880737608891813,0.5903651952385691,0.5889245636019809,0.5903651952385691,California
0.9643658768232151,0.5846025321170663,0.5200688107790559,0.5845913577091058,0.5870617581059249,0.5856767165261296,0.5870617581059249,California
0.9376671731474229,0.5581794428980166,0.49595588778017663,0.558144548142675,0.5608160966463511,0.5595106267637506,0.5608160966463511,California
0.9156262755339146,0.5361471870296293,0.4830783209012275,0.5360219775077129,0.5388967411508401,0.5375198145823978,0.5388967411508401,California
0.8610261249629148,0.48170518363141723,0.4370802344738398,0.48175283615755804,0.48454894342945676,0.4830120389147433,0.48454894342945676,California
0.8561430462342438,0.47642162712473424,0.438553160277356,0.47660451757279243,0.4793034505907446,0.4773043274745085,0.4793034505907446,California
0.8516396745004347,0.47219187885767916,0.44027690857834123,0.472558411924103,0.4751312621736309,0.47251443220503264,0.4751312621736309,California
0.8643348632571679,0.4853882713741973,0.45692958344577705,0.4858253714535755,0.4883208535754471,0.4858224875013195,0.4883208535754471,California
0.8171265481424536,0.4407300652858769,0.41659169162062976,0.4410185615447022,0.44351856044505755,0.4406080656018444,0.44351856044505755,California
0.7823307350700093,0.40735338820376804,0.38538682829918514,0.4078169112548279,0.41022723523555393,0.4080461392685837,0.41022723523555393,California
0.7594744355575456,0.3841600566763169,0.3642657096166935,0.38481985523120543,0.3870569829960495,0.38526948300860464,0.3870569829960495,California
0.6229157741095154,0.24692027975359898,0.22430747821228814,0.2477948623381605,0.2496290138436501,0.25006290682012633,0.2496290138436501,California
0.5243570972244413,0.15090187491805576,0.1251639966622904,0.15172201154278542,0.15323334771311314,0.15521507963088202,0.15323334771311314,California
0.5033655547991115,0.13135384503457037,0.10947270510423854,0.13269279213420393,0.1338646636663573,0.13643041014959328,0.1338646636663573,California
0.5826179999863724,0.21193262785075218,0.1764708382213866,0.21318814320777363,0.2141346468923984,0.2196614653224308,0.2141346468923984,California
0.5822934521949351,0.21135603542038664,0.15970087099250907,0.2124336452801656,0.2137945606027282,0.22156198414387837,0.2137945606027282,California
0.5462791499836831,0.17585902807830495,0.12771918872750224,0.1766611818348141,0.1784609759367099,0.18569604593168518,0.1784609759367099,California
0.5490275374871023,0.17880813881682467,0.13772026591687048,0.1797349423000999,0.18159203297408624,0.18889666803939745,0.18159203297408624,California
0.5770682038580105,0.20720551931843745,0.1695573705602674,0.2082810158933484,0.21002587322990368,0.21721822529777213,0.21002587322990368,California
0.5686503630506404,0.19855174761536792,0.16763554634611455,0.19978519798243305,0.20149172273774596,0.2078839377182077,0.20149172273774596,California
0.5378419941294076,0.16848575685355643,0.14227907176194188,0.1698358261583197,0.1714774279991287,0.17832058757814587,0.1714774279991287,California
0.5469576737611302,0.17729695276970117,0.1498639495440689,0.17870158975227068,0.180338528037036,0.18687023063429709,0.180338528037036,California
0.550801708681357,0.1815966063730889,0.1555933924926605,0.18330289079889764,0.18464701726438015,0.19240497573131718,0.18464701726438015,California
0.5329254081112049,0.1640535987336194,0.13871583866441858,0.16565313712896412,0.16719390341378346,0.17430525828132476,0.16719390341378346,California
0.668364656293702,0.29930522285497535,0.27432149124804606,0.3006092235621628,0.3024719231712261,0.30796739669023515,0.3024719231712261,California
0.7749752394342548,0.4060636860561868,0.38211155913119765,0.40673257745756386,0.40849728056144513,0.4124970194061126,0.40849728056144513,California
0.777604488599429,0.4095786975532687,0.38093585830794874,0.40968536437418157,0.4116820540772518,0.41396289713163964,0.4116820540772518,California
0.7813010476039187,0.4135536971574998,0.3820851117016039,0.41347591446551357,0.4158462372854777,0.41732455152688813,0.4158462372854777,California
0.7952863573983568,0.42928576426893794,0.3998734390444254,0.4285637110574474,0.4311578691700605,0.4308478117698856,0.4311578691700605,California
0.7527564446264853,0.385673686786024,0.36120076313450616,0.3851534853061036,0.38790655725318013,0.3869652349740587,0.38790655725318013,California
0.7207080252674891,0.35482948511016044,0.3334662297182146,0.3541883594032228,0.3570244579575495,0.3558275923014197,0.3570244579575495,California
0.7229978741570542,0.35719243511450893,0.3388769924771665,0.3567937150712782,0.35960477142136793,0.3579223547199233,0.35960477142136793,California
0.6844258331544717,0.31918252693178095,0.30418439230736416,0.3186474150334132,0.3214459381559447,0.3198483265692854,0.3214459381559447,California
0.5885558537115008,0.22351793568193157,0.20700411826310988,0.2230902137814534,0.22565970722349996,0.22692599187878493,0.22565970722349996,California
0.4530180251819464,0.4530180251819464,0.4530180251819464,0.4530180251819464,0.5654789149374166,0.4530180251819464,0.4530180251819464,Mexico
0.4461627710345512,0.44583225405060145,0.42570147244867806,0.44593815092704747,0.5392220331527712,0.4469595133951104,0.44507706644280365,Mexico
0.4372136749780994,0.437060130785,0.37041107109171817,0.4531961887518463,0.5145740044303304,0.43829757452492946,0.4357619411780051,Mexico
0.38694916553475805,0.38026378641108965,0.30337751512578737,0.41238134380082986,0.4446531386801399,0.38134476014563745,0.3786767882585204,Mexico
0.3967104947225837,0.3890608046366262,0.26367611064576085,0.43014849838394525,0.44230225894350117,0.39001345911994467,0.3870711352382364,Mexico
0.4605695949591379,0.4504780987868463,0.2866248315426394,0.49939148565257907,0.4943932461457833,0.45105331045484537,0.44815732969614197,Mexico
0.581143756154501,0.5713320934107687,0.41285205880398895,0.6293556401670956,0.6078301674473744,0.5723466416175337,0.5691244554045387,Mexico
0.6390061171785498,0.6271596253344669,0.4815009829179365,0.694733506514198,0.6575462847151159,0.625983157258137,0.6251443716617727,Mexico
0.6223019664200952,0.60705099538689,0.471805929055773,0.6801494653216585,0.6323940698704357,0.6072169961683873,0.6052692886920271,Mexico
0.675890537183716,0.6606279051187127,0.5307984670633323,0.739176026988297,0.681081878204018,0.661601009765532,0.6583747697451663,Mexico
0.6878913369034915,0.6668899617512911,0.5447582952592611,0.7477662433398088,0.6835515543468972,0.6682271470799964,0.6645426351165188,Mexico
0.7070787926897135,0.6848156374816328,0.5688208861277638,0.7632271569935517,0.6985601373936363,0.6867811816704243,0.682647102452977,Mexico
0.6894552584553896,0.6635734619421436,0.5509967350815542,0.7340569532590314,0.6747240603147572,0.6657009197815331,0.6614026990130603,Mexico
0.7329936564294592,0.7058870308866225,0.565275104525452,0.7676305378248952,0.7146902770304439,0.7087793584104952,0.7035384968959754,Mexico
0.6781519591276295,0.6426903081779319,0.5027923478793421,0.7156258659481572,0.6498011012967225,0.6446278259248716,0.6404655538739764,Mexico
0.6710765134963654,0.6317259089327821,0.45309191043006114,0.7123754493172505,0.6370288195219442,0.6307238209657025,0.629213704389521,Mexico
0.7950427256411065,0.754408641573025,0.5678350949768614,0.8419661795445464,0.7583974189239852,0.7528999095288815,0.7518551111441307,Mexico
0.9087456761407507,0.8631899502366732,0.6816720401823774,0.9601674616411998,0.8661258503526333,0.8605384713937275,0.8606490543795622,Mexico
0.884414134648053,0.8375714841073211,0.6684466612297805,0.9423601830635536,0.8395070902668097,0.8343270829916086,0.8349222717073692,Mexico
0.7989530192193767,0.7489367305942214,0.6029139964921303,0.8572667667526933,0.7499598545157132,0.7443733645774703,0.7461217416251937,Mexico
0.8656929608116993,0.8176226610464135,0.68541710808864,0.9249304640672057,0.8181648317166723,0.8123009283994769,0.8149518124075353,Mexico
0.8886853714362419,0.8387613784937752,0.714460408668385,0.9408565489483052,0.8391265614076819,0.8337812939238478,0.8364368299236531,Mexico
0.9353082323467734,0.8810357973876142,0.7670055784531388,0.9785177403406025,0.8813352063986678,0.8767597917418022,0.8790835375600765,Mexico
0.9990220896097868,0.9380609294176663,0.8323097473537169,1.0357026174048776,0.937553802170976,0.9329083691233067,0.9356688509820607,Mexico
1.02342776389758,0.9566811692766911,0.8495925370193367,1.0553466707821604,0.956227781709361,0.9519372566881201,0.9546498227645562,Mexico
1.0812160251800444,1.011647783099678,0.8980780404304636,1.1110071168521747,1.0108463965880805,1.006615729058958,1.009525431649502,Mexico
0.9908168352223379,0.9179920501026807,0.8132271234830679,1.0053778445196608,0.9172509318352494,0.9133295360107432,0.9161451056192385,Mexico
0.8130143617890947,0.7417415605265643,0.6490265920767142,0.8406432252973548,0.7405727104107743,0.7377631872627574,0.7396469843870898,Mexico
0.7732155647499163,0.698903753697331,0.563953929864968,0.8003266125371485,0.6973722459075482,0.6943841136930734,0.6965972880900186,Mexico
0.8002051045729349,0.7213831357426683,0.5529375642649176,0.8139891016354615,0.7198855733526013,0.715478431678695,0.7192368289038282,Mexico
0.8179838538845374,0.7328724620368157,0.566509290062837,0.8151798025161918,0.7312028663491312,0.7260896438449831,0.7306597795509935,Mexico
0.8633022130322446,0.7736364579054053,0.6225313995120106,0.8464877309805442,0.7721978177206943,0.7662523268654327,0.7717431806584901,Mexico
0.9377861041384137,0.8493619461916172,0.7149756963370316,0.9156709823586571,0.8479481027612248,0.84245342359893,0.847567510084256,Mexico
1.046243596283374,0.9539698446791616,0.8366531716094302,1.016149988321573,0.9520372148562521,0.9471537988997039,0.95171860733873,Mexico
1.090192112072002,0.9951689633499258,0.8867188369496537,1.0581972911903916,0.9934145106358027,0.9890858464224197,0.993147793075628,Mexico
1.025734768411052,0.9288278602107709,0.8302046821521335,0.9995783120790825,0.9273475605565467,0.9224245134331863,0.9271242819049353,Mexico
0.9942273732742668,0.8924695683058166,0.7920991074925541,0.9604318916510182,0.8906927411967747,0.8867552685287513,0.8905058267835178,Mexico
0.8936078750269134,0.7855256793645372,0.6917246356327729,0.8529075232899415,0.7835927438843779,0.7800876968255682,0.7834362712541867,Mexico
0.8904336038745418,0.7768228202634461,0.632723579239366,0.8326446672784613,0.7744505667123976,0.7718873312127221,0.774319577969623,Mexico
0.9457081572439814,0.831267027592209,0.6255055473188609,0.8777502522829626,0.8285291420983946,0.8271442993922271,0.8284194868141912,Mexico
0.8255588373069421,0.7094477564698991,0.5125317652233106,0.7759153951489264,0.7068357746261243,0.706279619386319,0.7067439783305113,Mexico
0.8208801793104394,0.6999082388273793,0.5128033578112178,0.7768411529131757,0.6970645740537396,0.6972308678331023,0.6969877281456788,Mexico
0.783884996281953,0.6570614822166206,0.489622022612311,0.733645010663581,0.6541776876133778,0.6528965346843681,0.654113357200628,Mexico
0.6956244414796073,0.5674486643000209,0.42203997575636076,0.6416370670721686,0.564242094415133,0.5633278497058435,0.5641882411637499,Mexico
0.62822728313201,0.49671256942415465,0.3710784674654146,0.5679970450404583,0.4932712933221086,0.49309498130835155,0.49322621087104757,Mexico
0.5599462061516393,0.4288961461589104,0.32031585350726716,0.4979339595388483,0.4252557080692352,0.42548915683254657,0.42521796796364314,Mexico
0.5613636001307337,0.43008109062267436,0.3296840035199151,0.49428767230838017,0.4263525022164136,0.42770116486329507,0.4263209086464861,Mexico
0.5877036367912251,0.45049521161071354,0.355014693701482,0.5082520881618818,0.4469956305215315,0.44917137849257177,0.44696918243281775,Mexico
0.6605442798358541,0.5171367604469153,0.41633945319441845,0.5666899458014342,0.513438634301256,0.5164203434734647,0.5134164936758625,Mexico
0.6393052743938769,0.49332492236435666,0.3922579383277009,0.5422636888941935,0.48955820146826423,0.49235083158183124,0.4895396667719344,Mexico
0.601880203573934,0.4505257625460125,0.3099842795051709,0.5056818345116286,0.4466647850898823,0.44953239694022656,0.4466492690436127,Mexico
0.6879234267965466,0.5337417336949565,0.35580631189026257,0.5815197161922273,0.5297588207800138,0.5325991139697346,0.529745831751893,Mexico
0.730509668813543,0.5744873127817393,0.34241356194784234,0.6288187119324772,0.5709618987654469,0.574241894667922,0.5709510251931084,Mexico
0.8090384126815172,0.6483201862078772,0.41147700408337606,0.7177570508503885,0.6450756335935305,0.6478054385625468,0.64506653094364,Mexico
0.808831571772183,0.6419452517686178,0.42663562800306526,0.7234182017121246,0.6390014241321733,0.6402287640586304,0.6389938039837575,Mexico
0.8257625652652412,0.6557230585867267,0.4625590912317417,0.745459582108748,0.65264919390889,0.6529293328887859,0.6526428148146066,Mexico
0.8827356441598582,0.7057959058791812,0.5336578430932247,0.7965863145488411,0.7030738046695983,0.7021764297220793,0.7030684645053844,Mexico
0.884658673746688,0.7110459225667891,0.5526415046485399,0.8035777223544129,0.7087433702641378,0.7082981214481371,0.7087388998248301,Mexico
0.85127498587316,0.6724781041607424,0.5294935851011313,0.7669803096347221,0.6703532550317546,0.669400662518493,0.6703495126697592,Mexico
0.8562206788188993,0.6753020461229243,0.5401635028481887,0.7715847183767965,0.6727364484182016,0.6726292207683233,0.6727333155553349,Mexico
0.8733040007653994,0.6904716624438496,0.5546633000900586,0.7864646883248758,0.6882174641416591,0.6870919044034067,0.6882148415119527,Mexico
0.9165073737111467,0.7307944853264563,0.572466061258707,0.8281580496467575,0.7284509332981597,0.726648296798967,0.7284487378025795,Mexico
1.0031657215681646,0.819293663983402,0.6450474784660172,0.9218639625214161,0.8169658885916092,0.8149287576189164,0.8169640506650307,Mexico
1.0758849239644475,0.8880360871932849,0.7070077926706111,0.9992858747497319,0.885810799421742,0.8822157547653845,0.8858092608287528,Mexico
1.0341257742072905,0.840825534882188,0.6419610645356878,0.9602182658485101,0.8386369347299705,0.8352108822493125,0.838635646719658,Mexico
0.9152861023318519,0.7158402079935807,0.5282860510383364,0.841173374936961,0.7136358576285091,0.7093310470808214,0.7136347793897698,Mexico
0.8608573198497801,0.6585550776548537,0.48877334995475913,0.7701452730059651,0.6562205552832051,0.6532068669045494,0.6562196526516286,Mexico
0.8943079223087619,0.6904464195927619,0.5344594087572851,0.7893135586758079,0.6877138892074856,0.6853574929109375,0.6877131335828421,Mexico
0.9000806482761161,0.6930724942257755,0.549190732520851,0.7829163165932191,0.6902195599484394,0.688348361874745,0.6902189273884708,Mexico
0.8263330940644996,0.6131507555177416,0.4871668251169624,0.6973938827961222,0.6104799251104563,0.6097703863431253,0.6104793955722558,Mexico
0.7407670383604508,0.5245133607268263,0.4153236259538541,0.6038185504060545,0.521526244825793,0.5217416577590018,0.5215258015307385,Mexico
0.7559244957750665,0.5377661548426705,0.44067670636915657,0.6083085113849892,0.5349335071335033,0.5364649676482501,0.5349331360356199,Mexico
0.7780071633652598,0.5549186215503628,0.4539996173993055,0.6156418609477491,0.5517510587641712,0.5533596406572127,0.5517507481050793,Mexico
0.8184417079210791,0.5912806112676723,0.4584024009145632,0.6507570297507608,0.5883208418417654,0.59083331696376,0.5883205817781119,Mexico
0.9366097350209616,0.7035440078618274,0.5715502654614861,0.7580766821451714,0.7005392796829895,0.7030643911387444,0.7005390619745571,Mexico
1.0640176385870932,0.8293343215691844,0.7156955160646262,0.9004046582078428,0.8267665388705756,0.8285092535329714,0.8267663566191888,Mexico
1.1119094729684524,0.8737068773432197,0.7075728656974898,0.9590742053223038,0.8714986051291129,0.8726223098851684,0.8714984525600662,Mexico
1.0275584600797307,0.7859692260515542,0.6061347036642302,0.884502189404559,0.783959586901703,0.7845406294073376,0.7839594591807872,Mexico
0.9331634974262302,0.6923182846558704,0.5318584465677233,0.7889308956610707,0.6901529466139642,0.6902264544734279,0.690152839694293,Mexico
0.8764074516129842,0.6313887722491583,0.4888328765042863,0.718881766958663,0.6290037354849112,0.6266952461723606,0.6290036459786935,Mexico
0.8173058008590737,0.5684043911767259,0.4397801669440212,0.6528558302974607,0.5656815592163983,0.5628505783942062,0.565681484287595,Mexico
0.745289237914943,0.49180933969945645,0.37809550294172845,0.575420089472149,0.48904614131211427,0.4869213349260951,0.4890460785865774,Mexico
0.6960563463807093,0.4394445176947892,0.3379916981490613,0.5212764471700364,0.43648949611494237,0.435081976395264,0.43648944360518904,Mexico
0.681840605068786,0.42483366017943774,0.33404173972220597,0.5027108599914836,0.421662732879755,0.42058287161973307,0.4216626889219934,Mexico
0.7577762336289711,0.4974415091656789,0.40921011047858075,0.5656581627713854,0.4943889144774411,0.49457556110192114,0.4943888776788526,Mexico
0.8409985830547474,0.5777199191173676,0.45768885898366596,0.6400567701681332,0.5743727971881145,0.5745044315154213,0.5743727663827217,Mexico
0.754165959938282,0.48804333104333647,0.3692989497801535,0.550769366578985,0.48505611139769184,0.48622957628691177,0.485056085609414,Mexico
0.6350840820124933,0.3662954757621973,0.2622617067781704,0.42216471002370154,0.36328384048664697,0.3644687796892765,0.36328381889837247,Mexico
0.6018096016345906,0.33206309647025317,0.19074725355068406,0.3784147255556308,0.3287869574344461,0.33038849206511417,0.32878693936214215,Mexico
0.6757237627603411,0.40640002118371765,0.2537319494170056,0.46232431997203494,0.40292710571179235,0.4044646251231027,0.40292709058283094,Mexico
0.642129355280877,0.37158247308385606,0.23294154475852447,0.44169076940035057,0.3684227547729448,0.37021961569685496,0.368422742107959,Mexico
0.6704850897510164,0.39846860255074334,0.2743961047369357,0.47886259522181795,0.3954110512805251,0.3973992799984579,0.3954110406782201,Mexico
0.7830011041408997,0.5099186174945445,0.39605038064042647,0.5948347430109442,0.5072763599715508,0.5097349259191654,0.5072763510959883,Mexico
0.9194999012207826,0.6448429086882517,0.5438932358338364,0.7287186906555823,0.642566369728523,0.6445453889326894,0.6425663622984774,Mexico
0.9187071314475797,0.6432299297103694,0.5520168347450045,0.7316502665563055,0.6413241588682249,0.6418855751873043,0.6413241526482724,Mexico
0.9316538438432665,0.6561561334175372,0.5674146411041947,0.7455949879922487,0.654543228772855,0.6550466601169901,0.6545432235659139,Mexico
0.8752660992518458,0.6004868812389186,0.5146556686415567,0.6833176389745325,0.5991017185537735,0.5986809394869343,0.5991017141948599,Mexico
0.7554272672068835,0.4813616144770522,0.39220097666309794,0.5642438413573378,0.47964546292162397,0.4799849017323151,0.4796454592726241,Mexico
0.8170641139355745,0.5443585912600277,0.4605494946654062,0.6234601420154232,0.5422441732755153,0.5436570003011152,0.5422441702208092,Mexico
0.88424119743119,0.6126255505741195,0.4778130842970453,0.7047519615787984,0.6106339798218171,0.6116325348995466,0.6106339772646151,Mexico
0.9511994398645418,0.6807060997825898,0.5074790504699319,0.7842676867311701,0.6783139868398881,0.6787539611842396,0.6783139846991644,Mexico
0.8640522243917329,0.5936488003383058,0.4333914911641574,0.7056472052430608,0.5909539351968602,0.5900065306022505,0.5909539334047852,Mexico
0.7102740478633428,0.4404385933139624,0.3048983201257972,0.5511382550195244,0.4379486520660075,0.4376180389114184,0.43794865056579846,Mexico
0.6265345195433355,0.3559797233592409,0.23880912300409202,0.4542145321812956,0.3537219578892606,0.35409737438103206,0.3537219566333828,Mexico
0.5646900905829341,0.2946380538057675,0.19270238740906687,0.3839680968136408,0.29203496572348164,0.29349359816144927,0.2920349646721422,Mexico
0.49708519218720887,0.22827474449442103,0.13769521030813928,0.3132605213102791,0.2255796166664114,0.2289076937618837,0.2255796157862982,Mexico
0.4598269639913104,0.1901307895629391,0.11076164765770087,0.2695895946836769,0.1877560961830887,0.19171586419817996,0.18775609544631494,Mexico
0.4409342460324398,0.17298335681122107,0.1035330819005945,0.24388814347883137,0.17034441901561248,0.17477480968399656,0.17034441839883324,Mexico
0.40615976777547586,0.13898986566436294,0.07551890005771227,0.20056895568932198,0.1362315580819009,0.141525420272747,0.1362315575655733,Mexico
0.40767443479224175,0.1402940997448153,0.055007997531997366,0.19290585416271183,0.13723412013019498,0.1430848713643982,0.137234119697959,Mexico
0.5261352994748876,0.2600687276789843,0.1489929987764927,0.3033263816457368,0.25672161479235583,0.263259666110843,0.2567216144305159,Mexico
0.6111185167786061,0.3440984092401119,0.18816790178522383,0.3869634661467614,0.34088922539562017,0.34540573092348936,0.34088922509271125,Mexico
0.5201085924918065,0.2536140102164418,0.09959862170422772,0.3043922293415038,0.2501415523228119,0.25489324446414063,0.25014155206923616,Mexico
0.43958578094252737,0.17457357582047617,0.036037209984846746,0.21957559499866008,0.17096349495269514,0.1750287516584729,0.170963494740418,Mexico
0.46770653455753647,0.20237936667687972,0.07065694184094946,0.24068224063734456,0.19864125750911366,0.2024019032569116,0.19864125733140892,Mexico
0.5186052432658016,0.25264235554297343,0.1266615237500372,0.28758425407146015,0.24920995764397105,0.25264187519350023,0.24920995749520816,Mexico
0.5022801061630151,0.235421765767897,0.12121547353088287,0.26877450208666676,0.23240562935448592,0.23632235892477338,0.23240562922995125,Mexico
0.4591505191152172,0.19203141413119595,0.08992994634130821,0.2296793470532249,0.188874894508395,0.19375052159500047,0.18887489440414262,Mexico
0.5404344298402552,0.27371409284400966,0.18108332835305416,0.3149576859293703,0.27044005349854433,0.2761184074259948,0.27044005341127103,Mexico
0.5893266976353975,0.32423443594299345,0.23676565717735124,0.3725571135889509,0.3213145520229191,0.3253309823663537,0.32131455194985953,Mexico
0.5917668460081826,0.3266568393275646,0.2398494728063037,0.38474661349444844,0.32364507591748926,0.3278113847632578,0.32364507585632857,Mexico
0.6057526195910735,0.3397198442957048,0.24719760372806576,0.40232907857693156,0.3366110977733897,0.34059610378164284,0.33661109772218994,Mexico
0.6227902178131092,0.358485274622516,0.2286073771384714,0.4164875165757873,0.35512249488830033,0.35898622446719985,0.3551224948454392,Mexico
0.6382484058978294,0.37261330872702525,0.180795711203162,0.42157901655890384,0.3690926854497844,0.37330600885250353,0.36909268541390383,Mexico
0.6911872254879197,0.4262584184021562,0.19362052199565322,0.480924146633177,0.42301252643751436,0.4275883566005568,0.4230125264074775,Mexico
0.6061844086106211,0.3416874994287579,0.12376550157075185,0.4118405069414436,0.3384181611646712,0.3425563920177768,0.3384181611395263,Mexico
0.48161239732092004,0.2166350479046205,0.031235377635822487,0.286926502782184,0.21325430008494636,0.21728277588487066,0.21325430006389665,Mexico
0.43460169753530115,0.170622807316138,0.005136250591487493,0.23039746672030398,0.16704126910167272,0.17075690674090335,0.16704126908405126,Mexico
0.4473379219762538,0.18416297074781687,0.03267958978235741,0.23496144533668503,0.18049267735616234,0.18390884961007697,0.18049267734141075,Mexico
0.5271843026381079,0.2653007493351891,0.12823796083663436,0.3128812244176246,0.2615845056901437,0.26481155767873477,0.2615845056777946,Mexico
0.5040224870895333,0.2422752127229946,0.12292507227715958,0.2909659454388468,0.23903383604831577,0.24351315122683953,0.23903383603797793,Mexico
0.45202711835836856,0.19060113035030946,0.08676841207731988,0.2388186477724888,0.18721065492659456,0.19171310868512975,0.18721065491794042,Mexico
0.4456454387591133,0.1864893199072255,0.0920600976482269,0.22846639985739203,0.1829751092670422,0.1878679553859421,0.18297510925979749,Mexico
0.48899704270306443,0.23117882948410035,0.1296537807176419,0.26635193216865005,0.22763369838518854,0.2337249915804547,0.22763369837912373,Mexico
0.4702046332189026,0.2124866482099531,0.10335151355064515,0.2440267963837106,0.20900425583412507,0.21494474631594612,0.20900425582904802,Mexico
0.5380347549215333,0.2809679891716024,0.1489357343956092,0.3115391360713724,0.2772660463957395,0.2833502912844936,0.27726604639148933,Mexico
0.5980060312051872,0.3410890541987365,0.15100631180646915,0.3859828411856671,0.3377012990648417,0.34320480389452657,0.33770129906128377,Mexico
0.7065378950131653,0.4506423797782133,0.2607087159476991,0.503241232673686,0.447297859025119,0.4519539292102096,0.4472978590221405,Mexico
0.7293954391847719,0.47410774461835126,0.28906240603312977,0.5332087902848356,0.47103699531603993,0.4748466923731658,0.4710369953135466,Mexico
0.7886312189426418,0.5331040625452143,0.3590035911196356,0.6061027045569046,0.5302311992278327,0.5324089358481566,0.5302311992257455,Mexico
0.8734521248248093,0.619329293586035,0.4636094168128352,0.697448934365691,0.6166779047523067,0.6179007966051442,0.6166779047505594,Mexico
0.8220954924923136,0.5694576710434245,0.432069740488742,0.6505117049426813,0.5667981206395347,0.5674669013276571,0.566798120638072,Mexico
0.7035298458985908,0.451566238639065,0.3325731841089098,0.5338191016895909,0.4487975319457237,0.448468567959982,0.4487975319444991,Mexico
0.6603644590980333,0.4091858554033482,0.3000621956595226,0.4927170450707411,0.40656501310086646,0.4060254773956672,0.4065650130998414,Mexico
0.6304323625973495,0.3807922455702857,0.2809711653478133,0.46570252001742446,0.37789523064347375,0.3764125323608087,0.37789523064261565,Mexico
0.6750769387807111,0.42841691843870344,0.33563537091773676,0.5179285525040429,0.42522495982591346,0.4239651418869155,0.42522495982519515,Mexico
0.7735765868121292,0.529811749365271,0.433791511400308,0.6213053896866598,0.5267902694919417,0.525259432547197,0.5267902694913404,Mexico
0.7399296256724802,0.4963792765481424,0.37187869200813567,0.5830969295521071,0.4931362055583993,0.4914940358532759,0.49313620555789595,Mexico
0.6622281652794566,0.42089474284872386,0.2506925113245539,0.518470368806474,0.41781973467823397,0.4167315151369963,0.41781973467781264,Mexico
0.727544953239947,0.48847664917387223,0.30252931670850985,0.5824952643664194,0.48551511022911065,0.4846452202354754,0.48551511022875793,Mexico
0.7971002814982001,0.5581012833401722,0.36805555457116496,0.6534181285268994,0.5551941023009076,0.5534024272172303,0.5551941023006124,Mexico
0.834771035094518,0.5974654860018409,0.417995485046905,0.7014018139636131,0.5942382307671551,0.5925233327653362,0.594238230766908,Mexico
0.8307760462828664,0.5935195278309146,0.43024979202358765,0.7011959076327974,0.5907056544066775,0.5881973394348904,0.5907056544064706,Mexico
0.8494350149611135,0.61332205413198,0.4621160884109777,0.7205550718901577,0.610198699880275,0.6076802701275115,0.6101986998801018,Mexico
0.8852859438016447,0.6490750481575835,0.5101718576145949,0.7564910218612806,0.6458834713977883,0.6435794681215002,0.6458834713976433,Mexico
0.9544610076785235,0.7190170173732581,0.5967311476125261,0.8263114037452557,0.7156746090577403,0.7126734259113173,0.7156746090576189,Mexico
0.9950042238766309,0.760779222645164,0.6545410169940662,0.861085383198448,0.757826298866932,0.7544274785349274,0.7578262988668305,Mexico
1.01036885255886,0.7774811911052992,0.6840749639650354,0.8615461475366744,0.7745374373882585,0.7710831790516246,0.7745374373881736,Mexico
1.0253858406343235,0.7932052680860701,0.7075152506834926,0.8636741412505283,0.7902691909498162,0.7867685235094337,0.790269190949745,Mexico
1.0561792236406389,0.8238176245234659,0.7317019187268199,0.8834745549647879,0.8213131051176992,0.8179251409366738,0.8213131051176397,Mexico
0.9249180974414796,0.6934304459785493,0.6017393998323228,0.7436064474092153,0.6909966273330034,0.687639483504323,0.6909966273329535,Mexico
0.7294954957972253,0.4983071012361334,0.4137611507361258,0.566641999553393,0.4958768884451914,0.4927527749712675,0.49587688844514966,Mexico
0.6387391148225136,0.40926370755523733,0.2797352842685124,0.47592033721757554,0.4064314731046652,0.40446620499655384,0.40643147310463024,Mexico
0.6863549832012007,0.45722582440190696,0.30830603337673657,0.5172951885828432,0.4541089255004418,0.4525252859914475,0.4541089255004125,Mexico
0.7285987890003526,0.5010843037803707,0.3582481238173142,0.5605315440029858,0.49767258285833316,0.49670112198171956,0.49767258285830873,Mexico
0.7081679946827623,0.4814298595522002,0.3476693702644781,0.550350072566545,0.47780181240932895,0.4752769391699818,0.4778018124093085,Mexico
0.6761909658898336,0.44949025130436454,0.3225485957674389,0.5251699911536108,0.4457169343811566,0.4434088039225311,0.4457169343811395,Mexico
0.5751857326068769,0.3477889315273362,0.23537332492158158,0.42848970896044253,0.344553745102002,0.3427007449379071,0.34455374510198766,Mexico
0.5728501697229287,0.34664539773725594,0.2404563840209376,0.42496711749677357,0.3435435467380582,0.342831128724561,0.3435435467380462,Mexico
0.6258036855673003,0.40124373993389156,0.2979457276226066,0.47867846453512236,0.3980206680343816,0.39674619519478643,0.39802066803437147,Mexico
0.6580529310619884,0.43406397492413407,0.3304972911439896,0.5176056626751536,0.43080394553198376,0.42926362878180574,0.4308039455319753,Mexico
0.7010098859030319,0.4771353141345483,0.3571281370339914,0.5638650296579726,0.4739292982025563,0.4720061565703758,0.4739292982025493,Mexico
0.6236580003099743,0.39999237740118737,0.2697701898927606,0.48943149469167635,0.39675650294727854,0.39501596206248435,0.39675650294727266,Mexico
0.6400656209764021,0.4161216106911422,0.27383044424745384,0.5127798360107502,0.41264314315636286,0.41134261652705706,0.41264314315635786,Mexico
0.6126431222252628,0.38850965053106845,0.22648251659413748,0.4947196811106269,0.38521663304455367,0.3839274159128811,0.38521663304454956,Mexico
0.48689700569267913,0.2637273109433691,0.11131772366806938,0.3713765641991398,0.26037873128727934,0.2567568734603085,0.2603787312872759,Mexico
0.4994137369756272,0.2783113167745885,0.13655343258443328,0.37756711437602614,0.2750181457484409,0.27026116493075536,0.275018145748438,Mexico
0.5785150689901635,0.3598037468271393,0.22449206620816814,0.4554434502001466,0.35629868024463557,0.35124298500608386,0.3562986802446332,Mexico
0.6035621985943643,0.3855026060244461,0.2602022556791153,0.4838452770842169,0.3820957217799849,0.37731538256170877,0.3820957217799829,Mexico
0.5873004591470621,0.3710754698489744,0.24973290126336703,0.46843932011690526,0.3674628323700611,0.3632024316880202,0.36746283237005944,Mexico
0.5848189776565741,0.37114126709725415,0.2503868515050388,0.4668307780863968,0.36762479652588753,0.36438943491613784,0.36762479652588614,Mexico
0.5488028689314365,0.33628775198786615,0.22268417634665175,0.4320703829696943,0.33288346457694923,0.3289947711094274,0.33288346457694806,Mexico
0.5399782465028993,0.32977252417335673,0.2196927765436315,0.4205300104200888,0.3261641132044607,0.3222776347094539,0.32616411320445976,Mexico
0.45429017770185626,0.24553131466175537,0.1414972031797803,0.3325870189984267,0.24188988636457293,0.2387564054805548,0.24188988636457215,Mexico
0.47509652575623984,0.2681005166326631,0.1286211725453773,0.34406817392151,0.2643039611120024,0.2628681126991905,0.2643039611120017,Mexico
0.5080537839769749,0.30315926528754117,0.10216068179061408,0.37299000003902294,0.2994870016481517,0.29798881263092064,0.2994870016481511,Mexico
0.5233132254684291,0.320706977791784,0.05462889781809188,0.39504635013433753,0.3168516704965735,0.3153980394748935,0.31685167049657303,Mexico
0.48170787640031104,0.28095426991416894,0.007275067059749618,0.36610658848862176,0.27722093013512017,0.27525079829623733,0.27722093013511984,Mexico
0.38003527584785757,0.18074395400874327,-0.05818010414987444,0.27549081711021667,0.17697157885688264,0.1747487721022386,0.17697157885688236,Mexico
0.37765918198287307,0.17863277655662133,-0.03342820697868901,0.2782725082548261,0.17538760105211162,0.1712454829179371,0.1753876010521114,Mexico
0.3846542942514314,0.1873700007811288,-0.0055461149916793545,0.2832926268186893,0.18389069103651856,0.17886667389867728,0.1838906910365184,Mexico
0.4161402336302141,0.22146502432712595,0.040828392832143054,0.3149253435448804,0.21774362497265537,0.21295974808671986,0.2177436249726552,Mexico
0.38476722279823694,0.19215832295009028,0.028864313526585014,0.2833470165873797,0.1884678961885986,0.18420072011585664,0.1884678961885985,Mexico
0.40341231186975823,0.21303248446576692,0.0655004580827937,0.30182028008886375,0.2093135593484314,0.2060488439031634,0.2093135593484313,Mexico
0.4575511920975615,0.2698100039895217,0.12613902805101695,0.3548113772722846,0.2659289196113152,0.2619080135646641,0.2659289196113151,Mexico
0.5434887040796195,0.3582326036385667,0.2263368235212595,0.4446199581660697,0.3542418276278946,0.3501520832640147,0.35424182762789447,Mexico
0.46465615273589267,0.2815737350826598,0.16746397266129465,0.37151780632534925,0.2777988245817794,0.27368761876402686,0.2777988245817793,Mexico
0.3916320467881394,0.21019204584479437,0.061098253677990516,0.30482085937239267,0.20628288373834883,0.20269924765697106,0.20628288373834877,Mexico
0.4760897501526177,0.29601020377482845,0.11596989230854017,0.38231353422073777,0.2922056874108624,0.2883030388457084,0.2922056874108624,Mexico
0.5915141972360617,0.4126419232568428,0.24388993497267136,0.5069465174093329,0.408739173755697,0.40418196475423696,0.408739173755697,Mexico
0.6195056466867919,0.44036260761432666,0.28882527839211836,0.5428694082403521,0.436994670730365,0.4322775392015902,0.436994670730365,Mexico
0.6060434807337108,0.42710475849513063,0.28626533738748283,0.5333196594269491,0.4241609327048299,0.41943107123708356,0.4241609327048299,Mexico
0.5881339863752267,0.40877980498068117,0.2752818712977239,0.5158957168622209,0.4059722983572018,0.40153140624448297,0.4059722983572018,Mexico
0.561368776468125,0.38198083462776744,0.2528366280532717,0.4890670856512834,0.37899839750641606,0.37460253050626646,0.37899839750641606,Mexico
0.554205120662757,0.3769900951566437,0.25224009992831653,0.4822210824317389,0.37387888253258716,0.36915520981927086,0.37387888253258716,Mexico
0.48084360429319023,0.3063525130961141,0.19422442934938416,0.4078644786990229,0.3031657028456225,0.298018673441621,0.3031657028456225,Mexico
0.4143103545630743,0.24033443121339093,0.1341849297493898,0.33262980118696506,0.23702890754295303,0.23309348218098858,0.23702890754295303,Mexico
0.31460262401899086,0.14326561032548069,0.04212125621579964,0.22857830055471112,0.1402582627110499,0.137824478030042,0.1402582627110499,Mexico
0.2123139625965014,0.04176251472671405,-0.05157107642536873,0.12131110805537373,0.038563173482483615,0.03643951854436529,0.038563173482483615,Mexico
0.10795573184832961,-0.06039858492232017,-0.15029010609696056,0.00978298535683339,-0.06383084402644798,-0.06490431829695965,-0.06383084402644798,Mexico
0.12354862667991143,-0.04240477630795095,-0.19478091959712254,0.01759744421975304,-0.045878147571050826,-0.046307071898689905,-0.045878147571050826,Mexico
0.20727544565581701,0.04358501509802404,-0.12987973694262994,0.10780214905668087,0.03998985102158137,0.039931334467940865,0.03998985102158137,Mexico
0.33169264146629174,0.16975008302724334,0.01646977122946794,0.23914231321028992,0.16600623172224863,0.16534391731042244,0.16600623172224863,Mexico
0.8664961654216345,0.8664961654216345,0.8664961654216345,0.8664961654216345,0.8655656318382444,0.8664961654216345,0.8664961654216345,Chile
0.8517999137497562,0.8524866665624964,0.8114821030355873,0.89598349927086,0.8517739743899558,0.8516790400243431,0.8525623997616274,Chile
0.8019882133656923,0.8029374122242722,0.7153660874050644,0.8688744630116911,0.8023474783906536,0.8021197091552582,0.8030154978773127,Chile
0.8185505491392062,0.8241727023981849,0.7295955393887589,0.899393324370939,0.823811107397537,0.8242395259778977,0.8243771090136575,Chile
0.8495600442136026,0.8560767410943632,0.7650683617722623,0.9597646552154928,0.8559234413096318,0.8559445096273365,0.8564030049089709,Chile
0.8616305818261445,0.8700951133128125,0.7856249679630264,1.0072125460151464,0.8700721246402765,0.869189647469739,0.8704784507694975,Chile
0.8748281301661227,0.8830703186079853,0.8039815129851487,1.021403938266638,0.8831242356800743,0.8819999799187423,0.8834685089391691,Chile
0.8322497484744248,0.8418700798228751,0.7646159727385475,0.9837737188711752,0.841947599446741,0.8407053150502866,0.8422392963581727,Chile
0.7958916963228337,0.807781894368465,0.7354373457167979,0.9584877191654262,0.8079209515390068,0.8051466433600706,0.8081681014000286,Chile
0.7189757222128572,0.7312583532681306,0.6672579838281243,0.8877071871084312,0.7314553648015418,0.727940915554387,0.7316647706999564,Chile
0.6092180529664661,0.6260466007754005,0.5694396329886474,0.7943156339896802,0.6262729742259858,0.6223291252626493,0.6264504003030611,Chile
0.4993537066336801,0.5169144189878552,0.4666088718238787,0.687065845934244,0.5172352401043427,0.5139188509874374,0.5173855702195147,Chile
0.37028443880095535,0.39035537794556036,0.33731033424703527,0.5510142758201259,0.39077256185137305,0.3900829118280381,0.39089993401616485,Chile
0.374263976229233,0.3953218589921284,0.3404692241762281,0.5330209417011723,0.39581688954034894,0.39897712434009314,0.3959248098219585,Chile
0.3909233976955881,0.41786577446362344,0.3634157504784897,0.5374532369963473,0.41833464886819866,0.42097342778121766,0.41842608789808183,Chile
0.2320398129822323,0.2620217640561129,0.21133086455865774,0.3820771302261507,0.2625085197419727,0.26858848090714016,0.2625859944859344,Chile
0.18270975369821263,0.21368465669280523,0.15410819673003384,0.3353410915105853,0.21424401885748645,0.22006542040648408,0.2143096618980962,Chile
0.16236835010196404,0.19685029195434678,0.12375843918959506,0.3376570481777577,0.19747414591816642,0.20631342764742433,0.19752976415657736,Chile
0.1632413706444436,0.1984672564147773,0.12166346736018385,0.36691438911384083,0.1990858059629272,0.20935092486142248,0.1991329303559352,Chile
0.19819092533231675,0.23551057892943583,0.16289334004911482,0.4240121327788109,0.23618616943585086,0.24460006811105506,0.2362260971372636,Chile
0.15485699707030143,0.19102533462321464,0.12683969975085096,0.39718871162723673,0.19162464104388027,0.20177017990297508,0.19165847111018658,Chile
0.1534482395681277,0.1908114065454179,0.1339363540627121,0.3814077082958593,0.19146321674356837,0.20503744312503935,0.19149188038674825,Chile
0.21495959813084786,0.25524905176501494,0.2009751533893362,0.4297800064150583,0.255937634667896,0.2701384989599777,0.2559619208881152,Chile
0.33516120821500117,0.38058964514808563,0.3283059436007341,0.5538498465166882,0.3813184958910478,0.3931866747897965,0.3813390731948062,Chile
0.2956740720171198,0.3451917685786648,0.298740242542401,0.5368900338683718,0.3458384086061192,0.35544270437383246,0.345855843407671,Chile
0.15945932192325363,0.21125461354955877,0.1462685388402723,0.41643587397722504,0.21187503428689342,0.22335887369325952,0.21188980649945927,Chile
0.15550539416698628,0.2095299173932328,0.12315174786427385,0.41777165927405446,0.2102099021639759,0.2225592749275379,0.21022241840991318,Chile
0.13216414089463413,0.18580663490549215,0.10094935556707435,0.39868770144752447,0.1865204486970114,0.19714934042903626,0.18653105350056837,Chile
0.10888873094838547,0.16487544951330635,0.07524322303259501,0.3903997614659101,0.1656187156548128,0.17553565868677756,0.16562770092555978,Chile
0.19565571575384472,0.2547601121679598,0.15480598459908756,0.483299328754823,0.2555406057845649,0.2644790908599691,0.25554821885254514,Chile
0.26305708528623545,0.32676741695410483,0.22759548894913995,0.5730216558146426,0.32752128828451976,0.3348779077809815,0.3275277387082971,Chile
0.3149485451257026,0.3818265496906603,0.2880880769744759,0.6341200983948232,0.38253023656214946,0.38724724158450285,0.38253570189715175,Chile
0.31198735658274707,0.37804971101844004,0.2929272871751068,0.6352097536442354,0.3787792562086895,0.3820040459147066,0.3787838868946286,Chile
0.27076626111379287,0.3400387579665705,0.2663574427731008,0.5857894097970612,0.3407014135519124,0.34460932702555075,0.34070533705381256,Chile
0.26629300958875657,0.337457263686591,0.2720943200847108,0.5661500098109661,0.3381289009763973,0.34306961499576283,0.33813222529321846,Chile
0.2466744953581942,0.3191182765022383,0.2602281097900851,0.5269908193176553,0.319739607713985,0.32402176813498207,0.3197424243514198,Chile
0.28574800539840806,0.3619145624577442,0.3091469647306849,0.5452935507832584,0.3625233169382966,0.3697579273636113,0.3625257034275711,Chile
0.455854571337357,0.536773598409797,0.4888899171846803,0.6947376959109566,0.537298443937335,0.5428874282681786,0.5373004659693463,Chile
0.5590473300472133,0.6442494056304813,0.5707872840702178,0.7822387351297977,0.6448280385029428,0.6493281074557998,0.6448297517364774,Chile
0.6402015304403477,0.7263634360157648,0.6431812168550999,0.8671133285659348,0.7269880655475454,0.7301364887520183,0.7269895171413517,Chile
0.6242611853588502,0.71161200276521,0.6356941601147101,0.8505087687000992,0.7122811833871765,0.7147253639781488,0.712282413298065,Chile
0.5508712005209866,0.6420052602448238,0.5699837824911407,0.7620172194125543,0.6426049918684461,0.6445152154305969,0.6426060339511466,Chile
0.5359838978207452,0.6313862848103308,0.5552743390581492,0.7363387198870956,0.6320080524722039,0.6388287082494476,0.6320089354112564,Chile
0.5749545612962477,0.671654811431837,0.5942765451872218,0.7699013473526515,0.6723264101977715,0.6768034376088559,0.6723271582971019,Chile
0.5517087138690709,0.6510654723772141,0.5742812559910985,0.773236934769336,0.651747413345497,0.6551319951407021,0.6517480471974108,Chile
0.5068289089058129,0.6061548056502164,0.5332766688335945,0.7531584651681761,0.6068397277474211,0.6092007217508679,0.6068402647994304,Chile
0.45111837492111756,0.5507524573089481,0.4846428061563733,0.7095855104752901,0.5514868139781883,0.5540061884169946,0.5514872690132754,Chile
0.463260236424782,0.5670937912933739,0.49969902520183124,0.7280832777203318,0.5677441111030991,0.5705723170932517,0.5677444966466345,Chile
0.4463532873773647,0.5547763469027001,0.4791524211363032,0.7065204422614499,0.5554678300912617,0.5580476572606595,0.5554681567557804,Chile
0.43616711377912243,0.5466143755636076,0.46855022788425926,0.6978012642879331,0.5472989281941898,0.5515097802295773,0.5472992049715133,Chile
0.5413706233596227,0.6558417409928573,0.5838293480764494,0.8243359162902855,0.6564990960145162,0.6595770850326369,0.6564993305232627,Chile
0.6106560284781754,0.7273918813813648,0.6384170214648195,0.9082205717277638,0.7280270730660554,0.7303600173809773,0.7280272717613513,Chile
0.6021783538787159,0.7199956961329641,0.6148028319365969,0.9120536760011361,0.7206870057359623,0.7218822347256165,0.720687174087127,Chile
0.6068627031806918,0.727895655986078,0.6224169143789451,0.9355487558747713,0.7286226884781326,0.7295121483891571,0.7286228311192279,Chile
0.5434277789439959,0.6687363488864595,0.5733863265358111,0.8876425459176138,0.6694675361152541,0.6690436058129681,0.6694676569726424,Chile
0.48533131566218735,0.6131085520386904,0.5245448858196116,0.8501777041692483,0.6138535221616054,0.6134898672615783,0.6138536245620271,Chile
0.4659942127280728,0.5985852648792953,0.5166200904689389,0.8478601882571516,0.5992884576113414,0.5979462982309871,0.5992885443734873,Chile
0.4593580830471883,0.589530592029474,0.5140966058507779,0.8508767637124658,0.590214464266189,0.5891059893233354,0.5902145377782881,Chile
0.4736359195568283,0.6071771638608296,0.5355479338598443,0.8757450844483068,0.607764142195783,0.6058285301667585,0.6077642044813417,Chile
0.43656873085251113,0.5721392959959533,0.49584381881117995,0.8438249717589761,0.5727066433941699,0.571770733719942,0.5727066961676707,Chile
0.3172280097289524,0.4541683001189188,0.3813658195460536,0.730079380315632,0.454687455539242,0.45469058555310427,0.45468750025333693,Chile
0.14331214816485038,0.2829538370451865,0.21516783576048693,0.5524026969132386,0.28341627879280484,0.28681281591936697,0.2834163166783014,Chile
0.14550592228162496,0.28402304145579294,0.20017420266045427,0.5174895528760984,0.28441966258562823,0.2882103982372655,0.2844196946853689,Chile
0.1385275393152488,0.2798920928978291,0.1897494827623427,0.4780080808223542,0.280245112084337,0.2891356684553376,0.28024513928190453,Chile
0.05109907483466819,0.1964181522798935,0.11289475386749992,0.36427847908765504,0.1967172594677455,0.206743981661501,0.1967172825117846,Chile
-0.014784511326751182,0.13497973661757046,0.058986880298941224,0.27840127888599303,0.13528232480463864,0.1472793226021299,0.1352823443294634,Chile
-0.05652030670223013,0.09542338905676234,0.02823646838520072,0.2204945920354121,0.0957908246017889,0.10750468048933742,0.09579084114484276,Chile
-0.05545293818918007,0.09794603546963354,0.0386022235105713,0.21149447503922275,0.09837850346195309,0.10909289201513367,0.09837851747860293,Chile
-0.0159643939961851,0.13979123241664237,0.085429580387412,0.2410156148696232,0.14029890992433763,0.15022559653732837,0.14029892180040804,Chile
0.022650687283774507,0.18230207145814237,0.13011424098196933,0.27681998695841925,0.18288068201671048,0.1948842706972317,0.18288069207910412,Chile
0.06685529949317526,0.22905826034730603,0.1741211250674301,0.31730706386413265,0.22968371827047807,0.24215791706512846,0.2296837267961741,Chile
0.15108287070084903,0.31468566430424777,0.2524452361662105,0.3973355527945823,0.3153504042247147,0.32809093808351875,0.3153504114483928,Chile
0.28484744294538666,0.4523544964766837,0.39213524686852097,0.5261959342407434,0.453003015102899,0.4657915162055753,0.4530030212233993,Chile
0.3168266252388844,0.48727532036744436,0.432001147864256,0.5542122185031197,0.4878952237854871,0.4982537192197263,0.48789522897128357,Chile
0.3306025372972677,0.5050766649689138,0.42372288297116845,0.5638610744171265,0.5056642658734098,0.5143063066135549,0.5056642702672475,Chile
0.3982535838212559,0.5734169921640466,0.48032646196140266,0.6648567917609094,0.574029922913722,0.5817925569952984,0.5740299266365463,Chile
0.4144897926925476,0.592210931762202,0.5045010482396011,0.6872281734828432,0.5927778242224818,0.5986456743564721,0.5927778273767679,Chile
0.3262366547949527,0.5064142863992611,0.4239383886060648,0.6216579376848014,0.5070340438651961,0.5117623839776282,0.5070340465377693,Chile
0.2117616776544579,0.3924958793311609,0.31808581501652516,0.5221129700198522,0.3931602309164489,0.40007631345109335,0.39316023318087495,Chile
0.18155497624435984,0.3655045532824186,0.29610036988731353,0.48370801461091634,0.36613158680303604,0.3746722383013262,0.3661315887216459,Chile
0.17202553449749525,0.3590764957873924,0.295148013132931,0.47162865429834105,0.35967610227474583,0.37028573759838807,0.35967610390035154,Chile
0.18789392655883425,0.3778668964832726,0.3160908928478487,0.4903064498217942,0.37853024931860857,0.3912357072077846,0.37853025069595675,Chile
0.1902482938446335,0.38313036279035073,0.3250932924064146,0.4931280884940228,0.3837956393236555,0.39560066905724195,0.38379564049065934,Chile
0.14832952697053559,0.3421568463857941,0.2898949177403774,0.4457783888574789,0.34281836075603317,0.35576888636184084,0.3428183617448158,Chile
0.17700264435535373,0.37362133436824374,0.3039245152018659,0.46602035459064034,0.37419540029384785,0.3869327168295935,0.37419540113162664,Chile
0.2925379726908105,0.492082741455014,0.3796222898289501,0.5770710538322105,0.4926731190849747,0.5051340456780447,0.4926731197948105,Chile
0.27351252592541797,0.4752248760772146,0.3464004843371523,0.5608586917484222,0.4758705500748734,0.492432423968875,0.4758705506763053,Chile
0.2920844188069577,0.49592149590257134,0.3612108779129517,0.58230147253022,0.4965264670483537,0.5195640096695385,0.4965264675579368,Chile
0.3954557174181131,0.6008389550137448,0.46136010453379345,0.6959641312447782,0.6014922685127864,0.6197971801333282,0.6014922689445474,Chile
0.4741465939220965,0.6806977217527256,0.5433958949388263,0.7739299771095761,0.6812667409620622,0.6966677855493222,0.681266741327886,Chile
0.48797889186129206,0.6956409879822338,0.5615357652150776,0.8139666481346295,0.696250123921615,0.7102744572357028,0.6962501242315714,Chile
0.445610294192265,0.6542469277267561,0.5303032072676961,0.8015087260938886,0.6547646389942353,0.6663278206590646,0.6547646392568561,Chile
0.36956101314062545,0.5786582590064787,0.4698427944925213,0.7473599910844831,0.5791576941211884,0.5924397594743934,0.5791576943437027,Chile
0.3710829428209221,0.5808213619016435,0.4825917742304847,0.758748392398182,0.5813401114861293,0.5928424106010779,0.5813401116746618,Chile
0.35208391089476887,0.5623196963591042,0.47285737176628356,0.7539948029340515,0.5627786199687135,0.5715643227648872,0.5627786201284539,Chile
0.24866742306187023,0.45902460534014555,0.3807734463373027,0.665241539588368,0.459566373471567,0.46801177987582193,0.4595663736069124,Chile
0.11767261305152565,0.3271646477736305,0.25946852228598444,0.5369488931714268,0.32773201771394295,0.33675181308923613,0.32773201782861877,Chile
0.11224923534371878,0.32262252613738734,0.23075441189621704,0.5219041622647762,0.3232090071960167,0.3342845839864602,0.3232090072931796,Chile
0.1333287453489302,0.3428405328940086,0.20943761971682906,0.5404046880556299,0.3434659898652177,0.35606928216084377,0.3434659899475421,Chile
0.09512163263655254,0.3036829262774397,0.1661207544516622,0.482837345701966,0.30421606676458923,0.32140081653657127,0.3042160668343413,Chile
-0.010702922178551677,0.19888863198890744,0.07923737796950447,0.362774377959863,0.1993863471843017,0.2143881519909358,0.19938634724340148,Chile
-0.05740429643802847,0.15174805806817993,0.04431752232174613,0.29755249752307666,0.15223358661058184,0.16737461629162464,0.15223358666065606,Chile
-0.048567665684679184,0.15955594863736744,0.05827579717996079,0.30042346253199304,0.16008971884434253,0.1748642418637817,0.1600897188867696,Chile
0.01999661764065286,0.22808360064493838,0.13281446330136704,0.3641631875671539,0.2286268746973502,0.24282358117295216,0.2286268747332979,Chile
0.09270312553802007,0.3001857614728624,0.21224123563212827,0.4436021619978835,0.3006589727879997,0.3160801175467014,0.3006589728184576,Chile
0.15933674464981773,0.36555410401282395,0.28422255228166227,0.5222701126793848,0.3659919373009666,0.37956022429642117,0.36599193732677304,Chile
0.19645907652103267,0.4026160607319447,0.3268525467505876,0.5766394808816998,0.403073784021528,0.4180958077779744,0.4030737840433934,Chile
0.2777159501097869,0.48269847671615884,0.4102075649504595,0.6723497077594567,0.48311204526766127,0.4954559248534192,0.48311204528618745,Chile
0.23892541883144602,0.4436640472650868,0.3780014954038219,0.6489375291886673,0.4440574676680367,0.454292807280482,0.4440574676837336,Chile
0.11210684112899683,0.31749650649006583,0.2426700139372543,0.5352659671798319,0.3179739888118485,0.3288435821543069,0.3179739888251482,Chile
0.02467984603084833,0.22850119350280235,0.13892381523386743,0.4564125445166912,0.228975141232376,0.2408175076630224,0.2289751412436446,Chile
0.07597651748298473,0.27967742153340136,0.18882600013892348,0.5015436656998731,0.2800903389469125,0.2930085025806721,0.28009033895646007,Chile
0.12168626784753178,0.3249776678965965,0.2364301735283768,0.54205454213262,0.3253483402999928,0.3367152730976617,0.32534834030808235,Chile
0.07330765082008023,0.27564546786665,0.1943593697156063,0.5014679288809907,0.27610688224834445,0.2862116513795458,0.2761068822551986,Chile
0.055063600493510556,0.256957964705667,0.18075612835851107,0.46447770497958146,0.25747277889063613,0.2692555910776713,0.25747277889644354,Chile
0.032205430683839686,0.2344817484649515,0.16308799166146037,0.4442872156568349,0.23505404968494775,0.2463390620109872,0.23505404968986826,Chile
0.0561586895154198,0.25858697948709897,0.19424705051892288,0.46624471084654534,0.259138675321943,0.2703812358038563,0.2591386753261121,Chile
0.13803628934579792,0.34052642074873785,0.28274222677170935,0.526212536034005,0.34112758002538934,0.35317750960657074,0.34112758002892174,Chile
0.24360970683407912,0.4459974015048063,0.3897526957876509,0.6130673379882319,0.4466404703193692,0.45937447008730053,0.44664047032236215,Chile
0.2978795823897742,0.4987356287011082,0.4447429239096736,0.6644654114501217,0.4993642578837694,0.5099006735710169,0.4993642578863053,Chile
0.24056953383645086,0.44129606240943803,0.3897833810655403,0.619182496351273,0.4419433793862607,0.45486379028777685,0.44194337938840933,Chile
0.2697455320786116,0.47081753178176594,0.4076599464264032,0.641755958172593,0.4715088490168201,0.48558405761050916,0.4715088490186406,Chile
0.3900594413485112,0.5897611691046426,0.5046699759246046,0.7490499381531291,0.5904628681710595,0.6078703726873476,0.5904628681726019,Chile
0.36866053077214783,0.5688458367291038,0.4822569022498247,0.7285853773486004,0.5695430262336489,0.5852276905625658,0.5695430262349557,Chile
0.23158006558464966,0.4308006474914627,0.3507968975619735,0.5817314376784422,0.4314908038977609,0.44673931298443137,0.43149080389886807,Chile
0.11328404929682057,0.3122085946574326,0.23956663715273407,0.464567863023106,0.31289424029317797,0.3278621164812704,0.31289424029411605,Chile
0.08146603950157427,0.28018846137216413,0.20643488821663775,0.4447719394590551,0.28087304305070476,0.29640881138819525,0.2808730430514996,Chile
0.09689507606303605,0.2950313738137126,0.2177895182220746,0.47776818727340803,0.29568457935649395,0.31121947093653496,0.29568457935716747,Chile
0.18755085896836776,0.38516726580271604,0.3119082297071061,0.5711222706211119,0.38587243075395716,0.40031615238547247,0.3858724307545278,Chile
0.259322897562584,0.4553244287876255,0.3842872636797148,0.6637157556381255,0.455928305869267,0.4672521698583328,0.4559283058697505,Chile
0.28377687054472966,0.47944317839678285,0.40724588808629064,0.706743022307953,0.4801089183553177,0.49115110057670136,0.48010891835572733,Chile
0.27902209841426684,0.4743636282069396,0.40641010608813477,0.7166779537347675,0.4750347876544843,0.48501514033241167,0.47503478765483137,Chile
0.2143846845818529,0.4085276785730407,0.3457443644828488,0.6563242507005791,0.4091498532884042,0.418990149680176,0.40914985328869824,Chile
0.24643497018369576,0.439816438543652,0.37235108969911324,0.6810543805571262,0.44048552797369706,0.45069325372424707,0.4404855279739462,Chile
0.21906805408306032,0.4122315611497189,0.34429704364380304,0.6432999722051402,0.4128742025099104,0.42616373972489213,0.4128742025101215,Chile
0.11293926681075034,0.3056087151193948,0.23766789803864125,0.5237545324744247,0.3062983993286463,0.3214503483702226,0.30629839932882513,Chile
0.005102426919978809,0.1975965787776357,0.1288528033048345,0.42642547693729554,0.19832663102309794,0.21536270517052025,0.1983266310232495,Chile
-0.003822192363883592,0.18760178581549658,0.10771094557403915,0.41424702072253167,0.18832267826423865,0.20496427769480385,0.1883226782643671,Chile
-0.0050372513637899075,0.1855862925082411,0.10429047623776211,0.39085124096927637,0.18623695844068666,0.20419839485122493,0.18623695844079546,Chile
-0.012975378747896116,0.17703990727050206,0.10238395387586352,0.3516857575832473,0.1777459527133023,0.1950029523769612,0.1777459527133945,Chile
-0.009322761719718242,0.17983526119304927,0.1118217202567055,0.33368068040255744,0.18056859554578697,0.1960386559582864,0.18056859554586507,Chile
0.037530502734248405,0.22598234205636664,0.1637515946497461,0.3652933092091543,0.22667349331472675,0.2421576322996457,0.22667349331479297,Chile
0.1024942918884224,0.29016913177172354,0.23303556141705362,0.41981707505568355,0.2908951904863687,0.30699317391314596,0.29089519048642476,Chile
0.17676750799227647,0.36379146414007174,0.30651478933785953,0.5003458149918087,0.3644408763382442,0.37907214810887013,0.36444087633829164,Chile
0.19773091294098655,0.38418392573027343,0.3299366258586994,0.5314968358326357,0.3847727724413108,0.3966953806059732,0.384772772441351,Chile
0.2197661753221135,0.4044560739328614,0.32975161414846826,0.5525323605736479,0.40500567342637356,0.4166074126242944,0.4050056734264076,Chile
0.31937430708396547,0.5021352337442199,0.39376048454576656,0.6701453170621318,0.5027175049857873,0.5150768289485128,0.5027175049858161,Chile
0.41596177046276117,0.5984234431846628,0.4605228093502442,0.7773373463328459,0.5989717448575856,0.611423583208157,0.5989717448576101,Chile
0.34505930985477895,0.5260151079795982,0.3781866282319911,0.7180057625610408,0.5266236983652912,0.5412756391695542,0.526623698365312,Chile
0.3852068605567348,0.5646428952818889,0.4279267753704255,0.771360598943493,0.5652633941375274,0.5772089666709044,0.5652633941375449,Chile
0.37004086170624895,0.5494566372299328,0.4283647278275846,0.7745228462220642,0.5500925591316519,0.5606032092657169,0.5500925591316668,Chile
0.27460221535558066,0.4532988136936294,0.3433719268203373,0.6892696896684194,0.45392472520731136,0.46579307207914755,0.45392472520732396,Chile
0.2612550425384398,0.439672772878525,0.3367068872263629,0.6652376747872546,0.44030942578683996,0.45202530535371116,0.4403094257868506,Chile
0.2527822776094645,0.43069525683108995,0.3387278919837615,0.6453957976734379,0.4313009957686485,0.44259711559106535,0.4313009957686575,Chile
0.2235006466147279,0.4015204450198478,0.32268981405101316,0.6198031643293614,0.40217303107409075,0.4147663403541695,0.4021730310740984,Chile
0.21295775489475743,0.3906025486250385,0.32022960122269734,0.6084573104251754,0.3912978677467343,0.4036512084987296,0.39129786774674075,Chile
0.1796161514927027,0.3563295598329322,0.2913441423460618,0.5752546119747125,0.3569885169078233,0.3700715400328661,0.3569885169078288,Chile
0.12972203736124843,0.305649524509114,0.24521835106949563,0.5170409527787869,0.3062744467358705,0.3199371733137028,0.30627444673587517,Chile
0.06082819990443161,0.23634655905175567,0.1825497703852209,0.44135487519369637,0.23694264412715166,0.25109654363886114,0.2369426441271556,Chile
-0.047020241882289426,0.12834077115500409,0.08103465666172832,0.33971094501499777,0.12897725656230052,0.14619706361168427,0.12897725656230385,Chile
0.018354428882760176,0.1935176621443857,0.14904785749935734,0.3905038841572126,0.19417172258011128,0.21329262949492878,0.19417172258011406,Chile
0.22084228770598469,0.39590098429163856,0.35026933047081255,0.5729947927678999,0.39660817080111843,0.4188797904536967,0.3966081708011209,Chile
0.3981221594985843,0.5723147346219377,0.5199568931049566,0.7431436031385146,0.5730452156628549,0.5912822847583374,0.5730452156628572,Chile
0.5065845758667298,0.6810051059485425,0.6271175239197424,0.8744749423730755,0.6817180470002754,0.6967245112101773,0.6817180470002773,Chile
0.5654052695768235,0.7397076424897258,0.682087524223693,0.9420592209614445,0.7403339635502165,0.7521628405741595,0.7403339635502182,Chile
0.4999011693026714,0.6737391923955633,0.615996061967361,0.8970593829542949,0.6743001491243911,0.6875605819704612,0.6743001491243925,Chile
0.49183307934556286,0.6657276925828429,0.6118186672694065,0.895454145067915,0.6663330862029097,0.6780206147834106,0.6663330862029109,Chile
0.44676782588509906,0.6209470975089221,0.5727822420797394,0.8657671619367002,0.6215782161327759,0.6323114376595508,0.621578216132777,Chile
0.40204152584464986,0.5755011960351968,0.5327443907468443,0.8192679102852253,0.5761676241065703,0.5855384907930604,0.5761676241065712,Chile
0.45630390934763404,0.6290121326757317,0.5907471765549643,0.8724584233760905,0.6296660590534476,0.6418653573430173,0.6296660590534484,Chile
0.4484848963610659,0.6215895601026421,0.583883217906379,0.8722387465634387,0.6221617376501638,0.6308503117568418,0.6221617376501645,Chile
0.3169900758765277,0.49101622511666454,0.4563144934515707,0.7144836217269459,0.4916335922284466,0.5039054496586013,0.49163359222844716,Chile
0.2776620766138993,0.4521676427947762,0.40949571090808673,0.6446756407412757,0.45280134786531434,0.4638878699408343,0.4528013478653148,Chile
0.21501721004689817,0.38890315480215654,0.34280055859542696,0.567348954577064,0.38957197068668653,0.40332443831285136,0.38957197068668686,Chile
0.06963085440139555,0.24275079265035582,0.2016216475402316,0.4222544431703132,0.2434082519325118,0.2554359597748215,0.2434082519325121,Chile
0.07182058732204366,0.24476795421926,0.19632818876819358,0.4466913769842447,0.24535701535756138,0.25803843732531917,0.2453570153575616,Chile
0.11205141884812198,0.28391120126662683,0.22809866284744534,0.48924112228033323,0.2845257382400537,0.29662697267363713,0.2845257382400539,Chile
0.13265205451985218,0.30349955703810616,0.24793028057843125,0.5257607953069343,0.3040994457621068,0.3164021196966907,0.30409944576210696,Chile
0.1947082483094974,0.3658083100394753,0.31501700788369014,0.5648775015859359,0.36645630400416485,0.378479651767955,0.36645630400416496,Chile
0.2370041563990472,0.40735718646378255,0.3566868115167716,0.6093651381566101,0.40799322275502226,0.42140723601237245,0.4079932227550223,Chile
0.3165680964338735,0.4863703677017852,0.4341738311392534,0.6765884461586545,0.48704119076249336,0.5012601095325717,0.4870411907624934,Chile
0.38363589491471817,0.55273039580654,0.49427709051084834,0.7323506220403343,0.5533957840523263,0.5671997140630745,0.5533957840523264,Chile
0.4075580834947084,0.5761016545296057,0.4984652887284709,0.7496117018950766,0.5767637254903948,0.5892348908666918,0.5767637254903948,Chile
0.4656740263693887,0.6340230316774753,0.5274278172949712,0.8248271544361082,0.6346197163928644,0.6472336468956572,0.6346197163928644,Chile
0.4001992278276448,0.5682367145497162,0.4566846657574391,0.7666663707810224,0.5688468374874595,0.5936396282361538,0.5688468374874595,Chile
0.38001925382438423,0.5468581499982272,0.4342306836217499,0.7581650814023897,0.5475160551985156,0.5716556613791807,0.5475160551985156,Chile
0.4489619992805924,0.6148680346586526,0.49118830181161205,0.8412611808022062,0.6154932686809972,0.6347111102342836,0.6154932686809972,Chile
0.5113705114953104,0.6761962624485862,0.5452089933004854,0.9077863859221144,0.6768457033417182,0.6962120578356534,0.6768457033417182,Chile
0.5924023346584151,0.756523898359941,0.6265924453453067,0.9949801763809062,0.7571155884409198,0.7721431853373252,0.7571155884409198,Chile
0.568507495701495,0.7317307941436466,0.6139580078369608,0.9856472114354918,0.7323407329495655,0.7444028976235633,0.7323407329495655,Chile
0.5353642594800272,0.6984423069951163,0.5923803475131343,0.9640800642209598,0.6990918069143177,0.7104603337144884,0.6990918069143177,Chile
0.5390277810113699,0.7009963055755312,0.6046069934600758,0.9545688671381459,0.7016564427316584,0.7131001703078954,0.7016564427316584,Chile
0.5654000051249974,0.7261254745825865,0.6356239008193764,0.9778308675532725,0.7268213455667627,0.7389881197815494,0.7268213455667627,Chile
0.6197667657313588,0.7797117587046726,0.6883577321537456,1.0306618884180918,0.7803577185752154,0.7902508988058844,0.7803577185752154,Chile
0.5688908846232366,0.7284733263249952,0.6359601580470504,0.9844987039344244,0.7291580924271451,0.7376336970718806,0.7291580924271451,Chile
0.42065288695309627,0.5795158584269768,0.4922500245586311,0.8407900159457287,0.5802343303820022,0.5930212005843022,0.5802343303820022,Chile
0.2966022845508393,0.4542665533847396,0.37233741879137705,0.7052198399144192,0.4548994550242607,0.4695151559943187,0.4548994550242607,Chile
0.1936643920477345,0.35039637460043893,0.2751041441235882,0.5901079747400615,0.3510460743479374,0.3669731043611796,0.3510460743479374,Chile
0.22274216460412866,0.37925861076885614,0.3119805044733842,0.6136839103562988,0.3799551489370475,0.3945498984062385,0.3799551489370475,Chile
0.3270884403780481,0.4823895926838254,0.41211920186986867,0.7135314640236008,0.4831073730101498,0.49750557058402295,0.4831073730101498,Chile
0.416176320045775,0.5709233734934136,0.4938112533146093,0.8168686824911896,0.5716096013149238,0.5854042800003344,0.5716096013149238,Chile
0.4601640321834441,0.6147662940157608,0.5412390397828046,0.8694492607488016,0.6154850072346374,0.6263896020916524,0.6154850072346374,Chile
0.4687937703502815,0.6228817090520955,0.5550092106233016,0.8802491895194675,0.6236277964525002,0.6343175006451892,0.6236277964525002,Chile
0.4760874560324466,0.6305175001934216,0.5692240161092381,0.8776272634852542,0.63123035876361,0.6456211019495274,0.63123035876361,Chile
0.4649448886983071,0.6199145520152854,0.56558438545665,0.8523302820675448,0.6206190340817104,0.6353824970000356,0.6206190340817104,Chile
0.4259912310985274,0.5813200212754063,0.5330924997058835,0.7964413297671107,0.5820484452288892,0.5978574626570258,0.5820484452288892,Chile
0.42223256542175575,0.5773147735420009,0.5074735206318675,0.7806304382391244,0.5780431956406398,0.5947985913093037,0.5780431956406398,Chile
0.49996321079667927,0.6549341922244472,0.5414306049307788,0.8333683291409975,0.6556969632110455,0.6763600957041197,0.6556969632110455,Chile
0.463945712101348,0.6195959230776867,0.4977072665105356,0.7820763784416851,0.620353567272864,0.6438976682728196,0.620353567272864,Chile
0.34483667842240917,0.5000164423977946,0.392858424430031,0.6432764001759989,0.5008023589752191,0.5247996617876508,0.5008023589752191,Chile
0.2767797684246558,0.43204228284652707,0.33042250222574987,0.5684669170712466,0.4328379150603924,0.45353790328729754,0.4328379150603924,Chile
0.24247663009649645,0.39808342788526974,0.3016721599495116,0.5247063957860065,0.39889216016916246,0.4197179375030381,0.39889216016916246,Chile
0.2172135783039747,0.3727605007936847,0.28538492529884013,0.48649479715252947,0.3735851104951704,0.3916164762977661,0.3735851104951704,Chile
0.7647538217492417,0.7647538217492417,0.7647538217492417,0.7647538217492417,0.7056812005585902,0.7647538217492417,0.7647538217492417,Iran
0.7895636967716573,0.7138189956920524,0.710699963464731,0.7267678218815599,0.6711112682685959,0.7174194375487615,0.717783781713637,Iran
0.8062911159122546,0.6773916486066357,0.6752186794039806,0.7018630574923768,0.6469680946110995,0.683967694030579,0.6838434434168889,Iran
0.8213110389708665,0.6408929702912267,0.6397703451292048,0.6801644339219823,0.6198741765825562,0.648894801421257,0.6490089124083833,Iran
0.8225945323381156,0.6050087061373819,0.60975592988381,0.6546730612970758,0.5954398497049933,0.6184189154096852,0.6184588273995845,Iran
0.8057518449120611,0.5597366176633198,0.5687696244470453,0.6166598188814588,0.5590334234141248,0.5776209076081154,0.5772204197634915,Iran
0.7828911888933942,0.525090901679882,0.5337721399862349,0.5882222726364437,0.5290270691111328,0.5444188268009131,0.5433963795383984,Iran
0.8058671395885852,0.5354577215478574,0.5420960454060603,0.6052606235463169,0.5456017180230819,0.5579694099668701,0.5569547242143604,Iran
0.8378477145395907,0.5602716343642345,0.552119781339473,0.6183223028547696,0.569502395072142,0.5810954807399246,0.5784722583256103,Iran
0.8558331843818511,0.5734652898376924,0.5496849055184714,0.6287432907352231,0.5879042446367424,0.5980104539262394,0.5949912174992897,Iran
0.8938699997378745,0.6034343359710164,0.5733352487218563,0.6566851169784877,0.6217365679028658,0.6305878053665819,0.6273358934371833,Iran
0.947384388721102,0.6623226323450915,0.628677495247932,0.7073970512951409,0.6779736665291733,0.68459142514251,0.6823976211635912,Iran
0.9644332519388127,0.6790236146912234,0.6475740289995832,0.7238620488642779,0.6964181293434953,0.7014652078219461,0.6999134386423452,Iran
0.955833764496944,0.6799621517118166,0.650198884448018,0.7242306176604898,0.6949659115060569,0.6984795085186688,0.6977275101444285,Iran
0.9286136321239303,0.6462868481660425,0.6194143301909522,0.7090334169029061,0.660547917437602,0.6629046099379104,0.6627298207793076,Iran
0.9135486659556669,0.6355420427641697,0.6147610076380505,0.7107289156995655,0.6533964188617112,0.6552331982270102,0.6551203124523286,Iran
0.9001818546362014,0.6348764105636735,0.6186287210831604,0.7148372142029633,0.6545932944512118,0.6558396164671664,0.6559553204653654,Iran
0.873802400675113,0.6087909432875961,0.5954366034510877,0.6839586327097733,0.6276311721719648,0.6285635517617904,0.6287072912974886,Iran
0.8465557123905002,0.5969099252496843,0.5878101020596849,0.6721886981142169,0.6180579984682769,0.6194030992785983,0.618908226261494,Iran
0.8569408972357557,0.6090825237541064,0.5982418916894703,0.6804968958133504,0.6310731276427441,0.6329444423521172,0.6317448816179436,Iran
0.9229817792554764,0.7049394655149379,0.6960241272885572,0.7691095222935256,0.7271482826084283,0.7287733893203818,0.7276790267299406,Iran
0.927317341417828,0.7238698716551455,0.7198378494950036,0.7885392033940251,0.7469021765159094,0.7480890841717301,0.7473215105770679,Iran
0.8812742442692231,0.6773590611087271,0.675202787704556,0.7535376203220009,0.7001960768195667,0.7005683467685426,0.7005273872339839,Iran
0.8888052098584137,0.679325813403657,0.6734010128174159,0.7519963962337122,0.7019141663041193,0.703510183669215,0.7021759303745074,Iran
0.9091740033068378,0.7055701711022082,0.692354972986799,0.7701252042755413,0.7252460621088541,0.7282861062373625,0.7254528785129408,Iran
0.9135788480793827,0.7180277591213701,0.7038818386433148,0.7812932626283134,0.7365254840221055,0.7387328125703307,0.736688886986217,Iran
0.9126313986205962,0.7266247936576019,0.716035906753088,0.8031320518034354,0.7455430173062324,0.7472017434463786,0.7456721198733057,Iran
0.9108818678983439,0.7533640216132302,0.7432664078868665,0.8262251724334986,0.7698005637534462,0.7707747204630966,0.7699025660207583,Iran
0.8999124096422915,0.7541938142520488,0.7484032592614668,0.8276663437523557,0.7740899141951649,0.7751854961794943,0.7741705048663861,Iran
0.8704491773249288,0.737066656296972,0.7323046145047151,0.8057524382994693,0.7559268910868785,0.7570341816740352,0.7559905647331514,Iran
0.8760815967313252,0.7317003098228938,0.7257414158981972,0.7955300550254811,0.7508424301501393,0.7524026375462531,0.7508927378739523,Iran
0.938901724593779,0.7948634594857146,0.79107993829665,0.8550985675725146,0.8157733823039651,0.817010941926718,0.8158131297854333,Iran
0.9936842817522474,0.8766112276954301,0.8676972989957404,0.9266905683744551,0.8941354379593629,0.8950351335140303,0.8941668419300322,Iran
1.0189832141168425,0.903280271120756,0.8734239383158056,0.9441974388757534,0.9184191975203134,0.9190258971065213,0.9184440093910878,Iran
1.0349924319026291,0.9334721354322096,0.8907570978648641,0.9668099829035749,0.9457155892648689,0.945434943001312,0.9457351928028356,Iran
1.0027195771500117,0.9118212498485526,0.8757742215411622,0.9482051626631479,0.9246273187305859,0.9242011452434542,0.9246428072322112,Iran
0.9955266937054688,0.8940973387474646,0.8667515591553847,0.935151336328453,0.9111596694536724,0.9109433092732739,0.911171906718344,Iran
0.9880293822467263,0.8775551850004318,0.8494311175911745,0.9180558811118674,0.8926601222970859,0.8925123090734767,0.8926697908015201,Iran
0.9570840099455243,0.8395842963692822,0.8156996241757036,0.8920237380498962,0.8552887601290966,0.8550907596606466,0.8552963990893138,Iran
0.9486863971628203,0.8448935591143146,0.8307027230049014,0.9058731104964107,0.8644813975194071,0.8642268363439978,0.864487432963006,Iran
0.9434063313400692,0.8495963081699034,0.8385042772074883,0.915836249700855,0.8700768484805073,0.8698223447805848,0.8700816170063801,Iran
0.9190908669877035,0.826663648420686,0.8209312724200292,0.8945331749536338,0.8498205208613376,0.8491893226084287,0.8498242884119123,Iran
0.8853315052938375,0.7857258480434887,0.780383839527621,0.8527477792307048,0.8102012939253779,0.8105436518826876,0.8102042706183247,Iran
0.8527858149185805,0.7640265338237403,0.7563718475154279,0.8299578761117478,0.7888929389827583,0.78983260572161,0.7888952908293291,Iran
0.8504406851541079,0.7716938099109569,0.7565660124131518,0.8491652952988442,0.7939151263959559,0.7954808587202609,0.7939169845594922,Iran
0.91171341320948,0.8469043369717848,0.8229471607351071,0.9106731945805129,0.8655421447200728,0.8664601942537715,0.8655436128310332,Iran
0.9062394728882872,0.8508619960764143,0.8291781666468491,0.9221767768586377,0.8690045731812519,0.8692751316344893,0.8690057331167202,Iran
0.90138810426342,0.8325301441701206,0.8084401195820434,0.9031553118879734,0.8538354186462531,0.8537232663483283,0.8538363350962539,Iran
0.8752606996041876,0.7845377368518013,0.7608558490112114,0.8619053372167178,0.8082223940805331,0.8099007392078521,0.8082231181558174,Iran
0.8285554694945305,0.7426906441119189,0.7264946843761086,0.8383434404291806,0.7672780133695757,0.7691800540831123,0.7672785854520864,Iran
0.8241119175692618,0.725931101862398,0.7156798458095041,0.8233372499718763,0.7522744729285762,0.7553274509490603,0.7522749249235636,Iran
0.826021983614764,0.7298481900105092,0.724738980510307,0.822531184050579,0.7564193214676833,0.759549830663192,0.7564196785830728,Iran
0.8380150174417851,0.7495951563914028,0.7489314858111815,0.8403027031821589,0.777733808551263,0.780949161132408,0.7777340907035101,Iran
0.8614094278343503,0.7749940339461389,0.7715203793701247,0.8618932870232351,0.8001816199316364,0.803203395853069,0.8001818428564752,Iran
0.8698530643491278,0.7637035544348261,0.757721900148523,0.8546938117270774,0.7889879094873461,0.7907802952915463,0.788988085617376,Iran
0.8914699014459954,0.7925433398219488,0.7854812989360112,0.8882858399012463,0.8170012964556661,0.8177186673133227,0.8170014356137232,Iran
0.8928041662010757,0.7813570079078332,0.7730478218064417,0.8579719717629409,0.8007220508784502,0.8019299940528106,0.8007221608254299,Iran
0.8826950363694888,0.793540638402122,0.7728070682529625,0.8567002221849278,0.8099421488419045,0.8120941806856414,0.8099422357095902,Iran
0.9414077431583904,0.8373236969847276,0.8158765103579086,0.8957754898155618,0.8559702403698036,0.8574930880230303,0.8559703090028378,Iran
0.989858625712838,0.8903092219131723,0.8656298143188692,0.9415361051142903,0.9057328433780112,0.9067349148129923,0.905732897604083,Iran
0.9864030500077702,0.8911313490351787,0.8681887837145702,0.9459310243333978,0.9078471093457425,0.9085927924157273,0.9078471521890601,Iran
0.9687726965487695,0.8653208494800523,0.8509676328901409,0.9471268328779227,0.8855504790648664,0.8854886268382939,0.8855505129148172,Iran
0.9657419688357184,0.8745746278981252,0.8668139559324117,0.9752536200064785,0.8969668597067681,0.8965269757045488,0.8969668864511762,Iran
0.9502360689205481,0.8563387581049903,0.8495981440211586,0.9633439357357362,0.8770082940005403,0.8763475819667824,0.8770083151309508,Iran
0.9238744633056164,0.8147066675509501,0.8105538723554445,0.923991610424859,0.8357950239748618,0.835079718326897,0.8357950406697258,Iran
0.8794661390109852,0.748281845414168,0.7475565846790557,0.8558912927042938,0.7690744991041617,0.7680768141000784,0.7690745122945576,Iran
0.8270925356518655,0.7017800351328619,0.7023612119447419,0.8005604625140503,0.7202285003402182,0.7196114391030907,0.7202285107617794,Iran
0.8039499655976444,0.68581966683996,0.6828915358421168,0.7751855228007919,0.7036509352862205,0.7039965024836657,0.703650943520161,Iran
0.8293910828605185,0.7084767202776588,0.697018112523705,0.7839964977181998,0.7252120413921422,0.7260381965544259,0.7252120478976721,Iran
0.8144160484351014,0.6773263825852626,0.6622625742376611,0.7369935813131557,0.6905487431980064,0.6924274046968596,0.6905487483379413,Iran
0.7593698121057013,0.6127371106401681,0.6006805749041189,0.6615761352310366,0.6237249547499376,0.6260909083536048,0.6237249588109336,Iran
0.7297835035671904,0.5826599844643888,0.5727746919309541,0.6252187787307047,0.5916335571946677,0.5936461359890116,0.5916335604032081,Iran
0.7169705583273888,0.5551269155727988,0.5479089321501333,0.596354352404503,0.564752124693399,0.5664356030162758,0.5647521272284253,Iran
0.7274947121302404,0.5535997494687841,0.5513607316442521,0.5944043948186458,0.5679388390610248,0.5699221554769204,0.5679388410639162,Iran
0.7544768866749271,0.563037212619243,0.563163233711963,0.606437756358502,0.5815680171416047,0.5835437716913291,0.5815680187240633,Iran
0.7776282218311094,0.5833354932860644,0.5838626913150401,0.628379668264721,0.6039918373071298,0.6059680112491066,0.6039918385574099,Iran
0.8064910405388342,0.6053008570140205,0.6068423220109231,0.6516744520271419,0.6269908094640296,0.629133867792081,0.6269908104518599,Iran
0.8456460406436541,0.6350401653880593,0.6373297687543885,0.684572238078998,0.6592461261431716,0.6623190282046595,0.6592461269236435,Iran
0.8453489759939964,0.6365008555380192,0.639008865730541,0.6896322685848569,0.6625646475581485,0.6652742118876338,0.6625646481747892,Iran
0.789807444651115,0.5736416568945018,0.5759897805434614,0.6341755619478044,0.5977904951177052,0.6004921220731813,0.5977904956049052,Iran
0.7268099013942212,0.4998735411695585,0.5033467215106212,0.5757052646272767,0.5237204871602233,0.5265537418033207,0.5237204875451538,Iran
0.6863205658635223,0.45291000039539814,0.4514668914148889,0.5346030748682691,0.47523851863013594,0.4779569867021634,0.47523851893426444,Iran
0.6784087135514969,0.4408272096190748,0.4235205200461589,0.5311012720604302,0.46176736848458116,0.4642149153453764,0.4617673687248691,Iran
0.7227933565318835,0.4820694197743216,0.45761583215227,0.5773423662767342,0.5055375724650888,0.50785764902861,0.5055375726549372,Iran
0.7327506429097994,0.4895562797826136,0.46163266172430384,0.5716184888410614,0.508209196062503,0.5104094270124591,0.5082091962124998,Iran
0.7542753630880012,0.49848546016759215,0.47885097441611646,0.5822998426190892,0.5201997181075789,0.5228584829745417,0.5201997182260895,Iran
0.7646329970693801,0.5075464231332957,0.4910509810138135,0.5822426346136661,0.5260468177549649,0.5290725167706795,0.5260468178485985,Iran
0.7898275849423553,0.5218614130101685,0.5125917993027364,0.593084697005596,0.543144222509575,0.546392631470458,0.5431442225835538,Iran
0.8341709647293586,0.5541540064295586,0.5505666172896684,0.6252531822695852,0.5780678105009921,0.5816523247177485,0.5780678105594418,Iran
0.8319358380439236,0.5388664732817577,0.5353572277058135,0.6090325539386917,0.5600788696494957,0.5631932859300337,0.5600788696956761,Iran
0.8360427377648373,0.5379374148215859,0.53202125889842,0.6088364168978686,0.5577835091202274,0.5610510154753089,0.5577835091567139,Iran
0.893837214194683,0.5863878707084114,0.578846938877013,0.6584275113800092,0.6090084864822887,0.6112379901942293,0.6090084865111162,Iran
0.8691814774929966,0.5551585987814874,0.5511193555840789,0.6411780879986492,0.5799178516472745,0.5815134618337089,0.5799178516700507,Iran
0.8429853518396295,0.5369305553180643,0.5218966559349144,0.6080003520637719,0.5570179728573877,0.5599009501458078,0.5570179728753829,Iran
0.803630231771138,0.49114567944708676,0.4743461381727087,0.5551521868758333,0.5112002381345749,0.5145771209080253,0.5112002381487927,Iran
0.7722543637030481,0.4551865754344281,0.4236799101106405,0.5117523861206608,0.47245160771189515,0.47570654105296606,0.4724516077231284,Iran
0.7758794757870676,0.44087094307467634,0.4084315277845484,0.49941915163794703,0.4611846590439066,0.46505068384310677,0.46118465905278183,Iran
0.7987979138363557,0.45681864176144477,0.433113899357327,0.5387967963069968,0.47913727511530524,0.4816820905057885,0.47913727512231746,Iran
0.7972359327424011,0.44718727010440784,0.4323726807783011,0.542829153946309,0.4713851281879095,0.4747703887056042,0.4713851281934498,Iran
0.8058737539363561,0.45011120720804165,0.4434658785739916,0.555380491064734,0.47588775752740464,0.47883637504057647,0.475887757531782,Iran
0.7963767002953955,0.44109549645621365,0.43626231625861234,0.5554538155566734,0.4653902764824034,0.4682417499609509,0.4653902764858619,Iran
0.7672055103986288,0.40196572907759887,0.39957376492526925,0.5232172962469012,0.4263617252030026,0.4289731318116936,0.4263617252057351,Iran
0.7328074354972204,0.3613105067692056,0.36248317221041426,0.48389030999543026,0.38493105470703426,0.3883013257565536,0.3849310547091932,Iran
0.6862422199670667,0.30666055491663646,0.313188191393409,0.4318171711988613,0.3312983203117281,0.3345287935263818,0.331298320313434,Iran
0.6978062687377021,0.320566419880748,0.3207754331598025,0.43885602096253934,0.3425674602722973,0.34673978122114485,0.34256746027364504,Iran
0.7663533251145773,0.3789784093893992,0.37270317087562777,0.47968927308943776,0.4018145763763397,0.40559624259879,0.4018145763774046,Iran
0.7811620569434353,0.3970453156082661,0.3816384944301041,0.4801315626939392,0.41683132629415337,0.4202515163298819,0.4168313262949947,Iran
0.7807555415875622,0.3930126300680404,0.37295529548487333,0.46385985555009507,0.4105445389121153,0.415663051381658,0.41054453891278003,Iran
0.7991414301170036,0.39933806719634046,0.3805892792347093,0.46438404044856224,0.41975103230067495,0.4244501481985559,0.41975103230120014,Iran
0.8140670323786252,0.4105686214886807,0.39633237499003143,0.48843921551961306,0.43346873769334565,0.4380836618845222,0.4334687376937606,Iran
0.8025241414890537,0.3955313762946551,0.38732561999768345,0.4925155091516071,0.42021592506778943,0.4255140204506928,0.4202159250681173,Iran
0.8181419256768225,0.40444145498519624,0.4021403781658298,0.5095814689794091,0.43070483195670495,0.4351898142612852,0.430704831956964,Iran
0.8454365896528877,0.4270005899677403,0.4278182312034106,0.5336083126484945,0.45470281441357674,0.4584655894560923,0.45470281441378146,Iran
0.866282760196301,0.44777232680440526,0.4468916981723108,0.5575980222205735,0.47445547566303453,0.4780100146662966,0.4744554756631963,Iran
0.903733039984521,0.48334271633629744,0.47964493709982114,0.5896069814276186,0.5065083195915814,0.5093435345144014,0.5065083195917092,Iran
0.895188505660461,0.47613025454967284,0.47240895742109507,0.5640752515185758,0.49521049715853216,0.49699301666129153,0.49521049715863313,Iran
0.8186271565808361,0.39474758719925046,0.3918490028336617,0.48357906161042774,0.41231813148607316,0.4144265493657872,0.41231813148615293,Iran
0.7615388115920232,0.33045557037029116,0.33015090618334564,0.4243084706467159,0.3502277322275476,0.35323637352830706,0.3502277322276106,Iran
0.7634292287041797,0.3285434047294317,0.32448316995264803,0.42636366859130925,0.3500550361342688,0.3537749323086978,0.3500550361343186,Iran
0.7659314169294014,0.32844888244374904,0.31890811041905626,0.40776182700702857,0.34563813894538187,0.348982975862242,0.3456381389454212,Iran
0.7438545627145294,0.30867671925714807,0.2955057726640048,0.37206996859870456,0.32262807321574527,0.326090380066267,0.32262807321577636,Iran
0.73755902456794,0.29482125633696843,0.2840310899057824,0.3593313558718845,0.31257290451662356,0.31615982094417544,0.3125729045166481,Iran
0.7496465407592312,0.2986226713782927,0.29222892875608586,0.3792045004132951,0.31942325110830566,0.3232966071039708,0.3194232511083251,Iran
0.7633943830202389,0.31273108355787266,0.3066120976365804,0.4040028104048606,0.33205558566461174,0.3357146172981793,0.33205558566462706,Iran
0.7665025529602957,0.3110350183881185,0.3055221566485452,0.4141281846483018,0.3305045171386247,0.333858410740207,0.3305045171386368,Iran
0.7759445349907536,0.3108693359528005,0.30758177715262347,0.42181767601877734,0.3332429829470979,0.33640909463707785,0.33324298294710747,Iran
0.7821875990048,0.31816175835983496,0.30714918671524416,0.42963941702810343,0.33947873192827704,0.3425266872136708,0.3394787319282846,Iran
0.8150530695552336,0.3471031286130061,0.3306323236750885,0.4573997682042694,0.36856053269970696,0.37171475113902064,0.3685605326997129,Iran
0.8626138333255415,0.3870477962776051,0.37127588908799253,0.5037612863839677,0.4108651337887024,0.41330599034726734,0.4108651337887071,Iran
0.8673293527013457,0.38612214606134004,0.36074808249536117,0.492712689261437,0.4106722490055607,0.412317843835923,0.4106722490055644,Iran
0.8292361577326273,0.34636262378424804,0.32257541033568427,0.4411385092998757,0.3724788777049467,0.3732947405484121,0.37247887770494964,Iran
0.7728203975957122,0.2893632935471481,0.27193658501400375,0.3727538369233106,0.314472813438266,0.31643622488168227,0.31447281343826833,Iran
0.7327098999383589,0.2435968024934333,0.22683981221149546,0.32166000508864073,0.270083524857804,0.27233779051840695,0.27008352485780585,Iran
0.7299061055620457,0.238170278233561,0.22116302174593502,0.33334821100239814,0.2631435350988975,0.265500794430929,0.26314353509889893,Iran
0.7445385573854878,0.25157842374362016,0.2352229602791604,0.34212312163474606,0.2729968763774971,0.2752809225642877,0.2729968763774982,Iran
0.738107932199044,0.24066374944384228,0.2292378049101159,0.3355353476611694,0.2620347597508021,0.2646528691152881,0.2620347597508029,Iran
0.7550556034031423,0.25292081242915815,0.24807690915166294,0.3584588980416219,0.2769133143240598,0.28050365122769555,0.27691331432406047,Iran
0.7628452613036674,0.258936294065357,0.25130869290796276,0.3721689748747797,0.28004587774149137,0.2834472993423153,0.28004587774149187,Iran
0.7532083800122752,0.24231275216449494,0.2380306065243209,0.3621343834085382,0.26597390832102114,0.269346783206857,0.2659739083210215,Iran
0.7721860364120915,0.2623079218214688,0.2542856820524065,0.3772998340859426,0.2829586150984384,0.2861386769290539,0.2829586150984387,Iran
0.7873081612425918,0.26880005599305645,0.25291787233534196,0.3902055259795673,0.2919726679069251,0.2953954122891832,0.2919726679069254,Iran
0.8054858186085412,0.2865984280270611,0.2486822655035263,0.3873894350039238,0.3068355727295527,0.3118594818977122,0.3068355727295529,Iran
0.7898027888010365,0.269833567476447,0.2310727929171041,0.35516774233879256,0.28928917789257413,0.2946139926948341,0.2892891778925743,Iran
0.7718266193950125,0.25083585933484087,0.21260097778512324,0.3413262398162291,0.26681847568072015,0.2715789375851917,0.2668184756807203,Iran
0.7499383879682783,0.22754234488566674,0.19337113256554103,0.3265659233720714,0.24289032816185818,0.2471002559438245,0.24289032816185832,Iran
0.7358239261176747,0.2051155987146574,0.1756895472393605,0.3084889169258946,0.2241418427958648,0.22918043907798671,0.2241418427958649,Iran
0.7498084051402889,0.2115889229278729,0.18894738409063397,0.3177821820043672,0.23370946176238402,0.23823313666084334,0.2337094617623841,Iran
0.7742467820917146,0.231662307769308,0.2164361260404101,0.33434483812013727,0.25616929085595447,0.2602504361045452,0.2561692908559545,Iran
0.7761933935093608,0.22807597083941966,0.21893730942744483,0.32913648351412805,0.2535303650058404,0.2579541238547576,0.2535303650058405,Iran
0.7770208219698889,0.22446917593400678,0.22075228635768063,0.3253373387088128,0.25149039787346844,0.25582979518911736,0.2514903978734685,Iran
0.8101768794496877,0.2520663186125484,0.2502923012564611,0.3528729047665432,0.28011422904735717,0.28467426589494993,0.2801142290473572,Iran
0.8414155046658831,0.2808335565154321,0.2736410565166047,0.3882015766809036,0.30474968870541236,0.30807945019339805,0.30474968870541247,Iran
0.8244401063825457,0.2660225844962989,0.2579580011989589,0.3698573562872529,0.2863351050434208,0.2880051296524968,0.28633510504342086,Iran
0.7592929862274067,0.1960219251159283,0.1936569986614922,0.2886531789989666,0.21853974704102996,0.22104463065622085,0.21853974704103,Iran
0.7428520835422886,0.1775541945674357,0.1603221876390451,0.2574967835597648,0.19925092785483559,0.2019994416183263,0.1992509278548356,Iran
0.7677255560815919,0.19970639573590562,0.17139725208233872,0.2714088239077531,0.2211187203730519,0.22433925425384652,0.22111872037305194,Iran
0.7277339174064064,0.1580368629372053,0.13140016542959726,0.23059554461084145,0.17686338768163706,0.18047301450961126,0.1768633876816371,Iran
0.6752358663554742,0.10165720900367062,0.08299183470174118,0.1930189819744936,0.12099664717208478,0.1253558647302824,0.1209966471720848,Iran
0.6491555737151646,0.07137674508427502,0.05745702852467338,0.17759459712672002,0.09112142951050636,0.09607288900294485,0.09112142951050639,Iran
0.6708759568178108,0.08759451932414586,0.0796962863024197,0.18597538495412783,0.10908791341708393,0.11336487319537186,0.10908791341708393,Iran
0.7238509378833431,0.13523286842063714,0.1314276785872675,0.2238856445032773,0.1575858312068122,0.16175623940750697,0.1575858312068122,Iran
0.7666905276899741,0.17348592207747923,0.17353253406633046,0.2613775505405013,0.19764372931764443,0.2017813198690152,0.19764372931764443,Iran
0.8006859874017332,0.2003388435644632,0.20395864857718604,0.29192442280896796,0.22641909821011305,0.23019609847188618,0.22641909821011305,Iran
0.8371406178382135,0.23742115303771635,0.24048997034396247,0.33199407525520425,0.2602605585586914,0.263803707138452,0.2602605585586914,Iran
0.8746479536015983,0.26628748936432833,0.26038496890353235,0.369386803655251,0.2911697941375805,0.29387371284644137,0.2911697941375805,Iran
0.8913391508533715,0.2813162182688782,0.26456378802053576,0.3920209863223731,0.30415907393712927,0.30577298725205354,0.30415907393712927,Iran
0.9118213142262384,0.3040538229858415,0.2732432554656109,0.4007656107007614,0.3239831344034324,0.32477100289325594,0.3239831344034324,Iran
0.8672886916660305,0.256649766491456,0.22683725877090632,0.3421386049900897,0.2774193971478755,0.27774915196409655,0.2774193971478755,Iran
0.8321563342023801,0.21804872866648123,0.18472761419542982,0.29185276013221373,0.23765997003851635,0.23889229208389595,0.23765997003851635,Iran
0.8285354462732312,0.2097897205349521,0.17180059639382747,0.2808979950421823,0.23189445037543244,0.23418138921194728,0.23189445037543244,Iran
0.8296751897132908,0.20774909572715436,0.1636753466140456,0.27521787219355565,0.22907301388005327,0.23054487196821585,0.22907301388005327,Iran
0.8428271707952467,0.2139572419016345,0.17530350113865084,0.3051885981764881,0.23682858380355354,0.23755356627310503,0.23682858380355354,Iran
0.8578273912567466,0.22495994511662307,0.1938203747745289,0.32702099211884844,0.24680959159950688,0.24731940833121158,0.24680959159950688,Iran
0.8447499601524088,0.20716971847545845,0.18743931194003421,0.32110806617318743,0.23127770163664,0.23153261577656195,0.23127770163664,Iran
0.8410976723789947,0.2022822778962423,0.1892184235194119,0.325420423765341,0.2264417557396058,0.2268344510786531,0.2264417557396058,Iran
0.8321445996204844,0.18749512287196923,0.1806470409649295,0.3173073217520542,0.2135311778043554,0.2138213086420985,0.2135311778043554,Iran
0.7921794840424642,0.14420489600561265,0.1388141050323306,0.26735923488443736,0.16817255444716633,0.1693941552066229,0.16817255444716633,Iran
0.7903037822135079,0.13893236664770398,0.13099508267545557,0.2557826186733585,0.16279108998154518,0.16429379455692913,0.16279108998154518,Iran
0.788007526347087,0.13484001969362722,0.12568134948669193,0.245230735491761,0.15848055448308146,0.16085868290085326,0.15848055448308146,Iran
0.7943831382049927,0.13564112943179832,0.13222543354665195,0.24892976685150003,0.16099797591414813,0.16409188023984114,0.16099797591414813,Iran
0.8665624392893342,0.20772788467967518,0.20003239696523475,0.29860275117231105,0.22861781457106148,0.2319437029200788,0.22861781457106148,Iran
0.8822128824979615,0.22235358177497155,0.21389629692312334,0.3001812003149887,0.24142146358065703,0.24355797676094487,0.24142146358065703,Iran
0.8718063446336718,0.20492252625146895,0.20066753025863143,0.2806200638821667,0.22649897630511534,0.22811255951962645,0.22649897630511534,Iran
0.8466295362620938,0.1752384574179217,0.17447662094602667,0.26114483979578446,0.19699859669892716,0.19919237915768848,0.19699859669892716,Iran
0.8398473739689791,0.16434072021217583,0.1670708676107089,0.26497916719904324,0.18831159283840543,0.19044867804554091,0.18831159283840543,Iran
0.8244956618550912,0.14358780000884708,0.14979971964694766,0.25671716810344486,0.16918815589612618,0.17061691441769733,0.16918815589612618,Iran
0.8053270679298186,0.11933671553363234,0.12682889404117517,0.24252287538406905,0.1455284148936627,0.14653753777613707,0.1455284148936627,Iran
0.7854525877737003,0.09288073416479295,0.10132319385765694,0.22337851268251657,0.12059438145282499,0.12144854544472027,0.12059438145282499,Iran
0.7537251327872108,0.0549798133639986,0.06636987140421234,0.18971164266064827,0.08411386084698616,0.08530075558817606,0.08411386084698616,Iran
0.7043895137830567,0.006330527004815463,0.018628778852142217,0.14246813893414467,0.03404521842733364,0.03564352362265546,0.03404521842733364,Iran
0.6580704948045374,-0.04013395260458576,-0.028850032336866886,0.07553870856668386,-0.014364108970972608,-0.012373553454718939,-0.014364108970972608,Iran
0.6725882168762986,-0.028676374273059364,-0.02508235686198043,0.07065231290002562,-0.0037646466872308677,-0.0014351783294647875,-0.0037646466872308677,Iran
0.6613230604232482,-0.040740768009254066,-0.041511869178675456,0.04405015346073337,-0.01888114753927765,-0.01598368882355935,-0.01888114753927765,Iran
0.6713168775293605,-0.03030834145501468,-0.03714507235174919,0.049354031122392374,-0.012685805849359015,-0.009684754136283821,-0.012685805849359015,Iran
0.7125267543239432,0.0026766231987178715,-0.006713166482150007,0.10055819938595134,0.020989476361865024,0.024598340508545577,0.020989476361865024,Iran
0.7530259326816274,0.04323572611634288,0.031227877641676206,0.15418967023976335,0.059313559323252406,0.06163801711938997,0.059313559323252406,Iran
0.7574087846775523,0.04149766313108848,0.03580590922522717,0.16600680902459933,0.0612223185448723,0.06334158687154531,0.0612223185448723,Iran
0.7701898758500448,0.05075891681804422,0.04716495770720162,0.17035480132819789,0.07129308298452064,0.07363976985798923,0.07129308298452064,Iran
0.7825497057961325,0.05690989323263685,0.05588871543311573,0.1725942639102826,0.0800003627513798,0.08240943615179686,0.0800003627513798,Iran
0.8142415192792262,0.0844297740951413,0.0843778363330892,0.20255571169120984,0.10956192166487434,0.1119681800424503,0.10956192166487434,Iran
0.8586827462709928,0.1266392428277125,0.1254698534045068,0.24324497066688835,0.14929774987942235,0.15232892231056896,0.14929774987942235,Iran
0.8578601866543324,0.12127254888182235,0.12062187918609431,0.24416534757807756,0.14551309364256731,0.14736231686662749,0.14551309364256731,Iran
0.8788037066765593,0.1396201859369312,0.13364960758053562,0.24496396558614184,0.16260514335614534,0.16373001824085334,0.16260514335614534,Iran
0.9198598387962773,0.1783210918528712,0.16375102922474308,0.2679245794964323,0.19986270058008349,0.2005900580864867,0.19986270058008349,Iran
0.947011398077218,0.2017841279450849,0.18794951096641416,0.28054305077224234,0.22250189889310124,0.22290641281260265,0.22250189889310124,Iran
0.966966221233001,0.21980380817797426,0.207273219109036,0.29136121572463064,0.23662482989041925,0.2366759524101431,0.23662482989041925,Iran
0.9569402128321038,0.21078584021462,0.19430535230034218,0.27572843420511467,0.2250134311883687,0.22501604735753494,0.2250134311883687,Iran
0.9294718368378422,0.17810499075213726,0.1628122843485041,0.24347687179578198,0.1940257246766291,0.1936923933773727,0.1940257246766291,Iran
0.9137846543079069,0.1567968028637041,0.1460800742412633,0.23593011816991527,0.1763135427076251,0.17577522460557787,0.1763135427076251,Iran
0.8985898038306804,0.13527736242569222,0.1281355289421452,0.2234405926945935,0.1572520322227717,0.15648291404447595,0.1572520322227717,Iran
0.8741928333774708,0.10299430897865165,0.09992715893391747,0.19843141727488378,0.1275333295827298,0.12648725136456307,0.1275333295827298,Iran
0.8806647422303759,0.10472780650898264,0.10427692058204313,0.20316986306424029,0.13055618476550718,0.1294558493535269,0.13055618476550718,Iran
0.8575904942874324,0.0778441185776884,0.0783364185290692,0.1728990996668321,0.10551246221101618,0.1041093928222534,0.10551246221101618,Iran
0.29805918433547235,0.29805918433547235,0.29805918433547235,0.29805918433547235,0.38524079668568995,0.29805918433547235,0.29805918433547235,Vietnam
0.2687089848185859,0.2770703233947547,0.20017948709829214,0.25816723262954433,0.3315368615114209,0.26839913259639,0.26962442438903844,Vietnam
0.16144557183332103,0.17328298786169977,0.05852812494286329,0.1454944109631408,0.206520807404469,0.16237900090807317,0.16255339538833424,Vietnam
0.13280400737787362,0.15331370358536872,0.017892008635535445,0.11587549356668218,0.1698493181802041,0.13969618286874239,0.13862565118781423,Vietnam
0.21829434270289755,0.23758061917074724,0.04167502152949462,0.19060543952212672,0.24689084548511847,0.22659587515714252,0.22471720970019,Vietnam
0.14163733379872273,0.16137758173760508,-0.04437593481926691,0.1034713634096406,0.16560703469246907,0.15358125773255416,0.14986032166089286,Vietnam
0.19097346823486558,0.21186005250454526,0.02002766393964111,0.1226175653256842,0.20936882481104202,0.20045854522190112,0.1981862215743031,Vietnam
0.2707606985213229,0.2910682604494294,0.09459086391536856,0.20798839527050617,0.2870282870792575,0.2814491792677343,0.2790869081451545,Vietnam
0.2852710784559966,0.3103874003644735,0.13353630641809489,0.1883131996662582,0.3014007817801702,0.2981549451676675,0.29576117371754834,Vietnam
0.3104544314199975,0.33374098233622285,0.18546844385275382,0.18799409074760898,0.32465533574797556,0.32373650721720093,0.32065034122952896,Vietnam
0.3574162351678415,0.38749124438767996,0.25025175946998124,0.22661902362576686,0.37436687177180566,0.3743581214887206,0.3715227058449043,Vietnam
0.27922457207400414,0.3110524527406127,0.18768319715260065,0.15758991042631182,0.2953816254351463,0.2965854287343745,0.29336182745977124,Vietnam
0.2879171207567758,0.32251178787769275,0.19501962723694663,0.17459504920749874,0.30534148634031694,0.30618500560155043,0.3039071171909144,Vietnam
0.2834143609529884,0.3185080881030179,0.17241149476691348,0.20037074880636252,0.3012809945602981,0.302436138209719,0.3002623704791566,Vietnam
0.25417180436819037,0.2936892011113753,0.13285778832404932,0.14454536213935218,0.2773874343559104,0.2772635944469519,0.2766640536145486,Vietnam
0.25162383974118496,0.29389599530122207,0.11897415162094936,0.1179969843846863,0.27634948605136145,0.27452063626437195,0.27583577377353397,Vietnam
0.24408812691674314,0.28728174917179017,0.08471715382264178,0.11815762913343275,0.26805523936729136,0.2654892933193214,0.26769042414717104,Vietnam
0.2493733474065904,0.29334121917795347,0.054867155319649114,0.1155359910368856,0.2760058219215778,0.2762011068609591,0.27574674665595583,Vietnam
0.2218735281965044,0.2646169993321129,0.037502263427969015,0.0993426557744483,0.24856794313166658,0.24784340615593303,0.2483839595982083,Vietnam
0.17752854779666458,0.22403914612253012,0.036464162600594374,0.05591517728209998,0.2056401093718196,0.2025803265534409,0.2055094525895037,Vietnam
0.16555170664542213,0.20737306042305634,0.05873782868713539,0.060957169975161325,0.19283878251375197,0.1899975238452517,0.19274599597767314,Vietnam
0.16012729350361854,0.2054260969087932,0.07882906483309926,0.0801643504106572,0.18820201627716843,0.18548353633181497,0.18813612347677255,Vietnam
0.14744439014610033,0.19188203795295383,0.0862278514710759,0.09454565131412047,0.1783670630458738,0.17484710004600246,0.17832026895992664,Vietnam
0.1592830033762182,0.21070110250771878,0.09967244360378391,0.13464370329981543,0.1949744803298913,0.19153345031273483,0.19494124928694767,Vietnam
0.22724792663361515,0.2810140417904016,0.12526819453578386,0.20292511856665613,0.26449511335173614,0.2610488608793562,0.2644715141683614,Vietnam
0.3020075541425981,0.354493686667704,0.15241460335781468,0.26885016192090605,0.3399018157721674,0.336905502366432,0.3398850566997272,Vietnam
0.31704960275384997,0.36799701059461953,0.13893076275915806,0.26805573557594387,0.35631882728325887,0.3555498519610825,0.35630692574816786,Vietnam
0.29404850675454275,0.3431032268351156,0.11249103178914026,0.23276235788013028,0.3320055688079742,0.3292822571858996,0.3319971168761606,Vietnam
0.1325131084617276,0.18573851884671466,-0.007555711479179147,0.07575184998314496,0.17274237058161657,0.17360251984591585,0.17273636840199563,Vietnam
0.04293492177587842,0.09893462669595891,-0.043596701990821544,-0.03838235451040578,0.0856932371624075,0.08719968753098173,0.08568897468597052,Vietnam
-0.02009886846722886,0.0382980702013002,-0.07210684493295272,-0.0848189852715383,0.026286345279499135,0.026781905253656278,0.0262833182615618,Vietnam
-0.06978787474112418,-0.006765089905663699,-0.10055956552201215,-0.11078449383914962,-0.021742441425017207,-0.021651941699642057,-0.021744591076218435,Vietnam
-0.07919381251331128,-0.016456619716561788,-0.09270280986549624,-0.11249062102876511,-0.03225796529106999,-0.03327291281920905,-0.03225949187610602,Vietnam
-0.03875584955411603,0.02888523073785853,-0.04495103643526447,-0.050098698484340086,0.011053778102125496,0.009461317133423686,0.011052693990493377,Vietnam
0.008793717078652584,0.07590245355090229,-0.00014686025819059256,0.013804691176135156,0.0597287340230412,0.05731481959899487,0.0597279641360037,Vietnam
-0.00035786941282857365,0.06308337299804989,-0.010037677205516772,0.017454475550381474,0.0504609085225827,0.04729136533940348,0.05046036178363722,Vietnam
-0.05744371119861248,0.011240785264664183,-0.06716193629465547,-0.028694652174177528,-0.003961162237536314,-0.00777556438333829,-0.00396155050680172,Vietnam
-0.07130184249999516,0.0032084801497635623,-0.09481356942349173,-0.035103643495476275,-0.014096724720695376,-0.017981193840114894,-0.01409700045196293,Vietnam
0.04149990724673691,0.12205127071146907,-0.026065661378170728,0.08268585991259986,0.10226406456761822,0.0975364851252325,0.10226386875574567,Vietnam
0.20262579528277203,0.28039011785760204,0.08132724440777163,0.2022639989868507,0.26271338298375274,0.2587987671398441,0.26271324392701906,Vietnam
0.22474884453938737,0.30253780001139563,0.06132396496420041,0.23380596779605498,0.28527140267378814,0.28285236619755205,0.28527130392198663,Vietnam
0.27448713220812937,0.35487719023626507,0.08686292226764362,0.26214110001056473,0.3380649053782757,0.33848994442102975,0.3380648352492137,Vietnam
0.22824661254428513,0.31182600586413883,0.04489253098177076,0.2379844910322106,0.294909500789807,0.29651287383863667,0.29490945098731974,Vietnam
0.31751296209712865,0.4008910584156288,0.1747807363918738,0.3296340960377899,0.383620440791727,0.38460950073196165,0.3836204054242536,Vietnam
0.3109720254670461,0.39172229880407256,0.22120908953714147,0.336848270572642,0.3789736763506264,0.3812062311556458,0.3789736512342467,Vietnam
0.34405373484510965,0.42699642742249144,0.28657130513675555,0.32835931955284436,0.4106542224163654,0.4127293123163775,0.4106542045798488,Vietnam
0.3470565550399271,0.4314425281504005,0.3119837954329645,0.3395034479319449,0.41403515916902955,0.4162069522486216,0.4140351465023423,Vietnam
0.36677090982509886,0.45295678606131184,0.32979401140478337,0.3461471360351629,0.43767979350995356,0.4401880322090132,0.4376797845146453,Vietnam
0.36140022564508745,0.4508209635970678,0.30613472277798426,0.3198512524141232,0.43601565564078626,0.43851315519559453,0.4360156492527253,Vietnam
0.30597260758643,0.3934280556096871,0.22393346586691093,0.26516027611316023,0.38138937995244665,0.3848064323265764,0.3813893754159347,Vietnam
0.35604484550280696,0.44817077552198953,0.23752964370108798,0.32703242809465155,0.4343192938947969,0.4344224343559311,0.4343192906731714,Vietnam
0.4174072778620418,0.5117043116202524,0.283527507974748,0.39713202294784594,0.49679567892013793,0.4973821926472302,0.49679567663228535,Vietnam
0.45144715910408606,0.5431465567404401,0.29026477999712474,0.41448622421665754,0.5307111993816078,0.5315944932511971,0.5307111977568784,Vietnam
0.4024492290675872,0.49579426917876096,0.23305452212258837,0.36615831855458686,0.48391355287077603,0.48436366538867087,0.48391355171696665,Vietnam
0.19990621514100554,0.300610333397897,0.08592835423578121,0.16937477705609488,0.2852216796926432,0.2865193622362602,0.28522167887326,Vietnam
0.1351547573527725,0.23711861671511922,0.06965867486934516,0.11132540126214044,0.22183196848829997,0.22124742304416106,0.2218319679064111,Vietnam
0.19310763130279904,0.30171002106591754,0.15417016250755508,0.17990004004841387,0.2834982119701371,0.28195662035752983,0.2834982115569059,Vietnam
0.27463576483930857,0.3772996127029573,0.2558650800287407,0.23871643485110508,0.3607976157823334,0.3596351630795335,0.36079761548887523,Vietnam
0.31990011094784143,0.4260105620151005,0.32188134596069184,0.30142989982551044,0.4090092665501537,0.4079532088129937,0.409009266341753,Vietnam
0.3756048681194485,0.4855165311008318,0.374025473087455,0.35458814309590037,0.4658916265885783,0.4656719176916553,0.4658916264405816,Vietnam
0.42387989514112673,0.5297093588692856,0.40174542384387574,0.42322940062656,0.5145452141080111,0.5130755880783481,0.5145452140029105,Vietnam
0.4473438449640408,0.551579538626769,0.396719203649456,0.4258267012637119,0.5401088796118119,0.5401039162139888,0.5401088795371742,Vietnam
0.37573529559164376,0.4814700100979321,0.30895546795637324,0.34109318718316417,0.46724513461655415,0.4645970781123495,0.4672451345635499,Vietnam
0.3552968728397645,0.46608113528787554,0.27904993239986353,0.31938273391716776,0.449577086998345,0.44765109421930993,0.44957708696070364,Vietnam
0.34699982146596553,0.4596415654972542,0.2400890698902671,0.32780823695079375,0.4446205900724345,0.44508229069515065,0.4446205900457034,Vietnam
0.45395054368102794,0.5704253838609827,0.36044922402674506,0.43409299916496946,0.5553167822902645,0.5538202258994841,0.5553167822712812,Vietnam
0.5405354781316808,0.655939331361274,0.49195913123381735,0.5255183504595471,0.6427307009563884,0.6425212837027482,0.6427307009429074,Vietnam
0.43434894577192285,0.546163255812909,0.41459974994362003,0.439442559082689,0.5366751558991973,0.5370652957976195,0.5366751558896237,Vietnam
0.37071435247577633,0.48770746248989555,0.36938858356240317,0.3779718276272629,0.4745067432153384,0.47474874408709417,0.47450674320853964,Vietnam
0.40777771432604953,0.5281525558800414,0.4221904737153264,0.43021444194346087,0.514442199349495,0.517434545856092,0.5144421993446667,Vietnam
0.4224446262506156,0.5404274978914002,0.4458879985198777,0.46334841908399527,0.5306910229199003,0.533888511626152,0.5306910229164715,Vietnam
0.4006393995493417,0.5168164593561632,0.4209653477318085,0.437038383013865,0.5090937587356779,0.5126549184451603,0.5090937587332429,Vietnam
0.4608479747740859,0.5807072719043374,0.48514047715494213,0.47526529396009315,0.5726540580286954,0.576239397787556,0.5726540580269662,Vietnam
0.46940613743336757,0.5892840887442433,0.47457117348361366,0.4751500441158884,0.5831347437089395,0.5868443202665614,0.5831347437077116,Vietnam
0.3387308398290016,0.4613928246048793,0.32760013556081674,0.3315315484337068,0.4556556141228342,0.45945279711250164,0.4556556141219622,Vietnam
0.21063774982821465,0.33565861707118233,0.19603548345771876,0.2085850814594329,0.3270859793472879,0.3275697120899152,0.32708597934666866,Vietnam
0.24666505759480764,0.37481766327794,0.18111593014001987,0.2312066566258134,0.36460574571394117,0.3660592610958807,0.3646057457135014,Vietnam
0.38007587128475556,0.511009546739362,0.2751734248216472,0.3847475353900953,0.49953415577023197,0.4993036198410934,0.4995341557699198,Vietnam
0.4449472910232445,0.5788008712237238,0.35741856051226634,0.47666242819592974,0.5636524246533507,0.5645945306251612,0.563652424653129,Vietnam
0.46245797949386586,0.5953467378245776,0.40675065714596725,0.515330854060546,0.5838322979545162,0.5853868496254331,0.5838322979543588,Vietnam
0.43354688896523985,0.5665734376832159,0.406688181292469,0.4616643417676342,0.5572744615277476,0.5596662438279733,0.5572744615276357,Vietnam
0.405791508210714,0.538521645718248,0.4041272781841107,0.41141823145733725,0.5316479751638105,0.536206820812185,0.531647975163731,Vietnam
0.4258309153753783,0.5620937389392721,0.4396992776422677,0.4167731497785351,0.5536569466018259,0.558362028569152,0.5536569466017695,Vietnam
0.54744810206134,0.6879096633998514,0.577806357455204,0.525205360197113,0.6748419495936069,0.6789368009226641,0.6748419495935669,Vietnam
0.6452447120010163,0.7849296267125606,0.6803726553993521,0.613402516774565,0.7746202411511663,0.779520013075682,0.774620241151138,Vietnam
0.5318149073997376,0.6711551619310987,0.5737381300515221,0.48918343336683134,0.6635131767569801,0.6695689112955956,0.66351317675696,Vietnam
0.42733564463610507,0.5710430700834898,0.4402924037027165,0.3742106635586961,0.5602256992258259,0.5647130558360025,0.5602256992258116,Vietnam
0.30821651238069114,0.4555808697492471,0.2913066204290317,0.29240624442548935,0.4428683584983481,0.445671030896329,0.4428683584983379,Vietnam
0.39735385241668114,0.5506689625324989,0.40882631175358186,0.3686159031257368,0.5341722827470566,0.5352008533275561,0.5341722827470495,Vietnam
0.4190006119701001,0.5759691656427035,0.4452432835973621,0.39873064930053936,0.5585498978535228,0.5604068032544463,0.5585498978535179,Vietnam
0.2711255021075626,0.4306309142299568,0.29111988500408403,0.2681914601991846,0.4117059363113651,0.4134640678592886,0.41170593631136165,Vietnam
0.20680134552244922,0.3639201283476825,0.24069685033630953,0.20583541845222258,0.34852930441837426,0.34835416875132513,0.3485293044183718,Vietnam
0.22358467798773293,0.38368002938142143,0.27607438106701465,0.24396954897012213,0.36569925433496386,0.36369504668650665,0.3656992543349621,Vietnam
0.31581948751242295,0.4750283215430148,0.37928620510386474,0.31635961071672825,0.45747989146360557,0.45501993583106853,0.45747989146360435,Vietnam
0.3144527610193588,0.4712238994141684,0.3892067921468281,0.3025306577695529,0.45688913011780896,0.45388484280661956,0.4568891301178081,Vietnam
0.24961127284568427,0.4090849510635144,0.32649517671351,0.25816022690556195,0.392741118251806,0.3900106342847532,0.39274111825180535,Vietnam
0.15209385577470735,0.3137785351782687,0.22906635061668043,0.18859341638113009,0.2951632697150629,0.29097295634762327,0.2951632697150624,Vietnam
0.15689520314912572,0.3178590213072776,0.19666887950519735,0.19623518703300372,0.3013826828806794,0.2968494942443442,0.30138268288067904,Vietnam
0.28319853973843,0.4471436086067586,0.2516074921182468,0.3045661065069797,0.42836488583411403,0.423442859151055,0.4283648858341138,Vietnam
0.43098949954724886,0.5966673258269491,0.3721629937574044,0.44694514955337156,0.5762571962190929,0.5724219121162915,0.5762571962190927,Vietnam
0.45144562877211336,0.6147804652463166,0.42099984935097046,0.4453294609518448,0.5970805206365312,0.5928874137752069,0.597080520636531,Vietnam
0.4888257590589853,0.6538329992617348,0.5016066119518054,0.4737940117418675,0.6339585977690948,0.6299735958547604,0.6339585977690948,Vietnam
0.5794017371941906,0.7401678265365632,0.6252333417078911,0.5796517381408732,0.7238875695265286,0.7217793993572161,0.7238875695265286,Vietnam
0.4838160154094013,0.6397648686788268,0.5452891256900693,0.5100536938909426,0.6273410641581457,0.6261595179793673,0.6273410641581457,Vietnam
0.45173533483109873,0.6109604461132087,0.518444287917349,0.4580153129587717,0.5959560840461571,0.5955479104164798,0.5959560840461571,Vietnam
0.39416063302185134,0.5494027427434675,0.46857696318684616,0.43889444418643514,0.5385289398718557,0.5390985339264663,0.5385289398718557,Vietnam
0.4067460495525476,0.5615967177740057,0.4904353224371233,0.4749850132736607,0.5519763945565744,0.5526282229648098,0.5519763945565744,Vietnam
0.4284701920847871,0.5800822438170662,0.5012414325401171,0.5127021416397087,0.5731931513481427,0.5744399805381527,0.5731931513481427,Vietnam
0.42760844182670465,0.5779167295683809,0.4699427302040199,0.518063219304169,0.572861960818488,0.574227916034449,0.572861960818488,Vietnam
0.5406638363642561,0.6897486739164735,0.5560551620242022,0.5907661270711103,0.6851832996469166,0.6859159695033796,0.6851832996469166,Vietnam
0.5379556580548585,0.6878260091320286,0.5269061768789773,0.5683608133262182,0.6820483745707344,0.6807267184454975,0.6820483745707344,Vietnam
0.44812630011853294,0.6014060843644815,0.4235689346143258,0.4496024480914589,0.5931282256805077,0.5901991792862882,0.5931282256805077,Vietnam
0.45310305816086827,0.608083700290553,0.44156458872376303,0.43342827241470183,0.5984133560878137,0.5981161063525589,0.5984133560878137,Vietnam
0.4861448055236978,0.6401643693769179,0.47436777452230144,0.5133772413435759,0.6305421840841313,0.6314433877600689,0.6305421840841313,Vietnam
0.4988028425632818,0.6526527277850961,0.4672401572609283,0.5248603827605466,0.6437640634759548,0.6445786109029085,0.6437640634759548,Vietnam
0.46943870735333176,0.6280989477122977,0.43429101649157686,0.4879413122768269,0.615500737260314,0.6185871254614196,0.615500737260314,Vietnam
0.43758389775584494,0.5919901761816928,0.4216625180992585,0.48685009307590643,0.5824543168290316,0.5856011611797776,0.5824543168290316,Vietnam
0.4584660521867237,0.6138981234099494,0.4653043692133424,0.5152752850843643,0.6024902431524816,0.6072039974368846,0.6024902431524816,Vietnam
0.463804442488836,0.6208446205506055,0.49058137586714395,0.5268500346372891,0.6081073157340341,0.6139338185686047,0.6081073157340341,Vietnam
0.49907474789278833,0.6554014065301451,0.5432381069279135,0.5490696424139735,0.6437093332444727,0.649793461481577,0.6437093332444727,Vietnam
0.5752576163823275,0.7337672302291783,0.6254281245319375,0.5999351040442064,0.7205391749097921,0.7255481074512559,0.7205391749097921,Vietnam
0.6361868964990128,0.7936569669569937,0.6560738113151512,0.6351022356893803,0.7810014968910872,0.7858430866571751,0.7810014968910872,Vietnam
0.6291163027738085,0.7869559471358077,0.6002320900938639,0.6241935269211487,0.7735787133769876,0.7789865630329852,0.7735787133769876,Vietnam
0.5327313589889606,0.6894307507252492,0.4837894854859508,0.5281729767191429,0.6768248717352272,0.6815032154549514,0.6768248717352272,Vietnam
0.42472664041799185,0.5823215380060134,0.38439158019168257,0.4022025247019717,0.5690890689051321,0.5705027685372717,0.5690890689051321,Vietnam
0.4667068181037117,0.6277868856708364,0.40458835915602837,0.43709753164862425,0.6118915718619863,0.6117456247808227,0.6118915718619863,Vietnam
0.3845405004712591,0.5425612150860316,0.3167416295489174,0.37118597740731873,0.5296423868929926,0.53064834917446,0.5296423868929926,Vietnam
0.2893920829766849,0.45000066468268574,0.2641799361536954,0.26436315011806183,0.43446956887241317,0.43275711778620485,0.43446956887241317,Vietnam
0.24742553112226462,0.4094492128869457,0.2563345049795409,0.21252741184712065,0.3927165452262234,0.3906820533238366,0.3927165452262234,Vietnam
0.26410915065907015,0.42489408149463775,0.2967464664612152,0.2320750124209417,0.4094140304288731,0.4073894792950343,0.4094140304288731,Vietnam
0.32656583151767926,0.4878784582418435,0.37622150220829315,0.3222023854732689,0.47133835255807643,0.46957176932328626,0.47133835255807643,Vietnam
0.374514124476083,0.5355081540926564,0.43222947074984003,0.38435254716419504,0.5190555749694107,0.5167763340225432,0.5190555749694107,Vietnam
0.49718783237553116,0.6556137464109905,0.5530311716533947,0.4894626923363987,0.6396541839294873,0.6375125743721961,0.6396541839294873,Vietnam
0.5792878255075545,0.7354103582351128,0.5986079237174118,0.5616824998307792,0.7206687970389978,0.7187021938335459,0.7206687970389978,Vietnam
0.6762314386134819,0.8347025823714578,0.6751824786866486,0.6443170613185899,0.8175666274078005,0.814687068939967,0.8175666274078005,Vietnam
0.7914309813587808,0.9467782350145751,0.7844913561615199,0.7467930672835682,0.9328703926959753,0.9294038920973581,0.9328703926959753,Vietnam
0.7764601954069883,0.9291003994546047,0.7364161564566649,0.7289164427339618,0.9175398155077968,0.9137235303430717,0.9175398155077968,Vietnam
0.7990512776432527,0.9521955798543078,0.7598494096348166,0.740429196904996,0.9406301196532578,0.9379188285364843,0.9406301196532578,Vietnam
0.7551522584913752,0.9079801396997818,0.7090300874609268,0.739926022392495,0.897441570561881,0.8985980282276083,0.897441570561881,Vietnam
0.7398899464563894,0.8912144324094109,0.6796909540175491,0.7114084434408683,0.8821511969432827,0.8837309789862573,0.8821511969432827,Vietnam
0.5823853343774034,0.7338060262918252,0.5548126944566314,0.5809614063447021,0.7239062722924756,0.7256474841431013,0.7239062722924756,Vietnam
0.4505599777878774,0.5990704766570235,0.4652324802623338,0.4345213066949058,0.5919845688663279,0.5932242393931956,0.5919845688663279,Vietnam
0.3959442122475609,0.5435730485083178,0.44120836094325094,0.36994843425571605,0.5378948528301902,0.5406879356534063,0.5378948528301902,Vietnam
0.30559400934144254,0.45163111944351225,0.36935108451372944,0.31760969279607076,0.44652540710938876,0.44924004787248595,0.44652540710938876,Vietnam
0.33397374754851056,0.48615407219790074,0.39967839305085046,0.3745708392949131,0.47534559981776336,0.47756216944534263,0.47534559981776336,Vietnam
0.3152865778017268,0.46992148379052295,0.377332035056719,0.3622783110102111,0.456387157360402,0.4587979819260604,0.456387157360402,Vietnam
0.39619311452967787,0.5526188789255245,0.4456933042313829,0.4077548335853079,0.5358591114488954,0.5363467063977527,0.5358591114488954,Vietnam
0.533846190702264,0.6909706502890149,0.5492169882945863,0.5290793556165794,0.6727552398025185,0.6724740472648751,0.6727552398025185,Vietnam
0.5439949790863843,0.6990766632301948,0.514215710450496,0.5221855117167702,0.6822957527383642,0.6827505766418835,0.6822957527383642,Vietnam
0.39218527081952,0.5469469935796843,0.3651394956318933,0.3758350269394801,0.5293817271918668,0.5304243383816643,0.5293817271918668,Vietnam
0.32126955074447267,0.4783946806382714,0.3234171593513724,0.28627225696752195,0.45879496398061204,0.4588386834765552,0.45879496398061204,Vietnam
0.27495699506220633,0.43354608104979325,0.2919564820747361,0.23234477242985097,0.41328760259640557,0.4128288553949371,0.41328760259640557,Vietnam
0.3625764879825179,0.5223230382340169,0.3908682139120523,0.31667600308688515,0.5008236540551547,0.49926043271905773,0.5008236540551547,Vietnam
0.43713525186152763,0.590986536942786,0.46723556771758346,0.38626690769201133,0.5745350797616126,0.5751174410236227,0.5745350797616126,Vietnam
0.47681421624291564,0.6285898694058385,0.5164070784803593,0.42718263988779875,0.6147971264008161,0.6154578919029845,0.6147971264008161,Vietnam
0.4463454899267546,0.5976105484696169,0.5039515455741242,0.40969984667585796,0.5848074813926275,0.5855260831085716,0.5848074813926275,Vietnam
0.3979191038735261,0.5522527641282721,0.4652961339964247,0.35792731653508386,0.5363959003756322,0.5369164723187235,0.5363959003756322,Vietnam
0.3582689771832443,0.5128075945518,0.4276130789315495,0.31388769108541137,0.49675628755232515,0.4963759688693724,0.49675628755232515,Vietnam
0.29080872693119436,0.44575536492541545,0.3685464241989579,0.24357268674434948,0.42956597312836664,0.4285458826777727,0.42956597312836664,Vietnam
0.266275552163705,0.41975894502096767,0.32238293239233906,0.2323541868103898,0.40526329776329373,0.4037841131490858,0.40526329776329373,Vietnam
0.3517037327752313,0.5071284154798853,0.35265644752879516,0.30682478960776166,0.4897360810587257,0.4875399781135053,0.4897360810587257,Vietnam
0.3586540669980868,0.5143940926812424,0.3264083091728355,0.32998514949017227,0.49601897911238463,0.49278830262028595,0.49601897911238463,Vietnam
0.379799986592863,0.5370870560455969,0.33848913399918445,0.3317894895314316,0.5164295061426748,0.5131432130383781,0.5164295061426748,Vietnam
0.36993612708277634,0.5275188084929315,0.3341641760942322,0.3104626004608243,0.5058893145344014,0.5029453613723689,0.5058893145344014,Vietnam
0.3715607124497184,0.5294925642453843,0.3494372465237434,0.30601750061511435,0.5067179903824459,0.5034728415677246,0.5067179903824459,Vietnam
0.40678613449353684,0.5625417840477124,0.39439708547491037,0.35629171252425246,0.5421462722863376,0.5395795342791776,0.5421462722863376,Vietnam
0.4960310537343479,0.6518913452950437,0.4910303219913699,0.46340979985350383,0.6313399053588042,0.6290793332523529,0.6313399053588042,Vietnam
0.5522239643451671,0.7051464774703469,0.5616104235009369,0.5154285068001176,0.6878385084710055,0.6858830789351881,0.6878385084710055,Vietnam
0.528614639208989,0.675757903516851,0.5597644630381317,0.4868500772313458,0.6630929262772507,0.6615407889116813,0.6630929262772507,Vietnam
0.37270918609947795,0.5223457155086967,0.42556525323951233,0.34961237744217166,0.5064289623195857,0.5051500675192073,0.5064289623195857,Vietnam
0.30253534442463514,0.44965178802510974,0.35102700405090803,0.28438006078291655,0.4369547659203138,0.43411049574948707,0.4369547659203138,Vietnam
0.32909088787177576,0.478677971785181,0.33344148533039064,0.32700825639488096,0.464397739406859,0.4616864495278101,0.464397739406859,Vietnam
0.35683953465129026,0.5095044494068051,0.34033000887457776,0.33475159642912106,0.49196736625138976,0.4880602769557135,0.49196736625138976,Vietnam
0.38739761639887904,0.5413107260218022,0.35492439970087486,0.35558266372789316,0.5217072857969565,0.5157087087098935,0.5217072857969565,Vietnam
0.48469262843115135,0.6392525772740618,0.3934428861999095,0.45378640815889143,0.618343063156211,0.6127649175344981,0.618343063156211,Vietnam
0.6292169814190876,0.7859823100889622,0.5321907811850582,0.5936523678985415,0.7637321121754965,0.7593265904265947,0.7637321121754965,Vietnam
0.6958246986207459,0.8532366654115633,0.6270123788103776,0.6587715757719761,0.8304564592524624,0.8287188862052148,0.8304564592524624,Vietnam
0.7842313665217128,0.9418840424143026,0.7457229939374317,0.7418689998920481,0.91867972344425,0.9182465678466128,0.91867972344425,Vietnam
0.8231826588222448,0.982125970061818,0.8266795015603894,0.780286306879741,0.9585741299600158,0.9589618990621673,0.9585741299600158,Vietnam
0.8544152225152946,1.0132830642586308,0.8839161342013444,0.8077643525438202,0.9902409520846785,0.9921600879501442,0.9902409520846785,Vietnam
0.8843508052948498,1.0375903659207184,0.9268657576821003,0.8542257095772761,1.020307568091575,1.0229009401071356,1.020307568091575,Vietnam
0.8969494817789717,1.0491552425766433,0.9422046689844845,0.8636236829648977,1.032982486432273,1.0367984812593245,1.032982486432273,Vietnam
0.9221425406256982,1.0711860131935247,0.9690149991136686,0.880055294370891,1.0579066098703622,1.061724044539284,1.0579066098703622,Vietnam
0.8609431181637748,1.0076700847796276,0.8939979632147999,0.8101042511006523,0.9968187791131632,1.0013432457977038,0.9968187791131632,Vietnam
0.7806332896676283,0.9296414609000356,0.8044185380348856,0.7553944218270446,0.9161759654845578,0.9202357500661413,0.9161759654845578,Vietnam
0.6994003501967941,0.8463195713595352,0.7133659775118751,0.6891592181763717,0.8345403713543552,0.8387950420424,0.8345403713543552,Vietnam
0.5123286897619966,0.6630527512987471,0.5309558330313537,0.4925863109651215,0.647344241755318,0.651736102606892,0.647344241755318,Vietnam
0.5473559554785851,0.6977819334362441,0.5682153115378145,0.5114444980547522,0.6811829211680018,0.6832842521870488,0.6811829211680018,Vietnam
0.678570722043873,0.8287721811594212,0.7003444279127907,0.6548611273101653,0.8117802262039479,0.8144108526106734,0.8117802262039479,Vietnam
0.7093439542684635,0.8605624486478409,0.7433209738694504,0.7106271749882536,0.8428957926890729,0.8453703479551831,0.8428957926890729,Vietnam
0.7007054661688857,0.8488973239844315,0.7350849495431662,0.710343690664363,0.8350366521091463,0.8382335135533177,0.8350366521091463,Vietnam
0.6564504829991784,0.806482945981172,0.7003786674695606,0.6506608023661753,0.7894441833779848,0.7938919600832928,0.7894441833779848,Vietnam
0.6584624678955813,0.8029634559413666,0.7056851537563668,0.642042299367277,0.7903280502556185,0.7947558982048798,0.7903280502556185,Vietnam
0.6664516346672684,0.8092186958211895,0.7043449008654563,0.6579839332326085,0.7972900191435024,0.8013880345023235,0.7972900191435024,Vietnam
0.613958820876583,0.7545936157530242,0.6383150380597944,0.5892487110858464,0.7441143185459829,0.748385641368785,0.7441143185459829,Vietnam
0.6247185740427644,0.7681683660793648,0.6130531985920196,0.5818776652266848,0.7538596297401351,0.7564891234836991,0.7538596297401351,Vietnam
0.6616253981188882,0.8025950063948156,0.6434693565746475,0.6542654026768295,0.789580570335433,0.7930070974576026,0.789580570335433,Vietnam
0.7003881987332019,0.8405526146141866,0.6923627046712086,0.729900968008221,0.8281610843388109,0.8308680996250966,0.8281610843388109,Vietnam
0.5780102998446928,0.7196642260019481,0.5812041836664588,0.6062658729925445,0.7059921327417638,0.7082438805663782,0.7059921327417638,Vietnam
0.39807773114262984,0.5415727139092711,0.43035836357855717,0.3896769110665155,0.5250489364345007,0.5274377964441124,0.5250489364345007,Vietnam
0.3475621036677125,0.49393199602540055,0.39338752573850677,0.32061048221380545,0.47495989423411406,0.4753735254314877,0.47495989423411406,Vietnam
0.4819325894361252,0.629399955220523,0.5312901608489358,0.43924013868250833,0.6090845638481129,0.6076024509625712,0.6090845638481129,Vietnam
0.5726117048232882,0.7176789145933061,0.6212318984525761,0.5254806950697414,0.6994939154623377,0.6999490079835251,0.6994939154623377,Vietnam
0.5513156909265442,0.6979505222928348,0.6016241317719705,0.502694004248637,0.6782510954510406,0.6812535068303271,0.6782510954510406,Vietnam
0.5295056417613178,0.6731315911737777,0.5860126710269684,0.4936553490866954,0.6577503951585717,0.6608407973077357,0.6577503951585717,Vietnam
0.5149378442824379,0.6568363711946406,0.5664497003264011,0.47481782620323243,0.6423456319282974,0.6450460970468921,0.6423456319282974,Vietnam
0.5376466855260182,0.6770713186551852,0.5532184146751485,0.506199597463662,0.664309995414386,0.6678344398533265,0.664309995414386,Vietnam
0.47646337972403247,0.6190546854245577,0.4691757602627255,0.4422853199026794,0.6027680247814431,0.6065466191730238,0.6027680247814431,Vietnam
0.34556131597866435,0.4888261927830241,0.34796082901153846,0.3258821196182503,0.47293559908441507,0.47417237165584125,0.47293559908441507,Vietnam
0.4423109214365374,0.586895667116023,0.42914742287446034,0.4146458669728493,0.569146292701324,0.5675183557165291,0.569146292701324,Vietnam
0.508101385185717,0.6554868306544728,0.4609751330788242,0.5090529514858413,0.6354434122432573,0.633350772732834,0.6354434122432573,Vietnam
0.4065329268870334,0.5538117462192458,0.35771688312834626,0.38233584986487906,0.5336646084404835,0.5326484121070013,0.5336646084404835,Vietnam
0.4334777180171113,0.581318226350471,0.3900144908058409,0.39163480300833337,0.5600394738641312,0.5583862778626426,0.5600394738641312,Vietnam
0.8601504321210892,0.8601504321210892,0.8601504321210892,0.8601504321210892,0.8631758420592915,0.8601504321210892,0.8601504321210892,Thailand
0.8519032605053325,0.8491045147915041,0.8319609108197009,0.8548332415422939,0.8530376162553674,0.8504814219792696,0.8505603345448924,Thailand
0.797897252426252,0.7908800752512521,0.7718581329565911,0.8010264929542449,0.7981546284497154,0.7961310968864608,0.7961261679110089,Thailand
0.8154899552153537,0.7968547684605968,0.7585490220079436,0.8107845156257628,0.8083146083908909,0.8066324033963774,0.8066536539101424,Thailand
0.8812932636657222,0.8602630131898293,0.8060040795986572,0.8748029399056992,0.872060594410125,0.8705575155844069,0.8707005631280387,Thailand
0.8894746977759516,0.8653832788582279,0.800186725377862,0.8798757382527946,0.8765430522558924,0.8751564694051815,0.8754294244535099,Thailand
0.902790403509847,0.8781489629842464,0.8100980351531204,0.8945884132047522,0.8901872581402902,0.8890945441556274,0.8892753917012061,Thailand
0.9251663763857848,0.8985429082805321,0.8350054129848359,0.916819602544637,0.9101463632764507,0.9090040784864888,0.9093997041135338,Thailand
0.9100880367339845,0.875176769568863,0.8229861029864911,0.9005949089988242,0.891074642623184,0.8899205494464343,0.8904632593309907,Thailand
0.8908917444900176,0.85715862622792,0.8121744266130964,0.8827937902436922,0.8712943215500628,0.8699503866291661,0.870793705541397,Thailand
0.915980619742878,0.8750536373293862,0.8347994613565586,0.9023737896615804,0.8891903495140328,0.8876488303124048,0.8887804325415991,Thailand
0.8777722532954744,0.8376204444974306,0.7998548869906176,0.8638107304632449,0.8497925397534704,0.8484035376505958,0.8494568894319054,Thailand
0.8154264775673639,0.7674862865472731,0.73645261778785,0.798912740536111,0.7837869660193136,0.7824390813814784,0.783512127098403,Thailand
0.7965409232206753,0.743387459436205,0.6990620534000488,0.7787599991608647,0.7625761400451052,0.7616123500654041,0.7623510950277337,Thailand
0.7835027896183638,0.7214412040688881,0.6594941370423697,0.7558202117715775,0.7402479227988363,0.7398763009612266,0.7400636502814071,Thailand
0.744347119549744,0.6763950277088978,0.6148152391053323,0.7123216148115978,0.6968426136085393,0.6966710791599576,0.6966917266390061,Thailand
0.7598095020985147,0.6884622592360409,0.6105863231120572,0.7256593163633517,0.7108396737572635,0.7109046085793234,0.7107161237135972,Thailand
0.7798520060540448,0.7037285870130319,0.6046781979564628,0.741284373655296,0.724982094034666,0.7250839831389431,0.7248809281530979,Thailand
0.7459478104287606,0.6679709297410048,0.578353753801637,0.7052824703346601,0.6896040764779037,0.6898676817566299,0.6895212393109571,Thailand
0.717924010675287,0.6341808099349807,0.5642273199398051,0.673062302216216,0.6583590853371841,0.6588835690716415,0.6582912561825188,Thailand
0.7043710766660524,0.6246964093067763,0.5655776986198974,0.6589756620120931,0.6461973367267431,0.6468967827681725,0.6461417965098066,Thailand
0.7297811185082412,0.6455583441661408,0.5992283435151025,0.6803773224731147,0.6693892012441297,0.6700810933692191,0.6693437235183264,Thailand
0.7205358585237092,0.6345098206594516,0.5946687887027764,0.6647540616468555,0.6549703270041731,0.6555953112220272,0.6549330886990616,Thailand
0.7071439893468288,0.6110689259494098,0.5773150233067307,0.6417909920963902,0.6333133945387689,0.6342244281227898,0.6332829028784431,Thailand
0.7559731185877778,0.6529989424743623,0.6103121421098363,0.6838684436804471,0.6767178081514801,0.677867583828186,0.6766928408135028,Thailand
0.8201724391790094,0.7170934405936606,0.6548352759877968,0.7468169287106002,0.7378181611796755,0.7389057667413679,0.7377977172957081,Thailand
0.8156040188018782,0.7115428941762812,0.6393609257425975,0.740646856793139,0.7300407652795361,0.7307308824002297,0.7300240253134231,Thailand
0.7629702565445834,0.660325011173038,0.5935187696798161,0.6912462001469132,0.6788081910777566,0.6793605420352593,0.6787944839726923,Thailand
0.7389645952377314,0.6313014111557758,0.5602596964554506,0.6639153014173127,0.6505781539322137,0.6509848374493514,0.6505669302100163,Thailand
0.7042639060341747,0.5920710987549956,0.5278007876238461,0.6236231419435035,0.6110755136386904,0.6108472988754321,0.611066323372812,Thailand
0.6622420336453083,0.5415219185116544,0.49199825421622123,0.5726809794922771,0.5617643680843049,0.5617188633955069,0.5617568428635777,Thailand
0.6403341725947799,0.5121745147465969,0.47692635638019193,0.5445982196968245,0.5352307928877701,0.5354855445578409,0.5352246310478689,Thailand
0.6238877359379479,0.5009502077967216,0.47258127731174204,0.5290932087210352,0.5210398720284772,0.5214384314655881,0.5210348265590692,Thailand
0.6344321726971573,0.5039141378020001,0.48512697420999346,0.5335171335129371,0.526716552019906,0.5271194535299706,0.5267124206627211,Thailand
0.6546770127353994,0.5236485315751019,0.504483665452391,0.5501462561887421,0.544318476410945,0.5448832612554542,0.5443150935518275,Thailand
0.6780118772855214,0.5457093182968021,0.5176016811814497,0.5715832574563299,0.5661607181714643,0.5667413367727071,0.5661579482013802,Thailand
0.6716308486094749,0.5339924134536477,0.4993912479383239,0.5613552631140627,0.5545287145522613,0.5552123928502702,0.5545264464311246,Thailand
0.7070749232268749,0.5598368071001003,0.5126629019577336,0.5897191296228437,0.5829873069657614,0.5839838848373182,0.5829854497711585,Thailand
0.7585464574861955,0.60473645741166,0.5319447166334149,0.6332420943362057,0.6273960268342986,0.6287639011325888,0.6273945061166715,Thailand
0.7908937626268117,0.6348853950550708,0.5344351756999536,0.6660799992942198,0.6586603628675067,0.6599602582917865,0.6586591176656857,Thailand
0.8445683138258696,0.6863634183916427,0.5696048646050588,0.7162693748879818,0.7101052257771872,0.7111569505291018,0.7101042061746341,Thailand
0.8596649076770423,0.6954013885974736,0.5762020506216691,0.726755690332776,0.7193473169255573,0.719586366457329,0.719346482049356,Thailand
0.8869742663931577,0.716602406860178,0.605445611294813,0.7479669031046916,0.7405199356970702,0.74018527855342,0.7405192520794492,Thailand
0.9431973212128637,0.773489813044909,0.677829862204339,0.8044862062464049,0.7957468514654382,0.7948859044406622,0.7957462917021454,Thailand
0.9256540812134841,0.7549050782508837,0.6750029408128261,0.7842666255707833,0.7740306328686742,0.7730388418355748,0.7740301745204188,Thailand
0.9234081953820386,0.751476521760464,0.6875006094921192,0.7826320229782339,0.7723965851422332,0.7705999115705324,0.7723962098351597,Thailand
0.9310094360739816,0.7566113914288827,0.7006271356126772,0.7885289437230528,0.7784844253143449,0.7767506093071043,0.7784841180034785,Thailand
0.9627819616758568,0.7791528889052656,0.7278918100356858,0.8135620838467228,0.8036460366847997,0.8021828741519309,0.8036457850509371,Thailand
0.9995366873909821,0.8129503055891937,0.7533744174667673,0.8446416179386623,0.8336446536809371,0.8320214744650307,0.8336444476368048,Thailand
1.0025962326225897,0.816488500593102,0.7328583045600796,0.8471182830917208,0.8338579791785423,0.832095060826344,0.8338578104644272,Thailand
1.0054497049234412,0.8141926793481956,0.7084072186099127,0.8450110270322593,0.8310235803115198,0.8292792645805865,0.8310234421641612,Thailand
1.0154974872341251,0.8213214668012773,0.6978307479801239,0.8532172183812174,0.8377569166880819,0.8360049560019452,0.8377568035695521,Thailand
1.0160641004849837,0.8207756848718972,0.6774447657153562,0.854198963114623,0.8369525042496295,0.8353924810044014,0.8369524116253337,Thailand
1.0107262126258052,0.8107286883291599,0.6569122771462356,0.8420743580733837,0.8264632082097342,0.8250817655408965,0.8264631323666324,Thailand
0.9511297080117457,0.743114709303386,0.6087039275381811,0.7739110145297907,0.7599627491597801,0.7588086169635715,0.7599626870575419,Thailand
0.8885136974358658,0.6743693803449416,0.5679301731159685,0.7063818528970639,0.6937079960801136,0.6923114735225689,0.6937079452292397,Thailand
0.8538962038070702,0.6313329447202229,0.5449059734636011,0.6636159469879516,0.6520822307368034,0.6507817929049182,0.6520821890988295,Thailand
0.8386601448953929,0.6188863009502266,0.550832857624697,0.6516220519526801,0.6411795674739067,0.6391380483228897,0.641179533379687,Thailand
0.8182530969697751,0.5942034161431682,0.5388300161781564,0.6249817122851035,0.615591794096008,0.6137135069019294,0.6155917661788038,Thailand
0.8389918185834198,0.6094906851153833,0.5613601730260426,0.6418220415310918,0.633431333436141,0.6316810175538633,0.6334313105768324,Thailand
0.8988557391334725,0.668376519225153,0.6273538312203809,0.6999274522345624,0.6915927936409121,0.689956252958391,0.6915927749231356,Thailand
0.9255078096625867,0.6949945436783329,0.6319642505261973,0.7235504985326064,0.7141649949218013,0.71258002304819,0.7141649795952154,Thailand
0.9180010227399706,0.6864485575091245,0.5989432685490973,0.7190558805591244,0.7080177493600944,0.7063896904715723,0.7080177368103007,Thailand
0.9102277682635213,0.6732704599658645,0.5620524457300478,0.7075931583673452,0.6953145547042716,0.6934930483089844,0.695314544428185,Thailand
0.8911168747424515,0.6474671633080114,0.5182356268095616,0.6848186224957784,0.6701525132943132,0.6688040548350334,0.6701525048799952,Thailand
0.9231392641139553,0.6725308762823304,0.553237529887447,0.7096045248868268,0.6952056817193397,0.6941606232202422,0.6952056748294846,Thailand
0.9392864653559457,0.6881924982349596,0.578691435418267,0.7210713287933161,0.7083321615782219,0.7073223674279844,0.7083321559366353,Thailand
0.8924852982096787,0.642905485463492,0.5457972486746206,0.6718497501722234,0.6597290148084721,0.6588937221789926,0.6597290101889992,Thailand
0.8568121001110617,0.6004800857693822,0.5230939713637288,0.6318419532695345,0.6205659215551331,0.6201041447104418,0.6205659177725926,Thailand
0.8764484722906019,0.611032992795185,0.5478617978703451,0.6440936059563432,0.6339873649515335,0.6337530772152159,0.6339873618542943,Thailand
0.878455562994486,0.6129447630776791,0.5514707306509088,0.6428850417387545,0.632248441696686,0.6319443643998846,0.6322484391605887,Thailand
0.9126762259194308,0.6475001952142614,0.5921891287543088,0.6765287146576656,0.6647447001849666,0.6646065728358204,0.6647446981083462,Thailand
0.9472335608335215,0.6783470466604926,0.6149277801177917,0.7067006456693254,0.6931898085365154,0.6931282079124644,0.6931898068361264,Thailand
0.950590743475256,0.6799452157010917,0.5909193045986503,0.7074879116227335,0.692213609399263,0.6920049367539923,0.6922136080069419,Thailand
0.9516575687241826,0.6756512826328128,0.5611749079480692,0.7032227906838701,0.6870463007936657,0.6867789100010973,0.6870462996535981,Thailand
0.9126711501001523,0.6367086766643146,0.5128124273943069,0.6631346217684917,0.6476554575167757,0.6476377240835314,0.6476554565832597,Thailand
0.866631981400775,0.5851279990714126,0.4610392380863228,0.6136270397980357,0.597927820844067,0.5978790847666753,0.5979278200796807,Thailand
0.8738261975596885,0.5870302897906906,0.4642119189540225,0.6165402586171043,0.601430363725099,0.6014688880559639,0.6014303630992003,Thailand
0.9171185166638688,0.6275098975651373,0.5154916372343029,0.6581967405430135,0.6443856998685569,0.6445157188590238,0.6443856993560553,Thailand
0.9211193078879217,0.6293046949481318,0.5267552741254806,0.6553227140611642,0.6434103201117168,0.6432615184548061,0.6434103196920676,Thailand
0.8779877598555967,0.5836038393863474,0.49586534444367847,0.6069351106303416,0.5955326952085045,0.5952739378615775,0.5955326948648851,Thailand
0.8478847077542715,0.5508611873276485,0.4774477735088759,0.5720918616718704,0.5608719730776944,0.5603052933873003,0.5608719727963303,Thailand
0.8779195070485095,0.5726657875716749,0.5112040201217619,0.5975456324542969,0.5865033746003792,0.5859920799590228,0.5865033743699912,Thailand
0.9048712836074025,0.5989243669167362,0.5401384945659967,0.6249464229589476,0.6125353902917259,0.6120890953247937,0.6125353901030783,Thailand
0.9423565899498885,0.6339098096409364,0.5686155498154705,0.659742696077708,0.6459102584137187,0.6454864442699737,0.6459102582592494,Thailand
0.9305563833864069,0.6187636926573438,0.5388543709799973,0.6444617870716187,0.6294013957462269,0.6290918120895737,0.6294013956197435,Thailand
0.8932052853940049,0.5776358468237217,0.4838227520497586,0.6055288067266968,0.5888661947493863,0.5886325225985194,0.5888661946458185,Thailand
0.8377598177673802,0.5158567889093961,0.42577327716727076,0.5459269403694311,0.5287991145997493,0.5284667062998469,0.5287991145149453,Thailand
0.8170523919903291,0.48664822301010896,0.3869829930056198,0.522176475818169,0.5036359333300515,0.5034540817880497,0.503635933260612,Thailand
0.8182531347779518,0.4771470828390436,0.36552367738228486,0.5142023379359184,0.4971594136297222,0.4971106619178635,0.49715941357286336,Thailand
0.7872164764738045,0.4408803221408167,0.34127822860610596,0.4796611754101717,0.4631937347097041,0.4632447401445767,0.4631937346631467,Thailand
0.7458980991859497,0.3968532766584661,0.3149823907496173,0.433580489035582,0.4181340757511043,0.4185141690152576,0.4181340757129819,Thailand
0.7579711831924195,0.40400752045605626,0.33634735252468007,0.4414321684990018,0.4278151672570539,0.42827423381559826,0.42781516722583834,Thailand
0.7732905301749956,0.42105107543043435,0.36370680460433336,0.4566662750646721,0.44386174257092376,0.44443208782456906,0.4438617425453637,Thailand
0.7582927700818144,0.4024595263601468,0.3558430987221589,0.43872317055026,0.42543067743522844,0.42610568769271784,0.4254306774142992,Thailand
0.7267919241642907,0.36605528995188025,0.3294945022959861,0.40192708234446195,0.3904470920618891,0.3913058887896407,0.3904470920447517,Thailand
0.689757763443162,0.32407302026950285,0.29402320965007994,0.35493821981832896,0.3451894728831055,0.3459243493289083,0.345189472869073,Thailand
0.6678888991992668,0.3021820128375904,0.2680359425208232,0.3282849180131525,0.3199443490330147,0.32093407322428125,0.3199443490215246,Thailand
0.6645262802382342,0.29518498085777733,0.2492349536640456,0.32028961713296517,0.3124742378732184,0.31352956874096904,0.3124742378638099,Thailand
0.7200571422372287,0.3448821551366916,0.2834372382133216,0.3741709966157117,0.3653132449855118,0.3664303740666763,0.3653132449778079,Thailand
0.7444203985473872,0.36747515022346233,0.2860845419029723,0.4007051050910804,0.3888152688067467,0.389961944131581,0.3888152688004386,Thailand
0.8049570495672784,0.42041315643169985,0.34017548583835655,0.4559595803588693,0.4432750171731939,0.4437533033722975,0.44327501716802864,Thailand
0.865611449581588,0.4788064887529779,0.40062098271123214,0.5144339836467422,0.499624959513262,0.4999759081902847,0.49962495950903263,Thailand
0.9191521539607628,0.5298572564640125,0.4554549099056273,0.5627277456948001,0.5482981397824159,0.5482856487181306,0.5482981397789528,Thailand
0.9344026477295959,0.5421502726424776,0.4802920089186353,0.5773860373913706,0.5629202973507285,0.5626591097939135,0.5629202973478928,Thailand
0.9216497747588488,0.5248588927305127,0.4714312609688503,0.5580860811027927,0.5429382971016129,0.542324734825465,0.5429382970992911,Thailand
0.9579311203155941,0.5616993931645098,0.5195136979783244,0.5950173512919713,0.5793434183382447,0.5785756209149407,0.5793434183363435,Thailand
1.0023595800324305,0.6040541535018737,0.5616495029926224,0.6335438943457656,0.6185015248514979,0.6175330110783515,0.6185015248499413,Thailand
1.028740819914958,0.6239907796543728,0.5669803797070463,0.6491527907375956,0.6358670261826952,0.6348715024017398,0.6358670261814205,Thailand
1.034661124808033,0.6309270436196168,0.5541532004905382,0.6562972757752497,0.641119647513553,0.6401308357394514,0.6411196475125092,Thailand
1.0387530893464396,0.6346187484305748,0.537254633599378,0.6583380222098947,0.6439934329866959,0.6429443174998224,0.643993432985841,Thailand
1.0464198565996252,0.636204572378595,0.5199419788457638,0.6617905650917754,0.6473054096974292,0.6463220580576617,0.6473054096967292,Thailand
1.0741999659684338,0.6603034679542008,0.5421898064313797,0.6870478883309469,0.6721911700791128,0.6713331933790627,0.6721911700785397,Thailand
1.0505304331306717,0.6362888594836501,0.5190495338402247,0.66047905532892,0.648166060472902,0.6473985176311752,0.6481660604724329,Thailand
0.9783308714636876,0.558789760744415,0.45406161581850474,0.5821701707039046,0.5709751027478455,0.5702355310985228,0.5709751027474613,Thailand
0.9386485741044858,0.515668887173489,0.42380853759331233,0.5389485523537799,0.5285486507824925,0.5275783477137181,0.5285486507821779,Thailand
0.9569632492468065,0.52791495584826,0.44638622716028065,0.5501148450816662,0.5402518337790178,0.5391360122338176,0.5402518337787602,Thailand
0.994805237272552,0.5561815134701292,0.4892348067479061,0.5834592510180634,0.5726801658353973,0.5714641434617861,0.5726801658351864,Thailand
1.0104489565647004,0.5676776760306121,0.5147545200687698,0.5991132834259695,0.587584093921983,0.5862860245912098,0.5875840939218103,Thailand
1.0159913189991812,0.5638631467480545,0.5198431568921906,0.5994746882781272,0.5864775298984192,0.5851662912054012,0.5864775298982778,Thailand
1.0068501158446268,0.5544694337923141,0.5079186449885713,0.5892367686474008,0.5759207964999219,0.5745771357447619,0.5759207964998062,Thailand
0.9985791942762079,0.5438719970531827,0.4818433121860793,0.578704567816446,0.5638049512631336,0.5625158268725854,0.5638049512630388,Thailand
0.9555748485975047,0.49698703808007494,0.4234168626453438,0.5307277029955244,0.5149664335097919,0.5136555390160522,0.5149664335097142,Thailand
0.9190545845855551,0.4608918066585542,0.37421608238290344,0.49215589527642667,0.478369243604634,0.47696461131708245,0.4783692436045704,Thailand
0.8705217525541542,0.40919815547656474,0.32038083525472677,0.4374966699585296,0.4257446448367826,0.42420885962698923,0.4257446448367305,Thailand
0.8823912574106829,0.41321766922251085,0.31197692128122706,0.44043641288702,0.43023493034892063,0.42846195276866317,0.430234930348878,Thailand
0.8553546588470068,0.38533214629695134,0.28774849139299813,0.4125331630019635,0.4025277453282219,0.40059178146345337,0.40252774532818697,Thailand
0.8644024438100523,0.3871800227473642,0.30095845809737093,0.41778467564893995,0.4069976593616637,0.4054876498152928,0.4069976593616351,Thailand
0.8848917708903481,0.40162822613560917,0.32535124651729974,0.43468498035709713,0.4230670476655767,0.42213527028899245,0.42306704766555325,Thailand
0.8781148336913304,0.39014459787438804,0.3228059837868539,0.4250219266688938,0.4113280275271284,0.41027119502952664,0.41132802752710923,Thailand
0.8955367042651301,0.40426920239726843,0.3498272025112006,0.4428226503110772,0.428044134753857,0.42689316385930415,0.4280441347538413,Thailand
0.885513569908082,0.39191017986537313,0.34878810160080476,0.4325170292362714,0.4167716406464534,0.41529827337793673,0.4167716406464405,Thailand
0.8694704809139667,0.3711634147418275,0.3274032224107009,0.4129810322066342,0.3963482295811094,0.3951099238519357,0.39634822958109883,Thailand
0.8259697589581633,0.321580993977422,0.28540815006966974,0.3637555741468154,0.3485893268201645,0.3475396925609961,0.34858932682015586,Thailand
0.8255831253691142,0.3149113521332345,0.26233055916929976,0.357564690280865,0.3433730617848263,0.3427206003061498,0.3433730617848192,Thailand
0.8685682069160175,0.3548569410214499,0.2800772854092733,0.3974371039407264,0.3817320567155024,0.38135572642717513,0.3817320567154966,Thailand
0.8560075549161764,0.3427519510534512,0.2580701782648027,0.38224537095364586,0.3667263746636801,0.3658599369972151,0.3667263746636753,Thailand
0.8704363147091997,0.3533402650221162,0.2563065700860415,0.3937074884571832,0.37646723046583697,0.3757270429702813,0.3764672304658331,Thailand
0.9001159798745608,0.37884914200922926,0.26653372855801116,0.4174943483777577,0.40096539603801057,0.39984181666784935,0.40096539603800735,Thailand
0.9225780361795964,0.40183284498938043,0.28970722465936294,0.43717183382046004,0.42119909916371967,0.41981849494675544,0.42119909916371706,Thailand
0.9172946926796841,0.3886764942383594,0.289970783906804,0.42505486520245134,0.40871942022223656,0.40729883838585185,0.40871942022223445,Thailand
0.8644461966200238,0.33548836972924256,0.2509585020561761,0.3693246802380637,0.35199277274143714,0.35017471697037705,0.3519927727414354,Thailand
0.8217867790361961,0.29446032334877603,0.22483443963976343,0.3255399935429013,0.3081722162252608,0.30647006276489597,0.30817221622525937,Thailand
0.7861865027884085,0.2549817198399016,0.198273182597365,0.2850400801826412,0.2682638553297325,0.26680341872719754,0.2682638553297313,Thailand
0.7880067467619456,0.2510975913247968,0.1979823647987687,0.28385560078878436,0.2685709202372723,0.26736662064797295,0.2685709202372713,Thailand
0.76378016376288,0.22056862061298074,0.16880945086393068,0.2548291685888783,0.2397479932794127,0.23875734518107744,0.2397479932794119,Thailand
0.7487538916728074,0.19825999671143754,0.14051203822068112,0.23624491770860065,0.22028665623227914,0.21974486726560732,0.22028665623227847,Thailand
0.7647637014220406,0.21112953532190418,0.13316166374022348,0.2503016809733896,0.23535077522641923,0.23508048212483673,0.23535077522641867,Thailand
0.7869439518516859,0.22746371777874388,0.12390993939664352,0.2670641870236352,0.25272789241159976,0.2527433502568355,0.2527278924115993,Thailand
0.7540714729355521,0.1922486088296651,0.08982301960500316,0.23224184051904867,0.2165939502334472,0.21676317130803288,0.21659395023344685,Thailand
0.7394447955567606,0.17087482829350925,0.06938219698820475,0.21327645558026984,0.1959393898476062,0.19621090709234842,0.1959393898476059,Thailand
0.768833459593464,0.1933086698933378,0.09696280098687327,0.23558452638653074,0.21770641982769715,0.21805512905288243,0.2177064198276969,Thailand
0.7957575700569031,0.2176559135570735,0.13308079022249072,0.2609832390670069,0.24241852261345928,0.24280000910171975,0.24241852261345906,Thailand
0.8194514367490531,0.23891311887744238,0.1667987699125429,0.2831012775353246,0.26497260479366486,0.26544623646081167,0.2649726047936647,Thailand
0.8080618866336984,0.22941730884068975,0.16779748310325054,0.26764051876405515,0.2513068445074664,0.25175834941330993,0.2513068445074662,Thailand
0.79568675648508,0.21663699540747383,0.1607487301671506,0.2502955921193901,0.23572497029090916,0.23626895598391778,0.23572497029090902,Thailand
0.8092367262306599,0.22345950071355583,0.17012070907002347,0.2588474312987155,0.24564198291185918,0.24643064721435945,0.24564198291185907,Thailand
0.8196074864378017,0.23301482750846028,0.17477633107958834,0.2670086664445905,0.2530379864996939,0.2539636070213516,0.2530379864996938,Thailand
0.7765137833824615,0.1875747696261786,0.13524119224171777,0.2204270912752602,0.20582982049416837,0.20686758421089216,0.20582982049416826,Thailand
0.7591947938206488,0.16508574314370145,0.10600613323616043,0.19770481392075398,0.18447034225871947,0.18578290745039436,0.1844703422587194,Thailand
0.7961525314115078,0.19535026228579327,0.11705587111307625,0.22996335511158095,0.2167767001929336,0.21829184004538899,0.21677670019293352,Thailand
0.7974281241837661,0.1919076702628729,0.10252421585241422,0.22598867145047097,0.21491508935567766,0.21629452677326066,0.2149150893556776,Thailand
0.7666322674821249,0.15400520230667014,0.06080547404737563,0.19042530960022291,0.17819309657411,0.17942617934200877,0.17819309657410995,Thailand
0.7432017474722887,0.12610130589028473,0.03438843012963805,0.16585167248921615,0.151924496310855,0.1529683686964284,0.15192449631085497,Thailand
0.758589350526155,0.13284254973257464,0.047286056531724685,0.17506533882072303,0.15894504108728003,0.15988551517375443,0.15894504108727997,Thailand
0.7851395538530632,0.15510953726993815,0.07911255608840972,0.19965002136775606,0.18200140166572407,0.18298127887820204,0.18200140166572404,Thailand
0.7967100600574422,0.16531878017052043,0.10006200640613638,0.21101450428467358,0.19272545053973225,0.19377109531741454,0.19272545053973222,Thailand
0.8013774951724455,0.17020787538527873,0.1166764469088557,0.21330750176135335,0.1960283221340742,0.1970506916487282,0.19602832213407417,Thailand
0.7668686522070793,0.1358055596330479,0.0919586868030281,0.1729552857830712,0.1577162883345683,0.1588832937912801,0.15771628833456827,Thailand
0.7205142040040795,0.08700252502743039,0.05487061468224008,0.12215577552449547,0.10891915485178161,0.11010642483565025,0.10891915485178161,Thailand
0.6916801304242717,0.05588135325896604,0.02125314008060586,0.08505119422593893,0.07405617127908326,0.07532608817746295,0.07405617127908326,Thailand
0.7298731689403457,0.09100310186882216,0.037453367012594,0.1156737130366488,0.10664112375738177,0.10808668817585171,0.10664112375738177,Thailand
0.7771036816535584,0.1334800096178153,0.05048300973091224,0.15845900528956064,0.15062252060664427,0.15191543644627858,0.15062252060664427,Thailand
0.7707244601650408,0.12371454307687302,0.028589288720666628,0.153620445967727,0.14292576733254614,0.1437193890486017,0.14292576733254614,Thailand
0.7729568367061945,0.12275172419250219,0.014329224342849556,0.1572850990335642,0.1447507787076333,0.14547966274930185,0.1447507787076333,Thailand
0.8185248815368521,0.16294011423141086,0.04745140454346242,0.20096842761957906,0.18595648481860677,0.18629616538811733,0.18595648481860677,Thailand
0.8679514094385082,0.2050884830443856,0.0990967291198922,0.2466584728101929,0.22979663117499352,0.22989830318353377,0.22979663117499352,Thailand
0.9142295809929862,0.24648121767731895,0.1549796127317079,0.28987896315277756,0.27217199606937514,0.2716866643277066,0.27217199606937514,Thailand
0.9733814727253459,0.3013572803461895,0.22787602446804675,0.3471883787348303,0.32879963457950157,0.32796834820232146,0.32879963457950157,Thailand
0.978866049194896,0.3015880144854067,0.24420112754285558,0.3484374243818284,0.3295314371348624,0.3287832883212694,0.3295314371348624,Thailand
0.9448587062945069,0.2661529499191107,0.21373022930303565,0.31001086035338576,0.29096094049758214,0.28992533530409476,0.29096094049758214,Thailand
0.96628777136995,0.283798827802828,0.23481932180487167,0.32877654477774365,0.309996506544658,0.30887956073698675,0.309996506544658,Thailand
1.0050569013284762,0.32198857362065547,0.26789039135888715,0.3631349425967762,0.3441199274098453,0.3429985438228437,0.3441199274098453,Thailand
0.9695753472690593,0.2830726807813279,0.22611727092891992,0.3231097428491904,0.3041628869802559,0.3031374955452925,0.3041628869802559,Thailand
0.9741012317670174,0.2846355242301709,0.21537145004109187,0.32629004267349404,0.30636705669350744,0.3051817006847989,0.30636705669350744,Thailand
0.9539366401994027,0.26076679574299055,0.17784127991819892,0.3020983230762664,0.2816155347757834,0.2802533420820418,0.2816155347757834,Thailand
0.9045971849676168,0.20523254817997827,0.11675994588857308,0.2491538191600078,0.22784872268636758,0.22616580688628138,0.22784872268636758,Thailand
0.9266298154440076,0.22002927305743752,0.1316897206539588,0.2653279831415484,0.24491319611192622,0.24330527828586893,0.24491319611192622,Thailand
0.9799747756537769,0.26841698236073164,0.18551766308524675,0.3128861857725399,0.29351864145819717,0.29179697398014326,0.29351864145819717,Thailand
0.9949409358634658,0.28339891199040884,0.21086204213392523,0.32824232472244486,0.30796128265632794,0.3061354033905496,0.30796128265632794,Thailand
1.0012205510925918,0.2887996341651574,0.22484075764808029,0.3304464468151445,0.31179783841785386,0.31001192227998653,0.31179783841785386,Thailand
1.0012030060121369,0.28334539414466836,0.23060133509358025,0.32686005495956383,0.3077654658907806,0.3056183933725332,0.3077654658907806,Thailand
0.9661857004462115,0.24781005764539102,0.1976062826619156,0.2881540564759148,0.26878925570618734,0.2665568269453076,0.26878925570618734,Thailand
0.9714022636450204,0.2505925681749145,0.199394816774786,0.2895743974665208,0.27009270530364815,0.2677809753144743,0.27009270530364815,Thailand
0.9715607072872974,0.24318115162084697,0.17118313768939347,0.2795417905743979,0.25966090037845774,0.2575233832132974,0.25966090037845774,Thailand
0.9927605271057892,0.2633972011577593,0.17818048366542988,0.2993742118329985,0.2789037882533194,0.2769947018068478,0.2789037882533194,Thailand
1.01614953235007,0.2844608257557296,0.18454658201026752,0.31942625527538526,0.2993474824681538,0.29763960302581494,0.2993474824681538,Thailand
1.0488569215572,0.3116820670877908,0.1986355857486377,0.3447412549212674,0.3283002510043928,0.32674633850054524,0.3283002510043928,Thailand
1.0044238370833298,0.2632233590221394,0.15284895928728937,0.2936428092564222,0.2801213257609259,0.27843066900288543,0.2801213257609259,Thailand
0.9522483031361042,0.2077565800535554,0.09839569243662394,0.24222601257953588,0.22756445514909326,0.22631324186451438,0.22756445514909326,Thailand
0.9210599613756124,0.16932136084085864,0.06404911797115925,0.20677565310378837,0.19136362447999966,0.19037117758881433,0.19136362447999966,Thailand
0.9323824530296616,0.17782704593779108,0.08488403878184331,0.21810476120468705,0.20193907911230968,0.2012162091218862,0.20193907911230968,Thailand
0.9601741093092049,0.20389092905632894,0.12295032004126666,0.24442439829814747,0.22710465375869734,0.22579617548472308,0.22710465375869734,Thailand
0.9528394448471325,0.1902091161388137,0.12627294532286054,0.2335174965047411,0.2156052987000192,0.2137742587551546,0.2156052987000192,Thailand
0.9047587888560439,0.13675968617638812,0.08811488583555188,0.18041530681377882,0.16277156339555732,0.16071386944089622,0.16277156339555732,Thailand
0.8387039523228331,0.06651329931382183,0.030124764856631736,0.10923429011355562,0.09331466272255445,0.09148373260898329,0.09331466272255445,Thailand
0.7844385588016256,0.015473462145262684,-0.016455050612410482,0.05213710008757416,0.03845954879770913,0.0371010272072827,0.03845954879770913,Thailand
0.7598273653679255,-0.00987555209068447,-0.0500272608494563,0.022365314853836693,0.010976945548887174,0.009981136545336333,0.010976945548887174,Thailand
0.7232880863098945,-0.05170019612782767,-0.08795850551821316,-0.018291368120372742,-0.028882299024499847,-0.02933749063268959,-0.028882299024499847,Thailand
0.7690278907147713,-0.009452417096516175,-0.03453826932305326,0.025671717976734898,0.015397369853415,0.015163513907794302,0.015397369853415,Thailand
0.7601588649844554,-0.01967408031485751,-0.03733513244172204,0.014160841587932127,0.005222388885216422,0.0043440611672909135,0.005222388885216422,Thailand
0.7021773677706418,-0.0793662743558824,-0.09256061055935327,-0.041430295740572554,-0.0532852335664582,-0.0539723109283306,-0.0532852335664582,Thailand
0.6739934857801076,-0.10946305739715784,-0.1223206889656479,-0.06835398632057138,-0.08270457133311332,-0.08312594009004587,-0.08270457133311332,Thailand
0.7649275290725689,0.7649275290725689,0.7649275290725689,0.7649275290725689,0.7364868307739653,0.7649275290725689,0.7649275290725689,Australia
0.7484477634242763,0.7670212705927099,0.7530823376776665,0.7636389074361726,0.7380174330644533,0.764490991673591,0.7646921296409596,Australia
0.6849368317961771,0.7212415434768215,0.6988209255952829,0.7149706588162025,0.6916421959140613,0.7159639820688386,0.7166605491899936,Australia
0.5902581339427194,0.6434431971421425,0.6150818272819749,0.6353524633575105,0.6135224966982107,0.6357209095759195,0.6369873559457805,Australia
0.5325103261438439,0.6014432193651448,0.5622508862259628,0.5916174793713559,0.571143026501095,0.591204547137445,0.5931508546517168,Australia
0.4871011337128547,0.5714210556112568,0.5231940008571937,0.5597378940456282,0.5405539965693675,0.5584517284986106,0.5611952667682272,Australia
0.4250518159959947,0.5227221531997921,0.4704764301874876,0.5101728815617806,0.49232337374399376,0.5080915268661852,0.5116829412808884,Australia
0.37101190310422244,0.4822639808690744,0.42536069963613904,0.46765114346727843,0.4514877607660341,0.46599223743322177,0.46964521191147235,Australia
0.3090258319319483,0.43284150839466634,0.37499254962955403,0.41608600506000376,0.40180485755536416,0.41449703997005594,0.4188348367359766,Australia
0.2854305521083489,0.4203488942457202,0.35569624280492496,0.4020037818583183,0.38934268146275214,0.40086845981944375,0.4053151981210143,Australia
0.24930549597700236,0.39520772354234607,0.3264103739065292,0.37504886455270997,0.36382187182347797,0.3737837545836887,0.37880258822323154,Australia
0.2693362566298827,0.4235973004895377,0.3519322571990571,0.4034949076662476,0.39347352969742055,0.40206371908896277,0.407524030858348,Australia
0.2988306749862041,0.4618503860913706,0.3795148300858553,0.440638745084625,0.43191022175962235,0.4397578827952538,0.4450882686303628,Australia
0.3413729806565586,0.5130333239760444,0.417531332637076,0.4896100233572803,0.48259587252641156,0.4898331793151247,0.49495563943710097,Australia
0.39502591330968506,0.5750826859678553,0.46536098266260395,0.550121944519731,0.5440489396355292,0.5506841344900526,0.55564123700592,Australia
0.4616070919172046,0.6483872055497476,0.5316065360641195,0.6226573067743139,0.6175398006228815,0.6233297533628332,0.628412283841586,Australia
0.4986666630430257,0.6909160891236453,0.5650952594474907,0.6650350121726292,0.6608363376023667,0.6661925825160909,0.6710337029359154,Australia
0.538959572788236,0.7357310708738277,0.6057263719505237,0.7103676626859312,0.707060155777695,0.7121242337476483,0.7166243241147835,Australia
0.5184967117932778,0.7183195501136794,0.587139526433462,0.6943648360847354,0.6914289318619589,0.6960045507837375,0.7003992210482476,Australia
0.5425363539024157,0.746611053521198,0.6118715545005792,0.7224478721628271,0.7201626381899353,0.7241312717761834,0.728575924661861,Australia
0.5180160535317186,0.726707887204056,0.5912570670064419,0.7007639361637801,0.6993951533402466,0.7030207236682395,0.7072860237223167,Australia
0.44218501814436817,0.6529200454159506,0.52303619961591,0.6276908218600858,0.6272463491490919,0.6302564838569088,0.6346472424378687,Australia
0.35884827804816105,0.5744958560427436,0.4491132989860905,0.5473401466271313,0.5479317479551639,0.5506539525390678,0.5548730888744519,Australia
0.32106589191687646,0.5407952887245281,0.41132546495883665,0.5127786140126472,0.5141654148190258,0.5166079990046136,0.5206757388944788,Australia
0.29878515846986137,0.5228694609294243,0.3827445437732012,0.4934637884595483,0.49548891720399546,0.4976332078019344,0.5015949880713186,Australia
0.3451564501658914,0.5716282952321815,0.42962711965135325,0.5429074989523415,0.5449969771851219,0.5462947674339743,0.550723896614118,Australia
0.345388229167945,0.5749529921525655,0.4258528819981295,0.5457347552685164,0.548008305768538,0.5490998444865008,0.5533796168553009,Australia
0.35290994278889554,0.5846526788833737,0.423321147329932,0.5551878187837377,0.5578120878059654,0.5581663706853853,0.5628498717574396,Australia
0.3940995524666589,0.6286729853510504,0.4581842099039055,0.5980735613536479,0.601304506404766,0.6005764196894504,0.6060294733135485,Australia
0.37637507313587815,0.6130401436976803,0.4433491092664045,0.5814894525118943,0.5858210668039616,0.584688710687072,0.5902526407865173,Australia
0.4159961947489018,0.6558379587332157,0.48552237360483647,0.6225630484016103,0.6282750691115815,0.6265755390612109,0.6324314681598713,Australia
0.4690281532646081,0.709966379798461,0.5374813123515408,0.6773362212389964,0.6838015592676405,0.6821193066980247,0.6876998701424284,Australia
0.4741216903301386,0.715050096007426,0.5420470159582946,0.6832707994855639,0.6901788482830429,0.6885267307066635,0.693835096756765,Australia
0.525067498940408,0.7662698923026338,0.5992034298340174,0.7350674533303011,0.7424099171549152,0.7410150086622783,0.7458391338928756,Australia
0.5055626593377942,0.7463549586811653,0.585148823639572,0.7167969622344701,0.7239480869750116,0.7228248767391019,0.7271643693257391,Australia
0.4449235765144615,0.6854880475695576,0.5280667373927463,0.6568018487369914,0.6642060269327748,0.6626266131708877,0.6672225968815598,Australia
0.3603749980902543,0.6010280215460541,0.4507759873744137,0.572429293357409,0.5804175495682489,0.5782798612251062,0.5832468080921016,Australia
0.38730660761762825,0.6299329554135981,0.47945100223172654,0.6002027081031455,0.6079808404753397,0.6050536499353998,0.610634418522823,Australia
0.40658275281691925,0.6505957167220433,0.4931160471211315,0.6204178301177626,0.6277682214885765,0.6242913458038998,0.6302570277940871,Australia
0.44260877053238723,0.688097839334811,0.5258224783612655,0.6572155644717421,0.664192508420363,0.6607635475183692,0.6665267743494261,Australia
0.4891363979125908,0.7358598885904899,0.5672439153067464,0.7038257219287674,0.7110124529870391,0.7078782389305425,0.7132017745969692,Australia
0.5530242982158097,0.8003166623324647,0.62986905398356,0.7672361201181909,0.7750932974508598,0.7718369778924976,0.7771466749397008,Australia
0.5597780657069437,0.8070055787808331,0.6287268990450879,0.7740497934698204,0.78194680656287,0.7789674148158844,0.7838726812687857,Australia
0.5308843025114182,0.7778657302563174,0.5877323346948179,0.7452238917773798,0.7530653697833889,0.75038670496223,0.7548716588866067,Australia
0.4915545626597886,0.7388373830767115,0.5444116006458867,0.7055798430953681,0.7136659691180743,0.7113132013924147,0.7153600981880399,Australia
0.42101551627912287,0.6681478126417468,0.47909060626308875,0.6346186344227922,0.6429803656234567,0.640690166801193,0.6445692991450007,Australia
0.36459561080818115,0.6110774777650442,0.4303700185295659,0.5773538905277898,0.5860981160574386,0.583593639037527,0.5875883860614457,Australia
0.3632613803794051,0.6098870278378341,0.42802662466392644,0.5753662889185912,0.5844926940713064,0.581639907220573,0.5858904269875869,Australia
0.33302593804780767,0.577824557461716,0.39681461613576324,0.5442780683463421,0.5539216777675271,0.5502627262556252,0.5552326196102808,Australia
0.2636031297050195,0.505724015401303,0.3304712338604834,0.4723747934348252,0.48264091785121904,0.4786422564476271,0.4838704578406298,Australia
0.23179518458214599,0.4711664924926206,0.2917331327942963,0.439085882257408,0.4490091672955115,0.4440851164417747,0.4501623600125772,Australia
0.1716696824697648,0.4093580132949801,0.23164179077910962,0.3766920859415531,0.3861984454725994,0.3805804377125003,0.3872800316382764,Australia
0.12005485952771956,0.3556198936923625,0.1776371317990846,0.32235691871119904,0.33141536467631844,0.32545289555435103,0.33242979064040235,Australia
0.06219189118636628,0.2953749211008009,0.12218846740361498,0.26167889261932703,0.27041842517897396,0.2644863920690274,0.27136986119883416,Australia
0.003739560451698116,0.23460212611234543,0.06618625776943199,0.20071022209237738,0.20894550281337138,0.20330983685672258,0.2098378601976827,Australia
-0.0513298075348651,0.17751095445065973,0.014254017868022016,0.1427116515148585,0.1507994388505946,0.14526189122677302,0.15163638603854313,Australia
-0.03256813320568346,0.19356066723599133,0.0278969921015483,0.15810946957275743,0.16659424027353312,0.16065911636794544,0.16737921791559696,Australia
-0.031575599125980056,0.1912154772154593,0.023448404026744325,0.15551919915570528,0.16399190866419183,0.15780739896385396,0.16472814376649317,Australia
0.006820930801826573,0.2254348909887714,0.0591455704505544,0.191006080821656,0.19934168044962153,0.19250247421873068,0.2000321996399969,Australia
0.04011375560063071,0.2561630721118827,0.08954254766147612,0.22126764576271443,0.22937082388656624,0.22212397707414772,0.23001846585689098,Australia
0.1146087878944887,0.32769618709521775,0.1619962442600612,0.2925642624261603,0.3003174994365403,0.29315110344020623,0.3009249266124572,Australia
0.13465851866782436,0.3427651532441894,0.17307855030487523,0.30749469183656186,0.3159021001185384,0.30903519085638514,0.31647180960456406,Australia
0.1594486217093791,0.3594037245338818,0.17857550268797084,0.3251264625325485,0.3334991238918553,0.32682734904164035,0.3340334577368593,Australia
0.12211589127211632,0.31506055333890853,0.1360560959666978,0.2807024472933334,0.28950118434658667,0.28293560154151637,0.2900023391718442,Australia
0.06688584146060941,0.2533891577090991,0.07869560418600045,0.21769844353302614,0.2275324651071547,0.22058687805602348,0.22800250113655318,Australia
0.04135537752628042,0.22179361295971559,0.049342232649422064,0.1856244674675347,0.19560054203842317,0.18829445087180807,0.19604139156794567,Australia
0.06824185527486676,0.24299958561656382,0.06109420516113711,0.20631485710051692,0.2158332793332734,0.2086773088575689,0.21624675467457627,Australia
0.14093887852253334,0.3075522611695277,0.12132359037633783,0.27156006483784634,0.2807465058665648,0.27294084192528484,0.2811343067973058,Australia
0.20033139077570816,0.3606082727372394,0.17536365823883554,0.3237115436318998,0.3329197716785884,0.3250538140242297,0.33328349243013233,Australia
0.17587934246229425,0.33137696673384126,0.14792129478204877,0.2932874461116297,0.3028338557173766,0.2956188376817738,0.30317499152860555,Australia
0.15871853021337057,0.3064876071447208,0.12556963220337633,0.2698096313391201,0.2795767878783869,0.272900806235129,0.2798967411425569,Australia
0.13520053981948799,0.276631245662237,0.09828131272205842,0.2396968092785602,0.24961008738146248,0.24331840768331225,0.24991017341137609,Australia
0.11351641149447926,0.24812699020137757,0.07153058402218379,0.21236276298706694,0.22236500727920325,0.216121255960961,0.22264645971439845,Australia
0.0950606023897474,0.223800568275447,0.04551761586979814,0.18826845098510023,0.1982874399594801,0.19150173192980718,0.19855141583766447,Australia
0.12330601034360722,0.24689175952692152,0.06534777454186452,0.21187834699879257,0.2217474991281649,0.2145702374901053,0.22199508364174317,Australia
0.14591364317975594,0.26354558913368226,0.07328945174089886,0.22870647062151767,0.23848615433979964,0.23077424847732061,0.23871836529704843,Australia
0.10780818672484645,0.2190981693597887,0.031115909566709742,0.1852336533207292,0.19503859325135278,0.18654312159787279,0.1952563852605826,Australia
0.05140107656075977,0.15821809007626897,-0.023804965133735635,0.123717626808466,0.1333774265451241,0.12457824682735111,0.13358169493902913,Australia
0.09190660567340642,0.19418154894004055,0.011738816060167842,0.15963976879082897,0.16879270176443514,0.15911972343743824,0.16898428628076378,Australia
0.16595555970831488,0.2628825506372123,0.07785314759887021,0.2298503075003246,0.2386360298440815,0.22852327197223238,0.23881571807775875,Australia
0.15010451857976656,0.24202019623533436,0.06301259616455702,0.209921575575486,0.21916539496232598,0.20910037665317235,0.21933392560321902,Australia
0.08179642731676405,0.1708793759640381,-0.00047809869870852825,0.1376493607487685,0.14721880014396546,0.13734600965414967,0.14737686601360295,Australia
0.0821490612535199,0.16833202760735005,-0.0023109764096294963,0.13449572050068875,0.14399641674287667,0.13403534209390716,0.1441446676426054,Australia
0.1360684299388305,0.21858454580524506,0.046361739761987104,0.1849245621894452,0.19415664669024962,0.18404726008273636,0.19429569207253727,Australia
0.11980023631235158,0.19907123716974517,0.03052423423649897,0.16630779706227,0.1750937314275073,0.16495682182621463,0.1752241429013729,Australia
0.13062970785582406,0.2084226679025291,0.03254034486187662,0.1750477833325524,0.18346446093368107,0.17338294037809837,0.1835867746145526,Australia
0.1394520315650294,0.21518250639660436,0.025855328334777255,0.18073793463215165,0.18973705067282698,0.17983507875945975,0.1898517693864868,Australia
0.16973639206782215,0.24408629991884842,0.04448210432927547,0.20869836831095542,0.21819855365270976,0.2084941514412494,0.21830614900238768,Australia
0.22946082421644115,0.30311045394012315,0.09765422245683412,0.2667633301537635,0.27661942626945435,0.2661495060433955,0.2767203405745663,Australia
0.26731108656135794,0.3417194475307864,0.1319821791654831,0.3034236432001005,0.314627843665748,0.30336339485793845,0.3147224917802502,Australia
0.30447798161136286,0.3771387490706367,0.164869704562422,0.3388718323341694,0.35080596762438643,0.3394835363132879,0.3508947386422207,Australia
0.2784961079000153,0.34913136659769695,0.1396543153423356,0.3124558641870729,0.32438405073421805,0.31257523148544714,0.32446730958885855,Australia
0.25029550294173264,0.32053292955388024,0.10868400970102714,0.2834089873233483,0.295202173898068,0.2835123610401878,0.29528026286274556,Australia
0.30525944710620584,0.37361241820615887,0.16329469950511677,0.33575361783217667,0.3477025626626524,0.336253118830403,0.34777580275742354,Australia
0.3855601726395074,0.45405774805544286,0.25077655135958493,0.41527134130081444,0.42747958552217313,0.41688524208160194,0.4275482778336186,Australia
0.4360513769180798,0.5042490889885813,0.30509535883484723,0.46582367980222905,0.4776420496750623,0.4680389456553059,0.47770647659403975,Australia
0.44057069364447676,0.5102243004000913,0.30927957362559194,0.4712588994578494,0.48274647926487424,0.4737948122851424,0.4828069056474138,Australia
0.4255621010062989,0.4949874439497599,0.28830255060736293,0.4552219559976238,0.4671495617538972,0.45886237056065304,0.467206236010012,Australia
0.43059410654824704,0.49993399670939376,0.2843270444673456,0.45960604934695337,0.4721171049576687,0.4642778086086853,0.4721702600725568,Australia
0.48751626561678296,0.5566880730357995,0.34017216107595505,0.5153769751939332,0.5288163607616249,0.5210928294639144,0.5288662152534606,Australia
0.5325968900672226,0.5995361167495241,0.3848323342891005,0.5579901373577907,0.5725508173068303,0.5653563411488577,0.5725975761250819,Australia
0.5941900057601388,0.6604619058538316,0.45432041090466535,0.6196115044191965,0.6346682345650094,0.6280156792525041,0.6347120899329768,Australia
0.6621819761582475,0.7281050464901148,0.526873517195938,0.688266232534977,0.7029082849615272,0.6967927934465773,0.7029494171665631,Australia
0.7170623441250754,0.7826349160480537,0.5837855729071998,0.7440254968547801,0.7581025504347958,0.7523957804838466,0.7581411285694581,Australia
0.776128759924171,0.8400096464177227,0.6499861313372214,0.8032757871435655,0.8168135978846934,0.8115515418647152,0.8168497805418772,Australia
0.8372144232755108,0.9012495996131746,0.721212018541199,0.8656128975213864,0.8786218429956947,0.8738840738786208,0.8786557789205998,Australia
0.8731172893446053,0.9360768750395341,0.7617299427947074,0.9021250018865481,0.914633869888,0.9103313424145143,0.9146656985896157,Australia
0.8646750207067533,0.9273457429986555,0.7534004121969834,0.8949967505891322,0.9070249803017544,0.9030947989534162,0.9070548326263741,Australia
0.8214140796984376,0.8843747749783741,0.7040865069947477,0.8534102709820464,0.8650330013461466,0.8614375346734618,0.8650610000152712,Australia
0.7466306448982516,0.8093204397423988,0.6250183550649406,0.7788695507871927,0.7908711806282079,0.7876989958942309,0.7908974407430477,Australia
0.703018207546563,0.7673459321747438,0.5776154436025528,0.736218213812186,0.7480042024067853,0.7451179736767864,0.7480288319214358,Australia
0.678259064043405,0.7441638700745313,0.5482438125156628,0.7129641504556725,0.7242691166878864,0.7217076093478558,0.7242922168531224,Australia
0.6777132294875138,0.7453697445273221,0.548196824517065,0.7140184050372076,0.7248461955542616,0.7224543621298112,0.7248678613337747,Australia
0.6529396360792935,0.7226286222815816,0.519149067351521,0.6904502034469467,0.7008821236915251,0.6984222585695469,0.7009024441523148,Australia
0.6836851104187494,0.7555318676872369,0.5507996541747399,0.7221511658048408,0.7334427368073315,0.7309902363248455,0.7334617954858551,Australia
0.6822413605026817,0.7566996611276622,0.5490686070402556,0.7217205301452423,0.7334577506279516,0.731270148689644,0.7334756258735391,Australia
0.6840488338404879,0.7605900580231377,0.5562847448748509,0.7261222511977413,0.7380547890143828,0.7361454134069807,0.7380715543113271,Australia
0.6963942305235665,0.7753525012529141,0.5765141859763739,0.7410073948525833,0.7530165350033488,0.7513366828663167,0.753032259272996,Australia
0.7432961120417522,0.8231811845915582,0.6319848671347618,0.7889511596345188,0.8010321455606007,0.7995675648232027,0.8010468934446829,Australia
0.7937254913597633,0.8766954920651778,0.6920213186317933,0.8429188101782416,0.855105196425521,0.8539651248961596,0.8551190285518954,Australia
0.7687843565943169,0.8514757723701508,0.6663503395636992,0.8193199961777657,0.8310636056615416,0.8302983403454645,0.8310765788934282,Australia
0.7109943688130858,0.7949525350928648,0.6058202523721603,0.7629157703476116,0.7742797491005121,0.7737014900690236,0.7742919167702563,Australia
0.6970228159119249,0.7826490989032873,0.5848190771138422,0.7508747317343168,0.762470179996866,0.7620214166896883,0.7624815921251852,Australia
0.7020571934279446,0.7882486871077613,0.5809195046581184,0.7556307076128522,0.7677454144244081,0.7675736564270076,0.7677561179260244,Australia
0.7017425654300113,0.7897169649914113,0.5707229479021465,0.7568810108822216,0.768631349499574,0.7685676019092494,0.7686413883760784,Australia
0.6592147095446836,0.7497351068567697,0.5267665066461243,0.7171734478970853,0.7285290580100728,0.728494134966046,0.728538473530814,Australia
0.6084038126168193,0.6995392548454807,0.47313846857723757,0.6660318608403719,0.6776376789544309,0.6774227884393536,0.6776465098261714,Australia
0.5322640951923802,0.6238961229646821,0.40206187370383567,0.589869942692507,0.6022346951844453,0.6015540575093554,0.6022429777104827,Australia
0.46004380232035186,0.5533493671585828,0.33460223490723634,0.5180955911342406,0.5307866109288427,0.5294855928016448,0.5307943791582517,Australia
0.3986902711047573,0.4937467159628019,0.2800766260310767,0.4580637511963921,0.47088833515178585,0.4686758832331166,0.47089562101939164,Australia
0.39649062821034065,0.49233142578446865,0.27549542447842174,0.4557485601296435,0.468591591849265,0.4656100922967902,0.4685984253069263,Australia
0.41806717526209003,0.5141839032345337,0.2934139993623243,0.4774360527018819,0.490158289693812,0.48688339180901385,0.49016469883355146,Australia
0.3699823391391814,0.46887802472336115,0.2540700985999332,0.43105448285964343,0.4439323180570235,0.44105170238173286,0.4439383292265128,Australia
0.3779474156428497,0.4791241225083163,0.26509145353550034,0.4404748186801471,0.4535596125574038,0.45109303071637824,0.4535652504682776,Australia
0.4019338841855047,0.5049740110867988,0.2860838556110576,0.46657433930127884,0.47926752870231054,0.4765919082746138,0.47927281653175496,Australia
0.44286017076632067,0.5480783492711713,0.3264552129707666,0.5093909503090602,0.522052036508459,0.5195324861623889,0.522056995994492,Australia
0.5008154656379727,0.6075267230366952,0.3867224864532251,0.5672933405000463,0.5808567277479496,0.5782773451250056,0.5808613792787846,Australia
0.5381360947626574,0.6474538155668867,0.42673001210149997,0.6054453016254537,0.6201111163081904,0.6177139110579005,0.6201154790060516,Australia
0.530255518517487,0.6411145970718158,0.42279713513981476,0.5995236881659542,0.6142878897933394,0.6116274789076734,0.6142919815930723,Australia
0.4668325765673762,0.5776164895124766,0.36539177185638805,0.5369851292281123,0.5518198861645608,0.5488750683432929,0.5518237238873615,Australia
0.4390992594474509,0.5516121373922744,0.34136460995956436,0.5121672607809424,0.5271752006971474,0.5233979455600192,0.5271788001197135,Australia
0.4099234581688218,0.5249688043319019,0.3172630788619558,0.48526469229237507,0.5002464703853258,0.4957112013546549,0.500249846304714,Australia
0.3622340568125257,0.4780847083728201,0.272622437117388,0.43763543910295694,0.45255284236785676,0.4475057073101279,0.45255600866231277,Australia
0.3892140834970981,0.5075141588222286,0.3050894794606553,0.46664929068301453,0.48147822878830027,0.47602896106077464,0.4814811984743115,Australia
0.46249358847336364,0.5814065244906037,0.38089383958150547,0.5398286327109092,0.5547141958759436,0.5489539786867772,0.5547169811617494,Australia
0.5152704957961116,0.6360028063092633,0.43396264032728643,0.5948211873494127,0.6092371490432177,0.6039416274435319,0.6092397613789968,Australia
0.5496469959560658,0.6724588478296544,0.46690416128261947,0.6316541795189091,0.6455761630942798,0.6406794850202415,0.6455786132192216,Australia
0.5534530791328311,0.6761896493460298,0.46532297603991635,0.635399109533873,0.6487862445469436,0.6442222317943798,0.6487885425333964,Australia
0.4776740946005169,0.6021914462014477,0.39713655088791266,0.5613214248730063,0.5743975904724066,0.5701638724591658,0.5743997457672845,Australia
0.4372297049787405,0.5624374213100014,0.35734289007390796,0.5207718525777824,0.5344449815736068,0.5300690259552202,0.5344470030372255,Australia
0.4075646601879711,0.5344904297337243,0.32656775175110175,0.4911082206795001,0.5057285117736109,0.5012644147167323,0.5057304077161122,Australia
0.36229184660487157,0.4906128618543631,0.2831991950453351,0.447220735031392,0.46232003417198037,0.4569100231248791,0.46232181238749454,Australia
0.33422599215929033,0.46244900859987087,0.24881408862862983,0.41853890436770597,0.4334848745379631,0.42718061781305855,0.43348654233665035,Australia
0.37531034833857957,0.5025210117363508,0.2897369475414517,0.45843418964377564,0.4733603639139862,0.46643961360662933,0.4733619281520885,Australia
0.390959086550239,0.5158462363438698,0.305731999302654,0.47312427908385524,0.48811896440351865,0.480787650686975,0.48812043151154505,Australia
0.33502572570802797,0.4597097253606111,0.2562949350631842,0.41657980656449495,0.431675625531783,0.42432212828560234,0.4316770015409456,Australia
0.3607009180472292,0.4848166034117448,0.28865065642308807,0.44329868330933453,0.45813144488870905,0.45075958395715376,0.45813273545571664,Australia
0.42457248592633495,0.5483595037922415,0.3568774554967228,0.5080137859387452,0.52273516739421,0.5154314538966599,0.5227363778245229,Australia
0.4515098101728524,0.575597732610738,0.38354295580195996,0.536351430073553,0.5509683474621108,0.5437285498398133,0.550969482731751,Australia
0.4080958739534793,0.5337807702016839,0.33974784022493026,0.4943102574679515,0.5090134674580927,0.5021473283830858,0.5090145322341002,Australia
0.3992071106329091,0.5267471571683748,0.3254624877380822,0.4870271162444744,0.5019804924461334,0.49547843411993214,0.5019814911057522,Australia
0.3767528767034812,0.5053462061673661,0.30023122201692237,0.4658990052164484,0.4810231476864487,0.47461074938997977,0.48102408433512145,Australia
0.3134344692143809,0.44419097644655897,0.24388859899584672,0.4038518092744945,0.41975845591639094,0.41353282102079725,0.41975933440463625,Australia
0.2715127622800284,0.4039013161653666,0.2057651668638695,0.36288833283477945,0.3792756099295295,0.37307884222983023,0.37927643386877125,Australia
0.285108401925809,0.4181939757182191,0.2129251995227999,0.37942109753265685,0.39503298394890557,0.38844766011254706,0.3950337567263191,Australia
0.2524000881074291,0.388224809561304,0.18213190895869416,0.3488151024770127,0.3639460642343197,0.3568238502906957,0.3639467890267566,Australia
0.29105039102416697,0.4272627844400128,0.22611156091390855,0.388900234650455,0.40395463846204493,0.3963029436652606,0.4039553182490928,Australia
0.26565691594629565,0.4032619492246577,0.21032330728687867,0.36507047304891227,0.38015998128182693,0.3719990026043884,0.3801606188580583,Australia
0.24238023979599738,0.3827776641327871,0.1942460046919267,0.3435845180449628,0.35870773307379034,0.3509915182180884,0.358708331060251,Australia
0.24876957589664733,0.39007822641045314,0.2022119466946607,0.3520458015247761,0.3668894325982714,0.35901102736940127,0.3668899934532556,Australia
0.30833709736783266,0.4516145447434131,0.2649181811819824,0.41354561357436614,0.4283004658257874,0.42023929986147024,0.4283009918549435,Australia
0.387157846412303,0.5329660650412092,0.34591526728965116,0.4939196607823654,0.5089314771144507,0.5011383995083397,0.5089319704802598,Australia
0.4555906060609178,0.6035768233766631,0.41758749226911807,0.564479013884962,0.5791433140961754,0.5718980247233962,0.5791437768268412,Australia
0.50320254844656,0.6536668046162613,0.4627833508330329,0.6142211958853684,0.6285050853051974,0.621746183361537,0.6285055193029838,Australia
0.5684140962865116,0.7214128518850621,0.5340845722542205,0.6814704623409082,0.6954390296209061,0.6891470600369376,0.6954394366699576,Australia
0.6260600505745189,0.7809520529166669,0.5960326427297162,0.7412531642424213,0.7549440950882322,0.7490876444530624,0.7549444768619084,Australia
0.6255478208213807,0.7810357492410421,0.5912948857685435,0.7431663473706351,0.7565004238622113,0.7510270651773328,0.7565007819299656,Australia
0.6304635119195424,0.7868230629913897,0.5962899404764165,0.7506508889286871,0.763518671712671,0.7586367828571103,0.7635190075465033,Australia
0.6247104134026586,0.7835351389949955,0.5931161103750072,0.74634644836833,0.7593314642639084,0.7549123831893186,0.7593317792444156,Australia
0.628271035919864,0.7895133323064726,0.5945556248587726,0.7518759394517014,0.7649292979514377,0.7608876917934616,0.7649295933734899,Australia
0.6311010999039433,0.7936517603331547,0.5969503145153865,0.7568086166366578,0.7698325178193073,0.7661639415888329,0.7698327948973706,Australia
0.6671401357951,0.8305337072339276,0.6377129731600859,0.7944190882159393,0.8075723131949443,0.8036135529037937,0.8075725730680736,Australia
0.6726018909822874,0.838098662713436,0.6454489198676862,0.8015472807274105,0.8149541079323993,0.8115942925875554,0.8149543516689209,Australia
0.5903250967362982,0.757767890865879,0.5712839953847583,0.7215763508193979,0.7345593517942443,0.731548909446416,0.7345595803961474,Australia
0.536867479818157,0.7050331401882102,0.5120622135763089,0.669551146289654,0.6826232438854196,0.6797522138797281,0.6826234582924762,Australia
0.5690533584123312,0.7390235232916564,0.5423229339256302,0.7030944721074847,0.7169671511206448,0.7133845923482807,0.7169673522142719,Australia
0.5637183588173045,0.7360031498579163,0.5307203229815348,0.6990975126237415,0.7140622883121105,0.7104145030354204,0.7140624769189945,Australia
0.5842159250295657,0.7596368597823793,0.5484588439350624,0.7217600074530011,0.737732534111766,0.7332558221523153,0.7377327110072609,Australia
0.5898927331955451,0.7696862963745116,0.5538863660744248,0.7300614439150603,0.7466286824341026,0.7413169690892818,0.7466288483454175,Australia
0.6299320830824058,0.810734057607942,0.5977305835957856,0.7712057509139763,0.787900589919622,0.7825472301716137,0.7879007455288105,Australia
0.6417112388522476,0.8246285803775397,0.6139136959612976,0.7845484411691076,0.8009982123019854,0.7961360204245691,0.8009983582487497,Australia
0.5719173409044473,0.7577448594556674,0.5549668492918104,0.7174395243190229,0.733740461166321,0.728449734414825,0.7337405980506412,Australia
0.5014037334331448,0.6904948361224966,0.49576299501367327,0.6492177968746706,0.6654430768987956,0.6598499584611762,0.6654432052833967,Australia
0.44668970818416165,0.6386712739125345,0.44799780432872943,0.5966299163716224,0.6127264384691173,0.6064217324933378,0.6127265588817825,Australia
0.43061171764396017,0.6249073655465158,0.434647538518216,0.5839558432591289,0.599902579788195,0.593322477023332,0.5999026927239349,Australia
0.43055543197697627,0.6273121149840772,0.4317009753241343,0.5857591202473222,0.6014363703850057,0.594921595941528,0.601436476308094,Australia
0.4089008285098834,0.6078185045223718,0.4052840211857185,0.5669121018121078,0.5820041051862832,0.575177159486949,0.5820042045321646,Australia
0.4202023051497265,0.6212668579422078,0.4073533945620793,0.5804529114439265,0.5952274821690448,0.5878020376520634,0.5952275753461256,Australia
0.37380283823194654,0.5755913133901851,0.36510517920028435,0.5355614698477856,0.5498995802965292,0.5413933484384197,0.549899667687856,Australia
0.34375212095339175,0.5459105394456214,0.33628986231085084,0.5067109372537972,0.5202853372972752,0.5113498937633034,0.5202854192621096,Australia
0.3716008370044276,0.5749575373136212,0.36474593120669807,0.5362818440096055,0.5491931997656162,0.5397889439415213,0.5491932766409117,Australia
0.4282803403634558,0.6310336765400493,0.420803403423208,0.5931322356634005,0.6058914207450378,0.5959137274321173,0.6058914928468252,Australia
0.3956217381716317,0.5983223750960085,0.3935948106176809,0.5609299169579429,0.5737377049048948,0.5639623610522073,0.5737377725295812,Australia
0.3326342813711731,0.5342270228356145,0.3375714360996676,0.49823449089142446,0.5111425621231168,0.5014403548823024,0.511142625548704,Australia
0.3216689851352065,0.5247334813743608,0.3316488826670319,0.48798890731294386,0.5007888849834078,0.49079176458134655,0.5007889444706355,Australia
0.28960303712595514,0.4955506556615792,0.3070102914981814,0.4581831475214411,0.47083979287726896,0.4610589946459885,0.4708398486706863,Australia
0.33204733038705614,0.5380634271041275,0.3507483497652103,0.5003196483593391,0.5129140645173179,0.5030073312329866,0.5129141168462891,Australia
0.36898915763438017,0.5773569079019423,0.38400443620219815,0.5385810116846115,0.5516206139393733,0.5419777312248104,0.5516206630190201,Australia
0.37795080443771434,0.5863831520852126,0.38672868337206673,0.5474684330790344,0.5605317454956027,0.5512451526810378,0.5605317915276893,Australia
0.35294660433148956,0.5632335917504432,0.3609325997778564,0.5239678157174336,0.5367797161422457,0.5274967303814712,0.5367797593160079,Australia
0.3181240911209224,0.529540805213586,0.32915675012236156,0.49106604753564365,0.5037001739911788,0.49375150030910975,0.5037002144841018,Australia
0.2828458661165581,0.4957163684744482,0.30035403795078186,0.4561999411514878,0.46997546986372185,0.4591061805290776,0.46997550784227016,Australia
0.26904978674350966,0.48335491524058116,0.2812056620705824,0.44314359501435363,0.4569054502892774,0.4458712511054168,0.456905485909579,Australia
0.822150949664067,0.822150949664067,0.822150949664067,0.822150949664067,0.8063088798324822,0.822150949664067,0.822150949664067,ArabianPeninsula
0.8723540649280777,0.8693062024021541,0.8668291595415722,0.8692405778499945,0.8601798933185094,0.8684007735241253,0.8674342315194108,ArabianPeninsula
0.913636528527544,0.9108790242229021,0.9084052460790589,0.9106540692525749,0.9056018631249347,0.9124433452924268,0.9089237410924297,ArabianPeninsula
0.9452410039681145,0.9092092325191068,0.9057363342069902,0.9083958095194375,0.9046630510778344,0.9087250565688543,0.9061841923487993,ArabianPeninsula
0.9544157757604164,0.923753089819774,0.9212009885744756,0.9228702857512738,0.9210749792205062,0.9258206371831466,0.9217715342381421,ArabianPeninsula
0.960611283619929,0.9284987243656985,0.9251731067190423,0.9265297717327302,0.9256646637935465,0.9285342258377234,0.925983627522856,ArabianPeninsula
0.9479967004266717,0.9282891306891482,0.9240672342974022,0.9251395034063786,0.9246143318494188,0.9272268670127141,0.9247603904636549,ArabianPeninsula
0.9553871770156287,0.9306560446896011,0.9255155913733195,0.9279591319569294,0.927460597990899,0.9326002678498991,0.9275274805760717,ArabianPeninsula
0.9472884188909452,0.9139236106908744,0.9081027150761951,0.9103015425023104,0.9099012228089012,0.9143327959650465,0.9099318494187918,ArabianPeninsula
0.9482255846338753,0.9224092555630828,0.9178594597243337,0.9203653802723234,0.9188058035846214,0.9239060736997649,0.9188198280011564,ArabianPeninsula
0.9338425109182199,0.8823609369179819,0.8779518716988166,0.8835241082807557,0.8785521367178583,0.8864063277425305,0.878558558723423,ArabianPeninsula
0.9273050235206475,0.8823695043871571,0.878664226662648,0.8865970260765247,0.8798474228670856,0.8919916583776427,0.8798503636065717,ArabianPeninsula
0.9148297895733241,0.8624031226355855,0.8578113306027633,0.863857513961363,0.8586593582001991,0.8672224892305098,0.8586607048120383,ArabianPeninsula
0.916352998764186,0.8651860040110029,0.8609061859117573,0.8640090736418866,0.8611126556844209,0.8657049836953464,0.8611132723196087,ArabianPeninsula
0.9188070783241257,0.8404605430015146,0.8361769766247252,0.8388630408664786,0.8365905431557729,0.8412791399785643,0.8365908255229285,ArabianPeninsula
0.9483426868299647,0.866392369484881,0.8633249907819401,0.8655557179851446,0.8639559975893402,0.8688898941835976,0.8639561268897955,ArabianPeninsula
0.9543793463160279,0.8872618762374658,0.882736199134966,0.8848780207734314,0.8837584088988475,0.8866760155612067,0.8837584681076025,ArabianPeninsula
0.9552150338439274,0.8708138583501932,0.8682470362430894,0.8700882498586677,0.8687584049268724,0.8715995783632569,0.8687584320395123,ArabianPeninsula
0.9534034270432785,0.8771995320490171,0.870978330010253,0.8761390443927004,0.8744548808918491,0.8765436871004171,0.8744548933071623,ArabianPeninsula
0.9603801787659754,0.8760732865926919,0.8718923288383236,0.8736423840083372,0.8725701207717212,0.8773286940227907,0.8725701264568926,ArabianPeninsula
0.9845647037365748,0.9214931644178256,0.9168165072784029,0.9182170732125244,0.9172959841961743,0.9190864013042992,0.9172959867995056,ArabianPeninsula
0.9644797626765748,0.892628761583223,0.8892401743690699,0.8943784905053233,0.8893978349795415,0.8900846507208239,0.8893978361716487,ArabianPeninsula
0.9393376993104235,0.8519257193364089,0.8492607272151496,0.8589315602259402,0.849451443803545,0.8538678724335388,0.8494514443494299,ArabianPeninsula
0.9470389530682317,0.8412740858048748,0.837339420855133,0.8490623636553905,0.8374932816082774,0.8452046384596326,0.8374932818582468,ArabianPeninsula
0.9509233570019995,0.8375015909147556,0.8352277182613363,0.8459609910415269,0.8352872918259058,0.8387578502902447,0.8352872919403709,ArabianPeninsula
0.9678888280809225,0.8533549195768161,0.8504317305631427,0.8583414186868193,0.8512603398511691,0.8531728335219182,0.8512603399035845,ArabianPeninsula
0.9625573433152913,0.8497528286304109,0.8474064483325809,0.8535367305724242,0.847928737322693,0.8503061961757342,0.8479287373466949,ArabianPeninsula
0.9631461928634844,0.8642361000073802,0.8601642326882882,0.8673372042607439,0.8614575791474296,0.8627249608486249,0.8614575791584205,ArabianPeninsula
0.971030619475154,0.867673076042603,0.8649543331694769,0.869730718535668,0.8654470386682387,0.8663033801640043,0.8654470386732716,ArabianPeninsula
0.9589814646313439,0.8462616078231471,0.8433655683886007,0.8484703454189518,0.8444873920509699,0.8453017193170342,0.8444873920532745,ArabianPeninsula
0.9327353049997423,0.813607209667905,0.8105730455771886,0.8144822549857846,0.8107660338494922,0.8116672196939343,0.8107660338505476,ArabianPeninsula
0.9488816149354008,0.8313806124317122,0.8266979089239477,0.8302135991491124,0.8274796839047789,0.8293198235716858,0.8274796839052623,ArabianPeninsula
0.9755164893435264,0.8685441590265149,0.86618581369001,0.8679532741715222,0.866486329244394,0.8674988702161851,0.8664863292446153,ArabianPeninsula
0.9739844710950595,0.860072476026225,0.8578196029529914,0.8593740842352546,0.8587023465938595,0.8588565041840523,0.8587023465939609,ArabianPeninsula
0.9732441706310342,0.8581991896924629,0.8557413359643742,0.8582905433232676,0.8562626140304568,0.8562727486347075,0.8562626140305032,ArabianPeninsula
0.9523859861975221,0.8384153411920503,0.8314946878966519,0.8441221931538443,0.8360401760341689,0.8360312694294156,0.8360401760341902,ArabianPeninsula
0.9221257192039595,0.8119909634407874,0.8079238338030761,0.8178209105837839,0.8083999284332721,0.8103477302805604,0.8083999284332819,ArabianPeninsula
0.9220410697220477,0.810381220626422,0.807550011017288,0.8162244743668354,0.808340770923123,0.8087073623467157,0.8083407709231274,ArabianPeninsula
0.9132669203800705,0.8003787561676876,0.7970555130278809,0.8034785754331693,0.798191179420646,0.7982243465239192,0.798191179420648,ArabianPeninsula
0.9383111853803798,0.8206772929462796,0.8166367579207234,0.8220159740931527,0.818046493688193,0.8179389998143605,0.8180464936881939,ArabianPeninsula
0.9293435556308031,0.8151475658249321,0.8116697215593319,0.8156065102791696,0.8126706070564149,0.8123977491319472,0.8126706070564154,ArabianPeninsula
0.9104300888276078,0.7934545673397098,0.7915029081609798,0.7936896674656941,0.7917001465396396,0.7914782326339488,0.7917001465396398,ArabianPeninsula
0.890942141033808,0.7689495880413381,0.767125813341276,0.7689217317230507,0.7673225662036708,0.7671120913084312,0.7673225662036709,ArabianPeninsula
0.8848140239892209,0.7706312295363478,0.7669065370089352,0.7685946596719297,0.7672602606543406,0.7681361163996856,0.7672602606543406,ArabianPeninsula
0.8685380150063818,0.7509632337954466,0.7476154929978024,0.7493267508418009,0.7482426173954536,0.7509517095192983,0.7482426173954536,ArabianPeninsula
0.8948818929611638,0.7847666956779604,0.7806117980006138,0.7827201573463256,0.7810194843429099,0.7852749778942458,0.7810194843429099,ArabianPeninsula
0.8974564975268522,0.7905793468788023,0.785251398758505,0.7920648167332252,0.7863401029658827,0.7894018005928974,0.7863401029658827,ArabianPeninsula
0.8582143921114351,0.7418293238519784,0.7351669608933061,0.7464211524693172,0.7389827905476274,0.7460338349330661,0.7389827905476274,ArabianPeninsula
0.8653284193910847,0.7534932559276243,0.749135060806283,0.7599636534820474,0.7514825350733457,0.7546213787157144,0.7514825350733457,ArabianPeninsula
0.867490346464928,0.7507985937602522,0.7463595129817202,0.752653035641403,0.747436139689605,0.7514311268328867,0.747436139689605,ArabianPeninsula
0.8477129132580283,0.7368300451304841,0.7322710005047873,0.7358853333652181,0.7327652927436605,0.7354473298969773,0.7327652927436605,ArabianPeninsula
0.8496558318632865,0.7426966614952799,0.7390671163419306,0.7424720772132447,0.7397961213714878,0.7421845243468995,0.7397961213714878,ArabianPeninsula
0.8596542814901759,0.7435890037120653,0.7385010936212413,0.7420754371855369,0.7396888513884234,0.741479953060965,0.7396888513884234,ArabianPeninsula
0.8482295436038231,0.7338247632273827,0.7300681082927347,0.7337553369370591,0.7311571923629658,0.7324232929107848,0.7311571923629658,ArabianPeninsula
0.8336119246452096,0.7206731181157915,0.7151952335494156,0.7195125400712498,0.7168605275814912,0.7183199230735056,0.7168605275814912,ArabianPeninsula
0.8424481778267212,0.7281381028790134,0.7243435899034152,0.7280401944417306,0.7250624572465016,0.7265750479007558,0.7250624572465016,ArabianPeninsula
0.8328536487686082,0.714206364320195,0.709887845964356,0.7163979592645916,0.7127979767899316,0.7138030906449786,0.7127979767899316,ArabianPeninsula
0.8634283193419139,0.7414312986820847,0.7382012231918116,0.744984166783365,0.7407121739882438,0.7429878487739079,0.7407121739882438,ArabianPeninsula
0.8349333321536221,0.7144793621320966,0.7077593375147208,0.7196265943121039,0.7117094326825959,0.7134364260607889,0.7117094326825959,ArabianPeninsula
0.8018297246815673,0.6832218679246764,0.6797713645423885,0.6912420367845267,0.6807437901660247,0.6862815245586374,0.6807437901660247,ArabianPeninsula
0.8082091904694878,0.69225772561299,0.6877868963450594,0.6985938165126127,0.6885825030213277,0.6950309627535218,0.6885825030213277,ArabianPeninsula
0.7815550140909978,0.6663694528980318,0.6614387250014409,0.668786059772449,0.6620513062439107,0.6697298338444095,0.6620513062439107,ArabianPeninsula
0.8205550455793142,0.7115844682018357,0.7066963319837984,0.71313224783686,0.707553817769371,0.7110865924057079,0.707553817769371,ArabianPeninsula
0.8058301175351998,0.6882964670942274,0.6849371189139465,0.6934137960818827,0.6860854280616507,0.6886221458552108,0.6860854280616507,ArabianPeninsula
0.7920399597275822,0.6684469511347703,0.6631119740616035,0.6721507164158746,0.6657413535415773,0.6690618998763572,0.6657413535415773,ArabianPeninsula
0.7615086968190289,0.6493843282777874,0.6456967799887492,0.6512484644665364,0.6460340772352581,0.6486177086377383,0.6460340772352581,ArabianPeninsula
0.763616119909234,0.642984908277488,0.6402323632990536,0.6462468568739995,0.6403324290480502,0.6428564242841847,0.6403324290480502,ArabianPeninsula
0.7561617643436283,0.6351395402604599,0.6312373389093778,0.6361108078863064,0.6315531418220293,0.6356820164876197,0.6315531418220293,ArabianPeninsula
0.7718355173010154,0.6462282528301544,0.6410420962531151,0.644834478415605,0.6419733015008664,0.6461001680372374,0.6419733015008664,ArabianPeninsula
0.7484466397117275,0.625979345697487,0.6236332773732044,0.6260597406130552,0.6238893968337209,0.6275586376818023,0.6238893968337209,ArabianPeninsula
0.7287549236499337,0.6128391860324955,0.6117954043029967,0.613170598506609,0.611832697266412,0.6182625482893136,0.611832697266412,ArabianPeninsula
0.7184222648495313,0.6028137062540404,0.5993422645084224,0.6036014018125713,0.6004082605898982,0.6092804611211868,0.6004082605898982,ArabianPeninsula
0.7000990776430887,0.5814895499910132,0.5770066456744171,0.581283582016785,0.5778860203003149,0.5831448262501833,0.5778860203003149,ArabianPeninsula
0.6981588246327209,0.5795748809905013,0.5751265940883339,0.5798075135082957,0.5755852041832784,0.5792459662158023,0.5755852041832784,ArabianPeninsula
0.6918787875497168,0.5671674927520521,0.5644676929345704,0.5709392787533494,0.5648770238900066,0.5685499940336501,0.5648770238900066,ArabianPeninsula
0.7004144802216575,0.5812535884549834,0.5781003105510093,0.5849657805441077,0.5784910675287432,0.5824560238867151,0.5784910675287432,ArabianPeninsula
0.707079961458017,0.5842154733881249,0.5796041158827946,0.5866703366430717,0.581296999794771,0.5858644503135835,0.581296999794771,ArabianPeninsula
0.7185279249342387,0.5931290352655975,0.5888989408672083,0.5943858774439212,0.589387853692817,0.5939254084268433,0.589387853692817,ArabianPeninsula
0.7395444612353075,0.6211451750909087,0.6185832486932068,0.6242856854508668,0.6189004163969682,0.622555014636289,0.6189004163969682,ArabianPeninsula
0.7197015089936027,0.5972071918743618,0.595733276639894,0.6035389699527357,0.595797606641734,0.597717261774116,0.595797606641734,ArabianPeninsula
0.6847611843133108,0.5608111885663329,0.5580068302413644,0.5703623182124365,0.559934081444846,0.5660633127799982,0.559934081444846,ArabianPeninsula
0.676036595449458,0.5495355968414879,0.5486020722739904,0.5603169877353587,0.5488423882900575,0.5567245547837417,0.5488423882900575,ArabianPeninsula
0.6667743194225139,0.5378672560703228,0.5359378730218327,0.54719588073037,0.5362643888937534,0.5434037395277088,0.5362643888937534,ArabianPeninsula
0.6902780774079651,0.5632847597318997,0.5541975344184811,0.5704917993954327,0.5615723433398055,0.5708536837570957,0.5615723433398055,ArabianPeninsula
0.6687913432712219,0.5438330271517126,0.5394136412444378,0.550079703543532,0.5416515085258267,0.5470060060115083,0.5416515085258267,ArabianPeninsula
0.6565644541986855,0.5293930641796366,0.5250836728408934,0.5342585814248788,0.5260983509720992,0.5293005106122594,0.5260983509720992,ArabianPeninsula
0.651067090498146,0.5250097262694631,0.520721803791565,0.5282756474025675,0.5210552789009608,0.5256034788193771,0.5210552789009608,ArabianPeninsula
0.6622503076272762,0.532652505997649,0.5290445486113654,0.5375035078396873,0.5301974182681919,0.5348549232980748,0.5301974182681919,ArabianPeninsula
0.6388540624540489,0.5192336819731197,0.5154897158547622,0.5226979435846419,0.5162127658778823,0.5201899326428221,0.5162127658778823,ArabianPeninsula
0.625130101559296,0.5066613860109936,0.5031684585999219,0.5103231840539997,0.5037408243683894,0.5083710088642363,0.5037408243683894,ArabianPeninsula
0.6203656772567111,0.5066577639772488,0.5032699643815797,0.512562221036665,0.5043010468154695,0.5092086971749934,0.5043010468154695,ArabianPeninsula
0.6279761261974003,0.516420731212379,0.5121819408596219,0.5209479421714036,0.5130792344535456,0.5181488015927556,0.5130792344535456,ArabianPeninsula
0.6136974754788103,0.5044115229243354,0.5000681535648466,0.5088519607499413,0.5006038625494462,0.5065181249820592,0.5006038625494462,ArabianPeninsula
0.6230571469289016,0.5035635171386624,0.4999747408977556,0.5105923085426965,0.500492982763333,0.5076787940856994,0.500492982763333,ArabianPeninsula
0.6068662248780193,0.49060070475079753,0.4868619187567816,0.4970066682442661,0.4885112826368806,0.4968232450795461,0.4885112826368806,ArabianPeninsula
0.6095181836148615,0.4941399793232165,0.4897327036810114,0.4978765897613042,0.49192202044866973,0.5033123183525279,0.49192202044866973,ArabianPeninsula
0.5938893353223966,0.48541268701868073,0.48185791617773255,0.48648037086387724,0.4824634305657328,0.49267500366976574,0.4824634305657328,ArabianPeninsula
0.5915991825254653,0.47466404562715325,0.4705561575837185,0.4765888904684449,0.4710077515944482,0.48066064618951,0.4710077515944482,ArabianPeninsula
0.5898565118329406,0.4773225272167253,0.4726851069790763,0.4792812365322172,0.47306984250110506,0.4807987122087093,0.47306984250110506,ArabianPeninsula
0.6036884840691682,0.49484267052753916,0.4888717234826082,0.4980972787938383,0.4903500416713084,0.4942713332843431,0.4903500416713084,ArabianPeninsula
0.6068388717856568,0.49154060663927673,0.48644338428472944,0.49606685743605233,0.4873582836203909,0.4919514502140465,0.4873582836203909,ArabianPeninsula
0.5818921889534232,0.4721298913294468,0.46704146022754256,0.47558027189388186,0.4675497009624079,0.4722772594449073,0.4675497009624079,ArabianPeninsula
0.5624299989570798,0.45962172122765277,0.4548718816111891,0.4627881951275321,0.45493906786761407,0.45982954763701034,0.45493906786761407,ArabianPeninsula
0.5480264419835819,0.4414590604100722,0.43747912534512945,0.44592755098120007,0.43794646846265717,0.444621397979293,0.43794646846265717,ArabianPeninsula
0.5680311917540507,0.4644617721055532,0.46031444018454815,0.46722242879268716,0.46072921869679306,0.4685081882038171,0.46072921869679306,ArabianPeninsula
0.5489939732194162,0.44523523047046254,0.4414021501202325,0.4473305670438693,0.4415616858716328,0.44857963950644086,0.4415616858716328,ArabianPeninsula
0.5626399349246798,0.45890879366377135,0.4516516134416231,0.4596215489282227,0.4546574403085435,0.4624206346765078,0.4546574403085435,ArabianPeninsula
0.5399714540627242,0.4357059550214946,0.4320688924486828,0.43874677066243095,0.4335920731217233,0.4444551673105894,0.4335920731217233,ArabianPeninsula
0.5249815699482961,0.41354954327515153,0.4075213551032657,0.41560014946076246,0.41078826065190405,0.42341578630214594,0.41078826065190405,ArabianPeninsula
0.5316659389945414,0.4194657118363335,0.4151794224278679,0.4220881339486925,0.41605695889276506,0.4225967554598471,0.41605695889276506,ArabianPeninsula
0.5352891275503008,0.42850693226156616,0.42281852068789594,0.43165974239395505,0.424683162369955,0.43004078279660074,0.424683162369955,ArabianPeninsula
0.5305300432809907,0.422251976766421,0.41756523490530184,0.42652343032423107,0.4183397857546717,0.42289071414721724,0.4183397857546717,ArabianPeninsula
0.533260618801773,0.4259010565720174,0.42111732388502254,0.4301691651780891,0.42173384408932046,0.4262791039289461,0.42173384408932046,ArabianPeninsula
0.5413901802465261,0.4380361590698973,0.4336950883804509,0.44367563729751747,0.4339424189000394,0.43762150698104274,0.4339424189000394,ArabianPeninsula
0.5388261503738093,0.42827474222261197,0.41895119771203027,0.43534513283181886,0.42516731250756656,0.4291943423648341,0.42516731250756656,ArabianPeninsula
0.5198373968268142,0.4058979207327881,0.4039136182433404,0.41335683922878097,0.40426640251110013,0.40931568140055546,0.40426640251110013,ArabianPeninsula
0.5158454844764158,0.3990518763377636,0.3977509987866157,0.4050754587303814,0.3981602740223097,0.40376995019714534,0.3981602740223097,ArabianPeninsula
0.4946311698086097,0.37852802062879154,0.3756325962354699,0.3823915225369864,0.37597782583023887,0.3835104626702723,0.37597782583023887,ArabianPeninsula
0.49588786009204006,0.3827696016183866,0.37917115794638967,0.38564396798168377,0.37945991068468354,0.3878731020962265,0.37945991068468354,ArabianPeninsula
0.4776186671169705,0.36371901165672416,0.3614581073912321,0.3655169492190136,0.3616959804089951,0.371189322199976,0.3616959804089951,ArabianPeninsula
0.5031373313045343,0.3861226557299756,0.37617242656911876,0.38848133832829057,0.3850973419983733,0.3948760393358196,0.3850973419983733,ArabianPeninsula
0.4974807589316016,0.3765253192386655,0.3736616730474591,0.3799774753253041,0.37447113042966224,0.3864635889114479,0.37447113042966224,ArabianPeninsula
0.4715530111734283,0.3539636609778757,0.3504840542439802,0.3584404467366424,0.3508870381984958,0.35765243037079775,0.3508870381984958,ArabianPeninsula
0.4808442619807054,0.36205085686001703,0.3571728031481156,0.367057469865353,0.35803901171686403,0.365132788131738,0.35803901171686403,ArabianPeninsula
0.4685297764977659,0.34966623580883566,0.34503893780730577,0.355492968516091,0.3456827238920468,0.35148265579640137,0.3456827238920468,ArabianPeninsula
0.4533377308622857,0.3311670502789032,0.3266136615333701,0.3374544048874284,0.32714183831091137,0.3326250476867729,0.32714183831091137,ArabianPeninsula
0.4754259406657161,0.3517539530921236,0.34708314252123335,0.3592407141045205,0.3481732367268616,0.3535843930834225,0.3481732367268616,ArabianPeninsula
0.46389378382694546,0.34340390616472777,0.33582833820692337,0.3505891061273801,0.3395407485156948,0.34438208372892526,0.3395407485156948,ArabianPeninsula
0.4559983744106716,0.3357706957210911,0.3290475600537086,0.3430566649886285,0.33138880779162777,0.3383080376762011,0.33138880779162777,ArabianPeninsula
0.4341891893963526,0.3170192500760174,0.3100465337567173,0.3235997447944389,0.31273805783836106,0.3199366793870069,0.31273805783836106,ArabianPeninsula
0.4337831923711638,0.31776649349550873,0.3132319918135869,0.3230149350020609,0.3135253282787771,0.32143386292547993,0.3135253282787771,ArabianPeninsula
0.4410464074541617,0.3258426998521061,0.3196806115919397,0.3288346089629764,0.32147858842283644,0.33119310176214783,0.32147858842283644,ArabianPeninsula
0.44613233544372377,0.334579472772914,0.3298135661026376,0.33620102549571773,0.3301230660561827,0.34164841015220393,0.3301230660561827,ArabianPeninsula
0.42938885204773725,0.31763393462236633,0.3143179734195225,0.3226607563934104,0.315017629359301,0.321928934502832,0.315017629359301,ArabianPeninsula
0.4561447456653016,0.34151960748012955,0.3398720952833893,0.34988551242830346,0.34019789024057,0.34324325815757006,0.34019789024057,ArabianPeninsula
0.4386573054715628,0.3251986944172453,0.3226744423925231,0.33511051873687725,0.3242360893461419,0.32822125510292877,0.3242360893461419,ArabianPeninsula
0.4519887024765073,0.3386896391404775,0.3356675815233354,0.34745037163230263,0.33639949426525473,0.339704069303986,0.33639949426525473,ArabianPeninsula
0.42499372155193516,0.31296283288491256,0.3098294704565798,0.3229873889894924,0.31122860339583136,0.3150270259805174,0.31122860339583136,ArabianPeninsula
0.4244538791331196,0.30966736771615305,0.30546083454587,0.3198772366921343,0.30770909724550866,0.3111620229571892,0.30770909724550866,ArabianPeninsula
0.4380257666819879,0.3254508208151551,0.32307546450840907,0.33645577561730233,0.3242412159678134,0.3269614383142204,0.3242412159678134,ArabianPeninsula
0.40569092723690237,0.29930716249212563,0.29576532766362695,0.3087456786037057,0.2964382743990196,0.2994525781180044,0.2964382743990196,ArabianPeninsula
0.4208650322367954,0.31249061195130773,0.30947115357969185,0.32269638243374593,0.3103747691442603,0.3137630381067514,0.3103747691442603,ArabianPeninsula
0.41071999241507673,0.30024471524544305,0.2975798357676137,0.3103457497379031,0.29781185975743807,0.3022780634484954,0.29781185975743807,ArabianPeninsula
0.39932746159753574,0.2961110926441397,0.2933209784673356,0.30755068446969974,0.2946193823141151,0.30108126666080376,0.2946193823141151,ArabianPeninsula
0.3839123898749572,0.2789687147458516,0.2753570587834643,0.28792113564982835,0.27574851947976,0.284799826505572,0.27574851947976,ArabianPeninsula
0.3566894262240985,0.25253848710256105,0.24830489331764785,0.2623844781908822,0.2497785834988569,0.2552392304826966,0.2497785834988569,ArabianPeninsula
0.34186253670936495,0.24179040208296554,0.23897287152802538,0.25167408913282807,0.2391753352750689,0.24306571165500857,0.2391753352750689,ArabianPeninsula
0.35306806755147246,0.2525215971734849,0.25025259534770017,0.26175206786677563,0.25059331159335707,0.2546841929200376,0.25059331159335707,ArabianPeninsula
0.35080553115932156,0.2495008358518221,0.24673463263768686,0.25827274234741415,0.24777617408909974,0.2523740709107576,0.24777617408909974,ArabianPeninsula
0.3515079333041567,0.25186351534401247,0.24723273779067315,0.2601007839689941,0.24968710635628838,0.25338740489559464,0.24968710635628838,ArabianPeninsula
0.35071198297911876,0.24653222989858065,0.24286503932701248,0.254715658706532,0.24370929407983444,0.2484798728412383,0.24370929407983444,ArabianPeninsula
0.3314456009246722,0.22793658513602272,0.2225591494330159,0.23552777725102386,0.2241247085863063,0.22926658588691765,0.2241247085863063,ArabianPeninsula
0.3242884449672333,0.21957395738202146,0.21627440803971495,0.22743936834701842,0.21690509736585312,0.22354605781866357,0.21690509736585312,ArabianPeninsula
0.31535540000715556,0.21279086141546122,0.2087978378726179,0.22013802000845772,0.2092997433635998,0.21736239407649466,0.2092997433635998,ArabianPeninsula
0.31203118284317377,0.2084162451076283,0.20434857670804563,0.21482435664860744,0.20474335443927483,0.2136316811119967,0.20474335443927483,ArabianPeninsula
0.3258270102976135,0.21997160259026582,0.21635861512501972,0.2250515532643277,0.2169946407736002,0.2248157018731642,0.2169946407736002,ArabianPeninsula
0.29460693158028717,0.1864416310355052,0.18273397616940834,0.18965200755694395,0.1827800077312203,0.19433464543938972,0.1827800077312203,ArabianPeninsula
0.28735433171767133,0.1783340503675173,0.17413507475893503,0.18067909974382582,0.1741561533503596,0.18027092853770443,0.1741561533503596,ArabianPeninsula
0.293010763114645,0.18689362379724905,0.18012849762240632,0.18884242597657339,0.18247931675556633,0.1861030915299606,0.18247931675556633,ArabianPeninsula
0.28442984329994325,0.17966187622187801,0.1744035468748578,0.18420369701297193,0.17537991653691667,0.17787480104783165,0.17537991653691667,ArabianPeninsula
0.2740527933244019,0.17056473607318812,0.16660171068259264,0.1775574896953066,0.16699596920524706,0.1707355463133261,0.16699596920524706,ArabianPeninsula
0.27761941824695313,0.17502900465020782,0.17010098829808434,0.18230934204210902,0.1708261379054996,0.17532272149953693,0.1708261379054996,ArabianPeninsula
0.27321609904766697,0.16970547214195947,0.1637192158700828,0.176858434793022,0.16518085843994285,0.17030584437369722,0.16518085843994285,ArabianPeninsula
0.28336090335417496,0.17987031335047493,0.1738601669167006,0.18662309206898386,0.17531763418191387,0.17945098848024807,0.17531763418191387,ArabianPeninsula
0.2722242842223729,0.168624486754405,0.1639058558613425,0.1758934784013193,0.16523654066332913,0.16884869892357396,0.16523654066332913,ArabianPeninsula
0.2753743215912271,0.17125828170805818,0.1666901495233665,0.1786263359135648,0.16705742369696444,0.1713137544814528,0.16705742369696444,ArabianPeninsula
0.2793107779181123,0.17620452747446405,0.1733106611278245,0.18573593400367633,0.17387659266627434,0.17828955012676184,0.17387659266627434,ArabianPeninsula
0.29463114971916304,0.19147620819414043,0.1875046433795985,0.20080379080992194,0.18863216771336577,0.19262145658582808,0.18863216771336577,ArabianPeninsula
0.28669296126614013,0.18388930375926732,0.1802605528047996,0.19302821995361613,0.18130192023839595,0.18650648401908165,0.18130192023839595,ArabianPeninsula
0.293340155332538,0.18818478072296355,0.18517827619493024,0.1940219069724845,0.18568467703581937,0.1955667800426209,0.18568467703581937,ArabianPeninsula
0.3028567547765173,0.19183797933891228,0.18853643071907356,0.2007318140312595,0.19035919486488845,0.19462453920441158,0.19035919486488845,ArabianPeninsula
0.30866362171067807,0.19259599487537626,0.18903808437210187,0.20095988066157067,0.18963185021828988,0.19153128993530694,0.18963185021828988,ArabianPeninsula
0.30946467332633687,0.19353102027049643,0.18923562805073485,0.2015878299976291,0.18955673819454028,0.19066772399351498,0.18955673819454028,ArabianPeninsula
0.30841590831242316,0.19653538575476728,0.19145427183411362,0.20441471078011364,0.19204999416809138,0.19223517889949268,0.19204999416809138,ArabianPeninsula
0.3046554016596535,0.19633944371710915,0.19092575361508493,0.20196075912465916,0.1917124214833042,0.19107397895544653,0.1917124214833042,ArabianPeninsula
0.2916410991869071,0.1787988428107559,0.17389077751099058,0.18558922826370844,0.17409805619702964,0.17329778209383773,0.17409805619702964,ArabianPeninsula
0.29088673399584697,0.18196549698115655,0.17729298003690258,0.1912509875940149,0.17917625008044186,0.17846301445268847,0.17917625008044186,ArabianPeninsula
0.26167658435637353,0.15763425247503443,0.15422422676450026,0.16683437387626823,0.1546865042142966,0.15490336578187155,0.1546865042142966,ArabianPeninsula
0.26345435503296033,0.15715419123761656,0.1540477292765039,0.1665088161468529,0.15429236026109933,0.1541390473357191,0.15429236026109933,ArabianPeninsula
0.26896049324228816,0.1650637609809003,0.16232334001874102,0.17489926397120736,0.16247402983450188,0.16409637098276847,0.16247402983450188,ArabianPeninsula
0.2779383691955993,0.1731814110732528,0.17118664757492122,0.18226239436163677,0.17197079778170724,0.17253880421400264,0.17197079778170724,ArabianPeninsula
0.2577682312430485,0.15289523443508585,0.14991747947775214,0.1613947967548225,0.15001419241448727,0.14991753778202974,0.15001419241448727,ArabianPeninsula
0.22581595714703442,0.1203424525512809,0.11682982425517907,0.12971176027016235,0.11783274511266872,0.12349472925270072,0.11783274511266872,ArabianPeninsula
0.23337902199472432,0.12781431754996908,0.12366600185801749,0.13664579245159406,0.1243882137044684,0.12694643824164994,0.1243882137044684,ArabianPeninsula
0.23564137410524263,0.13182195102734487,0.1273598349633082,0.13941857784418799,0.12759794996266155,0.12883737062102418,0.12759794996266155,ArabianPeninsula
0.22351026897807103,0.12229515093849441,0.11803451541415913,0.1312274366618822,0.1192082053754567,0.11993256158639069,0.1192082053754567,ArabianPeninsula
0.21485894960999385,0.11500975753357229,0.11108028256034291,0.12384622971034587,0.11166362825384482,0.11225058515480266,0.11166362825384482,ArabianPeninsula
0.1955757608794919,0.09656238878641948,0.0922242337843801,0.10493780861173482,0.09250425189691042,0.09408195763284183,0.09250425189691042,ArabianPeninsula
0.181136551998377,0.08118763899287348,0.07671661317185524,0.08909752940915432,0.07678037647700595,0.07917886783981384,0.07678037647700595,ArabianPeninsula
0.1825834828205194,0.08233131969555854,0.07774981016268595,0.0904250362047039,0.07806693185804653,0.08185434758248827,0.07806693185804653,ArabianPeninsula
0.17942080171000785,0.07924125892824098,0.0760201486239441,0.08751356078715933,0.07609603414450808,0.07943405932171071,0.07609603414450808,ArabianPeninsula
0.19081119368157132,0.09117536825558309,0.08794385223479059,0.09874906832671504,0.08878989245428417,0.09464214804490165,0.08878989245428417,ArabianPeninsula
0.15862186715822288,0.061870516723521854,0.05937354442435949,0.06735651720166592,0.05987148989874268,0.06729033419044211,0.05987148989874268,ArabianPeninsula
0.18493015844910837,0.09419183568590356,0.09145365356613167,0.09821707003463212,0.0928111765079856,0.09779764151821627,0.0928111765079856,ArabianPeninsula
0.17302504952969566,0.08445210745924658,0.081171054816332,0.08851949626653394,0.08225932515653017,0.08491927873596472,0.08225932515653017,ArabianPeninsula
0.16849941859123674,0.08324513642821149,0.0802596075734032,0.08995065186269902,0.08081896715981024,0.08422453596395707,0.08081896715981024,ArabianPeninsula
0.14625265371500112,0.06437443963645048,0.059047383374543544,0.07152194563182457,0.06074121653858522,0.06545587114497736,0.06074121653858522,ArabianPeninsula
0.13448563991507065,0.04947383808546976,0.04521191559684698,0.0573273417034037,0.04582308662376744,0.04924868359237625,0.04582308662376744,ArabianPeninsula
0.1397494883738553,0.05111043755313288,0.046727909648393046,0.06039637868096681,0.048382195965897656,0.05247881169990254,0.048382195965897656,ArabianPeninsula
0.1428307315937445,0.0559913450038938,0.053030407506352406,0.0657176742695999,0.05340424740252908,0.056961689624060785,0.05340424740252908,ArabianPeninsula
0.1504429673358198,0.06160125778894454,0.058367900549749274,0.0708901750466075,0.05849632505319191,0.061326810420565314,0.05849632505319191,ArabianPeninsula
0.14674024896432947,0.05544531016212559,0.051822823555266906,0.06380148762784107,0.05258239270982107,0.05367183443380161,0.05258239270982107,ArabianPeninsula
0.1352757391393038,0.041431124714782774,0.038274629745452426,0.0461706187520215,0.03898239401789905,0.04025054792468677,0.03898239401789905,ArabianPeninsula
0.14018682191167195,0.043158018256645,0.04101060825491809,0.04609771065950785,0.04155635191367202,0.04538023885070136,0.04155635191367202,ArabianPeninsula
0.1259110586481938,0.029419173901454626,0.026666674646447203,0.033222077216796014,0.02754412413553875,0.02943395083201439,0.02754412413553875,ArabianPeninsula
0.11323219907208285,0.017008075569388825,0.00905945017122492,0.025730288798611167,0.015962873835717317,0.022067437848622418,0.015962873835717317,ArabianPeninsula
0.09886354443526194,-0.0007293309430637662,-0.002523905889125544,0.009998862186774315,-0.0014563959546127214,0.008207022988603263,-0.0014563959546127214,ArabianPeninsula
0.09893118427806069,0.003234037551632596,0.0004042582811184525,0.012803694120624931,0.0008039606771351182,0.0077366072404885244,0.0008039606771351182,ArabianPeninsula
0.1144235346608807,0.018664804976447874,0.015340161637838273,0.027397181111475988,0.015871323351717037,0.018663416067434296,0.015871323351717037,ArabianPeninsula
0.11007439567312094,0.01870704242162713,0.012502583926357336,0.027201902105770948,0.015070374857344415,0.01815019531069867,0.015070374857344415,ArabianPeninsula
0.11098628046874032,0.014584875944957665,0.008847502140929275,0.02393436857478448,0.011739353587199408,0.012896119712426324,0.011739353587199408,ArabianPeninsula
0.11172858062878627,0.017339235954670906,0.013604586918912531,0.02640571780217471,0.01411833657081979,0.01449067908987517,0.01411833657081979,ArabianPeninsula
0.10751003306464177,0.013159431925699183,0.008845241465818388,0.022755124870473764,0.010466149182811024,0.010869777603417674,0.010466149182811024,ArabianPeninsula
0.8260188083388961,0.8260188083388961,0.8260188083388961,0.8260188083388961,0.8126712052961824,0.8260188083388961,0.8260188083388961,China
0.881743773731148,0.8797462833331369,0.8637314677103964,0.8811364722777713,0.8696238277708814,0.881438728612117,0.8810027041107027,China
0.8546427747517155,0.8414807651156462,0.8244984090031708,0.8644940549906908,0.8439399453800003,0.8544394156557524,0.8536404756057343,China
0.7627310386596236,0.7364288159834486,0.7211108953613579,0.7681235505124416,0.7495309578280992,0.7586635132540066,0.7578006923651613,China
0.6863703511417918,0.6529578681400859,0.6321517613045222,0.6900511886923025,0.6732645639304425,0.6820337059952241,0.6803145403463763,China
0.690123962323705,0.6493972855745512,0.6277063827023216,0.6924379008663096,0.6759869563089925,0.6829679856786743,0.6819970848376019,China
0.7062613675035242,0.6675070419856803,0.6419459531283598,0.709113600818368,0.6930979180530463,0.6984939625815826,0.698221572771772,China
0.7292081535005673,0.6900683395583133,0.6670703337916897,0.7295797797336595,0.715392525043916,0.7196076589459273,0.7197604578679407,China
0.8019599253467787,0.7620171523262746,0.7380332684827439,0.7989419246643081,0.7868472424805835,0.7901090797780386,0.7905709198559272,China
0.8452777942399466,0.8015349362500632,0.7801355048547082,0.8418559150382159,0.8301709725720963,0.8325195520400355,0.8333454200176662,China
0.9158897992460843,0.8607492353947399,0.8482591206076888,0.9090741105470319,0.8978236957876895,0.8998018051957273,0.9005299228769135,China
0.9600881035783185,0.9075927989837996,0.890254066574842,0.9521775760163641,0.9409813417138116,0.9430035979948356,0.94328840937961,China
0.9572745570984208,0.9046665787644014,0.8663103641260197,0.9470515349707481,0.9361690260233787,0.9381190407864337,0.9381358089425823,China
0.940150829045147,0.8855895054167906,0.8270620537356543,0.9334801284710867,0.9177118753277616,0.9200784305803565,0.9193885643597379,China
0.9947376623495277,0.9345367951030615,0.871235923584346,0.984140307623317,0.9670860784469876,0.9700109843997163,0.9685154614676047,China
1.0260621049282808,0.9647016603766845,0.8927814681173901,1.0128997930883854,0.9958194103694218,0.998701399316652,0.9970379641862979,China
1.0478368543987708,0.9845118904054649,0.9054694974485927,1.0318605262795852,1.0164968337497444,1.019273968184001,1.0175356549636567,China
1.06344268050959,0.9903497462390068,0.9179470221010556,1.049927224291653,1.028943976828733,1.031675110153238,1.0298295753960907,China
1.0633797660065576,0.9927037962529109,0.9234083375455615,1.050825916340337,1.027670413692928,1.0302422924542065,1.0284253894404416,China
1.039843948256548,0.969887415201841,0.9024683512559395,1.0229774692925315,1.0019909094942872,1.0059705148633196,1.0026345288499896,China
1.0171498181524274,0.9408155865535357,0.8865463725962466,0.997826365231036,0.978951418747201,0.9832271237951195,0.9795001064055782,China
1.0085380677769913,0.9253267861839489,0.8800660174692582,0.9877775484992519,0.9689336428351971,0.9729532515876836,0.9694014009033596,China
0.9852045713574894,0.9025663360781429,0.8539608493977331,0.9638137553227106,0.94254883088116,0.9456818340431578,0.9429475962023595,China
0.9233898190911378,0.8302195130517628,0.7904656292587972,0.9017487307535451,0.8759096130311866,0.8779656555288199,0.8762495618043123,China
0.9164013693206169,0.8187489606354403,0.7774239587358817,0.8925244311803495,0.8662904294181968,0.8671468131027651,0.8665802368869153,China
0.9660980164453392,0.8658330230983641,0.807613182490584,0.9368807808824186,0.914114901933282,0.914069903100567,0.9143619637719024,China
1.0084468740580865,0.909340047803097,0.8202757878375263,0.9794988305817361,0.954126654794674,0.9528677885610705,0.9543372758403369,China
1.0306784699387972,0.9301479264633645,0.8084972237999669,1.017018555349918,0.9762185350911625,0.9740978701529526,0.9763980902386669,China
1.007741049527215,0.9091088112981982,0.7611032011476653,0.995918102249284,0.9505682630040955,0.9475606378355818,0.9507213343692755,China
0.9253921489319359,0.8208289148776299,0.6777115435142649,0.9122282587767586,0.865165577640577,0.8627037548713324,0.8652960714925427,China
0.8739632387870221,0.7647412339070676,0.6416336882674769,0.8531472348018436,0.8096511665024766,0.8067301258406435,0.8097624129487391,China
0.9009762495009854,0.7836460048182303,0.6789103049549605,0.88082685128881,0.8342928783543657,0.831414162350673,0.8343877163227422,China
0.913878904160923,0.7916496018454797,0.7067584794805393,0.8940232931313778,0.8466561320258399,0.8437544675763982,0.8467369817118113,China
0.896020661269505,0.7744306386972597,0.6943385211531824,0.8728447633076692,0.8253737695017112,0.8225641733095541,0.8254426941300386,China
0.8728312921286457,0.7562836713833392,0.6759508511170397,0.8439630206114681,0.800006396515546,0.7976463951811736,0.8000651549922551,China
0.8216904113903641,0.7093812715071568,0.6207821873105295,0.7899207393645784,0.7473792950079212,0.7450889554833273,0.7474293868062949,China
0.8406258761946278,0.7237727179172865,0.6170495839534775,0.8058233444943025,0.7631950775728656,0.7607530223439567,0.7632377809989047,China
0.8030373495509878,0.6797286927166495,0.5685941827346181,0.7682564312323323,0.7218354069312547,0.7190210724910691,0.7218718117451102,China
0.7982769987992968,0.670215097826037,0.5514667580293998,0.7568952131469542,0.7127485388484105,0.7094179403066372,0.7127795740742642,China
0.8616525486477927,0.7273283022514085,0.5934842373368817,0.8278046108585211,0.7750294618396341,0.7707998665631574,0.7750559194737154,China
0.9073323091331283,0.7741793657837301,0.645186483834633,0.8740585836289336,0.8190349796391219,0.8164773541666241,0.8190575348608715,China
0.913869980892638,0.7715710152433097,0.6631644827730921,0.873934615427737,0.8219221450349532,0.8207354761958247,0.8219413734371077,China
0.8350049873347707,0.6890820345690879,0.592340991105358,0.7896355487461352,0.7392040129438103,0.741255699790441,0.7392204052211072,China
0.8186214694498717,0.6736932627883532,0.5827948900264825,0.7699215531433738,0.7213883555933183,0.7236880195619371,0.7214023300646666,China
0.8075365510883582,0.6658131281261657,0.5849976997300157,0.752683281850141,0.7076003942954554,0.7096303500415773,0.7076123075791274,China
0.8490925331533711,0.7019920464123675,0.6368648354250718,0.7903185306059666,0.7490752320570064,0.7512998841205962,0.7490853881712745,China
0.8030578171677135,0.6550484840716435,0.5969356076502125,0.7419972833989983,0.7018597358499552,0.7053562027163175,0.7018683939714154,China
0.7726452203048698,0.6151532493548625,0.5598259995583282,0.7079309269220998,0.6674762414081962,0.670761996098992,0.6674836224857662,China
0.8032371872458847,0.636954019775076,0.5712577118645219,0.7324689829892321,0.6939419352308807,0.6968751081861047,0.6939482276242532,China
0.7899739670915398,0.6197133281592677,0.5552400311306263,0.7158246152978054,0.6786431926513168,0.6810436400275539,0.6786485569377612,China
0.7428005962830608,0.5673606963153188,0.5012115237523374,0.6663223992947807,0.6278818581004302,0.628216889608243,0.6278864311726069,China
0.7013744555822268,0.521696479357133,0.4443177881933307,0.6344572170807932,0.58413803590151,0.5840863002275193,0.5841419344608714,China
0.6589197956406639,0.47547490670297243,0.40912749377900526,0.5932447293397864,0.5404486143335825,0.5400090620533575,0.5404519378685073,China
0.6162696578999629,0.4327194972477699,0.3743424422705729,0.5421760879902264,0.4948931641159322,0.4940133337228424,0.4948959974405973,China
0.6394506352480859,0.45941365070945084,0.3996794201876763,0.5628351482520355,0.5137446787867022,0.5127555013136248,0.5137470942054776,China
0.690391991774517,0.5088925823724441,0.4550619983847889,0.6141679055840118,0.5621067582974614,0.5609547263765425,0.5621088174500647,China
0.695341887011837,0.5046391352021362,0.46582106466390705,0.6162717909332105,0.5626346023709314,0.5609543615687174,0.5626363578054288,China
0.7182938379987828,0.5268049313657758,0.4972562025394396,0.6414846560325521,0.5873747620697497,0.5856160156562985,0.5873762585835435,China
0.7875527250451796,0.6014697129500276,0.5687478434138685,0.7080769629385663,0.6533411505048331,0.6512631097842748,0.653342426287859,China
0.7910321112678167,0.600055323937859,0.5756468804426345,0.7141527650305366,0.6547547402441456,0.6527369987892003,0.6547558278534522,China
0.7338649144005946,0.5415921053310812,0.5074971249121405,0.6606713491801778,0.5961969797598284,0.5936901931420918,0.5961979069504085,China
0.7400089940675583,0.5464079923538451,0.491300669547467,0.6600917343033966,0.5996734600406642,0.5963815466775795,0.5996742504737419,China
0.7734549610164104,0.5758471468350527,0.5114883107946913,0.6942930698112154,0.633068498431438,0.6292033651679246,0.6330691722782865,China
0.8102916755958263,0.6115446270095867,0.5212573616938826,0.7349735406203107,0.666897517762579,0.6650593545161061,0.6668980922192763,China
0.78408310327111,0.5773281298918533,0.466337891005133,0.7087959413817111,0.6370132707251774,0.6364054470182046,0.6370137604514374,China
0.7512510283295802,0.537013550025405,0.43225375215128803,0.6663617163056701,0.5999360663382474,0.600863977003459,0.599936483831526,China
0.727631750771109,0.510607366394249,0.4137420699874299,0.6378947696179516,0.5741799409372814,0.5748944663954084,0.5741802968517011,China
0.7123144448918558,0.4920876967904523,0.41340805062370634,0.6172908490338568,0.557411499919051,0.5572024076359093,0.5574118033372869,China
0.776608901314801,0.5564401098919164,0.4873569038262183,0.6764132326185118,0.6193572543406295,0.6189029173197261,0.6193575130056926,China
0.7819858240204494,0.5662127818473863,0.5027107791883415,0.6704252468976188,0.6212497614755381,0.6200860284395759,0.6212499819883714,China
0.7129667228469693,0.5022674168755193,0.44085522261694055,0.5968109108044218,0.5496307191572259,0.5481885784409559,0.5496309071451556,China
0.7418481399907934,0.5280179970603998,0.46469932477231335,0.6262550665107505,0.5770367473795996,0.5753704000235933,0.57703690763994,China
0.7720078095146171,0.5500805689501816,0.47693506986249035,0.6606175509051512,0.6033448992303,0.6010795174497663,0.6033450358527773,China
0.8044876707160507,0.5751891387037054,0.4795191994166905,0.6883585898863196,0.6329118635139628,0.6301723706153534,0.6329119799850826,China
0.8511262112744882,0.6235722285134222,0.4933524612250123,0.7308274824950933,0.6755850104440442,0.6721006136506064,0.6755851097360646,China
0.9125116432925511,0.6844000247266622,0.5407688287620636,0.8016375459315905,0.7358131399618617,0.732620795234376,0.7358132246086417,China
0.9015069887059458,0.6704352004062638,0.5352877085296547,0.7974513024548734,0.7223397418732173,0.7182764745206678,0.722339814034881,China
0.8590091294085878,0.6212052527866629,0.5004644936991833,0.7536085613181729,0.6773667356540427,0.6738218867813961,0.6773667971721029,China
0.860814390822031,0.6181682314486542,0.5127267031541313,0.7512648681412947,0.6785440652599567,0.67528144421533,0.6785441177043093,China
0.7907723457106992,0.5427997244835272,0.45591536589646997,0.6773083625851466,0.605372962506096,0.6038195974856286,0.6053730072150827,China
0.747249484583535,0.49276636049949407,0.4269179974108508,0.6288796117698527,0.5588120344387402,0.5575796612260634,0.5588120725533015,China
0.7502117757723289,0.49148907062996083,0.43914273088573463,0.6264593289224962,0.5588138285661184,0.5578465169074402,0.5588138610589095,China
0.8145346256575942,0.5595588098884539,0.5048729564856588,0.685892093954221,0.6202423099716659,0.6196054665218839,0.6202423376718793,China
0.8116593658344183,0.5544008675760749,0.4936788842647686,0.6808257424846283,0.61638173055747,0.6162205095723795,0.616381754171995,China
0.8021338372515865,0.538516412201196,0.4615917740176737,0.6701550842766656,0.6041635396690387,0.6035890961338498,0.6041635598005005,China
0.7669243692055686,0.5001461377616017,0.41422469294382147,0.6337402134725516,0.565917498360291,0.5647514189114667,0.5659175155224299,China
0.7178543360423354,0.44720344650458643,0.3677917677208907,0.5830555231620249,0.5146293111211306,0.5125013956387896,0.5146293257519114,China
0.6886101457087803,0.41439857070422237,0.3256642795970348,0.5557186495686879,0.48275306738136203,0.4803035700695675,0.4827530798541517,China
0.653387716595232,0.3774057092036268,0.27971766423000666,0.5236957785128403,0.4445457342949929,0.4413686884328627,0.44454574492808785,China
0.6253585794867476,0.3431763727367225,0.2600612745404671,0.48483479467585777,0.4117487476818833,0.4082095675756898,0.41174875674663247,China
0.6628935005628885,0.3810974139919311,0.3101240680745623,0.5152544739597408,0.44707173512291953,0.44394224519169323,0.44707174285064866,China
0.7191899248732366,0.4444980790401756,0.3726970358561331,0.5604399067906825,0.5007414089737079,0.49777488814110304,0.5007414155616228,China
0.7327278571095154,0.4595593974345088,0.3947804918534593,0.5654261435669131,0.5124105624476339,0.5096438747491903,0.5124105680638534,China
0.7648114868432427,0.48771044715192235,0.4344427426975346,0.5917602675543986,0.5440126564523137,0.5410191599726629,0.5440126612401596,China
0.8415297133933936,0.5592300524729557,0.5128217170664029,0.6614061935405864,0.6184676981280586,0.6155072288354124,0.6184677022097131,China
0.8570490700826351,0.5804719396099496,0.5199501449230242,0.6718457778096176,0.6316871473146466,0.6297483111893021,0.6316871507942707,China
0.8101997306982716,0.5361049466615864,0.4524104717269051,0.6178937263932689,0.5799128505923821,0.578989623890534,0.5799128535587732,China
0.7179231030753488,0.44033764387945906,0.35984439712835947,0.5343298870042588,0.4852903543798053,0.484657812784583,0.48529035690866373,China
0.6957931668719198,0.41194336039319646,0.3400192673135918,0.512460674312983,0.4604194877190658,0.4593311263091938,0.460419489874926,China
0.7769331081571914,0.4857971731562716,0.4026045059398332,0.5902457012952258,0.5395933114111302,0.5407038734998677,0.539593313249008,China
0.832179046994574,0.5353120686443081,0.44826757232063097,0.6597092839421591,0.5939041980296246,0.5962173942720008,0.5939041995964217,China
0.832231920983168,0.5290533905197149,0.45070102628296715,0.6639639545613204,0.5901956583852069,0.5950069250499098,0.5901956597209067,China
0.7362582673572989,0.43396849258263814,0.36336177613249754,0.5650013707634016,0.49138592183782337,0.4963824314677642,0.49138592297651185,China
0.6920844319483966,0.38295592649247834,0.3307353479682984,0.5159135725919622,0.44405324661032675,0.4494568087306213,0.4440532475810627,China
0.6735999150413062,0.3608932494082685,0.3231295671461103,0.49518901389582626,0.42472848221944515,0.42959002941380064,0.4247284830470007,China
0.6315183435683274,0.32336519586468326,0.2844047108875387,0.4452310036838081,0.3782252488474984,0.3831669938422838,0.3782252495529925,China
0.6199694380264142,0.3078660874712684,0.27313805148004744,0.42839216714870965,0.36624167500573845,0.3701334702506739,0.36624167560717447,China
0.5644658704371526,0.25519807745195033,0.22254675266120094,0.363301337318513,0.30740327275191304,0.3099155847747854,0.3074032732646391,China
0.5295495819388587,0.21097160536375015,0.19185804549276964,0.31764646995968104,0.2670502828509682,0.2682826116923298,0.2670502832880688,China
0.5593664502847281,0.2397715851081632,0.2209446371509085,0.3502695821477013,0.2959376931275506,0.29658238029673023,0.2959376935001805,China
0.6366496059462704,0.3110360307873371,0.2838975235768231,0.4227099836351139,0.37168741304870656,0.3713516702645725,0.3716874133663747,China
0.6710479255219742,0.34046285130152554,0.29573468552317517,0.45455180043490606,0.4032963342742184,0.4027786175587531,0.40329633454503155,China
0.7368844591137564,0.4063440751324656,0.3408448148219613,0.5329442818473324,0.4671254312316304,0.46626837844300995,0.4671254314624995,China
0.760396425054333,0.4370481180101403,0.3558993884685785,0.5613143001342985,0.4904081899526568,0.4887084269086549,0.49040819014947334,China
0.7857656490388568,0.4578011291859807,0.38330038704690095,0.5843774909084871,0.5126177355323476,0.5109677611975432,0.5126177357001345,China
0.813708943427301,0.48524288892062184,0.4187146020775535,0.6088719773086958,0.5386084631087528,0.5378632310332645,0.5386084632517917,China
0.7573760069663807,0.42846188426045073,0.3667581410506874,0.5475689176441866,0.4785730154386464,0.4793033686123461,0.4785730155605875,China
0.7188902458419693,0.38787478798739417,0.3316613842326325,0.504468015514388,0.4369308510962707,0.43897991500800726,0.436930851200226,China
0.6668637604171105,0.33572431394989577,0.28773205262239987,0.4501745135568468,0.3838809279927148,0.3870541972294147,0.3838809280813371,China
0.6432176638220415,0.3143903351704055,0.2678273413832315,0.4206242605496252,0.3560275340536251,0.3592486402943941,0.35602753412917576,China
0.6683982871791871,0.343345113838037,0.2829977214281998,0.43936682394833726,0.37984463118197387,0.3828196231136247,0.379844631246381,China
0.6422464063134241,0.3086713993606184,0.24130783037031633,0.41901975995082763,0.3510482003942461,0.35316046997334083,0.3510482004491535,China
0.5777200123859784,0.23602468554712952,0.17627739918644925,0.35792118559475483,0.28315571436218656,0.28602748578072823,0.28315571440899534,China
0.5876424744665902,0.238556349863552,0.17060389651031937,0.36429069562330907,0.2916907108801693,0.29294626694618375,0.2916907109200738,China
0.6235250775374517,0.26664559124428344,0.16842610251567913,0.3980064167070817,0.32453782085649807,0.3263581952492719,0.32453782089051675,China
0.6232779218262571,0.2612645712997236,0.14867119440547938,0.40081352035348317,0.3198502230550494,0.32154696489155987,0.3198502230840504,China
0.6091786476943315,0.252306429560029,0.12983202864233323,0.38651152541834644,0.3049297356370245,0.3074092375215095,0.30492973566174797,China
0.6321985116145854,0.2679950593241055,0.1603645572007606,0.40543378182905176,0.3250263036165434,0.3269907272168292,0.3250263036376201,China
0.6782888311226839,0.318766959270821,0.21948240725908985,0.44386754505035764,0.36825396872501603,0.3702746099607829,0.3682539687429839,China
0.7070886898812496,0.35129389977214265,0.2625032329042615,0.46281514881292996,0.39387233539082045,0.3962574143873182,0.3938723354061382,China
0.7162052270922464,0.3546330361001586,0.2826732488300703,0.46551133938354683,0.4021293139783604,0.4049372695172525,0.4021293139914188,China
0.7076214481906429,0.3425163433827281,0.27677475214372493,0.4539907705369557,0.3924422236584908,0.39579250263873544,0.3924422236696232,China
0.6685072850640967,0.2961550190122192,0.2395868959847549,0.41511774484215624,0.3505348097980674,0.3534953030566278,0.3505348098075579,China
0.6561066838693601,0.2867319334301712,0.22461065525761814,0.401843112818683,0.335011883368286,0.3365975834770507,0.3350118833763769,China
0.6969270740900206,0.3196076717274495,0.24686257533633726,0.4439461308456948,0.3727999460487047,0.37408357894299704,0.3727999460556023,China
0.7061842211652661,0.32420491079386315,0.22982468166312975,0.4563108091047836,0.37910148892023177,0.380089739824619,0.37910148892611195,China
0.7123985554104164,0.32545798702987505,0.23127085495375455,0.4716172366433862,0.3839077651041447,0.38416241909700877,0.3839077651091576,China
0.7003348847181128,0.315251799591444,0.22012913283448698,0.4566895494189017,0.3687910461432121,0.3683043144313357,0.3687910461474856,China
0.7141502659485427,0.32192472455733356,0.223529750779067,0.46580619017216307,0.37926262386928755,0.3782770357911637,0.37926262387293075,China
0.6890749427882358,0.29103999990310814,0.20844523094168999,0.436724664350563,0.35244830144256933,0.35100820397351795,0.3524483014456752,China
0.6610059922376188,0.25623174852646213,0.18825812521165786,0.4023379645004673,0.3199325697058114,0.31825190489344124,0.31993256970845907,China
0.6337738411739755,0.2232183087992491,0.17410676138643033,0.370555125266258,0.2900211272044608,0.28825095123831856,0.2900211272067179,China
0.6671756507575297,0.2641179197309931,0.21501199740560661,0.4002135752714999,0.32225043628610095,0.32042295813278765,0.32225043628802497,China
0.6858565712164276,0.2859799695105215,0.2329624952533471,0.41404314704888767,0.33807912208536495,0.33627350542410417,0.3380791220870052,China
0.7115067579606869,0.3116283321365968,0.25586484062953274,0.4398994805604971,0.3624093736512507,0.3604678116275908,0.36240937365264914,China
0.7462962746364653,0.3391604999412893,0.27530865664389226,0.47713410948225465,0.39422096711146015,0.3922645515010612,0.3942209671126523,China
0.7133396547771516,0.2988694573305678,0.2308348973843366,0.44285933258151733,0.3583551229175945,0.3557549402522606,0.3583551229186108,China
0.6220950946037496,0.208474017361448,0.15253897794098303,0.3512531775011266,0.26611257848712444,0.2623571029735954,0.26611257848799086,China
0.580937190158067,0.16234316474556953,0.09841885639638603,0.3055411300847082,0.22151014544513425,0.21766290940168243,0.22151014544587277,China
0.6288076461265266,0.21362726789552366,0.12426824549454829,0.34617914415414075,0.2671851988584034,0.264019148518035,0.2671851988590329,China
0.6854121028293068,0.265771045396187,0.18657709212427476,0.40099240183858,0.32006539347200036,0.31765489969703675,0.32006539347253704,China
0.7055176966036621,0.2770257468223546,0.20764806781994072,0.41608405683604877,0.33551390208938614,0.3348866330593877,0.3355139020898438,China
0.6805134327695247,0.2461123404368576,0.19019228371882768,0.3881178642795321,0.30876266640806493,0.31026154603546074,0.30876266640845507,China
0.6236565138622379,0.19220291372884102,0.14510109368289492,0.3288613728711687,0.25115751776502915,0.2543739685822869,0.25115751776536166,China
0.6369037856556808,0.20893498279257872,0.16245689428481325,0.33681274835995945,0.26265531676974585,0.2660093421253492,0.2626553167700294,China
0.6507440789594885,0.21643043941632667,0.17328320897206373,0.34679250481835033,0.27426310903586437,0.278210740185184,0.2742631090361062,China
0.6809102399457915,0.2407934219530442,0.19682790410247708,0.37652035883883384,0.3019702531880665,0.30613403563077346,0.30197025318827253,China
0.7057088182060092,0.2664981269805158,0.21382560613499269,0.40497684674671763,0.324672511353715,0.32948244876398347,0.32467251135389064,China
0.7152432343762968,0.2758786822319895,0.2061883681617176,0.41670330612869677,0.33149347059021583,0.33685425727647134,0.3314934705903655,China
0.7485792029687083,0.3037510259781061,0.22590584296018124,0.45184017314930813,0.3621456732398797,0.36699405649876393,0.36214567324000735,China
0.7338036019662744,0.2894314452733917,0.2219190244349013,0.43609538992985253,0.3439705483436484,0.34936598026892907,0.3439705483437572,China
0.6444379321081339,0.20218168039172146,0.14224650069775113,0.3371379145626835,0.252447842590079,0.25533479146024385,0.25244784259017183,China
0.5959182935407789,0.14769256239547057,0.09230627207233288,0.2857960512241101,0.2002366496396063,0.20141037514940352,0.20023664963968546,China
0.574069564017918,0.1204490273151001,0.0664739934320927,0.2671791094208741,0.17672299687062665,0.17769985048756698,0.17672299687069415,China
0.6246296010325236,0.16202599514115223,0.11472046537151837,0.30991020266037417,0.22215833313427424,0.22365805866002442,0.22215833313433175,China
0.6793688541107918,0.21920514837570737,0.1762354281265346,0.3517178309738431,0.2743814356936469,0.2768870667294464,0.2743814356936959,China
0.6849399748296655,0.2195640668119042,0.18805901185727714,0.35289815427272686,0.2789191340907998,0.2831036245223677,0.27891913409084157,China
0.6631473761254404,0.20080251037516672,0.1703710787568674,0.32677462127758816,0.2558750045826864,0.26128204705800084,0.25587500458272194,China
0.6183674032365409,0.1497016372553459,0.12514420101936607,0.27685063941814825,0.20854595824700517,0.2140356501248577,0.20854595824703548,China
0.626402750883827,0.15320637523944003,0.12895757758652882,0.2848127244803659,0.21477874704573263,0.2213743264482152,0.2147787470457584,China
0.674824899529855,0.19957164682571193,0.1648588553688718,0.33614692088041076,0.25944099936921006,0.26641737849061176,0.25944099936923204,China
0.7108031913090437,0.2357694883840178,0.19128580485008517,0.3744997528826888,0.2918434321186931,0.297921413810158,0.291843432118712,China
0.7769595992739051,0.30056101832397186,0.25465335901385666,0.4425731581681994,0.35569247789362624,0.3610530303930938,0.35569247789364244,China
0.7613092640151582,0.28029268668685503,0.239048803103457,0.43334635320798565,0.33881617825331334,0.3434952933548706,0.3388161782533271,China
0.6722396516183826,0.18703769547461035,0.15626505733302842,0.3464780084821848,0.24907196192160708,0.2542121185097581,0.24907196192161885,China
0.7122839599792569,0.22344527032203265,0.19774042703837502,0.37999334416763797,0.2863179593051044,0.29010712029836483,0.2863179593051144,China
0.7757226220216696,0.28167590985634283,0.2643568649146767,0.43546533397626375,0.3462594474277023,0.35171126973798106,0.346259447427711,China
0.7807735448569253,0.2843320037270388,0.2676223394737087,0.4334143163541918,0.3486995525827691,0.35410394540379375,0.3486995525827764,China
0.8037472005859653,0.3111229713462633,0.2919753649293487,0.45147744634374254,0.3698180122972823,0.37592576261254185,0.3698180122972885,China
0.7785781444148323,0.28684067701696125,0.2655056983110029,0.41624871713272804,0.3415852560635979,0.34842105470286333,0.34158525606360324,China
0.7351339775201583,0.23877618983308602,0.216778939916223,0.3638147771132678,0.2947882049745423,0.3032927037551667,0.2947882049745467,China
0.7102895648468915,0.21169633877952443,0.17877666033769124,0.3401602957638832,0.26819705171617425,0.2766360544485258,0.268197051716178,China
0.6618978778908869,0.15711972620820058,0.11719975328830134,0.2959603506870654,0.2168341233147848,0.22472181528445434,0.21683412331478802,China
0.6310791690641678,0.12380361414456198,0.06686047694096287,0.2680290031955149,0.18311188638499554,0.19018364053283898,0.1831118863849982,China
0.5974777352750311,0.08936756696612591,0.007202269807571993,0.2368709320559942,0.14814678958500171,0.15447123688811282,0.14814678958500405,China
0.597664510101442,0.08812999578976088,0.009286351315868857,0.2410616413003125,0.14606360999116152,0.15194617802457366,0.14606360999116352,China
0.6933967629411381,0.1777846810424708,0.10007171953446292,0.3392769293814599,0.2394049375709255,0.24420703213570094,0.2394049375709273,China
0.773481801484744,0.25311238167837946,0.18226262606333932,0.4164159013758221,0.3178359511443797,0.3230215603535086,0.31783595114438123,China
0.7464276986754451,0.23124964421311978,0.1675964926358139,0.3849718924695458,0.2893748831643037,0.2938676707515884,0.28937488316430504,China
0.6575273646808169,0.13973983172107274,0.09230330908354645,0.28994788146354644,0.1993953274791349,0.20333808326102965,0.19939532747913613,China
0.6601026908481182,0.13813199345622407,0.10465530905928222,0.2842335070687726,0.20090592133322904,0.20612384105045245,0.20090592133322993,China
0.6610859556995211,0.14637279085701294,0.11301053869226096,0.2755704973967462,0.20155746781180195,0.2078933632310832,0.20155746781180273,China
0.6297375138988267,0.11617889640764012,0.08580593836672645,0.24086658551464812,0.16970623863027579,0.17823826817350874,0.16970623863027645,China
0.6723852717579616,0.16212731804487923,0.12373620022479159,0.28602283442536114,0.21234366635027435,0.22053154965685684,0.21234366635027502,China
0.7219182918835831,0.2081663167608343,0.16900410015015288,0.3399863120375748,0.2622308723833935,0.27015054936296545,0.26223087238339393,China
0.7125676083183348,0.196019272882074,0.1661504219282004,0.33667143046835524,0.2543032669813088,0.2633092245248013,0.25430326698130923,China
0.6249981871316075,0.10595338744987215,0.07785393167528898,0.2548852821637888,0.1678868372277521,0.17562793947219446,0.16788683722775255,China
0.5974177741094756,0.07646362075222324,0.0175651328998202,0.23766981623291505,0.14107885699043476,0.14849410225345094,0.1410788569904352,China
0.588521458755519,0.06958619397408039,-0.019498505097496177,0.23101414362698558,0.13249739202889277,0.13997377023193325,0.1324973920288932,China
0.5110271879218455,-0.00806822058734813,-0.08302948878072436,0.1553440948310042,0.056188912797367485,0.06355145248480798,0.05618891279736793,China
0.47573806932802887,-0.040348709890663415,-0.10637382611821622,0.11516164287328978,0.01979230002730037,0.026411869886931116,0.019792300027300702,China
0.5363914209941785,0.017867722993470947,-0.039090618238641905,0.1732296692058194,0.08161576863560316,0.08827319369802011,0.08161576863560338,China
0.5741584915060767,0.05876412590871305,0.007845690113921777,0.20610026574281226,0.11893318640908734,0.1255414450323089,0.11893318640908757,China
0.5974030834654019,0.07871673075622387,0.034826898334049394,0.22489527760010264,0.1414714196883894,0.1491882907122436,0.1414714196883896,China
0.581343630765519,0.0669972249723293,0.01882441655435041,0.20265745227857612,0.12482631363235563,0.13206895373863614,0.12482631363235586,China
0.5591610102754457,0.04554142456387622,-0.008965770586788935,0.18197014911448617,0.10363393343179639,0.11083863108398673,0.10363393343179661,China
0.5206670226971222,0.004033259245453724,-0.05104764585421939,0.14837674079510743,0.065138587890609,0.07193383704672307,0.06513858789060911,China
0.46935779430973823,-0.048783173310181005,-0.10356372030781824,0.10290753567829525,0.01519739300306111,0.02189280785839487,0.015197393003061221,China
0.4396820862062456,-0.08117464464338509,-0.14191612389120462,0.07665903048088529,-0.014727324456677016,-0.008870220437912746,-0.014727324456676905,China
0.39251360412727065,-0.12913188028138278,-0.17427473624976436,0.026851314383738667,-0.06041963125488048,-0.055728791478296125,-0.06041963125488037,China
0.33904034054754495,-0.1842839000624124,-0.21833370057346163,-0.02212642442322199,-0.11296095706910636,-0.10813964291847855,-0.11296095706910625,China
0.3302026052867455,-0.18946045517900623,-0.2204990995058167,-0.026670493573507148,-0.12177435687112947,-0.11705971682047933,-0.12177435687112936,China
0.3595635511307105,-0.16196957006567803,-0.19334996541015087,0.0006443493575314374,-0.09189251766301543,-0.08694302531882259,-0.09189251766301532,China
0.764943436447824,0.764943436447824,0.764943436447824,0.764943436447824,0.7029539968657599,0.764943436447824,0.764943436447824,Peru
0.4919666142093033,0.5187636990593075,0.4716577761187721,0.4633926016241773,0.4696223516604684,0.49604082935845345,0.49546214509460945,Peru
0.4147393540160137,0.4389859028160354,0.3897742004231966,0.3662259958182881,0.40717309544759683,0.41819141884816197,0.41794420306238916,Peru
0.34643953853718557,0.3857871064532227,0.3460360467361143,0.31029968460022705,0.36251102509457733,0.3664608157095789,0.3670008736510348,Peru
0.3082500018516618,0.3481670250790516,0.2856168584833837,0.2702268373364648,0.323688097450356,0.3252942128339653,0.325559654283772,Peru
0.3408458080326202,0.3852584015650997,0.2910874539342345,0.3074968342922847,0.361263176092529,0.36203235454508986,0.3620433193282442,Peru
0.3543272895058289,0.401834394860475,0.30323743522293384,0.32679023747122604,0.3680813995577684,0.3682229432681747,0.3684065959169521,Peru
0.3799155488066236,0.43627517563952956,0.3156881452966693,0.3479544834038814,0.3978831957525972,0.3976368220041615,0.39801875120855057,Peru
0.31389611066090417,0.3813382036041323,0.2600641687162287,0.29904546929016873,0.33886343250033185,0.33825722559659627,0.3389199376890273,Peru
0.17334517662182528,0.23728345051576388,0.14905931355316812,0.14279967055696113,0.19423919420825064,0.1961665653712015,0.19426274793633225,Peru
0.08684432870534435,0.16477871547796732,0.09949835115043512,0.06007328868399131,0.12177031154538609,0.12419822015268261,0.12178012972526214,Peru
0.02860495837906918,0.09715353788088893,0.043264805827543495,0.006034198398826518,0.05889345909029267,0.060619279976899254,0.058897551718675945,Peru
0.02099711545720226,0.08444153604681018,0.03435331731562402,0.030530948440019412,0.056343581252391056,0.05795434534634561,0.05634528723122778,Peru
0.08167332658406767,0.14058562206805061,0.08550014282041679,0.10329532336387312,0.11738039852131088,0.11937239287820012,0.1173811096447061,Peru
0.12519303725385708,0.1981579103537505,0.1506301075704632,0.1654071731894396,0.1802758447960705,0.183053359949241,0.18027614122207083,Peru
0.13668848387445193,0.20742896494053856,0.16916256499383486,0.16947142247372735,0.19110908191510173,0.1943128841244991,0.19110920547786772,Peru
0.123845131966758,0.19175700886030417,0.1491465944214017,0.14724222821946908,0.17099863159497566,0.1736054471910447,0.17099868310110916,Peru
0.10557078586811505,0.1799408123313092,0.1393967674366541,0.13820095676354852,0.16192941275963868,0.16621383799518613,0.16192943422955128,Peru
0.10164954301881671,0.18505837033675643,0.12261784258642494,0.1250657187002469,0.15485419053025234,0.15818478169275554,0.15485419947981066,Peru
0.0853506415377443,0.17666939441345658,0.10328671449426982,0.11808233514169009,0.14248387473890012,0.14541189682629588,0.14248387846945065,Peru
0.039427253987661226,0.12450222422494503,0.06479475410851038,0.06939738832536163,0.0912070243930479,0.09546959440834496,0.09120702594809753,Peru
0.05343946519962031,0.13278172168233268,0.08687929743424357,0.06755808825725595,0.10823098453178506,0.11077327665430285,0.10823098517999485,Peru
-0.005141733504342688,0.08810213951859246,0.0426774756172453,0.03326445450460447,0.05964403607230251,0.06120701074475529,0.05964403634250348,Peru
-0.04991714356332533,0.06785218149766317,0.016484860927113876,0.013749080984661294,0.029521240552765837,0.030415883364340812,0.02952124066539691,Peru
-0.03545393786550061,0.07533327919842384,0.030675270008208327,0.03498762679107173,0.04310120761117697,0.043851046733604376,0.043101207658126306,Peru
0.04594197587915477,0.14386183563968713,0.10196202700286441,0.11669047825404238,0.12238118507393045,0.12410099168186028,0.1223811850935009,Peru
0.16046108985200597,0.24994550174873936,0.21293102432919353,0.23444829648871482,0.23951381911197428,0.24221495290282755,0.2395138191201321,Peru
0.18779423889410857,0.2653519420597023,0.23058853845540567,0.2517564026743241,0.25919756551176854,0.26151744981851055,0.2591975655151691,Peru
0.2349881611637387,0.32259978431682784,0.28603278667953025,0.3057406547192547,0.31543725463758376,0.3183902650417766,0.31543725463900124,Peru
0.2953090410241141,0.3945474851340827,0.33702437424242215,0.3730247051373331,0.3830243196849191,0.38523625777094017,0.38302431968551,Peru
0.3047269883456317,0.4217136329375949,0.32836169976060514,0.3835442132214968,0.402462178941708,0.40372915886588645,0.4024621789419543,Peru
0.28625549162287134,0.41250459277518436,0.2937126335689035,0.35865145288648287,0.3864196355267995,0.3864178089139595,0.38641963552690217,Peru
0.19321035419991278,0.3149552050142393,0.22015272480097714,0.24536048441530042,0.2839003948680434,0.2852742114437835,0.28390039486808627,Peru
0.10698075125479425,0.24002226794877923,0.17724807507320367,0.15623545908314274,0.20770371262835596,0.20911363210270406,0.20770371262837384,Peru
0.02013508482383261,0.15165712959684238,0.09404147597180633,0.09641891299838987,0.11979689121991878,0.12134657991859243,0.11979689121992623,Peru
0.05400468348120421,0.1742796937886027,0.1295286846951066,0.12166491730022613,0.15147639061770896,0.15238504077180381,0.15147639061771206,Peru
-0.006787514921705623,0.13667823729560136,0.08570903508760991,0.07842621004893419,0.10025785981687953,0.10271100522572461,0.10025785981688083,Peru
0.012886841142279781,0.1568733591542481,0.12174861931439993,0.11767760317865264,0.13266174852577717,0.13511269757004213,0.13266174852577772,Peru
0.028612952631212774,0.18096745549899612,0.1470499911801474,0.14493411728532601,0.15544182755041874,0.1581106983443814,0.15544182755041897,Peru
0.06078268261550726,0.20176402354765222,0.16902979346076835,0.1678890027543204,0.1783175883998545,0.18129711141838517,0.17831758839985462,Peru
0.060906760809486565,0.20343393599293097,0.16780615858804343,0.16727008295464324,0.17806308207743343,0.1808121093330236,0.1780630820774335,Peru
0.05996075960327915,0.20639483774503475,0.17364913203471816,0.17571651218476425,0.18744586365231564,0.1898650704096603,0.18744586365231566,Peru
0.06843197722244404,0.21555720219530589,0.19063379851227222,0.1893174315031096,0.20371808120585183,0.2054267283647624,0.20371808120585183,Peru
0.04242723520308142,0.1811599809835847,0.15882175897842007,0.15175651994539835,0.17047852987049034,0.1729342254138514,0.17047852987049034,Peru
0.045500372842358416,0.18684667895333748,0.16529886182119646,0.16735958113318755,0.17927472333485414,0.18065648753420066,0.17927472333485414,Peru
0.14459448488479737,0.28639462804819144,0.24182959808698357,0.2546692029004549,0.27026785196916486,0.2728106660674423,0.27026785196916486,Peru
0.3309474500383635,0.48037269771039093,0.36747368319525314,0.4128544885003625,0.45673951899827786,0.4573843342833224,0.45673951899827786,Peru
0.3080567712423754,0.46982304509262984,0.35990720228323514,0.3918064571093549,0.4496282090970207,0.44924563817580787,0.4496282090970207,Peru
0.24258007918002344,0.4074039135161419,0.347424544977596,0.322236491337731,0.39422454943490914,0.39374776380259346,0.39422454943490914,Peru
0.24588389755976825,0.4071255701419336,0.363366095688497,0.32625551379384055,0.394736167628087,0.39722940216764807,0.394736167628087,Peru
0.23613586975120926,0.4075784710762401,0.36922256433386713,0.34199317331637413,0.3925630611072987,0.39364619132423534,0.3925630611072987,Peru
0.24650065144676345,0.4337742559154576,0.37858863876023163,0.3628032666617713,0.40258985621340626,0.40321865218968245,0.40258985621340626,Peru
0.24296627850628486,0.4351778003722886,0.3596438469903871,0.3567970370934397,0.3954190654282669,0.3964664585244975,0.3954190654282669,Peru
0.17168346857757755,0.3744872506799732,0.30207179522447636,0.29596416757846267,0.3331070369692538,0.3338023956811572,0.3331070369692538,Peru
0.20435425509795274,0.4198382315114545,0.3353390156736503,0.3383220036421949,0.37650828251375024,0.38031641011434647,0.37650828251375024,Peru
0.2645960455441272,0.4786880537300012,0.35441408962356963,0.404476456149108,0.4359796811541904,0.43736145919635383,0.4359796811541904,Peru
0.30354010185206753,0.5232301536647179,0.356521005514571,0.4484963118751013,0.482434576541651,0.4823553226806171,0.482434576541651,Peru
0.1915935189724584,0.3912842232223469,0.25942394553989245,0.30261012013905486,0.35005696619252935,0.35120282895396376,0.35005696619252935,Peru
0.12675710842913454,0.33783391250440326,0.23683785292341614,0.23841211925125638,0.29809627635275515,0.2990499462293315,0.29809627635275515,Peru
0.14363494450079123,0.3493510530926194,0.21865792329489422,0.29021741934739903,0.31817444344798373,0.3220672224194586,0.31817444344798373,Peru
0.1431694237045163,0.34145535864192,0.22650978873158567,0.30000800752704115,0.31729518915268207,0.3218146998451104,0.31729518915268207,Peru
0.13882623887475867,0.33337842353823266,0.26735057900193454,0.2846701162564463,0.31805359304148645,0.3222137280213895,0.31805359304148645,Peru
0.16304949144514624,0.3430651991143203,0.2974479589898018,0.3084324604501315,0.3338860548649406,0.3380919568753642,0.3338860548649406,Peru
0.19087595986516503,0.3781663395398694,0.33936036918889073,0.34611763055212424,0.37105642517288295,0.3750098823125019,0.37105642517288295,Peru
0.1839387858303206,0.37403758308857854,0.3414443461078105,0.34375158324797694,0.3705813237258738,0.3729875180206794,0.3705813237258738,Peru
0.17245233898147472,0.3650219547275979,0.32000976912123535,0.3328393418818006,0.35849156382271025,0.3623380454474699,0.35849156382271025,Peru
0.2408665985819805,0.43311024806749154,0.3634144975898268,0.39990911465438017,0.42923882578706074,0.43274004877398675,0.42923882578706074,Peru
0.22105132354475054,0.4165864663075718,0.35519265290975477,0.3760980720550049,0.40873373614439856,0.41007890302810107,0.40873373614439856,Peru
0.2556355728987207,0.44963165244762315,0.41281931476297434,0.4184790035374475,0.4463583057827961,0.4514604791025404,0.4463583057827961,Peru
0.37370712268556167,0.5667345889330007,0.5141362362894134,0.5397390964449094,0.5637282896213145,0.5654892927814229,0.5637282896213145,Peru
0.4598604556111706,0.6508077616624363,0.5748481689549101,0.6046398387077419,0.6485695114236123,0.6488418792365929,0.6485695114236123,Peru
0.49947725157559275,0.6907224388422059,0.5991795403419252,0.625342362957858,0.687819244773888,0.6876120250567521,0.687819244773888,Peru
0.47281566299406386,0.6673064856307187,0.5836538009221275,0.6151225584505349,0.6652753971127653,0.6651168991667045,0.6652753971127653,Peru
0.4329272598743342,0.6293521579666008,0.5628647813141993,0.5603956842877627,0.6262069512973565,0.6257923986675447,0.6262069512973565,Peru
0.4273856847870584,0.6230983329526631,0.5685705770709484,0.5470034151333774,0.6158766861356766,0.6154355293477299,0.6158766861356766,Peru
0.413444576247209,0.6206276271562232,0.5663380716404531,0.538694186796692,0.604154325032713,0.6033942055063812,0.604154325032713,Peru
0.3923641344867802,0.6094524729822888,0.5404242730366603,0.5211152540284181,0.5850181151516065,0.5835687844695964,0.5850181151516065,Peru
0.40558833504377967,0.6281620205250036,0.5388411392521908,0.5384383152991014,0.598110597458945,0.5965546708290062,0.598110597458945,Peru
0.35822947654472687,0.5796417809175066,0.48613404204441796,0.5004255622050106,0.552174424095012,0.5511064677066473,0.552174424095012,Peru
0.3006613636686799,0.5115315938162356,0.44306434178267873,0.44538195467108727,0.4895743287377451,0.488201411997198,0.4895743287377451,Peru
0.3761517589230129,0.5775921541261725,0.5407002841787515,0.5189929117250687,0.5643348683808531,0.5659610897778243,0.5643348683808531,Peru
0.4661527807474868,0.6633924379709623,0.6346475490259513,0.6175292720135384,0.6557318654828913,0.6554979441521674,0.6557318654828913,Peru
0.41590324123184824,0.616557350445148,0.5693003774697656,0.5542671984942712,0.6077818764100178,0.6076011617372081,0.6077818764100178,Peru
0.3728107174171379,0.57338835932598,0.4889217879632002,0.49551251009767494,0.5620137668439249,0.5613837045731245,0.5620137668439249,Peru
0.39328374761187135,0.6075056345399635,0.5084244100498558,0.5119645301383307,0.5861817311665207,0.5873609629862309,0.5861817311665207,Peru
0.4194479985222773,0.6358087772287628,0.5560809248541355,0.5401927994390141,0.6160839944480767,0.6167814488673344,0.6160839944480767,Peru
0.39814592355926176,0.6238566228589942,0.5544088289670919,0.5270749390002539,0.5956127972307089,0.5966823087791533,0.5956127972307089,Peru
0.39010449162267735,0.6236576579607538,0.5556141905540526,0.525169386048174,0.5858685175792047,0.5865614167428875,0.5858685175792047,Peru
0.3667819376113013,0.5941958531195386,0.519875121626126,0.49589681485795156,0.5531368486313578,0.5535480911431889,0.5531368486313578,Peru
0.38405485235334597,0.6128636993671965,0.5101169113691142,0.5179916486562475,0.5698812331296601,0.5707503061155399,0.5698812331296601,Peru
0.4162149038546826,0.6434445013170931,0.5223176177720571,0.5467200279697042,0.5984483456251235,0.6009275175312586,0.5984483456251235,Peru
0.3221168782437833,0.5503595805769264,0.442178756746077,0.46781644056502847,0.5058879856897115,0.50820905030434,0.5058879856897115,Peru
0.25124422910372535,0.47914794410604,0.38932553190033525,0.3853256660072001,0.4339535456212489,0.4387420862645673,0.4339535456212489,Peru
0.24989838717580862,0.4830864299287351,0.3616636338979862,0.3972043897990635,0.43788575031471155,0.4409326973694164,0.43788575031471155,Peru
0.22573549561580739,0.4569618676229704,0.345224322187011,0.36166655315644997,0.41291751076155747,0.4165998731412327,0.41291751076155747,Peru
0.20842864290930807,0.43929740987628607,0.33860214976806036,0.329182196458352,0.39575558227227736,0.39819137348058553,0.39575558227227736,Peru
0.2212896168185761,0.4448003405095233,0.34187972583415605,0.3519973052441415,0.4011188884328851,0.4033485777487782,0.4011188884328851,Peru
0.25198175225095143,0.48238473710480906,0.38914491021255126,0.3816265326322733,0.43782589366285635,0.4417911536589254,0.43782589366285635,Peru
0.27303210783751775,0.49394195681233677,0.42408091466289266,0.4118461506651624,0.4600989335857265,0.4652686720604039,0.4600989335857265,Peru
0.27977368425455207,0.48685648309941815,0.4417835477590281,0.42037385256237914,0.4656894192876547,0.47022899056708267,0.4656894192876547,Peru
0.29633565746702484,0.503930966341176,0.44699488918535796,0.4416280196913789,0.4832864620201399,0.48696596590195274,0.4832864620201399,Peru
0.30225186691353195,0.49960274600682125,0.4498528932220125,0.4386099723615986,0.48426574367280645,0.4880572098048095,0.48426574367280645,Peru
0.2520681383839648,0.4427461540253693,0.41015142589627784,0.38476380801949617,0.4309350058171769,0.43368574105193763,0.4309350058171769,Peru
0.22135819529054335,0.4056499801040053,0.3811817044801741,0.3650030695487144,0.40056241595057884,0.40298339594124755,0.40056241595057884,Peru
0.19102979966348227,0.37814259025163255,0.350068372939892,0.35469409783535344,0.3756935142572533,0.3795636785750157,0.3756935142572533,Peru
0.16702901990952795,0.3552151891216948,0.33372832612314185,0.3356602789301361,0.3528808466096992,0.35605379904267326,0.3528808466096992,Peru
0.15339001375491046,0.3455565538337904,0.3322016388718551,0.30001759257989236,0.3408072899519719,0.3450757074949413,0.3408072899519719,Peru
0.2588256046486601,0.44918226878117007,0.4320925406118363,0.4211067027436435,0.4447398296921589,0.4468893435733384,0.4447398296921589,Peru
0.32603773088243426,0.5179528716834265,0.4969344909074294,0.5028019545295183,0.5126532311771161,0.5134015042049833,0.5126532311771161,Peru
0.2834290179258425,0.4860682803164563,0.4473575627985841,0.4368448274684211,0.46744085437677496,0.47082971696479026,0.46744085437677496,Peru
0.30362859802249226,0.519084505101798,0.4588638791359781,0.4569798689750669,0.487313192571008,0.49102536778459716,0.487313192571008,Peru
0.31770224914152656,0.529587799011233,0.4778731359527193,0.4768053416483681,0.5030453516536126,0.5058967382793055,0.5030453516536126,Peru
0.3673148664513767,0.5809320251306844,0.5203400532277909,0.5249574537923298,0.5539422574417122,0.5562845480668622,0.5539422574417122,Peru
0.34172054976587,0.547421315225702,0.49647210217927407,0.49192407869090515,0.5251705798733548,0.5265785602480826,0.5251705798733548,Peru
0.322267602078803,0.520912265690858,0.4748331507818625,0.4738257274523429,0.5090102975030426,0.5102810355396529,0.5090102975030426,Peru
0.3732731308515706,0.5784206054537705,0.48591638288780287,0.5305786086078178,0.5611456314287279,0.5632929686009714,0.5611456314287279,Peru
0.4485653426632794,0.6511005766153091,0.5169966068196363,0.6157753534258328,0.6351979378941011,0.6377435608950096,0.6351979378941011,Peru
0.5081813669430425,0.7074112372584034,0.5527375984093588,0.6761026044556344,0.6942971177203056,0.6944184862885567,0.6942971177203056,Peru
0.5489244270375391,0.7471999133602206,0.6375769323398958,0.7175655635740721,0.7352481653512817,0.7343590031872983,0.7352481653512817,Peru
0.6565646047893847,0.8441029577335311,0.7121732057752803,0.8065892867460791,0.8384642362796761,0.837771197341281,0.8384642362796761,Peru
0.6634734362974188,0.8648803497557289,0.7273930602252283,0.7987126401615268,0.845454848125551,0.8450550208176028,0.845454848125551,Peru
0.633206650759373,0.8442407067488732,0.7332737273141847,0.7568841579524328,0.8210384956664296,0.8202163806022589,0.8210384956664296,Peru
0.5695395382874802,0.7863099124126163,0.689471464811806,0.6841584314517968,0.753043395996778,0.7525302795350066,0.753043395996778,Peru
0.4808247071331313,0.7087658271835158,0.6303499677039544,0.5989097972952464,0.6679523429522801,0.6671207102895024,0.6679523429522801,Peru
0.4510983264453318,0.6799443889517109,0.6062281073909289,0.570720165614937,0.6358768376734745,0.635108277563649,0.6358768376734745,Peru
0.47631932731841076,0.7019034364575465,0.6158745248837456,0.6025464115927389,0.6620929270071594,0.6612471535795528,0.6620929270071594,Peru
0.5022909572971075,0.7296218001888495,0.6185615603560155,0.6385235791232948,0.6906343457220292,0.6909111836623625,0.6906343457220292,Peru
0.5534138219069982,0.7684895406883716,0.6635065998636309,0.6901995065287452,0.7381181875919085,0.7387466927506232,0.7381181875919085,Peru
0.5154838592088016,0.7375351685810875,0.6434741098274013,0.6513745060101241,0.6996619002363224,0.6993803024620932,0.6996619002363224,Peru
0.4186716583287875,0.630995186003374,0.5651650504768118,0.5464919756069222,0.6025659205778702,0.6052229135576439,0.6025659205778702,Peru
0.33034825441618654,0.5497164829935373,0.4793511696140971,0.45301422105430544,0.5116999999886228,0.5136340706754154,0.5116999999886228,Peru
0.28642548542719914,0.5024109355635402,0.4160688395166945,0.4225364020611524,0.4668620972859975,0.4682818003325582,0.4668620972859975,Peru
0.2589904672196432,0.4683670602233164,0.39443021429706876,0.39145272468003073,0.43581703723988374,0.43666339079419125,0.43581703723988374,Peru
0.4031010647659065,0.6027062769663917,0.5558709586295634,0.512251832094272,0.5789587101387066,0.579831787191962,0.5789587101387066,Peru
0.4572494660892692,0.6485121656844537,0.6035207256602613,0.5923207458997722,0.6341802409456048,0.6355459708826368,0.6341802409456048,Peru
0.48360449134986905,0.6710793358641003,0.6250654362246322,0.6142135112040494,0.660179695490021,0.6628991685768352,0.660179695490021,Peru
0.5233656144851172,0.7092826585020294,0.6678970507398551,0.6514529950591229,0.7004704704911473,0.7040605435720284,0.7004704704911473,Peru
0.4772420156178442,0.6615750761851165,0.6308028275229431,0.6087043929824265,0.6549464908183805,0.659011609572024,0.6549464908183805,Peru
0.5078229503149104,0.6996152436363429,0.653621035261511,0.6400111620403869,0.687657915971859,0.6919732468561344,0.687657915971859,Peru
0.4763016693816869,0.6678152540080733,0.6240729893847892,0.6072078095186363,0.6549501485945881,0.6570473849027483,0.6549501485945881,Peru
0.45137383022487565,0.6363027019101127,0.5840661675235747,0.573930179094828,0.6273279583489264,0.6302233455033552,0.6273279583489264,Peru
0.42215803058085977,0.6116688246439093,0.545442306566339,0.5442026531446307,0.5959424066618411,0.5987922697759687,0.5959424066618411,Peru
0.32681322179608374,0.5329399920387954,0.4680032013004153,0.4585795683975258,0.503554737199388,0.5049686842790355,0.503554737199388,Peru
0.26561731518062587,0.4648160513076266,0.4089544488349951,0.42030009158952597,0.43943239582069515,0.4421230986266932,0.43943239582069515,Peru
0.2640085972689601,0.45765171923956643,0.41061104526736397,0.40497573509163753,0.43738394380222195,0.44037473933793614,0.43738394380222195,Peru
0.3477538012266531,0.5507369299339403,0.495205601245282,0.5060943487340618,0.5203729890317573,0.5222107251970616,0.5203729890317573,Peru
0.44108322620326046,0.6510915557501536,0.5847353685297121,0.6028786295192106,0.6128604815111771,0.614233053483911,0.6128604815111771,Peru
0.42745951633392076,0.6349339735411657,0.5703915264505308,0.5815807649932254,0.5976482203570876,0.6020027552965715,0.5976482203570876,Peru
0.4560263200420447,0.6671383331149637,0.5942878894812955,0.6003993980662807,0.6264380810162914,0.6302561385485648,0.6264380810162914,Peru
0.5252315202607465,0.7367853648152672,0.661054099271218,0.6650792096876443,0.6963811002241568,0.6994969360317594,0.6963811002241568,Peru
0.5708292127934775,0.7813684979497207,0.688051322820677,0.716827916079477,0.7471228962982449,0.7485704167308986,0.7471228962982449,Peru
0.5503659471667154,0.7670512016040587,0.6536146063033255,0.6895589394762882,0.7274396404080851,0.7291832499444482,0.7274396404080851,Peru
0.5744440374527202,0.7880423936992993,0.6772472787676653,0.7073713499159099,0.7507257602864661,0.7536397588265369,0.7507257602864661,Peru
0.5924174117028694,0.8046410076104425,0.6602589401148209,0.718823067468386,0.7670147296828377,0.7709202411368442,0.7670147296828377,Peru
0.5276219844370025,0.7373143287842303,0.6088286274560621,0.6607345654684948,0.7043908914060459,0.7049144001019518,0.7043908914060459,Peru
0.5104255263541919,0.7228252767768024,0.6314580580847544,0.6580787079841189,0.690384531958053,0.6913227383672469,0.690384531958053,Peru
0.5687360186802849,0.7772396699226725,0.6583399348092316,0.7219130508768847,0.7451643147085025,0.7459857567316637,0.7451643147085025,Peru
0.5838708649189723,0.7985830206942499,0.6327473501969757,0.7038071574081894,0.7588274133926763,0.7656222401195938,0.7588274133926763,Peru
0.6270845105420871,0.8452758851340805,0.7045383181636734,0.7340559254152373,0.8023188272499782,0.8116036107806409,0.8023188272499782,Peru
0.6336287250277841,0.8491984894802403,0.7434891846831099,0.7377199488410078,0.8098986217120301,0.816028624853591,0.8098986217120301,Peru
0.6170953222195004,0.8244758840068762,0.7422742734517249,0.727778202649094,0.7958867816193641,0.7999025646125137,0.7958867816193641,Peru
0.5755992630599986,0.781373940320891,0.714648056308326,0.6864842604026429,0.7527327405780162,0.7558900578418892,0.7527327405780162,Peru
0.5525343839699115,0.7615727956228164,0.6904099007528074,0.6651264644448298,0.7281069774279263,0.7307859267911185,0.7281069774279263,Peru
0.5619732718162942,0.7663722324870915,0.6763490885750695,0.6845258491649123,0.7387467619834378,0.7428084151665119,0.7387467619834378,Peru
0.6399229289576023,0.8391768136328632,0.7598839877629165,0.7615582230889664,0.813805952494265,0.8177146625033394,0.813805952494265,Peru
0.6584292628712383,0.8643405764373859,0.7732374762653074,0.7865947477585258,0.8320775334106206,0.8352297165479341,0.8320775334106206,Peru
0.5857494836660673,0.7794478346022946,0.6941081172384462,0.7123531396999072,0.7607507443734556,0.7642842535544552,0.7607507443734556,Peru
0.6106279386911193,0.8092457999945646,0.7205274342037202,0.7308378756094144,0.7868230793376861,0.7912845452566054,0.7868230793376861,Peru
0.5955425392843806,0.7904951538552445,0.6458863252010787,0.7277027550469867,0.7673735767099045,0.7697270102264995,0.7673735767099045,Peru
0.6394017243272172,0.8349465192119314,0.6585121823830209,0.7635120107514968,0.80953301150134,0.8122181251583274,0.80953301150134,Peru
0.5544334699623429,0.762258978414041,0.6294682463949235,0.6678283367655182,0.7286415303045202,0.730580492582413,0.7286415303045202,Peru
0.5193467083055637,0.7286215687902695,0.6335948856696736,0.639718886763571,0.6949906353638726,0.6982724500961753,0.6949906353638726,Peru
0.516398117572855,0.7318074909616791,0.6506393277098197,0.6387235642976997,0.6912394462375948,0.6946842791687227,0.6912394462375948,Peru
0.5100208549750307,0.7255203379574098,0.6540710826182011,0.6345100685720004,0.6818171299709864,0.686301085275731,0.6818171299709864,Peru
0.5541429732227185,0.7668127256538679,0.687940257724843,0.6771135021285536,0.7234969215693676,0.728268050539855,0.7234969215693676,Peru
0.5501762839839708,0.7679140926284544,0.6827582121436742,0.6770470583861894,0.722882641827322,0.7254566674709754,0.722882641827322,Peru
0.48674910253908665,0.7011874404333929,0.6269744375636581,0.6094550890390906,0.6562039324731057,0.659511932397657,0.6562039324731057,Peru
0.5311943879776717,0.7437074723497639,0.6747460345746289,0.6623807717505836,0.6981379929397955,0.7011754773250205,0.6981379929397955,Peru
0.6507623154709108,0.8660154816626211,0.8044605033330141,0.8009019255154268,0.8228598888592599,0.8243415803831444,0.8228598888592599,Peru
0.7263387961266545,0.9393464575751074,0.8839009750044864,0.8798488253545013,0.8982051279993002,0.8980856993843773,0.8982051279993002,Peru
0.8337191476837833,1.0435748937642926,0.9952949350632886,0.9838723043471231,1.0041965619839912,1.0040691381909463,1.0041965619839912,Peru
0.8735649929525808,1.077825875957026,1.0267898209508872,1.019858144552476,1.043515376631277,1.043392661086461,1.043515376631277,Peru
0.8803371972605847,1.0905956389951528,1.0319842022646355,1.0377758842193208,1.0508827103831935,1.0506056288211783,1.0508827103831935,Peru
0.8236074500652459,1.0351220912375902,0.9723549033659233,0.9810970468566927,0.9940828531349737,0.9934060162576765,0.9940828531349737,Peru
0.7271740404979878,0.9381187083541859,0.8800970512776892,0.8881239667756078,0.8978121300469051,0.8974048541360211,0.8978121300469051,Peru
0.7178994907156251,0.9247322169995462,0.8610861231398177,0.8759400160447215,0.8861765396571863,0.8855043657406638,0.8861765396571863,Peru
0.7453025301577707,0.9501319562973006,0.8668686184651063,0.8952401938976476,0.9130960901658441,0.9125341948253667,0.9130960901658441,Peru
0.7520403925481044,0.9537110052401263,0.8452605083100022,0.8978310646445221,0.9177936467441955,0.9174294496055135,0.9177936467441955,Peru
0.7048377669496895,0.9083793318508553,0.8025192647138815,0.8515051426178357,0.8695632151909735,0.8692856363343335,0.8695632151909735,Peru
0.7050063404509191,0.8931322767620677,0.7847680345361023,0.8333480528524952,0.8693996700048666,0.8703551473892084,0.8693996700048666,Peru
0.6933541500626867,0.885262861336104,0.7723739886524955,0.8098210226818994,0.8610861842277739,0.8617784992693536,0.8610861842277739,Peru
0.6198472382221463,0.8002289744152334,0.7250228284187152,0.7309530112927181,0.7840763471557105,0.7848078733452881,0.7840763471557105,Peru
0.5124595427048371,0.6932678040498395,0.6427017638420744,0.6266698608059895,0.6748777099385053,0.6798299475282927,0.6748777099385053,Peru
0.4681014887876105,0.6548721471201591,0.5826533646282078,0.607075962086655,0.6283253250340104,0.632292887625585,0.6283253250340104,Peru
0.6308601696647776,0.8224402785749747,0.7507404442207855,0.7598766506098542,0.7977472512650777,0.8018635377999033,0.7977472512650777,Peru
0.6778007169471173,0.8625699229329507,0.8027797873214781,0.8042502997108576,0.8397989168643141,0.8423605626546837,0.8397989168643141,Peru
0.6751207236115015,0.8527879839580148,0.8058039373430617,0.7880187241936076,0.8359078341186147,0.8403482214720559,0.8359078341186147,Peru
0.706783888183563,0.8938731684163241,0.8420436321734042,0.8205383606679145,0.8700901351221986,0.8743911951887728,0.8700901351221986,Peru
0.6950965922154155,0.8861210612542573,0.8315936038507783,0.811461860654108,0.8604457160014016,0.8635127905415473,0.8604457160014016,Peru
0.6980457515829561,0.8909287737538749,0.8052851855172884,0.8116879507357269,0.858948929418883,0.8623863289342781,0.858948929418883,Peru
0.7600153369080622,0.9579830840725764,0.8759859058201402,0.8770799374069482,0.925114752639048,0.9283168408319649,0.925114752639048,Peru
0.763247458599019,0.9668442073140908,0.8637261952397057,0.878338702600979,0.926819410501392,0.9279039285736801,0.926819410501392,Peru
0.7596581773365043,0.9659505875369705,0.8104685069179753,0.8704041017632658,0.9227994001843505,0.924638305062132,0.9227994001843505,Peru
0.7701106319598794,0.9815831033760448,0.8498430096318352,0.8899891871491838,0.9378870872773719,0.9404443744185647,0.9378870872773719,Peru
0.7347003207963011,0.9505799671649918,0.8108685009669794,0.8566116259820586,0.907322274025308,0.9109574476960192,0.907322274025308,Peru
0.7406709206077955,0.9490338478038917,0.7751629366214758,0.855703532983012,0.9053949803219877,0.9082610231950395,0.9053949803219877,Peru
0.68945064118121,0.8996171303990652,0.7417979081891126,0.7984088106121194,0.8547974412778095,0.8591291302448323,0.8547974412778095,Peru
0.668071876046813,0.8763094898226382,0.7550993132232066,0.7679624489556232,0.8304520708784079,0.8348599741387389,0.8304520708784079,Peru
0.7053332750142367,0.9198235044800852,0.8258781853631723,0.8073847103092942,0.8741017139577034,0.8791789322191976,0.8741017139577034,Peru
0.6913285437733386,0.8935522516559709,0.8274590099160457,0.7912893465517381,0.8538504852117657,0.8575312473011565,0.8538504852117657,Peru
0.6863845572979006,0.8848335412487817,0.817506371497002,0.7915341561280569,0.8490747557016711,0.8519177577411654,0.8490747557016711,Peru
0.7270320996661981,0.9245973935988447,0.8258827288286064,0.8323638079164677,0.8885756902886073,0.8925996799463031,0.8885756902886073,Peru
0.7836870047976088,0.97686916966367,0.8843128597651497,0.8997508210059603,0.9457638681316108,0.9488222563442867,0.9457638681316108,Peru
0.3121690522382186,0.3121690522382186,0.3121690522382186,0.3121690522382186,0.3361706474816895,0.3121690522382186,0.3121690522382186,Nile
0.42158304649575284,0.4298669104833969,0.4218690546317126,0.41728051062701205,0.4392188993492991,0.42075878780726766,0.42082680994733496,Nile
0.47208920551265515,0.4892426971540256,0.4735832291783849,0.4615040361091163,0.48522519657459723,0.4683960916439227,0.47113159366452145,Nile
0.49630172611520557,0.5295658987173137,0.49557103644187483,0.47901490133021507,0.5025864710560005,0.4877550661536584,0.49178673870119344,Nile
0.5160707361153142,0.5657458398129622,0.5174238288053242,0.49847508632252724,0.5189960575886912,0.5046875703144938,0.5107203725364267,Nile
0.4888493132800842,0.5511515964254441,0.4932338723582339,0.46944363406175554,0.4880660003412885,0.47629796609112107,0.481724457714652,Nile
0.5007975501965669,0.5713614738591081,0.5065743777626694,0.47956354886635505,0.49906295353776614,0.488656748160356,0.4942035174147779,Nile
0.5784655881951234,0.6579051093849457,0.5837257138500571,0.5572644998484686,0.5744895629243433,0.5644934909143865,0.5707658444501954,Nile
0.6057895890317104,0.6874971734640138,0.6134810303153283,0.5831990741302883,0.5993397515679996,0.590783853272373,0.5964863177695564,Nile
0.6529518750597576,0.7329287261949686,0.6622710181149875,0.6279249338172712,0.6457407444605059,0.6374119866091673,0.6435541977334576,Nile
0.6503718744273159,0.7086758360447467,0.6655801362075583,0.6216489468072129,0.639552429267918,0.632138617167775,0.6378769088503164,Nile
0.6696567116749729,0.7101749274519875,0.6794858630370496,0.6324556461682898,0.6572066199577762,0.6509905382945416,0.65592269191038,Nile
0.7231040490692772,0.7749983081272137,0.7275852967265253,0.6799705648318577,0.7086481789723879,0.7005241797717342,0.7076643227247568,Nile
0.7092028458151998,0.769775213693327,0.709901627369263,0.6655209403417255,0.6935880938512531,0.6819343601400992,0.6928341784601486,Nile
0.6898603051234351,0.7556353123567657,0.6837908044838819,0.6466386823235155,0.6695763353226886,0.6569764024106404,0.6689986204194059,Nile
0.6892562674817247,0.748324284889353,0.6794609752329025,0.6460875461204356,0.6669068139370067,0.6519154469557987,0.6664641190226794,Nile
0.6679570265154245,0.7212776185527162,0.6568992009202756,0.6219988935823375,0.6451591762598591,0.6331682393134117,0.6448199452896044,Nile
0.7002019483319235,0.7449116562212817,0.6851193101815994,0.6507211278565004,0.6747917882532914,0.6632344630011588,0.67453184026777,Nile
0.7349765812481402,0.787666789179749,0.7173202579565365,0.6901063291590741,0.7090771174959212,0.7000278411303456,0.7088779229615132,Nile
0.747978916850327,0.8081872364620132,0.7303592847529763,0.7014710422822271,0.7205701516597235,0.7136810709511441,0.7204175116519219,Nile
0.7181986355881907,0.7734924072078344,0.7065364512276116,0.6743349725064581,0.6911457867444365,0.6857672863482853,0.6910288208244081,Nile
0.6499847557438484,0.7029046817112232,0.6439287364174654,0.6079892945644201,0.6220702858355558,0.6183581365669492,0.6219806564739936,Nile
0.6989997650404095,0.7535509207522977,0.7022551781579309,0.6518925315345717,0.6685344554947028,0.6652950123519656,0.668465773758586,Nile
0.7498788271321869,0.8088587747036392,0.7440014318560467,0.6927980947539991,0.7151901349211423,0.7123412823049674,0.7151375050597464,Nile
0.7774458579172073,0.8277078995192749,0.7698203451196253,0.7154079505393205,0.7410333192679155,0.7364779943674661,0.7409929897353912,Nile
0.7590133203005249,0.8004023090046496,0.7495387321120276,0.7010843820130487,0.7216579403189706,0.7174295805627812,0.7216270363577879,Nile
0.7414126020992465,0.7655012219767074,0.7268879727954829,0.6830387449020967,0.7025784993387162,0.696163012264631,0.7025548180620685,Nile
0.7405038415458249,0.7695622370400047,0.7234860077612376,0.6759863672718559,0.7020490871345557,0.694605099140765,0.7020309405008492,Nile
0.7489820283588146,0.7678680118407111,0.7299749243658344,0.6777454375332277,0.7089273719529076,0.6851877970382211,0.708913466439291,Nile
0.7826623707109827,0.7920546216782863,0.7604667327820077,0.7081027264822307,0.7402473767833296,0.7058984475770446,0.7402367211811905,Nile
0.8207564494078384,0.8430773718619587,0.7922553121758942,0.7471879350571303,0.775020288491198,0.747140841999079,0.7750121232511301,Nile
0.8315999562598898,0.8637210514337736,0.8009736593272915,0.7580473853770402,0.7844531859849253,0.7616710824745208,0.7844469290747578,Nile
0.8554682155080194,0.887358870512049,0.8286337501773648,0.7874743057427005,0.8083748696772479,0.7897599043245435,0.808370075093804,Nile
0.8602389374848444,0.899152569724007,0.8378031534829058,0.7913299671878409,0.8105397021449066,0.7947504969977744,0.8105360281221405,Nile
0.8762100650369523,0.9089535984433981,0.8556978473656593,0.8054690535910678,0.8252702092724669,0.8123860432208034,0.8252673939198,Nile
0.833963142677079,0.8673681777552655,0.8090263198545788,0.7577604125679016,0.7824507349696472,0.771761878176039,0.7824485776039629,Nile
0.8563060799879466,0.8903118877991517,0.8236584338486219,0.7749577124666992,0.8024643423000103,0.7911593812207584,0.8024626891406207,Nile
0.8584412506445956,0.8742173650268864,0.8199722902619793,0.7744007182459657,0.8020583431646993,0.7873190999178025,0.8020570763715974,Nile
0.8175536026472188,0.8203368341217392,0.773669955429404,0.7317395381015129,0.7580890771930092,0.7428785191124675,0.7580881064670326,Nile
0.7846296202648229,0.7924526182058442,0.7388292956908487,0.69374697884849,0.7250724033610092,0.7108206545910322,0.7250716595071627,Nile
0.7729670876741638,0.7834271787800706,0.7245776455648617,0.6776284209089494,0.7125826060502367,0.6996773625665502,0.7125820360453554,Nile
0.8054867878976677,0.816674418699777,0.7515620021117498,0.7078541624924968,0.7421996751521404,0.73044572465218,0.7421992383653089,Nile
0.8766885339913814,0.8708059716008199,0.8183931320165851,0.7825054122084236,0.8104209387442879,0.7991406858902484,0.8104206040405996,Nile
0.9209815048973166,0.902322590730364,0.8655981829254884,0.8309048087855406,0.8543205986358748,0.8266498112961974,0.8543203421570826,Nile
0.8786497950617582,0.8735317706940214,0.8459694438095551,0.7838250979210252,0.8101750269305558,0.7716163081949188,0.8101748303944161,Nile
0.8056902395060401,0.8043110151689177,0.8132563888441252,0.7121431542500759,0.7377161255632476,0.7070920607587512,0.7377159749603308,Nile
0.8173938968635068,0.8282741536811966,0.8239391311797813,0.7171375875967134,0.7486690724558602,0.7245246390116087,0.7486689570509347,Nile
0.822037078683928,0.8388948074278365,0.8127661669241805,0.7139883728466329,0.750090167344052,0.7304227986653354,0.7500900789108589,Nile
0.7706640633922026,0.7920868231369012,0.7484046273076872,0.6590727038706665,0.6954918749956706,0.6787837849721088,0.6954918072305417,Nile
0.8010381958252917,0.8003790463080045,0.7675260408260156,0.6900000760829222,0.7249069954692738,0.7057894030551984,0.724906943541796,Nile
0.7746404405318562,0.7683080153273923,0.7299382688142264,0.6656688231063689,0.6958837712469691,0.676947070431563,0.6958837314556633,Nile
0.7499973574839649,0.7363610237112824,0.6973028776378566,0.6357115094683022,0.6699850643368849,0.6537737729639185,0.6699850338453593,Nile
0.7318303152617216,0.7258389442123493,0.67474978398743,0.6143883455135339,0.6516120915198161,0.6346615840757065,0.6516120681545833,Nile
0.7198100280633267,0.7195817024214766,0.660414027522469,0.600821783956844,0.637543411192943,0.623252702038001,0.6375433932884893,Nile
0.7370631061686895,0.733673704567468,0.6756671773469454,0.6188443198127359,0.6513362426952994,0.6387322254535279,0.651336228975365,Nile
0.7606826684218673,0.7378572072590226,0.6964469992368153,0.645560446239888,0.6738167390859328,0.6624071323349024,0.6738167285725375,Nile
0.7297370808285614,0.6971610886195794,0.6613832063742737,0.607246328409674,0.6393514732077561,0.6298015182639838,0.6393514651514872,Nile
0.7385289317090199,0.716513621914094,0.671094053294203,0.6175366970337122,0.6511180175687978,0.6443204113623855,0.6511180113953908,Nile
0.6631147031386013,0.6450907879853081,0.5954184422095818,0.5371686978789764,0.5730677177726017,0.5688106244554402,0.5730677130420055,Nile
0.6458934923156763,0.6282519667360198,0.5807517447575384,0.5178113728653082,0.5545827586944747,0.5520762623054017,0.5545827550694844,Nile
0.6111631987824372,0.5814356308699226,0.5435249764715705,0.48296030401115103,0.5192621906825681,0.5174364956657157,0.5192621879047884,Nile
0.5864835052220425,0.5684766991342938,0.5136593848173379,0.45780823480066574,0.4926177048826631,0.48466516886667876,0.49261770275408906,Nile
0.6027008577337352,0.5944985691771063,0.5266290862801264,0.47809260017495003,0.5092200557346543,0.49846774990551035,0.5092200541035576,Nile
0.6057758503009623,0.6021670293473684,0.5265178169377506,0.478032246734032,0.5099432392685616,0.49637377294847945,0.5099432380186748,Nile
0.5932831688612648,0.5826225846298926,0.5107948946681402,0.4596790667871688,0.49451404437642976,0.4838642819735749,0.4945140434186589,Nile
0.6267665962720442,0.6014672948078148,0.5426989424600803,0.4899443216033943,0.5246129074514487,0.5161812538094781,0.5246129067175223,Nile
0.6666853185598833,0.6500846077372593,0.5798163268030708,0.5296959401751403,0.563450558148008,0.5572486930544932,0.5634505575856104,Nile
0.6937497960647397,0.6845450620778449,0.6064727010704464,0.5616570985948833,0.5900647437670383,0.5853569672907494,0.5900647433360807,Nile
0.6815560804017312,0.6688683184520263,0.5943202083918644,0.5542901538703019,0.5763916208573001,0.5729713307581746,0.5763916205270632,Nile
0.6056389105211971,0.5714853515456285,0.5160843702712317,0.47916025131470447,0.4978283286342132,0.49561233339504085,0.49782832838115726,Nile
0.6111532074837749,0.5593577261497349,0.5213886132261701,0.474897181042933,0.501693057036059,0.5007237993554108,0.5016930568421457,Nile
0.6611967174985985,0.6039717558560678,0.5680076708694036,0.5195488313861014,0.5512287620997297,0.5408387566686597,0.5512287619511366,Nile
0.6950622065851448,0.6512099837850673,0.5950877144698882,0.5545552595115735,0.5820582993787706,0.5722126935132712,0.5820582992649057,Nile
0.727695095483776,0.6800181107721185,0.6238172029612717,0.5883639001294109,0.6127428988067386,0.5981785311005091,0.6127428987194855,Nile
0.6808976422726717,0.6427561604688767,0.5750189314995255,0.5438362687771658,0.5638264358493725,0.5472656837155675,0.5638264357825116,Nile
0.6395479112233169,0.6089912031200524,0.5328347885671011,0.499177520203472,0.5222352361404041,0.5098637832246177,0.5222352360891696,Nile
0.6135050389569515,0.5895107519524098,0.5058736068110815,0.46602167545534895,0.4947602689164264,0.4855519981501223,0.49476026887716607,Nile
0.5786654676168045,0.5583483242506943,0.47164382764902996,0.4283879711405435,0.45868744109164117,0.45098614446841967,0.4586874410615565,Nile
0.5919867882057794,0.5547695959930318,0.48537635769549503,0.4414416983476914,0.4720685389380571,0.4640075871502789,0.47206853891500367,Nile
0.6546686480716898,0.6251648386254259,0.5453630661948935,0.5060930201920274,0.53367961784976,0.5248490061712316,0.5336796178320945,Nile
0.6832982339161902,0.6598487502560143,0.5728064134795695,0.5378420628463405,0.5612831625486274,0.551401010380131,0.5612831625350906,Nile
0.6755571772542748,0.6514040316303441,0.5672540891055694,0.5299540617961545,0.5524055174585146,0.5446654213782939,0.5524055174481415,Nile
0.6263643114930426,0.6060804935666125,0.5291041577057928,0.47601095469290705,0.5019830734635488,0.4961323330142827,0.5019830734556,Nile
0.7169169932123151,0.6751367535567732,0.62075376823636,0.5611726394452178,0.5923422987245073,0.5870084752370608,0.5923422987184163,Nile
0.7595095463478903,0.725817534737531,0.6567650192120853,0.6003112988575009,0.6339615516782245,0.6272548714966195,0.633961551673557,Nile
0.7772340492422675,0.7252723135060809,0.6708804730654453,0.6190240203506289,0.6509607552633361,0.638565918508458,0.6509607552597595,Nile
0.7184876574987191,0.674709536257718,0.6096305080281575,0.566072730916734,0.5914374012345901,0.576043922208774,0.5914374012318494,Nile
0.6968905950293319,0.6605616049600769,0.5858492052185241,0.5441602487880034,0.5695766016059663,0.5549734972958951,0.5695766016038663,Nile
0.7068330193500012,0.6629380935185046,0.5958713517430924,0.5507379231236981,0.5797779881414656,0.5663992089093274,0.5797779881398564,Nile
0.6952819816685601,0.6604886609350726,0.5856235475896284,0.5385536036476728,0.5688782951386637,0.5557213048748962,0.5688782951374306,Nile
0.7056339251117373,0.6747362811908276,0.6009943487246415,0.5523655355811502,0.5799850864670634,0.5676112989951525,0.5799850864661185,Nile
0.7481306516545768,0.712494930656558,0.6511160516465402,0.5970336922457632,0.6230189391836152,0.6122598556633346,0.6230189391828911,Nile
0.7530807761185677,0.7219347681506223,0.6590594931638974,0.6068990375566231,0.6287259887035713,0.6193229772874081,0.6287259887030164,Nile
0.7602875407016162,0.7149168177177668,0.6771132727520118,0.6135938122768707,0.6346775124175635,0.6270352109425119,0.6346775124171383,Nile
0.7063224180224534,0.6486300696651653,0.656444416520219,0.5649046321653984,0.5814604782300011,0.5755147567249758,0.5814604782296753,Nile
0.7347659637848226,0.6773392891194558,0.6691342926257402,0.5976607201285135,0.6104138517800132,0.6053697398818542,0.6104138517797635,Nile
0.7313779301987465,0.6867990365771723,0.65614220078535,0.5979974077301357,0.6084930380250121,0.6010256049314091,0.6084930380248208,Nile
0.7222984656191713,0.6865145544799439,0.6376932508223966,0.5876837001500183,0.5984513578136136,0.5848350130669686,0.598451357813467,Nile
0.6897842852261129,0.6608038679092947,0.5975823135167649,0.5496240684003169,0.5652279999654246,0.5486521786487168,0.5652279999653125,Nile
0.6605107442700746,0.6344652129047448,0.5635857194404956,0.5172290661611244,0.5357542638749127,0.5211761286512572,0.5357542638748267,Nile
0.6186651785436781,0.5937060514384115,0.5159112187684107,0.4786166130886362,0.4937448465009178,0.4813514697301139,0.493744846500852,Nile
0.6386402212770003,0.6189807656841885,0.532970582675821,0.5021144602231388,0.5147433760238954,0.5031876084579227,0.514743376023845,Nile
0.6749608023564264,0.6510582113259459,0.5680938488138751,0.5390343088509828,0.5521621056293217,0.5408321079889737,0.5521621056292831,Nile
0.7183885171855005,0.6915969122337522,0.6099943070409856,0.5809308589463522,0.5959377875533143,0.5840351096609442,0.5959377875532847,Nile
0.698229714479468,0.6721212705711714,0.5896416418543433,0.5591617961259764,0.5752858913736157,0.5640835618021657,0.5752858913735931,Nile
0.6379571643960891,0.6165030430933855,0.5335974555239167,0.49151346857111694,0.5138159651863492,0.5047355753033707,0.5138159651863319,Nile
0.6313033679964154,0.6136787551915427,0.5407772536660963,0.48766180271721155,0.5067503923799705,0.4985084516705015,0.5067503923799572,Nile
0.6131192524098829,0.5736115110660724,0.5217700867417241,0.4706063969832275,0.4880650883526667,0.48057906918156584,0.4880650883526566,Nile
0.5615097725228597,0.5177607822029782,0.4622616731304829,0.4167425451979839,0.4355839184824641,0.42698054497733084,0.4355839184824563,Nile
0.5734115314199617,0.5186815843215146,0.4706361797363387,0.42682498299677507,0.44819378210227323,0.43348024615303654,0.4481937821022673,Nile
0.6021095000697214,0.5392996923273486,0.4960896904198965,0.4574762179856372,0.476861260696405,0.45895152086190183,0.47686126069640045,Nile
0.5937674283845285,0.5432892631433596,0.4861725604271229,0.45119730990636603,0.4680679625268437,0.4517069030173123,0.46806796252684013,Nile
0.6078145187403023,0.5549192271135298,0.49911166076300534,0.4581394880469214,0.4812350206690802,0.467758326635052,0.4812350206690775,Nile
0.619801183152191,0.5791481179509635,0.5102069507198989,0.4681390858834231,0.4938700783868066,0.4815699597450818,0.4938700783868045,Nile
0.6659320686197843,0.6188970271752934,0.5535919706321694,0.5173407502323615,0.5395457387528171,0.5278967287545694,0.5395457387528155,Nile
0.665225193841912,0.5994472729116953,0.5507221994209975,0.5185138748604459,0.5383260104254999,0.527961238620023,0.5383260104254987,Nile
0.7115583353298504,0.64042755738474,0.5960298448650819,0.5670950709068221,0.5839422487910869,0.5742566133017603,0.583942248791086,Nile
0.6374397864219621,0.5606807607873632,0.5246868134466455,0.48777345506746567,0.5092743469678996,0.4996306550149737,0.509274346967899,Nile
0.590267117618593,0.5100244775389842,0.49750321074834486,0.43744298193438025,0.462509950312995,0.45289839911002727,0.46250995031299447,Nile
0.5612840067050461,0.4725693673469062,0.5053333522868355,0.4030392189474445,0.43411870109065714,0.42733040594754057,0.4341187010906567,Nile
0.5627511068459803,0.4651545069952836,0.49318478842189345,0.4041359672098076,0.4350593525567771,0.4303292199697001,0.43505935255677675,Nile
0.6069532616731784,0.5283393647012555,0.5240135137766118,0.4473684607303634,0.4780905151809376,0.47338876184280365,0.47809051518093737,Nile
0.5950791306684085,0.5326890412906564,0.5047357360800132,0.436132110008519,0.46680531488425864,0.46229843786563507,0.46680531488425847,Nile
0.5591561881547155,0.5083913782838422,0.46184411863864905,0.40487007004785736,0.4300299841720938,0.4216708039900011,0.4300299841720937,Nile
0.5332896845885687,0.48813807376304164,0.4304247558804043,0.3827780809905283,0.40445791968227024,0.3960088030882726,0.40445791968227013,Nile
0.5403021293065053,0.5027731616591032,0.433048757230994,0.38397694789788445,0.4113385273420661,0.40277432702025917,0.41133852734206605,Nile
0.6013185891775941,0.5642138876948607,0.4908804856436797,0.44307973323958116,0.4724833995387773,0.4614118031086128,0.4724833995387773,Nile
0.6036836603234995,0.5696597017121628,0.4935351540478864,0.4442154936754169,0.47456551405942,0.44569882109807496,0.47456551405942,Nile
0.5495131664279383,0.5139110605537204,0.4447944122382741,0.38757520396675443,0.42027216607459444,0.3968137111434373,0.42027216607459444,Nile
0.5525989334867397,0.5223038374803538,0.4469968709637234,0.39005442115987987,0.42332292746679034,0.40468463783591113,0.42332292746679034,Nile
0.506870531332889,0.48087237981941083,0.3997370215088762,0.3438950545570814,0.3777876688577752,0.3636132807902719,0.3777876688577752,Nile
0.567840927245579,0.5436557791283771,0.4575490297478977,0.40029317596277,0.43864446044801747,0.4286537284191431,0.43864446044801747,Nile
0.5752601859807187,0.5442576326695878,0.4620263828827626,0.41474321185438695,0.44690049914164603,0.44008013292202314,0.44690049914164603,Nile
0.5816613895172488,0.5525215756517275,0.4673629872911725,0.42436175118458375,0.453373143881031,0.44816998005190806,0.453373143881031,Nile
0.501206405312848,0.47089996734179074,0.3876351505635996,0.3451723073254561,0.3730931357983374,0.3685945631297505,0.3730931357983374,Nile
0.4870766240871839,0.4617353396488987,0.3743372271887958,0.33013125739382737,0.3588443386026288,0.35246804184721087,0.3588443386026288,Nile
0.5096226611793354,0.4666588141049009,0.3968195139068178,0.35269247728559666,0.3817808847874676,0.374995914877687,0.3817808847874676,Nile
0.508174235141498,0.46705985787939003,0.39664231273656964,0.34966747260459463,0.3795568361270413,0.36952463557950493,0.3795568361270413,Nile
0.5368600260387507,0.49701893928458263,0.428101592698305,0.3787319869656821,0.4077823233511779,0.38031210336352084,0.4077823233511779,Nile
0.6106761444179399,0.5543079266597644,0.5046317295293922,0.455050288337077,0.4813958455724684,0.45841133536106693,0.4813958455724684,Nile
0.5418905867077023,0.4923777184296714,0.4478526529373683,0.38394881051892843,0.41339880273808255,0.39337476969274343,0.41339880273808255,Nile
0.5572577686377036,0.5011708404801327,0.4593860088091113,0.3990290817328496,0.4291627211329721,0.41068646270476494,0.4291627211329721,Nile
0.5658890673997441,0.5150272731016667,0.48052243563342856,0.40317920550542075,0.43705225662828306,0.4211978908817116,0.43705225662828306,Nile
0.520038135761959,0.47932081595159926,0.47023607309382726,0.3553922891356857,0.3920927159844191,0.3803586683835714,0.3920927159844191,Nile
0.546538042308988,0.5132091140358074,0.4837216462434787,0.38457648979948544,0.4188285368265023,0.4088256349327527,0.4188285368265023,Nile
0.5518811272662965,0.5243704558874843,0.4748037719455556,0.3906244052197307,0.424427685796695,0.4146316062385885,0.424427685796695,Nile
0.4859267832045758,0.46313763214922055,0.3988360521265371,0.3271190186359325,0.35894845051619695,0.34557784414753806,0.35894845051619695,Nile
0.4652061528753593,0.4463857698936381,0.3716007492207499,0.3080409992265931,0.3388486445751133,0.324315779424251,0.3388486445751133,Nile
0.47213324951153424,0.44681072506878416,0.3744317085007413,0.31061644708187286,0.3453692304136499,0.3308729124455733,0.3453692304136499,Nile
0.4483428212692938,0.42659551410143975,0.3464135466667496,0.28865543354479456,0.3217809016640174,0.30901165008223047,0.3217809016640174,Nile
0.45565806803944797,0.43649625918276036,0.3518223587283069,0.2981871430888645,0.32863854988813435,0.2980975171559356,0.32863854988813435,Nile
0.5044599622881303,0.48385877364664676,0.4016303366400769,0.3467146802028278,0.3775362204360254,0.33608787757937036,0.3775362204360254,Nile
0.4898443583116574,0.4714554104087584,0.3879454653924706,0.32879359929131996,0.36240972390671855,0.3299830021211623,0.36240972390671855,Nile
0.5205572056933314,0.5001623605584309,0.41650233126869374,0.36357471219021464,0.39324929786728946,0.36806964345367943,0.39324929786728946,Nile
0.5509318752390472,0.5326953144415094,0.44867817987706976,0.3945861792999941,0.42289839842518645,0.4039978447592933,0.42289839842518645,Nile
0.5467154338584466,0.5228238488426402,0.44829493661614717,0.39579609189273535,0.4188902997380761,0.40511688658212897,0.4188902997380761,Nile
0.46428047637035263,0.4445607420025052,0.37046271545450205,0.3156738635215739,0.33691605931702306,0.3272711005473499,0.33691605931702306,Nile
0.44841865398366876,0.4143087195709311,0.3505079594871712,0.29883237427348036,0.32140727802615277,0.31361487962197204,0.32140727802615277,Nile
0.43615815954944326,0.3907651220718685,0.3340983749631995,0.28556508227563965,0.30916122164399995,0.302788414542774,0.30916122164399995,Nile
0.42734084572258924,0.39045725819230737,0.320411366051486,0.2750979589221037,0.30014468241759945,0.2877703119118064,0.30014468241759945,Nile
0.4762621680326625,0.4240393133069118,0.367610542010776,0.3223047175540279,0.34936957907241994,0.33423941320686695,0.34936957907241994,Nile
0.4916368235682258,0.44299791227952384,0.38304206280062003,0.3400169445985525,0.3652919642616502,0.35222161647320865,0.3652919642616502,Nile
0.47233649316297854,0.4218055493038574,0.36110645646229955,0.3208794458619807,0.3464132233515895,0.33446493984678083,0.3464132233515895,Nile
0.4167973809715203,0.3568352002543907,0.3043480982887812,0.266212901621838,0.2911398961032182,0.27981534146031994,0.2911398961032182,Nile
0.36378413955335087,0.3092348250321797,0.2495782031784256,0.21119627253208406,0.23698715169064113,0.22574135227731662,0.23698715169064113,Nile
0.3409149692402608,0.2970396793345235,0.22496057852088683,0.18517343154615087,0.21433060586192137,0.20433995327642124,0.21433060586192137,Nile
0.3465612930254312,0.3117850350357081,0.2335375674591017,0.1874146504527207,0.22030535514795663,0.21169893628326578,0.22030535514795663,Nile
0.4146743351826697,0.37731362257058365,0.30764999446331165,0.2507986951069914,0.28845739196345066,0.2800437837511516,0.28845739196345066,Nile
0.4842141534406542,0.4347084302838044,0.37504517441145463,0.32366673133834195,0.3577321389707826,0.3502410265011937,0.3577321389707826,Nile
0.47740332110571093,0.4302731706839982,0.3704462853474408,0.3232479725063155,0.350884001940896,0.34490202944698906,0.350884001940896,Nile
0.49129788851524164,0.4281976199015061,0.38008620704964907,0.34283249315100645,0.3642094486405662,0.35817787395020406,0.3642094486405662,Nile
0.4808616637486941,0.4289874654106918,0.36675275020949544,0.3355611217756325,0.35263502172353994,0.34642531536817445,0.35263502172353994,Nile
0.4312841426347127,0.36859046369706366,0.31887678736552916,0.28528115733027765,0.30320082973199625,0.29625141271409877,0.30320082973199625,Nile
0.41248705161615645,0.3611235276440174,0.2981924580437494,0.2611295575388885,0.28415048082197125,0.27863751162457195,0.28415048082197125,Nile
0.4215237577567492,0.3801690414202191,0.30573385134374004,0.27515066455916337,0.29305774477366636,0.2854854676069068,0.29305774477366636,Nile
0.4638426216034905,0.4290172882982734,0.34533317748244957,0.31991022986527673,0.3344190869180884,0.30866391511750235,0.3344190869180884,Nile
0.507267548992862,0.47636045016616335,0.38701270217356837,0.35855915391971077,0.3774503879577727,0.3560267051423612,0.3774503879577727,Nile
0.5146729814972996,0.4880693200042311,0.394138658693269,0.3622275755515246,0.38517220732687135,0.3678355868092798,0.38517220732687135,Nile
0.5022159148156577,0.45580659912145477,0.384096842717335,0.34269080219661957,0.371802975578374,0.3574693298301864,0.371802975578374,Nile
0.5615215791341827,0.5054228332239307,0.4482184526874555,0.40087421815535285,0.43110645858614427,0.4203949264680355,0.43110645858614427,Nile
0.5932951375229509,0.5317040635049546,0.4830159083971974,0.4330583632528976,0.4626686743333713,0.4555713090135375,0.4626686743333713,Nile
0.5710130478960875,0.5208882614685889,0.46154647171614904,0.40853766978371064,0.44062119072592343,0.4350495316264463,0.44062119072592343,Nile
0.5265874528537047,0.4853858296633534,0.41805726575419744,0.3672730423104005,0.3958425507722426,0.39032726641965954,0.3958425507722426,Nile
0.5260624596918667,0.4898396602420207,0.4125982019728369,0.3663579816431407,0.3947725128999855,0.38375458561095255,0.3947725128999855,Nile
0.5026666546628522,0.4693836530080217,0.38578151259954535,0.3436237253298545,0.3713860854776526,0.35952100420400646,0.3713860854776526,Nile
0.4611368700588348,0.4241924436009801,0.3432179158372727,0.3053480340702324,0.33038082280403636,0.31805083984480215,0.33038082280403636,Nile
0.4440499115815497,0.4134899752518647,0.325006539419608,0.2915173399905352,0.3132241142635694,0.29859767044837915,0.3132241142635694,Nile
0.4689393124504409,0.44412606758348394,0.34998949535023144,0.3187793951172059,0.33921878811659184,0.32183489358378625,0.33921878811659184,Nile
0.5362374285801846,0.5091589312043436,0.4168031175483074,0.3843171533237525,0.4073841001805412,0.3926955389061483,0.4073841001805412,Nile
0.5988807075354323,0.5608546989514823,0.4796190011628435,0.4422039865119928,0.46966665912721695,0.4567016754894825,0.46966665912721695,Nile
0.5587538542795174,0.5149416418266638,0.4409287559917401,0.40169343520969014,0.42941766739165926,0.41934247809898867,0.42941766739165926,Nile
0.45687789410294477,0.4207206182287174,0.35632529740601154,0.2961541437599626,0.32847440888547713,0.3213250898545446,0.32847440888547713,Nile
0.4083179621336043,0.3574791139294599,0.3345054155925946,0.25335936151753946,0.28039089431712205,0.2762257524540315,0.28039089431712205,Nile
0.4226031763792148,0.3574151797886031,0.3393917907648408,0.27447333981949595,0.29532046139319584,0.29298118710603316,0.29532046139319584,Nile
0.41833946348466655,0.357133740534843,0.3309567107257151,0.27357341103118055,0.29074587878712094,0.2881039890940232,0.29074587878712094,Nile
0.3673935372359518,0.29817810240966935,0.2829792658359627,0.22179853049685405,0.24070005414944012,0.23094738653422053,0.24070005414944012,Nile
0.34550349603189745,0.287353060279376,0.2529034331597836,0.20121136510811793,0.21997291652636702,0.20734634921527945,0.21997291652636702,Nile
0.32740455671507945,0.2797626622404705,0.2297767590578443,0.18766767540150497,0.20251070765310236,0.19172222556954766,0.20251070765310236,Nile
0.3078743968903361,0.26986385651710953,0.20835243466700235,0.17173493383746122,0.18310894349800153,0.17397868372555314,0.18310894349800153,Nile
0.3165994063397664,0.2864232983277937,0.21565586483072322,0.18289934503986793,0.19282563385201956,0.18463226077460915,0.19282563385201956,Nile
0.3302728080360176,0.30509815435183746,0.2255642569571024,0.19294961741899264,0.20513774094998938,0.19769926735525978,0.20513774094998938,Nile
0.25884992965694065,0.23811436670194897,0.15353844838414196,0.11573907068311393,0.1347051574285597,0.12866540866649664,0.1347051574285597,Nile
0.2596041739785915,0.24166889523808238,0.15331413674320732,0.10955640012913453,0.1348357603477361,0.13027487378290498,0.1348357603477361,Nile
0.3296309771059748,0.3022290258644956,0.2196220316413291,0.17935730844743475,0.20404353883931314,0.20075893853191829,0.20404353883931314,Nile
0.26952388684285544,0.2356895003016329,0.15852474895826324,0.11798604733806718,0.1432800785972531,0.14194175612060797,0.1432800785972531,Nile
0.2503065400905603,0.19825209113411152,0.1381732076221145,0.09700379638232241,0.1232041002858287,0.12345119739394622,0.1232041002858287,Nile
0.28629633209398175,0.22969333243358514,0.17490109476998764,0.13227309479223281,0.15954704230800687,0.1595489265619502,0.15954704230800687,Nile
0.30443941601494323,0.24763296957303016,0.19112814562839142,0.149306721648009,0.17763215430949844,0.17734699268522064,0.17763215430949844,Nile
0.2857841145967058,0.2330494860094099,0.17153783795909427,0.12916585379718323,0.15874577465122308,0.15658382959588768,0.15874577465122308,Nile
0.2833636248051748,0.23788530125443752,0.169028500075836,0.12796370170924204,0.1567417032704456,0.15359560990578708,0.1567417032704456,Nile
0.28287775267677673,0.2473176996622778,0.16812109813201592,0.12599295404715816,0.1562112982293627,0.1529607972492259,0.1562112982293627,Nile
0.2828203021835445,0.25394399535477546,0.16534567825232752,0.1273580783049732,0.15569019924010752,0.15103784820181182,0.15569019924010752,Nile
0.2583391164559911,0.23520153759065202,0.13915288950836535,0.10249722316662578,0.13160893541159702,0.12593483865267752,0.13160893541159702,Nile
0.7096599718940654,0.7096599718940654,0.7096599718940654,0.7096599718940654,0.6442358328992289,0.7096599718940654,0.7096599718940654,Java
0.4928586775975891,0.5016043373587812,0.48709784331929784,0.4833154142746608,0.4519217833010049,0.4948009382397317,0.4949457734031278,Java
0.34906794383304507,0.3625763748803386,0.3429524487229663,0.34132074711283117,0.32319071658939796,0.35160485143527126,0.3514840002725605,Java
0.2819080636443897,0.3112396894231569,0.2845033932874519,0.28534315942172683,0.27636980023055135,0.2952275034807199,0.2949759290362665,Java
0.22889389883648734,0.256427217979832,0.23364475863674317,0.2328254078506441,0.2304695852188632,0.2429604488419002,0.24270528161280566,Java
0.15560689658210652,0.1858036463105076,0.1664841908771604,0.16495738137604726,0.16499147709108747,0.17342407178908972,0.17303787233042117,Java
0.07980012541008814,0.11303114108338685,0.08837799764117887,0.08765290004689413,0.0891022236477839,0.09491591656701533,0.09439366552923051,Java
0.05371352168983889,0.0931831020316798,0.04925205292284311,0.0651924702740299,0.06713556984009086,0.07111390849823095,0.07061530907137496,Java
0.09252173843474089,0.13693762023953174,0.06617455473500498,0.09341523112652954,0.1107402292307404,0.11345086659587861,0.11302856299477436,Java
0.13704699193702913,0.18080211019158576,0.09811440138784408,0.12646776564943704,0.15528905861532685,0.15720897278368953,0.15679390454416547,Java
0.16271603600740944,0.2110524431063521,0.1348626344872125,0.1531529690113751,0.18932198979591044,0.19045738160156672,0.19031160123508709,Java
0.1192210561777262,0.16788179783973703,0.10670004436074587,0.10362170979011133,0.14715304811397104,0.1480547757658637,0.1478038328765713,Java
0.08381599299156069,0.1396600283697323,0.08288534975535992,0.07497608833591866,0.11575065313685735,0.1164639362156322,0.11617861990286915,Java
0.07485913116856946,0.12999381395950174,0.07895463157466555,0.07402324774697737,0.10838246387366847,0.10899800209735286,0.10866390185952232,Java
0.05843000963853764,0.12681947560059553,0.081903940950344,0.0748291283254102,0.10343355858206879,0.10392692487876858,0.10361863683153101,Java
0.07095293549908113,0.14048892833638071,0.10311760779510289,0.09772569038679257,0.11933187189212466,0.11971066863157762,0.11945358239371198,Java
0.10566833711129969,0.1732678968085113,0.1387776192545247,0.1382123858248128,0.15313634011167443,0.15351325467083632,0.15321637893979,Java
0.15813638580887313,0.22835753610362683,0.19307936591197702,0.2005937311165918,0.21126663144098734,0.2117332197885169,0.211319266291083,Java
0.21971073207542233,0.28451010133843035,0.24384569774388778,0.254883445458579,0.2723903700012166,0.27290681069740264,0.2724249835445407,Java
0.22623706611101713,0.2918122746735273,0.2320242693822498,0.26065953802936453,0.2817510207044508,0.2824044943489015,0.2817737831399716,Java
0.21748489343081728,0.27868073216468675,0.20045646117098598,0.23933631769185357,0.27068854968144296,0.2712524901953136,0.27070351863350856,Java
0.18103420136248388,0.24880097144609983,0.16003006226075772,0.20058217082211155,0.23584921112423562,0.23633526618935635,0.2358590549533697,Java
0.18479820137344516,0.25952563312351723,0.17006408825573957,0.21279105659269348,0.2458906032264995,0.24638467282579704,0.2458970766904799,Java
0.1834957844314138,0.26867674304125894,0.19190810707096706,0.22196102101376686,0.2549775900103362,0.25516849967729877,0.2549818470667453,Java
0.15613583763748293,0.24896940650176497,0.18426870748982435,0.19556347915714198,0.23027569441258872,0.23053166781904116,0.2302784939229166,Java
0.16701429241782711,0.2588293756918414,0.20439863291835883,0.20885683168487448,0.2418585794846421,0.24203231514622564,0.24186042048868875,Java
0.1662267681580782,0.25505681802394553,0.21395388496191522,0.20767872851434127,0.24362139597891422,0.24391610707619915,0.24362260665346183,Java
0.1819366224469825,0.27068271358517376,0.2318230799285246,0.22027811806120384,0.2568342046924986,0.25710601989390997,0.25683500085199806,Java
0.1804136288035866,0.26991989048077514,0.23785266088910628,0.22782053738861172,0.2588868523134702,0.2593865717139397,0.2588873758810547,Java
0.15490329284955018,0.25095665995861816,0.22143887743892093,0.2100515063342498,0.23885856058642502,0.23959368685192764,0.23885890489308184,Java
0.13632145717946784,0.24386837989793184,0.2076882167214733,0.20351240427050474,0.2280559989967531,0.2287283406125089,0.22805622541847484,Java
0.18786190701002892,0.298968806224325,0.24640139266908628,0.2555074680365496,0.28158158373190767,0.282558557483054,0.28158173263055675,Java
0.20444709138578177,0.3100319129415723,0.24992171301177096,0.2614474466166768,0.29634158177026815,0.29685463230331716,0.29634167968846925,Java
0.16798241222523883,0.2824098778136007,0.21831967409569458,0.22645625425042235,0.26598146536731637,0.26631004583840734,0.2659815297599363,Java
0.15345223083896709,0.27391374503354626,0.19748556252589233,0.20928394961540528,0.2533786490716764,0.2536752268566094,0.25337869141732255,Java
0.14356868752815405,0.26556298551027335,0.1816382626272956,0.19874319806978386,0.24371902484897134,0.2437967565735533,0.24371905269616487,Java
0.11462639809805591,0.24050488620235644,0.1704978062581966,0.17432665360361166,0.2201417278087752,0.22003349203481312,0.22014174612154777,Java
0.12475623571063164,0.2576724769921838,0.19485982502432056,0.19507579366960254,0.2358867684825207,0.23586050146847934,0.23588678052530118,Java
0.18295930661899565,0.32415723501039445,0.26646274043055557,0.26544944752909266,0.30091313300849115,0.3007327428985326,0.30091314092802174,Java
0.2286502191709522,0.36451792847929954,0.31944777473010066,0.30333296689455774,0.344829868277462,0.3445729171231424,0.34482987348547556,Java
0.260830518206437,0.3951700246549778,0.3561782939043556,0.3333222096042549,0.3779305349500241,0.37766050293242587,0.3779305383748995,Java
0.28573869378422717,0.42862929845464726,0.38577711994351077,0.3638457584499235,0.40970524684363346,0.40944681342680883,0.4097052490958879,Java
0.28161458768538716,0.42528890490473226,0.3840125046715818,0.367238572458745,0.4121837837936978,0.41182301902272667,0.41218378527481736,Java
0.25788414757177053,0.3996075802513236,0.3513320185947872,0.34240059971042763,0.387577610855941,0.3872875975073563,0.38757761182994965,Java
0.28251694080578793,0.4242700997115471,0.3666307943562384,0.3859727664544688,0.4158086993891125,0.41549998891097334,0.4158087000296366,Java
0.28902642649178545,0.42668198342265906,0.35292878612672557,0.3971736702641283,0.419466743745906,0.41909108564506997,0.41946674416712515,Java
0.28552625930440284,0.4275249007215415,0.32972225597363974,0.38281430650528114,0.4172220655393978,0.41688119191655404,0.4172220658163984,Java
0.270628799106291,0.4216877705659253,0.32075306828279915,0.38151072350026893,0.4104550708686704,0.4102141306744527,0.41045507105083057,Java
0.28740541290290433,0.44304284664315335,0.3590916104799011,0.3983055403005287,0.43466550835674006,0.43451733348524074,0.43466550847653157,Java
0.2726671839922243,0.4269762098753366,0.362474134168329,0.37883026468179604,0.4206416925890687,0.420431844780904,0.42064169266784557,Java
0.20968587881613102,0.3677337373564965,0.3209159285087109,0.32770052376214187,0.3633479367625473,0.3634738568686852,0.3633479368143523,Java
0.17557557770519513,0.33652641319557747,0.30081365216714406,0.30343878853575135,0.3308907658648002,0.33123936398598214,0.330890765898868,Java
0.14616999592126315,0.3052918973802359,0.2799075737117617,0.27777117794663364,0.3004852138993343,0.30112634749344325,0.3004852139217379,Java
0.09545369528881467,0.2579852751586326,0.24036032253155254,0.23736117957208144,0.25432905593874566,0.254935663231222,0.25432905595347866,Java
0.043545779155216145,0.2196456285686802,0.2005111188545807,0.19715825363073977,0.21063770415937644,0.21112077571700694,0.2106377041690651,Java
0.03695860280146096,0.21832413907727613,0.17877385186671216,0.19468728846810235,0.2052796840854152,0.20565057254875374,0.20527968409178662,Java
0.05031392174353977,0.24561835375355295,0.18499908730560677,0.21129792705011605,0.2267481517374459,0.22703930504472533,0.22674815174163584,Java
0.05504605169638335,0.24380344228575904,0.17338060119345414,0.19650309043936343,0.22116240321064265,0.22137344812113302,0.22116240321339806,Java
0.1368289366379871,0.33028335780582035,0.2421139524590329,0.2760550771467613,0.3097262042595708,0.309731625607418,0.3097262042613828,Java
0.19924260891237797,0.3916076595955907,0.30902570421073855,0.3337632764809552,0.3745120227141358,0.3746433983172131,0.3745120227153274,Java
0.23184837715149045,0.42157302071303965,0.3484662221702396,0.36663831751233694,0.4076342054029773,0.4076142202360997,0.4076342054037609,Java
0.24346124409035524,0.43815505899440416,0.37394785574701894,0.3771969481304011,0.4237608665906479,0.42380560833519726,0.42376086659116313,Java
0.24332222953645613,0.43336967049505665,0.38223020282648107,0.3729928261919434,0.4213724578778016,0.4216093660224665,0.4213724578781404,Java
0.23772970352917464,0.43439271439236166,0.3905547876174939,0.3715934405352194,0.4216055285859715,0.42195406261846186,0.4216055285861943,Java
0.21751983549955356,0.4192427016898396,0.3847542485203611,0.36393628995427507,0.40835731250221935,0.4089451894167683,0.4083573125023659,Java
0.17841692208559068,0.38648781717911823,0.35659078207849515,0.3405037485856575,0.37696313964300726,0.37766921329924774,0.37696313964310363,Java
0.13368513144332794,0.34395758133177273,0.3123496368208889,0.30609141402059364,0.33312655199574054,0.33400361191740435,0.33312655199580393,Java
0.16487344368727816,0.3727436221609645,0.3362194984679723,0.3303139035383158,0.36386001655350575,0.36456861182518513,0.3638600165535474,Java
0.18795342885866195,0.3985300963760599,0.35259123021502314,0.3576271245328489,0.38977153011201743,0.39013973527769047,0.3897715301120448,Java
0.18143146921286127,0.40076866222433255,0.3384396775498847,0.3517811020852747,0.3892858217264287,0.38986981300123,0.3892858217264467,Java
0.21224216871201576,0.4316193759006989,0.35262028459825595,0.39835879082455455,0.4230225114545082,0.42315667806351404,0.4230225114545201,Java
0.22982328090072437,0.4468095295400068,0.36889310246538837,0.4144265564122616,0.4404407071479803,0.44031682956497575,0.44044070714798805,Java
0.18294114555517252,0.4062652198338226,0.34043174134042625,0.367899110948399,0.40075627055439056,0.40047891050229995,0.40075627055439567,Java
0.1409912806790439,0.3662290174676452,0.3208017949061146,0.3268226603193408,0.3624961828848518,0.3624302228614208,0.36249618288485513,Java
0.12255377764886019,0.3553152812557385,0.32066443599456346,0.31610869415278364,0.3506593296576965,0.3507276343068576,0.3506593296576987,Java
0.12884065023993388,0.36039867817250065,0.33200633341934976,0.3290513404480655,0.3550256107305822,0.3552964499000781,0.35502561073058364,Java
0.1446115403862031,0.3857422410656055,0.3531986656448583,0.35473623747488847,0.3737076799097236,0.3740177122924834,0.37370767990972453,Java
0.167961737374291,0.41695156608501416,0.37828448683260785,0.3786004751488887,0.40001586402469763,0.4004906392580138,0.40001586402469824,Java
0.23997713424297132,0.48556196071592667,0.4405847690118656,0.44238874601364825,0.46980229027908554,0.470273338811694,0.469802290279086,Java
0.26686810257551946,0.5133363403626686,0.46181864411691614,0.46925517201920447,0.5025322861860402,0.5027252421048878,0.5025322861860404,Java
0.23954801618722632,0.48918157240745824,0.41999962822739056,0.4408662375981573,0.48009558829187854,0.48006199730770954,0.48009558829187876,Java
0.2454303098852799,0.49945465692896557,0.4151301976530652,0.4558605950060883,0.49023282650355965,0.4900424890066088,0.49023282650355976,Java
0.22612364909150354,0.48204291051218345,0.40640224617441956,0.44994305836465415,0.474767835123236,0.47457006471451346,0.4747678351232361,Java
0.16041096825075818,0.4178045212624162,0.35050513439935227,0.3794212467659289,0.4074073076773912,0.40715460489377586,0.4074073076773912,Java
0.1670697631168015,0.432785691559996,0.3690505418595831,0.38006226073067023,0.418200191020877,0.418106433429278,0.418200191020877,Java
0.2030593820253678,0.4723842477684706,0.4158093314133978,0.41942736254027696,0.45899555032805556,0.45879545187020226,0.45899555032805556,Java
0.20059760769259563,0.47460901877725636,0.4213059004969372,0.41394093487324923,0.45865056203836185,0.4582413990607307,0.45865056203836185,Java
0.1930753001943504,0.4706048727746206,0.42698539263503155,0.41100709399938995,0.4546073836710447,0.4543069558108254,0.4546073836710447,Java
0.18016511649713698,0.46571218153826227,0.4247287191200633,0.40483998906775714,0.4460722283313731,0.44599386673304503,0.4460722283313731,Java
0.17719205045173014,0.47473447582738404,0.4305936770007898,0.41144002823402115,0.4522375403245351,0.45246098502852394,0.4522375403245351,Java
0.2011425615271413,0.4978824839205378,0.4445710530721495,0.4366714884562185,0.4769798596206427,0.4774386234466964,0.4769798596206427,Java
0.18401744292003616,0.4847635589425604,0.4252308288087037,0.42055273186761866,0.462462542931123,0.4629493389111547,0.462462542931123,Java
0.16446692984542244,0.4685592082547425,0.40595523728420674,0.40303481036529865,0.443583415395957,0.4439817373232052,0.443583415395957,Java
0.23618264251154938,0.535197789660819,0.460958264121943,0.4663267658580998,0.5126099985295479,0.5128507206329724,0.5126099985295479,Java
0.2865050265249994,0.5914830065772736,0.5077511848989283,0.5190249067708307,0.5663817062371075,0.5664885088366202,0.5663817062371075,Java
0.3221252860655141,0.631140865570048,0.5449580752438956,0.554774388617569,0.6053138456868103,0.6052767768936972,0.6053138456868103,Java
0.3360313198774035,0.6539951408587216,0.5749719515536936,0.5825689281565333,0.6267861728332136,0.6266179450329042,0.6267861728332136,Java
0.3593659868348026,0.6805094194652925,0.6152340423379108,0.6109814066561385,0.6528388558473923,0.6526453867579313,0.6528388558473923,Java
0.3846069043734704,0.7076837382894133,0.6523716511493746,0.6350800532783214,0.681954281264894,0.6816453514055946,0.681954281264894,Java
0.4057088288158118,0.7291222216088772,0.6797189431567507,0.6557422342604434,0.7045605979255074,0.7043046745847984,0.7045605979255074,Java
0.4254186019568211,0.7489552422505112,0.7039724179182095,0.6852405969687421,0.7231725883326221,0.7228637920342585,0.7231725883326221,Java
0.45406423799724577,0.7742122451051099,0.7422305958178915,0.7289392428862249,0.7561015291979044,0.755807259932019,0.7561015291979044,Java
0.46509761936861077,0.7810790672574867,0.7490968302743194,0.7441334994082105,0.7691691625356918,0.7688869016607869,0.7691691625356918,Java
0.4577767892720295,0.7722176871373885,0.7286351385070828,0.7372748545943597,0.7640553611362173,0.763819226467875,0.7640553611362173,Java
0.3985602876993588,0.7105165611191322,0.6487467234770469,0.6796897306508815,0.7042133805404704,0.7040361160316804,0.7042133805404704,Java
0.3025233688915318,0.6166762690797564,0.5476165656872609,0.5941021185084903,0.6108252807574205,0.6105542664882027,0.6108252807574205,Java
0.21839998967334967,0.534683108645001,0.46409932295456596,0.5138598075752836,0.5260478399554643,0.5259376883543503,0.5260478399554643,Java
0.23210587330703047,0.5486195535755881,0.47134422802831055,0.5281404320716246,0.5414000341086601,0.5414235041282435,0.5414000341086601,Java
0.29908528729554307,0.6147406928657264,0.5473832238168218,0.5808102419771588,0.6092226057367249,0.6092131688749487,0.6092226057367249,Java
0.29752251665305884,0.6138419763439327,0.5559954492944762,0.5775620528220744,0.6087273962064608,0.6083742962384693,0.6087273962064608,Java
0.2594761233958515,0.5766380271879363,0.5305597986345875,0.5429124755247127,0.5718438293404078,0.5715204644180037,0.5718438293404078,Java
0.24897540599577056,0.5698504369587026,0.5320056259172412,0.5281201914028769,0.5631758085168816,0.562873298099365,0.5631758085168816,Java
0.2326117499437035,0.5556607060972311,0.5254350387444745,0.5068489104586981,0.5473092399280184,0.5471884604867683,0.5473092399280184,Java
0.22791858813492102,0.5505365290377029,0.5210076263777326,0.500720315920292,0.5416876707890989,0.541651361847876,0.5416876707890989,Java
0.2718440981153383,0.5944739555877964,0.5596282125494904,0.5503508856171055,0.5856832103043901,0.586126378812539,0.5856832103043901,Java
0.30171494820231715,0.6237928804389617,0.584370506600039,0.5836799282146388,0.6178468533606187,0.6181012667718065,0.6178468533606187,Java
0.2922027336376507,0.617631127729508,0.5594812733951656,0.5659422570038479,0.6063501041424929,0.6065010473910585,0.6063501041424929,Java
0.344710172682469,0.6678050841377117,0.599155638675523,0.6112284307989477,0.657552480551416,0.6574960923747988,0.657552480551416,Java
0.3325243891009669,0.6553311085226703,0.5805749204925641,0.5955401689281238,0.6457548108474891,0.6455620781148416,0.6457548108474891,Java
0.27939950501901556,0.6041312314623636,0.5232990375317755,0.5415524440138444,0.5927709907860604,0.5926803307802451,0.5927709907860604,Java
0.2546920977765933,0.5763429266495883,0.49032452077103467,0.5246913864171024,0.5662308316917948,0.5663124934264571,0.5662308316917948,Java
0.264291338758682,0.5865160355634094,0.49924104178865575,0.5314526063407583,0.5766744472216897,0.5768556080215015,0.5766744472216897,Java
0.2657495617614846,0.5871867770243304,0.5127270774728668,0.5283829100714504,0.5788988146379463,0.5791668400154618,0.5788988146379463,Java
0.2513693187165683,0.5727091708247795,0.515666230571702,0.5134206680879279,0.5648375744295129,0.5650787473118509,0.5648375744295129,Java
0.23467611491927431,0.5565234520198644,0.5145130592654155,0.5075681130281929,0.5494759592918254,0.5500516917291812,0.5494759592918254,Java
0.22655791216429888,0.5462574035274091,0.5122755076743597,0.5051318076204254,0.5390364720240253,0.5397803925612512,0.5390364720240253,Java
0.19450418093483304,0.5184867023542076,0.485106057683844,0.4807529404043082,0.5082901830415927,0.5092382627010398,0.5082901830415927,Java
0.20245594460718533,0.5323522651078324,0.48320450423826444,0.4896002168087218,0.5176310732077284,0.5186544995327049,0.5176310732077284,Java
0.26041244477933945,0.5885871003826145,0.5208746379226059,0.5436972732162143,0.5730730802663221,0.5739496904785786,0.5730730802663221,Java
0.3278184171769342,0.6525119324130174,0.5803926738280346,0.6180060761822338,0.6386226841318422,0.6389731285481497,0.6386226841318422,Java
0.3524836947413062,0.678064462473121,0.5966914567825581,0.6322805657537668,0.6645833374298571,0.6647203637175126,0.6645833374298571,Java
0.3254891393731586,0.6567501805654039,0.5541503705788522,0.5969308670072626,0.6390145983349305,0.6390039193509849,0.6390145983349305,Java
0.3397585279952028,0.6721765522928426,0.5651251616583757,0.6071975143811129,0.6516906088735454,0.6514227897415287,0.6516906088735454,Java
0.3905730322270994,0.7244319030017065,0.6326624403710588,0.6578441543214513,0.7034805963420081,0.7030989528200675,0.7034805963420081,Java
0.4384561953759732,0.7726827091923222,0.702472072751672,0.7022161567383052,0.7528515453011579,0.7524811052023086,0.7528515453011579,Java
0.47593106079119213,0.8077243326412504,0.7547461579119061,0.736999947243082,0.7896753526916559,0.7893515008465989,0.7896753526916559,Java
0.48004787846331154,0.805585482242188,0.7670783882655229,0.7422987726102466,0.793110852105774,0.7927889552919843,0.793110852105774,Java
0.4387588699851533,0.7631402695397399,0.7321845033477304,0.7042087891472995,0.7516349802898964,0.7512524922829391,0.7516349802898964,Java
0.3918243697549325,0.7186767648213698,0.6881899274625208,0.662541317839956,0.7059379286431756,0.7054580789730025,0.7059379286431756,Java
0.36590386962871424,0.6954745321784647,0.6471768866975773,0.6379331218588278,0.6798884054423608,0.6795680719630898,0.6798884054423608,Java
0.4044859933515998,0.7274710960083849,0.6658736411899031,0.6721991978566279,0.7151853128531567,0.7152203657239303,0.7151853128531567,Java
0.44875552675941544,0.7706050584351983,0.7093464573030979,0.7152635521523639,0.7609298711464704,0.7607682498479765,0.7609298711464704,Java
0.4136727284411686,0.7333186331773485,0.6675243036618203,0.6915997646519287,0.7265708646695455,0.7264374770319064,0.7265708646695455,Java
0.35063678749855,0.6687787031687475,0.5992476386619308,0.6245334222954804,0.6601590210721946,0.6597672736702844,0.6601590210721946,Java
0.3215712735064181,0.6458959532907764,0.5714465092353854,0.5908232420362487,0.6331287089517377,0.6326391398889982,0.6331287089517377,Java
0.3301010614763415,0.6530744668716764,0.5749146118718763,0.5978509749431106,0.6393956893579186,0.638904656193359,0.6393956893579186,Java
0.34289252218776833,0.6694649587835212,0.5983540756294569,0.606391365257766,0.6503962963609884,0.6500474986561542,0.6503962963609884,Java
0.3876332691457167,0.7158910556170649,0.6538410608678458,0.6447399107591151,0.6930418390094086,0.6926366170085541,0.6930418390094086,Java
0.41770179581364253,0.7458620048488993,0.6943306005597906,0.6741303974567575,0.7242874790656391,0.7238840707869878,0.7242874790656391,Java
0.39874494130565963,0.7258549823285423,0.682571842619151,0.6576996408255531,0.704788537476398,0.7043917489224043,0.704788537476398,Java
0.3463130977895907,0.6749167510306202,0.6375725241865832,0.60748310684053,0.6545696347365219,0.6541992411462547,0.6545696347365219,Java
0.3362095583003527,0.6674834280586985,0.6162633824284078,0.5976592023383306,0.6441233082350942,0.6440908369295701,0.6441233082350942,Java
0.3646366611561313,0.6974006025696304,0.6255741797358577,0.6394554201898437,0.6733246223375408,0.6735404111744355,0.6733246223375408,Java
0.3862214733857923,0.713845168526835,0.63706466806211,0.6571277585323262,0.6941053166031247,0.6942495816517289,0.6941053166031247,Java
0.37946994210680707,0.7057432919206317,0.616935704209839,0.6446743409659177,0.6886898609440595,0.6889308425558192,0.6886898609440595,Java
0.41250360685022097,0.7395886386913999,0.6401777657232335,0.6783791993291457,0.7238616066908166,0.7239499740750744,0.7238616066908166,Java
0.45291928992592445,0.7774753853638628,0.6889137979415207,0.71450757730347,0.7628957624215084,0.7629411220925078,0.7628957624215084,Java
0.4869010799231786,0.8086935160949792,0.736233703101221,0.7586713508134577,0.795969037309037,0.7958189357459097,0.795969037309037,Java
0.4603585579049512,0.7809834748855442,0.7215536497014794,0.7394745772654848,0.7694789694160221,0.7692003293297807,0.7694789694160221,Java
0.3893567737899129,0.7110146821993272,0.6626616928658392,0.6653814072611018,0.6993219210773663,0.6990787397834727,0.6993219210773663,Java
0.34986942962374523,0.6761234412751512,0.6320375453506365,0.6220764598061179,0.6602037871212589,0.6602317212641534,0.6602037871212589,Java
0.323734291565181,0.654915075378853,0.6121659458164846,0.6022747340091756,0.6341890748602733,0.6345458609428503,0.6341890748602733,Java
0.3125842369695965,0.6440748934318803,0.6024640161859923,0.5927702133337229,0.6203176289547053,0.6210635368909678,0.6203176289547053,Java
0.2672311167722593,0.6008783680015415,0.5615169354808357,0.5520251123424316,0.5752295935860163,0.5760651881900463,0.5752295935860163,Java
0.2346647920409335,0.5684746607290139,0.5315198720504164,0.5226481390189782,0.5436579707490834,0.5444329157036735,0.5436579707490834,Java
0.2532059391351407,0.5855228446888153,0.5353188107293507,0.5403981789404313,0.5604400468652995,0.5611097878782949,0.5604400468652995,Java
0.299091756993755,0.6322849488399747,0.5658641834100734,0.575572576283622,0.6059124063181149,0.6068666537249381,0.6059124063181149,Java
0.339291409780401,0.6705943050320758,0.6092244788615674,0.6073484217839936,0.6463681770236179,0.6471723205532777,0.6463681770236179,Java
0.4033919309720998,0.7357330699002742,0.6644493342011413,0.671401722074172,0.7099763839201072,0.7106918140332276,0.7099763839201072,Java
0.43143634734882513,0.7621251826372898,0.677990908580457,0.691564370517605,0.7370590542477292,0.737537170969371,0.7370590542477292,Java
0.46651281205111517,0.8016535432058465,0.7223081936326009,0.727791244494674,0.7748922269059205,0.775004974505073,0.7748922269059205,Java
0.5071123790125246,0.8450009455699079,0.7747702454332323,0.7659887103656661,0.8180275499493147,0.8178645604231373,0.8180275499493147,Java
0.550345724887002,0.8881267794949531,0.8261015285437052,0.8105799502493596,0.8604576884458247,0.860116084896743,0.8604576884458247,Java
0.5732275953893253,0.9116364812644184,0.8544453665823172,0.8376186712291267,0.8831869951102064,0.8827499959384394,0.8831869951102064,Java
0.5955375122850071,0.9340173569793763,0.8811823612785806,0.8697778562906494,0.9049855650289402,0.9046225279136728,0.9049855650289402,Java
0.6335342478532914,0.9705441643155643,0.9263391765726385,0.9181095544626059,0.9433820972032125,0.9430905925790191,0.9433820972032125,Java
0.6704695974544804,0.9965309140500631,0.9617734509489673,0.9534511985122597,0.9786136624168922,0.978355461960367,0.9786136624168922,Java
0.6320692873126166,0.9520603402015477,0.91277876576233,0.9078498089666996,0.9381315120560795,0.9379301292250843,0.9381315120560795,Java
0.5661503981666882,0.88912789632126,0.8373515160359056,0.8355498663409406,0.8729242996533354,0.872627754548115,0.8729242996533354,Java
0.5519351171200092,0.8775402498428644,0.809000725024702,0.8270839002859276,0.8584374849003307,0.858288844615282,0.8584374849003307,Java
0.5287687889114079,0.8521433764928291,0.7673248152429177,0.8104474471772132,0.83556393385004,0.8354063136134294,0.83556393385004,Java
0.5048354791566473,0.8290104266493766,0.7347560477539626,0.7895378085616449,0.809930666278716,0.8095701267573535,0.809930666278716,Java
0.515255103676804,0.8372028607313341,0.7508995618649971,0.788304595213609,0.8193178393731649,0.8189819491934778,0.8193178393731649,Java
0.5158200770661524,0.8387333462561117,0.7607019497407916,0.7801722227810328,0.8191693085010314,0.8188678185027316,0.8191693085010314,Java
0.5229748392455865,0.8473198533430254,0.7835692487094885,0.7834960324359617,0.8271918795665507,0.8268154425022107,0.8271918795665507,Java
0.5251329031372052,0.8504691174717262,0.7959445884116293,0.7819566967822243,0.8285713937830527,0.828082247761514,0.8285713937830527,Java
0.5287012080567104,0.8557524598454165,0.8073881234691284,0.7848048617442202,0.8320732883515366,0.8315478515209763,0.8320732883515366,Java
0.5505133909193964,0.8791440652099365,0.8293366597120243,0.806137240010483,0.8532918892636627,0.8529577199625464,0.8532918892636627,Java
0.6064705716484132,0.9296394344645759,0.8861341331514117,0.8681000112457865,0.9090066742897375,0.9087468011241182,0.9090066742897375,Java
0.5761766706269305,0.8926904403911653,0.8596202584967424,0.83921667628752,0.8778563204224539,0.8776148156958542,0.8778563204224539,Java
0.5334455448602426,0.8513897928346746,0.8092147962565607,0.7950791078110563,0.8347009202790963,0.8344608203498944,0.8347009202790963,Java
0.5246984843188346,0.8427345344427623,0.7745673807766529,0.798874961572361,0.8253762406151268,0.8254668599644602,0.8253762406151268,Java
0.5166562948757034,0.8322428840892412,0.7439456088966502,0.7878670649025052,0.8173609288918697,0.8172221686066007,0.8173609288918697,Java
0.48325553040714453,0.7992265580348676,0.711899948476435,0.7443465639966683,0.7831665816961272,0.7828499878075982,0.7831665816961272,Java
0.4419799289680274,0.7631725266364093,0.6888244747819717,0.6992979019636308,0.7432364058867893,0.74291571879255,0.7432364058867893,Java
0.40690685270893273,0.7289473841235937,0.6643557910214769,0.666449332650108,0.7056561073982492,0.7054924623507124,0.7056561073982492,Java
0.3986643240323887,0.7220930485100818,0.6654463437317122,0.6616161994829237,0.6965920711208436,0.6967983795125298,0.6965920711208436,Java
0.40436308520878544,0.7263464914621095,0.6794320685617511,0.6703231897370929,0.7022605105363345,0.7024552599015973,0.7022605105363345,Java
0.4288092228964125,0.7497284487378804,0.7063782750736298,0.6983511503948435,0.7271204885761746,0.7274498982553084,0.7271204885761746,Java
0.41851374698251526,0.7373919219490805,0.6931646321157776,0.6866078686471881,0.7146154362667774,0.7150409772066171,0.7146154362667774,Java
0.4123642154663185,0.7378208624465414,0.6868250313930068,0.6888713613016865,0.7126249972822335,0.7131142847559435,0.7126249972822335,Java
0.4217510425662053,0.7444554194444243,0.6858996459920469,0.6997303831868354,0.719761465992043,0.7202503115807096,0.719761465992043,Java
0.43131205227579617,0.7564927124759318,0.682898942073083,0.7021795334564445,0.7310280457711076,0.7314688095610463,0.7310280457711076,Java
0.4506992596321286,0.7787109238760751,0.6855860671451035,0.718151557390683,0.7524379516577441,0.7532163815115143,0.7524379516577441,Java
0.49027651008353496,0.8194752833299633,0.7236372903634541,0.7501104709932344,0.7918651719742406,0.7924396279162007,0.7918651719742406,Java
0.5674548459352817,0.8922824202019515,0.8037223401635889,0.8232212384111106,0.868182375706371,0.8684285532597721,0.868182375706371,Java
0.5406385968492818,0.8666048807493566,0.7892453273481583,0.7968350841572369,0.8412829030949673,0.8413293935790179,0.8412829030949673,Java
0.4803194069058796,0.8044818199778295,0.7420286602960431,0.7339538554159707,0.778408302519645,0.7783020021147153,0.778408302519645,Java
0.44592518308310725,0.7705206575439683,0.7193129600550554,0.7024613489565397,0.7454125950881909,0.7453116350360677,0.7454125950881909,Java
0.44423269451178027,0.7671013738756876,0.7229478030431081,0.7062102206526238,0.7419820913976365,0.7419643004340108,0.7419820913976365,Java
0.44456219394012014,0.7645478395421437,0.7265089441230322,0.7135255299283153,0.7412053338265336,0.741344937333928,0.7412053338265336,Java
0.40987629177544127,0.7304518651580459,0.6955404326910641,0.6839458853832225,0.7063325147940877,0.7068374470950326,0.7063325147940877,Java
0.366197468763583,0.6875158269659397,0.6542254597772797,0.6436553787617242,0.6618450493192598,0.6624571181626053,0.6618450493192598,Java
0.6028095609092614,0.6028095609092614,0.6028095609092614,0.6028095609092614,0.6200444642555761,0.6028095609092614,0.6028095609092614,Japan
0.5395467069524875,0.5183381224477954,0.5286398018213438,0.6112833371176454,0.5538917601228872,0.5363050663918087,0.5388597554991039,Japan
0.6003528845500008,0.5703837336827873,0.5771905478965731,0.6683031825414032,0.6128644084763576,0.5942214572208803,0.5997537365759111,Japan
0.6263177219847892,0.5729710312716247,0.5827893401816344,0.6969569833342553,0.6349402331094458,0.6214527519013139,0.6235053166107376,Japan
0.6002783361593348,0.5401633975813868,0.5492815682239405,0.6665406666544964,0.6066538321542203,0.5940385813094144,0.5966804824795955,Japan
0.6276244734660981,0.5609782404359518,0.5672929492548671,0.6989496289760312,0.63181117530125,0.6184152607451641,0.6231125806290829,Japan
0.6365052314592894,0.5637006709549988,0.5571654843697786,0.7217553283567898,0.6399278214321805,0.6282493588117076,0.6323410475057466,Japan
0.6235940943950167,0.5591791961101003,0.5348118096111858,0.6982740950835999,0.6256632868767491,0.6173453293487315,0.6190462250661798,Japan
0.6387114756099963,0.577385538386005,0.5477081766538637,0.7092986802683666,0.6384553375472278,0.6311082545633814,0.6326840429983898,Japan
0.6504297330671172,0.5795541544853882,0.5595720158804012,0.7268173030638069,0.6483744630390489,0.6418607910970582,0.6433408330499433,Japan
0.6507086519559845,0.5669217846944941,0.5578630523074711,0.7295458976766223,0.6463972566023182,0.6402365318566613,0.6420070057404339,Japan
0.6780965041836182,0.5979743147411763,0.5778209635937728,0.7543546398635592,0.6715883689044053,0.6670118108708316,0.6677592629367457,Japan
0.70438014338663,0.6062280605111838,0.5950507140240895,0.7832414326006852,0.6957270631696478,0.6944478256811368,0.6923873787249931,Japan
0.7115266117099066,0.5998121410515584,0.5896308415074429,0.7993227643339528,0.700773761307813,0.6985824584683258,0.6978609424189992,Japan
0.7406669280979996,0.6166108569366334,0.5994790618379036,0.8183172985963465,0.7273957405656065,0.7232161542643654,0.7248552269273763,Japan
0.7636538879757966,0.6511540190628342,0.6091257012259907,0.8277155471973885,0.7484152312480163,0.7445253822758011,0.7461994362424222,Japan
0.707356067805557,0.6008754722583205,0.5628438304042842,0.7780134507241485,0.6906304000072949,0.687999585527329,0.6886978193539449,Japan
0.6639390632084058,0.5482066709788479,0.5269509730745048,0.7379620339233223,0.6447715292575323,0.6403517409691383,0.6430859635927152,Japan
0.6902278886089839,0.5799334972331674,0.5631894137322766,0.7678548314819906,0.6693885660334438,0.6628302229720398,0.6679184428561855,Japan
0.7138372998318159,0.594056682652101,0.5907122376618584,0.8017714280476164,0.6906239349199745,0.6876987999273004,0.6893417172043292,Japan
0.6629052461510793,0.5299731598694333,0.5404123977078324,0.7618164592513916,0.638308231270655,0.6393924396957396,0.6371899016668862,Japan
0.6653340131665062,0.5234780422704881,0.5398633972034065,0.7597378813500771,0.6390722334722605,0.6405588959713524,0.6380968444354336,Japan
0.6876327746731781,0.5320386044339622,0.5585760097607364,0.7787583597627424,0.6594610463327145,0.6626411327740861,0.6586103277521137,Japan
0.6836497590726207,0.5202457316136267,0.5526654712967976,0.7758866513851499,0.653125252885423,0.6554018071112672,0.6523832698652592,Japan
0.7038624742935686,0.5305609136464613,0.5725939322173732,0.8295825734557378,0.6715148970469094,0.6708051443653551,0.6708677514281753,Japan
0.6777636321047942,0.4960151059580277,0.5435532895394372,0.8457705577757926,0.6433680340586463,0.6442584087445571,0.6428036040912946,Japan
0.6440373308871581,0.4540497042116759,0.5004808325215258,0.821275751044149,0.6076264983254942,0.6094436056890495,0.6071342116147105,Japan
0.6759093647409677,0.47990639684009573,0.5344342532764388,0.8805871949653725,0.6386568124206542,0.639097713727224,0.6382274478942607,Japan
0.75775409475291,0.5680137812647428,0.6061822324467,0.9391536214769527,0.7186224889507753,0.7152141690394973,0.718248004138395,Japan
0.8376974915313096,0.6402645833073977,0.6852543525872532,0.9973228968009045,0.7966980217819417,0.7911147488634214,0.7963714021706725,Japan
0.8095255377755421,0.6093774203862964,0.6634338894299432,0.9490588952032426,0.7662099957748835,0.7619442525619962,0.7659251234197468,Japan
0.786780030965499,0.5864202876393572,0.6385310486803126,0.9224869205414632,0.7416734319335013,0.7408276993333917,0.7414249708615964,Japan
0.7798242336080802,0.5756051509274749,0.627959329968851,0.9240793307406949,0.7333844873487786,0.7339660238173927,0.7331677836106342,Japan
0.7687754116784107,0.559342385628506,0.611778571454832,0.8983246408768335,0.7202569806458112,0.7238254439432961,0.720067975141787,Japan
0.7467837416846504,0.5498751803890871,0.5789093584792468,0.8597784430147145,0.6966812991489123,0.7031804687415599,0.6965164515977933,Japan
0.7071288859549683,0.5212984020147556,0.5349687438030869,0.8032835544104484,0.6551869265076831,0.6635150705244619,0.655043149133314,Japan
0.6635957469707356,0.47097064239066755,0.5004034180626162,0.7406441320146074,0.6098204067349114,0.6178975864768133,0.6096950064287489,Japan
0.6291336473384522,0.4503377049517028,0.47408219186028144,0.6898879905603775,0.5733012943237794,0.5749473759481666,0.5731919222000035,Japan
0.7052341523167374,0.5137149860935283,0.5436449558438969,0.7536184061803375,0.6473787221272309,0.6454803326398411,0.6472833295255275,Japan
0.6921908715030258,0.5038774968959594,0.5102342561789222,0.763685504384375,0.6330289136783608,0.6288185959936133,0.6329457137902578,Japan
0.6614021473940052,0.46332277136337446,0.47342118602685884,0.7736246500324813,0.600413705792614,0.5922135886480935,0.6003411401925911,Japan
0.6699238580984982,0.4625538283015652,0.4804723021043807,0.7771598705219566,0.6066554353628881,0.5943560144959594,0.6065921448173506,Japan
0.6848832858732117,0.46837553405028215,0.5003305027993886,0.8080317938051089,0.6182523974717025,0.6062632400417245,0.6181971964790397,Japan
0.6757868791609066,0.45550617449635256,0.49327096164699646,0.8079274381323269,0.6069102539103592,0.5930660905929983,0.6068621084951938,Japan
0.6924990998706886,0.4881484527686013,0.5108251955763153,0.7986669070781869,0.6205188600850604,0.606968461045919,0.6204768684307507,Japan
0.7311680289754379,0.5215193855566427,0.5492210319186919,0.8291416028480445,0.6567098504850737,0.642020402819009,0.656673226041695,Japan
0.7717985441283886,0.5519571788868144,0.5865530024369567,0.859966363079318,0.6944921960264315,0.6828344751986919,0.6944602527778302,Japan
0.7757756432106977,0.5512171150988052,0.5801638990663431,0.8476329977449355,0.6923214264423125,0.6839645323948402,0.6922935660562677,Japan
0.7675027279161067,0.5508688359541932,0.5635794859023411,0.8126849656785807,0.6763966011111068,0.6713091947059746,0.6763723017319091,Japan
0.7496068096244308,0.5242518852628654,0.5351318634320595,0.7758396652783321,0.6536586808868508,0.6511232248742633,0.6536374873603705,Japan
0.7422367666438127,0.5056870147771866,0.5147895070727084,0.7557755059730447,0.6388597484943224,0.6372958704512273,0.6388412638424712,Japan
0.7070390484215322,0.46964615130161513,0.48063550711933267,0.6993397852452787,0.596953688969873,0.5963035973689824,0.5969375669547672,Japan
0.6623257659258521,0.4114241965051534,0.440579498014094,0.661219490215047,0.5470764508789056,0.5452432009279251,0.5470623895174493,Japan
0.6570762683510305,0.4028268022341742,0.4287959341982428,0.6486649185776541,0.5350331963732686,0.5305262189255793,0.5350209322806782,Japan
0.6502911738410131,0.38039246525895665,0.4093428194626537,0.6456503557631609,0.5207198099568431,0.518399863571561,0.5207091134131594,Japan
0.6834269155891348,0.4002683614907556,0.4369887907752275,0.6826182660616325,0.547976448422073,0.548334817839079,0.5479671190692543,Japan
0.6685121867575371,0.3728340329548255,0.41512954366986216,0.6737566591511424,0.5274760929273685,0.5313940217396316,0.5274679560163635,Japan
0.6328808422266369,0.3402031155126529,0.3822489991955055,0.6527990802268913,0.49315561802210917,0.4982916610383178,0.4931485211396148,Japan
0.6104600679942883,0.3170670721721507,0.35852478521282405,0.6451262757425308,0.4677564544068446,0.4733566496002733,0.467750264620437,Japan
0.6049698173458694,0.30754602942055775,0.3550525506134232,0.6488198467486559,0.4619583387711255,0.46472553273785283,0.46195294013928934,Japan
0.6414620001321862,0.35787386169219615,0.38930472061768057,0.6735904207080778,0.4993269257717094,0.5001134170653054,0.49932221717212555,Japan
0.6739505479002496,0.3966832894587561,0.4163992210731252,0.6923395303844527,0.5337247782441706,0.5308978481873272,0.533720671479584,Japan
0.7072654634364288,0.42896666560393754,0.45421569900996367,0.7490459120322944,0.5723686996227466,0.5667648479254639,0.5723651177689344,Japan
0.6670025356598296,0.40745353887057745,0.414422375935969,0.7049361042508203,0.5346927904014087,0.5320793652651068,0.5346896663663048,Japan
0.6594214411401138,0.3938397146040731,0.4106414216634026,0.7330488908503544,0.5298260193611816,0.5233248677342435,0.5298232946281684,Japan
0.6491634654967233,0.38080257994739175,0.3989328982943332,0.7252134460589951,0.5212484814092289,0.5151625545873795,0.5212461049410567,Japan
0.623591504385759,0.3561870836191956,0.39074440595707194,0.7327100045206015,0.5014928634779742,0.49405960409459815,0.5014907907607773,Japan
0.6103749485611325,0.35137922679911276,0.38615681269186786,0.7346372396797498,0.49426516360264455,0.48595790993563065,0.49426335581214753,Japan
0.6773617976436939,0.414614613763266,0.45084135199322767,0.7959806512427385,0.563956574221829,0.5547665254639225,0.5639549974961251,Japan
0.6887010191223903,0.4194097697636072,0.4626941833667032,0.7933453614785025,0.5728460104625976,0.5595923221983523,0.5728446352678782,Japan
0.6734443576162483,0.4155720239249528,0.44474717226619964,0.7663558489939284,0.5533918314376065,0.5387142324279329,0.5533906320149601,Japan
0.7216659750291281,0.4543013884477846,0.4810317867610958,0.8052238428345029,0.5965785388882169,0.5827603122355549,0.5965774927711367,Japan
0.7182430027667751,0.4368639465396431,0.4601859541425463,0.8118724960458967,0.5855584259429152,0.5705703632689196,0.5855575135364761,Japan
0.6769657853225468,0.3868893560672594,0.4013457682261711,0.8007843141005258,0.5351362829746067,0.5198714300678176,0.5351354871884317,Japan
0.6017018452531513,0.3050949916368041,0.30937886908444323,0.7143027434546682,0.4475455938729247,0.43509282630886736,0.4475448998010624,Japan
0.6135236450565886,0.298391487338182,0.31263904853270547,0.7425003501975944,0.44770026678395747,0.4355720602248746,0.4476996614256776,Japan
0.6031231366648715,0.28062518284892896,0.27710677465458405,0.7212679574690988,0.42414708892748115,0.41055621342664844,0.4241465609437565,Japan
0.5485041448574661,0.20895556797998419,0.21578921303280976,0.6879044278728184,0.35622468048102296,0.34239678522534733,0.35622421998213705,Japan
0.6064305957582299,0.24860413880289567,0.27160302926854085,0.7034099094428414,0.401403186942915,0.3880358345507637,0.40140278530321655,Japan
0.6550350871530289,0.28684010286694683,0.30942001366289396,0.7083812091769638,0.4361413210650658,0.41983007283125,0.436140970761401,Japan
0.6827396948812583,0.3003158042243226,0.3295887395829526,0.7343801570196224,0.4526678509766633,0.43723396035158,0.4526675454474588,Japan
0.7108516997220039,0.31687434483913485,0.35197876747625434,0.7523477529339664,0.47171746815073584,0.4596184827842832,0.4717172016730932,Japan
0.7184161429939451,0.3142424454498138,0.35309306612085006,0.7491346698818062,0.47183581075160674,0.4632514691517635,0.47183557833410633,Japan
0.6746029649019878,0.2626117632880332,0.30167869411412945,0.7065365811050375,0.4242760696062637,0.41869367055167017,0.42427586689546976,Japan
0.6357702317310359,0.21517179540268888,0.2607468206624489,0.6763348064401815,0.3814886931353226,0.37374855394547524,0.38148851633423875,Japan
0.6324055247530848,0.20551017673446068,0.2548700954464408,0.6903957779716157,0.3758197291659013,0.3664026947059923,0.37581957496284857,Japan
0.653502712289066,0.2249379308549987,0.27147218407807977,0.7333709526697076,0.3958231162029106,0.38424643815192755,0.39582298170949604,Japan
0.6924223334349432,0.2704414206534241,0.31261064433876995,0.7327910763544534,0.43424670983699126,0.4240013717288948,0.43424659253400505,Japan
0.6046751548524419,0.19279946424005429,0.2301970750596182,0.6415977215568999,0.34652487169739776,0.3377750936394057,0.3465247693876259,Japan
0.6128130907736564,0.21206043905726266,0.24385784275139855,0.6470347324993588,0.353539990055091,0.3454044811916074,0.3535399008221587,Japan
0.7189519014399397,0.32027181346726963,0.3508505895985342,0.7295045528288473,0.4628212060787634,0.45134190290734616,0.46282112825123956,Japan
0.7305842783057381,0.33080136045361713,0.3690847659839602,0.7303814447119226,0.4781102734676206,0.4708840521981266,0.47811020558771,Japan
0.7376530240231001,0.3361472868314698,0.37682076999773184,0.7274156994413945,0.488826293296266,0.48293959965684485,0.48882623409250314,Japan
0.7630020026991436,0.36304217128276317,0.4072062761149275,0.7562264230238493,0.5214780743258827,0.5153452838800245,0.5214780226893159,Japan
0.7779105025734021,0.37724619241129187,0.4284045854712028,0.765059587047914,0.539321203319655,0.5376902981128596,0.5393211582830746,Japan
0.7821151121139358,0.38359168555433903,0.44047120792072003,0.7674431108147111,0.5465433166653298,0.5461559850095334,0.5465432773851511,Japan
0.7671293888941519,0.38682830640952187,0.42678628891295367,0.7340631045733788,0.5305256704940557,0.5307146404204182,0.5305256362345174,Japan
0.7485748242453927,0.38299636570219214,0.40579286298951045,0.6966703685990927,0.5154217718345632,0.5166824111030754,0.5154217419539466,Japan
0.7225233368920125,0.3500179719907791,0.3739929234268125,0.7187446667669477,0.492150915864792,0.4954997468677758,0.4921508898034003,Japan
0.6583603322344734,0.28170549125068167,0.31319902428246693,0.7013491232123156,0.43155805212518245,0.4366018796984006,0.4315580293948571,Japan
0.6330662293636803,0.26425212979611695,0.2937237670960542,0.7168799493938816,0.4114386229210666,0.41155026477303924,0.4114386030960436,Japan
0.6608071789283965,0.2853618325691277,0.3079712539065951,0.7601893343680959,0.44025808210067163,0.4376678919737673,0.44025806480960644,Japan
0.6406213512533442,0.2616892147667027,0.28583328558450405,0.762860842995928,0.42169986456400055,0.416793686490684,0.4216998494830125,Japan
0.5991728888478489,0.22030632615889711,0.25275217590167226,0.7305940164349718,0.3818999612784784,0.3770956500664749,0.38189994812508393,Japan
0.594436194577202,0.21206401786441,0.258038491649775,0.7157428882194221,0.3799750165805222,0.37718703365453027,0.37997500510834376,Japan
0.5411669873312954,0.17613711793893563,0.2065125078349478,0.6354716986455183,0.32343357650115334,0.3217773245383607,0.3234335664953044,Japan
0.5303792405628405,0.15758910959304542,0.19748506088924825,0.6177845053194511,0.31231066304661464,0.31152599964823247,0.31231065431967464,Japan
0.5171379816151052,0.15883760194970883,0.18277318583216204,0.5821855827354119,0.29442638458489556,0.29123758578736453,0.2944263769733993,Japan
0.5839629057863063,0.2282500380194979,0.24278218310280686,0.6124532575555903,0.35422495241701835,0.34983059563492525,0.35422494577839414,Japan
0.6200913938474479,0.2640882123188999,0.2799216900672705,0.6133498926119494,0.3860570363876356,0.38640194382102205,0.3860570305975347,Japan
0.595341002452985,0.22596739306939512,0.2371888196384218,0.616555999443674,0.356185487758564,0.35815011295426985,0.3561854827085314,Japan
0.5632818909698115,0.17921250007357234,0.18299197431046943,0.6203710136564299,0.31759893120202815,0.31856109113984327,0.3175989267974712,Japan
0.5922111370131233,0.1957328733291881,0.21092570934839777,0.6440396707631582,0.3403770773331917,0.3386300842131207,0.34037707349160823,Japan
0.5627322667018819,0.1549988645651861,0.18503754263249056,0.622165858795297,0.30530433310510363,0.3039343449329972,0.30530432975453653,Japan
0.5365770512982413,0.11857452654024994,0.1493436760112375,0.5817931309329598,0.2722093767648536,0.2751805934368613,0.272209373842543,Japan
0.5382124284043924,0.1119979532278581,0.14366629005022807,0.5805595443747873,0.2682499914302586,0.27251788087874573,0.26824998888146656,Japan
0.5104248564465184,0.09059357582738664,0.1188198638275019,0.5282224030235803,0.23615521748420285,0.241284212702993,0.23615521526118752,Japan
0.49337625973777216,0.07832433547159104,0.10437533884536779,0.4978462197879766,0.21534994869549623,0.21626234587276208,0.21534994675661812,Japan
0.4987353953881176,0.09025627870776204,0.11402069596363118,0.49398557958908856,0.2198369056562031,0.21707165405394266,0.21983690396514488,Japan
0.5143776781915335,0.11997937779295409,0.13002143731113908,0.5029048754501072,0.2342605206430094,0.23173779072090117,0.2342605191680957,Japan
0.5168340388634849,0.125777319791968,0.12865154300967313,0.5007429633038032,0.2404626390814763,0.24021925593109736,0.24046263779508037,Japan
0.45548986155292676,0.06348039838660613,0.059647907779092096,0.46193034622249046,0.18467528943725367,0.18514389649453167,0.18467528831527988,Japan
0.42858936508677653,0.03815728814388081,0.03374075524810116,0.4593836386215174,0.1639952713123527,0.16537238833181567,0.16399527033378525,Japan
0.38498006165825815,0.006920092621272855,0.0001127234318810677,0.4577345856822927,0.13199393180982102,0.13462827660347254,0.13199393095633027,Japan
0.3149981909621442,-0.06212104238030733,-0.057519401182570366,0.4357907874467638,0.07259430759797629,0.07707255604906454,0.07259430685357543,Japan
0.3402039261669828,-0.03432297488568503,-0.022133998953188988,0.4988751951423723,0.10817462653713975,0.10787396822978035,0.10817462588788532,Japan
0.4008457127381442,0.04276139969380205,0.04687633423158774,0.5999991979542454,0.18450548836970782,0.18098819900115887,0.18450548780343856,Japan
0.4325771465163692,0.0847372172797154,0.10388115683847737,0.6535356730432056,0.23060763191045572,0.2246509142787029,0.23060763141656482,Japan
0.4587134155089141,0.13192857263160768,0.1465642569502228,0.6748274166004085,0.27156764027299857,0.268568699070122,0.27156763984223486,Japan
0.4457900316803521,0.14448926210469676,0.14216580702713835,0.6513952998862552,0.2690544607550275,0.2685558096715824,0.26905446037932235,Japan
0.4348192839545864,0.14866440661290145,0.13792348148253317,0.6320161722743437,0.26785027671991307,0.2684808162305322,0.26785027639222914,Japan
0.43771001647537533,0.16123566461357572,0.14729007929041138,0.6179033491082884,0.27696941033607025,0.2777590983237205,0.2769694100502696,Japan
0.468576949464568,0.18317544240930378,0.18213295370142432,0.6401133100868585,0.30891796173101516,0.3095097489482614,0.30891796148174444,Japan
0.462343666768438,0.18275615497158634,0.18041971388474431,0.6077843177553639,0.30202516243255395,0.3052014329351317,0.3020251622151441,Japan
0.48164737524256196,0.1987801301302071,0.20082728984284326,0.5928679689362439,0.31915076444246937,0.31761897794203614,0.319150764252848,Japan
0.5122081961157902,0.21725131093550232,0.22049456194861136,0.6353717465415326,0.3464379730932947,0.34275931014628314,0.34643797292791,Japan
0.5385588216407883,0.23267544913339408,0.24296576070921427,0.6727414392005768,0.3692464554023077,0.36033682643698345,0.3692464552580619,Japan
0.5914864965506026,0.2702987689630374,0.2829617040242195,0.749036356034571,0.41496302142920366,0.4041725968055276,0.4149630213033948,Japan
0.6695943121857024,0.33384837107350107,0.35252674052354427,0.8359861970990268,0.4838046346122287,0.46978703472765737,0.4838046345025003,Japan
0.7497285515929172,0.39890153749575535,0.42944159138876126,0.9172357052926714,0.5553990741097974,0.539451790789244,0.555399074014094,Japan
0.726387708242229,0.3672833706963668,0.3866381666931055,0.8872284503550365,0.5202592625243911,0.5039240580276072,0.5202592624409201,Japan
0.7563238274053108,0.3868090043124956,0.4049538557215965,0.8890624837854006,0.5419653663226089,0.5239532537151144,0.5419653662498068,Japan
0.7668877853776734,0.3909622598098004,0.4141209651858723,0.8819472648531193,0.5483280273114488,0.5307434415280861,0.5483280272479519,Japan
0.8201826179106662,0.4460183766329112,0.46544825281017904,0.9007557222025571,0.596813637311858,0.5805265617500275,0.596813637256477,Japan
0.8255700686563956,0.448762840455156,0.47397087178145886,0.8990603539698896,0.6014413190255193,0.584856392060382,0.6014413189772169,Japan
0.8196060195770348,0.4423145617182215,0.47229129876535103,0.869080459548058,0.5932117249302467,0.5776587529485194,0.593211724888118,Japan
0.8372696142478793,0.4531923293055999,0.48674020081559755,0.878472295153794,0.609586299244812,0.59423526207639,0.6095862992080683,Japan
0.777684521209633,0.39202095400413156,0.4240108744093609,0.8513984428538911,0.553456619805283,0.5375964417720811,0.5534566197732358,Japan
0.7757947293588976,0.3868934548005652,0.4311037701996661,0.8778345600756878,0.5525197295841637,0.5338565820820379,0.5525197295562126,Japan
0.7248951789143594,0.3444607262651457,0.39680421954268696,0.8100065354947728,0.5047411227444232,0.49016637945939956,0.5047411227200447,Japan
0.6667486374246459,0.3069829112197711,0.3480954438931641,0.7801777502403499,0.45046153700122565,0.4338979139571643,0.4504615369799631,Japan
0.6431784315029633,0.28439452926971764,0.31875386185576554,0.7590950479973027,0.42934809221945464,0.41647506419087443,0.4293480922009098,Japan
0.6739608525368421,0.31540927645062067,0.3499394274076222,0.7929624113429875,0.4654790341303137,0.45273796143461575,0.4654790341141392,Japan
0.6805470649318961,0.3467235326542065,0.364378364403174,0.773369112005134,0.4785620106814358,0.47019432659810934,0.4785620106673286,Japan
0.6905053111613771,0.3548787604344091,0.38369827244430993,0.7773131245868327,0.49556053269319716,0.49022956024543596,0.4955605326808931,Japan
0.6786551880346721,0.3432263947706228,0.3820227161008098,0.7702492274017182,0.4905377759665354,0.48519181883835305,0.49053777595580406,Japan
0.69145304503802,0.35522410388325576,0.40196746762618735,0.7779699422131114,0.509633827515213,0.50683734264893,0.5096338275058534,Japan
0.6739461549564358,0.3364522175643104,0.38849717465742806,0.7785819108856779,0.49762012109845805,0.4986389870894676,0.49762012109029474,Japan
0.6277754983747511,0.2897507112188441,0.3487573579052583,0.7487866901168841,0.45681299022448574,0.4611595436748183,0.4568129902173659,Japan
0.6170921986261416,0.2849028238202842,0.3444228221311616,0.7759556379804916,0.452181573967626,0.4524369704075358,0.45218157396141617,Japan
0.6177263064030131,0.2958381956418339,0.33646222388741237,0.7880450356680305,0.45832302070027003,0.45872595877820116,0.458323020694854,Japan
0.5963238850482044,0.27940983583212825,0.2997717272732608,0.8043466015534768,0.44424283352080135,0.44532129348244065,0.4442428335160776,Japan
0.6493127764556292,0.3413249471765419,0.34593435660684535,0.8382659782727138,0.5022441565293151,0.5006072219257727,0.502244156525195,Japan
0.5561042373814281,0.27163460272777884,0.2674052976220606,0.7633398193259999,0.41752908814529466,0.4172911359680152,0.4175290881417012,Japan
0.5654720088345755,0.2974772430062641,0.29598217693956386,0.7719853312247683,0.4308699704304226,0.42891754904518054,0.4308699704272884,Japan
0.6330919389101077,0.3667661752789884,0.3753980825443817,0.8436128056440735,0.5058479085723449,0.5043183612636051,0.5058479085696113,Japan
0.6160024341609457,0.35455013076219855,0.36377677504162287,0.8221053564543441,0.49380203683485535,0.49675689199766265,0.49380203683247115,Japan
0.6187105141715217,0.3502233253137212,0.3698694291668908,0.8170904804294779,0.4967873834619041,0.5004748398384193,0.49678738345982465,Japan
0.5555468653610592,0.2744756985183464,0.3035731829636562,0.7464152526409632,0.4279119828581399,0.4324661951030303,0.42791198285632626,Japan
0.531886584997387,0.2377951525346002,0.27610448327140796,0.7137864425996596,0.39720915037590354,0.4021045070278772,0.3972091503743217,Japan
0.5602034630209569,0.24747854086684365,0.28594331194018074,0.7025968471879156,0.41320106498858217,0.41563895909083426,0.4132010649872025,Japan
0.5854551276344886,0.25720186070915363,0.28862215242576167,0.7108821602980637,0.4240393542863464,0.4255362171682215,0.4240393542851431,Japan
0.5488727187565161,0.20544064585847402,0.23649377447281028,0.6805414660730545,0.3723670100134244,0.374125073044502,0.3723670100123749,Japan
0.5380472705214573,0.1779472693260894,0.20653186216025857,0.6911202880692768,0.3458615415982464,0.3456415867166671,0.34586154159733096,Japan
0.5527328233774857,0.17486447411873868,0.2072326736370539,0.7110542426060427,0.3454973309341691,0.3459890709659998,0.3454973309333707,Japan
0.5794239729684281,0.18458289934064762,0.22935684311287147,0.687145623707492,0.3583753681484381,0.3597808195357507,0.3583753681477418,Japan
0.5533719452798704,0.14487079418092227,0.1920725743310428,0.6434965298919009,0.32004678289347066,0.3238399456534564,0.32004678289286337,Japan
0.5624988385243868,0.15719210237360254,0.18799667364311928,0.6287578993314638,0.31800829306789963,0.32206105721672706,0.31800829306736994,Japan
0.548620576229551,0.12827932837257605,0.1675904742689765,0.6057007480792886,0.29462074762391577,0.2998331072891609,0.29462074762345375,Japan
0.507853955718387,0.07497324437655162,0.11520308898923634,0.5551882837445448,0.24510231614108025,0.25122364397807967,0.2451023161406773,Japan
0.4737499713427751,0.03202926250934743,0.0721484361116961,0.5112754510884441,0.20290717580563103,0.20907694562093057,0.2029071758052796,Japan
0.47849199871358133,0.03765300778151259,0.0712451092943015,0.5098166224597427,0.2008212113120309,0.20199481457636034,0.20082121131172437,Japan
0.4948184350209536,0.04386572163944444,0.0803228640841733,0.5167022573649083,0.21073441564524978,0.21063154888827476,0.21073441564498244,Japan
0.5156664617259961,0.05278888932501791,0.09872316758259629,0.5474621520839713,0.22507298962492547,0.2190180248538953,0.2250729896246923,Japan
0.47939539189689384,0.02498028833708371,0.05267321869249525,0.5414386325542682,0.18358244779047952,0.17277807067695733,0.18358244779027613,Japan
0.5090267387928682,0.047300378295263956,0.07049489793123018,0.5945053993620926,0.20751653632748424,0.1922961575860423,0.20751653632730682,Japan
0.5373085477024908,0.07239055064665639,0.08188724751069154,0.6002945091068634,0.230142336964891,0.21048202504897084,0.23014233696473627,Japan
0.5491908195390331,0.08961808236176028,0.08396509440339794,0.6322954672443232,0.236175594371544,0.21493027671465859,0.23617559437140906,Japan
0.5180594560109173,0.05466294164391711,0.058314367116274746,0.5941968627132086,0.1994848471924448,0.18122456962242378,0.1994848471923271,Japan
0.45414805486407517,-0.003324275654527753,-0.006418421083604409,0.5041346133760156,0.13164057659372805,0.11662682523416476,0.13164057659362538,Japan
0.44357276366945364,-0.004922487589910485,-0.012389954643398315,0.46270937476685886,0.11740611629988673,0.10643112532682047,0.11740611629979719,Japan
0.4480200129313288,-0.011480139822505342,-0.005439041028034497,0.4479543761764197,0.11728799440516346,0.10901940612910149,0.11728799440508536,Japan
0.45200525423011206,0.0013712558497631644,-0.0037715313473601353,0.43573498901876917,0.11706240882290403,0.10734284124704913,0.11706240882283592,Japan
0.4483695672196801,-0.008757740480118015,-0.016554935363445378,0.42774289062755816,0.10952512272820925,0.10258417976197526,0.10952512272814985,Japan
0.4479707765859429,-0.018767681922461144,-0.02691387722280536,0.427560962594399,0.10343358214520382,0.09957925248855615,0.10343358214515203,Japan
0.42659922025495217,-0.05168979465409329,-0.055734112897491916,0.42256507101138235,0.07847080406434914,0.07563968496517465,0.07847080406430396,Japan
0.41799654219977794,-0.06965106168478619,-0.08124330535958418,0.4395924464754686,0.06604896888777823,0.06335042743003994,0.06604896888773881,Japan
0.41697445263708877,-0.07547436614424508,-0.09699711101683689,0.4659402993724122,0.061466888285831245,0.06069986384191611,0.06146688828579688,Japan
0.43959898435051126,-0.06283566087854142,-0.07795029920361718,0.5048009471503456,0.08167340470652651,0.08175199273869083,0.08167340470649653,Japan
0.43478948468286244,-0.07168162876856474,-0.06583456532566623,0.46855771592307105,0.07521291874938243,0.07620771836700851,0.07521291874935629,Japan
0.3712575941735026,-0.14439639659630255,-0.11655298168651522,0.4081815867788762,0.008867161729235545,0.011915266247109715,0.008867161729212744,Japan
0.38119375248022935,-0.14261291739165688,-0.10249531918110966,0.418759700079082,0.017951997789871332,0.020164706204096827,0.01795199778985146,Japan
0.41270591608338364,-0.11612345377026578,-0.07378468649047049,0.43951926067759095,0.048950635683355614,0.0476414351908378,0.048950635683338295,Japan
0.4208654665219884,-0.11104343240698433,-0.05909651064079438,0.4352352147927796,0.057807216372389,0.05334439147957004,0.057807216372373904,Japan
0.42838900795341345,-0.10755222758409189,-0.05164736662458308,0.4280527888646491,0.06570971252427699,0.05958770484761855,0.06570971252426383,Japan
0.4496200277539965,-0.09206534731574495,-0.03691281634910393,0.4454921595133782,0.08521039615768916,0.07819208625761587,0.08521039615767767,Japan
0.47195784578744615,-0.06331531280626052,-0.009373597407052098,0.4627935204030573,0.11016075162437416,0.10144861544741451,0.11016075162436414,Japan
0.526655926085487,-0.011645916593011507,0.044757461342844085,0.5291208599742624,0.16576354201318416,0.1517875718545223,0.16576354201317545,Japan
0.5834147243614547,0.050206362394392245,0.09256356286984213,0.5697793536362319,0.22560125201130915,0.2117257841521783,0.22560125201130155,Japan
0.626756560467453,0.10053057446985136,0.13063364052400744,0.5835498699723484,0.27094151379158765,0.26150488796227533,0.27094151379158105,Japan
0.5952309156915109,0.06684490830292711,0.1087065131794401,0.5694935861430321,0.24047191219196445,0.2355224663772849,0.2404719121919587,Japan
0.6180771254228146,0.08854132651282465,0.148330612407367,0.6206200901052573,0.26538410483200026,0.2555350748742825,0.26538410483199526,Japan
0.5693052954177272,0.04242307190574779,0.11264411536511892,0.5912406896234002,0.2191011432398921,0.21208975957770426,0.21910114323988775,Japan
0.32483470882438503,0.32483470882438503,0.32483470882438503,0.32483470882438503,0.3003697285766648,0.32483470882438503,0.32483470882438503,Spain
0.4081247035675848,0.4075522138309059,0.38554712114264666,0.40772845129131347,0.39130343932602785,0.41514856597329675,0.4073729825078985,Spain
0.45314511252674916,0.4529592572071151,0.4185082098490502,0.4525674398563345,0.4417203964749996,0.45994284807349606,0.45227549259440347,Spain
0.49952841323460107,0.4959343704491088,0.46148694224661047,0.4955291954614235,0.488265613529501,0.5051853983567902,0.4951986080041383,Spain
0.5936792198468895,0.5895071054272902,0.5542195595607271,0.589333691705263,0.5844020756961776,0.6000579044776229,0.5889559340259933,Spain
0.6544968589718477,0.6489193943956932,0.6079853457158526,0.6489720747620352,0.6453963884303628,0.6556592180253566,0.6483875383243798,Spain
0.6940930982580245,0.6897289127778801,0.6404297514551411,0.689952379782058,0.6869879764105029,0.6923581989051255,0.6889526790956739,Spain
0.8034021456315432,0.7983723697908582,0.7490466341670425,0.7985682124542648,0.796104203691557,0.7963443420706979,0.7973946962371962,Spain
0.9158212286611157,0.9096120981130502,0.8620128871423406,0.9097530659373079,0.9076449139833784,0.905582612196083,0.9084925592901822,Spain
0.9901914472867381,0.9842216946551566,0.9373767962506998,0.9844528942076809,0.9825657650861196,0.9792908192806673,0.9831225312360479,Spain
0.9920948804461275,0.9833421014509295,0.9311019048704294,0.9833855127439083,0.9818239906678036,0.9785600649135477,0.982189696161856,Spain
0.92826116279975,0.918857683005355,0.8548781831728405,0.9188712754842094,0.9173803801897811,0.9131023859608324,0.9176205896716207,Spain
0.8736030411592628,0.8630779763185477,0.7924505605449031,0.8631876102673772,0.861569936340733,0.8540938105233777,0.8617277151985956,Spain
0.8081042795539424,0.7971427259216031,0.73656495901894,0.7974243869862632,0.7956901455681296,0.7856733038141519,0.7957937808109925,Spain
0.7557200559681416,0.7406524103573688,0.690932774148404,0.7408031493394489,0.7392970420221069,0.7322663884116797,0.7393651136491218,Spain
0.7420125683866647,0.7258938537234934,0.6790732057276782,0.7258130861239678,0.7244598094909989,0.7196783611345678,0.72450452156265,Spain
0.7363653264233105,0.7205729314710293,0.6704043834735907,0.7204177400711336,0.7191980890350171,0.7164111475039115,0.7192274576492107,Spain
0.7945441808675665,0.7768400139761,0.7266966595265134,0.776502035342088,0.7753750057043443,0.7724441552329547,0.7753942961435434,Spain
0.8919843399499539,0.8739998780035868,0.825154223233711,0.8741796463742995,0.8730036569165314,0.8686460562394511,0.8730163276214562,Spain
0.9343771076601745,0.9155512049425298,0.8481896136147871,0.9157042806970964,0.9143926519423838,0.9088715994365916,0.9144009745503676,Spain
0.9050137682772179,0.8871558155093981,0.8155696270783949,0.8873043355440047,0.8858734380420027,0.8800039304493239,0.8858789046521134,Spain
0.8376064700884998,0.8192191981709676,0.7540410343814623,0.8194618832349685,0.8178930124572925,0.8116497462560192,0.8178966031377812,Spain
0.7922759364484614,0.7716432416765777,0.6998322334085838,0.772010301483794,0.7703067239761565,0.7675631347319313,0.7703090824736734,Spain
0.7386917907797612,0.7141966945827559,0.638215878622598,0.7147519589355527,0.7129857482944291,0.7131825712351835,0.7129872974466175,Spain
0.7299204139000153,0.7041673680129366,0.6317051063277344,0.7050420895442938,0.7032633193693507,0.7019026528449712,0.7032643369122931,Spain
0.7712167105357988,0.7449300632240561,0.6885257428012663,0.7462066046554188,0.7443107888484997,0.7419457375574299,0.7443114572099734,Spain
0.6817464529851742,0.6548340588301684,0.6117451283578259,0.6558248833964258,0.6539253709589465,0.657143197578175,0.653925809964556,Spain
0.6923001046348284,0.6664826931099165,0.6270024525417888,0.6671236786810446,0.6653813520993983,0.6704689386039502,0.6653816404552246,Spain
0.696649302438761,0.6695214090442565,0.631323571657108,0.6700945022911444,0.6684439320864684,0.6719817131885384,0.6684441214897032,Spain
0.6580941101352904,0.6290808232282543,0.5761557357938945,0.6294492772589131,0.6279160579580589,0.6326307482557427,0.627916182365413,Spain
0.6318016150254362,0.6001037619521274,0.5374847105313784,0.6000809785859259,0.5988243871762615,0.6042835668148583,0.5988244688918127,Spain
0.4947164363230546,0.4621687073439288,0.41433051687242994,0.4619621718981105,0.46102818345598623,0.47160678704135506,0.46102823712991386,Spain
0.39542941791243813,0.3635968908866688,0.3223902294306527,0.3631026848730604,0.3624017179631922,0.3791124582730734,0.36240175321829926,Spain
0.2857337117991401,0.2514813908995289,0.2202151332133114,0.2510608124591912,0.25050886478954754,0.2636189931873828,0.2505088879464624,Spain
0.21412104224167694,0.1788520247699685,0.15086031178068532,0.17858190125191753,0.17820474530999772,0.18833047540045922,0.17820476052035308,Spain
0.1597225822976143,0.12469058534380761,0.10063172745499403,0.1239757054803373,0.1237279749024414,0.13266342292650316,0.12372798489318981,Spain
0.14015231765281252,0.1033842153753034,0.07821345532644905,0.10241404829729861,0.10222697027383532,0.1095596701662449,0.10222697683614446,Spain
0.15441934249701167,0.11569200737748608,0.08757873428437218,0.11461645680676971,0.1144740895256589,0.12438642941300998,0.1144740938360368,Spain
0.1908676469604912,0.14963720475219083,0.12369020541168949,0.1486005472097379,0.14846806045412125,0.16581307046644544,0.1484680632853438,Spain
0.2659606562147421,0.2254852653739159,0.19942324682982523,0.22439346219947337,0.22420413190372607,0.23779737425476793,0.2242041337633823,Spain
0.32965598401800794,0.2889411879993838,0.258530156003928,0.28779192223706596,0.28757012671433996,0.3001980502434012,0.2875701279358339,Spain
0.40738194097025954,0.3641814162762102,0.3259113983083286,0.3630921993290149,0.36282460186830434,0.37825450142396894,0.36282460267062877,Spain
0.47463847777788704,0.42910852597570837,0.38570078587277534,0.42795489838915,0.42770605299143727,0.4401533407112674,0.4277060535184349,Spain
0.4313825272563685,0.3859092200968621,0.34531633713818594,0.3851301364498777,0.38476935718199434,0.4006877273490389,0.3847693575281468,Spain
0.41162487251210467,0.3647090312781022,0.3138737358923727,0.36415702523089566,0.3637179591339616,0.379121780559185,0.3637179593613279,Spain
0.4172103846427286,0.3711791288965115,0.3053820733859274,0.37082842943078825,0.37033299338360415,0.39228265990250444,0.3703329935329471,Spain
0.40054827840892915,0.35409290051555964,0.2751615038224342,0.3536521366207942,0.3532195354194758,0.37377416184799733,0.35321953551757,Spain
0.3914369111884457,0.3422348684975669,0.26073504311943585,0.34206634186995444,0.3411806792549954,0.3580049105533395,0.3411806793194274,Spain
0.3241744220389352,0.2724214115804072,0.20708925162019898,0.27258416591132617,0.271243581329411,0.28748035965305796,0.27124358137173243,Spain
0.31980587323566567,0.2677619255569247,0.20737253089641053,0.26809183253550606,0.26662168838259714,0.28046780803229676,0.26662168841039546,Spain
0.3837325499515071,0.3297632797806931,0.2715781400677918,0.3296242013787693,0.32850265623865815,0.3428892596208111,0.3285026562569171,Spain
0.447278108597031,0.3927578190949421,0.33948985723184794,0.39238751054608734,0.3914562354165467,0.4062284853345412,0.3914562354285399,Spain
0.5230821988318008,0.46883927331257774,0.4177821970448883,0.46842372916237,0.46762321175092425,0.48208761713915416,0.4676232117588018,Spain
0.6297630168544629,0.5739193289656934,0.5265489075515599,0.5734766817506671,0.5726630847191324,0.5839122956098436,0.5726630847243067,Spain
0.7821587254632295,0.7233959101690062,0.6786016437237437,0.7230700741424663,0.7221016546393888,0.7290738163254316,0.7221016546427875,Spain
0.824934086200809,0.7656631837500084,0.7258652372426853,0.7655941503976675,0.7644380946835106,0.764758208671598,0.764438094685743,Spain
0.7422176852839915,0.6800276021236187,0.6463752205963498,0.680090432815286,0.678802370007453,0.6748663737075147,0.6788023700089194,Spain
0.6643305690830887,0.6059780895440388,0.5670064765867724,0.6061126815227208,0.6046356372462701,0.6075871732382767,0.6046356372472332,Spain
0.6147010744353292,0.5538152638277349,0.5122843625876705,0.5539491908172856,0.5525636471311983,0.5592841636810735,0.5525636471318309,Spain
0.544973098593037,0.48334996382282897,0.44616293472555296,0.4836059135656741,0.4819830670646122,0.4929749047669607,0.4819830670650277,Spain
0.6776757691182228,0.6158824732949962,0.5743942240975985,0.6163429922370713,0.6145015747613303,0.6185868292244476,0.6145015747616032,Spain
0.7720983272185518,0.7087507513249411,0.66509498838689,0.7092338330363792,0.7072997254893172,0.706573638828413,0.7072997254894964,Spain
0.7766456617846882,0.7136888600321122,0.6721308762821229,0.7145582601184144,0.7126593892532097,0.7095978616749234,0.7126593892533274,Spain
0.7462316823094486,0.6811638408590814,0.6462712232547478,0.6817796591159582,0.6801479552356506,0.6789012931133058,0.680147955235728,Spain
0.7493354798545591,0.6815366556483897,0.6427982637236024,0.6822732805551058,0.6807464821026433,0.6833705484677189,0.6807464821026942,Spain
0.6702470811659749,0.5998884772521879,0.5545621988151699,0.6002324569400734,0.5988849433594645,0.6050983349301573,0.5988849433594979,Spain
0.5426709453575249,0.4719538124930843,0.43610726764678753,0.4722590237354304,0.4709907442612081,0.47590967090797864,0.47099074426123,Spain
0.3894060102251983,0.31889966428384964,0.291465773345412,0.3188615183058747,0.3178927534152468,0.32783815480489165,0.31789275341526124,Spain
0.298626910968647,0.22719597670690264,0.19665065707910567,0.22676615281326515,0.22609572801918276,0.23618741193388046,0.22609572801919225,Spain
0.2616510885673926,0.18813877824165925,0.15386405475985357,0.18752465886172118,0.18694785032620784,0.1983922847990248,0.18694785032621408,Spain
0.19510071218975483,0.12052794709736221,0.09438446362693911,0.12025868049512158,0.11934664473861811,0.12937266919951218,0.1193466447386222,Spain
0.22342407819395854,0.1490602298169995,0.12506441069734892,0.14899122346972554,0.14773150662369688,0.15539958720193559,0.1477315066236996,Spain
0.3875259020060279,0.3106761381993535,0.2871498560009982,0.31035124186754487,0.30924269959467876,0.321746718513787,0.30924269959468054,Spain
0.5684344390785878,0.4898603632478402,0.464924419123147,0.490009301256085,0.4888254708827494,0.49678306689566115,0.4888254708827506,Spain
0.6867867004474416,0.6056368561750197,0.5735887650745143,0.6062748108095777,0.6048034760008814,0.6041435125348616,0.604803476000882,Spain
0.6827606356418399,0.602300845221649,0.5700381056146306,0.6029251466112198,0.6014730712413099,0.6008666137699037,0.6014730712413103,Spain
0.6593750813992085,0.5781289767723434,0.5456223266154263,0.5784727909995153,0.5770410112445266,0.5805437954417237,0.5770410112445268,Spain
0.6968133593509862,0.6142759231461575,0.5719738824163354,0.6147872085548514,0.6134160433002707,0.6185665832550367,0.6134160433002709,Spain
0.6599339861934097,0.5780234996292326,0.5280787823056923,0.5785204398982922,0.5773417313246509,0.5822654276312231,0.5773417313246512,Spain
0.6009757069181016,0.516746008885288,0.46166709834651765,0.5172061952004576,0.5162812235937584,0.5231902006895237,0.5162812235937586,Spain
0.6566066243653987,0.5706222021025472,0.5051578735787567,0.5708166026228441,0.5701554557321564,0.5764685973845269,0.5701554557321565,Spain
0.6559253744103679,0.5685770491665784,0.5108372663847005,0.5684225995700845,0.5679444865422076,0.5820775620032578,0.5679444865422077,Spain
0.6048732998178142,0.5164913956293586,0.4630344301378918,0.5159786688707351,0.5155117727912263,0.5250451647795147,0.5155117727912264,Spain
0.4963742304773839,0.40873635155899696,0.3581032291928097,0.4080475025577249,0.40760928848913724,0.4145552559561069,0.4076092884891373,Spain
0.40453711343258025,0.3152022412427914,0.26749976282712695,0.31462128282254,0.3142847288717749,0.3205102666650277,0.3142847288717749,Spain
0.36172961565464595,0.2708216233646358,0.22566782672735183,0.27009135706942167,0.2697485003489528,0.2761112389048246,0.2697485003489528,Spain
0.39990681527777616,0.30837230995741616,0.26146927943656084,0.3076921093303235,0.30716606343331965,0.3131790944865732,0.30716606343331965,Spain
0.418507249765117,0.32585273669294296,0.28535584608582193,0.32521655232270774,0.32451581826633885,0.3347690653658366,0.32451581826633885,Spain
0.4539951897721586,0.3597952199438286,0.3158800729085566,0.3592972882528114,0.358430542550371,0.36749845939023734,0.358430542550371,Spain
0.4624124335928481,0.3649911638440965,0.3155153503355469,0.36448580186144597,0.36355927439141733,0.3706313887568653,0.36355927439141733,Spain
0.39229283883701116,0.2945737515367645,0.2545391020407398,0.2939837822014262,0.2931589607059559,0.3030304495443906,0.2931589607059559,Spain
0.4219259731536503,0.3232158198629088,0.2909121923103021,0.3227151016762595,0.32185598693639617,0.33232140088455936,0.32185598693639617,Spain
0.6674551475039128,0.5685532920916733,0.5438202831367551,0.5679363619979858,0.5671461498991017,0.5713042715236837,0.5671461498991017,Spain
0.8584191990747857,0.7605406469491233,0.7394306557795927,0.7597735808193986,0.7590807911562034,0.7609507808041306,0.7590807911562034,Spain
0.973953821883788,0.8748801637393677,0.8499866563801038,0.8742157572941124,0.8733736320790073,0.872635935638047,0.8733736320790073,Spain
0.9794195020185794,0.8788640697765502,0.8415584171921932,0.8783817948299035,0.8776478014181192,0.8767497841717584,0.8776478014181192,Spain
0.9325525840401067,0.8291393414859753,0.7779066663609289,0.8286993380172883,0.8278288728077356,0.8264557537149977,0.8278288728077356,Spain
0.965907509276712,0.8612771424247518,0.8026072343601027,0.8615712713343677,0.8602866023058531,0.8574771474421343,0.8602866023058531,Spain
0.9886340497413526,0.8824076016932385,0.8358015862705737,0.8832361486226118,0.8816721089250936,0.8765058302794113,0.8816721089250936,Spain
0.9280234210719527,0.8215334866848814,0.7809526348649318,0.8222387371069877,0.8205564980025541,0.8117550352162346,0.8205564980025541,Spain
0.8884291198948642,0.7825142610622942,0.7357001346304349,0.7830810802293139,0.7813822260529606,0.7714602976358849,0.7813822260529606,Spain
0.8741002150162283,0.7665116577447821,0.7029049453455145,0.7669195778289228,0.7652349777633184,0.7575353823057155,0.7652349777633184,Spain
0.8718057770240144,0.7630263845308801,0.6820310881677679,0.763664047762134,0.762085970500058,0.7550188537722071,0.762085970500058,Spain
0.8671043714634723,0.7570307111927035,0.6788312796167453,0.7576853721526328,0.7562101907774785,0.7507267842486015,0.7562101907774785,Spain
0.9440451304373381,0.8343106837022304,0.7631399476910505,0.8346011386115606,0.8332436394083849,0.8276345396135156,0.8332436394083849,Spain
0.9142683992562526,0.8030573576976126,0.7258579624006846,0.8031686989793445,0.8018270046864098,0.79564211199502,0.8018270046864098,Spain
0.8791671905331189,0.7682816086325757,0.6959435521792563,0.7681998998118984,0.7670157330419982,0.7616266351591517,0.7670157330419982,Spain
0.8803485033065082,0.76850936101862,0.6916262276856895,0.768426291639301,0.7672150940118125,0.7605330900873484,0.7672150940118125,Spain
0.8458791319857325,0.7329374082028312,0.6491055854370869,0.7333496944991598,0.731878607432435,0.7251877556466055,0.731878607432435,Spain
0.8300507458114859,0.7171801839999667,0.640169119176081,0.7177542855665153,0.7159868957265803,0.7092518639545764,0.7159868957265803,Spain
0.7916071034782362,0.6787133068341802,0.6175330059995937,0.6792597217556384,0.6774395281108561,0.6711692934428672,0.6774395281108561,Spain
0.7744444992241303,0.661056672614414,0.6091410554446905,0.6618435925086856,0.6600357089235614,0.6534605005028452,0.6600357089235614,Spain
0.7058217159333067,0.592013563621904,0.5477842940032119,0.5925811314814855,0.5908126880622571,0.5852955352937854,0.5908126880622571,Spain
0.5864090082523885,0.47322468441759546,0.43778822143083607,0.4735213401709637,0.4719568450750846,0.46889236393842937,0.4719568450750846,Spain
0.5354879263907839,0.42197211637735954,0.3864533724031163,0.42197296625569747,0.42067688615566756,0.4229587542926208,0.42067688615566756,Spain
0.5660224872252967,0.45218618346249684,0.41633046555790443,0.4519121063825744,0.45083955038639745,0.45461215944648403,0.45083955038639745,Spain
0.4016786860843435,0.28811170788533613,0.26139726697690957,0.28776103521029783,0.28670382542804407,0.29448443539921887,0.28670382542804407,Spain
0.2806360567940598,0.16727914057633908,0.1451954550648419,0.16686374201949924,0.1657978686045905,0.1750516993301808,0.1657978686045905,Spain
0.1974330449814824,0.08368905741414003,0.06616256967287022,0.0832311444002247,0.08215958037704031,0.09238107934882563,0.08215958037704031,Spain
0.12310345592891025,0.009126273024306825,-0.003499823877513991,0.008842782664802984,0.008070732805983916,0.01648327472089378,0.008070732805983916,Spain
0.15501562746971614,0.041078074092073036,0.024542548170540746,0.04041809344742919,0.03990123769734266,0.04719660767929795,0.03990123769734266,Spain
0.2450172852570563,0.13071134238599932,0.10273398418011781,0.13022330597872958,0.12987894337162845,0.13836832105723196,0.12987894337162845,Spain
0.2413175745190643,0.12708872307944863,0.09461281627265805,0.1264766566727044,0.12606046567092483,0.14202077484883846,0.12606046567092483,Spain
0.2663623106925138,0.1521433321537427,0.1229550693779339,0.15150290439447484,0.150971754183723,0.16392145624822851,0.150971754183723,Spain
0.31143156554794726,0.19695759390020573,0.16904534842832297,0.19626489310609838,0.19564067766523385,0.20826442989912725,0.19564067766523385,Spain
0.380877763415403,0.2659912858770298,0.23917585575293115,0.265251352274422,0.26462879024839864,0.27737763364950074,0.26462879024839864,Spain
0.5032864720294301,0.38873051816893495,0.3518346664063762,0.3879115764069423,0.3872673679770776,0.40066464250716016,0.3872673679770776,Spain
0.6205904290727815,0.5056916722067997,0.4563143317884391,0.5053152223365214,0.5043248319110472,0.514510068879146,0.5043248319110472,Spain
0.7119836557662481,0.5970765121672648,0.5463189587720603,0.5969230921562232,0.595656565869661,0.5988386427343322,0.595656565869661,Spain
0.6828838750479462,0.568625747276309,0.5167536121766125,0.5686462072472679,0.5671844111618353,0.5758372487496478,0.5671844111618353,Spain
0.7871149966416906,0.6722934984749891,0.6141414770456596,0.6724765246214225,0.6708836777377251,0.6757324716252769,0.6708836777377251,Spain
0.8704870525635818,0.7554439751418479,0.6934166522699865,0.755724507055792,0.7540474957216392,0.7564352706506443,0.7540474957216392,Spain
0.9462159144117724,0.832676431421189,0.7720654323246343,0.833214968797434,0.8313978176846851,0.8318306376781341,0.8313978176846851,Spain
0.9315953145167091,0.8183428659669938,0.7415268995637988,0.819035351529833,0.8171125606393923,0.8160324774048744,0.8171125606393923,Spain
0.8984518572766331,0.7846908118695457,0.7146242219803477,0.785939053735572,0.7838826998503006,0.7825567402842939,0.7838826998503006,Spain
0.8644720300008257,0.7501456417434432,0.6916452423526744,0.7516712060033561,0.7495724086869462,0.7470448338425215,0.7495724086869462,Spain
0.8464896006403657,0.7331658275543635,0.6823175728598482,0.7344066018544615,0.7323250143753772,0.7267095709851881,0.7323250143753772,Spain
0.8170812092798112,0.7029154405698321,0.6531068309239652,0.70382895771857,0.7018286907639669,0.6928322979966153,0.7018286907639669,Spain
0.7677593753174232,0.6530845923228382,0.5947984506111799,0.6538408503468032,0.6519127789524464,0.6426720632728071,0.6519127789524464,Spain
0.7191254810701975,0.6043293640705985,0.5410325221735508,0.6049263137658307,0.6030666620161179,0.5928951750668926,0.6030666620161179,Spain
0.6381419042574774,0.523124744192413,0.46285209204317523,0.5236830829047777,0.5219128625276169,0.517251132536348,0.5219128625276169,Spain
0.6503620030511352,0.535480573822074,0.4681222261488389,0.5357378982189138,0.5342704684529481,0.5411118008522853,0.5342704684529481,Spain
0.7942055814815541,0.6786395983672768,0.6221870135335408,0.6785061619629755,0.6773590447190319,0.6815050632700506,0.6773590447190319,Spain
0.8497050481625098,0.7345236311940023,0.6821236974545934,0.7342799322361931,0.7331669206374638,0.733399555287005,0.7331669206374638,Spain
0.7874070735871808,0.672576494324391,0.6192379011124325,0.6724937819041112,0.6711797449285106,0.668742337984366,0.6711797449285106,Spain
0.7175676081594009,0.6037558042180041,0.5572069095573928,0.6037831613941631,0.6024549119745881,0.5999134646460585,0.6024549119745881,Spain
0.657022662060788,0.5445466334390048,0.5034736008857238,0.5442974050408347,0.5431740684363905,0.5378280263484626,0.5431740684363905,Spain
0.6940590980621978,0.580932099250068,0.5371849651373201,0.5807330960989568,0.5796612084277174,0.5748228321629714,0.5796612084277174,Spain
0.7216584150790591,0.6084582414416269,0.5707160284740865,0.6085487427529139,0.6074121817470185,0.601690493618753,0.6074121817470185,Spain
0.7261177374645417,0.6137604810328255,0.5752866554314933,0.613774439696089,0.6125985487146526,0.6068899805611773,0.6125985487146526,Spain
0.7242191688990787,0.6105746498647391,0.5669353481737182,0.6105638133687805,0.6093038133572785,0.603704791812423,0.6093038133572785,Spain
0.7174817085388652,0.6032499872104213,0.5599960083219943,0.6034693532942419,0.6020301226789383,0.5953651545783312,0.6020301226789383,Spain
0.7482734570107075,0.6342800082308908,0.6004036697510903,0.6345791744515756,0.6330099421106911,0.6244318751336794,0.6330099421106911,Spain
0.6882624822860847,0.5751116447309221,0.5376147152639921,0.5754192387730315,0.5737793594617933,0.5656692303834114,0.5737793594617933,Spain
0.6452537280824477,0.531617497916105,0.4804013568423811,0.5319516964134557,0.5302612579700126,0.5310733175584796,0.5302612579700126,Spain
0.6270437448344643,0.5126906623430931,0.45729570388044416,0.5130889608281611,0.5115274775686162,0.5098388589894277,0.5115274775686162,Spain
0.5719377600733955,0.45773803562812754,0.40748051715750927,0.4580822105859552,0.4564828979442623,0.4509734957876859,0.4564828979442623,Spain
0.44497483809896143,0.33088050551653525,0.29113285883402673,0.3313506401101428,0.32956030923337626,0.3277537315867093,0.32956030923337626,Spain
0.35198608923947816,0.2376354716657896,0.2064638687624958,0.23818834140922532,0.23627254238386594,0.23689812277511207,0.23627254238386594,Spain
0.3171728121023032,0.20244453396332068,0.17403268609978206,0.20289249137691556,0.20132620595473064,0.20864785488889795,0.20132620595473064,Spain
0.40127836332815436,0.286694025980772,0.2524614707447804,0.2867431623863058,0.28547030936239637,0.29745250240884913,0.28547030936239637,Spain
0.45141741962701637,0.3368181121851072,0.30183784940942726,0.33694523908906737,0.3357910467575962,0.3480435532312364,0.3357910467575962,Spain
0.5204762181083779,0.4061579246991847,0.3709397657842869,0.4060783621032268,0.40493152032314517,0.4169422769635256,0.40493152032314517,Spain
0.594903425433869,0.480678438962284,0.4340649900626767,0.48091388297489013,0.47963822416626906,0.4883213810159253,0.47963822416626906,Spain
0.5659422944689303,0.451279651688097,0.39746399512671415,0.4513299743694433,0.4500406534616913,0.45794389629022514,0.4500406534616913,Spain
0.41701274910947983,0.30230486645722443,0.2632194241061365,0.30249280074470475,0.30103770840621913,0.3126790037603826,0.30103770840621913,Spain
0.3516044161801662,0.2364673193899108,0.20516411946654542,0.2369824870574098,0.23542137429146465,0.24481779170973972,0.23542137429146465,Spain
0.5189678001295459,0.4032741532679817,0.3692951975597911,0.40355591007781466,0.40230560344605537,0.4164945722226412,0.40230560344605537,Spain
0.5909317215334333,0.4757989360558975,0.43259623821215243,0.47595330370825517,0.4747016931261788,0.4840295360205527,0.4747016931261788,Spain
0.639461863142378,0.5250148233439205,0.47416560707219285,0.5255522682042377,0.5240294613623799,0.527217210438155,0.5240294613623799,Spain
0.7747945888403369,0.6604340550554838,0.6111596882516936,0.6611569574065072,0.6594770641222719,0.6591355523661121,0.6594770641222719,Spain
0.8097409826020798,0.6950618417229859,0.6509277231964942,0.6960723392688768,0.6941769392259245,0.6885743845668211,0.6941769392259245,Spain
0.7255950039272565,0.6115104688106747,0.5756291331740887,0.61237980975326,0.6103926727566333,0.6023450739787555,0.6103926727566333,Spain
0.6687429706355893,0.5548635112942182,0.5277039224510008,0.5555757643634586,0.5536514264084473,0.5478412180432322,0.5536514264084473,Spain
0.5928602122243289,0.47927048420634366,0.45497721918997824,0.4798255749364422,0.4779928068604101,0.4737048984983616,0.4779928068604101,Spain
0.515720503869594,0.40114841945336205,0.37092509108042904,0.40159736938228385,0.39984025634158527,0.39879200123026326,0.39984025634158527,Spain
0.49527383350102777,0.38016754504376626,0.3410340572943146,0.3804631163563451,0.378830993402127,0.3863868260539472,0.378830993402127,Spain
0.5204038086016346,0.4052397569535245,0.3599314039497791,0.40542850658832835,0.40385538340707633,0.41485473360589975,0.40385538340707633,Spain
0.42167738734653604,0.30579480271533194,0.2571465900624651,0.30595534522366347,0.3043962682695929,0.3148894617692395,0.3043962682695929,Spain
0.3627631769449305,0.24748910877085742,0.1947202512003767,0.24766209313296478,0.24612158713279514,0.2626416047282223,0.24612158713279514,Spain
0.3779869141945321,0.26293452026396175,0.20293883916943084,0.26332975633271793,0.26166226259844994,0.27917797763349245,0.26166226259844994,Spain
0.2845189875397994,0.16945091179777713,0.11511694575202314,0.16989208136157033,0.1681395299421332,0.18206428316018364,0.1681395299421332,Spain
0.2037068228504163,0.08890706066471105,0.041485182102935114,0.08935785803083798,0.08765595879249638,0.09854448744936092,0.08765595879249638,Spain
0.21482822047008604,0.10006713562756281,0.053235194973971306,0.10005149326837642,0.09885079950260361,0.1146485191727857,0.09885079950260361,Spain
0.2566123195476735,0.14194194070708255,0.10141205652446594,0.14188309725701315,0.1409580247453963,0.157623930579657,0.1409580247453963,Spain
0.3364074936001439,0.22193883250469515,0.18626388735494515,0.2216872306293215,0.2208187755453003,0.2378580965195301,0.2208187755453003,Spain
0.36160967568264624,0.2477735113323317,0.21944452782291124,0.24734948879584798,0.24653333002655176,0.261609376298439,0.24653333002655176,Spain
0.2879292283460946,0.17514900806043077,0.15455062591180044,0.17461694683789175,0.17379783818871264,0.19112967378762807,0.17379783818871264,Spain
0.20279979452506672,0.09014917209895511,0.07401720429354389,0.08974532637040039,0.08906065001273272,0.1041412185515373,0.08906065001273272,Spain
0.16780075970312944,0.05472463801997268,0.028898386021886824,0.05405565913016963,0.05354260382476389,0.07439869615115874,0.05354260382476389,Spain
0.22038387855812547,0.10779692318726225,0.058890842003999966,0.10684572561923478,0.10647950027141123,0.13321879696484423,0.10647950027141123,Spain
0.3073668385530575,0.1953499385032102,0.12646257529142943,0.19429134473176762,0.19397284492764974,0.21926034446631548,0.19397284492764974,Spain
0.37677912941982195,0.26466436538758426,0.19448613760061112,0.2637925967698425,0.2634678764801349,0.2875813268652279,0.2634678764801349,Spain
0.5963692950538124,0.48382722816271384,0.42732850236877457,0.483289364627122,0.4829038914642645,0.49352312840740337,0.4829038914642645,Spain
0.7213209154150608,0.6080102668613816,0.54864895765136,0.6074573995967134,0.6068888503562913,0.6119711619235946,0.6068888503562913,Spain
0.8002780252944115,0.6875788281024623,0.6321744770629409,0.6876053593347218,0.6864959480227406,0.6863508807815077,0.6864959480227406,Spain
0.8468143056646852,0.7341271481863922,0.6874684223831913,0.7346037147768337,0.7331673570344746,0.7299140917417928,0.7331673570344746,Spain
0.8224350772245479,0.7097822913528739,0.6688706412907197,0.7102407805322154,0.7086397134834628,0.7029462523990241,0.7086397134834628,Spain
0.7502993242440854,0.6372908286849068,0.5962837364686595,0.6377395905744092,0.636064550428499,0.6317102881652885,0.636064550428499,Spain
0.7134370560944339,0.6011228805597089,0.5543639197803193,0.60166978722922,0.5999358351337929,0.5956375329867217,0.5999358351337929,Spain
0.7256434971888815,0.6127150581425667,0.55987792368198,0.6131614515948023,0.6114148745929848,0.6104203939805786,0.6114148745929848,Spain
0.7083246819341111,0.5959988888085701,0.5497068171429955,0.5962873845794296,0.5945731060610107,0.5920570906509559,0.5945731060610107,Spain
0.5216692762035557,0.40930170993131604,0.37032524611454787,0.40963250298441206,0.4078937941429052,0.4143223674501086,0.4078937941429052,Spain
0.37757808668662995,0.26492798189620403,0.22863929433595237,0.26523495829985955,0.2634632101277221,0.27458627724303675,0.2634632101277221,Spain
0.2524292240700432,0.1390803637022029,0.11201064039904449,0.13949263654565927,0.1377488334314542,0.15126861676214143,0.1377488334314542,Spain
0.21781389039834292,0.10425238284785526,0.076175540892359,0.10468985234598444,0.1029237808132869,0.11413766015010829,0.1029237808132869,Spain
0.252978755853969,0.1395911258400457,0.10933993798396152,0.13989778233480307,0.138320742824928,0.1533641433231689,0.138320742824928,Spain
0.18837567817123535,0.07511380205735493,0.049169783970295894,0.07503944602379697,0.07380384165289255,0.09321806452857745,0.07380384165289255,Spain
0.22649710652786406,0.11279208560361897,0.08517547033193051,0.11255357552347844,0.11139354122282963,0.1332536762336226,0.11139354122282963,Spain
0.3130283606755826,0.19927597988347268,0.16803543555842862,0.19909990338826503,0.19784778715587722,0.21572803963109538,0.19784778715587722,Spain
0.3872241100339797,0.273939790848982,0.2381577548340731,0.2738879557074567,0.27255116342858715,0.28576315083577886,0.27255116342858715,Spain
0.42730321673326604,0.3142177289424217,0.2729825009142821,0.31417124980701827,0.31274549916425015,0.3263270494306929,0.31274549916425015,Spain
0.440066209251166,0.3267876560638468,0.27991357914465637,0.3268055974974147,0.3253334236893447,0.3376378805677277,0.3253334236893447,Spain
