,-5% population,-0.5K temperature,-5% precipitation,-5% EVI,-5% LWE thickness,-5% discharge,Model,Hotspot
0,0.7940762588026111,0.7940762588026111,0.7940762588026111,0.7940762588026111,0.7612571230341364,0.7940762588026111,0.7940762588026111,USHighPlain
1,0.6826167069102427,0.6820535903514819,0.6751506022130509,0.684767210386696,0.6531014102691707,0.682717229660792,0.6824073968413611,USHighPlain
2,0.5912114158131104,0.5902067444870353,0.5775418063079515,0.5937577766374386,0.5647509513771205,0.5912339439808479,0.5909198564643283,USHighPlain
3,0.5376587929549429,0.5351082683281422,0.5109774333003532,0.5391799759220157,0.5129842585915304,0.5368467938888193,0.536351893452632,USHighPlain
4,0.49336597317418485,0.4899547090152061,0.46010682576778894,0.494716957456403,0.470809467820952,0.4924152775214087,0.49167569654477805,USHighPlain
5,0.5272158788370755,0.5227589026342025,0.4925876397471094,0.5296506800589222,0.5062367113742905,0.5257335042737123,0.5248692988716155,USHighPlain
6,0.5302941393211189,0.5259820334310997,0.494891420925885,0.538174743361872,0.5112467375941945,0.5289563504782184,0.5278847856785163,USHighPlain
7,0.4808842907604589,0.4760831033626831,0.4437526271557166,0.49154486028223165,0.46314324730821654,0.4789680316842212,0.47800026295867015,USHighPlain
8,0.4345922189437047,0.42866277318531987,0.3952963809561446,0.4465603707526252,0.4178083835882753,0.43226380584701607,0.4310750187680247,USHighPlain
9,0.42486738082232844,0.4184389292520143,0.3823740895266383,0.43846438994155523,0.40925225360275874,0.4223769171754006,0.4210987517914573,USHighPlain
10,0.43648569885837474,0.42902335150904825,0.3876310812693573,0.4527272342503712,0.42107693425330894,0.43322616675884373,0.4316553150886435,USHighPlain
11,0.45173058701102575,0.44367844187105243,0.3914508626041502,0.4700201173993048,0.43682005988172734,0.44852693761258355,0.44626606994435747,USHighPlain
12,0.44143156994157395,0.43229476833688274,0.3623704983914081,0.4622995652026034,0.42675663601195046,0.43770972775740136,0.4351914907871979,USHighPlain
13,0.4773482515566101,0.4673898776784404,0.3897408812713268,0.5010121307733064,0.4629883466089597,0.4730457003646751,0.4705202859788935,USHighPlain
14,0.45754103640491917,0.44624162560940106,0.3735367712950348,0.48654372820398917,0.4424158875793273,0.45218189463204067,0.449141564806022,USHighPlain
15,0.3878752687480673,0.3754900901767202,0.3072294158687354,0.41401044295648926,0.3724854122916583,0.3813352280120694,0.3784911343156897,USHighPlain
16,0.4017870321308534,0.388831176192207,0.31283845405497246,0.4242333309367463,0.38647476897538313,0.3945159634211164,0.3918376039456335,USHighPlain
17,0.38258020224847583,0.36861920933444037,0.29051842929131355,0.4028539911352645,0.3667092961537476,0.3739683346579064,0.37149806240084654,USHighPlain
18,0.34628961517330437,0.3316463143539641,0.259251090513412,0.36854813012157295,0.33033848663279164,0.33699120325946796,0.3346146357771469,USHighPlain
19,0.3350730259067849,0.31956359239355836,0.2501690954035032,0.35774155253595163,0.31873629728951514,0.32478335042520423,0.32255470281637666,USHighPlain
20,0.3500749638304608,0.33432506266596884,0.26844263289469694,0.3728841875110418,0.333812532125888,0.33939761636915944,0.33722219354679805,USHighPlain
21,0.41153311397051073,0.3949798462510712,0.3326505928028485,0.4338885105256609,0.3950230609061314,0.40070622708943615,0.39806773254288097,USHighPlain
22,0.4892557749927162,0.471685772975321,0.41026862434028444,0.5075369395905307,0.47200133221196316,0.47747322077683707,0.4747200846718931,USHighPlain
23,0.5172055251351184,0.4980819131482519,0.42816101293872244,0.5341920414864272,0.4986584461912189,0.5035352640763389,0.5010861677389737,USHighPlain
24,0.43901684474514796,0.418589883467458,0.3451693576720557,0.45875792209875543,0.4197341209910521,0.4250168514381051,0.4219019652506156,USHighPlain
25,0.449758692363303,0.42850230236110365,0.35483946896585694,0.47180778652900734,0.4299237264882325,0.43474507536886353,0.4318595122203599,USHighPlain
26,0.5567819701797669,0.5347725088446149,0.46058867643907186,0.5754588985612457,0.5362445672901193,0.5408772636631696,0.5379731353752928,USHighPlain
27,0.5516374642624335,0.5293875022576064,0.4595366005697546,0.5761626086075746,0.5308914373971683,0.5351151187165935,0.5324349696050417,USHighPlain
28,0.5292908561735723,0.5063079794554546,0.4380032049187599,0.5590080689845123,0.5078352624716538,0.5123273678873237,0.509213566107581,USHighPlain
29,0.546514024895935,0.5221524043893684,0.4498689773503669,0.5750289819831031,0.5241108553724306,0.528407735353766,0.5253416174537918,USHighPlain
30,0.5897298501849231,0.5637002338360206,0.49260793407019143,0.6179322848655602,0.5660619186721634,0.5701488216692674,0.5671609328961935,USHighPlain
31,0.5875858882680081,0.5604326031228172,0.4961630890025326,0.6148467059667398,0.5631025472724874,0.5670415343518417,0.5640839166881626,USHighPlain
32,0.5818805968618275,0.5542846523168428,0.49492731456722217,0.6065593696004021,0.5569830976113166,0.560520337562278,0.557859415596075,USHighPlain
33,0.6452426501295936,0.6165029172849867,0.5580544521591155,0.6671402734181722,0.6192427412664747,0.6223260290699404,0.6200252531301469,USHighPlain
34,0.6492723824296869,0.6199628500829134,0.5593315892163793,0.6689591675021509,0.6224973822931338,0.6251096296438832,0.6231961295828594,USHighPlain
35,0.5962908765139625,0.5662994095105345,0.4997848967223507,0.6143050076497046,0.5689284103696713,0.5716459785485114,0.569552359727586,USHighPlain
36,0.5090902789378505,0.4777583959263543,0.4081995590089921,0.525114179336111,0.48067995735647995,0.48418148970441166,0.48123711558373405,USHighPlain
37,0.5063423036292192,0.4735947297708154,0.40318188561348656,0.524652214294784,0.4767869850192228,0.480317476749607,0.47728450182288507,USHighPlain
38,0.5358025195969299,0.5015319986072958,0.42768542081341143,0.5577141893293237,0.5049108059274163,0.5078251760795149,0.5053550656687582,USHighPlain
39,0.5667436936829195,0.5316679893798937,0.45663893678703427,0.5877357141685229,0.5352865705798586,0.5382743995871482,0.5356832742013733,USHighPlain
40,0.5552715448610547,0.5193946725375107,0.4482933512521614,0.5737623859474368,0.5231002269357716,0.5258418740354853,0.5234544651182534,USHighPlain
41,0.49121850332876915,0.4540641737989819,0.3856638623551354,0.5067462708466294,0.45778151189922245,0.46039683211941396,0.45809783038769225,USHighPlain
42,0.4767229677238074,0.43795589479592745,0.3724006580338963,0.4889643117132354,0.44194647769810147,0.44472790855399613,0.4422289356348681,USHighPlain
43,0.4372568192958588,0.3979359717515114,0.33735847027133725,0.4493267561496508,0.40180749348594924,0.4043836605593685,0.40205971549936503,USHighPlain
44,0.400791960835015,0.36053498998310096,0.30374181183385773,0.4106469319479489,0.3643232033182542,0.3670112051092538,0.36454842603558957,USHighPlain
45,0.3472396637341686,0.3069789616339288,0.2541392615012492,0.35438512191452765,0.31038387552040736,0.31322540218094785,0.31058498910171994,USHighPlain
46,0.35666497826093946,0.3155192048714235,0.26574382443331857,0.36148745526444537,0.31914962424037085,0.3225070177996676,0.31932920946635046,USHighPlain
47,0.37795791609977614,0.3354427026121194,0.28297928839223074,0.3804281074992335,0.3391210147516701,0.34261476474272523,0.3392813761413864,USHighPlain
48,0.31252440807128357,0.2687977013665038,0.21704608640747824,0.3151190187302407,0.27229811535939047,0.2759726348730166,0.2724413107429276,USHighPlain
49,0.2368122447158315,0.19230589140316257,0.1451737273760405,0.2363976802964236,0.19576390922669074,0.1991251746029783,0.19589177615215592,USHighPlain
50,0.21519970728371018,0.16942295344041303,0.1178674674949951,0.20938701938055515,0.1728940500355889,0.1759904049601222,0.17300822934936333,USHighPlain
51,0.28317740635678,0.23648086719619488,0.17968783140171185,0.27346808468504125,0.23995832837665887,0.24291042349476122,0.24006028527948242,USHighPlain
52,0.3824404565934829,0.33493403465539284,0.2778360690696553,0.3712468787657639,0.3386150457629533,0.3416059908945259,0.338706088612045,USHighPlain
53,0.39368945950628653,0.34542789306889,0.2875137395182398,0.3858355522606507,0.3487993460114427,0.35154389486800053,0.3488806431099343,USHighPlain
54,0.3435611271018053,0.29377971427317284,0.23618577291306275,0.3367953395487038,0.29719700767195245,0.30008477675881884,0.2972696022610837,USHighPlain
55,0.388989683737365,0.33803227822615645,0.28301995853437045,0.38286254709759415,0.3417279645897797,0.34511905218251293,0.34179278823624326,USHighPlain
56,0.4824252823357795,0.42998488715939587,0.37609577886101997,0.4730243175958977,0.43362946246965417,0.4371560392408842,0.4336873470198819,USHighPlain
57,0.5292225598355103,0.47720898719686766,0.4220301197261538,0.5158837055369028,0.4806266837384987,0.4835894507803469,0.48067837199329233,USHighPlain
58,0.6044228490056169,0.5512891073526824,0.49830199328301483,0.5868544868169643,0.5546449980980868,0.5571894652507154,0.5546911533445749,USHighPlain
59,0.6683691892843222,0.6145873251549112,0.5548350289594928,0.6503233514436235,0.6177451990222,0.6197330639282757,0.6177864135454392,USHighPlain
60,0.7222158797053946,0.6679000639022501,0.5969336486499599,0.7050652541075846,0.6709409807499291,0.6726160173529361,0.6709777834333743,USHighPlain
61,0.774798275320193,0.719175863121333,0.6427087463415941,0.7542870603491347,0.7225235245467214,0.7238892250889339,0.7225563876590981,USHighPlain
62,0.7679622376600813,0.7120933703540278,0.6322536537081287,0.7503691700843867,0.7153179401344529,0.7164259640440849,0.715347285390124,USHighPlain
63,0.7221263357185825,0.6650853137330555,0.5792290248426682,0.7111131199671161,0.6684194646111357,0.6693449636098457,0.6684456685817314,USHighPlain
64,0.6718537027651914,0.6134567890040439,0.5238561361944707,0.6637270494184994,0.6168840369648678,0.6174493960592121,0.6169074359116236,USHighPlain
65,0.6512965535012374,0.5912022380979176,0.4991837138251425,0.6420148058181787,0.5948853047171587,0.5953648357245807,0.5949061989059719,USHighPlain
66,0.6081006908993337,0.5471843044680029,0.4585152617405742,0.5988588977946094,0.5508207946094501,0.5512199214940025,0.5508394521640279,USHighPlain
67,0.6053420480915164,0.5434939065750362,0.4628148814117534,0.5955335784328062,0.5473911443591377,0.5481766959200234,0.5474078047016824,USHighPlain
68,0.6327024813832319,0.5701494223770369,0.4944941874804323,0.6168705633871397,0.5738384336039316,0.5748634762631253,0.573853310527515,USHighPlain
69,0.6310099177899158,0.5672898296896307,0.4935951715925291,0.6098494797980585,0.5709118540206772,0.5718482716326068,0.5709251384327303,USHighPlain
70,0.6295374834539917,0.5646929829981708,0.4891633945445688,0.6073751133422318,0.5684421549036902,0.5693777833243787,0.5684540172758132,USHighPlain
71,0.6493687674929025,0.5839992266670753,0.49514928817515513,0.6252105767748675,0.5875922371927396,0.5886256284126334,0.5876028297482718,USHighPlain
72,0.7122560753770757,0.6457422342825376,0.5479855515399892,0.6847131408590772,0.6491386778421988,0.6502353641885685,0.6491481365096172,USHighPlain
73,0.7561970749998634,0.6884442673675166,0.5808322017155323,0.7303540622606772,0.6919869994114134,0.6936690693334986,0.6919954455686284,USHighPlain
74,0.7637242565068589,0.6944539470630178,0.5803949888558617,0.7362426265299192,0.698119849275271,0.699552472375092,0.6981273913072025,USHighPlain
75,0.7438462529362119,0.6738188838962615,0.5597783645577334,0.7157526555191446,0.6776247015528452,0.6789801255823459,0.6776314362422675,USHighPlain
76,0.7711958444859719,0.7002647366518664,0.5872342196723028,0.7471303002933571,0.704004591475289,0.7050920293626302,0.7040106052447914,USHighPlain
77,0.8373284466781716,0.765621497764458,0.6600304399809942,0.8163409322071471,0.7691666394494245,0.7697498307146555,0.7691720094704246,USHighPlain
78,0.853032163669983,0.780712240115153,0.682467067740772,0.8326396034195656,0.7844223160708476,0.7848141067045852,0.7844271112538905,USHighPlain
79,0.7900943331829439,0.7164565902992649,0.624232896691316,0.7684339686188937,0.7203518207924557,0.7204482158080773,0.7203561026715053,USHighPlain
80,0.7170682539167912,0.6424408724735575,0.556770259595754,0.6939872659734697,0.6462096686592798,0.6462635610422924,0.6462134921813498,USHighPlain
81,0.6573991478861082,0.5815291002708775,0.4995132506458052,0.6312460190125555,0.5854393055908217,0.5856113462299509,0.5854427198210815,USHighPlain
82,0.6216069409508925,0.5448749430724631,0.4639165242126613,0.5931139514731593,0.5485590714754377,0.5487361302591369,0.5485621202268386,USHighPlain
83,0.653112445696215,0.5757244361283516,0.4951937764651695,0.6236902220525331,0.5795116378702942,0.5805997155777864,0.5795143602657968,USHighPlain
84,0.6402674968427897,0.562052938642041,0.48421271910365543,0.6065467742533105,0.5656496651978903,0.5665419847328003,0.5656520961725084,USHighPlain
85,0.6425855028807024,0.5630739521312016,0.48826814912915895,0.611177216196348,0.566850205431412,0.5677991218364191,0.5668523761805144,USHighPlain
86,0.7043811294362019,0.6239158728909309,0.5493169271552389,0.6747836239931952,0.6277526411886831,0.6283664668744477,0.627754579568307,USHighPlain
87,0.716479358604261,0.6351811416369513,0.5551265841358202,0.6897207464075086,0.6388439817737914,0.6393476146986188,0.6388457126581033,USHighPlain
88,0.7212792639891745,0.6389542723273709,0.5458212843934422,0.6967655690149206,0.6425354716563398,0.6429056539417424,0.6425370172568319,USHighPlain
89,0.7809844872367522,0.6972228791797725,0.6014391143724198,0.7569941420852393,0.7006230003702085,0.7008070772484247,0.7006243805207273,USHighPlain
90,0.8074972581955887,0.723136997957308,0.633856957424644,0.7782419247262493,0.726214519301715,0.7261380277374277,0.7262157517129781,USHighPlain
91,0.8159123802798278,0.7304846000339742,0.6463540823211968,0.7818908390150554,0.7335976954093812,0.7334692831528753,0.7335987958962491,USHighPlain
92,0.845698925081765,0.7597875629785342,0.6746362337108507,0.8058839801149402,0.7625674147062955,0.762148746427143,0.7625683973907147,USHighPlain
93,0.8678323261777534,0.7816431013879552,0.6886931867872073,0.8240727948569255,0.7842853931042053,0.7835984326602754,0.7842862705964282,USHighPlain
94,0.9005039648369131,0.8135955325561666,0.7185699287131484,0.8521926335062038,0.8160628031298156,0.8151976039839783,0.8160635866902202,USHighPlain
95,0.8982213868986023,0.8104031047626911,0.7136648148426443,0.8476722131819036,0.8128770649035393,0.8118798215595575,0.8128777645871281,USHighPlain
96,0.859113976386219,0.7701465090923676,0.6641858476973397,0.8100600714256099,0.7725993069073892,0.7715366027678153,0.7725999316928194,USHighPlain
97,0.8689657777094657,0.7789353373064793,0.668963586659086,0.8224810299247207,0.7814559430461352,0.7802629839665087,0.7814565009509367,USHighPlain
98,0.9213001393842628,0.8301526265101473,0.7241800352857628,0.8773355949387547,0.8327948596394128,0.8315691983621925,0.8327953578228731,USHighPlain
99,0.8738660338749233,0.7817059057151533,0.6820339887197724,0.8313162484992059,0.7845686848027531,0.783043269044545,0.7845691296577882,USHighPlain
100,0.8259191676520412,0.7330496158581079,0.6316719307276064,0.7889652050525571,0.7360291824703047,0.7342735750692875,0.7360295797054963,USHighPlain
101,0.7655960816600421,0.6715818431837657,0.5726251424333602,0.7252319678125563,0.6748510020479296,0.6729367215043134,0.6748513567607799,USHighPlain
102,0.711377871244137,0.6166821016161961,0.5230391633354641,0.6699556012735788,0.6199573615012504,0.6187532041966792,0.6199576782435956,USHighPlain
103,0.6630270984830376,0.5673930223546562,0.4796545252820179,0.6209135386837498,0.5708717201959289,0.5699485763886225,0.5708720030323503,USHighPlain
104,0.6118988095302418,0.5155582449307283,0.4335677905574309,0.5686279327017916,0.5192911491721832,0.5190946426403704,0.5192914017321659,USHighPlain
105,0.6297689625015004,0.5328493012662237,0.45141427505127973,0.5813802703425341,0.536396828004944,0.5367942478134471,0.5363970535294527,USHighPlain
106,0.5960650399803709,0.49881311778692194,0.4210887977526606,0.547252028879803,0.5022791970413978,0.502531842780271,0.5022793984244649,USHighPlain
107,0.5478657655262219,0.44994324307364053,0.3697382828603908,0.49670494186595116,0.45351978807491355,0.45387705951594237,0.453519967900778,USHighPlain
108,0.5696941291222299,0.47121932629063856,0.3745321316334358,0.5152216295579906,0.47505181164167265,0.47554156422569904,0.4750519722179416,USHighPlain
109,0.5539351392201921,0.4548815951847197,0.3535212296467456,0.4956506143218239,0.45881198102652604,0.45910869927348436,0.4588121244137869,USHighPlain
110,0.49664975460194305,0.39741796469694013,0.30095375243622113,0.43638293784759197,0.4011860969892539,0.40137339352000545,0.401186225027517,USHighPlain
111,0.45064795230781707,0.3513444291678459,0.2578635415527901,0.39249589420386055,0.3548085217792871,0.3548936879397018,0.35480863611159763,USHighPlain
112,0.39479108347595615,0.2953495887596381,0.20805966645947693,0.3378826284074261,0.298666043175574,0.29850262832654384,0.29866614526909585,USHighPlain
113,0.353942515175103,0.2544695377565259,0.17010461238385366,0.2950218628958594,0.2576820999574143,0.2577253040935432,0.257682191122258,USHighPlain
114,0.39848211023785596,0.298931003657136,0.21791080693334597,0.3377055618919542,0.30217025036288314,0.3023783025869924,0.3021703317689173,USHighPlain
115,0.4880886613384534,0.38799250478094427,0.31334359560566094,0.42768204233775053,0.391400025608712,0.3915821802181587,0.39140009830057565,USHighPlain
116,0.5013607197430099,0.4008834775793759,0.33126906002210355,0.4424201007283233,0.4045353926711738,0.4046725921890775,0.40453545758168197,USHighPlain
117,0.462052845963308,0.3617200876189557,0.29558991944861246,0.40189911491237207,0.36510545977741593,0.3653748306986748,0.3651055177395297,USHighPlain
118,0.48590058794038615,0.38591267984602506,0.3228583959398761,0.4248794361584698,0.38906004136092576,0.3894474352977597,0.38906009311844114,USHighPlain
119,0.5401425298498479,0.4401773993668876,0.372591850201901,0.47885568228682307,0.44322758223745873,0.4435748830349109,0.443227628454552,USHighPlain
120,0.5568769755239877,0.45720416753189386,0.3736673321641273,0.49599614012909354,0.45996951330449476,0.46087673830201736,0.45996955457424415,USHighPlain
121,0.4836588185054557,0.38380701364959474,0.2970789796425157,0.4201945289007938,0.3864207691879762,0.3879543695059307,0.38642080603997403,USHighPlain
122,0.3726540717879934,0.2728614067589886,0.19527370506856845,0.31198189700664825,0.2753201778381771,0.27680991028437985,0.27532021074532487,USHighPlain
123,0.2849901424087168,0.1850745911784074,0.1149888531709079,0.22213349753803824,0.18744732618711812,0.1888811946424892,0.18744735557169534,USHighPlain
124,0.21913401083503625,0.11910193257150592,0.053477037337456124,0.1530372495627742,0.12143079959160274,0.12289905030855719,0.12143082583068576,USHighPlain
125,0.1745464498340905,0.07417102212988569,0.011883856946537041,0.10509417542386856,0.07687106178114123,0.07846904812718569,0.07687108521144181,USHighPlain
126,0.13034194202731542,0.02928601479060755,-0.029277781947716908,0.058082835787052756,0.03234150197261054,0.03401261180234483,0.03234152289479686,USHighPlain
127,0.08952474860928583,-0.011460956961706348,-0.06588699509933615,0.016240352573882122,-0.008248912366125793,-0.006473619655265939,-0.008248893683570513,USHighPlain
128,0.09322189353506194,-0.007587834617608591,-0.06049429567097664,0.01909376211459679,-0.004420410341980263,-0.0026212746943889975,-0.0044203936593130155,USHighPlain
129,0.12945975087346606,0.028607584665516717,-0.023589090859907236,0.057107707219467674,0.03178814419837783,0.03367918033797035,0.03178815909523647,USHighPlain
130,0.20624801895660982,0.10543854075320658,0.054978076709575774,0.13520681032796,0.10879518768544338,0.11075932392399546,0.10879520098765649,USHighPlain
131,0.2308195029478166,0.1300564103812536,0.07935462369357049,0.16089483123253645,0.13357831192064995,0.13554498118038327,0.13357832379891765,USHighPlain
132,0.23807736336079155,0.13766937181102445,0.07928859068891625,0.16707549694895918,0.14098777155041242,0.1428828744867341,0.1409877821571619,USHighPlain
133,0.2549123870549508,0.15482792047149752,0.08067617413416639,0.18167312170157635,0.1578432538381298,0.1600953139720418,0.15784326330947174,USHighPlain
134,0.22475941843776903,0.12439433429917757,0.043713017779000274,0.15061006049118675,0.12767270612740678,0.1300849279370293,0.12767271458488183,USHighPlain
135,0.2512318362219681,0.15051245098655697,0.07115199329844168,0.1783049155866676,0.15410223067938977,0.15681210080908592,0.1541022382315278,USHighPlain
136,0.31887083151605533,0.21827218492383804,0.12820459239727766,0.2511979973075378,0.22185604780126744,0.22494293077322136,0.22185605454498103,USHighPlain
137,0.35344516521653846,0.25256146142147173,0.1501859128635643,0.29056411188574893,0.25628104233915305,0.2591443710115888,0.25628104836098076,USHighPlain
138,0.3952265357672158,0.2940986724774841,0.17999683383619458,0.3371049213984165,0.2978363756573952,0.30088628973116993,0.29783638103461185,USHighPlain
139,0.4150498359079844,0.31374214799830935,0.19700779834469584,0.35719237011835414,0.31758098933158774,0.31995566609991033,0.3175809941331962,USHighPlain
140,0.38309104990572496,0.28206356948382694,0.17500380504568924,0.32719334683164325,0.2857822707937103,0.28786014771906066,0.28578227508132703,USHighPlain
141,0.33879602237277484,0.23824454679585383,0.14032036355525568,0.28355430473283594,0.24176919219870863,0.2437074017978913,0.24176919602735425,USHighPlain
142,0.3181125618115448,0.21722146793023334,0.125444861551107,0.26088556543649877,0.2209135568169982,0.2231960591789437,0.22091356023580366,USHighPlain
143,0.2735330898094043,0.1730948096056537,0.08742485175332448,0.21629920551978765,0.17652820964994786,0.17872610635284625,0.17652821270278463,USHighPlain
144,0.20489327703456206,0.10485519978696756,0.024857337233133214,0.14795144163080087,0.10808549176850446,0.11069142066181048,0.10808549449454807,USHighPlain
145,0.13891741237026267,0.03878112325362859,-0.0364181513674352,0.08047902596165779,0.04225866539876155,0.04502307805464856,0.04225866783299381,USHighPlain
146,0.19560719470686339,0.09548222327359168,0.02672169217297027,0.13560334436666066,0.09921442796760394,0.1021917434226296,0.09921443014126163,USHighPlain
147,0.2659456119481787,0.1659822202529544,0.09805030999071151,0.21207663331927717,0.16973558406369982,0.1722386065781174,0.16973558600467675,USHighPlain
148,0.28728529323972074,0.1875835863530655,0.10749941444846445,0.23766645788848972,0.19114976255998717,0.19358786349723434,0.19114976429319097,USHighPlain
149,0.3457761793595009,0.24606238785310675,0.1584554583179547,0.3016305601304332,0.24978254711255654,0.2522998007327699,0.2497825486602283,USHighPlain
150,0.3434114977808741,0.24364497755808345,0.15864265130216637,0.2994780454324988,0.2473158459699184,0.24946977964960682,0.24731584735191847,USHighPlain
151,0.29745972904291906,0.19773825249421884,0.11725462642811602,0.25391485997250784,0.20139699271628553,0.2033994979088838,0.20139699395034838,USHighPlain
152,0.2954935129175611,0.19596646771712978,0.11683223108071794,0.25325493584444625,0.19942753952645131,0.20153149750077493,0.19942754062841295,USHighPlain
153,0.337572768165175,0.23796595574868107,0.16087754901056783,0.2937963961106904,0.24162733717450413,0.24373918126294858,0.24162733815850546,USHighPlain
154,0.3509200731677655,0.2510450172830181,0.17747190338086605,0.30586762581834814,0.25486764796677064,0.25701669282797734,0.25486764884543867,USHighPlain
155,0.3002926018608606,0.20048702150739395,0.1303926378660728,0.25421066824528715,0.20424090485423085,0.2063150503380825,0.20424090563884123,USHighPlain
156,0.2867986395114577,0.18698226448357924,0.11082071821041506,0.24036489347964474,0.1907053643324388,0.19293370071917582,0.1907053650330599,USHighPlain
157,0.32384898916497873,0.2239435968949961,0.13467820842150746,0.27698109401408577,0.22771858658046273,0.230347590377465,0.2277185872060854,USHighPlain
158,0.40749253245319217,0.30757307161690006,0.21859824914584802,0.3603023817616693,0.31139439655219103,0.31438117801366205,0.31139439711084327,USHighPlain
159,0.49020255995213,0.39064480706224547,0.29295393302733674,0.4464199161065785,0.39427149942623907,0.3968786829989639,0.39427149992509003,USHighPlain
160,0.5503400605218118,0.450846786375539,0.3438795956299898,0.5080794053108826,0.4545748407114514,0.45660445801751415,0.4545748411569024,USHighPlain
161,0.5769332245976226,0.4774821261069857,0.36951657385668235,0.5366908764922502,0.48131475564672677,0.4827599092847017,0.48131475604449414,USHighPlain
162,0.5290566282356473,0.4295700271707248,0.3204993944319512,0.4924344356256831,0.4335154801532448,0.4351460515304054,0.4335154805084329,USHighPlain
163,0.5054430332401862,0.40636429167163257,0.2946321995892758,0.4698398656278935,0.41010009234091616,0.41179140449519513,0.4101000926580829,USHighPlain
164,0.5575761436876654,0.45855017210774296,0.35146275341591915,0.5216635839283095,0.46234413471838165,0.4642010466597273,0.4623441350015973,USHighPlain
165,0.6521290730947085,0.552819417110225,0.45567306284210507,0.6151266405189095,0.5568715705815481,0.5585140010190566,0.5568715708344469,USHighPlain
166,0.6775662484880137,0.5783559601376858,0.48910082061185856,0.6384317375790949,0.5824038861918914,0.5837175353676893,0.5824038864177186,USHighPlain
167,0.6539526179184595,0.5547061243326714,0.4701889223568727,0.6114734866276459,0.5588154333607389,0.5598577331829501,0.5588154335623923,USHighPlain
168,0.6061004590349,0.5073056186481409,0.42257158356473457,0.5633944472922339,0.5110320396428654,0.5117790854424528,0.5110320398229327,USHighPlain
169,0.6240755804106906,0.5256205467678008,0.4443791092898066,0.5799652831832283,0.5290337927277227,0.5298491095759092,0.5290337928885145,USHighPlain
170,0.6704313262962001,0.5719355939535025,0.4795470967636024,0.626650599471789,0.575570340459717,0.5762537066060505,0.5755703406032968,USHighPlain
171,0.6046693367438998,0.5062446290500671,0.4075082140679464,0.5614277880053878,0.5098058499531625,0.510382472332448,0.5098058500813727,USHighPlain
172,0.5865036733957751,0.48824043987073984,0.39617210229798605,0.548366704082121,0.49185507807256457,0.49283289346590986,0.4918550781870503,USHighPlain
173,0.6463766143239256,0.5479558975337042,0.4596504165936184,0.6129952576143827,0.551852190719742,0.55260201041729,0.5518521908219725,USHighPlain
174,0.6787109838955543,0.5801428969416937,0.49464288320903904,0.649502294033379,0.5841115177236911,0.5852389439158943,0.584111517814978,USHighPlain
175,0.6269802644151987,0.5281412057028291,0.44666384328765696,0.5994599313578848,0.5323357183646586,0.5331834159158739,0.5323357184461738,USHighPlain
176,0.5575169656572851,0.45913497635572686,0.3794189574824478,0.5293777319063293,0.4630450581821577,0.4643446198558854,0.463045058254947,USHighPlain
177,0.5239693964250769,0.4261932909890085,0.34789171053542933,0.49509103336684324,0.4297846755024646,0.43132295662100195,0.4297846755674619,USHighPlain
178,0.5410271396096507,0.44313896285917753,0.36638392836263245,0.5085216239578814,0.4467180925121166,0.44838436694073236,0.4467180925701564,USHighPlain
179,0.542659109670361,0.4446846812562417,0.36995565923929474,0.508067782144107,0.44853595798892587,0.4501732575151822,0.44853595804075264,USHighPlain
180,0.5411103035453053,0.4436197280840699,0.3704933467359104,0.5043452166970432,0.4470678104907211,0.4490079983658304,0.44706781053699984,USHighPlain
181,0.6098766079858127,0.51260516686505,0.4420703281327141,0.5725967100879248,0.5160348045238998,0.5179730895608756,0.5160348045652245,USHighPlain
182,0.6601678389586103,0.5628111247895111,0.4881595933087983,0.6242198635891478,0.5664294259145106,0.5690873946327031,0.5664294259514118,USHighPlain
183,0.618060075921657,0.520764766539645,0.4431817045090289,0.5830380183374327,0.5243397767549441,0.526683067114678,0.5243397767878952,USHighPlain
184,0.5367697252464777,0.43935176693154243,0.3609077596583463,0.49904016264293216,0.4431714271497178,0.4456298500444884,0.4431714271791416,USHighPlain
185,0.55456376031894,0.4569331806073562,0.3752701745809768,0.5195433797428999,0.4609348558857487,0.46373727574631296,0.46093485591202277,USHighPlain
186,0.6085908654906818,0.5111879144578055,0.4283890891898623,0.5751247099884718,0.5149616626227007,0.5172927370915628,0.5149616626461624,USHighPlain
187,0.6460458845852157,0.5485076126575188,0.46586292586013633,0.6146789330619298,0.5524852801106435,0.5548238316365632,0.5524852801315938,USHighPlain
188,0.6159457124664711,0.5184598343559412,0.44076021375118224,0.5844657065892493,0.5225518486866565,0.5242428617059405,0.5225518487053642,USHighPlain
189,0.5181988174557947,0.42082775685193663,0.3512564192403427,0.48504186910986724,0.42475728795857115,0.4268130762166473,0.42475728797527623,USHighPlain
190,0.47440456321236035,0.37683388004045404,0.31236862770500173,0.44022125862750716,0.38102745611896216,0.38347523405093065,0.3810274561338791,USHighPlain
191,0.4868651348738975,0.38948124282508445,0.32419727918738994,0.4489898264266208,0.3936997254049932,0.396229382588428,0.39369972541831344,USHighPlain
192,0.4543453456799573,0.35715157563226607,0.29292311436097507,0.41297716985759303,0.36130598870914676,0.36382932445694216,0.361305988721041,USHighPlain
193,0.3765193618179683,0.27934042129064474,0.2199632689650265,0.33174155591090826,0.28364281735736363,0.2862032675774334,0.2836428173679846,USHighPlain
194,0.3309592737116187,0.23429919163058677,0.1643029288619109,0.28151651218391205,0.23817825598461861,0.24103565204336208,0.23817825599410258,USHighPlain
195,0.34285324353792945,0.24676405442193872,0.15867021040708118,0.2939579686266536,0.2503008449474713,0.2532406417604147,0.25030084495594007,USHighPlain
196,0.39260515486343905,0.2967342116907732,0.20276773734701647,0.3469059742589704,0.3002552337934663,0.3038144648176324,0.3002552338010287,USHighPlain
197,0.4466748805540526,0.3508432028281465,0.25588676616395256,0.40142854583868126,0.35446944592240337,0.35841600785593464,0.3544694459291562,USHighPlain
198,0.4970747975620644,0.4012282816837589,0.3081913303855448,0.4545888601924144,0.40495955819412655,0.40884537846043645,0.4049595582001564,USHighPlain
199,0.5847244426402554,0.48881715653721836,0.40255194024901275,0.5457225723077186,0.4927221769427428,0.49611195345544434,0.49272217694812737,USHighPlain
200,0.6461401156144284,0.5503442592004455,0.46674658628800914,0.6048737084393991,0.554050379352139,0.5565893053082946,0.5540503793569471,USHighPlain
201,0.7037731397116258,0.6084301319347276,0.5269444799309708,0.6580510590595581,0.6118099726815052,0.6139176120318239,0.6118099726857986,USHighPlain
202,0.7535990226919644,0.6580195169712901,0.5761232294195426,0.7056246964681403,0.6616103554784238,0.6631233304755915,0.6616103554822577,USHighPlain
203,0.7591002580812825,0.6632605265914722,0.5767713510381769,0.7097450412629696,0.6670008586787446,0.6680683532274243,0.6670008586821681,USHighPlain
204,0.8010009818804091,0.7054658372332869,0.6180367835873857,0.7477092155430005,0.7089245746079462,0.7097283723748293,0.7089245746110033,USHighPlain
205,0.7823657198777537,0.6874453814650522,0.6027311342977427,0.7269049564296791,0.6905545600314598,0.6910648877681832,0.6905545600341897,USHighPlain
206,0.7986984595117885,0.7035833946396088,0.6252627714729262,0.7435260288595957,0.7069156396750764,0.7073219471554264,0.706915639677514,USHighPlain
207,0.8433981330535012,0.7486428129021436,0.6710978406556729,0.793215955479289,0.7518467581474977,0.752133657057541,0.7518467581496746,USHighPlain
208,0.797415815944764,0.7027540742664995,0.6218018300013084,0.7522913871669596,0.7058158129215315,0.7057513828219142,0.7058158129234754,USHighPlain
209,0.7899852944192856,0.69527285076565,0.6172170413814668,0.7472668833397633,0.6985307716498033,0.6983938671219987,0.698530771651539,USHighPlain
210,0.7853436581883895,0.6907204895956313,0.6154126859625909,0.7421804977890806,0.6941624382519936,0.6939126967810639,0.6941624382535435,USHighPlain
211,0.7372888494959656,0.643082372133831,0.5648534747121963,0.6921404673028051,0.6463366221685163,0.6458476150846575,0.6463366221699003,USHighPlain
212,0.7306420679149532,0.6366690666914974,0.5589031300667582,0.6870145747011289,0.6397318617016206,0.6391697362687978,0.6397318617028565,USHighPlain
0,0.20100252671385552,0.20100252671385552,0.20100252671385552,0.20100252671385552,0.1987247690591425,0.20100252671385552,0.20100252671385552,Greece
1,0.09678448415057644,0.21344901366090868,0.2004578415732492,0.20769469132387913,0.2043560462715982,0.2070789014803652,0.2058281426936967,Greece
2,0.15935712771065966,0.34983039142216144,0.3284233691073503,0.3396219555358303,0.3368799402451532,0.33884500422742075,0.3378313443032062,Greece
3,0.3788442074615833,0.6234917692777492,0.594670244168478,0.6076362228542703,0.6052281295460565,0.6062609296313383,0.6058430143240451,Greece
4,0.5466996986040166,0.8156410086790791,0.7899850114003499,0.8062017287602259,0.8025752021821249,0.8026668501882627,0.8029725972604849,Greece
5,0.5927063469873527,0.8782516386302012,0.846503230432608,0.8721722985668902,0.8681637620868251,0.8679605752774556,0.8684205953244625,Greece
6,0.4644943763964539,0.7620185968000344,0.7099499674604007,0.7524737841225758,0.7484335032115415,0.7476431757363058,0.7485994924639184,Greece
7,0.4834683598160668,0.7905959817430764,0.7308126319715846,0.77798411921633,0.7739326285683834,0.7727252788949296,0.7740399060849469,Greece
8,0.6973923304973066,1.0092808906819954,0.9586357840458358,0.9969150251524571,0.9936389658946897,0.9926666446668353,0.9937082984893922,Greece
9,0.7321107476610881,1.0429116200651298,0.9801928172369896,1.032282869073989,1.0289640400789186,1.027869291773622,1.0290088491763156,Greece
10,0.6070340154909591,0.9143370740199525,0.8488421738968868,0.9075289919393645,0.9053228654397943,0.903959742461226,0.9053518251984497,Greece
11,0.46261198048124963,0.7665601588786387,0.716371001041104,0.7618762775841333,0.7602633997181019,0.7587416604068823,0.7602821161768143,Greece
12,0.48660540462159785,0.7880149285371352,0.7368296381850531,0.7844197263479511,0.7833231175315554,0.781053885770554,0.7833352138280372,Greece
13,0.3959283760297868,0.6997978764350271,0.639664788516634,0.6922676360104003,0.6909991620767679,0.6888598980006613,0.6910069798157336,Greece
14,0.2849240212278108,0.5934088881898195,0.5366658755812489,0.5857333027639119,0.5831043316555082,0.5813794720739635,0.5831093841972201,Greece
15,0.2821105907515098,0.5929511500419028,0.5383229638078586,0.580795146234954,0.5776049017981529,0.5762830411561174,0.5776081672151568,Greece
16,0.28548758517851924,0.5966149118678599,0.5405148266818107,0.5812104898918307,0.5782024764781608,0.5769701049244508,0.5782045868908635,Greece
17,0.38846597654479154,0.6953249631530407,0.6452139217138427,0.6844979146185675,0.6814715112257114,0.6808415726338756,0.6814728751684391,Greece
18,0.4307520111050812,0.7374005599043931,0.6833390463965056,0.7230319960398159,0.720293206310626,0.7186416632127637,0.7202940878158226,Greece
19,0.347228871238789,0.6559641632399692,0.5887631445853015,0.6393991148370556,0.6366180517230361,0.6367691128554851,0.6366186214327431,Greece
20,0.4757723544234708,0.7784417612151234,0.7030161837219989,0.7624010868902663,0.7598458890877161,0.7601772961069956,0.75984625728651,Greece
21,0.42612826643272544,0.7227725559158538,0.6609437874833377,0.7101828688705147,0.7078098220136343,0.7079356551080769,0.7078100599775485,Greece
22,0.22103375128646263,0.5216299582327198,0.45920988809961816,0.5061591042210323,0.5037780900212943,0.5039672815720975,0.503778243815455,Greece
23,0.22866493216035078,0.5317014466148927,0.4590772673448748,0.5147691010864224,0.5126178790785652,0.5128076938628937,0.5126179784744922,Greece
24,0.295653027943526,0.5975641249690372,0.5218420730674812,0.5820035503218121,0.5788218686147456,0.5793166171796486,0.5788219328535326,Greece
25,0.3573481686950967,0.652812293123276,0.581365240285319,0.6437324653913459,0.6394885078227956,0.6402001552195795,0.6394885493398061,Greece
26,0.38692275786264785,0.6798989993245772,0.6166739281927192,0.6713481564429689,0.6668331647495279,0.6671538538328202,0.6668331915816372,Greece
27,0.34918431935986033,0.6376209038788186,0.5840417382433388,0.6294511131826483,0.6245230990461733,0.6250237389849433,0.6245231163875494,Greece
28,0.300784318699559,0.5857907006587967,0.5393543827807965,0.5791974730183669,0.5742119725422901,0.5747676932387009,0.5742119837498818,Greece
29,0.19502892732513116,0.48143345731979126,0.43266672827390035,0.47250171203254937,0.46774317592465636,0.46839550560249577,0.46774318316803265,Greece
30,0.11611343840843293,0.4048000035986906,0.35093848557097584,0.39455667418913704,0.3909753189117782,0.39149218628416504,0.39097532359311393,Greece
31,0.20100634611668505,0.49000021525018217,0.4205955758965516,0.4781931726964364,0.4751692638455329,0.4765788806818553,0.4751692668710424,Greece
32,0.28158620510941135,0.5655101737993419,0.479338088558484,0.5528007923921882,0.5500799888978143,0.5518627531495027,0.5500799908531767,Greece
33,0.3691002793577553,0.657937707899711,0.565426676495429,0.6398750799926246,0.6375823275035081,0.6392396834661772,0.637582328767243,Greece
34,0.4462344170359726,0.7266785636151785,0.6430431392606799,0.7135819680280509,0.7121001805652791,0.7116455858734976,0.7121001813820209,Greece
35,0.3364992459091693,0.615033075643978,0.536974215231634,0.6013422874700618,0.6001523857752313,0.5989275341010929,0.600152386303085,Greece
36,0.2811657157805037,0.5599671172031708,0.49583238065377355,0.5458586457699941,0.5449540747775066,0.5441648316309644,0.5449540751186542,Greece
37,0.2937807527124221,0.5764085457193556,0.5172414544267728,0.5598072667063645,0.5581782427374248,0.5569500825991038,0.5581782429579057,Greece
38,0.305587467494211,0.5828622922153591,0.5294964922764989,0.572023452252789,0.5693351540092509,0.5677363442444114,0.5693351541517461,Greece
39,0.3839302178003451,0.6601557229641928,0.6018672255847635,0.6466533058065311,0.6436057615906586,0.642361430264526,0.6436057616827521,Greece
40,0.4399199393132494,0.7116692810480062,0.6543350701097632,0.7011174182086133,0.6974854300597252,0.6956144624818396,0.6974854301192444,Greece
41,0.3350847742147606,0.6092392066296303,0.5482379992989085,0.5952886565133767,0.5918082946711085,0.5903175030542649,0.5918082947095753,Greece
42,0.32073143321964803,0.590816733409222,0.5324505553525792,0.5806256733997186,0.5774325350536231,0.5767840268103562,0.5774325350784839,Greece
43,0.5184110440287947,0.782084063328497,0.7245836012234156,0.774901763477998,0.771967216929564,0.7715079385987884,0.7719672169456313,Greece
44,0.6099419594624812,0.8755060001168925,0.811128294368961,0.8631984799680873,0.8609438501369653,0.8596837161404398,0.8609438501473494,Greece
45,0.6660896019999518,0.9252848739077324,0.8573662882322431,0.9162876452179183,0.9143972006634176,0.9125829450822665,0.9143972006701286,Greece
46,0.7283507774257869,0.9823876524290298,0.9092076768051993,0.974204816494038,0.9728301168962539,0.970902832677944,0.9728301169005913,Greece
47,0.7190006851904824,0.9782075895598332,0.8959317279574569,0.9666817213591692,0.9651797715300902,0.9633736196698348,0.9651797715328934,Greece
48,0.5642757224523587,0.828769795969204,0.7511666459909975,0.8132355455259844,0.8120750814929674,0.8100190283277593,0.8120750814947791,Greece
49,0.3934025524738759,0.6570862654232179,0.5895868553926007,0.6415343758304896,0.638596900756645,0.637016896746265,0.6385969007578159,Greece
50,0.4453472728641276,0.7073621118823381,0.6449252205228448,0.6938061872759662,0.6904232436597619,0.6890240896873426,0.6904232436605187,Greece
51,0.4830150684035484,0.7382747852085034,0.688780464463119,0.7303991184668335,0.7259275728108068,0.7237536744178982,0.7259275728112958,Greece
52,0.4533635106255766,0.7113375666798869,0.652389756275423,0.6977070002344306,0.6927908241632961,0.6910176065180328,0.6927908241636123,Greece
53,0.5042247807359126,0.7618910799344791,0.6853934740287619,0.7470283309119222,0.741921383485182,0.7400827244119238,0.7419213834853864,Greece
54,0.3941591190907156,0.6551733138417981,0.5759730299793805,0.6384091420154534,0.6333458773655627,0.6317023468222401,0.6333458773656947,Greece
55,0.17179373459110103,0.4237565754740492,0.36468387562141363,0.41265571652765975,0.40829138842588647,0.40817060697296353,0.4082913884259718,Greece
56,-0.017654100830835705,0.23756498964466333,0.18768443897819365,0.22274285505451977,0.21867082644747304,0.21922743239304587,0.21867082644752817,Greece
57,-0.1375258498298468,0.10601094380637224,0.06434676317070395,0.09684625500775063,0.092948305743214,0.09360311864686473,0.09294830574324964,Greece
58,-0.14861776168407048,0.09719134256460486,0.04574623102044979,0.08516610251907332,0.08172726722226364,0.08225637926203379,0.08172726722228668,Greece
59,-0.12296850764177958,0.12504845761342753,0.06878390409768755,0.11056502478073807,0.10677132774709411,0.10727024624514275,0.10677132774710898,Greece
60,0.00811467115923626,0.25675761761371085,0.20207721343622725,0.23982771760271332,0.2358981548742664,0.23639245561028685,0.235898154874276,Greece
61,0.16214470428831654,0.41026679596265014,0.34988832639542544,0.39267573108387455,0.38918555367039237,0.3905982305095802,0.3891855536703986,Greece
62,0.12137023078020698,0.3638318011717142,0.30545461636343274,0.34759165916578816,0.34427894162452344,0.34562191576386475,0.34427894162452743,Greece
63,0.11804136735397518,0.35881077137967893,0.3107545091424349,0.34285839245930294,0.3403664703229187,0.3421617530627997,0.34036647032292133,Greece
64,0.18343307229974143,0.4263563524623807,0.37781196940328593,0.4080154182915866,0.40590273419354067,0.4069946650393363,0.4059027341935424,Greece
65,0.22879533039569497,0.47068332010459485,0.4136584012389315,0.4547584174850015,0.4529236395371161,0.4536332508530024,0.45292363953711723,Greece
66,0.3970806039603129,0.6393574630743297,0.560369762176926,0.6205607962576498,0.6186287035042215,0.6188819495846283,0.6186287035042222,Greece
67,0.4565395295993225,0.6898101171654044,0.6143580941346626,0.6763382595940934,0.6743331004950066,0.6729587970837159,0.674333100495007,Greece
68,0.25516982627694185,0.4826153096890547,0.4250012814055217,0.47270749606118984,0.47105861554765904,0.4698489681303266,0.4710586155476593,Greece
69,0.03363471048167583,0.26614965251321354,0.21971333086751438,0.252762864143373,0.2503794147056554,0.25028657705145274,0.25037941470565556,Greece
70,-0.051631050953223546,0.1831213304767179,0.13096464104344827,0.16696313696680817,0.1641016042305128,0.16425383071819674,0.1641016042305129,Greece
71,0.02662714161122564,0.2569099778492925,0.18833097240166924,0.2418186248209682,0.2385752776953782,0.23909198880870552,0.23857527769537826,Greece
72,0.06892580420676764,0.29928240647272114,0.22997448509500878,0.2837934863626913,0.2799932560649082,0.280986394443346,0.2799932560649082,Greece
73,-0.007590375442997184,0.22287808383665325,0.1654078601482387,0.2060898963997389,0.2018644173088091,0.20291101165592723,0.2018644173088091,Greece
74,-0.01298116812891955,0.2165643552005059,0.16708629526348645,0.19995478501621097,0.19595311602744694,0.19744881815367435,0.19595311602744694,Greece
75,0.01887956240992574,0.24895828680263885,0.2033741844165321,0.22874143002457156,0.22539048608228,0.22721090833085805,0.22539048608228,Greece
76,0.11902986326859395,0.34676859222519785,0.2973908827436023,0.3269320605919352,0.324496328576313,0.32625046636611205,0.324496328576313,Greece
77,0.17143725040411012,0.3944017540381437,0.34371536484081566,0.376400321220842,0.3746634707060757,0.37557654397248297,0.3746634707060757,Greece
78,0.05001912825838504,0.27206056273363666,0.22235392241736723,0.252398885584663,0.2502322762819762,0.2514124442347166,0.2502322762819762,Greece
79,0.10762916216917615,0.3304157204276675,0.2604052597016026,0.31080183290864116,0.3079819458253782,0.30926091428019475,0.3079819458253782,Greece
80,0.3233983738223079,0.5457849657459948,0.46218216497299514,0.5257545566625805,0.5227979228768709,0.5240593977376887,0.5227979228768709,Greece
81,0.3955191588682142,0.6133281970692698,0.5417694527244816,0.5969000102647785,0.593780900086187,0.593354371101597,0.593780900086187,Greece
82,0.407261316063135,0.6218453809633914,0.5551578334291618,0.6066806914631008,0.603744221256704,0.6014493103816024,0.603744221256704,Greece
83,0.5099020109673674,0.7185446572412494,0.6542294988251468,0.7065574868694585,0.7031483087969616,0.6999938087826056,0.7031483087969616,Greece
84,0.4140484965949181,0.6233960521713068,0.5585547160276021,0.6105013266744982,0.6062464811460915,0.6036493742797613,0.6062464811460915,Greece
85,0.33023275040712263,0.5407675884103184,0.4792997648570036,0.526352952875718,0.5212314785388775,0.5195937442587617,0.5212314785388775,Greece
86,0.3526987447106294,0.5608870086775337,0.5038473593477598,0.5455936583457531,0.5408354431078841,0.5397007024706018,0.5408354431078841,Greece
87,0.3805317809477318,0.5883698249776272,0.5336790519053664,0.5718765719781936,0.5673405125777818,0.5663824922896296,0.5673405125777818,Greece
88,0.4060689914476128,0.6105629066213563,0.5536346680731541,0.597087319533927,0.5925412088474551,0.5915456886490191,0.5925412088474551,Greece
89,0.4716445421763229,0.6766522153966428,0.6141239586829864,0.66419731772219,0.6599862331123355,0.6589673940884636,0.6599862331123355,Greece
90,0.510067397448399,0.7150887706709258,0.6476897712995372,0.6996186789204815,0.6954433941256932,0.6938243264845687,0.6954433941256932,Greece
91,0.5420676099166086,0.7476118752960398,0.6776105231175529,0.7289989450703402,0.7250051622937826,0.7225798092965289,0.7250051622937826,Greece
92,0.626766597333585,0.8234535666899301,0.7550991298114587,0.811441031948231,0.8076064628112332,0.8055980910361226,0.8076064628112332,Greece
93,0.6637260692364293,0.8556552483132042,0.7789663544305224,0.8417451690438674,0.8379928166400722,0.8361358829364152,0.8379928166400722,Greece
94,0.6767085150032567,0.8685570914663283,0.7923021257935269,0.8552104488618577,0.8514227690874928,0.8500747144712819,0.8514227690874928,Greece
95,0.5252847464393443,0.7194599165375053,0.640944107763732,0.7037524139014839,0.6997664804930013,0.6981283176609626,0.6997664804930013,Greece
96,0.41294961040091926,0.6107845450961429,0.5391557770070053,0.593983072250396,0.5898897685971946,0.5880657456352216,0.5898897685971946,Greece
97,0.4546690117131126,0.6508157960821468,0.5745893443785102,0.6334050818382329,0.6290241096828942,0.6270963627779232,0.6290241096828942,Greece
98,0.5490046772193422,0.7423284776153091,0.6718357729052105,0.7274405884099617,0.7227325515766427,0.7209583175372719,0.7227325515766427,Greece
99,0.5252266738952335,0.7154880689871523,0.6563668214062104,0.7019817511047917,0.696983958705758,0.6946957665418989,0.696983958705758,Greece
100,0.41704129764841225,0.6015649236934743,0.54448092754223,0.5895264567928152,0.584394566352205,0.5828231750925181,0.584394566352205,Greece
101,0.5354224301023315,0.7232443425196591,0.6673117859769697,0.7090402137670528,0.7041033386203501,0.7027458311449027,0.7041033386203501,Greece
102,0.6461342513225524,0.8276607539763282,0.7755542990209705,0.8184994070370244,0.8141079827776441,0.8130477589719205,0.8141079827776441,Greece
103,0.481378780078854,0.656582219077501,0.5992454356738228,0.6510112283755057,0.6468085087232406,0.6451298900398023,0.6468085087232406,Greece
104,0.2904292954136456,0.46405035585890275,0.40797429932332596,0.45632831640280785,0.45264963555746074,0.45060300349733917,0.45264963555746074,Greece
105,0.21965550310182402,0.3981589953395078,0.32497406936863577,0.38553246837544836,0.38241034127844237,0.3805384673164048,0.38241034127844237,Greece
106,0.2482226475127454,0.42767429434090487,0.32961458584960773,0.41047904769004245,0.4076707475107197,0.4066472511900337,0.4076707475107197,Greece
107,0.26425139827415584,0.4399530988495435,0.346559357065909,0.4266322488513307,0.42312760000620786,0.4225457904342353,0.42312760000620786,Greece
108,0.35720803770824716,0.531922023330452,0.4546955192553452,0.5222392135985524,0.5183233261635248,0.5181591691690359,0.5183233261635248,Greece
109,0.4248084410422917,0.592527998017195,0.5257735701018328,0.5869779615449974,0.5821534332778967,0.5818756009252225,0.5821534332778967,Greece
110,0.3164412312231293,0.4828076957687486,0.42312456716103036,0.47680387461126755,0.4718712513793674,0.4726419613751221,0.4718712513793674,Greece
111,0.23163869792056735,0.40205349399773516,0.35214485492485376,0.39231896481199996,0.3868745670354273,0.3886758169996693,0.3868745670354273,Greece
112,0.2069092950957807,0.377241408786042,0.3322843031256024,0.3649672247047663,0.3594109859915772,0.3606079323371545,0.3594109859915772,Greece
113,0.14421970980644266,0.3068158682057185,0.2564072673690185,0.29835400973429366,0.29286736337431346,0.2936944885635228,0.29286736337431346,Greece
114,0.11611732931247545,0.2750578703309347,0.2219803519467191,0.2700306896781227,0.2648828495694704,0.2644927217513347,0.2648828495694704,Greece
115,0.048456033212824975,0.20084879218270743,0.15344234031465143,0.19846314836082027,0.19416728980326378,0.1944346356407196,0.19416728980326378,Greece
116,0.01744062311718926,0.17548670164681346,0.11598138119974574,0.16555835664869317,0.1624822836883606,0.16301072846649567,0.1624822836883606,Greece
117,-0.060742505772050606,0.09316452182622412,0.041304604845015205,0.0864477973040215,0.08386640028628853,0.08503255696668133,0.08386640028628853,Greece
118,0.07448262386425131,0.22388852621514402,0.17716632015610007,0.21924744613296956,0.21698575419171492,0.21856405893698233,0.21698575419171492,Greece
119,0.19650855262131145,0.34512016881127383,0.3053643483146971,0.3417482597272409,0.34025943702367295,0.34135015125192786,0.34025943702367295,Greece
120,0.20208090009004198,0.3552295693474199,0.30837130904244126,0.3435078203415413,0.34246427795458034,0.3435796503451408,0.34246427795458034,Greece
121,0.3965795307427733,0.5510733091235825,0.49893610149467327,0.5376075309199212,0.5353082562543574,0.5362288888891542,0.5353082562543574,Greece
122,0.3880385805381569,0.5446561099530154,0.4953412674238275,0.5298590178803775,0.5262196575573179,0.5254661170103244,0.5262196575573179,Greece
123,0.16445859952392222,0.3156175698495998,0.2764040821500954,0.30440253397177236,0.29967703576926674,0.2997364055293427,0.29967703576926674,Greece
124,0.112900369218235,0.25829872570048457,0.22508248634940545,0.2512902541155767,0.24672581459221052,0.24807035297229776,0.24672581459221052,Greece
125,0.18389777499425927,0.3305395135851807,0.2836179110016412,0.3214528081351742,0.31734468158335494,0.31867642946767644,0.31734468158335494,Greece
126,0.24055539158481049,0.3835417643103678,0.3180988440481368,0.37439214858948544,0.37010547165562935,0.37129060738935554,0.37010547165562935,Greece
127,0.2513818668719689,0.39065768156077774,0.311722789525435,0.3847253933045627,0.3805004193298783,0.3813301045104153,0.3805004193298783,Greece
128,0.32597836783858236,0.4659221272808952,0.37815660171172477,0.4577586948667138,0.45377454749069607,0.45587075140248257,0.45377454749069607,Greece
129,0.5066974287443482,0.6473527477468451,0.5520202187301212,0.6377715563713878,0.6341607094984466,0.6336671545625883,0.6341607094984466,Greece
130,0.6119342978087707,0.7497348357236313,0.6509146757708825,0.7382742015538356,0.7350085087427581,0.7336741504886297,0.7350085087427581,Greece
131,0.6918261125379104,0.8260395129367902,0.7318694580433481,0.8140716601476777,0.811020223020463,0.80963591211578,0.811020223020463,Greece
132,0.6040791308750832,0.7417075418121493,0.6470491625813363,0.7280472967466945,0.7249394836390946,0.7237471599542948,0.7249394836390946,Greece
133,0.4387486445948606,0.5754641046892157,0.4970209156796759,0.5634796690804027,0.5596423963356869,0.558466081248784,0.5596423963356869,Greece
134,0.3571365955278421,0.49213979155750387,0.4231727748776488,0.4808629577449649,0.47700845277225545,0.4745600437137067,0.47700845277225545,Greece
135,0.34198864074077095,0.4783768164525201,0.41472863959811684,0.46477143731430165,0.4606783158117417,0.45763067952917913,0.4606783158117417,Greece
136,0.2699401733028197,0.4041990601658834,0.3521628384374722,0.38958477858428536,0.38525711359388115,0.3825001834651491,0.38525711359388115,Greece
137,0.15686146562585107,0.2911833246930864,0.24557677348187856,0.2753380573110107,0.27156385457927645,0.2696276806606064,0.27156385457927645,Greece
138,0.03141615260129568,0.16455508199628716,0.12157022472097914,0.14828245432894333,0.14467788199011603,0.14339489367267938,0.14467788199011603,Greece
139,0.10324435430461734,0.23368175937901867,0.19026902902930906,0.21663500634025357,0.213488037051003,0.21308182690667893,0.213488037051003,Greece
140,0.21512602594914343,0.3475451250303759,0.30161259551744996,0.33209853014545937,0.3286365693948981,0.3280126729508624,0.3286365693948981,Greece
141,0.14829680398673445,0.27720881742552694,0.22640418736559326,0.26320083524860616,0.25974477323967177,0.25945724948924886,0.25974477323967177,Greece
142,0.044730953674094284,0.16383358881130622,0.11688140918738818,0.15471974250371945,0.15119371789158348,0.15138014735437877,0.15119371789158348,Greece
143,0.01808108511394054,0.1337159852311697,0.08546553564434489,0.12760027016532885,0.12445239143716011,0.12569125196189726,0.12445239143716011,Greece
144,0.23974196481963592,0.3529362545147098,0.29507649219579835,0.34462498077698894,0.34135850270533136,0.3420888206184302,0.34135850270533136,Greece
145,0.3814197938796171,0.4996744807358497,0.43615088414398767,0.48691992496614317,0.48309380318783063,0.4829543359314445,0.48309380318783063,Greece
146,0.3809438432310958,0.4983618569558634,0.4313739267280863,0.4880167816135306,0.4831767358497091,0.48266573483975744,0.4831767358497091,Greece
147,0.4198111061951732,0.5335014761206461,0.47038048188166764,0.5232740260980965,0.5182312806505703,0.5172498443797151,0.5182312806505703,Greece
148,0.4372110479611098,0.5506913746416507,0.49617289311122253,0.5410562201852992,0.5357757933489061,0.5343211689360227,0.5357757933489061,Greece
149,0.4922271324350007,0.6076104664982104,0.5512860956481054,0.5947764735877673,0.5893200928726219,0.5879939147376829,0.5893200928726219,Greece
150,0.6350277570998623,0.7491680657668094,0.6871746831442651,0.736848071200995,0.7316912547742545,0.7306483438642749,0.7316912547742545,Greece
151,0.6095638883455057,0.7254426367612876,0.6573862900389916,0.7123759438230428,0.7075150476749621,0.7058816511888916,0.7075150476749621,Greece
152,0.5928022939888726,0.7086848305779667,0.6326434293396263,0.6924225364443658,0.687933478721092,0.6862865938420306,0.687933478721092,Greece
153,0.6583855649537868,0.7688258559330544,0.6896556776286841,0.7545613529118415,0.750650742836121,0.748939614810247,0.750650742836121,Greece
154,0.67071628728984,0.7775925253896747,0.6938219116384146,0.7609980275476257,0.7574770080831025,0.7553498759564621,0.7574770080831025,Greece
155,0.766209922775611,0.8681987595225917,0.7972991528652011,0.8525066804970725,0.8488914173043565,0.8471173949441524,0.8488914173043565,Greece
156,0.7623815152470407,0.8607877088276179,0.7975646456911307,0.8476802297413266,0.8442527286798217,0.8430072883703542,0.8442527286798217,Greece
157,0.6148789292519063,0.7111426824255672,0.6489934011981486,0.6988767352548229,0.6962264645401773,0.6950440673491841,0.6962264645401773,Greece
158,0.491711364961135,0.5884165661354037,0.5304909938929304,0.5766944942621017,0.574546541259084,0.5734048883276708,0.574546541259084,Greece
159,0.4716258746780237,0.5680170303758141,0.5128807261203264,0.5564379271264973,0.5528138014106011,0.5517698967853122,0.5528138014106011,Greece
160,0.5178201203977755,0.6106983784346917,0.5649054063941662,0.604158144348598,0.5995086629859644,0.5981494866155619,0.5995086629859644,Greece
161,0.4623246970045189,0.5564828800010116,0.5135414534627675,0.5462195690881455,0.5412063436289368,0.5395214664332357,0.5412063436289368,Greece
162,0.5779677530068825,0.6785845164696055,0.6262412189886059,0.6638215333127394,0.6586875053341235,0.656286251646546,0.6586875053341235,Greece
163,0.6641491545073547,0.7589515361959291,0.6998841949476287,0.7463057997674686,0.7413611998048617,0.7392709864120116,0.7413611998048617,Greece
164,0.5965405879196041,0.6985484084516215,0.6349114352666563,0.6814098953127532,0.6777465103390446,0.6754376316058985,0.6777465103390446,Greece
165,0.3185270999785816,0.4150285441548128,0.3618626526727118,0.4000707071614544,0.396575093083008,0.3943755126224239,0.396575093083008,Greece
166,0.19926316377284203,0.29442961819715013,0.2369592985636933,0.27633056068780476,0.2731832526298665,0.27291803059634046,0.2731832526298665,Greece
167,0.202191395521813,0.2927376572289613,0.2263910716901529,0.2748796065540754,0.2718784331400051,0.27086057997309126,0.2718784331400051,Greece
168,0.20275588138207173,0.2859237675168189,0.2310757122674182,0.2743325863745902,0.2723158320521928,0.27158454099173374,0.2723158320521928,Greece
169,0.27204060361663857,0.35605004060504186,0.3046161270598185,0.3409203995056846,0.339431459043946,0.3367687879128123,0.339431459043946,Greece
170,0.25129107964904307,0.33082021219938684,0.28863086511999864,0.3199572907851678,0.31884528627474085,0.316859829343218,0.31884528627474085,Greece
171,0.3889778004832598,0.468155752439149,0.42064987484507954,0.4585283324118652,0.4555940996864236,0.45384597019583395,0.4555940996864236,Greece
172,0.30426313775386254,0.38246074084791953,0.32987507707768216,0.372514540065014,0.368708054966754,0.36693899517520595,0.368708054966754,Greece
173,0.2858177546856124,0.3648814544522753,0.30983047131780705,0.3522452100530917,0.34781584522528775,0.34654382286909036,0.34781584522528775,Greece
174,0.43730196636111385,0.5151335313674352,0.4502602099226989,0.5005010636579268,0.49563173256197407,0.49399135342597134,0.49563173256197407,Greece
175,0.5402560208889602,0.6175800188446697,0.5402624643717376,0.6022184450408863,0.5972584586085722,0.5950866516065462,0.5972584586085722,Greece
176,0.5289624074686904,0.6085133594627076,0.5221903742921779,0.5916072656022597,0.5866722234632248,0.5841175478409759,0.5866722234632248,Greece
177,0.40830565957240644,0.4858273687650406,0.40974706376549036,0.4700634094477837,0.46542916846116156,0.4631597141801098,0.46542916846116156,Greece
178,0.30675349615712083,0.37519835880725894,0.30732366775271824,0.36468191168881475,0.36036763952866074,0.3591107293822784,0.36036763952866074,Greece
179,0.2839307630494538,0.3472614482351768,0.2827299827837884,0.3403527679627187,0.3373637917315949,0.337545214143198,0.3373637917315949,Greece
180,0.09560269484409059,0.15925670311753307,0.09997520074308457,0.15111235088571998,0.14787519057551654,0.14838195408934068,0.14787519057551654,Greece
181,0.017731890265357132,0.0791893715079687,0.01748044954951543,0.0703826844750491,0.06664564293511131,0.06740233128326686,0.06664564293511131,Greece
182,0.07170129671094588,0.1357063724039689,0.06815753306832806,0.12356604657308357,0.11948780078481111,0.1214127886308356,0.11948780078481111,Greece
183,0.22409534719506566,0.29129911459980556,0.21344947773329198,0.2751853900075942,0.270631579589754,0.2727889220306724,0.270631579589754,Greece
184,0.3326748549293477,0.3963967332521031,0.32728720397150535,0.38028010215823616,0.3752726068520861,0.3775110989234375,0.3752726068520861,Greece
185,0.3758959097340917,0.43935676987890465,0.3816128442580133,0.42324265701993263,0.41803521342923555,0.41943931964322745,0.41803521342923555,Greece
186,0.2448630361191037,0.30780491421172534,0.25474764876489503,0.2910538221681197,0.2856625684320596,0.287777624830776,0.2856625684320596,Greece
187,0.07923260853228059,0.1415757034932389,0.08968256722765777,0.12495539210416653,0.11968799738746588,0.12137501236112531,0.11968799738746588,Greece
188,0.14029970158698474,0.20083296035862655,0.14470193652818814,0.18422247996070223,0.1794891933118536,0.18095725784585734,0.1794891933118536,Greece
189,0.3818371722776743,0.4352661074344798,0.37243288158268395,0.4192922194825327,0.4149911249552868,0.4152333855414572,0.4149911249552868,Greece
190,0.38124500787154303,0.4315265132088076,0.3661663779900008,0.41561412847835355,0.4115417202726709,0.4105433302384165,0.4115417202726709,Greece
191,0.3551465867966708,0.405891420704233,0.3486339940801182,0.3904718951932489,0.38672712778387097,0.3861842207923539,0.38672712778387097,Greece
192,0.5476454540262993,0.597552952930298,0.5466400521092287,0.5830519412782903,0.5795339830928287,0.5783939704222482,0.5795339830928287,Greece
193,0.4671593603026283,0.5152372106185252,0.46822955179895603,0.5025711805445222,0.49872519959057554,0.4969669345831936,0.49872519959057554,Greece
194,0.37227195305285415,0.4207864908843921,0.38142494318528297,0.41336810570712984,0.40989012045291867,0.40795448239660215,0.40989012045291867,Greece
195,0.5436936520055884,0.5903303688714898,0.5492234263536823,0.5823988340505545,0.5779190304031493,0.5759616475473179,0.5779190304031493,Greece
196,0.6977163897750954,0.7456997378535475,0.7061148285538987,0.7352366256246623,0.7302707759664604,0.7280914301729771,0.7302707759664604,Greece
197,0.7440716026240796,0.7911781995934399,0.7474676786345253,0.7796488261480411,0.7745025600284212,0.772247581597387,0.7745025600284212,Greece
198,0.6518044161152837,0.6962651749972492,0.649388538328677,0.6846656854537922,0.6798195386153472,0.6782470799932433,0.6798195386153472,Greece
199,0.38966446801197385,0.4315260543993268,0.38611280774489276,0.41889238387531225,0.4140312959038098,0.41304678474317963,0.4140312959038098,Greece
200,0.2999978960845733,0.34089333854445975,0.29242508780862164,0.32657077590507905,0.32252860055564625,0.3223632144050016,0.32252860055564625,Greece
201,0.29605068015178804,0.33560830985618534,0.27531448707241835,0.3188019023941181,0.3153077528761397,0.316008095751409,0.3153077528761397,Greece
202,0.30628453179865667,0.34271619040350093,0.28827282134185356,0.3277864940537834,0.32446936268429555,0.32588413370606617,0.32446936268429555,Greece
203,0.3894309028662279,0.41896101815653436,0.3776976757638315,0.40725326041433063,0.40483579251761775,0.40553806349813026,0.40483579251761775,Greece
204,0.14121345206266991,0.17361652700015032,0.13484287033718573,0.15908313644978753,0.15638690806930203,0.15728685428974706,0.15638690806930203,Greece
205,0.1293068794951297,0.16220318505326742,0.12362186908017281,0.149278202207164,0.146417721773755,0.14713533960078268,0.146417721773755,Greece
206,0.24064988201144802,0.2707254857649751,0.22552241234052497,0.25673238687668887,0.25327370150630846,0.2546011542752319,0.25327370150630846,Greece
207,0.2354989474221428,0.2629917596377238,0.21552096865045975,0.2522067973330979,0.24783154020549578,0.24926269754989155,0.24783154020549578,Greece
208,0.3003369327610459,0.3244339496814636,0.27580480081091857,0.31393793568208883,0.3093508681087656,0.31031060499394825,0.3093508681087656,Greece
209,0.34485020466959404,0.37088590277175526,0.3275171066831838,0.35702734081262216,0.3532845384316237,0.35387165867901993,0.3532845384316237,Greece
210,0.19532868473619133,0.22132502386954622,0.18225057834330413,0.20793733873275044,0.20391016665582323,0.20448607800007068,0.20391016665582323,Greece
211,0.03330752557046628,0.057614278648843754,0.018338126947591654,0.045014980469834966,0.04094062817283837,0.041564550411092284,0.04094062817283837,Greece
212,0.10684905929967264,0.12359206980525506,0.08866835196726455,0.11568062320087431,0.1117822720175457,0.1123415417760291,0.1117822720175457,Greece
0,0.039596003419014966,0.039596003419014966,0.039596003419014966,0.039596003419014966,0.072052719622298,0.039596003419014966,0.039596003419014966,Sudan
1,0.023048244681842994,0.0305492861841934,0.02488877388312321,0.014084736332751605,0.04283411802705862,0.027259267249111735,0.026887410874049854,Sudan
2,0.019484568453997902,0.028315563048988253,0.02004661863812407,-0.0017576310207761958,0.03112539155560625,0.023657297675072818,0.0232904193596791,Sudan
3,-0.019009293404273063,0.0059342384360843575,-0.001983325485462255,-0.011267696368130992,0.00590593306980914,0.002405868247293247,0.0020564368244749207,Sudan
4,0.01038677337314365,0.03538149095039933,0.025467635291166718,0.022752118169290125,0.03222609423011999,0.03069366740271253,0.03033475103549508,Sudan
5,0.027727385810934268,0.058826387359823346,0.04511819456392577,0.04753282963491152,0.05381419505727261,0.053173949929457606,0.0528849360446967,Sudan
6,0.03736204986708689,0.06205971970938255,0.04304672845154327,0.04998816478867988,0.055937829227147934,0.05571641361953242,0.05548126358908306,Sudan
7,0.05245894833932632,0.08139562178185578,0.0644473371450425,0.06424205670914362,0.07502272390611203,0.07520194113486177,0.07479840304503826,Sudan
8,0.07536241341324601,0.10728312252753591,0.09826460632847542,0.0883081825873134,0.103724746480886,0.10386521611700406,0.10361453264848691,Sudan
9,0.08214232493315574,0.11262643695224461,0.10473654159292443,0.09474010693563671,0.10759486908780067,0.10784226167913254,0.10754071857859723,Sudan
10,0.0755032014614959,0.12053646582358717,0.11305927417183301,0.10368251498932692,0.11488276632048605,0.115363044286593,0.11485616096993101,Sudan
11,0.06149545404972006,0.10721990211489367,0.10071660807977005,0.08931755907687904,0.10195892490613767,0.10224308173581877,0.1019458531051783,Sudan
12,0.04730291042037724,0.0982969262683351,0.09091631889563893,0.07099001667866031,0.0921380946131462,0.09240948471965774,0.09213167214635826,Sudan
13,0.06322321817316368,0.11397050071322638,0.1046882196615818,0.08869083384122362,0.10828673934575624,0.10851383591916558,0.10828358384486003,Sudan
14,0.11808349614617705,0.18810927594225366,0.1786770307293873,0.16121589251807195,0.1824550353207431,0.18276387427807445,0.18245348495291172,Sudan
15,0.1943716740610758,0.26411437100074475,0.25750659474752324,0.22286562387062311,0.2605513398895996,0.2606992927905054,0.2605505781593731,Sudan
16,0.24783780855833737,0.31236481647997605,0.3007883396373309,0.2864667057762763,0.3091470979723075,0.30951201446439097,0.3091467237172912,Sudan
17,0.2341586304740392,0.30808500381075354,0.29555123062753075,0.28622141432109627,0.3045924941182059,0.3046780784097849,0.3045923102383855,Sudan
18,0.20543767876915336,0.27805649054677556,0.2672425860322678,0.22279591968748352,0.2726763164600529,0.27269553575691763,0.27267622611580405,Sudan
19,0.1988853054683829,0.2762677610899826,0.26703455742867355,0.21931309519670816,0.2703128068114331,0.27047004095389376,0.27031276242329255,Sudan
20,0.1850124021158391,0.25723979246084977,0.24887172488771614,0.1916571572784273,0.2508196530303443,0.2511963531838427,0.2508196312214628,Sudan
21,0.1513453640494151,0.22669807489297814,0.21902396063878843,0.17580603081317653,0.22015001011063345,0.22040078022535867,0.2201499993954445,Sudan
22,0.12593418566946182,0.20920563417568,0.20518817966447866,0.1695505096888138,0.20580943416840858,0.20600559043748548,0.20580942890379772,Sudan
23,0.14248618323898998,0.24339545061407536,0.2378032273701693,0.19629334551879063,0.2388816122747489,0.23928489870941766,0.23888160968812838,Sudan
24,0.14441012699526595,0.24713756319993738,0.2401774232074066,0.1949890233800903,0.24168050752909817,0.24217619602871,0.24168050625823395,Sudan
25,0.14545366690936146,0.2466020185781551,0.23893086776484196,0.1928030746283626,0.24123434749440176,0.24189808861065992,0.24123434686999784,Sudan
26,0.14835559907891066,0.2512687943364705,0.24450950032305602,0.20506169696532117,0.24724352311078662,0.24764404208754429,0.24724352280400308,Sudan
27,0.094940400988579,0.19298605914186812,0.17946884656390316,0.1464038334403478,0.1876766505083119,0.1882566926652421,0.18767665035758233,Sudan
28,0.03925042418282326,0.14478990185785096,0.1287868947078763,0.11535044479926367,0.1385621345597725,0.13916246171322036,0.13856213448571572,Sudan
29,0.003849639559873233,0.11649893900225593,0.10370232600431205,0.09867834175286846,0.11008276162144054,0.11043065049110021,0.1100827615850548,Sudan
30,0.029043416036025237,0.1452099087589312,0.13505551307810795,0.1310497657366867,0.1388223731854346,0.13907239504044688,0.13882237316755747,Sudan
31,0.05059742666514124,0.164790011075098,0.15604240822319945,0.15252779069719624,0.15810267572886544,0.15848371404892864,0.158102675720082,Sudan
32,0.06071281554106938,0.17485930913781222,0.16808374611814908,0.16231631223076043,0.16920044724611877,0.16952331650737062,0.16920044724180325,Sudan
33,0.08065344215811533,0.19622566346197912,0.1920367846378346,0.18656639336609715,0.19283243765118585,0.1932445253318259,0.19283243764906555,Sudan
34,0.0810864884021778,0.19384308341512227,0.19005108784944424,0.184224293296135,0.19107596286494197,0.1916049779135594,0.1910759628639002,Sudan
35,0.10441337389986206,0.22026392011797793,0.21190325591959586,0.20501794112973068,0.21518785745070182,0.2157624150247498,0.21518785745018995,Sudan
36,0.14715309699338588,0.2625927299421207,0.2538229832092845,0.23557564864702935,0.2575546394551075,0.25799724434245525,0.25755463945485596,Sudan
37,0.18747896636852046,0.29961882722142946,0.2916828699210071,0.26916286725571414,0.2956590683507742,0.2961999252184944,0.29565906835065064,Sudan
38,0.20897169078478278,0.318855117697585,0.30815312708703246,0.284135728091253,0.3144656988626232,0.3148126650123747,0.3144656988625625,Sudan
39,0.18799176957596483,0.29829890608567566,0.28553765789799856,0.251656936545079,0.2950694831047161,0.29567143723431477,0.2950694831046862,Sudan
40,0.2147462029141769,0.3257160573051606,0.3112038050078024,0.27573068426931,0.3208345221056978,0.3211878979932036,0.3208345221056831,Sudan
41,0.23640756656855966,0.35039732608965674,0.3370851027120531,0.2741288705721769,0.3450808909900122,0.34516504577028323,0.345080890990005,Sudan
42,0.20673156596820216,0.3200637993333333,0.3088329918647856,0.24415774278937852,0.31425670266879224,0.3142991584423474,0.3142567026687887,Sudan
43,0.17992036708846287,0.294000414142365,0.28471849447435904,0.22486125564673443,0.2877055177106943,0.288025194126836,0.2877055177106925,Sudan
44,0.1617921818344487,0.27524733294377635,0.2682095864788012,0.22692573666183358,0.2701714048161865,0.27042465994131354,0.2701714048161857,Sudan
45,0.14706344590960035,0.2587965971430881,0.25271251663160893,0.22253038012223847,0.2542839428335948,0.2546438491345624,0.2542839428335944,Sudan
46,0.13199885897693375,0.24640548655203634,0.2397548821669843,0.21739916422901492,0.2408617926167531,0.24122534605493107,0.24086179261675292,Sudan
47,0.14007629855442846,0.25606276425009233,0.2508997501259057,0.22356987697573721,0.2517861758139317,0.25209285828988987,0.2517861758139316,Sudan
48,0.20281865695830065,0.3167126758981536,0.31145484497862663,0.2738579503278225,0.3130394780607739,0.31328758115507127,0.31303947806077387,Sudan
49,0.21570107479648415,0.3288101633793098,0.32250087094114777,0.2824828725042906,0.3260512044475524,0.32636182339583314,0.32605120444755237,Sudan
50,0.2078006991687842,0.3235174619625895,0.3049926135573733,0.28053196919054607,0.3185428186253308,0.3187494651109917,0.3185428186253308,Sudan
51,0.2240079075976126,0.33874684829962753,0.31513277865941086,0.30987657682151193,0.33265635401712185,0.3327895835360509,0.33265635401712185,Sudan
52,0.224470970800551,0.3413870171987932,0.3232908893631385,0.3218283838160472,0.33555969262143376,0.3356267323651989,0.33555969262143376,Sudan
53,0.24188847616549497,0.3582654755134992,0.3469697312086316,0.34022623566556115,0.3542601769288243,0.3541476038956961,0.3542601769288243,Sudan
54,0.26940124986908126,0.3837887348351516,0.37497953649785776,0.3313200873580367,0.3793065946418314,0.37953979683174977,0.3793065946418314,Sudan
55,0.26807246544001095,0.37994867361019047,0.3744370063946617,0.31586539530206675,0.3773708457600444,0.3775414009641379,0.3773708457600444,Sudan
56,0.262009106608855,0.37676272772602626,0.37337115211523164,0.32807359282330684,0.37535691641942814,0.3753390933717107,0.37535691641942814,Sudan
57,0.24081655734261206,0.3522076468291613,0.3502243200580583,0.3056976420461299,0.35144350189283174,0.3512366884005282,0.35144350189283174,Sudan
58,0.2526114232747739,0.36371757300279417,0.362303755183762,0.3145522287554944,0.3630380234505206,0.3628454387051071,0.3630380234505206,Sudan
59,0.2643458034638535,0.37391128617372044,0.3687472952136163,0.324430059334349,0.3714543774936771,0.3712887864943463,0.3714543774936771,Sudan
60,0.2548078074990706,0.3627772759781961,0.3548893252273997,0.308008574168683,0.35851311883148956,0.35845099359603727,0.35851311883148956,Sudan
61,0.24978840865588858,0.36323309517215535,0.3561074994561805,0.3150194211695885,0.3585508820514627,0.3587101166189163,0.3585508820514627,Sudan
62,0.28970431876248,0.40302113125298106,0.3980909029157021,0.3575319673195368,0.39971394964380796,0.39984675497767885,0.39971394964380796,Sudan
63,0.3400864622614586,0.4560748212584478,0.4388646397826845,0.4302632794908252,0.45444992931642303,0.45447542688536524,0.45444992931642303,Sudan
64,0.3732360079954046,0.490536889885981,0.46517692011656553,0.4730096669657109,0.48795090505474137,0.4879544699797099,0.48795090505474137,Sudan
65,0.32511635401514866,0.44263386570348956,0.42473989115592364,0.4037511454586441,0.44015474256307124,0.44010720422558175,0.44015474256307124,Sudan
66,0.29667535666233535,0.4143381926084707,0.4020439000776781,0.37056413345535477,0.4106795058727595,0.4106408718147316,0.4106795058727595,Sudan
67,0.29609584568536707,0.41309257468923033,0.40301133624024155,0.3567939791916511,0.40769915048159566,0.40776736901243416,0.40769915048159566,Sudan
68,0.2927343935401627,0.4130696953997368,0.40438443132858404,0.3500637724791908,0.40721233744163476,0.40747085854302206,0.40721233744163476,Sudan
69,0.3257963343458742,0.4433871341188609,0.4358446125903054,0.3827006986743022,0.43769039096589657,0.43786746140093813,0.43769039096589657,Sudan
70,0.33342491316646083,0.45103361179684404,0.4464711096775042,0.39997311889300413,0.4478935946919672,0.4483353052543766,0.4478935946919672,Sudan
71,0.34943554904484186,0.4689536893137756,0.46256099659807814,0.4204107062406877,0.4640107345008209,0.4644561212923621,0.4640107345008209,Sudan
72,0.3549252421873142,0.4741558972309125,0.4681157933494097,0.432616643240152,0.4696673665307594,0.4700957862396087,0.4696673665307594,Sudan
73,0.3177622541395325,0.4363771017824017,0.4291401251656153,0.3944222981100533,0.43133692932037165,0.43153008689758043,0.43133692932037165,Sudan
74,0.30093329864811486,0.4233019982166393,0.4125690715470646,0.3812903874667262,0.41729790942511363,0.41732744747282535,0.41729790942511363,Sudan
75,0.2728627033615359,0.39227493769147465,0.37199468937025554,0.3483642300850923,0.38620680439753563,0.38620648295249727,0.38620680439753563,Sudan
76,0.27117693260946346,0.39241007179449117,0.3718008135029518,0.3636112471540498,0.3860096626388152,0.38631215556102594,0.3860096626388152,Sudan
77,0.3168474731323518,0.4390062493658365,0.42548643646264545,0.38287408182200694,0.43368319749396095,0.4340628216944122,0.43368319749396095,Sudan
78,0.2888847950908471,0.4069823763849621,0.39791044044841056,0.34121042688855163,0.40302932119454576,0.403316523213144,0.40302932119454576,Sudan
79,0.2751794925857792,0.39627292711050993,0.38917696108722244,0.3512050531850837,0.39212859408765105,0.39217018525923575,0.39212859408765105,Sudan
80,0.31097033725961903,0.43367610702082626,0.42660291600008676,0.3757363371814315,0.4285175405698862,0.42848466964838,0.4285175405698862,Sudan
81,0.3413919800300649,0.4659843911245978,0.4591325262157423,0.4068964899493839,0.4605679368775438,0.46076105943446116,0.4605679368775438,Sudan
82,0.33475211867740606,0.46188096398982714,0.4555306976942119,0.3981772518857396,0.4565643281722959,0.4569942757062638,0.4565643281722959,Sudan
83,0.3268550268888211,0.45254096527247856,0.44708656066807445,0.3932368544626472,0.4484957817955362,0.44874146837985396,0.4484957817955362,Sudan
84,0.27396669134646473,0.402544697678341,0.396444725761762,0.3515737806852374,0.39772805302952957,0.3981650914053418,0.39772805302952957,Sudan
85,0.24131095719117246,0.37340882552757015,0.3665514967605253,0.32743717901952624,0.36782453775831697,0.36809794084632563,0.36782453775831697,Sudan
86,0.20422425853716064,0.3359574024758367,0.33055420560535675,0.2994256517436632,0.33169933457747836,0.331957309012471,0.33169933457747836,Sudan
87,0.2010773083626128,0.32849888040481445,0.31871793257673753,0.2977900991061077,0.3229160439157239,0.3230719232671961,0.3229160439157239,Sudan
88,0.18447903608180563,0.3106912361463855,0.30077671918426685,0.2901099334353353,0.30598114384998665,0.3062271284091347,0.30598114384998665,Sudan
89,0.18442515613558458,0.3056698897765344,0.29809319176144505,0.29286401677127777,0.301376000460658,0.30151309523280956,0.301376000460658,Sudan
90,0.19451006308495028,0.3165324457441333,0.3093293365166172,0.3049805728161619,0.31122752695649575,0.3113492797390781,0.31122752695649575,Sudan
91,0.234142481524261,0.3587760599594617,0.351423900529195,0.3479590605878922,0.3527140637272487,0.35292674576431365,0.3527140637272487,Sudan
92,0.27296128538800646,0.3959802809894266,0.389719181284658,0.38472941454182225,0.3907745144511063,0.39098496968275015,0.3907745144511063,Sudan
93,0.28651177148335966,0.4096711935419569,0.4047287648730096,0.39618424719405454,0.405484704464027,0.4056166171729387,0.405484704464027,Sudan
94,0.30430552671058575,0.4249214064087116,0.41838856417222126,0.4060318115207204,0.4196545651356359,0.4198243227183149,0.4196545651356359,Sudan
95,0.29185939753993284,0.41031069287057204,0.4026266671184626,0.3930568449788834,0.4041318261942358,0.4044485586295951,0.4041318261942358,Sudan
96,0.299346480275936,0.41386510418474687,0.4069373761687403,0.3906896490035786,0.40824138165073376,0.40867188964034623,0.40824138165073376,Sudan
97,0.29277681680193524,0.4119497459385279,0.40377227526299836,0.3795228048113712,0.4055048331960867,0.40592068433085315,0.4055048331960867,Sudan
98,0.32535328993640616,0.44737995718067103,0.4368305774509399,0.42112934099918853,0.44094131092415856,0.4411335812417333,0.44094131092415856,Sudan
99,0.3447765886894415,0.46513650733674516,0.45282830665304097,0.42871652002563354,0.45991627145878355,0.460095969171103,0.45991627145878355,Sudan
100,0.3950474950951156,0.5154418968998973,0.49694793963294326,0.47077140401305406,0.5093391615607068,0.5095664011741128,0.5093391615607068,Sudan
101,0.4719310219261132,0.5884435205679455,0.5697599086462789,0.5411516645205934,0.5833894204983046,0.5836971341813301,0.5833894204983046,Sudan
102,0.43660247487932224,0.5515671972559307,0.5363600192652845,0.513955826973869,0.5454802147738476,0.5456999223657844,0.5454802147738476,Sudan
103,0.4015802337690027,0.5163266251021204,0.5055047269659465,0.48549851264234367,0.5106806056776949,0.5110337374822195,0.5106806056776949,Sudan
104,0.3700800753076602,0.4896356952969118,0.47957130659978947,0.4661168341202006,0.4832931990132214,0.4838022673784509,0.4832931990132214,Sudan
105,0.3870669319732535,0.5051568289620363,0.49848821242174124,0.4835079215148652,0.5011930068738258,0.5017225840354071,0.5011930068738258,Sudan
106,0.3722677297017233,0.49455671221387504,0.4875214740851063,0.4608102835399588,0.48907572526393905,0.48965052591466907,0.48907572526393905,Sudan
107,0.3899760028777836,0.507869546878857,0.503515224873306,0.4663948083887241,0.5046340539458903,0.505195114776595,0.5046340539458903,Sudan
108,0.43013946589106167,0.5485477330555347,0.5423896078457359,0.5013437582580828,0.5434256061679708,0.5437871957708845,0.5434256061679708,Sudan
109,0.4131070695448583,0.5299890783860971,0.523802621557822,0.48168358191417704,0.525488559118829,0.5257199691559369,0.525488559118829,Sudan
110,0.36883596323340206,0.485755525014082,0.47914983828500796,0.4341981732113043,0.4809432351370362,0.4811605228185251,0.4809432351370362,Sudan
111,0.35448733461467224,0.47293957739702575,0.43743765488482633,0.4426824124578943,0.4687152495934682,0.46922071272948096,0.4687152495934682,Sudan
112,0.39164358589524645,0.5130595858232607,0.46934726797204007,0.4911285119628847,0.5072754544453718,0.5075478779999363,0.5072754544453718,Sudan
113,0.38603319069079567,0.5035043137040329,0.4710482125069456,0.4867625501930923,0.49819725147778443,0.49832677868994146,0.49819725147778443,Sudan
114,0.3770834901165266,0.4937457021997979,0.4692913669176498,0.4770161675630415,0.4877653222532461,0.48785145864155766,0.4877653222532461,Sudan
115,0.3832774772790346,0.4982883369827367,0.48568297896164075,0.4836095320796488,0.49510627334281626,0.49523600838073784,0.49510627334281626,Sudan
116,0.40734884962043316,0.5251828487654536,0.5152666162904119,0.507899423599424,0.5203599395176014,0.5203067644742833,0.5203599395176014,Sudan
117,0.44061732073344534,0.558257379972787,0.5511308614809295,0.5336364388148179,0.5542092979086654,0.5542146883102206,0.5542092979086654,Sudan
118,0.44587892428537,0.5595867620074396,0.5539816873797205,0.5313607359104666,0.5559193697862385,0.5559535346945192,0.5559193697862385,Sudan
119,0.4347359737134264,0.552866013842826,0.5465164892500907,0.5234041644690114,0.5476264696753073,0.5479568353849331,0.5476264696753073,Sudan
120,0.409280975472744,0.5265211748269922,0.5217281810489617,0.50054131188351,0.5226680798668563,0.523040305150375,0.5226680798668563,Sudan
121,0.4056185113037206,0.5281781658955715,0.5204175270135232,0.4941579307324865,0.5234048458783049,0.5237894396211286,0.5234048458783049,Sudan
122,0.4227194286794651,0.5487832613449154,0.5197938397773122,0.518411490348213,0.5428210556941867,0.5431450085927051,0.5428210556941867,Sudan
123,0.45980424900734135,0.5858217660171214,0.5278009468172143,0.5498315119217644,0.5796763717568925,0.5801414752636881,0.5796763717568925,Sudan
124,0.48349753864082234,0.607235717356377,0.5543939321256629,0.5601524129642081,0.6027103794835985,0.603091436581968,0.6027103794835985,Sudan
125,0.5077127457175444,0.6344665830686965,0.6000725751658984,0.6016711310398358,0.628859651585907,0.6290516771330431,0.628859651585907,Sudan
126,0.4832072210218143,0.6126334976050771,0.5904512454040804,0.544297853276088,0.6063352337014567,0.6063518385002619,0.6063352337014567,Sudan
127,0.5052415323402119,0.6349724197153389,0.6197614403910489,0.5589536102281175,0.6282751508635754,0.6282943517577363,0.6282751508635754,Sudan
128,0.5228106307394046,0.6499021841496706,0.6395976014988335,0.5776621788409428,0.6443363959568,0.6443439878630524,0.6443363959568,Sudan
129,0.5302947196292246,0.6570550651702081,0.6483978485533928,0.5862873581978776,0.6509902242580583,0.6509802723718964,0.6509902242580583,Sudan
130,0.5153755863063739,0.6432315951708161,0.636212234359189,0.5746248150444451,0.637727763359407,0.63770879632031,0.637727763359407,Sudan
131,0.4885309073415374,0.6180001902630339,0.6112643622514191,0.5592122540789843,0.612686557377101,0.6126565582767582,0.612686557377101,Sudan
132,0.46702281665827444,0.5934424865245677,0.5863712292044091,0.5408585560875411,0.5874711681584618,0.5875334024480219,0.5874711681584618,Sudan
133,0.45927261593202406,0.5863536369841377,0.5808237508752926,0.5322650002035085,0.5815611266209794,0.5820303922862734,0.5815611266209794,Sudan
134,0.44556669755599787,0.575815662010522,0.5655130592435152,0.5298676709867345,0.5700811875157522,0.5704282019804979,0.5700811875157522,Sudan
135,0.4473032663544636,0.5802404474665568,0.5686746421191757,0.5293376569190871,0.5739385919938507,0.574055058639095,0.5739385919938507,Sudan
136,0.4552318030416931,0.5844852504491704,0.5752641688417574,0.5507605777335121,0.5787357688076338,0.5791728294609638,0.5787357688076338,Sudan
137,0.47903854660140666,0.6069861073577423,0.5938246306622821,0.5786836672248014,0.6033682596538089,0.6037933413360785,0.6033682596538089,Sudan
138,0.4854287604574805,0.6165760660959982,0.5993158626114932,0.5644479184212731,0.611189698553458,0.6115404382062293,0.611189698553458,Sudan
139,0.5302459524885457,0.6629273476435436,0.6492760357705895,0.5944120629142097,0.6575503450005479,0.6580020870565755,0.6575503450005479,Sudan
140,0.5695493798448066,0.6978914849684017,0.6875434083114528,0.6241465978074258,0.6922624898385015,0.6924977700785192,0.6922624898385015,Sudan
141,0.5644080452221529,0.6893764912409314,0.6822765569451211,0.6246502400888531,0.685206634616507,0.6855700083921886,0.685206634616507,Sudan
142,0.5640960988037369,0.692044033146554,0.6847896249599998,0.6240957220626964,0.6867272450581001,0.687296093295318,0.6867272450581001,Sudan
143,0.5978158862891997,0.72019980972878,0.7155342394488007,0.6540916707185195,0.7169188989404133,0.7172910271618793,0.7169188989404133,Sudan
144,0.621181373106788,0.7472119019035812,0.7411200793521526,0.6867720492786928,0.7421802564212482,0.742684169324777,0.7421802564212482,Sudan
145,0.6404259108558339,0.7635375118025941,0.7563641035959912,0.7037976483410348,0.7579030955297369,0.7584337241910672,0.7579030955297369,Sudan
146,0.6339432110499114,0.7525562727154558,0.7453378694265038,0.6993641449218304,0.748164211216666,0.7483704034971015,0.748164211216666,Sudan
147,0.6143391487508876,0.7331661263942314,0.7247587528679656,0.6786964572681639,0.7278104116817828,0.727892166206188,0.7278104116817828,Sudan
148,0.6152417084975977,0.7329816029095012,0.7238343721203436,0.681190309683012,0.7272204291543867,0.7275147352064959,0.7272204291543867,Sudan
149,0.6442993798351261,0.7580630151998876,0.7483804525372563,0.721372477997462,0.7529316285801204,0.7535342587216911,0.7529316285801204,Sudan
150,0.7152415928391351,0.8324026338402342,0.8235318106742673,0.8088422261693944,0.8277538353131471,0.8278900941961252,0.8277538353131471,Sudan
151,0.7262019765295521,0.8439604704749191,0.8386194385185518,0.8281895956222596,0.8411909884512407,0.8412371539018135,0.8411909884512407,Sudan
152,0.6883660151569698,0.8072749556432739,0.8008756330834026,0.7840041378877597,0.8024547994459089,0.8023831302996693,0.8024547994459089,Sudan
153,0.6665247727355067,0.7813787760405115,0.7759249139366401,0.7477845471102429,0.777189060433829,0.777218677391077,0.777189060433829,Sudan
154,0.6675274054631901,0.785588210631545,0.7796559627226987,0.7470589400217204,0.7807304606806172,0.7807543310040245,0.7807304606806172,Sudan
155,0.6660755343047754,0.7866381302968429,0.781538239866564,0.7457867581886964,0.7826729084475821,0.7829713237517195,0.7826729084475821,Sudan
156,0.6405485161393566,0.7588967988414042,0.7547613755601972,0.7152776973336212,0.7561173281039322,0.7563374419157675,0.7561173281039322,Sudan
157,0.6152879048612508,0.7340985831410268,0.7288379187141703,0.6855265968795664,0.7303513613319996,0.7307323781516736,0.7303513613319996,Sudan
158,0.6046700479183373,0.7234294620628908,0.7178683692745911,0.6724240132713699,0.7192067626103941,0.7196668346594994,0.7192067626103941,Sudan
159,0.6314888336945742,0.7508582744188961,0.7227233051535367,0.7044370899625311,0.7461537434685118,0.7465223709978652,0.7461537434685118,Sudan
160,0.6276619615076816,0.7495156900043619,0.7165121385157907,0.7051378084874255,0.7439083916574453,0.7443757835467879,0.7439083916574453,Sudan
161,0.5414337193582728,0.6592061660879702,0.6409563534427352,0.6256980199293927,0.6558832074206551,0.6561945282407735,0.6558832074206551,Sudan
162,0.48766595226042747,0.6030346985495074,0.592245399685674,0.5856468165966799,0.6008596508096014,0.6010621173635637,0.6008596508096014,Sudan
163,0.5044311510002856,0.6197888385610938,0.6127658406559112,0.6096364710254646,0.6181347754204497,0.6182632740584417,0.6181347754204497,Sudan
164,0.5468062580219653,0.664642520505153,0.6585899318643449,0.6522421261894195,0.661905844592748,0.6620470678863855,0.661905844592748,Sudan
165,0.5800768646639596,0.6984317251496475,0.6926158712631798,0.6726530188230533,0.6945244638191448,0.6946376889413624,0.6945244638191448,Sudan
166,0.6290068019108491,0.7482262251494919,0.7445138517487401,0.7073424637906874,0.7458904596797681,0.7460524225735689,0.7458904596797681,Sudan
167,0.6540374873522531,0.7762494150332997,0.7725078982311898,0.7219188657511819,0.7736529112261543,0.7737083294111964,0.7736529112261543,Sudan
168,0.6796615548733655,0.7978472251267753,0.7923179458643742,0.7365847922157295,0.7931432148001848,0.7931919019499751,0.7931432148001848,Sudan
169,0.6489223099310677,0.7633637834335584,0.7601644073656028,0.7109537442616666,0.7607665914213836,0.7610686759457033,0.7607665914213836,Sudan
170,0.667611272770668,0.7874344232394224,0.7818830384971702,0.7331865148768741,0.7834808252429164,0.7837986355741459,0.7834808252429164,Sudan
171,0.6817326066577953,0.806193694910289,0.7956156411208369,0.7499941901285674,0.8010812821048587,0.8011932627914246,0.8010812821048587,Sudan
172,0.6840549210469762,0.8056582896767365,0.7942705008024868,0.756678480015791,0.8001294520200039,0.8000484611645697,0.8001294520200039,Sudan
173,0.7032374583294535,0.8223851259579614,0.8107926706472252,0.7781230489450309,0.8170094209700248,0.816927291628442,0.8170094209700248,Sudan
174,0.6715575118829856,0.7894148460929156,0.7778999850463324,0.7371383630785697,0.7832660816462682,0.7832481909713783,0.7832660816462682,Sudan
175,0.6627885667058476,0.7846466632499166,0.7769904417864456,0.7500154338994701,0.7804518247860298,0.7804247585049505,0.7804518247860298,Sudan
176,0.6704295854449336,0.794259355702841,0.7888699550089499,0.737434780229649,0.7911406921202285,0.7909602558499544,0.7911406921202285,Sudan
177,0.6822033541308664,0.8043868577494458,0.7996961323513908,0.7401939437368134,0.8014574127817916,0.8014247910177598,0.8014574127817916,Sudan
178,0.7073787035131198,0.8323833300657734,0.828399328928,0.7839259523356154,0.8299589184459212,0.8301427959932086,0.8299589184459212,Sudan
179,0.7424296909691512,0.8679936801976431,0.8652301681827911,0.8370498491402,0.8665071220237209,0.866932211640465,0.8665071220237209,Sudan
180,0.7628573309638088,0.8897581460042661,0.8869906564796306,0.8659726897264255,0.8881086692144504,0.8887327083336782,0.8881086692144504,Sudan
181,0.7646402434847858,0.8911197582096385,0.8858458597850078,0.8623771892785245,0.8871622797482837,0.8876511046465234,0.8871622797482837,Sudan
182,0.7830756256250553,0.9055951761057117,0.900561593887841,0.8661170540860047,0.9019535586362092,0.9022607260666827,0.9019535586362092,Sudan
183,0.7818855072180281,0.9012899892644247,0.8944560695941011,0.8655917737969471,0.8978735101115647,0.8981459211410522,0.8978735101115647,Sudan
184,0.7170829211028428,0.8419581745552471,0.8333878072906478,0.8052152363810992,0.8376413147663385,0.8376681543918378,0.8376413147663385,Sudan
185,0.6616043458409051,0.7854321077893633,0.777349255176892,0.7421267644368308,0.7805828425342981,0.7805853149374412,0.7805828425342981,Sudan
186,0.6093494505131477,0.7312094535497287,0.7221236692444084,0.7060868560084503,0.7267990238926143,0.7266857676127977,0.7267990238926143,Sudan
187,0.5994455001490566,0.7187417103953714,0.7089863848470397,0.6969273478571434,0.7139937700449162,0.7139265159228866,0.7139937700449162,Sudan
188,0.631774701285175,0.7488506528989856,0.7416486434939161,0.7113509675334464,0.7454346471483437,0.745363695379823,0.7454346471483437,Sudan
189,0.6738589335399285,0.7924228275773613,0.7856209019058091,0.7345392181170805,0.7880698522380589,0.7880015693413874,0.7880698522380589,Sudan
190,0.7198873237390924,0.8360420394488913,0.8319386171806946,0.7772587942647208,0.8332912747931733,0.8332794606171481,0.8332912747931733,Sudan
191,0.7828271492224822,0.8973659374385776,0.8921744378563805,0.849988993779492,0.8935741357856497,0.8937298824958076,0.8935741357856497,Sudan
192,0.8041529554376997,0.9157368137686466,0.91178354656538,0.8702945131299995,0.913554014385183,0.9139694538034725,0.913554014385183,Sudan
193,0.786279840441416,0.898572809885197,0.8934831051352823,0.8479866166080079,0.8950069779290697,0.8954707830262709,0.8950069779290697,Sudan
194,0.8155188644606164,0.9312321047655476,0.9238235426617665,0.8769485963840299,0.9262228336902433,0.9264709993160489,0.9262228336902433,Sudan
195,0.8363027060795892,0.9502566550260532,0.9203717577791519,0.8990404190107869,0.9442130508400061,0.9444510700088122,0.9442130508400061,Sudan
196,0.85995014863633,0.9708462205876393,0.9153862412359133,0.9247093788299875,0.9652893059637293,0.9653293911878171,0.9652893059637293,Sudan
197,0.8903487140335844,1.0028044883459806,0.9251450171539254,0.972985031034521,0.9967263896302105,0.9966229914215893,0.9967263896302105,Sudan
198,0.8803999249279079,0.9954729291789886,0.9276314707379019,0.9762135444329414,0.9887192008957202,0.9886797340208551,0.9887192008957202,Sudan
199,0.8386703007630133,0.951693698134556,0.9107493178347019,0.9344915826018221,0.9449065349234463,0.9447806522408694,0.9449065349234463,Sudan
200,0.8187200157340506,0.931505070380512,0.9085004741423769,0.8929496527873193,0.926027363692467,0.9259944623251881,0.926027363692467,Sudan
201,0.8232132256512282,0.9359906657432249,0.9208467382063941,0.8950086860033359,0.930112358097491,0.9300258661429834,0.930112358097491,Sudan
202,0.8462620365096348,0.958467125249534,0.9472816205055339,0.922741237180956,0.9526179231318173,0.9526081051390779,0.9526179231318173,Sudan
203,0.8557512414696806,0.9651321456559753,0.9587689440055989,0.9396645008606069,0.9618997802341421,0.9621742212633423,0.9618997802341421,Sudan
204,0.8552004466920036,0.9670681155759355,0.9611023962036936,0.9451198437188789,0.9628067664574904,0.9631360321338321,0.9628067664574904,Sudan
205,0.8571119040836499,0.9710877073757702,0.9655502208842808,0.9502927568502739,0.9664640081957846,0.9667031459459499,0.9664640081957846,Sudan
206,0.8497805807699631,0.9653210277318075,0.9567111409105573,0.9365427016033766,0.9597899954218416,0.9599414979518088,0.9597899954218416,Sudan
207,0.8946209685445057,1.0079475342776782,0.9989611467514642,0.9785762867762823,1.002761005507528,1.0031069317868586,1.002761005507528,Sudan
208,0.8793134435798624,0.9905583816872731,0.9850562759347455,0.9672225018557153,0.9872841831827613,0.9874208707862185,0.9872841831827613,Sudan
209,0.8830582713088163,0.9961317487546802,0.9913728773319938,0.9724183600677027,0.9925399580678386,0.9925733325238555,0.9925399580678386,Sudan
210,0.9393290919968583,1.0511125929596,1.0239009479837358,1.0321019567939245,1.0486270340315924,1.0488806245314837,1.0486270340315924,Sudan
211,0.9673398908512797,1.080543483776522,1.047389211275285,1.0651679418810462,1.076098213733133,1.0761286994313572,1.076098213733133,Sudan
212,0.9831864888140592,1.0948948787800348,1.0780840038898905,1.0867854466330253,1.0925825034080083,1.0924301971873343,1.0925825034080083,Sudan
0,0.8887790738927834,0.8887790738927834,0.8887790738927834,0.8887790738927834,0.8726891414463893,0.8887790738927834,0.8887790738927834,Indus
1,0.8435000955692977,0.84046090309459,0.8260733091162547,0.835264757753561,0.8297423650470257,0.8416263315433146,0.8402247104909855,Indus
2,0.767485325005193,0.764329695508683,0.7474170073696524,0.750833350219505,0.7568846809844298,0.7661872033882902,0.7637137690724367,Indus
3,0.7208094481473233,0.7010125156557717,0.6655593139152886,0.6912022428717489,0.6958886724111397,0.703481559053399,0.7003377190832879,Indus
4,0.746587224272495,0.7258262470502791,0.6708575030080376,0.7191101191686257,0.7221632564949841,0.7280736015723921,0.725061742505981,Indus
5,0.7602619947503241,0.7337841634940684,0.6835478646798864,0.7281011220762196,0.7312486121587448,0.7361837293679115,0.7331369315617615,Indus
6,0.7534361327290227,0.7317323516174841,0.6933364098018286,0.7231484455359392,0.729621279119893,0.733877036287619,0.7308514903937378,Indus
7,0.7943772926681592,0.7691460491278915,0.7388382580446957,0.7521733321181833,0.767398431200881,0.7714598485948944,0.7681998950718113,Indus
8,0.7924506948570095,0.7615986374518905,0.7344689050074473,0.7412988169767966,0.7601351454770525,0.7632246095204613,0.7606572869580025,Indus
9,0.8380416546440812,0.8084449933670905,0.7848759915763469,0.7936506984308216,0.8071624121484849,0.810302222546888,0.8075025793550393,Indus
10,0.9278382234570081,0.8859510501456165,0.862169083825829,0.874121514597602,0.8847931726641651,0.8878673975789931,0.8850147864080196,Indus
11,0.9691200665159795,0.9256469413689813,0.8980599710298481,0.9120236391706128,0.9246999474337886,0.9255168344247863,0.9248443254059119,Indus
12,0.9755419743080935,0.9264242252678866,0.8996192741982392,0.9076248031499518,0.9253129416025342,0.9264633960997716,0.9254070016480526,Indus
13,0.9256547602946451,0.8741351041490807,0.8522545646819035,0.8554319983957925,0.8732790015511509,0.8733775168714275,0.8733402802353768,Indus
14,0.9388721573115755,0.8696903415043449,0.8510834436798318,0.8533633030905747,0.8687209139235119,0.8691364652278435,0.868760836051125,Indus
15,1.0071875065100608,0.9328264966945905,0.8992176403456158,0.9036568412162931,0.9320065763003866,0.9332570112811754,0.9320325849572837,Indus
16,0.9896712408029401,0.9169526268646817,0.865399205565127,0.8779157797167243,0.9161266240033822,0.9166246060878328,0.9161435682464383,Indus
17,0.944945679868226,0.8635539344870081,0.8181616036648286,0.8252275486443371,0.8626409410490085,0.8628560638583632,0.8626519799647773,Indus
18,0.9262764148087138,0.8457120959264303,0.8136571838584993,0.8114880457373586,0.8448153603365789,0.8452412955378861,0.8448225520217398,Indus
19,0.9655095792714492,0.8803925230919538,0.8515787214891674,0.8470357490020262,0.8796850946586915,0.8800596687067832,0.8796897799318232,Indus
20,1.015666952450872,0.9343640421536068,0.9080124314829268,0.9003749925309498,0.933550529847456,0.9342455241237565,0.9335535822314004,Indus
21,0.95727402891529,0.873611428777897,0.8527728125866898,0.8340584342795946,0.8726602745055857,0.8732105322859677,0.8726622630871438,Indus
22,0.8232453353768159,0.7300446987492039,0.7129269737958047,0.6855179223070883,0.7289899965821344,0.7294943598855188,0.7289912921126721,Indus
23,0.8039773294654636,0.697873578231204,0.6792116471888577,0.6645551784413906,0.6971594850566445,0.6977277412480818,0.697160329075019,Indus
24,0.7985824160187429,0.6896112335851895,0.6713909495886305,0.6596147111311881,0.689065838884024,0.6905343157922728,0.6890663887491145,Indus
25,0.7483375419496534,0.6393909706318516,0.6207102583250876,0.611224708318162,0.6385577210030068,0.6399083729365314,0.6385580792317219,Indus
26,0.6955048573006909,0.5836070286818081,0.5647489750480129,0.5530420309216731,0.582693636267319,0.584955340185661,0.58269386964786,Indus
27,0.6304992281014477,0.520379980178995,0.5025199228663468,0.48982500766140225,0.5193375107844665,0.5216311827347344,0.5193376628283275,Indus
28,0.5863461048981586,0.47256518122908636,0.456444626680448,0.4449626837888572,0.47145111559019576,0.47488639024514995,0.4714512146444509,Indus
29,0.6644337270961284,0.544333587683202,0.5312073005434603,0.5247942133811642,0.5432854690553884,0.5459769770746957,0.543285533587724,Indus
30,0.7563114902185099,0.634373254796987,0.6236599312100428,0.6191440990653058,0.6336904215060709,0.6360965151386776,0.6336904635479027,Indus
31,0.8413269333176523,0.7201254278200162,0.7076394414420206,0.7005658707641788,0.7192578909521674,0.7212202530176727,0.7192579183417793,Indus
32,0.925192452336358,0.8023987693421335,0.7844316242778587,0.7754439916253283,0.8015553344508228,0.803224161157538,0.801555352294737,Indus
33,1.0183486170004508,0.8933261879107615,0.8726735318799274,0.8581168699145336,0.8925930477196404,0.8935876221264203,0.8925930593446783,Indus
34,1.1255793769767615,0.9997867955133741,0.9790155346171008,0.9641100504627362,0.999240666670373,0.998610847375663,0.9992406742439077,Indus
35,1.1497412153628401,1.0249508945699104,1.0001550810724655,0.991989516918962,1.0242931467499108,1.023578333468895,1.024293151683953,Indus
36,1.1305109803819382,1.0066237090940573,0.9819739371132347,0.9735394918484788,1.0061185547734242,1.0054772075758533,1.0061185579878773,Indus
37,1.0348847717214442,0.9163145653564392,0.8925424071470772,0.8841361449912111,0.9159598448491334,0.9154414014568364,0.9159598469433007,Indus
38,0.9761214252227257,0.8572405319315057,0.8224505232602564,0.8277977243590571,0.8565314249697988,0.85593323128949,0.8565314263341168,Indus
39,0.9254193368712631,0.8021710063261581,0.7678327784988707,0.7659532991095291,0.8014792770360454,0.8007071541712737,0.8014792779248777,Indus
40,0.8124300590717527,0.6907711578480933,0.6560663355509789,0.6643761229592251,0.6898768649668751,0.6913457414109793,0.6898768655459359,Indus
41,0.8011966763589483,0.6776963270736199,0.6411378544021858,0.6398158547529396,0.6766977015056704,0.6783845632540204,0.6766977018829197,Indus
42,0.7811718288845445,0.6561645249305825,0.6271342194655412,0.6159061205764184,0.6550480098935987,0.6572818561900384,0.6550480101393708,Indus
43,0.7303646163962303,0.6084632212784031,0.5868238782287963,0.5720406891995562,0.6074667813750315,0.6094897265174732,0.6074667815351482,Indus
44,0.7591423239397491,0.63525230994286,0.6150859929436581,0.610298890103092,0.6343581096069268,0.6362189133661557,0.6343581097112405,Indus
45,0.7505161449841221,0.6308861360244122,0.6115074689463021,0.613161729645771,0.6298280505155429,0.6315857438953483,0.6298280505835018,Indus
46,0.7131166226090743,0.5914939159573797,0.5664420870240316,0.5739374281699361,0.5907995136884302,0.592178199687041,0.5907995137327045,Indus
47,0.6785075826793354,0.5547459832738314,0.5239261262060542,0.5392566106171978,0.5540395171020344,0.5559906923717405,0.5540395171308783,Indus
48,0.6223704744651917,0.5011597213662454,0.47510899176434357,0.48531740345707974,0.5002887437957634,0.5016770847541607,0.5002887438145548,Indus
49,0.637103790803117,0.5136732344910586,0.48314549905370574,0.49596208551340176,0.5130220082121659,0.5147009824266426,0.5130220082244082,Indus
50,0.7126395394574392,0.5933150553190168,0.5545184768042533,0.574194685675652,0.5925944694769263,0.5941655173731158,0.5925944694849019,Indus
51,0.8443546187834807,0.7236115428539454,0.6881243188218102,0.6982876826368931,0.7226803572654525,0.725314364623906,0.7226803572706486,Indus
52,0.8934781098510728,0.7715269345869147,0.7379187259309309,0.7351368240368698,0.7707007948596554,0.77212007783971,0.7707007948630406,Indus
53,0.8581962234845643,0.7390737440698757,0.707003226934181,0.704945079634547,0.7381578910305212,0.7388105643259439,0.7381578910327266,Indus
54,0.8852934524955931,0.7620088062316972,0.7354016683560128,0.7248054197717964,0.7611080089647433,0.7616832765893083,0.7611080089661801,Indus
55,0.959872821870577,0.8373665440623191,0.8160874034503146,0.7999936321453671,0.8362937683367561,0.8366208494362487,0.8362937683376922,Indus
56,0.9106756479817542,0.7851905188056396,0.7698433373643301,0.7472369829413945,0.7842671884447141,0.784071823325706,0.7842671884453241,Indus
57,0.9062232212116702,0.7790746135889348,0.7655490573463106,0.7373118472555034,0.7779916892717404,0.7777701110149338,0.7779916892721377,Indus
58,0.990401981490139,0.8645652692383275,0.8496384764975016,0.8143519064083738,0.8634557464727818,0.8627986721225683,0.8634557464730407,Indus
59,0.9508667230758718,0.8245973920238087,0.8112824081335509,0.7804930155027551,0.8237342407144437,0.8228124900074376,0.8237342407146123,Indus
60,0.8849673643905414,0.759859979804024,0.7449656382006816,0.7178136196950398,0.7592210516912969,0.758206802193544,0.7592210516914069,Indus
61,0.9123982373481223,0.7866178586965681,0.7703498175700779,0.7482547906627289,0.7858786239356207,0.7863352955636139,0.7858786239356923,Indus
62,0.881456628608387,0.7588964093527698,0.7399676483755578,0.7220330564013369,0.7579706180960942,0.7588899504819338,0.757970618096141,Indus
63,0.793312938578334,0.6683933209086127,0.6433609222228398,0.6348355732809188,0.6673165738724457,0.6675528943413416,0.6673165738724761,Indus
64,0.6918361890317969,0.5628572999082062,0.5350012075282373,0.5186992522836249,0.5618302239181244,0.5633826688013763,0.5618302239181443,Indus
65,0.6015546753004263,0.47752935795573576,0.4534752508157217,0.4334064751607194,0.476467664313133,0.47854264874236135,0.4764676643131459,Indus
66,0.5712834644597123,0.4437987019760549,0.42425470501642687,0.4033119690577765,0.44274799418746746,0.445372892542477,0.4427479941874759,Indus
67,0.5932992580165884,0.4648868443967315,0.4455769690171884,0.4283639917890118,0.4641191965570976,0.46651015170600335,0.46411919655710315,Indus
68,0.6945624842756668,0.5629286945447088,0.5440579351301875,0.5273513291721337,0.5621751565267915,0.5646585928011717,0.5621751565267952,Indus
69,0.6662845065138296,0.5390590045997954,0.5239367552619083,0.5143956057462217,0.5383947550776915,0.5395988918052151,0.538394755077694,Indus
70,0.532082344997516,0.4084704903695259,0.3973060997610364,0.3920905887044435,0.4079736948795874,0.40923787388549543,0.40797369487958896,Indus
71,0.5542381746992331,0.4328682536387939,0.42180106610308366,0.41710721042605836,0.4324524306764417,0.43440222774292825,0.4324524306764427,Indus
72,0.6529126486333244,0.527071966210511,0.5144338504103854,0.505905431116086,0.5265866114111112,0.5279419814280532,0.5265866114111118,Indus
73,0.73778735077582,0.6104145933761724,0.5980258415852395,0.5880137504551689,0.6097545573761531,0.6113413690253515,0.6097545573761536,Indus
74,0.7910449859707614,0.6617886288202915,0.63026566830017,0.6327994442569076,0.660870422937475,0.6615339740505378,0.6608704229374753,Indus
75,0.8228253307936124,0.6960484637222366,0.6497864641335758,0.6622749846632967,0.694971555917343,0.6952707957743902,0.6949715559173433,Indus
76,0.8112035589033418,0.6812076483178003,0.6373851450891469,0.6370742261079837,0.6802608281047821,0.6801503369326976,0.6802608281047822,Indus
77,0.7654006318907554,0.632598738760651,0.59628289830387,0.59225274207056,0.6317266830974965,0.6315145008592806,0.6317266830974965,Indus
78,0.7191476543068099,0.5885226190901914,0.5588718320230034,0.557255665349272,0.5876343238276822,0.5877513482047635,0.5876343238276822,Indus
79,0.7335047874415688,0.6017078368180799,0.577913332670561,0.5733586095810725,0.6006860206994358,0.6009870478142934,0.6006860206994358,Indus
80,0.8159274422802034,0.6837909671806894,0.6631318166799757,0.6506996255023375,0.682865608833188,0.6829027394119248,0.682865608833188,Indus
81,0.8208817401461241,0.6871085458183107,0.6598979897603712,0.6573284951552949,0.6863446150658953,0.6853205332360358,0.6863446150658953,Indus
82,0.7544339539312895,0.6182873019876276,0.5848703292275094,0.5751821821654953,0.6175190435792145,0.616641193943958,0.6175190435792145,Indus
83,0.7153689643064387,0.5800038370738886,0.5477159037663785,0.5493325522239453,0.5790577432578191,0.5783413869846331,0.5790577432578191,Indus
84,0.7266821478309818,0.5929426170667236,0.5651677564193103,0.5637423650583551,0.59206634651745,0.5898687788937633,0.59206634651745,Indus
85,0.6629795590289788,0.5277552550918184,0.505623111876887,0.4992368215879487,0.526710599312635,0.5245951709094033,0.526710599312635,Indus
86,0.5767044901293631,0.44171110521615675,0.4183484404329111,0.414093591419809,0.44075609403082755,0.438979219583463,0.44075609403082755,Indus
87,0.47515566059836484,0.3384995884493737,0.31423475930648453,0.31726057481037107,0.3374384175858079,0.3367805986793966,0.3374384175858079,Indus
88,0.4075190863327927,0.27503509318617864,0.2539134003558791,0.24188538726893882,0.2740216786154928,0.2743190461016842,0.2740216786154928,Indus
89,0.41350247009752517,0.2826649240640281,0.2628532818204881,0.2395940327128121,0.28153169129747235,0.28196620957454915,0.28153169129747235,Indus
90,0.4907410325000495,0.3623557546977818,0.3439378588710388,0.31878892132832515,0.36121399150317285,0.3629281812634447,0.36121399150317285,Indus
91,0.5190470961369977,0.3914587858007991,0.3750576424444877,0.3558241607125342,0.39055498148481155,0.39247460529098716,0.39055498148481155,Indus
92,0.46826953831316026,0.3426914061760714,0.3283084805206884,0.3168119970645383,0.34162867553364457,0.34315571179294607,0.34162867553364457,Indus
93,0.5104418416349766,0.3780702309217236,0.3610446512362398,0.35079880179131906,0.3772522615081459,0.37910102337268814,0.3772522615081459,Indus
94,0.4912024933512645,0.362742614302319,0.34573771034952816,0.33929791712594826,0.36187706761694227,0.3636837455953198,0.36187706761694227,Indus
95,0.4312789143974045,0.3041548187704093,0.28493596956798767,0.2871742065776643,0.3035725395763734,0.30477749697102746,0.3035725395763734,Indus
96,0.4539222017659402,0.3310793226688333,0.3111931786363358,0.3172247428300649,0.3306603971178649,0.33221996421011385,0.3306603971178649,Indus
97,0.5277088574190618,0.4003023422233971,0.3783846497416634,0.3849566537456559,0.39969828232787663,0.4008920655136322,0.39969828232787663,Indus
98,0.6220164426424184,0.4920723879084242,0.46936594831686135,0.4735051093069265,0.4915191174464396,0.4936741784259936,0.4915191174464396,Indus
99,0.7502338825855475,0.6202254963819532,0.6014552566037942,0.597271449693562,0.6196056527475633,0.6208989019616983,0.6196056527475633,Indus
100,0.8532584162625302,0.7225757090319069,0.7024891834431825,0.6846745143834645,0.7219596559468728,0.7227329373117287,0.7219596559468728,Indus
101,0.840855609570008,0.7131904695823315,0.6920124721962726,0.6652089757555976,0.7125773311494347,0.7130315242690041,0.7125773311494347,Indus
102,0.743033101810785,0.6189300062067257,0.6019926434109784,0.5711661523544324,0.6180950395677015,0.6179262447406739,0.6180950395677015,Indus
103,0.6573953824378889,0.5342866981997986,0.5203641386199426,0.4906371215866796,0.5332786491405003,0.5328050197649118,0.5332786491405003,Indus
104,0.5683479034380665,0.44635461364765117,0.4331659477262972,0.4060105211217995,0.4452156204936345,0.44437443107306107,0.4452156204936345,Indus
105,0.5726781385442248,0.45029838037812925,0.4367509027736765,0.41042588211933256,0.44935355342194927,0.4488059034798234,0.44935355342194927,Indus
106,0.622502708527677,0.5003887961784373,0.48423830905253284,0.4516916217920045,0.4994842053353736,0.49806408140441766,0.4994842053353736,Indus
107,0.6125593337270758,0.49111422428088725,0.46822438317245857,0.4403213413665958,0.49006522273352354,0.4890705220425535,0.49006522273352354,Indus
108,0.5769439284362868,0.4526629421040964,0.4273945593753254,0.40638289580992404,0.45189394139558847,0.45099047866148273,0.45189394139558847,Indus
109,0.5804752347762425,0.45569001548668,0.42546676670049893,0.4138419573957406,0.4548580274496926,0.4536121425686827,0.4548580274496926,Indus
110,0.5342649369173803,0.40855610962326167,0.37613148742799,0.36921034261124497,0.4075463596932942,0.4070983747371548,0.4075463596932942,Indus
111,0.569216487334277,0.44491186971662167,0.41578371302528405,0.4004298660972683,0.4439441732298001,0.444042368237785,0.4439441732298001,Indus
112,0.7064989308401015,0.5822552565299741,0.5586478829735546,0.5322122882219675,0.5813347007698396,0.5818881830991274,0.5813347007698396,Indus
113,0.7810338632839178,0.6566476105143726,0.6384344832207842,0.6073813233703435,0.6558792644354057,0.6560706299576309,0.6558792644354057,Indus
114,0.7438140617038054,0.6189956786884951,0.6013726439480065,0.5710894746306078,0.6181571390742793,0.6178275200474401,0.6181571390742793,Indus
115,0.6657528836705655,0.5404429980301899,0.5229881739376092,0.49818685472883084,0.5397657096054718,0.5387231097503637,0.5397657096054718,Indus
116,0.6117210904778895,0.48304780670717895,0.46275958652913207,0.4424583206597727,0.48218956015201037,0.4811959355999972,0.48218956015201037,Indus
117,0.6005319885823249,0.4693487086472321,0.4448844024422864,0.4394101789407128,0.4686913642421734,0.4675489001926229,0.4686913642421734,Indus
118,0.5316773177544448,0.4037513024331281,0.3780253386486313,0.38075170824083054,0.4032248427129432,0.40198541200215354,0.4032248427129432,Indus
119,0.4322545202489081,0.30329115664858197,0.2777876210002639,0.28780335241917576,0.3029403098329704,0.302132782972481,0.3029403098329704,Indus
120,0.42390699840141544,0.29400181125989866,0.2646327683516855,0.2771796301833561,0.2935926968135937,0.2934491546339456,0.2935926968135937,Indus
121,0.4506684042103387,0.3167342046848539,0.2872551667451742,0.2927137964866599,0.3163031975913577,0.314628942878212,0.3163031975913577,Indus
122,0.4027905925432935,0.2701313617618359,0.24703658041745657,0.24375126608052766,0.2695967419045739,0.2671684889339144,0.2695967419045739,Indus
123,0.29868050497981696,0.16364373832019405,0.14591978362856559,0.14133595406618,0.16283611192151234,0.16158079021476168,0.16283611192151234,Indus
124,0.3042401086002303,0.17042464630126636,0.14555657362080765,0.1543597278006391,0.16957143568048216,0.16919866809756598,0.16957143568048216,Indus
125,0.4389010960646109,0.3028423350276907,0.27571571327570066,0.2733519003054813,0.30181482565383044,0.30217970492596274,0.30181482565383044,Indus
126,0.5704254492335206,0.43336908323105383,0.4111934991753207,0.4022275081516577,0.43251344944961145,0.43244552489444116,0.43251344944961145,Indus
127,0.570722838801431,0.43428142912913087,0.4144196435254526,0.4003490650996134,0.4335582908986907,0.43311761246073943,0.4335582908986907,Indus
128,0.5866687289877847,0.45017674837921673,0.4338866309397347,0.4155067160387153,0.44933923569634,0.44879600669988606,0.44933923569634,Indus
129,0.5500979430086717,0.41336527687551394,0.39848058253331886,0.3793022587165539,0.4125237326193769,0.4119085458571912,0.4125237326193769,Indus
130,0.5654491174905653,0.4299706243932458,0.41600702131137046,0.40009841357047604,0.4292454864493746,0.42877072721961285,0.4292454864493746,Indus
131,0.5964072275049979,0.46055108560846514,0.441797922042129,0.42071044516052125,0.45989449801323323,0.45818820841380714,0.45989449801323323,Indus
132,0.5452818965295234,0.4122093888131715,0.38756727460023166,0.3766265024082397,0.4114665843111427,0.4100695249518826,0.4114665843111427,Indus
133,0.5129777701990937,0.3788876448295973,0.3517906159814802,0.34271494109463657,0.3782188970887111,0.3763286428254653,0.3782188970887111,Indus
134,0.5756413857307617,0.4417056525097843,0.4155292553659675,0.4060609079482068,0.4408753189028937,0.4394036980097605,0.4408753189028937,Indus
135,0.567163065977559,0.43258671244932306,0.4052072279399638,0.39710825153644486,0.4317246622884312,0.43014417106624914,0.4317246622884312,Indus
136,0.5907225667328103,0.4575681059576101,0.43047999041348317,0.41918113399879,0.4565250010727888,0.45527253326427247,0.4565250010727888,Indus
137,0.5736467412622165,0.440759850396229,0.41943670893365226,0.3916676439387428,0.4398430029870759,0.4386666135031139,0.4398430029870759,Indus
138,0.5215274254214437,0.3882187265751171,0.36879951690530643,0.33690735215076617,0.38724733357005425,0.38604775179764583,0.38724733357005425,Indus
139,0.5413586602526014,0.4079641423910786,0.3885828570682275,0.3595943236105399,0.40711792250601364,0.4056234305020558,0.40711792250601364,Indus
140,0.5058246289605447,0.37466848839556566,0.3560825671063405,0.3297180892988327,0.37396008343726744,0.3719070385098406,0.37396008343726744,Indus
141,0.4258480460832984,0.296178671916734,0.27974695172435854,0.2523947641385976,0.2952889334630465,0.29347941165015745,0.2952889334630465,Indus
142,0.373575655011257,0.2428869603005247,0.22032146714248993,0.19610699321458774,0.24198938036993095,0.24020826970007844,0.24198938036993095,Indus
143,0.44894305591530004,0.3199070597059561,0.29293936156935935,0.27062680192306954,0.31926693005374696,0.31749970384917514,0.31926693005374696,Indus
144,0.5394368741187392,0.4103212996071715,0.3813789721221259,0.36277510940028185,0.4098655380540816,0.40810943089114177,0.4098655380540816,Indus
145,0.57617491330122,0.4513165542802552,0.4237718327618073,0.40853178096639886,0.45097247499480464,0.4496823497701352,0.45097247499480464,Indus
146,0.5221572075713544,0.40063819958776214,0.3796436406132016,0.36303887967624704,0.4003405474844055,0.3988406313085159,0.4003405474844055,Indus
147,0.3961858069867421,0.2744441745748969,0.2561369822312435,0.23643866895454102,0.27388217466213655,0.2724530469816723,0.27388217466213655,Indus
148,0.2694892951954221,0.14623198211072883,0.1305617463290949,0.10504692619637301,0.1454263117280217,0.14506497815986097,0.1454263117280217,Indus
149,0.2768823172374534,0.15554984875946165,0.13990535863854273,0.11026439686055736,0.1545890819303415,0.1547795615484413,0.1545890819303415,Indus
150,0.4250224703187843,0.30102947619448867,0.28273297064857617,0.249508742488185,0.29995221781282827,0.2997165108451641,0.29995221781282827,Indus
151,0.4685755909940513,0.34422078277317764,0.32352509314716243,0.29396413658869486,0.34302173484841975,0.34256999896084384,0.34302173484841975,Indus
152,0.42674223779781284,0.3002275892230391,0.28030873682407187,0.25408680684479995,0.29918079098687095,0.2984831149634166,0.29918079098687095,Indus
153,0.37394107074922,0.2489959225745053,0.22539556126833377,0.20576067402047027,0.248004528245918,0.24724992549749164,0.248004528245918,Indus
154,0.41065899985775073,0.2826733338444649,0.2553235456322739,0.23851486931055674,0.28152938256576504,0.2809394815989559,0.28152938256576504,Indus
155,0.5171637672544358,0.38715388097021275,0.363689406828414,0.33724512676112384,0.3860810296925281,0.38497457348293496,0.3860810296925281,Indus
156,0.600842767409457,0.472337636461365,0.45095999763308425,0.4210805950099301,0.4715311757207848,0.47039702221326535,0.4715311757207848,Indus
157,0.6359913374988369,0.508560141918157,0.4859748999368951,0.4632641937313272,0.507833620317516,0.5061884910685674,0.507833620317516,Indus
158,0.6226087386062618,0.49501024560760487,0.4714127067938564,0.45359785871175223,0.494335803136701,0.49235778099009797,0.494335803136701,Indus
159,0.6007733503869592,0.4720976325430611,0.44344724745009134,0.43261902107794986,0.47137063412014885,0.4695337972091099,0.47137063412014885,Indus
160,0.6345625592498725,0.5054213035417321,0.4772375073301495,0.4658566986546598,0.5047697689292945,0.5029092142070148,0.5047697689292945,Indus
161,0.5702072567206313,0.4397193905222457,0.41521362010815455,0.3956351050797001,0.43910766155064157,0.4375469118538645,0.43910766155064157,Indus
162,0.44220811202201027,0.3138168549376543,0.28694236252613525,0.2631062033275059,0.3131675793176438,0.31206279569570655,0.3131675793176438,Indus
163,0.4076108595662201,0.2787955115606093,0.2532665896634748,0.23235626851227792,0.2780739973011425,0.2789933257881757,0.2780739973011425,Indus
164,0.4487473507481192,0.31700482020731,0.2962694103420289,0.2712631246694999,0.31616718517839315,0.3161792456022675,0.31616718517839315,Indus
165,0.44597091465523725,0.3166084058019706,0.2978646148198181,0.27344401827055465,0.3157641054226823,0.3155548978411945,0.3157641054226823,Indus
166,0.3868492155780528,0.25751762477475804,0.23887013419992198,0.2151028441924291,0.25668597336242244,0.2557210605206122,0.25668597336242244,Indus
167,0.299020897957204,0.16855922151934197,0.153011728985907,0.1345334793456797,0.16776609445434215,0.16692019647613976,0.16776609445434215,Indus
168,0.3051536783179368,0.17648528825314214,0.16214291540374942,0.13272606855356267,0.17552086424319013,0.174905539807175,0.17552086424319013,Indus
169,0.35358875971786397,0.2269064783561464,0.20225910264018035,0.1794205101448262,0.22581910472879152,0.22506709288120358,0.22581910472879152,Indus
170,0.34802405267190084,0.21626962273772948,0.18722304656933414,0.17274880533243825,0.21507489882145153,0.21402094746899905,0.21507489882145153,Indus
171,0.3288399913725353,0.19219047463471095,0.16259333782182234,0.151827913163464,0.19113736144205906,0.18998067163634785,0.19113736144205906,Indus
172,0.33224105966811424,0.19683504891117512,0.14436370161515488,0.15694856897826198,0.19587293917600293,0.19459086565615608,0.19587293917600293,Indus
173,0.3741361610308684,0.2403398481660154,0.164424128127169,0.1992052530009384,0.23922565690457454,0.2377980694781799,0.23922565690457454,Indus
174,0.3084548574919986,0.1761301882007424,0.11022053158363476,0.1284112345628762,0.1750920907560829,0.17496891227408817,0.1750920907560829,Indus
175,0.19272770106483642,0.057096437373889766,0.013430801835286034,0.0056286202172291105,0.05614828639853632,0.056987433566603705,0.05614828639853632,Indus
176,0.12858352913751747,-0.008904239288620372,-0.03988184650242204,-0.04875528697211703,-0.009679377424774635,-0.008135359288286258,-0.009679377424774635,Indus
177,0.08178941017028571,-0.05691123822005829,-0.07910294285688774,-0.09165601063682502,-0.057556778109601185,-0.05605239506068257,-0.057556778109601185,Indus
178,0.181791990550415,0.04114712827384472,0.022800567619681036,0.004211667798286009,0.04071490485658185,0.042342616763009336,0.04071490485658185,Indus
179,0.23097166948083245,0.09275492164640552,0.07198044988540658,0.06416833973580177,0.09199473353870587,0.09297125897028699,0.09199473353870587,Indus
180,0.1621381737603604,0.026645007492966187,0.0032588219084950173,-0.014223295207521192,0.025883249099712867,0.02592403494278013,0.025883249099712867,Indus
181,0.1577250108046913,0.019004372089429518,-0.005220638461833904,-0.017620475786984863,0.0181222440278202,0.018695790819652162,0.0181222440278202,Indus
182,0.20037315834053204,0.06360895445855352,0.03983192108745293,0.028927084267586105,0.06276400716528917,0.06299712878614974,0.06276400716528917,Indus
183,0.2614434104071467,0.124765412017658,0.10371831501266479,0.09016342020367749,0.12387848283662878,0.12423882122571966,0.12387848283662878,Indus
184,0.3503778820300342,0.21716538462418067,0.19318223368962906,0.1846451902785649,0.21629333308046406,0.21736709004719834,0.21629333308046406,Indus
185,0.30278865453629455,0.17019533632727862,0.1437212957795535,0.14041738368824105,0.169327605405927,0.17114981063573723,0.169327605405927,Indus
186,0.1569772773192762,0.024294875901058107,0.000128967622327298,-0.02014145538170903,0.023278538369273277,0.02580549017644366,0.023278538369273277,Indus
187,0.07017868872777613,-0.0594088885711333,-0.0810022871108912,-0.10862404264479483,-0.06055015450545481,-0.05782402991872295,-0.06055015450545481,Indus
188,0.061259278100265435,-0.0662548831160075,-0.08393701768918843,-0.11265787775776609,-0.06716119578019158,-0.06495263201397407,-0.06716119578019158,Indus
189,0.10733531716486805,-0.020822166596761393,-0.03922872465985025,-0.05793081769429527,-0.021872516599268158,-0.01970889972876602,-0.021872516599268158,Indus
190,0.08186289501979549,-0.04651909223568919,-0.06399467110623211,-0.08402687237693497,-0.04767363988284848,-0.046117162420106994,-0.04767363988284848,Indus
191,0.006662490039102832,-0.1200063206061264,-0.13317807960993544,-0.15904281732422015,-0.12100262126246361,-0.11904077535481095,-0.12100262126246361,Indus
192,-0.04801123698797908,-0.17455184442098365,-0.1875515459589552,-0.22359386531022335,-0.1754561945408722,-0.17342685559945037,-0.1754561945408722,Indus
193,-0.04525528362542459,-0.17131673294651942,-0.19258005149993296,-0.21683401337792899,-0.17206956734291987,-0.16971052983883422,-0.17206956734291987,Indus
194,0.004375345441137907,-0.12505625931654496,-0.15212246483795122,-0.16534866732043324,-0.12586298509576171,-0.12418155673464654,-0.12586298509576171,Indus
195,0.09295117163582213,-0.033600715558191274,-0.061982596633000264,-0.07193667279484572,-0.03449498736472664,-0.03198430494377738,-0.03449498736472664,Indus
196,0.1581319948237801,0.035190105556552956,-0.00014257318309841838,-0.0019935173429914133,0.03414232096347803,0.037237290963810205,0.03414232096347803,Indus
197,0.08750897880764757,-0.03138603498450977,-0.06658947579529881,-0.0692001376058248,-0.032512343740973434,-0.03006078334115777,-0.032512343740973434,Indus
198,0.055464755138822985,-0.06232488833246495,-0.0953876700457923,-0.09969144526998529,-0.06338445670360447,-0.06006815537417884,-0.06338445670360447,Indus
199,0.09168699596274203,-0.02501937853478825,-0.054936302787769196,-0.062106481740177105,-0.026177781907561065,-0.02281588837873457,-0.026177781907561065,Indus
200,0.13282540389772277,0.01287460159295134,-0.009812067139023273,-0.02241621759807544,0.01205326635089543,0.01410351422467726,0.01205326635089543,Indus
201,0.14245570856544335,0.02348637315997655,0.00544000197335362,-0.01100724419946543,0.022692117817129077,0.023195590152805465,0.022692117817129077,Indus
202,0.18377496968392415,0.06495070360859011,0.050027872970403134,0.03032854710587886,0.06422342588113127,0.06473755047815913,0.06422342588113127,Indus
203,0.27173269030109176,0.1520927718528049,0.13577895351376393,0.1170062601477389,0.1513151982822124,0.15171760362949055,0.1513151982822124,Indus
204,0.27602715936970174,0.15204236129303444,0.12775924947410533,0.11985145259592228,0.15142110160429592,0.15107522465280893,0.15142110160429592,Indus
205,0.24525580878519088,0.1193607699699816,0.0877589128135429,0.08697557690874472,0.11893939985324642,0.11809858272970575,0.11893939985324642,Indus
206,0.25896451473329285,0.13645281055329692,0.10608635784348003,0.10216701243389328,0.13577017954013776,0.13473434833044076,0.13577017954013776,Indus
207,0.19867428035879714,0.07719217515013424,0.05158971391311555,0.04700773488334778,0.07657248454659529,0.0759415769295764,0.07657248454659529,Indus
208,0.16928886333866605,0.04569649373919299,0.0081259625557671,0.013545922952622025,0.044932391930529045,0.04560175210331551,0.044932391930529045,Indus
209,0.20310813813549744,0.08022382674964137,0.032595907633736286,0.041853436698138166,0.07923589836191412,0.08078501265727558,0.07923589836191412,Indus
210,0.17673047068505637,0.052319759652079106,0.007716911511094618,0.010113791566019097,0.05131320711418401,0.05385604958101382,0.05131320711418401,Indus
211,0.14385441031849724,0.01938610994247822,-0.0187159928210966,-0.017545800355519454,0.01861131252415843,0.020731391083707217,0.01861131252415843,Indus
212,0.22767041114359,0.10376609139487429,0.07341654843316593,0.07527035651148295,0.1029320330714515,0.10449096155597343,0.1029320330714515,Indus
0,0.9672052488197234,0.9672052488197234,0.9672052488197234,0.9672052488197234,0.9745361967742817,0.9672052488197234,0.9672052488197234,Ganges
1,1.032572288953756,1.037924218457385,1.0058782484308872,1.019437443882217,1.0369128129458844,1.0307319902576555,1.0308497370766325,Ganges
2,0.9627693960713561,0.9702856365543164,0.9265629882577423,0.9455598120542896,0.9654979595969007,0.9597339402270014,0.9604834799928752,Ganges
3,0.9208889780571268,0.9187117388411353,0.8349531014524482,0.896960110963534,0.9136716069149878,0.9084773211607163,0.9095243710496564,Ganges
4,0.9302187260831916,0.9307377295529051,0.8020846346948717,0.9061219267130087,0.919943204461865,0.9152957352154514,0.9165132243480992,Ganges
5,0.8924569518181666,0.8904328986943818,0.7635117826004443,0.8652446184631493,0.8770683526183908,0.8730747376076134,0.874231580377107,Ganges
6,0.9241284096382589,0.9277671942019132,0.8119598815269667,0.8939045196314088,0.9088174086045815,0.9051894103649822,0.906471250177417,Ganges
7,0.9820401167882477,0.9872059023012759,0.8805660168463176,0.9384968774322555,0.9633481897262174,0.9599382994222666,0.9614077944821974,Ganges
8,0.980503190367099,0.9842876028337757,0.8861483237440789,0.9333922232540774,0.9572925094708049,0.9536371917446577,0.9556877015177605,Ganges
9,1.0144599265971852,1.01314902475952,0.9254409778488062,0.9698083910242044,0.9900958286880162,0.9856455457945086,0.9887685689072621,Ganges
10,1.0280909307228583,1.0183847793006124,0.9367090072121469,0.9746923314798919,0.9958826893474867,0.9925288988379133,0.9947849763642816,Ganges
11,1.0047916285360137,0.9890496887312565,0.9095731500514501,0.9417152855386369,0.9695409756222302,0.9671609031474845,0.9686331097989982,Ganges
12,0.9345556128781881,0.9181684713092007,0.8369967487852131,0.860447454556872,0.8942048993099079,0.8910186684505431,0.8934540469781935,Ganges
13,0.9754065538046179,0.959650051074861,0.8823925770713753,0.8999049054399976,0.9316991003224238,0.9283087366013097,0.9310781063279217,Ganges
14,0.9923801714505894,0.9678274018097114,0.8654395234138663,0.9078651182874085,0.9372837598022713,0.9342673250384088,0.936770165417704,Ganges
15,0.9369769108799715,0.9053026087891569,0.7937149022284082,0.8440097802436382,0.8759063412668191,0.8736797949880423,0.8754815719547252,Ganges
16,0.970604121487407,0.9396097812778551,0.8319102016755203,0.8734032203986654,0.9071764398251079,0.9039585148119724,0.9068251334753534,Ganges
17,1.0376437042001456,0.9960217742743317,0.8959620951343374,0.9313635260545912,0.9670989124464403,0.9647005780436675,0.9668083637936448,Ganges
18,1.0284174867075602,0.9822216514194113,0.8921955037695738,0.9094436721238021,0.9554315778917088,0.9540558560819725,0.9551912790195128,Ganges
19,1.025417266306631,0.972170284990835,0.8910592168919202,0.8963766124528006,0.9478285986930087,0.9467880804767259,0.9476298590071658,Ganges
20,1.0372300221192667,0.9857074943335573,0.9064740265362603,0.910016519568585,0.9592797369502142,0.9583892274845836,0.9591153688765399,Ganges
21,0.9859783125811916,0.9306072576968066,0.8588302947296336,0.855213535028424,0.905145123039395,0.9044285731392313,0.9050091820795972,Ganges
22,0.9296750221008779,0.8661359358368877,0.8009143822576402,0.7892165519206621,0.8421511407631052,0.8414205584926189,0.8420387105074137,Ganges
23,0.9548977393215112,0.8775875665313708,0.8200355131609081,0.8071377207655223,0.8566726516808539,0.8559001796528309,0.8565796660022648,Ganges
24,0.9376858389797419,0.8603424938346721,0.7953543778535566,0.784868370516045,0.834055399994061,0.8336979936338459,0.8339784959937142,Ganges
25,0.9413356272048208,0.8636949104839637,0.7845737684066448,0.7853068611395649,0.8340959569998295,0.8340568592245269,0.8340323533851753,Ganges
26,0.9709829853799514,0.8847198889036315,0.7681286466121696,0.805386743021322,0.8590357410540567,0.8591323464163431,0.858983137551263,Ganges
27,0.8840072924294418,0.8011936813723308,0.6610198844484396,0.7251186089836166,0.7716117428154587,0.7718042090208517,0.7715682369782324,Ganges
28,0.8434240148006212,0.7572277078032599,0.6188362877955975,0.6860996402719811,0.726351313665805,0.7261566848738155,0.7263153320719519,Ganges
29,0.8990355194800774,0.8097547142116663,0.67659761929017,0.7412361982565772,0.7755107425623857,0.7745881018662054,0.7754809839097829,Ganges
30,0.9316058542729456,0.8306657929837368,0.7145559281510894,0.7716496608535599,0.8013245445883109,0.7998775633174766,0.8012999326323108,Ganges
31,0.9247285459459496,0.8189535689490782,0.7161592863143473,0.7615241221669643,0.790588122973876,0.7887768184244017,0.790567767604087,Ganges
32,0.9446056405608373,0.8394737635964045,0.7424768307084311,0.7731817049606031,0.808687520406018,0.8061534896747689,0.8086706854547753,Ganges
33,0.9589772211597625,0.8511878198450327,0.7562034607474818,0.7735861303266628,0.8176739529487097,0.8150301646016542,0.8176600295670035,Ganges
34,0.9930577912632899,0.8847627811570687,0.7919372333935691,0.8011684284789505,0.8483359677487498,0.8464686948166698,0.8483244523867304,Ganges
35,0.9463539983551534,0.8375353877443126,0.7491430613061371,0.7524342121276228,0.7996224308232013,0.7986512001992616,0.7996129070189105,Ganges
36,0.8660324899914564,0.7526040108911694,0.6693203980727289,0.671339810246119,0.7161276939959345,0.7154698061892485,0.7161198173136368,Ganges
37,0.7778710010589776,0.660885125711444,0.5844756184507854,0.5833520489338868,0.6263784230628299,0.6257166615081814,0.6263719086362285,Ganges
38,0.7815929552165966,0.6559819255846968,0.5531905225614788,0.5878619646581362,0.626372741381626,0.6253483949756642,0.6263673536114531,Ganges
39,0.7373701030611611,0.6092946540702427,0.49682860366733667,0.5380436271276374,0.5798037919029805,0.5794197729108974,0.5797993359363679,Ganges
40,0.6889734007725796,0.5616965042858828,0.4333318264440261,0.49059534372386476,0.5296121406867214,0.5290569432813126,0.5296084553701961,Ganges
41,0.792460619051116,0.6640742650190439,0.5277529632758418,0.5837717077127853,0.6292357022734367,0.6284453590649173,0.6292326543246812,Ganges
42,0.8419916263454709,0.7117714282367923,0.5867185580265448,0.6213601858095749,0.6766835244458114,0.6744167838443416,0.6766810036334056,Ganges
43,0.8476943964962862,0.7134219433464765,0.605575025854097,0.6207892673489456,0.681872635476884,0.6800152029227732,0.681870550633701,Ganges
44,0.8277447906944072,0.6882450336175037,0.5949803079354249,0.60002027561929,0.6586269960663711,0.6557012496311931,0.6586252717924475,Ganges
45,0.7643599048509807,0.6255962931689465,0.542913174267418,0.5454906072067968,0.5961841269395762,0.5933268799006135,0.5961827008752141,Ganges
46,0.7458456565708631,0.6004666665117113,0.52753663579428,0.5333985112500953,0.5760290838179327,0.5732508177129277,0.5760279043884133,Ganges
47,0.7287921858832731,0.5881295299406614,0.5116916538512041,0.5194654487084839,0.5597907000568394,0.556928919745175,0.5597897246071837,Ganges
48,0.7735860215399297,0.6370101971067251,0.5566129329158747,0.5645303225010885,0.6049135854094546,0.6024950967988442,0.6049127786617726,Ganges
49,0.7910450578200823,0.6573641320220996,0.5752927784305111,0.5782890149811718,0.6240696591752137,0.621267791049823,0.6240689919528526,Ganges
50,0.7432596643090537,0.6057353015812353,0.5167739187333236,0.5250437445545184,0.5755659379174358,0.5733481894726501,0.5755653860897837,Ganges
51,0.7075142837470423,0.5740178047575077,0.4805495464415599,0.4837722768995492,0.5406539437419419,0.538517970281373,0.5406534873517257,Ganges
52,0.6895131178791486,0.5592105098389272,0.46690030039683106,0.45702593333910857,0.5236832289774668,0.5217858112949602,0.5236828515189821,Ganges
53,0.6352916905045922,0.5049120227660193,0.4175122923673295,0.40347532625452454,0.4678417295593415,0.46566294599429325,0.4678414173815107,Ganges
54,0.6564047172951425,0.5237013093403963,0.444489403036724,0.4204758861784085,0.4876703963466887,0.4856445311315989,0.4876701381593595,Ganges
55,0.7042436006818003,0.5706023477449093,0.49591587633296413,0.4643402168952206,0.5336581286757986,0.5313503014464215,0.5336579151414269,Ganges
56,0.6924391242991697,0.5591657981861426,0.49122954436152455,0.45205629875672493,0.523326010849174,0.5201266768888133,0.5233258342451242,Ganges
57,0.7594645888303853,0.62752281491173,0.563851490527212,0.5272284193874007,0.591804441926415,0.5876694674972163,0.5918042958656657,Ganges
58,0.7981959585766445,0.6655050917343575,0.6052604079302495,0.5698724649907867,0.632763759619613,0.6287688452315677,0.6327636388197642,Ganges
59,0.8352421680896253,0.697160118654283,0.6334508222512695,0.6032531285864678,0.6689467353266676,0.665757310348069,0.6689466354188995,Ganges
60,0.8073797926173423,0.671930817406568,0.6031967044616909,0.5748625000241688,0.6410506858341037,0.6376810219565113,0.6410506032051748,Ganges
61,0.8666197882157975,0.7362125214157383,0.6651605369239075,0.6344944154992854,0.7017415279270521,0.6985826910232289,0.7017414595886232,Ganges
62,0.9604886673194486,0.8276029041588555,0.7560247254941653,0.7228102169346022,0.7922465870504827,0.7896946259403954,0.7922465305310418,Ganges
63,0.9531668996351542,0.8211595513381643,0.740958251328394,0.7160661654680633,0.7855254385415068,0.78290423463783,0.7855253917969848,Ganges
64,0.9259877198646793,0.7945125297633053,0.7030672684535683,0.6899613336474002,0.7568430408037564,0.755423669159984,0.7568430021436016,Ganges
65,0.9161160009054067,0.7863505544949412,0.6939358395775901,0.6817785448219349,0.7474039708418956,0.7462664915079347,0.7474039388679335,Ganges
66,0.923466328064603,0.7943251804929886,0.7045147213492697,0.6945122025445827,0.7541082010803595,0.7512980302098072,0.7541081746362273,Ganges
67,0.9027250471047379,0.7747352729658139,0.6904296443512093,0.6763489593017923,0.7336868707021437,0.7306804951969608,0.7336868488314686,Ganges
68,0.892564238062274,0.7631738357505585,0.6816258852215877,0.6702382213359251,0.7215754677864626,0.7186970239665769,0.7215754496982749,Ganges
69,0.8363669422438271,0.7073514922611979,0.6271113946350719,0.6209103164136591,0.6652861949306712,0.6624460674014822,0.6652861799707976,Ganges
70,0.8151880214931129,0.6794782397380619,0.6041211312948631,0.6049134683972769,0.6444840307455049,0.641609925314009,0.6444840183729101,Ganges
71,0.7572078960610743,0.6221498041432594,0.549252890842984,0.5418888755044459,0.5873729726089293,0.5847858982466411,0.5873729623761489,Ganges
72,0.7089163900959714,0.5733192595949558,0.49102826867142046,0.4876776206897855,0.5364376509010429,0.5339112193694759,0.5364376424380004,Ganges
73,0.7828352026476203,0.6447015148083473,0.5630905527593657,0.559633442378953,0.6084848052252005,0.6057610701780569,0.6084847982258235,Ganges
74,0.8858852802719198,0.7424684302093325,0.6595853646917974,0.658484526073941,0.7125153246493968,0.7105555251104939,0.7125153188605473,Ganges
75,0.9520455539525052,0.8051122759723315,0.7061134146723616,0.7156040987238395,0.7782738384525523,0.777211360516214,0.7782738336648722,Ganges
76,0.8703865707307697,0.722416725695103,0.6162513363048409,0.6366263874968464,0.6944025986465852,0.6936324429213937,0.6944025946869243,Ganges
77,0.7664282297207674,0.6191331054879669,0.5138953609558323,0.533125689547002,0.5881030186791364,0.5874355115202593,0.5881030154042906,Ganges
78,0.7064590112526551,0.5611475534776773,0.46209699947712374,0.48089517169481316,0.527871897366895,0.5268910468841309,0.5278718946584269,Ganges
79,0.6757771175334462,0.5342672962105212,0.4431911772796224,0.4509676789425845,0.4985888691127188,0.49682510987443224,0.49858886687267456,Ganges
80,0.6536971493643856,0.5078174244027082,0.4306897098438353,0.42452459626855726,0.4771709062533978,0.47422980617409205,0.4771709044007645,Ganges
81,0.6070631479522842,0.45586358583998987,0.3896562033688078,0.3749718188890252,0.43028560680793626,0.4267402919501509,0.43028560527571197,Ganges
82,0.5560321826348887,0.4013346410354742,0.33961800165635536,0.3314098082942523,0.3782295421641651,0.3745248733016285,0.37822954089693583,Ganges
83,0.49727427290457205,0.345358056684638,0.2863195543054844,0.28054915072199565,0.32079603521484473,0.31670610030530955,0.3207960341667801,Ganges
84,0.5334084215260909,0.3813010051806025,0.31534954293467976,0.3172312517006979,0.3555770069992332,0.35141340579924896,0.35557700613242915,Ganges
85,0.5349031885265813,0.38411719490101964,0.3155822525436435,0.3144308720333133,0.35523768215808593,0.3508792176046449,0.35523768144119383,Ganges
86,0.46444011210874375,0.30998263110404206,0.24912495727421427,0.24361241984608045,0.2836487344463156,0.27978123439550945,0.2836487338534085,Ganges
87,0.5591137627031441,0.40633365060658977,0.3269537513093699,0.3282524536330722,0.3774418671985702,0.37395214241763874,0.3774418667082051,Ganges
88,0.6175453384050353,0.4683497690896925,0.3578108218427616,0.3751742781848741,0.4374451723695799,0.43363375381886426,0.43744517196402244,Ganges
89,0.694765005928905,0.54676017479139,0.42917261871734835,0.44299377406191753,0.5154180897235108,0.5117049295660829,0.5154180893880936,Ganges
90,0.7750464374716481,0.6287583806426027,0.5206075530508526,0.5262188238350184,0.5976022193958268,0.5942335860959156,0.5976022191184194,Ganges
91,0.8028382468349807,0.6595903329752741,0.5591310453375088,0.5520708358781424,0.625516651934649,0.6212460561361814,0.6255166517052186,Ganges
92,0.7662770674550153,0.6252872757637385,0.5338593799243923,0.5140655714525108,0.5898841593858767,0.58551696334031,0.5898841591961259,Ganges
93,0.720566949675081,0.5799017481600062,0.49178458542068465,0.4697537321921701,0.5433810025695415,0.5387027939410598,0.5433810024126077,Ganges
94,0.7083051934738572,0.5662152299925095,0.484377605513706,0.46185011977056556,0.5307331505628468,0.5254343943381863,0.5307331504330542,Ganges
95,0.72873820148077,0.58173130025109,0.5043049239227662,0.4917947326974855,0.5520852494534014,0.54709732242706,0.5520852493460563,Ganges
96,0.7332734853993738,0.5817366017507186,0.5051922643866354,0.5015620142494222,0.5569792171235042,0.5531783965959172,0.5569792170347242,Ganges
97,0.6610110503261025,0.5095339351733439,0.4288428024946729,0.43157178778492233,0.4837648623151024,0.481111591702761,0.4837648622416767,Ganges
98,0.5388676367834381,0.386526617663522,0.30554442997286635,0.31213950390940165,0.36192178065866215,0.36000220496582075,0.3619217805979353,Ganges
99,0.5464545546427625,0.3981572794112127,0.2849123112747294,0.3105169719762846,0.3705420239655068,0.36848757527540077,0.3705420239152825,Ganges
100,0.6401958315470118,0.4943433519044463,0.35593399390082436,0.3940172346432468,0.46356705976870294,0.4611280054073645,0.46356705972716483,Ganges
101,0.677534600457564,0.5307810675238971,0.3908802784790013,0.4225763264482292,0.5005587465434634,0.49868662844686595,0.5005587465091093,Ganges
102,0.7033864895711319,0.5602612479825201,0.428852949171925,0.4450406824507565,0.52766936528752,0.5264614670628386,0.5276693652591072,Ganges
103,0.717713073838413,0.5735418482040293,0.4563500802554945,0.4568655707519883,0.5412324113900968,0.5405508288271663,0.541232411366598,Ganges
104,0.7027435598699415,0.5577086107949284,0.45514718778050356,0.44405504523608275,0.5276637721149445,0.5271461519789146,0.5276637720955099,Ganges
105,0.6560791293059909,0.5081637287933073,0.41744955376181486,0.3990709109639183,0.48146613743238714,0.48072668839311194,0.48146613741631367,Ganges
106,0.6584115685206061,0.5142039590944153,0.4270162007972797,0.3984653410554915,0.4844333916603052,0.48361044916790413,0.4844333916470116,Ganges
107,0.6089082599651968,0.46792440277358877,0.3843402853295497,0.3506766039958556,0.4354119536733098,0.4351076741737846,0.4354119536623153,Ganges
108,0.640513288122364,0.4948539667047276,0.41080543200336994,0.3853585780487667,0.46597643887314844,0.4655220163942072,0.4659764388640554,Ganges
109,0.7565000951626571,0.6126605352578595,0.5272963003150223,0.501329219437274,0.5806582711629656,0.5801142602921204,0.5806582711554452,Ganges
110,0.7560303709044013,0.6093840674953555,0.5304858822742424,0.502627151398249,0.5815022594183161,0.5803017130305468,0.5815022594120963,Ganges
111,0.76724760765189,0.6222182974016512,0.5463150706012467,0.5189200778752352,0.5931047198799813,0.5924840078389417,0.5931047198748371,Ganges
112,0.818609483255418,0.6736984440776819,0.5932185727873382,0.5627468637119919,0.645068743599702,0.6446152162445505,0.6450687435954476,Ganges
113,0.7370702779453892,0.5922046911649715,0.5117205482168726,0.47798373686215384,0.5636375805818462,0.5636160829402953,0.5636375805783275,Ganges
114,0.6362303796176781,0.493815678172405,0.41787975707975095,0.375049087901823,0.462399300814865,0.4626494190711114,0.4623993008119548,Ganges
115,0.6009488942887479,0.4607988983954334,0.3876166092105017,0.34080185033639687,0.42677719362735833,0.4271212541534715,0.4267771936249515,Ganges
116,0.5994046990129525,0.4620343643200945,0.3912015926609671,0.34631761741578543,0.42604384296264924,0.4266304019528115,0.42604384296065867,Ganges
117,0.642505693785299,0.5011335806860827,0.43900130851468977,0.38700729843513537,0.4698154484698782,0.47076687571171655,0.46981544846823187,Ganges
118,0.6209959136211544,0.4760467306192969,0.4212740173746633,0.3632358454930419,0.4485929076342603,0.44984609992830005,0.44859290763289866,Ganges
119,0.5472318359358017,0.4005152768161669,0.35152949660724797,0.29026429930492975,0.3750537337095179,0.376054375373422,0.3750537337083918,Ganges
120,0.5695679940249575,0.4255195893566316,0.3702269092451247,0.3152154243529783,0.3982856316872311,0.398314202370599,0.3982856316862997,Ganges
121,0.5371353868262612,0.3946789771734668,0.33612730013905645,0.2846622086249738,0.3654874771472271,0.36460604461599894,0.36548747714645685,Ganges
122,0.43207531350903805,0.2898300211496306,0.2304985871775615,0.18451095082341723,0.2598527345076449,0.2584928464967679,0.25985273450700785,Ganges
123,0.38841303669309984,0.24188144110478885,0.1486628672577845,0.15141479764082263,0.21601543804288983,0.2151291874028229,0.21601543804236298,Ganges
124,0.47156931942802705,0.32723076634968185,0.20040951151272957,0.24180667280842894,0.2979003565809065,0.29700411621990586,0.29790035658047076,Ganges
125,0.5819599852427901,0.436266328615441,0.2965960586097885,0.34118874765247204,0.40641144114669203,0.4049320109313783,0.40641144114633165,Ganges
126,0.5503500745407442,0.4046568360316737,0.2708479779603262,0.3050475350476862,0.3746111780891077,0.3743427691381166,0.3746111780888096,Ganges
127,0.5256608272870293,0.37806058689699995,0.258694784221114,0.2752654210537843,0.34937217018066924,0.34948855177734023,0.3493721701804227,Ganges
128,0.5362696919079567,0.384266455094304,0.28068815127328406,0.2847033938360326,0.3592385516060804,0.35921955379301845,0.3592385516058765,Ganges
129,0.5168533509629254,0.36767024954601124,0.27361211931972224,0.26572693682825144,0.34103129990153114,0.3409556431996852,0.34103129990136244,Ganges
130,0.5590177715319976,0.4062499935575252,0.3235654685459578,0.30525043801122514,0.3825262387401456,0.38193029435840137,0.38252623874000613,Ganges
131,0.5534708008404133,0.39812134541500555,0.324375449179861,0.2966705938447311,0.3760853688694176,0.3758688315903763,0.3760853688693023,Ganges
132,0.4927018285069238,0.3427381583640053,0.2688461396869413,0.23667819146003716,0.31660625965856987,0.3164548965424736,0.3166062596584745,Ganges
133,0.5550112895533302,0.404203911802429,0.3348180807904618,0.2989949338021519,0.37836208610819266,0.37811933007028503,0.3783620861081137,Ganges
134,0.6268304298440938,0.47887665910655347,0.399543631171025,0.37240314337886704,0.45006876952928576,0.4496571844542161,0.4500687695292205,Ganges
135,0.6270461423271069,0.47459553032058127,0.3907217095296173,0.37961139410916395,0.45026806721290175,0.4482660675372096,0.4502680672128477,Ganges
136,0.6292866510520834,0.4760400154477446,0.37018018547675446,0.39258919247249713,0.45292079848488886,0.4517672134676702,0.4529207984848441,Ganges
137,0.5506479875466811,0.39542165961882275,0.2881844686876289,0.30429386649870427,0.37333058095942134,0.3725002322683192,0.3733305809593843,Ganges
138,0.5455928492325243,0.39203177515626214,0.2940654496405746,0.2890428251032411,0.36610450177925985,0.36550373364216354,0.36610450177922926,Ganges
139,0.5581084724434295,0.4025303309512583,0.31802477530773676,0.30687940418937026,0.3787934030282036,0.3783715050192418,0.37879340302817827,Ganges
140,0.5335636098649289,0.37625873053575076,0.3042656434276372,0.2815886105827343,0.35601858287073,0.35602987075108966,0.3560185828707091,Ganges
141,0.5604008835694301,0.4063743368866026,0.33726447638709944,0.3072843753911876,0.3831128464207063,0.3833116635062038,0.383112846420689,Ganges
142,0.6326412369212042,0.4768392186010777,0.4112590958403554,0.3855542895175268,0.45387339065075594,0.45427916809705476,0.4538733906507416,Ganges
143,0.6131179101672464,0.45542520197863867,0.39800130377543186,0.37484309138403316,0.43633651383501093,0.43679314202935676,0.43633651383499905,Ganges
144,0.5265763095600533,0.366526632586941,0.3166069207336412,0.29393336483153026,0.35024646422815386,0.3506744964630381,0.3502464642281441,Ganges
145,0.46236994413579746,0.31044314537055323,0.2536947158761756,0.22924234747701128,0.2882206764603302,0.2882044581134923,0.2882206764603221,Ganges
146,0.3963629579802218,0.24995398031370614,0.1875777550333975,0.1630828085827342,0.22389620782839142,0.22241027751729558,0.22389620782838476,Ganges
147,0.3177818806471977,0.17226230467120085,0.11239363929550485,0.08276407106665079,0.14666270937388906,0.1445750377671036,0.14666270937388357,Ganges
148,0.2870779459943551,0.14369120072159486,0.05572074192865141,0.05402200821417977,0.11664190682297736,0.11478126272209892,0.11664190682297282,Ganges
149,0.2733128717548251,0.13503564126956322,0.026825813738065394,0.033722186599648846,0.10485349432937947,0.1028682120776976,0.10485349432937571,Ganges
150,0.2671362778835585,0.1286896744958419,0.02548749413393328,0.021268939833532344,0.09721307542223526,0.09526232899784275,0.09721307542223215,Ganges
151,0.2695484366315623,0.1341252865939587,0.03690696613901527,0.01618273203398913,0.09926315466518056,0.0971361840064216,0.09926315466517799,Ganges
152,0.30786848076432927,0.17422273439244493,0.08376409818036139,0.054757529748855414,0.13739170063607492,0.13500056138543237,0.1373917006360728,Ganges
153,0.38877759168764636,0.25147040457048014,0.1704817389608957,0.1355420486089547,0.21963063071726763,0.21719330438563683,0.2196306307172659,Ganges
154,0.43397532636302394,0.29659124933925124,0.21770490147361454,0.18646402189701541,0.26363665887237453,0.2613265670100184,0.26363665887237314,Ganges
155,0.4926445739524255,0.3555090043330625,0.27820225903501117,0.24894491651235978,0.3203241140605248,0.3183632922874478,0.32032411406052363,Ganges
156,0.5729795915214309,0.4316736732838804,0.36217259541305624,0.3293954451079163,0.401736878786376,0.4005997881545597,0.4017368787863751,Ganges
157,0.6544745288447402,0.5093029439422441,0.4462360555649054,0.41255977616201966,0.4841231691543845,0.4836588731182627,0.48412316915438375,Ganges
158,0.6171318002881828,0.4672410490975558,0.40875970985280075,0.375075664617429,0.44599557742982276,0.4460877175740427,0.44599557742982215,Ganges
159,0.6013710111561626,0.4550821258097849,0.37531463510167873,0.35816118417326703,0.42945811739144746,0.429043851487233,0.429458117391447,Ganges
160,0.6309837348221373,0.48676903782997827,0.3980765480486109,0.3854649046867059,0.4590123834862755,0.4587269246706169,0.4590123834862751,Ganges
161,0.6215158407595464,0.4790859868170829,0.38482762677481497,0.38008921061976175,0.44973775227453666,0.44902221211900445,0.44973775227453633,Ganges
162,0.5164238637985691,0.3777158609800082,0.2839691082479611,0.2694324598753604,0.3449142838517212,0.3439588489759432,0.34491428385172096,Ganges
163,0.4031216563938648,0.2642344985421237,0.1803297803255907,0.1544521441448969,0.23210333761286012,0.23116993851845943,0.23210333761285995,Ganges
164,0.3544025932411466,0.21325944324528162,0.13704616254318303,0.10703892661506091,0.1828669074870949,0.1818278591717451,0.18286690748709478,Ganges
165,0.3527208996896165,0.20896295068080487,0.14070165184377334,0.10883142567262313,0.18075271130261764,0.17965997931979194,0.18075271130261755,Ganges
166,0.3630272541718421,0.2228602272202613,0.15589198158712259,0.12411403833760305,0.19107134114185642,0.18839742997595527,0.19107134114185637,Ganges
167,0.36473092370604926,0.22370044017213658,0.15685855401724694,0.12230716817148868,0.19220560510571738,0.18931423401196334,0.19220560510571733,Ganges
168,0.37149007000885215,0.22946350927656742,0.16046796600209637,0.12907510033437145,0.19979248135142658,0.19649080346985845,0.19979248135142652,Ganges
169,0.39682334640964123,0.2542570112850946,0.1808330038246986,0.155020158512711,0.22446871270947666,0.22074173541348194,0.2244687127094766,Ganges
170,0.41259831118880463,0.2649548284557058,0.19258962719626285,0.17413120549430466,0.23914305856297258,0.23633950062612338,0.23914305856297252,Ganges
171,0.35211456498978766,0.20547249220419794,0.1302424400999007,0.11117810428810547,0.17716624023134414,0.17498604117364233,0.17716624023134409,Ganges
172,0.4041575854837365,0.26093885094022995,0.18153218429607748,0.16239253726890338,0.22992848052097992,0.2272164316430873,0.22992848052097986,Ganges
173,0.45353527930038096,0.3093558633842396,0.212673229587874,0.2130016294268134,0.2796403021851924,0.27787891894044026,0.2796403021851924,Ganges
174,0.4888988177362916,0.34790505454406473,0.22494273799638628,0.23863864694252432,0.31535742773678993,0.3140794661785838,0.31535742773678993,Ganges
175,0.4945528578869986,0.3558145852557659,0.2255517105369742,0.23483471071380474,0.32025961189902397,0.31864214715515937,0.32025961189902397,Ganges
176,0.48210274589670876,0.34358918440877134,0.22283635612207775,0.2186714125301344,0.3064681169785045,0.30337261008232597,0.3064681169785045,Ganges
177,0.42966279997018797,0.29304460041330666,0.18422512626329623,0.16844148272085538,0.25424045286961783,0.2516237751020624,0.25424045286961783,Ganges
178,0.3970780451333528,0.2584632663003549,0.16215780075873304,0.13579549568905452,0.22110538858735018,0.2192190252310705,0.22110538858735018,Ganges
179,0.3494122650639499,0.20832348694766,0.12209082493632843,0.09658580102180395,0.1719877011211718,0.169933202931015,0.1719877011211718,Ganges
180,0.3636899681881025,0.22229439119268288,0.14015056271565815,0.10686175833540754,0.18519010827594837,0.18337639275408896,0.18519010827594837,Ganges
181,0.4322274214790786,0.28602477388819275,0.2105691815334608,0.17588573673137878,0.25394121057267643,0.2526762600200184,0.25394121057267643,Ganges
182,0.4016757100992536,0.2568971963745497,0.165803679886677,0.14713853135384136,0.2223157639146497,0.22148555901382772,0.2223157639146497,Ganges
183,0.36572597732823653,0.22159209923571457,0.0970396287968604,0.1108382286812066,0.18492727579444831,0.18435364399913115,0.18492727579444831,Ganges
184,0.40440009958137135,0.2612749227865291,0.11846194641298692,0.14904549393152233,0.22364261255986376,0.22320485200368456,0.22364261255986376,Ganges
185,0.4206035611648712,0.27441363951211345,0.10353070238467602,0.16269951320463458,0.2401748191468424,0.23965146495374123,0.2401748191468424,Ganges
186,0.39184336304214196,0.24944841634711165,0.06201498130695622,0.14250543962196693,0.21335186297585196,0.21203313576656516,0.21335186297585196,Ganges
187,0.42058442048336586,0.27913341219187254,0.1031836894889654,0.16401031256209148,0.24348796347939092,0.24186296783894606,0.24348796347939092,Ganges
188,0.41821381173165284,0.27715638055237746,0.12165065934782585,0.15896108852271687,0.24264707942294328,0.24100575818700398,0.24264707942294328,Ganges
189,0.43397100522078685,0.2928022634667224,0.15150724019171394,0.1725822360391694,0.2565386953598017,0.25500078672769316,0.2565386953598017,Ganges
190,0.39617071845445306,0.2566154853409656,0.1290963260760435,0.14271045064337706,0.21998510056181714,0.2178936078281297,0.21998510056181714,Ganges
191,0.33488208591126667,0.19817442541454267,0.08160558330324404,0.07907916676028251,0.16037890409446404,0.15741142695869292,0.16037890409446404,Ganges
192,0.28969118336393346,0.15310377685904236,0.04481836614484634,0.03213157183616612,0.11646781335716473,0.11282467146768614,0.11646781335716473,Ganges
193,0.26983601971897925,0.13331447783800948,0.026529852261870643,0.01421127308406446,0.09768469580228778,0.09406037675288503,0.09768469580228778,Ganges
194,0.2933024400354884,0.15501546961770063,0.050694756301706875,0.03980640214816936,0.12007073263828669,0.11676499078555597,0.12007073263828669,Ganges
195,0.2522216228099646,0.11503749056108938,0.0175088682711277,0.0023224958343744835,0.08147130909017644,0.07768897328323192,0.08147130909017644,Ganges
196,0.2299808361617367,0.09605910463541584,-0.042351846848371066,-0.018133441020846797,0.060774111021530686,0.057024523542118635,0.060774111021530686,Ganges
197,0.22480271553082803,0.09326953261706548,-0.09883557275449771,-0.009222778155481587,0.05618777496639267,0.05294419033096553,0.05618777496639267,Ganges
198,0.1266531879581932,-0.0033803421356177338,-0.19796590664962815,-0.10063965349025755,-0.04227668876339305,-0.04504024466085577,-0.04227668876339305,Ganges
199,0.04722639153867509,-0.07977074273261504,-0.2519560528550415,-0.1848010788835503,-0.11912914745834938,-0.12066592988259443,-0.11912914745834938,Ganges
200,0.05163879713907426,-0.07672748954472053,-0.22904973359073336,-0.18963843910090744,-0.11711599648165782,-0.1189102486471629,-0.11711599648165782,Ganges
201,0.09601696136497867,-0.02970100496959996,-0.16472370722001928,-0.145083268142574,-0.07080690537804434,-0.07455178762305212,-0.07080690537804434,Ganges
202,0.13634085131000429,0.004225011030282243,-0.11322105947478371,-0.1068993272029094,-0.03152834731963918,-0.035039099476001596,-0.03152834731963918,Ganges
203,0.20240936012020613,0.07132261854310212,-0.038849766075475634,-0.03787118787983805,0.033005357340186184,0.02907170805022112,0.033005357340186184,Ganges
204,0.24121134191985555,0.10416998732317047,0.0041593610996341485,0.007322358546631685,0.07061216612623285,0.0674125788174103,0.07061216612623285,Ganges
205,0.2182609782144856,0.07536211522450434,-0.01782201931042361,-0.011374730267473338,0.04695989957250913,0.044329462564415154,0.04695989957250913,Ganges
206,0.2037355728326677,0.06354709142277797,-0.03874365410215241,-0.0261618574941157,0.032527468511166224,0.02998397365906214,0.032527468511166224,Ganges
207,0.10507288945327051,-0.030328727564037004,-0.13123561121482544,-0.12526558293862944,-0.06395637798967879,-0.066010922678384,-0.06395637798967879,Ganges
208,0.14435274449454014,0.004850409946442258,-0.10059520234199579,-0.09052893505798681,-0.0263287403686312,-0.028147950122012377,-0.0263287403686312,Ganges
209,0.19544436392662443,0.05991413508535328,-0.06986912300880105,-0.04166119817724381,0.026694383936679056,0.025620738654608927,0.026694383936679056,Ganges
210,0.3044542205845386,0.1712867801891769,0.04159376483959476,0.0717494035639655,0.13601552658125293,0.1346003300979326,0.13601552658125293,Ganges
211,0.3832447831445247,0.2501881915926934,0.1268888913640966,0.1458005324936016,0.21453151313412594,0.21320388662947432,0.21453151313412594,Ganges
212,0.39234912102868824,0.25823516199177343,0.14517299405264056,0.16488973982614266,0.2245583959721666,0.22383774556876318,0.2245583959721666,Ganges
0,0.8997083343902676,0.8997083343902676,0.8997083343902676,0.8997083343902676,0.8481854279697768,0.8997083343902676,0.8997083343902676,Turkey
1,0.7973930438966039,0.7904437525315228,0.7858054777734856,0.7968104906956216,0.7531869050431833,0.7933822321902877,0.7932943335463535,Turkey
2,0.8118833414509099,0.8021332094440086,0.7974187771386101,0.8171594273504592,0.7774715685785696,0.8083001213703848,0.8086927463593547,Turkey
3,0.9045475849144565,0.86835037728588,0.8630748520124298,0.892504245194781,0.8539876063324157,0.8765184700181581,0.8782913819270627,Turkey
4,0.9569210351482788,0.9177147666848436,0.9041857898975814,0.943658197721538,0.9077262821779273,0.9246641242545851,0.926645283642327,Turkey
5,0.9260237910200118,0.8796563680645078,0.8650304893469196,0.9090167200283101,0.8754325564014074,0.8873199317689852,0.8901598408521737,Turkey
6,0.8105446269557991,0.7693445181005878,0.7561143465166867,0.8021751025299934,0.7703427058449758,0.7790788046737608,0.7818069952104539,Turkey
7,0.7636098088407799,0.7196740314647532,0.6935075731812367,0.7551890205382327,0.7249373957191634,0.7324567445182516,0.7338616431657846,Turkey
8,0.6975520712915683,0.6479368317931742,0.6077397311729494,0.6768633855921171,0.6526926078752062,0.6590191835273157,0.6596395881850674,Turkey
9,0.7116568324353478,0.6683224032498067,0.6330541408742625,0.694995883373801,0.6734575181059818,0.678402493680052,0.6788653169948247,Turkey
10,0.8758358930214043,0.8251708668611288,0.7885386006426645,0.8465531819772785,0.8297052239124012,0.8321194148050806,0.8339148642910645,Turkey
11,0.9720659548045432,0.924281452992711,0.8823090384186286,0.9411580075377071,0.9279586322442179,0.9286669959278672,0.9312355795719436,Turkey
12,1.0057757327064891,0.9555374492183311,0.912196068507065,0.971366074229288,0.9599644932882556,0.9604659030118123,0.9625153961737176,Turkey
13,0.9211654611673283,0.869027751324194,0.8302756343262448,0.888126486819814,0.8764870529962716,0.8763854027546133,0.878472774730644,Turkey
14,0.8624014438756634,0.7880051985147647,0.7571015408122248,0.8159370309564286,0.7989310657993186,0.7985717372445543,0.8004768286070018,Turkey
15,0.8467616292295889,0.769593070118765,0.743153595140085,0.8010226451547515,0.7817787261153906,0.7803413828404977,0.7829820078321874,Turkey
16,0.8455016507320733,0.7751163809090041,0.7520640011757775,0.8097008267062485,0.7891782443107317,0.7872553803236417,0.7901149254643867,Turkey
17,0.8962173124725907,0.8168760167897469,0.7893677989898239,0.851751655216914,0.8294202106358457,0.8271140175496888,0.83014935957193,Turkey
18,0.9195318256494042,0.848627996253305,0.8203007836370833,0.8857448283442515,0.8626159186547873,0.8598639054285473,0.8631835164642644,Turkey
19,0.9179691102893972,0.8409277518110724,0.8053678735428271,0.8765329141327384,0.855629235448541,0.8531734713172331,0.8560710755958411,Turkey
20,1.031401602480192,0.9651814771255031,0.9257809156506127,0.9999643118994078,0.9812343421181776,0.9785399068919026,0.9815782876241442,Turkey
21,1.1117878961698848,1.0488709538131615,1.006966675555997,1.0826498595796323,1.0661778185724793,1.0637717681043668,1.0664455590931121,Turkey
22,1.0320790950028382,0.9609957690901857,0.911319652889563,0.9895146038781054,0.9760808900138083,0.973171783766781,0.9762893096184991,Turkey
23,0.9455828613936706,0.8617939962790955,0.8117909124190452,0.8886273168514865,0.8765796827535481,0.8736853390512872,0.8767419246567044,Turkey
24,0.9248764312137808,0.8331707816158523,0.7718301633141051,0.8599589801792707,0.8490286450089727,0.8466577193372294,0.849154940398405,Turkey
25,0.9175085153634629,0.8237973083313371,0.7586433840056583,0.8524989010428001,0.838791847394995,0.8359099267024459,0.8388901606240781,Turkey
26,0.8836278796998249,0.7881614920348275,0.7289641483898033,0.8219615866007671,0.8034977049764871,0.7998179565115182,0.8035742358067586,Turkey
27,0.876635649266676,0.7887367872241908,0.7412216536551406,0.8246921336132111,0.8036025667676656,0.7998655999563898,0.803662141333944,Turkey
28,0.8423242271151237,0.7539686384063582,0.7178719498598528,0.7913810547619995,0.7682578598803698,0.7643018182035192,0.7683042350331633,Turkey
29,0.7342896743221687,0.6394073265911546,0.614854398586004,0.6791847837247086,0.6553202478263316,0.6517479915914186,0.655356348043773,Turkey
30,0.7529751500659847,0.64257210207085,0.6260488203242107,0.6818947173466171,0.6595323451817378,0.6571339541971165,0.6595604469910216,Turkey
31,0.8067618881686548,0.6892470314848429,0.6783464297896152,0.72399641494635,0.706151154595025,0.7039964641975346,0.7061730301332072,Turkey
32,0.6715467875186648,0.5655297552071726,0.5545428769258205,0.5942665624972253,0.5801116175297226,0.5789010208741462,0.580128646297014,Turkey
33,0.6604264126288907,0.5438568464114149,0.5240939508581427,0.5719926993769224,0.559739015777143,0.5590336738429876,0.5597522716300071,Turkey
34,0.7510502623199993,0.6314062510629785,0.5988411703423876,0.656571764855278,0.6464395415414368,0.6460974091243459,0.6464498604113906,Turkey
35,0.8051038705335036,0.6839672679530225,0.6485335289767334,0.7076649992291555,0.6990785663972707,0.69729132562522,0.6990865990058259,Turkey
36,0.7801905305487071,0.6483949416818018,0.6044002264395882,0.67151579313179,0.663227155026327,0.6619386108948758,0.6632334079203446,Turkey
37,0.7816771784040124,0.6364341459947445,0.5867651593788492,0.6612863371058931,0.6529202156375451,0.6521094751210927,0.652925083132746,Turkey
38,0.7897535046881015,0.6364049469953199,0.5859347356002089,0.6639812185897526,0.650996214165525,0.6501275976473593,0.651000003212559,Turkey
39,0.8278354653614893,0.6772569684695154,0.6325223898083133,0.7079725318238825,0.6927699208646332,0.6917281259803731,0.6927728704057902,Turkey
40,0.8459950613085157,0.6931995822394593,0.6540670387205194,0.7265578522925877,0.709704604739985,0.708948967740215,0.7097069007772098,Turkey
41,0.8455659874395395,0.687096914705992,0.6427773307844737,0.7213246736236767,0.7025838173199048,0.702170072324664,0.7025856046443246,Turkey
42,0.8942537329254255,0.7309188768387964,0.6774373459234748,0.7620938290819339,0.7436032472514909,0.7433340847452466,0.7436046385741346,Turkey
43,0.8867594216798763,0.7246766679480974,0.6707158095806366,0.7535982317092247,0.7358778162785773,0.7350006602387515,0.7358788993380811,Turkey
44,0.7701835349540886,0.6049167413616044,0.5509676104979643,0.634858587953344,0.6166627907836449,0.6168245774365152,0.6166636338791657,Turkey
45,0.7442866115545606,0.5842580266677908,0.5304153976929783,0.6102429482157724,0.5944496539063,0.5952623866238707,0.59445031020455,Turkey
46,0.8616869441091716,0.6997003057709414,0.6435469987851377,0.7251035820844651,0.7122583625431005,0.7109353618465425,0.7122588734311106,Turkey
47,0.942108757095629,0.7704755183579587,0.7029561754150636,0.7989914151774298,0.7831611664688481,0.7809241089754044,0.7831615641638882,Turkey
48,0.9264042190012267,0.7413314716663841,0.6773681640150266,0.7768827357257929,0.7559479522080663,0.7545366725256814,0.7559482617893087,Turkey
49,0.8151655959088804,0.6253479955318781,0.5716851837834347,0.6665506712221738,0.6414887237522326,0.640569312912069,0.6414889647422779,Turkey
50,0.8006826337704611,0.6027346696326434,0.5590763253651093,0.6437387980443107,0.6195802650780508,0.6192373436516831,0.6195804526740479,Turkey
51,0.8104157081067661,0.6102700818143054,0.572095263279769,0.6514074963557178,0.6259922711477528,0.625296725476541,0.6259924171797523,Turkey
52,0.8342219959352386,0.6360463294926095,0.6013693250303299,0.67483889467078,0.6504922789210572,0.6499195584494233,0.6504923925980289,Turkey
53,0.9292158273720545,0.726125660326641,0.6969555179142682,0.7662350550388785,0.7411076764462625,0.7402020487469324,0.7411077649368258,Turkey
54,1.0184338166809557,0.8035045488593262,0.7711713898963902,0.8442251957816777,0.8195396443648421,0.8180515187178288,0.8195397132493284,Turkey
55,0.9377358434514413,0.7253231900697564,0.6856014997877046,0.7636263482751825,0.7386428344854487,0.737131210499575,0.7386428881078042,Turkey
56,0.7343761695854638,0.5126448630648417,0.48256137687688655,0.5485353498305134,0.5252914736193823,0.5242731160903907,0.5252915153611034,Turkey
57,0.6197296228778814,0.4068767644001372,0.3808044039410271,0.4432210826885238,0.42172107786756075,0.4215831720667097,0.42172111036093524,Turkey
58,0.6074928487584325,0.38595600623386844,0.348909074602461,0.4214843416613211,0.402531309872993,0.4028872122195546,0.4025313351670959,Turkey
59,0.6439397119149534,0.4180999100368036,0.3635673595428248,0.45576849074941556,0.4360249191584087,0.436416136907497,0.4360249388483193,Turkey
60,0.6774344700789187,0.45361470786427116,0.38816989846342104,0.4853308434738748,0.4680404920469753,0.46809071289218873,0.4680405073743652,Turkey
61,0.6799397299064387,0.45425998264326783,0.39548131454552227,0.48381029386639496,0.4677548125507178,0.4674399009162506,0.46775482448215255,Turkey
62,0.6947343034699816,0.4729566795206534,0.42578876423704104,0.502529349982774,0.48775448933773535,0.4870932842610864,0.48775449862562686,Turkey
63,0.7478374674825029,0.5206361300940398,0.4848711832666228,0.5506607705214228,0.5367120868616155,0.5357965099369338,0.5367120940916705,Turkey
64,0.768607981625471,0.5317149991358534,0.5043834281112832,0.5629558430968847,0.5485173367873942,0.5474643486622991,0.5485173424155494,Turkey
65,0.7073244528368327,0.46045158351844523,0.43593007165588876,0.4934849254346232,0.47779567243383464,0.4775956832729795,0.47779567681500895,Turkey
66,0.7514231143031992,0.5009885803443046,0.47581616309676655,0.5369394440063265,0.5194657755699056,0.5194719450478685,0.5194657789803816,Turkey
67,0.880200915326706,0.6304247734586699,0.5957197276460628,0.6658733132548125,0.6479925767456105,0.6470869626334367,0.6479925794004573,Turkey
68,0.8526681270316592,0.6011424991319765,0.5578355968684015,0.6353464395111271,0.616985432154636,0.615561814954338,0.6169854342212715,Turkey
69,0.6808168286583764,0.4235811697631385,0.3892163024645315,0.45366106502670783,0.4366913656088385,0.4365733982041646,0.4366913672175877,Turkey
70,0.5580418811041566,0.30006764062724267,0.2717460728336631,0.3241682335868106,0.310623208164503,0.31103714332749655,0.3106232094168158,Turkey
71,0.49200776417990855,0.2331194124091581,0.2083404409398175,0.2546224257939603,0.24284527101558923,0.24386483622943328,0.2428452719904381,Turkey
72,0.44349902102887584,0.17834140477507057,0.15163098264676106,0.20065069105580002,0.18724087608302814,0.1881350508476912,0.1872408768418883,Turkey
73,0.41179857767249356,0.1411262029831103,0.11437254921483797,0.16313403999039586,0.15083664426857607,0.15165271270604969,0.15083664485930226,Turkey
74,0.4194729357245571,0.14001771318167355,0.11806615884625321,0.16189499574219196,0.15075068061375493,0.15195285174665618,0.1507506810735991,Turkey
75,0.46467021731641744,0.1835735774960022,0.16526474373875238,0.20561871661610692,0.19564522132092488,0.1970217155360917,0.19564522167888543,Turkey
76,0.5838243753223509,0.29698239587049147,0.28291441339885237,0.32062229951150606,0.3112847458012113,0.31287099582291583,0.3112847460798617,Turkey
77,0.6374085165052519,0.34496286895950545,0.33382467436487695,0.3730292323361958,0.3613132178742655,0.36345811197015904,0.3613132180911778,Turkey
78,0.578732276477147,0.28819252337185475,0.268600836256926,0.319040609173147,0.3047875595364942,0.308080362810085,0.30478755970534716,Turkey
79,0.5482782020290623,0.25130132323080406,0.22260397876886953,0.2844610965661971,0.26862990264890985,0.2716966308669875,0.26862990278035154,Turkey
80,0.46874557201609857,0.1661382119273272,0.13352722406832446,0.20053346315487025,0.1838376408004151,0.18700545180963676,0.1838376409027344,Turkey
81,0.525011174985327,0.217124270068235,0.18369282240594423,0.2514181004937437,0.2351892003013969,0.23819740712378745,0.2351892003810462,Turkey
82,0.7130807580189927,0.39963824791379143,0.37276379539116017,0.43452328781128524,0.4186137592544118,0.41975733738530063,0.418613759316414,Turkey
83,0.7978872641443133,0.4875149025686847,0.44888842631566894,0.5216558889471992,0.5039031088437136,0.5029344846482433,0.5039031088919785,Turkey
84,0.7729962653877165,0.459061261130509,0.4067095781675867,0.49616674337230143,0.4744695217446653,0.47357316925106757,0.47446952178223656,Turkey
85,0.7384973008345193,0.4193522559184472,0.3653307880586172,0.4604900959511361,0.43479494611634434,0.43387023257036283,0.4347949461455913,Turkey
86,0.7813534577094995,0.45963367808980266,0.41104075988261435,0.5023474894066363,0.47444194868154627,0.4728006117267204,0.4744419487043132,Turkey
87,0.834695065673581,0.5079782498957968,0.4699799283919977,0.5524267414682726,0.5228262002643138,0.52096277641672,0.5228262002820365,Turkey
88,0.8449798248104774,0.5159135223722028,0.4837135284470994,0.5582756908898517,0.5284322188692796,0.5262151763239444,0.5284322188830757,Turkey
89,0.8821935801328055,0.5464686083583897,0.5131652528914117,0.5856391514826365,0.5570854086917807,0.5551357723421854,0.5570854087025201,Turkey
90,0.9147734489827809,0.5756823781126506,0.5387885742290836,0.6150695937132827,0.5871001117137313,0.5860066006186766,0.5871001117220913,Turkey
91,1.0409103167623068,0.6957516469780827,0.660515413436583,0.7359744559984366,0.7096006707911529,0.7083374445269195,0.7096006707976605,Turkey
92,1.1472672396886132,0.8015918292362317,0.7627540978480837,0.8362326547756994,0.8139466920715891,0.8122295304686085,0.8139466920766549,Turkey
93,1.2243027945970093,0.8813580303710259,0.8393381994999148,0.9106718808480746,0.8926958514328729,0.8904483710793791,0.8926958514368164,Turkey
94,1.1911789884254085,0.8458147527295393,0.7972345218006787,0.8705013371057865,0.8559875290035784,0.8541300885556815,0.8559875290066483,Turkey
95,1.1184371900915424,0.7694281371080908,0.7094547461003737,0.7916367001338611,0.7796356621310703,0.7772689909379465,0.7796356621334599,Turkey
96,1.050571610875933,0.6903946416412329,0.6236676114416594,0.7192474581627449,0.7024019290000166,0.6998734654386131,0.7024019290018769,Turkey
97,1.0327915559876073,0.6672389484719108,0.6102855289702822,0.7013188580612146,0.681428050141305,0.6789094062578176,0.681428050142753,Turkey
98,1.0884507075336651,0.7182533829013013,0.6697626200977023,0.7514353737774522,0.7329615211068183,0.7299563978171649,0.7329615211079455,Turkey
99,1.0512578498870273,0.6778575011660231,0.6374424014990727,0.7150639656541535,0.6933768157654635,0.6898544034061963,0.6933768157663409,Turkey
100,0.9755411182533583,0.6035190478928812,0.5712657798435938,0.6412345790659103,0.6174376612664277,0.6137902087792351,0.6174376612671107,Turkey
101,0.9832799290278553,0.6055181025356925,0.5771925150197266,0.6423412136822235,0.6184453928961875,0.614496548255677,0.6184453928967192,Turkey
102,0.9721313432220566,0.5879028936465014,0.5674270764995166,0.6269159399700865,0.6028768161115406,0.5984214468013832,0.6028768161119545,Turkey
103,0.8809242653304549,0.49400116917653497,0.46954686143792823,0.5297337711035438,0.5065895616871771,0.5044399027998354,0.5065895616874992,Turkey
104,0.855285598120124,0.47050431198595544,0.43860977438619714,0.5010658417469455,0.481094998396156,0.47982003753446034,0.4810949983964068,Turkey
105,0.7347520587073235,0.33914668278485466,0.30315478058903156,0.3695813132360288,0.3524762143622389,0.3521841605990633,0.3524762143624341,Turkey
106,0.6881117669811028,0.2920592409561012,0.24174869779987218,0.32408071180416564,0.3069197332939295,0.30727540052483926,0.30691973329408145,Turkey
107,0.7198662517588751,0.3177624655957885,0.2699033315670766,0.35192397526688046,0.33295996175942993,0.3338552461217826,0.33295996175954823,Turkey
108,0.882549217711432,0.4710816940295536,0.43007900872509475,0.5086803484159063,0.48545653449963844,0.4846258034818218,0.4854565344997305,Turkey
109,0.9603107196777436,0.5512279908682983,0.5078261317141173,0.586374030478242,0.5634859736444003,0.562632925899814,0.563485973644472,Turkey
110,0.9741947004746925,0.5642266233336004,0.5245246300983558,0.5978326626469167,0.5767587850620618,0.5748046088614434,0.5767587850621175,Turkey
111,0.9473433648160356,0.5313892660696962,0.500738894133914,0.5685207288746058,0.5453329811061349,0.5435438384572528,0.5453329811061782,Turkey
112,0.9063956416478212,0.48698682965188256,0.4586272827391004,0.5257786383271861,0.5016440564797573,0.4993751168711752,0.501644056479791,Turkey
113,0.9059134137089148,0.48592499478107576,0.45364185390096157,0.5261332290497901,0.501487197227538,0.4993969820598486,0.5014871972275642,Turkey
114,0.8745926757200337,0.4518313279053927,0.4132193293934846,0.48930819476383813,0.4646815443523713,0.46220795131385256,0.46468154435239173,Turkey
115,0.7489996226680515,0.3264551981432704,0.2848351569836776,0.3592503506029744,0.336458304978728,0.33507032564255784,0.33645830497874385,Turkey
116,0.7568792364393171,0.3253790640511368,0.2840924612756023,0.3575117904331631,0.3377818983288624,0.3370275600112977,0.33778189832887484,Turkey
117,0.9214994792401443,0.48563600542609875,0.4425405130775878,0.5134274004184283,0.4972986805803198,0.4959177057535491,0.4972986805803295,Turkey
118,1.0416464504184781,0.6060752528735549,0.561331045920997,0.6304871871479698,0.6171617594614173,0.615292986473857,0.6171617594614248,Turkey
119,1.0122077867989792,0.5712099844669848,0.526899503331241,0.5905436894486891,0.5801244244374753,0.5770473227534111,0.5801244244374812,Turkey
120,0.8435365518782378,0.4033794393186571,0.36516919469665193,0.41856730138793585,0.41045654142648613,0.40780234511070734,0.4104565414264908,Turkey
121,0.8772627908679926,0.43165785339163387,0.40054526520521194,0.4479675376485426,0.4401279826108928,0.4372627830642452,0.4401279826108965,Turkey
122,0.9003553904499709,0.44611456921368786,0.42067129664058966,0.47347281004509456,0.4576049441191205,0.4545271313755709,0.45760494411912334,Turkey
123,0.848363602197264,0.39265879962101063,0.3699734386076629,0.4252443834772634,0.40452069368606336,0.4018065325938472,0.4045206936860656,Turkey
124,0.8692872771106104,0.4072229859404607,0.38655283978344523,0.44460387999145445,0.4204952433204432,0.41707639327920054,0.42049524332044486,Turkey
125,0.8271523719431099,0.3549959588608158,0.3384770719786994,0.39567424095176895,0.3704090367500952,0.36768571143107537,0.3704090367500965,Turkey
126,0.7708491847757701,0.2983144546914074,0.2802127044331146,0.3397048713309208,0.31447418476626204,0.31274423365900694,0.3144741847662631,Turkey
127,0.8093001320875122,0.3324241987915004,0.30325178585780654,0.3735184613143552,0.34829340604920633,0.3476171335231776,0.3482934060492072,Turkey
128,0.9077618386331712,0.428500881469701,0.3955122534717679,0.46642062043066795,0.4423298553578294,0.4418290801192497,0.44232985535783015,Turkey
129,1.020755623612575,0.5353225155148176,0.4929440099455776,0.5709832264520053,0.5502393643448634,0.5496134380102511,0.550239364344864,Turkey
130,1.0462505177717156,0.5594718447809637,0.4908923087158837,0.5941846815030261,0.5758751712449711,0.5751866737734237,0.5758751712449716,Turkey
131,1.010734877218164,0.5252737541927147,0.44671918793185317,0.5544964850648441,0.5396494805637725,0.5383791613954282,0.5396494805637728,Turkey
132,0.923642608238326,0.43199404975497413,0.357904015936076,0.46028224673697055,0.4479057706773787,0.44664818385762584,0.447905770677379,Turkey
133,0.8791654463634168,0.3821422395872154,0.30508771933039214,0.4103020075850397,0.3989880047400102,0.3971673453563989,0.39898800474001045,Turkey
134,0.8385895014457678,0.3372723026499283,0.2622076060926089,0.37136957077749305,0.3533158372659062,0.3509149413580034,0.3533158372659064,Turkey
135,0.797345676539801,0.29127416356548086,0.23035973152797157,0.329396097178997,0.3072851730118139,0.3051439466852773,0.307285173011814,Turkey
136,0.7776485808038647,0.26910573048755476,0.2212251618860254,0.30977209767677827,0.28550130002567015,0.2834867286638498,0.28550130002567026,Turkey
137,0.7432016076791411,0.22883990872793533,0.18940433130500206,0.2709153209399848,0.24615093028043328,0.24446384882701383,0.2461509302804334,Turkey
138,0.7044889668603922,0.1857620856885796,0.1467917373913808,0.22716612267915604,0.20280155330021177,0.20124307925908438,0.20280155330021182,Turkey
139,0.6514493761043653,0.13378870379345376,0.0898734668143499,0.17269261268323066,0.1477920314357235,0.147022237855686,0.14779203143572356,Turkey
140,0.5863287026048101,0.06773733538097257,0.024856749432334933,0.10567000218725263,0.0808167939095544,0.08107513914191207,0.08081679390955444,Turkey
141,0.47270287545880724,-0.04853836749264781,-0.08453671377876867,-0.0168279226468287,-0.0380303148936178,-0.037489166268182064,-0.03803031489361777,Turkey
142,0.3840085960950547,-0.13893579484389956,-0.16694330923377534,-0.10903247994442858,-0.12914955824934501,-0.12825727953003385,-0.129149558249345,Turkey
143,0.38798525836915754,-0.13457988016732642,-0.16609012220661712,-0.10578800525669531,-0.12549745885168534,-0.1244696189060826,-0.12549745885168534,Turkey
144,0.4393028485545146,-0.08691761895930965,-0.12776211095412582,-0.05584909315732958,-0.07681538620561443,-0.07566564344594384,-0.07681538620561443,Turkey
145,0.449401527048119,-0.0692174163674079,-0.1169240651277165,-0.03323093480942994,-0.057935245155648726,-0.056872306958186736,-0.057935245155648726,Turkey
146,0.5514658840271829,0.041470919505698964,-0.009617868861324902,0.08270142138731554,0.05485226351751346,0.05580356242228057,0.05485226351751346,Turkey
147,0.627289036536024,0.11388806725278819,0.07094109581116341,0.15825736624941428,0.12877500940695447,0.13036729712386064,0.12877500940695447,Turkey
148,0.642527570751575,0.14087904203454454,0.1038821022055525,0.1864212001670557,0.15683237293420732,0.15865132629679526,0.15683237293420732,Turkey
149,0.7097197265706413,0.21745594775167162,0.18740026663256443,0.2631514443355019,0.2340319912502971,0.23607248168565742,0.2340319912502971,Turkey
150,0.795020543158979,0.31172899002811216,0.28408094499890335,0.35711908805353043,0.3289815628058836,0.3308632500468465,0.3289815628058836,Turkey
151,0.7983067719216108,0.32972293266447383,0.29076859758835233,0.37320211069223425,0.3464571365294835,0.34799608319283104,0.3464571365294835,Turkey
152,0.8015236121850395,0.33729752467262786,0.28142702656289315,0.379092236771511,0.3539730714382698,0.35615430720528607,0.3539730714382698,Turkey
153,0.830468538701425,0.37360002663738984,0.2963632691515968,0.4077097748210019,0.3869368046584041,0.38830360197940594,0.3869368046584041,Turkey
154,0.8723536271595184,0.41696804368835605,0.3314825266802972,0.45056527952737746,0.43088718884488963,0.4309418608989108,0.43088718884488963,Turkey
155,0.9547682401027706,0.5032729324627766,0.43097807225242857,0.5356778641789072,0.5183630570058471,0.5168809005796731,0.5183630570058471,Turkey
156,0.9641222466986785,0.5188310073272828,0.4502732235924633,0.5500203783057233,0.5345572718616757,0.5321633686999301,0.5345572718616757,Turkey
157,0.8861676980785071,0.4484520802305211,0.3680825458122928,0.47853209657213314,0.46192740662587295,0.45939366481515964,0.46192740662587295,Turkey
158,0.8142407160461351,0.3850523407955262,0.2977318610695373,0.4142687924651819,0.3967754496482602,0.39413285201001114,0.3967754496482602,Turkey
159,0.8092139253755738,0.3842741462091662,0.3042615162366872,0.41708208684631953,0.39780955821312236,0.3953214299142697,0.39780955821312236,Turkey
160,0.7969058496789465,0.3795347072304481,0.31376361824572385,0.41523649671965124,0.3925718527162238,0.3892462486467011,0.3925718527162238,Turkey
161,0.7505858387376694,0.33744193066125233,0.2841874006599252,0.3764743480779188,0.35160732788223487,0.3477412519648142,0.35160732788223487,Turkey
162,0.7421018722115558,0.3366633833215411,0.28965529523221956,0.37720750640275647,0.3518666390428023,0.3486403192294929,0.3518666390428023,Turkey
163,0.756468697417787,0.35591878843748614,0.3112474610107449,0.39492998494898907,0.3694880698986137,0.36643123168270686,0.3694880698986137,Turkey
164,0.7554865237275896,0.36384315315092314,0.3245897860744163,0.4046086120695791,0.3796179112441574,0.37669617264675004,0.3796179112441574,Turkey
165,0.5931337696924651,0.2040428851826973,0.17213187499071653,0.24531775995969013,0.22081780214602886,0.21887152217774739,0.22081780214602886,Turkey
166,0.5254406940141424,0.13927128221189225,0.11405313911105967,0.18031886813019296,0.1570639403558447,0.15622932223765088,0.1570639403558447,Turkey
167,0.55980087064492,0.1761043568242257,0.15096054646123236,0.21525184586222393,0.19402527479921164,0.1920853524608106,0.19402527479921164,Turkey
168,0.5308915988596222,0.15677038342837096,0.12433058851566557,0.19139795575794388,0.17178173872924143,0.16895431728170887,0.17178173872924143,Turkey
169,0.49809715576965985,0.1286852111352318,0.09462674578037746,0.16478870481243837,0.1443704136510051,0.1428120979082517,0.1443704136510051,Turkey
170,0.44278788738256725,0.07986326262809457,0.046228981235198516,0.11603082108116258,0.09235890674098866,0.09225497554212096,0.09235890674098866,Turkey
171,0.5145772611106066,0.15277306319996575,0.11449628895726145,0.19511695206051832,0.16740390746795641,0.16833602895796795,0.16740390746795641,Turkey
172,0.5286442674452907,0.16933025768343538,0.1296781324065448,0.21393243509537774,0.1846434172156315,0.18639520689903905,0.1846434172156315,Turkey
173,0.5348416706781728,0.17581976009177225,0.14335506136142406,0.22229020497347768,0.19242207609584155,0.19371846688869704,0.19242207609584155,Turkey
174,0.580368292496304,0.22218400944725625,0.195299679742508,0.26928169181614536,0.2397130572213312,0.2403676936063589,0.2397130572213312,Turkey
175,0.5443036177592149,0.18921015788836626,0.1669284868931824,0.2354062885849319,0.2066577447065543,0.2063254796710996,0.2066577447065543,Turkey
176,0.4364378558766452,0.08364277447148774,0.06425914814541184,0.13012153571631851,0.10204226484843706,0.1019642831761117,0.10204226484843706,Turkey
177,0.4565154048068154,0.10641745170467443,0.08403614345883728,0.14860422052208705,0.1250105764989023,0.1255339447682871,0.1250105764989023,Turkey
178,0.49701057945597416,0.1522315210468141,0.11971072980840036,0.1856894086925206,0.16710200125176616,0.16798529863287648,0.16710200125176616,Turkey
179,0.374931421540156,0.03501447219198968,-0.003781142728595973,0.06172317643881922,0.04708199664301921,0.04798899183340457,0.04708199664301921,Turkey
180,0.30924796723120634,-0.02715430745433141,-0.06465746290553791,-0.0027053479749706566,-0.01470782159701528,-0.01365319993774436,-0.01470782159701528,Turkey
181,0.3926273037322527,0.05603330224693538,0.007703961787727857,0.08069210183200784,0.07015329051701906,0.07139361623157223,0.07015329051701906,Turkey
182,0.4690256886474354,0.134065196435348,0.08394622121368103,0.15926140118863524,0.14930148207453553,0.15053552406597115,0.14930148207453553,Turkey
183,0.48667800364528824,0.15237142964114964,0.10805728397578437,0.1860524012761927,0.1688930707314962,0.1704546866548741,0.1688930707314962,Turkey
184,0.42075231944239255,0.08818884243481914,0.047188348611692944,0.12513366445172464,0.10443388588629772,0.1069773394744053,0.10443388588629772,Turkey
185,0.4071406391766358,0.07930920121907777,0.04346779872304679,0.11782943054261956,0.09494559664957648,0.09793899558230615,0.09494559664957648,Turkey
186,0.3845384728719242,0.058774100306114234,0.030265343811425857,0.10014430889718365,0.07552189504828366,0.07850912007047574,0.07552189504828366,Turkey
187,0.3144911714784674,-0.005296537564045585,-0.03177873181550249,0.0349624955148633,0.009738773937072766,0.012976936493258581,0.009738773937072766,Turkey
188,0.2945250318523655,-0.021513001848472754,-0.055569393467248124,0.018553221434694553,-0.006282051320427279,-0.003258038786270151,-0.006282051320427279,Turkey
189,0.2846198842053348,-0.03156253899031672,-0.0746907157380507,0.008789485817170775,-0.015089755322395981,-0.0113962520907461,-0.015089755322395981,Turkey
190,0.26768508291795196,-0.04465614400025067,-0.10460546351677907,-0.007597402279073823,-0.029980722421636574,-0.026037003027442926,-0.029980722421636574,Turkey
191,0.2575271794825726,-0.049104338528118865,-0.12441296415929537,-0.016790858198428876,-0.035579981848101044,-0.032393899462086075,-0.035579981848101044,Turkey
192,0.21253282166296034,-0.08811188120092399,-0.16837180797737025,-0.061999052707440064,-0.07719444436822405,-0.07450035881968936,-0.07719444436822405,Turkey
193,0.15410845694394976,-0.14038177330140972,-0.21983882494220894,-0.11900628563651355,-0.13122778724656858,-0.12889395879892415,-0.13122778724656858,Turkey
194,0.14237580696750485,-0.14421632430903103,-0.21104218811961784,-0.1254232102391944,-0.13655704248522782,-0.1343402549209472,-0.13655704248522782,Turkey
195,0.29015987236900015,0.005575909451979222,-0.05300831744183654,0.03242288615698953,0.01447962461556497,0.01664089313078683,0.01447962461556497,Turkey
196,0.34357714281045926,0.06074089985639686,0.010094678733223714,0.09410514391881214,0.07219914770235883,0.0751419032453923,0.07219914770235883,Turkey
197,0.33583605515790405,0.05339721778698551,0.012142308893681203,0.09069974957738082,0.06701871032708243,0.07061165571568825,0.06701871032708243,Turkey
198,0.3025707585211166,0.021740304535985716,-0.011058471434946794,0.06068218455415171,0.03627270059702435,0.039710124466394395,0.03627270059702435,Turkey
199,0.3217533109752506,0.04161965069483689,0.010847452885046752,0.08205288629931284,0.05729075953887532,0.061585209089444114,0.05729075953887532,Turkey
200,0.40893808429704803,0.1293607077105042,0.09887648225765885,0.16939694355214763,0.1457054524153497,0.14936173032685637,0.1457054524153497,Turkey
201,0.4997258873239293,0.2199414361791016,0.19438406005022435,0.26094127026772,0.23750590125033638,0.24115439552718926,0.23750590125033638,Turkey
202,0.6463153050808608,0.3664202430334882,0.3471211952630332,0.4071851189390775,0.3841293116617227,0.38598528720171504,0.3841293116617227,Turkey
203,0.6707321790296691,0.3904699466277986,0.3667234186227295,0.42871312128551925,0.40804221197522367,0.40894682383419434,0.40804221197522367,Turkey
204,0.6158714241508129,0.3358213251950288,0.29966162772340804,0.37334455901249214,0.3541420845816298,0.35416083732077086,0.3541420845816298,Turkey
205,0.643715994656981,0.36511302626339504,0.3222359879959574,0.4050434302914212,0.38411559571659804,0.3835135926055505,0.38411559571659804,Turkey
206,0.5990941142631161,0.32065637082243365,0.28151708146615884,0.36238250807040606,0.3378569121322441,0.33713218104675663,0.3378569121322441,Turkey
207,0.5384231573771363,0.26349218091322546,0.23118467455222946,0.30777229107723075,0.2796829717891657,0.2784276207922052,0.2796829717891657,Turkey
208,0.586539085781872,0.31251620092340593,0.28111907270315395,0.3586400414413507,0.3280209514554798,0.3265695763890154,0.3280209514554798,Turkey
209,0.5570538665817026,0.28565860649844305,0.2537431497939749,0.33134471070762506,0.30124818566234024,0.2993337724039498,0.30124818566234024,Turkey
210,0.5018526202157442,0.23049186410675335,0.199629658649367,0.2759681069342549,0.24686409713353114,0.24490684212003724,0.24686409713353114,Turkey
211,0.3981297694033625,0.12778091148513,0.10095535930444162,0.17158159752914987,0.14382509320014036,0.14138150113300818,0.14382509320014036,Turkey
212,0.28427251436873974,0.016895342477067962,-0.0043693984847061745,0.05844559778073012,0.030860891212678307,0.027386566916201963,0.030860891212678307,Turkey
0,0.4234513150702499,0.4234513150702499,0.4234513150702499,0.4234513150702499,0.420827580355499,0.4234513150702499,0.4234513150702499,Italy
1,0.5267339486750643,0.538644494180419,0.509556765936769,0.5265258048042272,0.5241593116114394,0.5255429826927607,0.526047382715686,Italy
2,0.6077114095869661,0.6267474625173766,0.5768992189676234,0.6076087431163132,0.6055153867641736,0.6064630434359924,0.6068740654730572,Italy
3,0.782983761910325,0.7978147116335246,0.7411825519468915,0.779816114748322,0.7776273646588427,0.7783054630665139,0.7786050862233653,Italy
4,0.8659330484273371,0.8772524701004596,0.8190682778372089,0.8626880186045967,0.8603621055476391,0.8604917727523933,0.8610656857623598,Italy
5,0.8143001437513758,0.8223644204155184,0.7624646130500091,0.8098635927290856,0.8075449623142932,0.8077930544655139,0.808051267111598,Italy
6,0.8006960631414619,0.8144585829026171,0.7426017305743685,0.7968957233033179,0.7948051042724944,0.79504356539855,0.7951694473031973,Italy
7,0.8380655896413117,0.8536122559375141,0.7779882496326914,0.8331784539043408,0.8314234038233708,0.8312870088191583,0.8316855894568634,Italy
8,0.8810064266474853,0.8988516568638816,0.824443466705648,0.8748633630795027,0.8731370829089764,0.8728184758348443,0.8733257548489264,Italy
9,0.7936968787031222,0.8168120220047195,0.7433774578564625,0.7876578829747979,0.7859743062826299,0.7855366925237997,0.7861100768832164,Italy
10,0.6365977789031849,0.648750634238154,0.5927508123637251,0.6276912613670446,0.6262345610535195,0.6255077861102907,0.6263322632130909,Italy
11,0.5659480081490372,0.5829302513834426,0.5171415445550243,0.556183769974738,0.5550576819600901,0.5546854100110298,0.5551279896109635,Italy
12,0.5295762933469581,0.5405054179413799,0.4777903507404217,0.5180871512081902,0.5172768047088503,0.5173764969265944,0.5173273989412912,Italy
13,0.3987553726553368,0.405960043891917,0.3518468693090159,0.3865589581613242,0.38578511672480365,0.3859888770448788,0.3858215249438877,Italy
14,0.32427297450603304,0.3223953761267694,0.275782326779586,0.3077408799691625,0.30704391357573735,0.30796500151813316,0.3070701133687359,Italy
15,0.3315837515130765,0.33357454406608256,0.2777779071768843,0.3136381311533265,0.31300641810507335,0.31394929590926535,0.31302527179169787,Italy
16,0.319639026132532,0.32050566211257914,0.2594109170726137,0.3016087889149182,0.30112130854837366,0.30228453735371924,0.30113487588836585,Italy
17,0.44844669727438136,0.4508657580331442,0.3788772886779451,0.42830752728926036,0.42791218207701365,0.42931072430865,0.42792194529829386,Italy
18,0.545048600808786,0.5461217160833022,0.4681451153571747,0.5249410144753416,0.5244359056749002,0.5258402191205919,0.5244429314065338,Italy
19,0.572742984223908,0.5786578969005977,0.4911468229617211,0.5516453458347456,0.5510441809269402,0.5520350545151689,0.5510492367280503,Italy
20,0.6089961687344125,0.6195113116193637,0.5247872440546466,0.5886906605412086,0.5878889208396151,0.5888713785748005,0.5878925590549923,Italy
21,0.5774704380402613,0.586418960107889,0.4906961686945763,0.556632826424162,0.5557590315992245,0.5565965933341724,0.555761649702833,Italy
22,0.5238661208007712,0.5342386756664393,0.4328263942047225,0.5008839178702628,0.5000035396941804,0.5007459468650417,0.5000054237130729,Italy
23,0.6164632578097404,0.622392118926022,0.5246362693612429,0.589968811806303,0.588992967624269,0.5886531778527339,0.5889943233869575,Italy
24,0.7147437970251969,0.7188111407707063,0.6246293813401768,0.6874433230345232,0.6860504878496012,0.6851436959795794,0.6860514634727624,Italy
25,0.7761972389973151,0.7711856894800194,0.6871234030947984,0.7483211055795157,0.7469671136045593,0.7462384559512312,0.7469678156747377,Italy
26,0.7753252529206114,0.7682423319917882,0.688442232717077,0.7466365854940885,0.7450222621525291,0.7448587185575429,0.7450227673706861,Italy
27,0.7083542254964904,0.7049027902189492,0.6269068622553295,0.6807018478221597,0.6789956027798493,0.6789953943018046,0.6789959663409205,Italy
28,0.6357929446854809,0.6330739401067567,0.551866267704922,0.6064341707624797,0.6047109197359714,0.6051453051346047,0.6047111813588973,Italy
29,0.6088320964531895,0.6075070353171856,0.5134725202230805,0.577240733137857,0.5758233245387377,0.5764740077487158,0.5758235128057466,Italy
30,0.599701217844782,0.5921708927543933,0.49588283204467404,0.5651354032052778,0.5639328036874734,0.5646224946152542,0.5639329391666807,Italy
31,0.706526365033213,0.6993585454052176,0.6034257332061673,0.6711170110727882,0.6698019280164618,0.6703351832189719,0.6698020255089312,Italy
32,0.685757402780856,0.6811145638533344,0.5892253891384915,0.6509365109116261,0.6497181321176826,0.649768490332584,0.6497182022744379,Italy
33,0.6283750416225323,0.6149985410151266,0.5331638741670099,0.5911606945139203,0.5900825610828726,0.5898992276431037,0.5900826115685187,Italy
34,0.5613878056436137,0.5407400563806686,0.4680654867012573,0.5229517164594393,0.5221604540957612,0.5216804630928201,0.5221604904258402,Italy
35,0.5740598722400625,0.5560256346829868,0.47559763785900944,0.5350972139999323,0.5345030592336588,0.5338440638069598,0.5345030853772212,Italy
36,0.5699590554505072,0.5489049730456602,0.46820896437344006,0.5288924812366986,0.5284487431116422,0.5281427750470207,0.5284487619248647,Italy
37,0.46977502601605914,0.45122057326108655,0.37052497270757545,0.4270427134736672,0.4261723860678103,0.4260570081605934,0.4261723996060318,Italy
38,0.4759150545789216,0.46220619409612024,0.37530100574505976,0.43090226960814515,0.4297769015413065,0.4300630338369594,0.4297769112835737,Italy
39,0.5740804235057387,0.5638643515300557,0.4790398962326796,0.5293835924900929,0.5281773825862894,0.5286168950299928,0.5281773895969423,Italy
40,0.6974882727110926,0.6779745188883984,0.6015047218775103,0.6524070012109886,0.6510678553444788,0.6514090751936005,0.651067860389429,Italy
41,0.7274909630283802,0.7121439855931221,0.625031555090435,0.6802683195389997,0.6786385374603285,0.6791868959072304,0.6786385410907355,Italy
42,0.7167353521071387,0.698637566916517,0.6028662442284441,0.667274112363514,0.6654462581838341,0.665647156280247,0.6654462607963185,Italy
43,0.7564907522975512,0.7336628050931581,0.636416366990114,0.7069181748160921,0.7051646173739995,0.7060392406249796,0.7051646192539748,Italy
44,0.8122455176639627,0.7820708046551329,0.6897615139338596,0.7610106204528992,0.7595195956717088,0.7596477253473338,0.7595195970245615,Italy
45,0.7939845570461479,0.7604641834758014,0.6675224004347655,0.7432017227296632,0.741967746316932,0.7411407069387512,0.7419677472904611,Italy
46,0.7325770999678678,0.7041919743193648,0.602778987455683,0.6809754784032119,0.6800407253058811,0.6795229440366753,0.6800407260064444,Italy
47,0.7081656935835082,0.6740086395154391,0.5742400727530665,0.6535610956236308,0.6528524535994038,0.6523428835340441,0.6528524541035376,Italy
48,0.6068206556268719,0.5761344520449739,0.4796273744189891,0.5494031695773142,0.5488225839495865,0.5482067995134696,0.5488225843123673,Italy
49,0.48764426139283584,0.46096361380597917,0.37229659027338835,0.4298360255242574,0.4290872844084546,0.42879716015978125,0.42908728466951607,Italy
50,0.46835371227938677,0.4409609826653654,0.35600130517294126,0.40880315791645294,0.4076781254054256,0.40779044178738044,0.4076781255932886,Italy
51,0.5187356315438918,0.4926077643554392,0.40866369024404736,0.4582801435784737,0.45722203343360446,0.45807633425355443,0.457222033568793,Italy
52,0.6505325212806659,0.6155061048237365,0.5398176829435021,0.5902899546652532,0.5891024461500511,0.5891510065444846,0.5891024462473344,Italy
53,0.5770998054530452,0.5452245456043562,0.46841442179486276,0.5153011135187227,0.5140134195662114,0.5140894116738024,0.5140134196362176,Italy
54,0.4071534183645325,0.3735931237593859,0.3062843851392778,0.34270757694876314,0.3411587164084185,0.34169523766435006,0.3411587164587958,Italy
55,0.3918049993040907,0.36228493572853876,0.2954139059051677,0.32620302933394935,0.32474728701222777,0.325169214017414,0.3247472870484799,Italy
56,0.36237046534871736,0.32952820250461917,0.26621585536910325,0.29380083955986686,0.292488100136901,0.2931678301484722,0.2924881001629885,Italy
57,0.29209861984496643,0.2548871173563916,0.19755052849073265,0.22682377601388837,0.22533284506366952,0.22632070667990783,0.2253328450824424,Italy
58,0.3360584415307082,0.2929000435277285,0.22818486730135534,0.26835984372996796,0.26707272402733057,0.2681582224576134,0.26707272404083976,Italy
59,0.3559519608742475,0.3161395932122949,0.24461644137942554,0.28705937728486947,0.2860553118076983,0.2870620897376248,0.28605531181741967,Italy
60,0.3458366244726333,0.30398459572040054,0.22964452448114442,0.2770892496238604,0.2756277410605264,0.2768788164552317,0.275627741067522,Italy
61,0.41949303239123603,0.3785011147843813,0.2967669141386723,0.3493493716737809,0.34768632946437183,0.3490567478759451,0.34768632946940603,Italy
62,0.43154235185101475,0.39456416665215854,0.31813247027738095,0.3621846798112238,0.36064553663334825,0.3618824629883186,0.3606455366369709,Italy
63,0.4240616141894432,0.3865035413266832,0.31129446980162745,0.3524359114433102,0.3510733012896169,0.3528891914333424,0.3510733012922238,Italy
64,0.46409512363232786,0.42520999160530887,0.34072490205691597,0.38970758527651783,0.3885718948687623,0.38997328170382817,0.38857189487063826,Italy
65,0.4989373248689608,0.4509815756845096,0.361252603562491,0.4214519484274372,0.42056009117711346,0.42222636003164327,0.42056009117846344,Italy
66,0.46014956646869937,0.4095950584464767,0.32261572296742713,0.3818598455873342,0.38109168837204566,0.38289049705310263,0.3810916883730171,Italy
67,0.40447879670662634,0.34730653446047194,0.2737145985296895,0.32588995631288564,0.32527440167743843,0.3269297850223554,0.3252744016781375,Italy
68,0.4109584996059903,0.34997709051941595,0.2780803323344755,0.33111419223515137,0.3306188202882519,0.332391600236029,0.33061882028875494,Italy
69,0.3287471514548601,0.26698045894386196,0.20001159648022646,0.24669983372279586,0.24621737596955334,0.2481952804147561,0.24621737596991533,Italy
70,0.35914937990372836,0.30125741361731684,0.23244795048348246,0.2762457852766158,0.27538686781569677,0.27709290937489756,0.2753868678159572,Italy
71,0.47878793588588003,0.42448319877149476,0.3489043149963344,0.3960616776739209,0.394824897649299,0.39619796861258794,0.3948248976494864,Italy
72,0.5588474250187943,0.5041997310450834,0.4254402247827954,0.47398562035823605,0.4723371048925074,0.4736205124096711,0.47233710489264225,Italy
73,0.6399357366907112,0.5846532267835264,0.5022189469833258,0.5537061660739837,0.551935644813662,0.5525759315302785,0.551935644813759,Italy
74,0.6941770421386181,0.637854078962012,0.5517212977739466,0.6054751700388552,0.6037317606463066,0.6037689374254858,0.6037317606463765,Italy
75,0.6497317783225298,0.5942943884035309,0.5113943829617693,0.5613838672469902,0.5595866068083174,0.5595634785662864,0.5595866068083677,Italy
76,0.5875202330695423,0.5313591605097109,0.4448875006597926,0.4977330968104909,0.49621789239170955,0.4962124240841217,0.49621789239174574,Italy
77,0.5663195803270801,0.5081486452880055,0.4187230287349386,0.4750683460512403,0.47384124380103787,0.47393655262305334,0.4738412438010639,Italy
78,0.5954163432317767,0.5388056451467416,0.450082820474131,0.50443413156144,0.5034648778469686,0.504791853522374,0.5034648778469873,Italy
79,0.7558280030380952,0.6976397618439163,0.6156746586271032,0.6627452515761392,0.6618526996149837,0.6624811000805106,0.6618526996149973,Italy
80,0.9024833473629268,0.8439215205152879,0.7695731161244858,0.807431254619027,0.8067083827301502,0.806757018748189,0.80670838273016,Italy
81,0.8758871693884286,0.8174809317021774,0.7381092290996887,0.7791484719232724,0.7784738638921384,0.778325470450505,0.7784738638921453,Italy
82,0.8700548209944072,0.806124979256821,0.7272575310211216,0.7718388161745222,0.7711192626988359,0.7705661936492771,0.771119262698841,Italy
83,0.9494756986682102,0.8852882242674331,0.8056424702336432,0.851478015198482,0.8508178408411342,0.8499436763803451,0.8508178408411378,Italy
84,0.8582019600291477,0.7947420442775297,0.7162936184425246,0.7589268346621424,0.7580275239057236,0.7572670472532723,0.7580275239057261,Italy
85,0.760657488148949,0.6903868207022722,0.6224123588823944,0.6598884956757568,0.6587051380565463,0.658070664435071,0.6587051380565482,Italy
86,0.7808724135502345,0.7083930776624928,0.6392873281566239,0.6795147107061206,0.6779839381300454,0.6777482603827887,0.6779839381300468,Italy
87,0.694042856953614,0.6259123564514475,0.5535190210157546,0.5914510345247453,0.589794168512318,0.5897781977414763,0.5897941685123189,Italy
88,0.6581304928261208,0.5887894100724955,0.517076058122365,0.5537555395584134,0.5522164127513669,0.5523897133665627,0.5522164127513676,Italy
89,0.6651451937179991,0.5939249502469834,0.5110269873017051,0.5574252147538207,0.5559729798856333,0.55628872481966,0.5559729798856339,Italy
90,0.5958161331443,0.5165401860565276,0.4402793601651427,0.4876841708589194,0.48601574191340297,0.4871526521123137,0.4860157419134033,Italy
91,0.5942283912159427,0.5168623211588458,0.4414573819460352,0.48510494948774263,0.4832893900031372,0.48435470947596015,0.4832893900031374,Italy
92,0.7261940420556261,0.6506024866095662,0.5729366588250485,0.6166200503110089,0.614778966364699,0.6153645032541993,0.6147789663646991,Italy
93,0.83372784872271,0.7577280384852061,0.6780235208624227,0.7247897081949395,0.723000033041963,0.7229315325109498,0.7230000330419633,Italy
94,0.8376620157855523,0.7611105669497089,0.6807329097100445,0.7273920381993892,0.7257123457878965,0.7249783483538472,0.7257123457878967,Italy
95,0.8194705676138231,0.7404439617772705,0.6570242631367753,0.7081800185195815,0.706298353552503,0.7056640190700427,0.7062983535525033,Italy
96,0.8375451439880178,0.7574299385082077,0.6681280404758034,0.722720555095189,0.7207469086551362,0.7199638739023932,0.7207469086551365,Italy
97,0.8984928619426763,0.814628749016705,0.729287123667131,0.782692647679939,0.7808017129249318,0.7799505407559469,0.780801712924932,Italy
98,0.8719341250036385,0.7815503062824489,0.702906159009691,0.7547287896644133,0.7529138585835295,0.75157873994253,0.7529138585835298,Italy
99,0.8038611894423748,0.7166209307693376,0.6373897700260216,0.6860896167427318,0.6842277571096768,0.6834194326356152,0.6842277571096769,Italy
100,0.8439441540415239,0.7570023396012115,0.6773998172086045,0.7266527687323112,0.724556046091775,0.7237776804409682,0.7245560460917752,Italy
101,0.9254753744127956,0.8332183951630346,0.7505808436414321,0.8057273730595784,0.8035175410064946,0.8026417461457892,0.8035175410064946,Italy
102,1.018322704298033,0.9187868066685615,0.8444860651557685,0.8968232786256181,0.8948589484799288,0.8942373340383404,0.8948589484799288,Italy
103,1.0314128364310373,0.9336581896477452,0.8561719863712645,0.9078896330321078,0.9061788347468259,0.9053433059417357,0.9061788347468259,Italy
104,0.9453668743964334,0.843779425341256,0.7693124986166169,0.8222491598467524,0.8205753973623824,0.8199370436451247,0.8205753973623824,Italy
105,0.8053746443065973,0.708248430777989,0.6246742351556663,0.6790160017238842,0.6774687835442251,0.6766692658264221,0.6774687835442251,Italy
106,0.7789241107808214,0.684561251500369,0.5973134030793527,0.6533864983869878,0.6518666487912553,0.6510525837213209,0.6518666487912553,Italy
107,0.7549481189543272,0.6588665131809804,0.5749529643975622,0.6269431456858475,0.625754911103325,0.6247396175006791,0.625754911103325,Italy
108,0.6046366535988039,0.5064901485506873,0.4237405088980247,0.4729997082305938,0.47150355644251873,0.47072069299143837,0.47150355644251873,Italy
109,0.5885168530164446,0.49237510733518414,0.4035998582466332,0.4576354826987256,0.4559813938560611,0.45553152909028566,0.4559813938560611,Italy
110,0.6792822437784161,0.5819675005989892,0.48864694427299704,0.5484630220649482,0.5464902861591975,0.5462421292983566,0.5464902861591975,Italy
111,0.6643849462868283,0.5583102648313709,0.47771681921634346,0.5321425459165201,0.5300352773682901,0.5298696349492262,0.5300352773682901,Italy
112,0.5390566525034548,0.4367458669235463,0.3576558803528997,0.4057770111290433,0.4039293187506105,0.40430452841770614,0.4039293187506105,Italy
113,0.4480659954423857,0.34109077298428775,0.26714080672536006,0.31524870800419885,0.3137521766263725,0.3139874356112776,0.3137521766263725,Italy
114,0.39825253151337997,0.2904184005278959,0.21741065831054807,0.26300573749420353,0.26177786400737896,0.26243510236840834,0.26177786400737896,Italy
115,0.3237567962419976,0.2213781409294514,0.1464377232934471,0.18756085849034276,0.18641372195012068,0.18720501937497905,0.18641372195012068,Italy
116,0.2551059821813996,0.1523154668379683,0.08116655876092113,0.11630779896492097,0.11524993551794874,0.11633359783827307,0.11524993551794874,Italy
117,0.22302318866817755,0.11804898799882542,0.054080710475935864,0.08241738012300585,0.08135877681678906,0.08230528773236928,0.08135877681678906,Italy
118,0.31141166846208,0.2064108349377847,0.13572157620782008,0.17104984436570286,0.16999070864786195,0.17083852376056685,0.16999070864786195,Italy
119,0.36932174595521533,0.251194791909536,0.18829864895899817,0.22575668576153665,0.2249864303421805,0.22579107097908696,0.2249864303421805,Italy
120,0.3937018215711183,0.2731951566513737,0.21514731442543059,0.25014324830660567,0.2493289982992778,0.25020643346600513,0.2493289982992778,Italy
121,0.4946099359016407,0.37604501541366214,0.3070305699384928,0.35022936884249056,0.3488369897479782,0.34985033451369046,0.3488369897479782,Italy
122,0.4581246571286964,0.3412740675708023,0.267977980144764,0.31212736918510964,0.31031431674539245,0.31139278109929974,0.31031431674539245,Italy
123,0.4376345270619464,0.319348962201308,0.254090131503313,0.29191402264664235,0.2897311851688486,0.29064008960779397,0.2897311851688486,Italy
124,0.4348533762698073,0.3167672302323299,0.2541406509023179,0.28696615157610333,0.28516669447159065,0.2855866010036082,0.28516669447159065,Italy
125,0.4598334264412836,0.33472643107327354,0.271085672955905,0.3085320346880236,0.30714701686814205,0.30779190207825236,0.30714701686814205,Italy
126,0.5931661743073908,0.47312784540338626,0.3953207964014588,0.44239660474321624,0.44106738833248854,0.44089557003692204,0.44106738833248854,Italy
127,0.693175887620342,0.5737589411914163,0.4900808244529393,0.5410610915376426,0.5394402647866645,0.5391754216869663,0.5394402647866645,Italy
128,0.6583834587947032,0.5363271428901493,0.4572728270218449,0.5047512545789948,0.5031266654616705,0.5024755661666963,0.5031266654616705,Italy
129,0.6660584567820512,0.5397179076077563,0.45814440693217506,0.5106257374069096,0.5090204448754421,0.5084695110314094,0.5090204448754421,Italy
130,0.709816129593263,0.5869896987794749,0.4931865681401798,0.5548983921174386,0.5532127462443506,0.5524471340318359,0.5532127462443506,Italy
131,0.8255003701063773,0.6960617508784495,0.6133446037837146,0.67053976564446,0.6688664677230991,0.6680305185649296,0.6688664677230991,Italy
132,0.842050769628784,0.7168514954410605,0.6286495385223041,0.685461083821024,0.6836784904823214,0.6826904764415149,0.6836784904823214,Italy
133,0.8451748913070164,0.719986423499015,0.6255492418818285,0.6868604631408295,0.6852083723229133,0.6843420088383437,0.6852083723229133,Italy
134,0.8664666511873792,0.7381502972831463,0.6451286740664532,0.706383848189853,0.7046663320537316,0.7037324502025817,0.7046663320537316,Italy
135,0.820203682548204,0.6833987378788874,0.5975210443364112,0.6582901702699424,0.6567404557586939,0.6558310035302832,0.6567404557586939,Italy
136,0.774400988606086,0.6404227721339548,0.5496289498346386,0.6121687972074009,0.6104276793966755,0.6101169362459379,0.6104276793966755,Italy
137,0.6741657405636872,0.5401373434089805,0.45120357132091693,0.5104533312740712,0.5084522379820948,0.5083791482566318,0.5084522379820948,Italy
138,0.5935721851605924,0.46008516818039125,0.3639236488592537,0.4280204806388522,0.42591985250795455,0.4267872345683205,0.42591985250795455,Italy
139,0.6510293505328875,0.5158170398756945,0.4125673657181912,0.4851816739091719,0.4830116613465213,0.48338981723846364,0.4830116613465213,Italy
140,0.7188739358127183,0.585536203196839,0.47315210310152506,0.5500168551354118,0.547847067826361,0.5479803694508321,0.547847067826361,Italy
141,0.7849713428902098,0.6515337307133596,0.5448502797762126,0.6149463166361372,0.6128088825321683,0.6125338379660688,0.6128088825321683,Italy
142,0.8747024764814972,0.7335785029555251,0.649202555695288,0.7047439297066778,0.702752679113378,0.7022443691257709,0.702752679113378,Italy
143,0.8448842852876316,0.6941194992268376,0.6168853364887045,0.6728682141460546,0.6713711078701909,0.670981516174068,0.6713711078701909,Italy
144,0.8100683823269166,0.6640295629475156,0.5725455282848368,0.637725293917571,0.6364600267337654,0.6358712186188903,0.6364600267337654,Italy
145,0.7656802841892771,0.62230689161342,0.5220292770580721,0.5916525530576628,0.5902870223359947,0.589527936970069,0.5902870223359947,Italy
146,0.7622363716593452,0.6137361410069728,0.5174957813205532,0.5868849496484221,0.5852153867819607,0.5844556487501678,0.5852153867819607,Italy
147,0.8533692749983495,0.7063658540952475,0.619254194369729,0.678469309421392,0.676550092945265,0.6756588871841864,0.676550092945265,Italy
148,0.9138128961773595,0.7579787421832375,0.6876439344634667,0.7365641495304647,0.7347359530095803,0.733848964142482,0.7347359530095803,Italy
149,0.8746685825898137,0.7174934093687542,0.6415631015602428,0.6962444981354095,0.6946534932880063,0.6937744245400979,0.6946534932880063,Italy
150,0.7315906202502331,0.577434106864411,0.49630261068087084,0.5509746740924797,0.5491840147917387,0.5485116545692557,0.5491840147917387,Italy
151,0.6612674265285516,0.5053722518311672,0.4226832548321604,0.47736000194572253,0.4757667253185647,0.476236785856227,0.4757667253185647,Italy
152,0.6418739282029192,0.4805456533461637,0.39678411908150535,0.457778137260909,0.4562063762991704,0.45643237671692666,0.4562063762991704,Italy
153,0.6061732716299165,0.4494855856879878,0.35845830483569835,0.42272877251412766,0.42107221791655847,0.42096156351910563,0.42107221791655847,Italy
154,0.6649279621872304,0.5112204236513213,0.41836672609502695,0.4809147290086125,0.4792047184562161,0.479325005510867,0.4792047184562161,Italy
155,0.7839983794952616,0.6344851269878968,0.5400179274553891,0.5989283003676844,0.5971408343737362,0.5965438022658127,0.5971408343737362,Italy
156,0.7351453341582382,0.5863542081656761,0.49521115960603956,0.5489234581097162,0.5469566076236358,0.5460906159620768,0.5469566076236358,Italy
157,0.5864329756821662,0.4387673609333217,0.3528856298986345,0.3993751032486871,0.39728631496831535,0.39621737162543447,0.39728631496831535,Italy
158,0.5221017540663813,0.374387863316345,0.2847568989642765,0.33358408111528787,0.3314075449293741,0.33019255511201256,0.3314075449293741,Italy
159,0.516285134112545,0.36459545820147415,0.26849774590115444,0.3264111831020304,0.3241340075099544,0.32328912827647366,0.3241340075099544,Italy
160,0.5155761693307059,0.3643996779606772,0.2672752190206229,0.3237802660975019,0.3213467784318952,0.32101620076377546,0.3213467784318952,Italy
161,0.4846384347241876,0.32457592783222833,0.2455303520728383,0.29199696362614774,0.2896000657640047,0.2896517660950932,0.2896000657640047,Italy
162,0.530264380918249,0.37040834641624676,0.28540022051587177,0.33542221007972095,0.3329274467023229,0.33320960956163637,0.3329274467023229,Italy
163,0.6402854583458776,0.4806542314821992,0.3921639821374826,0.44516251400318047,0.4426675808039074,0.4428513083510275,0.4426675808039074,Italy
164,0.6396763644948174,0.4780637784248871,0.39689934169206376,0.44038809721411243,0.4380802039748156,0.43802500064942795,0.4380802039748156,Italy
165,0.44915294885581303,0.28754979882972664,0.21625840751649045,0.2488124434217524,0.24675366586358516,0.24690857585542453,0.24675366586358516,Italy
166,0.33979504604572874,0.17476455205068364,0.11117608239591488,0.13969447746482178,0.13784767538775228,0.13860888345939593,0.13784767538775228,Italy
167,0.41586166864540014,0.2479733353684762,0.18183513063509466,0.21559362151062883,0.21389621656685387,0.21470927487486588,0.21389621656685387,Italy
168,0.5383802495579528,0.36034268415244125,0.29659790251124374,0.33629805619013214,0.3350286539526128,0.3352897971366291,0.3350286539526128,Italy
169,0.550713039450111,0.37695096645874077,0.3053906576065655,0.3477991033956403,0.3467072412461492,0.34650990234208384,0.3467072412461492,Italy
170,0.5427863168663714,0.36486545986546465,0.293863293758618,0.33713122618982944,0.3362500487142796,0.33575592827746453,0.3362500487142796,Italy
171,0.6731842173995877,0.49444862490179076,0.4227029382049913,0.4657971680406433,0.464483709613017,0.46411657420317054,0.464483709613017,Italy
172,0.7482088334186903,0.570323476382398,0.4999359080294456,0.5405854531075805,0.5389807616614324,0.5386085500101074,0.5389807616614324,Italy
173,0.7398353468251823,0.5640377840824506,0.4919771943229701,0.5324515654713968,0.530570916659673,0.5305201311752895,0.530570916659673,Italy
174,0.7791719875885558,0.6038601995133575,0.5213526344271171,0.5722348615262696,0.5702246764542123,0.570192064903023,0.5702246764542123,Italy
175,0.783523891033037,0.6075493327210673,0.5122320282720051,0.5749147081405344,0.5727450846951597,0.5733304720563978,0.5727450846951597,Italy
176,0.7360274480124193,0.5621771729937511,0.45368984943405377,0.5251045504440182,0.5229008267262142,0.5242660209210002,0.5229008267262142,Italy
177,0.5849124947523808,0.41020443985263144,0.3067717432831503,0.37257351951307793,0.37043964052905587,0.3715138833876274,0.37043964052905587,Italy
178,0.5239148689986939,0.34848014624264845,0.2550175274185663,0.3109154337158843,0.30881653231780914,0.30996975857232045,0.30881653231780914,Italy
179,0.557760803821259,0.3697921621220729,0.28670437200844817,0.342588531127802,0.3408392305110719,0.3419442273946549,0.3408392305110719,Italy
180,0.42305199831143625,0.22926694780473147,0.15624128627165215,0.20581389235124878,0.2041318360021037,0.20512389673998158,0.2041318360021037,Italy
181,0.3362066636174178,0.13810207080387954,0.07084392656630391,0.1187084215011489,0.11687814152988556,0.11792180794809515,0.11687814152988556,Italy
182,0.30919778483911814,0.11479756262732801,0.04181410533072874,0.09031822439385065,0.08820227021764551,0.08920410910970124,0.08820227021764551,Italy
183,0.2776799182995896,0.08431671068918793,0.01136031726297032,0.057305430054043136,0.055141532791680756,0.05607655599743101,0.055141532791680756,Italy
184,0.28405172725948385,0.08559610765033597,0.016739335152573268,0.06331094824616391,0.061432922216514405,0.0627421346029432,0.061432922216514405,Italy
185,0.2952107691311833,0.09979906205660825,0.029055075381281617,0.07245592693276416,0.07081767832366585,0.07240215214790492,0.07081767832366585,Italy
186,0.38938797361945,0.18708550711979965,0.12004763789588477,0.16432764793563792,0.16303151944468924,0.16434891726819725,0.16303151944468924,Italy
187,0.4589125338042463,0.2553557947622504,0.19129755940136708,0.23221910892708336,0.23079993672154714,0.2315268187423925,0.23079993672154714,Italy
188,0.4259389714759856,0.22546330964839179,0.14939567078488336,0.19784111352301598,0.19621934982388356,0.19727435187472503,0.19621934982388356,Italy
189,0.5137931821110365,0.3125805718137415,0.2293421339726026,0.28612261402514005,0.2846335411202431,0.2855617494117586,0.2846335411202431,Italy
190,0.5137229539478968,0.3125410028657853,0.23415303002420243,0.2855735994956457,0.28427971582670347,0.2853361579095501,0.28427971582670347,Italy
191,0.5394669900528856,0.33269756265374795,0.2671033555548426,0.3101563594401242,0.3088294411507763,0.30991303655235075,0.3088294411507763,Italy
192,0.7252182577192716,0.5177215984257363,0.4589830255191004,0.49499886296723145,0.4937221860214224,0.4948935802079719,0.4937221860214224,Italy
193,0.7201452926597697,0.5162040318439921,0.45677784512588016,0.48940120808836907,0.4878592297672256,0.4880492798827116,0.4878592297672256,Italy
194,0.6924411120925017,0.48426953245645843,0.42260564540282153,0.46202146630594726,0.4600966375960115,0.4601449897487581,0.4600966375960115,Italy
195,0.7569594461329842,0.5520102567913222,0.4815425735297937,0.5265688095577683,0.5243564103523275,0.5242752759859992,0.5243564103523275,Italy
196,0.7370957212638534,0.5364077467871955,0.4599454949451188,0.5069774183597184,0.5045352245671124,0.5049048985461689,0.5045352245671124,Italy
197,0.7393549233113077,0.5411852293158518,0.4623928066426277,0.5086102653830954,0.5065602896371361,0.5070872549097595,0.5065602896371361,Italy
198,0.6844528059090838,0.48671016144721857,0.408797704103973,0.45273728590114193,0.45117475771289817,0.45190806011458856,0.45117475771289817,Italy
199,0.6664802634675787,0.466292047705719,0.39634503146226785,0.43504949819392374,0.43338323797295325,0.43455343380555944,0.43338323797295325,Italy
200,0.7120207231798164,0.5114313582527552,0.4310855344861917,0.4799577311189105,0.4782313670049503,0.47884963484447907,0.4782313670049503,Italy
201,0.6002510784135467,0.40127840909325824,0.31558720998864614,0.3688316833712189,0.36714815124130806,0.36695330273430327,0.36714815124130806,Italy
202,0.52070510493345,0.3222677939555035,0.23940954118308247,0.28898367390649865,0.28737742173770364,0.28747746828632414,0.28737742173770364,Italy
203,0.49728193913348356,0.2916344057747876,0.21455825566127665,0.26525341076501374,0.2635678342815906,0.26397169774774987,0.2635678342815906,Italy
204,0.35658543347500843,0.15122874620156693,0.08285854936603665,0.12522826320278838,0.12343788949104903,0.12378811541518,0.12343788949104903,Italy
205,0.38157643213900067,0.1760035119564232,0.11163971541977692,0.15076782157047972,0.1489153957731516,0.14969504163314856,0.1489153957731516,Italy
206,0.5834403654254458,0.38342642569977675,0.3127259776623928,0.35214518802848893,0.350088715283239,0.35086786778413875,0.350088715283239,Italy
207,0.6289669762492086,0.4210988114929415,0.3620777350872314,0.3984927159512548,0.3961339490064253,0.39605229928841257,0.3961339490064253,Italy
208,0.5746992054292972,0.3631272947442441,0.30868090273742177,0.34475767919220995,0.3422170547817257,0.342263316596348,0.3422170547817257,Italy
209,0.5979661971367474,0.39199184082450905,0.32781301201401436,0.3686375438878485,0.36596989958447645,0.3668942661336008,0.36596989958447645,Italy
210,0.5498513265923657,0.345623243632475,0.2724706651616276,0.32152393542161134,0.31899279923726104,0.3201505023482341,0.31899279923726104,Italy
211,0.45234769570273886,0.2512157720012024,0.17170875994288812,0.2236496852622353,0.22166778893246367,0.2226190627646421,0.22166778893246367,Italy
212,0.48978349835073526,0.28538510488951524,0.2166384131759693,0.2605407966078301,0.2586048538775652,0.2598633424969281,0.2586048538775652,Italy
0,0.7257110921089689,0.7257110921089689,0.7257110921089689,0.7257110921089689,0.7117545172302221,0.7257110921089689,0.7257110921089689,California
1,0.6887238778942811,0.6870691243137361,0.6862559852811949,0.6872169059223269,0.6767179214115493,0.6876340256037095,0.687333677091002,California
2,0.6850954645197052,0.6827853181063973,0.6817004644084945,0.6829236348086803,0.6752683025753077,0.6841371195825381,0.6833429390548815,California
3,0.6953291837520741,0.6862415903572229,0.6849396668898858,0.6863342770474304,0.6809033693949977,0.6886337072648568,0.6870451605444928,California
4,0.7065378839055834,0.695924658892338,0.6937287971374866,0.6958867747549804,0.6920897097323067,0.698317078964783,0.6967613254291174,California
5,0.688123837191341,0.6740626383131822,0.6706797487456826,0.6741779293003802,0.6715733543204131,0.6778482506229114,0.6751267140305494,California
6,0.6991828594680997,0.6861270400200059,0.6813770488771309,0.6863454449404385,0.6845088046426713,0.6896645663136365,0.6872115880155074,California
7,0.8348235944144491,0.8195789440502762,0.8139038124126006,0.8198909853562465,0.8187964008928941,0.8230741954792234,0.820852212450514,California
8,0.8726180356433766,0.8544061403399835,0.8487846382040269,0.8548790622789909,0.8541714067159776,0.8572940413083785,0.8557351136718957,California
9,0.7960441217850655,0.7779286624736405,0.7708685720361629,0.7783278274346177,0.7778425047814542,0.7802492494965542,0.779031903408446,California
10,0.7048660610781013,0.6810191246921307,0.6703524088237793,0.6815684579994595,0.6812900036863561,0.6846362920018404,0.6821946930775081,California
11,0.725910371819503,0.6997833818171602,0.6881979259000073,0.7001129301600433,0.7003316680832318,0.7031529380523391,0.7010197997792749,California
12,0.8464141178669115,0.817496460944579,0.8016619088618068,0.8175745558447249,0.8179219452984545,0.8197298978947272,0.8184453572404207,California
13,0.867424138798767,0.8368012771044019,0.8172986619858903,0.8367067342127376,0.8374110019046875,0.8376731316045098,0.8378091234598609,California
14,0.861398580138016,0.8224465601547618,0.8060948982193656,0.8223859359455504,0.8232775518237005,0.8234384961475365,0.8235803740560292,California
15,0.9056370776841394,0.8630832167033766,0.8489964103031219,0.8630368857013293,0.8641293652020765,0.8642273582322416,0.8643597001417473,California
16,0.9190810569699438,0.8761040221740138,0.8633652997609015,0.8758191223925939,0.8770826403332734,0.8770357195652203,0.877257839439446,California
17,0.854031163626497,0.8063592547460794,0.7954429503677113,0.8061027741889384,0.8074889014697374,0.8075680532684075,0.8076221627406828,California
18,0.8182842916786661,0.7701420812019237,0.7539890537382317,0.7697005558110068,0.7710662569377688,0.7728964295709858,0.7711676191348823,California
19,0.8843740188003071,0.833812616651847,0.8129098526963038,0.8332848314771041,0.8345566715938196,0.8371482383666103,0.8346337704758189,California
20,0.8989041141484124,0.848933254629599,0.8282754021332048,0.8488856546984269,0.8498900598159331,0.8512307200845105,0.8499487033514406,California
21,0.8916435658986295,0.8402432389903622,0.8163417331560501,0.8401928912027297,0.8411552170705137,0.8439343562355665,0.8411998229606075,California
22,0.9083003285996865,0.852381724370203,0.8299316029491927,0.8520253534459248,0.8532150887190544,0.8551698614686686,0.8532490171889844,California
23,0.7845927992776369,0.7211536447212913,0.7016148867646175,0.7205063644431954,0.7218404349018749,0.7247519974406257,0.7218662418316183,California
24,0.7108420291699173,0.6441621167383877,0.625707759958947,0.6439681332866561,0.6450382401029742,0.6477685025931729,0.6450578695653153,California
25,0.6917635205686319,0.6233195945351818,0.6049424724756117,0.6234134787070506,0.6243338341458371,0.6267365058519929,0.6243487648561398,California
26,0.7107803038902691,0.6396011372530023,0.6211770158018002,0.6396388334386106,0.640723714304229,0.6438903199834756,0.6407350710141719,California
27,0.7423581377006353,0.6720413292320477,0.6554231637417605,0.6718610944013909,0.6730838547432045,0.6761436665353243,0.6730924929699273,California
28,0.7607763219497561,0.6875567640844822,0.6726432555974194,0.6873049978093236,0.6886215809765027,0.6916752076058451,0.6886281514499312,California
29,0.8181495561826166,0.7406952675553365,0.7266465169848806,0.7404293715233342,0.7417185582143203,0.7454528314522267,0.7417235558975785,California
30,0.8641903913523886,0.7807994428326692,0.7680221483836233,0.7803734661686083,0.7817263527972454,0.7836349140329106,0.7817301541729335,California
31,0.873495605540992,0.7877483447125794,0.7762727278429347,0.7874687682941354,0.7885279711705024,0.790209188942138,0.7885308626016666,California
32,0.9432700732338147,0.8574737352900302,0.8456006678046537,0.8576300329807897,0.8584834360590783,0.8603970696100061,0.8584856353613476,California
33,0.9967103572229645,0.9062469337090664,0.8750072378606082,0.9064863125780012,0.907195688694503,0.9084781146208899,0.9071973615444506,California
34,0.9965752813999142,0.9037215981357788,0.8561271211569114,0.9043052625598615,0.9048545426603893,0.9065863851986449,0.9048558150761853,California
35,1.0278672824721347,0.9339225242580063,0.885640119417771,0.9347091656054629,0.9351636463034182,0.9359786950940444,0.9351646141379572,California
36,1.0552331637991654,0.9571645706924943,0.9102971120939892,0.957864101523428,0.9583064067360338,0.9588649612421539,0.9583071428976704,California
37,1.1041144830209515,1.0013396138579733,0.9627497941548709,1.00202772228134,1.0025853029575191,1.0028841047649781,1.0025858629023583,California
38,1.0911300164280517,0.9830252810056075,0.9508775598093592,0.9831701474096197,0.9840148053223904,0.9834961040037296,0.9840152312318745,California
39,1.0565428016930591,0.9482633830384657,0.9219808399999836,0.9482893910865509,0.9493493037620655,0.9484348385264296,0.9493496277205629,California
40,1.0353033768586317,0.925453551987847,0.9023326673026375,0.9254515617650018,0.9266601310063973,0.9257691376002226,0.926660377418163,California
41,0.9809132630931857,0.8659967373073105,0.8455168145027334,0.8657354668289962,0.866996696588107,0.8662966021369456,0.8669968840156903,California
42,0.9421850066267832,0.8218053012586881,0.7950332574098528,0.8215286683296267,0.8228672062278313,0.8224511579619259,0.8228673487904191,California
43,1.001807151670913,0.880634777628539,0.8486458128723374,0.8805946468061707,0.8818565258514677,0.881858246229179,0.8818566342885028,California
44,1.0800442999072388,0.9555394949967893,0.9267323970322484,0.9558001236561084,0.9568319280174202,0.95606442213494,0.9568320104976191,California
45,1.0520088383546211,0.9284491690436366,0.9000296636022369,0.9287458703692651,0.9297909944752737,0.9288380228611258,0.9297910572119872,California
46,1.029075388448328,0.9040927951375148,0.8787301104613203,0.9046008102633463,0.9055287087910923,0.9051757245625666,0.9055287565103664,California
47,1.1122122438557602,0.9816969167366347,0.9602622124003017,0.9816793673518521,0.9827891122542027,0.9823052963742921,0.9827891485507984,California
48,1.125168745185173,0.9889416142506187,0.9654935760661215,0.9886775639549863,0.9898856213992171,0.9893716868680871,0.9898856490074086,California
49,1.0896404173753234,0.9516323240775169,0.9249907737222134,0.9514664944904463,0.9526804235620518,0.9520458609857891,0.9526804445616036,California
50,1.0739856633041525,0.9311052401066423,0.9064963577831868,0.9308763234928565,0.9322746939033247,0.9314098707343262,0.9322747098761629,California
51,1.0433898446061458,0.8982227375049228,0.8765186005823344,0.8979048769379658,0.899455352977358,0.8981877792102169,0.8994553651267392,California
52,0.9908626154287674,0.8454945989232169,0.8278006759774597,0.8450421989151027,0.8466270522871692,0.845110472286916,0.8466270615283235,California
53,0.9240099725496128,0.7748158666120346,0.7600575602508367,0.7744991169188671,0.7760699041056843,0.7740197888483106,0.776069911134761,California
54,0.8930884405681757,0.7377028048882043,0.7149934263582984,0.7373350874064684,0.738855121238231,0.7372541990684098,0.7388551265847405,California
55,0.8654782762144491,0.7079187016108799,0.6793332871702953,0.7079132176575308,0.7092385383424328,0.708130177388787,0.7092385424091353,California
56,0.7443219673490248,0.5808300978174084,0.558020490468354,0.5811863195764425,0.5822346621681711,0.582256533830533,0.5822346652614172,California
57,0.7088692624201999,0.5510426183024593,0.5288067155329137,0.551395891395174,0.5522163695639996,0.5531782241474957,0.5522163719168078,California
58,0.714950728398079,0.5523226598790159,0.5292290078422499,0.5529831295080945,0.5536127847186448,0.5576991563110844,0.5536127865082557,California
59,0.6341335430109849,0.46925603535791593,0.4489938341764852,0.46985608800733514,0.4704045307569831,0.4744656778954269,0.4704045321182105,California
60,0.5966061057503245,0.4304509492830431,0.4134918430263836,0.43122477557773187,0.431753481210863,0.4353326136286635,0.4317534822462501,California
61,0.582845519894348,0.41343573974254566,0.39980084482516,0.4143201496786606,0.4148061477613867,0.4183910490758718,0.4148061485489306,California
62,0.6240796237402977,0.4552221821340967,0.44266459894933247,0.456011596934923,0.4566435210283567,0.46063051573290803,0.4566435216273843,California
63,0.681190312620849,0.5089018254406108,0.49717456074121824,0.5095678282563485,0.5103593766562446,0.5139614310628494,0.5103593771118816,California
64,0.7416287310528017,0.5655968114574417,0.5557959211533954,0.5661731363103565,0.5671102525826357,0.5705714490537843,0.5671102529292058,California
65,0.8082203268907288,0.6310926085742214,0.6201147016587479,0.6313457952416294,0.6323739171384279,0.635420100852639,0.6323739174020387,California
66,0.7986013545191125,0.619572982469464,0.6085327546620448,0.6196582110723531,0.6207122544296468,0.6228010035590624,0.6207122546301564,California
67,0.6992507402908986,0.5192634517043013,0.5091822235341283,0.5195400023323727,0.5204958672687798,0.5231740151222112,0.520495867421293,California
68,0.7056589584357961,0.5241293205142616,0.5135070680514315,0.5244560018965223,0.5252202585917041,0.5274650216533643,0.5252202587077097,California
69,0.7735069068307007,0.5913447584449241,0.576943070130774,0.5916460000550408,0.5922460817714672,0.5939098658765629,0.5922460818597044,California
70,0.7157627526335173,0.5333863684352629,0.5156773654245803,0.533809282416293,0.5343271391718323,0.5380432385630595,0.5343271392389479,California
71,0.6087475711826756,0.42570519281600405,0.410895955633375,0.4259541449261016,0.42676270616518003,0.430482726720244,0.4267627062162301,California
72,0.5551179956458631,0.37041565028639417,0.3583437209228341,0.370910844511225,0.3716282565118296,0.37563666918109156,0.3716282565506597,California
73,0.5484612264764976,0.3625981072281474,0.35231552785540987,0.3631732287188634,0.3639315419405918,0.36724108181981185,0.363931541970127,California
74,0.5647384693664057,0.3793026176548837,0.3701794215897196,0.37971042737543714,0.3806639916377901,0.38439029750190845,0.38066399166025533,California
75,0.6092761991877359,0.42322766431319253,0.41478427648290705,0.42347306432493925,0.42464586652995556,0.4277839558831163,0.4246458665470433,California
76,0.6312865575755665,0.444076931054991,0.43725144917259506,0.4442316511503444,0.44549915094573145,0.44863145501332413,0.44549915095872883,California
77,0.6249049863982579,0.4371484399325209,0.4300182571495149,0.43732576443698673,0.4386179127039545,0.4413247226120984,0.43861791271384065,California
78,0.652549497512802,0.4641117693941851,0.4461837118974571,0.4643690469836829,0.4656313633868123,0.4682906534617322,0.46563136339433203,California
79,0.6669289886205805,0.479803478788423,0.45306997978746455,0.47999549719763485,0.48133691715466875,0.484690154191574,0.48133691716038846,California
80,0.5713148233909149,0.38505386473508163,0.3617525849747154,0.3850793838420522,0.3864365306248335,0.38956883157143135,0.38643653062918404,California
81,0.5745913214590064,0.3881865535957029,0.36866787164679005,0.3882388437182344,0.3895909480463369,0.3931923352682767,0.38959094804964606,California
82,0.6458602692469945,0.458828220830539,0.4390955441835388,0.4586659752323534,0.4600934172724618,0.4645781414585369,0.4600934172749789,California
83,0.5894768238787622,0.40329313562118774,0.3845611619714939,0.4029421914210979,0.4044821502631838,0.4099874645664373,0.4044821502650984,California
84,0.585115386056019,0.3976558017109164,0.3804828798427833,0.3976334294338798,0.398929547209917,0.4034135048637319,0.3989295472113733,California
85,0.6759320097698764,0.48668641015706604,0.4691618089671548,0.48643987350406614,0.4877034979251081,0.4926814566847734,0.48770349792621576,California
86,0.7142177565888531,0.5241584141406046,0.5089283782572185,0.5236047505690874,0.5250179514187658,0.5312884850320508,0.5250179514196084,California
87,0.7199200352201711,0.5302432385346763,0.5171056999558563,0.5298571186335927,0.53126883535078,0.53724143786871,0.5312688353514208,California
88,0.718741512675146,0.5309894998970677,0.519355820871243,0.5307788231900569,0.5321000849206646,0.5375024627751753,0.532100084921152,California
89,0.7408207967763115,0.5530337055943222,0.5420630907952206,0.5529544088244777,0.5542682604356359,0.5597070720118394,0.5542682604360067,California
90,0.7433404844428029,0.5583352841009769,0.5480611599740421,0.558046285598377,0.5594257042081141,0.5630986618214979,0.5594257042083961,California
91,0.6370009631169987,0.45286792834199163,0.44209780031582024,0.4527447446828964,0.45409910655597496,0.45886979067797323,0.45409910655618946,California
92,0.6341471355181499,0.451574068915443,0.4385261545646789,0.4513117966363891,0.45269820683595813,0.4566330577822151,0.4526982068361213,California
93,0.7410274381709279,0.5563860241440206,0.5267957473432809,0.55655090768273,0.5576584511635371,0.5605260889392246,0.5576584511636611,California
94,0.6925172684636204,0.5083101911467599,0.4653996952891875,0.5087378494999499,0.5096323429701952,0.5128052993939792,0.5096323429702895,California
95,0.6821395716266848,0.4979317515960182,0.46199175778284485,0.4983770734975166,0.49912056874857935,0.5022809255063794,0.49912056874865096,California
96,0.7784182332642973,0.5944709290473043,0.5611850099787647,0.5947563308051693,0.5954096215524693,0.5973630852508194,0.5954096215525237,California
97,0.8117027465286328,0.6272939500997885,0.5963414601419776,0.6273616166480334,0.6280387882532112,0.6292325008133575,0.6280387882532525,California
98,0.8022142052498498,0.6177073700279521,0.5920719529780846,0.6174768645913614,0.6184759938712607,0.6193473921623257,0.6184759938712922,California
99,0.7779367753756825,0.5938987706859267,0.5725694899433929,0.59355823108369,0.594795688733567,0.5975522689057802,0.5947956887335908,California
100,0.7720544159016516,0.5870398363097449,0.5688059698379186,0.5865659886360717,0.5878935713400524,0.5905722595120451,0.5878935713400705,California
101,0.803269649071258,0.6190440541755057,0.6037613705405447,0.6187528858768379,0.620123207674097,0.6222125374299232,0.6201232076741108,California
102,0.8722478980735806,0.6879983899145533,0.6730830690735878,0.6878337937824807,0.6891862058405129,0.6906255077303364,0.6891862058405234,California
103,0.9347008479884361,0.7520242023806349,0.7370896487457859,0.7516729490814232,0.7530749049601627,0.7540329436623323,0.7530749049601706,California
104,0.9237020328774719,0.740358777387242,0.7283418981275018,0.7403223271640806,0.7415302362618916,0.7418252513465691,0.7415302362618976,California
105,0.8070706161822473,0.6230435450680162,0.5957633609106285,0.623272596540099,0.6243067667407488,0.6251049226606752,0.6243067667407534,California
106,0.8261175207281337,0.6414087905615968,0.6003705107049423,0.6413039543006025,0.6424931905208922,0.6440908998306156,0.6424931905208955,California
107,0.8538307919030774,0.6694559766389538,0.6347395496006935,0.6690582469110162,0.6704200037124727,0.6715647176291735,0.6704200037124752,California
108,0.8420403407663963,0.6564014971461629,0.6262492957369773,0.6558317604025443,0.6573095317139149,0.658056805340657,0.6573095317139169,California
109,0.8987615852352683,0.7145414586457816,0.6896427424599747,0.7137474131305855,0.715271738100767,0.715585809847247,0.7152717381007686,California
110,0.9249405025818447,0.7414592863282257,0.7207229836058064,0.7404846872402802,0.7420682966894567,0.7421141130615099,0.742068296689458,California
111,0.8913095407246014,0.7067727564637981,0.6890941639845803,0.7057250780089546,0.707348037445733,0.7070249145205453,0.707348037445734,California
112,0.8526492448818171,0.66724428943261,0.6519850718016688,0.6664354337896197,0.6680700528032514,0.6666721267319952,0.668070052803252,California
113,0.8542000108479489,0.6701593924377476,0.6541814915224788,0.6695409822235273,0.6711298032940424,0.6699168312964138,0.6711298032940429,California
114,0.8357038352385437,0.650516998149356,0.6296177504967411,0.6501424714304684,0.6516609087086442,0.6503826818507283,0.6516609087086447,California
115,0.7376211608646774,0.5512531263161127,0.529020091401643,0.5507231926418261,0.5522273393359329,0.5516997805545925,0.5522273393359334,California
116,0.5953723716946526,0.4088915319138074,0.3895346613397366,0.4086664333193065,0.41000056295632226,0.40990150172324746,0.4100005629563227,California
117,0.5170616294278458,0.33048569873780176,0.3105981595623172,0.3306415861459688,0.33170656422486633,0.33227936813112746,0.33170656422486666,California
118,0.44231117656059143,0.25586834906131745,0.23812772493817297,0.25631402492809646,0.2571742789105341,0.25825812196720976,0.25717427891053435,California
119,0.44497302487205526,0.2587160441054659,0.2425770032310543,0.259444351071978,0.26010673009866325,0.26164349035063594,0.2601067300986634,California
120,0.5545707310574582,0.36826234369291133,0.35066341987123106,0.3689622115494976,0.3694978214208485,0.3717198833026517,0.36949782142084864,California
121,0.5841716299024449,0.3970778116460819,0.381367597783251,0.3976289843878372,0.39842425710542423,0.4019359179141334,0.3984242571054243,California
122,0.5675484231595816,0.38064975573965276,0.36780924056733777,0.38104414036916057,0.3820169526524422,0.38562156097272116,0.3820169526524422,California
123,0.6116313926587484,0.424821888087164,0.4123654130972816,0.4249660172710088,0.42606175954363834,0.4295875095917788,0.42606175954363834,California
124,0.6380821929702162,0.45105065464442917,0.4393758065622234,0.45095109082117135,0.4521782409776838,0.4564253085580514,0.4521782409776838,California
125,0.6335159952607455,0.446778708465218,0.43703835377089056,0.446586802055725,0.4479765462762642,0.4524567152856528,0.4479765462762642,California
126,0.6136621591693049,0.42573806280986476,0.41513436991135216,0.42555732136140745,0.42703021045836365,0.43083887227839385,0.42703021045836365,California
127,0.6433361434430217,0.4554699329940578,0.44105997868372837,0.4554156277777822,0.4568727235477772,0.4613960670287612,0.4568727235477772,California
128,0.7465828464435299,0.5596199677268899,0.5417819348373906,0.5596442173146382,0.561048158123163,0.5645332804470822,0.561048158123163,California
129,0.7436377490634862,0.5570758241259766,0.5392056982882705,0.5570740312243858,0.558482200276305,0.5602261144372062,0.558482200276305,California
130,0.5851409686530836,0.3995119754352523,0.3848015035292036,0.39933881507325253,0.4006324088106716,0.4038889902853491,0.4006324088106716,California
131,0.4640556048620634,0.2785458767955376,0.26654654778114356,0.27853189266170464,0.2795903460349123,0.2831469645897077,0.2795903460349123,California
132,0.3817644916270273,0.19670528622078784,0.18439957884563715,0.19696883341258972,0.19784863522293816,0.20148552511669984,0.19784863522293816,California
133,0.3462837451383697,0.1605525674714303,0.1476810617308128,0.16085836953742025,0.161593303259173,0.16648024212061213,0.161593303259173,California
134,0.37422038487889303,0.18766604107974955,0.17544587399169814,0.18815561120555677,0.18885263279421075,0.1937792657615603,0.18885263279421075,California
135,0.4406635368454902,0.25447651325412735,0.2423832858618608,0.2548624957772662,0.2557438277728561,0.26045587553002814,0.2557438277728561,California
136,0.5135196720398173,0.32739624802763395,0.31680472099816837,0.3276858164289429,0.32871322878949855,0.3344042471380596,0.32871322878949855,California
137,0.5857194908614397,0.40070557926670314,0.3917819848734213,0.40078723466550337,0.4019003684555601,0.40725380250867305,0.4019003684555601,California
138,0.5855072728772145,0.4008706297364796,0.39212870912991316,0.400857715627234,0.4019834572066685,0.40676753454710995,0.4019834572066685,California
139,0.5008613432910947,0.3169003569451756,0.30783406120772994,0.316846766686518,0.3179427153701521,0.32235908052086626,0.3179427153701521,California
140,0.40955436566006187,0.22728924080061091,0.2195171917164956,0.2275650692787854,0.22847536296563656,0.23308542173630184,0.22847536296563656,California
141,0.30826754062917117,0.12597671099517713,0.12017156770317841,0.12652964320344376,0.12727815990818628,0.1316920513118257,0.12727815990818628,California
142,0.314599897372891,0.13240140482210153,0.123094665203134,0.13287014773209563,0.13344978782736566,0.1369743216200341,0.13344978782736566,California
143,0.3878600991177009,0.207259251461658,0.1797910788117905,0.20774726693629395,0.20818815717525735,0.21170795655509658,0.20818815717525735,California
144,0.3820598050236228,0.20106599352681925,0.16126068409101058,0.20177223848841302,0.20214440793159572,0.206094937370927,0.20214440793159572,California
145,0.33683758635325195,0.15736072560585218,0.1232946520485627,0.1579939273414873,0.15851276674567155,0.1626673469388972,0.15851276674567155,California
146,0.31311305664246236,0.13535626379533888,0.10844774948088798,0.13598867967312311,0.1365543380251984,0.1404053147232553,0.1365543380251984,California
147,0.35187604708838954,0.1747801849018662,0.15156624745645594,0.17556035847427998,0.17609361666011725,0.1804630683288167,0.17609361666011725,California
148,0.43319469222243046,0.2554693683544148,0.23477899516066097,0.25631226641544924,0.25684524353110916,0.2606666192933103,0.25684524353110916,California
149,0.5108592113666028,0.33395555781217634,0.316995842577818,0.3347324089734469,0.3352915795564214,0.33840542924593897,0.3352915795564214,California
150,0.5414152599004679,0.3616635526068991,0.3464677481936067,0.3624491025850993,0.3630580213241675,0.3661119498359421,0.3630580213241675,California
151,0.5114152802024825,0.33037460016423026,0.3132922355144021,0.3308999574432546,0.33158795491661563,0.33456074664049773,0.33158795491661563,California
152,0.5411163098227998,0.35979195154203997,0.3416517173934193,0.36023342965795957,0.3610631890612451,0.3649144216741106,0.3610631890612451,California
153,0.5629147412620086,0.38265695408289246,0.3676514153550837,0.3832575102633765,0.3839410430323744,0.3866704529261259,0.3839410430323744,California
154,0.43895156131175317,0.25756294592639295,0.24138771510394183,0.25829528043772165,0.2588720653648402,0.26238493782084826,0.2588720653648402,California
155,0.35816090554952723,0.17601849866978533,0.15792062999806133,0.17649534759207458,0.17702958273931538,0.1810199544592226,0.17702958273931538,California
156,0.2839524242067375,0.10178362565076729,0.0864336183165414,0.10192861120556568,0.10256147466070586,0.10655251337701249,0.10256147466070586,California
157,0.24877878778816595,0.0662150607166935,0.052894949242480976,0.06664485171282927,0.06719035898814382,0.07076574013024653,0.06719035898814382,California
158,0.27091566706546527,0.08822493266274439,0.071261078179188,0.08887135453054346,0.08935041628679792,0.09260963681697404,0.08935041628679792,California
159,0.330682577639548,0.14848494475241797,0.1286759164498839,0.148961182538157,0.1495437643161487,0.15370602466275313,0.1495437643161487,California
160,0.39715289658284625,0.2147177419379469,0.19804221036410927,0.21499545432604794,0.2157034185836953,0.2195837745174414,0.2157034185836953,California
161,0.4473210257491226,0.2650045719362349,0.25069452847613116,0.2651967940594591,0.2659173759455657,0.26931489909699746,0.2659173759455657,California
162,0.4714513097519831,0.2883659825406363,0.2755418045772141,0.2888776300532052,0.28949659574101705,0.29296374554563864,0.28949659574101705,California
163,0.4881793938688733,0.3054463385366918,0.2895894127062289,0.3061834374971928,0.3066966682833186,0.3103477684484131,0.3066966682833186,California
164,0.4504107722759392,0.26724211014250177,0.24740054643994533,0.2678047657750396,0.2683550267931165,0.2716031450493803,0.2683550267931165,California
165,0.46107572517476575,0.2771420343918664,0.2520798269130645,0.27734627306034465,0.27804958379439215,0.28330871306233385,0.27804958379439215,California
166,0.5352055768332259,0.3510774253563047,0.32262078023557905,0.35128152188109973,0.35195474637028734,0.35686989130127794,0.35195474637028734,California
167,0.5633565453594196,0.37842598506517533,0.35390947090634683,0.3786776215108729,0.37937600792153103,0.3829196719804681,0.37937600792153103,California
168,0.5190574846101977,0.33547746941674234,0.31246995120741644,0.3356569486261917,0.3362756423448078,0.33986410489618823,0.3362756423448078,California
169,0.5976138134771112,0.414409937700767,0.3832860543100921,0.4143996512547983,0.4153398440120088,0.4179362943792632,0.4153398440120088,California
170,0.589341167323641,0.4062569142466136,0.3658742551910529,0.40614120320671465,0.40733429120689757,0.4110427730278101,0.40733429120689757,California
171,0.5853628780111495,0.40128051716205204,0.36198479757817137,0.401162633802572,0.4024634633391483,0.4072178035924499,0.4024634633391483,California
172,0.569290653793779,0.38591395626193903,0.3532113386550722,0.3857725407536644,0.38715432431842983,0.3916759318380397,0.38715432431842983,California
173,0.5469338697040872,0.36315440040363994,0.3361411671960939,0.36322311615992164,0.3645105657941076,0.36818364270324544,0.3645105657941076,California
174,0.526476739593355,0.34278834863889907,0.3206908702891569,0.34302953630759614,0.34420560767585107,0.34720320332397697,0.34420560767585107,California
175,0.5593120145346289,0.3752130583706029,0.35726793266713536,0.37550040064729673,0.3766155908126766,0.3789625812919861,0.3766155908126766,California
176,0.6273359392345808,0.44360217290726545,0.4206587134983233,0.4438695393067127,0.4450442814994382,0.4465990626869941,0.4450442814994382,California
177,0.6372986656220749,0.454713465192088,0.4089660370079036,0.45500918512020894,0.4562083222497797,0.45689910508032694,0.4562083222497797,California
178,0.6767988741920108,0.4937749089040049,0.4385485451548149,0.49419413512796406,0.49529250095723537,0.49474125076884035,0.49529250095723537,California
179,0.7718282934097488,0.5891167007610433,0.5467047174834189,0.5891345032828115,0.5903651952385691,0.5892354466038255,0.5903651952385691,California
180,0.7677008191568236,0.5856679987359396,0.5485117662356536,0.5859028209923087,0.5870617581059249,0.5860578114264849,0.5870617581059249,California
181,0.7409333534881498,0.5593748826244636,0.5247411621902967,0.5596228292302998,0.5608160966463511,0.5599264825864736,0.5608160966463511,California
182,0.7182548898145457,0.5374203406852565,0.50835552733945,0.5376032624726939,0.5388967411508401,0.5380244342455819,0.5388967411508401,California
183,0.66385309777654,0.483097766835613,0.45891891716250455,0.4831805114773091,0.48454894342945676,0.48349439689720575,0.48454894342945676,California
184,0.6579791186888115,0.4778803679729676,0.45819702014018243,0.4778890629722239,0.4793034505907446,0.4779620949882355,0.4793034505907446,California
185,0.653397349653333,0.4737198624935721,0.45717307366236715,0.4736565822197504,0.4751312621736309,0.4732712502969,0.4751312621736309,California
186,0.6666089160789174,0.48689420532218475,0.47247992109401227,0.48684516834810626,0.4883208535754471,0.4865420959074914,0.4883208535754471,California
187,0.6203395985029561,0.4420808467224691,0.43004997978123594,0.4420324332541631,0.44351856044505755,0.4414516479200257,0.44351856044505755,California
188,0.5861714331217254,0.4087970332574213,0.39813897219301486,0.40880750221024575,0.41022723523555393,0.4086714379088723,0.41022723523555393,California
189,0.5640404563085614,0.38559342452700196,0.37622456132927673,0.38567508528495786,0.3870569829960495,0.3858093515235037,0.3870569829960495,California
190,0.42664454250378525,0.24837541062878926,0.23718230192223205,0.24849116168541002,0.2496290138436501,0.24917083633820813,0.2496290138436501,California
191,0.32956064855605727,0.15217968158664186,0.13910457510555427,0.15231506633284334,0.15323334771311314,0.153329583821496,0.15323334771311314,California
192,0.3100523460908132,0.13271282997264397,0.12199223109579968,0.13315052123140955,0.1338646636663573,0.13420306290898465,0.1338646636663573,California
193,0.39056406615604955,0.21307128017824523,0.19670637530038865,0.21354495053459016,0.2141346468923984,0.2161372848051143,0.2141346468923984,California
194,0.39163269705613,0.2126519276204857,0.18679300520540792,0.2129068625385022,0.2137945606027282,0.21752762950578985,0.2137945606027282,California
195,0.3541653668227481,0.17721954547458194,0.15105601783293113,0.1773052307311616,0.1784609759367099,0.18150641525409175,0.1784609759367099,California
196,0.35525991034339277,0.18023650343329026,0.156869097419561,0.1803319756784723,0.18159203297408624,0.18539101384182613,0.18159203297408624,California
197,0.3823823125284361,0.20868523367037883,0.18667243522939142,0.20878901633068125,0.21002587322990368,0.21415569166456577,0.21002587322990368,California
198,0.37349365850795974,0.20007721290787603,0.1822196759856919,0.20023190979915545,0.20149172273774596,0.2050628814499393,0.20149172273774596,California
199,0.34219309092862127,0.17005629147486978,0.15528851854263032,0.1702258553289752,0.1714774279991287,0.17484083989651228,0.1714774279991287,California
200,0.3529831704378432,0.1788707131841379,0.1638873808305143,0.17909693109971825,0.180338528037036,0.18381204714336155,0.180338528037036,California
201,0.3558660436462943,0.1832001403125892,0.16901156065684958,0.18366132351366685,0.18464701726438015,0.18830202093216708,0.18464701726438015,California
202,0.3392014649420064,0.16563813557027415,0.15094357759571608,0.16613853043278182,0.16719390341378346,0.17095820085800317,0.16719390341378346,California
203,0.47564603524538196,0.3008647081871811,0.2856109756155627,0.30133142940683,0.3024719231712261,0.3053783420629882,0.3024719231712261,California
204,0.5835678384938083,0.40725588623384246,0.3940121736928785,0.4073457479634669,0.40849728056144513,0.4106178479889395,0.40849728056144513,California
205,0.5865270942252256,0.410595340046553,0.3946901774321322,0.41034744063559714,0.4116820540772518,0.4128264886814258,0.4116820540772518,California
206,0.5901556723196688,0.4146914815448528,0.39691439660238703,0.41440526724877147,0.4158462372854777,0.41658844686318713,0.4158462372854777,California
207,0.6064398203563428,0.4301922591030254,0.4146788083224798,0.42965496436138073,0.4311578691700605,0.43082791982090857,0.4311578691700605,California
208,0.5641766881747595,0.38672690978867075,0.3741199236735483,0.3863596554434199,0.38790655725318013,0.38717421928834517,0.38790655725318013,California
209,0.5335341893458728,0.3558297453950166,0.3450417717840065,0.35536584081472566,0.3570244579575495,0.35607296667365373,0.3570244579575495,California
210,0.5347794945630073,0.35834273531953775,0.3487695223645805,0.35793102715133784,0.35960477142136793,0.35853592880303103,0.35960477142136793,California
211,0.49703637438294,0.3202406090951726,0.31202861318553576,0.3197727034164703,0.3214459381559447,0.32047398746207456,0.3214459381559447,California
212,0.4025968618170517,0.22450678368921556,0.215095426303012,0.22411071197873222,0.22565970722349996,0.2259644366721646,0.22565970722349996,California
0,0.4530180251819464,0.4530180251819464,0.4530180251819464,0.4530180251819464,0.5279380587105321,0.4530180251819464,0.4530180251819464,Mexico
1,0.4461627710345512,0.44546456980631777,0.43533331053562885,0.44576294568885655,0.5077952618776328,0.44630465089707333,0.44507706644280365,Mexico
2,0.4372136749780994,0.4365042690856677,0.3965444625954281,0.44715204108649687,0.48826554873579636,0.43752356450046237,0.4357619411780051,Mexico
3,0.38694916553475805,0.37965881841297405,0.3333747205520685,0.4022278413103808,0.4226294049986972,0.3803216211067777,0.3786767882585204,Mexico
4,0.3967104947225837,0.3883073614643852,0.3125412336414007,0.41829311609053155,0.42386541677750933,0.38867837954109563,0.3870711352382364,Mexico
5,0.4605695949591379,0.44960064240065767,0.3522034313927608,0.48570264182587286,0.47895911703895944,0.44983881095503686,0.44815732969614197,Mexico
6,0.581143756154501,0.5705163218719652,0.4769804382383357,0.6125226077209794,0.594909715065051,0.5709261849002127,0.5691244554045387,Mexico
7,0.6390061171785498,0.62643842554191,0.5420528834909882,0.6727724188574133,0.6467301195393252,0.6262840602541017,0.6251443716617727,Mexico
8,0.6223019664200952,0.6064384046347248,0.5287104116949811,0.6540651939122258,0.6233394775351052,0.6067243207794747,0.6052692886920271,Mexico
9,0.675890537183716,0.659698698400488,0.5852446133367952,0.7090423419274355,0.6735019604580751,0.6600837511144141,0.6583747697451663,Mexico
10,0.6878913369034915,0.6659773778618856,0.5962300088899525,0.7149091395690336,0.677206138572509,0.6667290374515846,0.6645426351165188,Mexico
11,0.7070787926897135,0.6839953376619656,0.6199741346096489,0.7320769459327303,0.6932481666441641,0.6851472225174798,0.682647102452977,Mexico
12,0.6894552584553896,0.6627970472832084,0.6021584566261104,0.7059269922794841,0.6702772227478415,0.6641035965326131,0.6614026990130603,Mexico
13,0.7329936564294592,0.7048893614450749,0.6333701665276991,0.7435881024693239,0.7109676728823512,0.706719463421978,0.7035384968959754,Mexico
14,0.6781519591276295,0.6417765215215814,0.5711668188433655,0.6865037687293974,0.6466847784189771,0.643018041620667,0.6404655538739764,Mexico
15,0.6710765134963654,0.6307227519244254,0.5374931938366118,0.6819017511402874,0.6344200360220024,0.6302477707618424,0.629213704389521,Mexico
16,0.7950427256411065,0.7534417610850142,0.6588173176008268,0.8112873303254248,0.7562135144902787,0.7526128535639486,0.7518551111441307,Mexico
17,0.9087456761407507,0.862270322703372,0.7747590425058004,0.927107019122874,0.8642976271307106,0.8608856092504543,0.8606490543795622,Mexico
18,0.884414134648053,0.8366515104638474,0.7551426459887861,0.9031192944764443,0.8379766202986229,0.8348178702141679,0.8349222717073692,Mexico
19,0.7989530192193767,0.7479494901351854,0.6770528514776059,0.8128935795073274,0.7486786442699216,0.7456303616221353,0.7461217416251937,Mexico
20,0.8656929608116993,0.8167121351728971,0.7511272279251545,0.8800347015545814,0.8170922855523943,0.8141884151204083,0.8149518124075353,Mexico
21,0.8886853714362419,0.8379925841991872,0.7758030124354401,0.8990946584302687,0.8382286952859537,0.8356766020589739,0.8364368299236531,Mexico
22,0.9353082323467734,0.8803908735216772,0.8248035831038787,0.9394916247248261,0.8805835710850587,0.8783967724617823,0.8790835375600765,Mexico
23,0.9990220896097868,0.9371093327946552,0.887273553680055,0.995135078042156,0.9369245818106211,0.9346515456063288,0.9356688509820607,Mexico
24,1.02342776389758,0.9558791271969937,0.9023578653825433,1.0111806817357727,0.9557010392124126,0.9536705446306787,0.9546498227645562,Mexico
25,1.0812160251800444,1.0108598156831612,0.9512838045280536,1.063539227467004,1.010405441915325,1.0085744694193102,1.009525431649502,Mexico
26,0.9908168352223379,0.917326018480503,0.8620482932154263,0.9617271852825393,0.9168817931677763,0.9151823159315755,0.9161451056192385,Mexico
27,0.8130143617890947,0.7410144182491688,0.6924888485634412,0.7893981081004814,0.7402636914475047,0.7391190044776373,0.7396469843870898,Mexico
28,0.7732155647499163,0.6981177258622986,0.6213762820840116,0.7525081529816143,0.6971135552634227,0.6958434521527256,0.6965972880900186,Mexico
29,0.8002051045729349,0.7206640777762829,0.6227194118430842,0.7732846898098769,0.7196690143147675,0.7176627322965539,0.7192368289038282,Mexico
30,0.8179838538845374,0.7321543644939827,0.637228533841058,0.7805073456169533,0.731021577160935,0.7281001408342045,0.7306597795509935,Mexico
31,0.8633022130322446,0.7730297106632551,0.6875287213314907,0.8169316363221417,0.7720460541642729,0.768679337688211,0.7717431806584901,Mexico
32,0.9377861041384137,0.8487949050073541,0.7733188140226923,0.8888392242960486,0.8478210561497481,0.8447263294269706,0.847567510084256,Mexico
33,1.046243596283374,0.9531274192868433,0.8879701730964102,0.9902466907571532,0.9519308596688256,0.9491651643238547,0.95171860733873,Mexico
34,1.090192112072002,0.9944356826470987,0.9341644569561034,1.0326659669176286,0.9933254769672849,0.9908998819474194,0.993147793075628,Mexico
35,1.025734768411052,0.9282090458080046,0.8740168983423096,0.9700208897622947,0.9272730273408049,0.9245018466782094,0.9271242819049353,Mexico
36,0.9940825480446215,0.8917946400077619,0.8391809829659813,0.9317844675352958,0.8906303468201158,0.8884023856345086,0.8905058267835178,Mexico
37,0.8922137101336206,0.7848395758054584,0.7363754072501189,0.8253013338552145,0.783540511356908,0.7815709815858052,0.7834362712541867,Mexico
38,0.8878667526105175,0.7758835658513602,0.7051999272765984,0.809534555034351,0.7744068410263344,0.7729500501376223,0.774319577969623,Mexico
39,0.9435593557599592,0.8300606546711492,0.7323424802930851,0.8583313957708514,0.8284925377885074,0.8274985695910064,0.8284194868141912,Mexico
40,0.8237256349874532,0.708352864362328,0.6153376259764244,0.7437141852980841,0.7068051318707339,0.7064182213595234,0.7067439783305113,Mexico
41,0.8178809030914963,0.6986029844066135,0.6099126978039174,0.7435040557537105,0.6970389219253205,0.6969201519246351,0.6969877281456788,Mexico
42,0.7789286643495655,0.6558309792555391,0.576131755002727,0.7020879737631183,0.6541562133143455,0.6535695797164225,0.654113357200628,Mexico
43,0.6904384552618648,0.5660457031284298,0.4978894388011843,0.6116396939532426,0.5642241175240386,0.56381215264049,0.5641882411637499,Mexico
44,0.6222548656988132,0.49513941289870744,0.43632742492511417,0.5389160797945336,0.493256244234223,0.493209921493407,0.49322621087104757,Mexico
45,0.5541816053453666,0.427174424492953,0.37643008763035357,0.4700966052093218,0.42524310994840325,0.42537893173992125,0.42521796796364314,Mexico
46,0.5555753134048746,0.4282296490252887,0.38099018563577036,0.4676906815293244,0.42634195588631685,0.4269685330449083,0.4263209086464861,Mexico
47,0.5782081449693214,0.4488419764534561,0.405059189665495,0.48529198448649796,0.44698680181763245,0.4483813119882557,0.44696918243281775,Mexico
48,0.6451119732096245,0.5153619387786192,0.4696741090681551,0.5470120585611677,0.513431243482666,0.5151422118569738,0.5134164936758625,Mexico
49,0.6223179337024068,0.4915896584469647,0.44594725826531045,0.5223985371065049,0.48955201435404494,0.49112939621644963,0.4895396667719344,Mexico
50,0.5794042424278083,0.44878019793140245,0.3756233047730424,0.4845998010522633,0.4466596056389328,0.44829070509663516,0.4466492690436127,Mexico
51,0.6635028555669928,0.5319398259450926,0.44280110032894526,0.5636063573573517,0.529754484879433,0.5312601577515875,0.529745831751893,Mexico
52,0.7057297012351582,0.5729255635844427,0.45284318187733774,0.610471868517193,0.5709582690305522,0.5726447701525383,0.5709510251931084,Mexico
53,0.7799320562999734,0.6469264902951569,0.5219919988253814,0.6949864693401007,0.6450725950147717,0.6464764269392971,0.64506653094364,Mexico
54,0.773839720341887,0.6407152015080124,0.5261085770164788,0.6946311097667353,0.63899888043101,0.6392833378580529,0.6389938039837575,Mexico
55,0.7879687592147747,0.6544747153650032,0.5511481791683477,0.710752501558827,0.6526470644871696,0.6526895037266711,0.6526428148146066,Mexico
56,0.839633303222793,0.7047175173008375,0.6128962234422204,0.7601244847544626,0.7030720220557722,0.7022599438649495,0.7030684645053844,Mexico
57,0.846439788877653,0.7101381813671419,0.6267224785475795,0.7651694152744825,0.7087418779753992,0.708236114251395,0.7087388998248301,Mexico
58,0.8085492315603954,0.6716629266514322,0.5974750454483476,0.7265531780853958,0.6703520057843593,0.6694340411018411,0.6703495126697592,Mexico
59,0.8099713309663695,0.6742471490153171,0.6009452180365873,0.7294982873443188,0.6727354026292638,0.6724097375516157,0.6727333155553349,Mexico
60,0.8241819280468012,0.6895682949380819,0.6130625260276149,0.7439609522784839,0.688216588674953,0.6873787254361153,0.6882148415119527,Mexico
61,0.8646610878589445,0.729909790959218,0.64544198704499,0.7846130136780267,0.7284502004141848,0.7273330519842809,0.7284487378025795,Mexico
62,0.9537118607395388,0.8184507706827071,0.7289943029840673,0.8764670682019705,0.8169652750686541,0.8155770998794941,0.8169640506650307,Mexico
63,1.0236782361095682,0.8872449355327781,0.7972125241709505,0.9449183826795512,0.8858102858200951,0.8836832984335057,0.8858092608287528,Mexico
64,0.9772214087901909,0.8400773948233357,0.7370956021593108,0.9023854484056354,0.8386365047759655,0.8365664824855364,0.838635646719658,Mexico
65,0.8505509979461731,0.7151115969891676,0.6162699406777365,0.7827200644381807,0.7136354976988877,0.7108321330600218,0.7136347793897698,Mexico
66,0.7946087544690847,0.6578093348791614,0.569825872341253,0.7199836035677922,0.6562202539734582,0.6543310147650426,0.6562196526516286,Mexico
67,0.826864645461021,0.6894551262628824,0.608582506177399,0.7455698679205307,0.6877136369704976,0.6862153225007153,0.6877131335828421,Mexico
68,0.8300389918557938,0.6920566004384481,0.6192143927230702,0.743065328388818,0.6902193487919842,0.6890157691220721,0.6902189273884708,Mexico
69,0.7503990552571004,0.6122147205473358,0.5489099747101417,0.6606504939942824,0.6104797483439601,0.6099664313853362,0.6104793955722558,Mexico
70,0.6600691322765403,0.5233559268867576,0.46759739158843566,0.5696565543543759,0.5215260968483411,0.5217069494154458,0.5215258015307385,Mexico
71,0.6715305946208714,0.5367113810967202,0.4859116020678303,0.5785515998351116,0.5349333832563731,0.5359407821920763,0.5349331360356199,Mexico
72,0.6888761509646837,0.5536613446623757,0.5005484219195829,0.5902672885677251,0.5517509550622679,0.5528361135672889,0.5517507481050793,Mexico
73,0.7263163603874538,0.590144128681426,0.5244543328670904,0.625961797809143,0.5883207550292544,0.5898058687906176,0.5883205817781119,Mexico
74,0.8391382260907181,0.702439892412434,0.6376763214357485,0.7364467406322956,0.7005392070091827,0.7020670741969877,0.7005390619745571,Mexico
75,0.965186070540946,0.8284040145949993,0.7720511342227206,0.8702316930365972,0.8267664780327757,0.8279000016844604,0.8267663566191888,Mexico
76,1.0104965141886542,0.8729220620182838,0.7961121276054947,0.9157753955642207,0.8714985541996507,0.8722040454329005,0.8714984525600662,Mexico
77,0.9237659362063105,0.7852749031079991,0.7009600366505299,0.8336851218726089,0.7839595442668587,0.7843179297675298,0.7839594591807872,Mexico
78,0.8290461660993989,0.6916012675629303,0.6141797084063513,0.7422416903089918,0.6901529109228364,0.6903135919634488,0.690152839694293,Mexico
79,0.7678418473804074,0.6305815521111868,0.5603838450919303,0.6774747141585375,0.6290037056066127,0.6280738497395215,0.6290036459786935,Mexico
80,0.7044345630850506,0.5674045841742175,0.5019718881324332,0.6144194576611751,0.5656815342042236,0.5644407805849201,0.565681484287595,Mexico
81,0.6287764592919396,0.49062886543575684,0.43215716048463,0.5366989759596681,0.48904612037354306,0.4882250285808382,0.4890460785865774,Mexico
82,0.57649843325115,0.43802640758361533,0.38607448039629766,0.4842634783998354,0.43648947858652787,0.43601954599333864,0.43648944360518904,Mexico
83,0.5614764011986149,0.4233635249670936,0.37603993613735903,0.468194074108855,0.4216627182061026,0.42131853260605284,0.4216626889219934,Mexico
84,0.6341298199554837,0.496102085862633,0.45209567981401216,0.5362621848696235,0.4943889021936105,0.4948705604323713,0.4943888776788526,Mexico
85,0.7135904320679234,0.576223405734724,0.5172826322650146,0.613338314800238,0.5743727869048878,0.5747636928955024,0.5743727663827217,Mexico
86,0.6240460880266734,0.48674621699493376,0.42825914170431123,0.5249962008768015,0.4850561027892411,0.48604862471584964,0.485056085609414,Mexico
87,0.5019783452033076,0.36486931150957147,0.31387320411248776,0.4002576339927825,0.3632838332802101,0.3642160035308535,0.36328381889837247,Mexico
88,0.46639827610612755,0.33046602025239624,0.2522335873928496,0.3600755416124122,0.3287869514016843,0.32993266595958703,0.32878693936214215,Mexico
89,0.5395529609561011,0.4047353221859318,0.31768959346428854,0.4422546914239863,0.40292710066155524,0.40398462783774114,0.40292709058283094,Mexico
90,0.5044136003977342,0.3701103408598203,0.29024168732422373,0.4103822498023182,0.3684227505452136,0.3697371398093281,0.368422742107959,Mexico
91,0.5315762351645313,0.3971216029522222,0.3254763152007792,0.44211932042878066,0.3954110477413426,0.3968170995293141,0.3954110406782201,Mexico
92,0.6431033609774015,0.5087845382744545,0.44309952882862375,0.5560836127403047,0.5072763570087766,0.5089808899675127,0.5072763510959883,Mexico
93,0.7785333644320959,0.643887372692459,0.5859708750017817,0.6905934229334285,0.6425663672482804,0.6439537253300202,0.6425663622984774,Mexico
94,0.7758919276230978,0.6424300169166001,0.5911416556925725,0.6915143963471787,0.6413241567919266,0.641777090483907,0.6413241526482724,Mexico
95,0.7876565168167212,0.6554815247672652,0.6060190173626279,0.7018080254392247,0.6545432270347126,0.6549391187581478,0.6545432235659139,Mexico
96,0.7299330299166145,0.5999166404981158,0.5508371822939087,0.6410651724369706,0.5991017170987133,0.5992377227564015,0.5991017141948599,Mexico
97,0.611091268553323,0.4807023309154312,0.42715804471514374,0.5197726197397103,0.4796454617035419,0.48029195805393476,0.4796454592726241,Mexico
98,0.6741123333931505,0.5435316568161795,0.49353499388593136,0.5828719833959223,0.5422441722558159,0.543340240592383,0.5422441702208092,Mexico
99,0.7424155492851622,0.6118706588669862,0.539092006925436,0.6560745053946242,0.6106339789681908,0.6114594502664301,0.6106339772646151,Mexico
100,0.8095524072491227,0.6797500820997584,0.5942639318275778,0.7292590722469823,0.6783139861252875,0.6787313420436776,0.6783139846991644,Mexico
101,0.7207155996147286,0.5925721641388983,0.5155177022513451,0.6492063170778913,0.590953934598643,0.5903555098913431,0.5909539334047852,Mexico
102,0.5654688405460425,0.43947383207645097,0.374223694109584,0.49854435223595284,0.4379486515652189,0.43776298643325284,0.43794865056579846,Mexico
103,0.4813132595594817,0.3551330907102016,0.2988035499759104,0.4086937187546972,0.35372195747003277,0.35372680404069357,0.3537219566333828,Mexico
104,0.4193887997252249,0.2936314261060889,0.2448690598014999,0.3425734190065255,0.2920349653725313,0.2925729942908847,0.2920349646721422,Mexico
105,0.3526495576259013,0.22728224582345563,0.1830131266824488,0.27549788805349384,0.22557961637261859,0.2269010609580545,0.2255796157862982,Mexico
106,0.3149497558667001,0.18927817648461925,0.15011404958519248,0.23435287176424902,0.18775609593714437,0.1896349872940894,0.18775609544631494,Mexico
107,0.29795077409269155,0.17186767092219002,0.1374997306017125,0.21248242369952597,0.17034441880972384,0.17220133314143388,0.17034441839883324,Mexico
108,0.2629733922287714,0.13769118749850184,0.10613000050873878,0.17379311542440795,0.13623155790954428,0.13877479193396614,0.1362315575655733,Mexico
109,0.26366700692465395,0.13884609799184472,0.09313458762757189,0.17015266113175137,0.13723411998590918,0.1404101044344564,0.137234119697959,Mexico
110,0.3839252216078547,0.2584826691518511,0.20070290524696957,0.284278883398987,0.2567216146715691,0.26011495611510016,0.2567216144305159,Mexico
111,0.46808816475886666,0.34265705968631555,0.25723081881891896,0.3703662872954536,0.3408892252945054,0.34342651158159054,0.34088922509271125,Mexico
112,0.37721054659182146,0.2520291929013838,0.16568302647645594,0.2866198361999719,0.25014155223816514,0.25265049019727237,0.25014155206923616,Mexico
113,0.2982610773615268,0.17284499025501215,0.0941873929209125,0.20440339462274726,0.17096349488183438,0.17310753913614518,0.170963494740418,Mexico
114,0.3253676092258314,0.20063286087039278,0.12951385512526473,0.2277271182794241,0.19864125744979355,0.20070167446781795,0.19864125733140892,Mexico
115,0.3754700437807664,0.2510909982309326,0.18682401328673254,0.27622988723060304,0.2492099575943121,0.2510683903793632,0.24920995749520816,Mexico
116,0.3585196202284792,0.23409272232169617,0.17591494360678117,0.258746791694375,0.23240562931291467,0.23445531405953446,0.23240562922995125,Mexico
117,0.3148665838988871,0.1905031090767873,0.13761464224109482,0.21778930022328075,0.1888748944735943,0.1911858935469234,0.18887489440414262,Mexico
118,0.3956081451904759,0.27201897888819476,0.22325691507284753,0.3015086117583942,0.2704400534694114,0.2729698079575552,0.27044005341127103,Mexico
119,0.4449753161752672,0.32277223171487446,0.276698349302728,0.354848752158035,0.32131455199853093,0.3230858934198757,0.32131455194985953,Mexico
120,0.44736197749743606,0.32522748124183715,0.28102123909566057,0.3617335476067947,0.3236450758970731,0.325297287172868,0.32364507585632857,Mexico
121,0.4601186118057558,0.3383115070359772,0.29335515315510563,0.37670109997580437,0.3366110977562986,0.3383165066870712,0.33661109772218994,Mexico
122,0.47781620820542986,0.35687974433892944,0.2938429364637012,0.3929037063976744,0.3551224948739928,0.35684763518245194,0.3551224948454392,Mexico
123,0.4917383033554066,0.3709806317678305,0.2708404706520553,0.40160268090557805,0.3690926854378071,0.3708402728048016,0.36909268541390383,Mexico
124,0.5455089167917049,0.4248040822331611,0.30539710298517875,0.4604066147602734,0.4230125264274877,0.424872914475002,0.4230125264074775,Mexico
125,0.4613241925444564,0.34029626008982894,0.22969595895966877,0.3872855962285512,0.33841816115627754,0.340101790877248,0.3384181611395263,Mexico
126,0.335841530717287,0.21523352790874242,0.1209840760983529,0.26389776462829606,0.21325430007791976,0.21506942330158801,0.21325430006389665,Mexico
127,0.29006683821326984,0.16903248716131192,0.08552250372831517,0.2108537391714409,0.16704126909579053,0.16877128646788025,0.16704126908405126,Mexico
128,0.3034241586142566,0.1824339615243428,0.10775247751739955,0.21837370705240758,0.1804926773512381,0.18209987320734528,0.18049267734141075,Mexico
129,0.3843666170925927,0.26343215906606454,0.1960013056169415,0.296902315712418,0.26158450568602143,0.26305967179425144,0.2615845056777946,Mexico
130,0.3619150441209037,0.24068494140930233,0.18179036943175986,0.27420466915992125,0.23903383604486486,0.24146423928184618,0.23903383603797793,Mexico
131,0.310348490683622,0.1890195735088641,0.13830591849682458,0.22114588064525664,0.18721065492370575,0.1894291386309088,0.18721065491794042,Mexico
132,0.3047208353826813,0.18490567294756344,0.13707583246820368,0.2132135560509124,0.18297510926462385,0.18516570610975136,0.18297510925979749,Mexico
133,0.34868443095970114,0.22963481098502586,0.1779090895631802,0.25339588961941645,0.22763369838316405,0.23075225748970152,0.22763369837912373,Mexico
134,0.3298314521568265,0.2110540187112686,0.15460858528144528,0.23269545385902768,0.20900425583243032,0.21227935607713305,0.20900425582904802,Mexico
135,0.39798165596227175,0.279389917766531,0.2154751103129418,0.3014867234052637,0.27726604639432073,0.280538023241954,0.27726604639148933,Mexico
136,0.45841953662311186,0.33968238405361456,0.24937965575918541,0.37217772749818095,0.33770129906365404,0.34070210641428733,0.33770129906128377,Mexico
137,0.5682089026352066,0.44932506300759256,0.3594569322811624,0.4880214733761089,0.44729785902412467,0.4498343867641136,0.4472978590221405,Mexico
138,0.5930016807552357,0.47292086537896916,0.38573676658923833,0.5166860218615509,0.4710369953152076,0.4731163803728298,0.4710369953135466,Mexico
139,0.65178695950022,0.5320271654762335,0.4515669066568079,0.5788573483666831,0.5302311992271359,0.5314358054870134,0.5302311992257455,Mexico
140,0.7364049092748243,0.6183608580042046,0.5469928727953824,0.6626593633229544,0.6166779047517233,0.6172320088625195,0.6166779047505594,Mexico
141,0.6857300443342922,0.5685288599179811,0.5051933269062687,0.6104695450633361,0.5667981206390463,0.5669860079536025,0.566798120638072,Mexico
142,0.5686134791291095,0.4506245804845771,0.39532700914831587,0.4901559714881315,0.4487975319453149,0.44827684078027397,0.4487975319444991,Mexico
143,0.5245600088815535,0.40818415606204306,0.35878453229598056,0.44588850913164835,0.4065650131005243,0.40599489278779827,0.4065650130998414,Mexico
144,0.4954444940723795,0.3796700219588816,0.33345975131711075,0.4161910893172324,0.3778952306431873,0.37696746571860873,0.37789523064261565,Mexico
145,0.5411074581976192,0.42711010111631587,0.38315756483972974,0.46769603585245323,0.42522495982567365,0.4244389956467052,0.42522495982519515,Mexico
146,0.6404469894335609,0.5286286558535298,0.48548289810742373,0.570308682369604,0.526790269491741,0.5259802828911234,0.5267902694913404,Mexico
147,0.6055226069720095,0.4950959914634485,0.43298317647178225,0.5328176363056271,0.49313620555823123,0.4922269852578122,0.49313620555789595,Mexico
148,0.5288006986141307,0.41971997838650965,0.32684005046543013,0.4645239417845374,0.4178197346780933,0.41724729881277844,0.41781973467781264,Mexico
149,0.5950650825055771,0.4873879545302533,0.3869869985766345,0.5348485287894057,0.48551511022899285,0.48505645246191365,0.48551511022875793,Mexico
150,0.6641231178456014,0.557073009185117,0.4563876726641243,0.608832409958632,0.555194102300809,0.5540991756434105,0.5551941023006124,Mexico
151,0.7033746978533844,0.5962266340244329,0.5001429687443057,0.6511904871829034,0.5942382307670726,0.5932148497835982,0.594238230766908,Mexico
152,0.6988464172167232,0.5924607277495536,0.5047371456312341,0.6478884050826703,0.5907056544066085,0.5895695913502021,0.5907056544064706,Mexico
153,0.7173385263107388,0.6120564576027304,0.5333038881752254,0.6679289279050722,0.6101986998802172,0.6089395578240242,0.6101986998801018,Mexico
154,0.752636065111928,0.6478054200123882,0.5754884160734318,0.7041595541994894,0.6458834713977402,0.6447315307199375,0.6458834713976433,Mexico
155,0.8223992756795846,0.7176944422871097,0.6535403439395482,0.7743362112114681,0.7156746090577,0.714316341745677,0.7156746090576189,Mexico
156,0.8645151770121893,0.7596357148699451,0.7040640258420401,0.8106719234818431,0.7578262988668982,0.7561818534013103,0.7578262988668305,Mexico
157,0.8811963557408786,0.7763884071598343,0.7277575920425368,0.8191816595809189,0.7745374373882303,0.7727103347103871,0.7745374373881736,Mexico
158,0.8964193846986267,0.7921549468427409,0.746598639417553,0.8280477306843639,0.7902691909497925,0.7882891794944668,0.790269190949745,Mexico
159,0.9269000252036245,0.8229325324526564,0.774781748617866,0.8534903263857477,0.8213131051176794,0.8195220747759823,0.8213131051176397,Mexico
160,0.7958785953458033,0.6926013142227223,0.6436923091801601,0.7181054030089286,0.6909966273329868,0.6890433175805846,0.6909966273329535,Mexico
161,0.5999219011197472,0.4975060777635374,0.45137549021925605,0.5299437905520729,0.4958768884451775,0.4940011163458623,0.49587688844514966,Mexico
162,0.5098790202568599,0.4082179979673153,0.3321965888811787,0.44382891075585784,0.40643147310465355,0.40531438642698403,0.40643147310463024,Mexico
163,0.5576843742550984,0.4560208467389144,0.36871774444412586,0.48993969533471127,0.454108925500432,0.45320455072523647,0.4541089255004125,Mexico
164,0.5997503191736974,0.49970121192359584,0.4182626821478025,0.5352012392379982,0.49767258285832505,0.4971921492434191,0.49767258285830873,Mexico
165,0.5797136986189372,0.47990500181188245,0.40375495522941907,0.520808984922967,0.47780181240932207,0.476760838752497,0.4778018124093085,Mexico
166,0.5481035868829097,0.44788780012248824,0.3773286138348564,0.4920038612405497,0.44571693438115084,0.44474826358816344,0.4457169343811395,Mexico
167,0.44772050169509897,0.34644101730717713,0.2843773721628408,0.39314878647295504,0.34455374510199716,0.34378244522398516,0.34455374510198766,Mexico
168,0.4451064835923455,0.34524285165400925,0.28568124439004283,0.39163359865408515,0.34354354673805415,0.343571501401113,0.3435435467380462,Mexico
169,0.4985361439483955,0.3998373660566274,0.34092930421891465,0.4464774578344695,0.39802066803437813,0.3975621736167688,0.39802066803437147,Mexico
170,0.5314610296474777,0.43270347956225186,0.37392974081719843,0.4814617888221785,0.43080394553198087,0.4302222759354665,0.4308039455319753,Mexico
171,0.5755518036348578,0.47586066518163267,0.41326890206762473,0.5232885083675469,0.47392929820255386,0.4729455286894728,0.4739292982025493,Mexico
172,0.49879287906870606,0.39874767660757415,0.3305879630927965,0.44345471141207204,0.3967565029472765,0.39586764919477263,0.39675650294727266,Mexico
173,0.5143626432018575,0.4146675308013995,0.34122292900811463,0.46712609485025813,0.4126431431563612,0.41197732309913604,0.41264314315635786,Mexico
174,0.48627736326398585,0.3871871833496572,0.3010733996006235,0.44677208552407444,0.38521663304455234,0.3845590013822887,0.38521663304454956,Mexico
175,0.36238135014134576,0.26240704215450084,0.1797091957011831,0.32621669773778456,0.2603787312872782,0.2583855434473079,0.2603787312872759,Mexico
176,0.3772534873063761,0.2768538744690216,0.20125272728771465,0.3373398741267024,0.2750181457484399,0.2730595836447076,0.275018145748438,Mexico
177,0.45834145530222936,0.3581628871557984,0.2868327418726125,0.4172593583147877,0.3562986802446348,0.3539950524846434,0.3562986802446332,Mexico
178,0.48413819253743395,0.3837947356239861,0.31766473705910137,0.4434564861964315,0.38209572177998424,0.3799943309360641,0.3820957217799829,Mexico
179,0.46896023317904584,0.369278340623518,0.30288157412795697,0.42701087749663824,0.36746283237006055,0.3654979598331616,0.36746283237005944,Mexico
180,0.46730686912124614,0.36928240729948275,0.3005690987257626,0.4248885829820663,0.3676247965258871,0.36624703259620417,0.36762479652588614,Mexico
181,0.43245308567228635,0.33440242188340213,0.26965233831009205,0.389350300691709,0.3328834645769489,0.3312637531020347,0.33288346457694806,Mexico
182,0.42493693027593515,0.3277831961904658,0.26845786839892866,0.38139909057783455,0.3261641132044604,0.32461320642005803,0.32616411320445976,Mexico
183,0.34035843752624473,0.24363556251731833,0.18745410035395488,0.2960132664509255,0.2418898863645727,0.24065158122801245,0.24188988636457215,Mexico
184,0.36176184822129365,0.26610219729053297,0.19601532527400528,0.3129260684340366,0.26430396111200216,0.2639703245354939,0.2643039611120017,Mexico
185,0.3952056394144603,0.301347123683243,0.20171962372994046,0.3462722703493275,0.29948700164815145,0.2989879489384396,0.2994870016481511,Mexico
186,0.4114652023789718,0.3188178223081917,0.1896376123748194,0.3682233367382465,0.3168516704965733,0.31633417377100226,0.31685167049657303,Mexico
187,0.37057529722386495,0.2792316210376099,0.1448008608452774,0.33651335715244113,0.27722093013512006,0.2762013804365084,0.27722093013511984,Mexico
188,0.26904114215550595,0.17892251133362508,0.060640209653206587,0.23968957077288638,0.17697157885688258,0.17597210393817797,0.17697157885688236,Mexico
189,0.2669317951369303,0.17702697821680044,0.0702179188205344,0.23980845083278787,0.17538760105211157,0.17344840514461823,0.1753876010521114,Mexico
190,0.27453769800367467,0.18561177939425283,0.08843740139798763,0.24605099364072058,0.18389069103651856,0.18128919965859866,0.1838906910365184,Mexico
191,0.30696933922339165,0.21961878743677649,0.1322983433519846,0.27723131112807936,0.21774362497265537,0.2153566386102539,0.2177436249726552,Mexico
192,0.2767425965549261,0.19022449454893575,0.11205779666016169,0.24535569233485066,0.1884678961885986,0.18623444017558077,0.1884678961885985,Mexico
193,0.29654489925504135,0.21099574364632354,0.14011989678976738,0.26432345840049,0.2093135593484314,0.20770206324481733,0.2093135593484313,Mexico
194,0.35077940565049687,0.2677339480294821,0.20129016156214682,0.31962165111458113,0.2659289196113152,0.2638714911611547,0.2659289196113151,Mexico
195,0.4360754500529572,0.35616778865038945,0.29554251131858966,0.4045075459644272,0.3542418276278946,0.35187158758703574,0.35424182762789447,Mexico
196,0.3568227005749733,0.27972794800113965,0.22644237216520866,0.3258396645756052,0.2777988245817794,0.27531383539659815,0.2777988245817793,Mexico
197,0.2837476120460091,0.20822884906463665,0.13029379210037462,0.26080261999491183,0.20628288373834883,0.2041316113417826,0.20628288373834877,Mexico
198,0.3687680764854918,0.29421152725192345,0.2047623580210529,0.3447873516596669,0.2922056874108624,0.2898016326243722,0.2922056874108624,Mexico
199,0.4836839347319537,0.41081316069955276,0.32879792985759304,0.4686936249044329,0.408739173755697,0.40613851867474027,0.408739173755697,Mexico
200,0.511877224716597,0.43882029436704373,0.3637371276932987,0.4974403728231148,0.436994670730365,0.43414871622392026,0.436994670730365,Mexico
201,0.49897911230177017,0.42579077586001857,0.35445786139215685,0.48444696806842336,0.4241609327048299,0.42114499034746483,0.4241609327048299,Mexico
202,0.48110470808524636,0.40759081494867105,0.33871258243033137,0.4654860222590264,0.4059722983572018,0.4031532533169133,0.4059722983572018,Mexico
203,0.45416473443553856,0.38075160977546096,0.3124904672118205,0.4385165332514935,0.37899839750641606,0.376302351534,0.37899839750641606,Mexico
204,0.44878116297993303,0.37573278766537765,0.30810655380452673,0.43206386287538245,0.37387888253258716,0.37126431745875565,0.37387888253258716,Mexico
205,0.377412737715232,0.3050887087872941,0.24328077249053903,0.3592743100381367,0.3031657028456225,0.3003283992651822,0.3031657028456225,Mexico
206,0.3115246558650291,0.2390401507294691,0.18064280772442892,0.288566340742085,0.23702890754295303,0.2347942638643053,0.23702890754295303,Mexico
207,0.21340015269435153,0.1421172186183246,0.08746135806326946,0.18824395225790674,0.1402582627110499,0.13893837821355515,0.1402582627110499,Mexico
208,0.11153692526954005,0.040525190960088414,-0.00952085487722261,0.08484873023600739,0.038563173482483615,0.037415127655981525,0.038563173482483615,Mexico
209,0.008425237881872327,-0.06184564971792211,-0.11148854225259884,-0.021139165179326264,-0.06383084402644798,-0.0642608197298275,-0.06383084402644798,Mexico
210,0.026108412641376366,-0.0440206560459952,-0.12141399252825434,-0.008512816377649751,-0.045878147571050826,-0.04609521807561555,-0.045878147571050826,Mexico
211,0.11139140659920546,0.041956093291669855,-0.04134988294189465,0.08231048927002835,0.03998985102158137,0.03994731668556656,0.03998985102158137,Mexico
212,0.23660497783812315,0.16805993394174626,0.09559843231240528,0.21280101275414845,0.16600623172224863,0.16561244965565675,0.16600623172224863,Mexico
0,0.8664961654216345,0.8664961654216345,0.8664961654216345,0.8664961654216345,0.8660308986299394,0.8664961654216345,0.8664961654216345,Chile
1,0.8517999137497562,0.8525150616683648,0.8357387749738033,0.8745236971304973,0.8521681870757916,0.8517634976420045,0.8525623997616274,Chile
2,0.8019882133656923,0.8029672621857832,0.7655028754412838,0.8419262181728033,0.8026814881339831,0.8022649351429715,0.8030154978773127,Chile
3,0.8185505491392062,0.8242477224397896,0.7833755415436555,0.8724657710827897,0.8240941082055971,0.8240600311201687,0.8243771090136575,Chile
4,0.8495600442136026,0.8562309582351543,0.8175544712325281,0.9223295977534245,0.8561632231093013,0.8559633884201459,0.8564030049089709,Chile
5,0.8616305818261445,0.8702651640639418,0.8346600278529536,0.9525045846908716,0.8702752877048869,0.8696292144134897,0.8704784507694975,Chile
6,0.8748281301661227,0.8832426996696287,0.8497976660909531,0.9725485702200598,0.8832963723096217,0.8825606914458143,0.8834685089391691,Chile
7,0.8322497484744248,0.8420212940737658,0.8077597833295782,0.9396357385275069,0.8420934479024569,0.8413252571960614,0.8422392963581727,Chile
8,0.7958916963228337,0.807938035019251,0.7749551884117862,0.916277117910203,0.8080445264695176,0.8067386217014737,0.8081681014000286,Chile
9,0.7189757222128572,0.7314200370270854,0.701859183037846,0.8473644907147284,0.731560067750749,0.7297277628439554,0.7316647706999564,Chile
10,0.6092180529664661,0.6262041566516962,0.5991198464478292,0.7498248708967311,0.6263616872645233,0.6240479571012335,0.6264504003030611,Chile
11,0.4993537066336801,0.5171156124235401,0.4923599568692767,0.6443744924760147,0.5173104051619286,0.5153626044287153,0.5173855702195147,Chile
12,0.37028443880095535,0.3905960286206651,0.3638875034023963,0.5122633097618747,0.3908362479337688,0.3904758003015147,0.39089993401616485,Chile
13,0.374263976229233,0.39560362535019034,0.3681672552777667,0.5001879033643947,0.3958708496811536,0.3977368742558977,0.3959248098219585,Chile
14,0.3909233976955881,0.4181337859994781,0.3904336844043371,0.5096343587571872,0.41838036838314013,0.4199420021547777,0.41842608789808183,Chile
15,0.2320398129822323,0.26228360154357966,0.23624422929795813,0.35448483633717887,0.26254725711395344,0.26612323932954274,0.2625859944859344,Chile
16,0.18270975369821263,0.21399334133019543,0.1822236731689807,0.3085567045978852,0.21427684037779127,0.21770796193317377,0.2143096618980962,Chile
17,0.16236835010196404,0.1972005716802751,0.15808367152330804,0.30457938573926824,0.19750195503737183,0.20310596474100695,0.19752976415657736,Chile
18,0.1632413706444436,0.19882581304600644,0.1583456443819118,0.3200349934030881,0.19910936815943114,0.20545397999166382,0.1991329303559352,Chile
19,0.19819092533231675,0.23590345651412492,0.19774939564435295,0.36848844940815934,0.2362061332865572,0.2414400341147856,0.2362260971372636,Chile
20,0.15485699707030143,0.1913640944815877,0.1576328462567439,0.33349557717748773,0.19164155607703337,0.19727015643576173,0.19165847111018658,Chile
21,0.1534482395681277,0.19117561954662904,0.1614086416665026,0.3256514821353498,0.1914775485651583,0.19803692327001804,0.19149188038674825,Chile
22,0.21495959813084786,0.2556029115909069,0.22845875827974765,0.38098824712168416,0.25594977777800554,0.2631484051502394,0.2559619208881152,Chile
23,0.33516120821500117,0.38095593781132414,0.35568016346200715,0.5079777475862786,0.38132878454292696,0.3873460731471621,0.3813390731948062,Chile
24,0.2956740720171198,0.3455071472536946,0.32315572674507675,0.47606771788797203,0.34584712600689504,0.35072817147548446,0.345855843407671,Chile
25,0.15945932192325363,0.21154949287800479,0.1769817324633906,0.34392256481886063,0.21188242039317629,0.21783378444678525,0.21188980649945927,Chile
26,0.15550539416698628,0.20986981440744723,0.16315775548521205,0.33241153348142033,0.21021616028694445,0.21657591900498052,0.21022241840991318,Chile
27,0.13216414089463413,0.18617164026115268,0.14022480007008237,0.3011774111133454,0.18652575109878983,0.19199700562609623,0.18653105350056837,Chile
28,0.10888873094838547,0.1652462676445875,0.11688883963375274,0.28775076601752375,0.16562320829018617,0.1704976700453854,0.16562770092555978,Chile
29,0.19565571575384472,0.255162311827297,0.2018652086261834,0.38603802177427343,0.25554441231855496,0.260061256344727,0.25554821885254514,Chile
30,0.26305708528623545,0.3271431651467252,0.27398067991854813,0.4631057536782395,0.3275245134964084,0.3312431551809701,0.3275277387082971,Chile
31,0.3149485451257026,0.38217154108459495,0.33159706762040386,0.5276895595108044,0.3825329692296505,0.3851060917845165,0.38253570189715175,Chile
32,0.31198735658274707,0.3783878085855921,0.33212266126238543,0.5315327758520346,0.378781571551659,0.3806280328472008,0.3787838868946286,Chile
33,0.27076626111379287,0.3403359006297769,0.30010597261516686,0.49351307998600796,0.34070337530286243,0.3428598275850698,0.34070533705381256,Chile
34,0.26629300958875657,0.3377736420120131,0.3014244050384643,0.4851238709936209,0.3381305631348078,0.3401797084540756,0.33813222529321846,Chile
35,0.2466744953581942,0.3193978513014583,0.2862001622969702,0.45618213340035857,0.3197410160327024,0.3215252106997926,0.3197424243514198,Chile
36,0.28574800539840806,0.3621811681478302,0.3323805936907328,0.4848359693485307,0.36252451018293386,0.3650405622245571,0.3625257034275711,Chile
37,0.45624362084316766,0.5370013013711494,0.5095158226928919,0.6435130093828485,0.5372994549533407,0.5389718495863434,0.5373004659693463,Chile
38,0.5599088215618215,0.6445174473720003,0.6079942973406239,0.7388369243455559,0.6448288951197101,0.6461281953294331,0.6448297517364774,Chile
39,0.640931457634509,0.7266690566362488,0.687763615400246,0.8258701723094497,0.7269887913444486,0.7277731225737472,0.7269895171413517,Chile
40,0.6248796403287968,0.7119496102715535,0.6770239364958217,0.812278719457451,0.7122817983426208,0.7128346363534761,0.712282413298065,Chile
41,0.5520238320672075,0.642298938678353,0.6094020790020361,0.7296255450859346,0.6426055129097964,0.6429935785458742,0.6426060339511466,Chile
42,0.5382799958480747,0.6316731252429245,0.5969818302496032,0.708893801911125,0.6320084939417302,0.6345711817424741,0.6320089354112564,Chile
43,0.5769960356457429,0.6719676538144655,0.6365495810463426,0.7465079906331628,0.6723267842474367,0.6737602148466971,0.6723271582971019,Chile
44,0.5542453946853471,0.651366596279482,0.617196372545995,0.7429632995633568,0.6517477302714539,0.6527582449560752,0.6517480471974108,Chile
45,0.5089781956710451,0.6064472068188357,0.5746817491834671,0.712503760741878,0.6068399962734259,0.6072939280356773,0.6068402647994304,Chile
46,0.4529721250486118,0.5510898772328857,0.5214187017805402,0.6666501440728699,0.5514870414957319,0.5521301575159158,0.5514872690132754,Chile
47,0.4677034133051855,0.5673852365397292,0.5381568305541085,0.6871334013317927,0.5677443038748669,0.5687532966294293,0.5677444966466345,Chile
48,0.4539156621228837,0.5550808208085005,0.522278019974924,0.6693527150802585,0.5554679934235212,0.5564146639510684,0.5554681567557804,Chile
49,0.44445444822194036,0.5469283027858759,0.5123321349356946,0.6618816760590766,0.5472990665828517,0.5487890034608749,0.5472992049715133,Chile
50,0.552348181402623,0.6561588074177447,0.624142434878913,0.7766690758726488,0.6564992132688895,0.6573485825578107,0.6564993305232627,Chile
51,0.6232699405157156,0.7277112496823276,0.6888393437114111,0.8523828311151004,0.7280271724137034,0.7286093367823778,0.7280272717613513,Chile
52,0.615235176048305,0.7203542271514697,0.6743823477458376,0.8503505624346904,0.7206870899115447,0.7209352050153871,0.720687174087127,Chile
53,0.6219596873302403,0.72826214817609,0.6828197337963317,0.8662317684289406,0.7286227597986803,0.7287713648295665,0.7286228311192279,Chile
54,0.5635546968951166,0.6690850510272135,0.6284572696402376,0.7967569215156195,0.6694675965439484,0.6690501333039074,0.6694676569726424,Chile
55,0.5065090416706501,0.6134504972879662,0.5737695212148822,0.7486610197347385,0.6138535733618163,0.6134976308556574,0.6138536245620271,Chile
56,0.4914535950615722,0.5988999811404866,0.5606126059260552,0.7426713363966897,0.5992885009924144,0.5983949631724864,0.5992885443734873,Chile
57,0.4821890910056758,0.5898316545320572,0.5536558970831599,0.7331892101217365,0.5902145010222386,0.5894717785388135,0.5902145377782881,Chile
58,0.5004013502885817,0.6074339751763927,0.5725903329048783,0.7485159461828282,0.6077641733385625,0.6068937836534367,0.6077642044813417,Chile
59,0.4664950342590564,0.5723828500485325,0.5341227495552696,0.7109052364543386,0.5727066697809203,0.5722080980256798,0.5727066961676707,Chile
60,0.34942279659009157,0.4543847005831259,0.41731520236199643,0.5945399500760222,0.4546874778962895,0.45477364237435985,0.45468750025333693,Chile
61,0.17801627698516226,0.28314346529199114,0.24755057218649656,0.4245035215299573,0.28341629773555316,0.28521221261660135,0.2834163166783014,Chile
62,0.1787063514262095,0.284184877079244,0.2443342399301841,0.40872752494746756,0.28441967863549855,0.28653971400147854,0.2844196946853689,Chile
63,0.17414859149884598,0.2800354821069082,0.23849114236047747,0.3858558535153382,0.28024512568312077,0.28394157030018935,0.28024513928190453,Chile
64,0.08986874727386968,0.19653964353231018,0.15656423522583018,0.2861994550075195,0.19671727098976505,0.2009034430433484,0.1967172825117846,Chile
65,0.02997907162629576,0.13509384554053516,0.09820186172227963,0.21224624194916747,0.13528233456705097,0.14083991008555308,0.1352823443294634,Chile
66,-0.010476289643968295,0.09555678501399423,0.06260274346669265,0.16444254779340167,0.09579083287331575,0.10080608007976616,0.09579084114484276,Chile
67,-0.008405225580193298,0.09810239949083577,0.06913424446038252,0.16400252568533502,0.09837851047027796,0.10307035055098668,0.09837851747860293,Chile
68,0.032623194470605466,0.13997613034627449,0.11459285603558139,0.20077648917968494,0.14029891586237275,0.14448482670918866,0.14029892180040804,Chile
69,0.07588982636708985,0.18254586257746858,0.1590585460370248,0.24247819978621976,0.18288068704790722,0.18776997844192367,0.18288069207910412,Chile
70,0.12392748854945246,0.22934010192662946,0.20418311486609442,0.2879085186384499,0.22968372253332603,0.2353561987820788,0.2296837267961741,Chile
71,0.2108079975112624,0.31496943415431145,0.2843332303330836,0.37192044306006333,0.31535040783655377,0.3220705985511291,0.3153504114483928,Chile
72,0.3476694810348736,0.45262770256513624,0.42214598002831216,0.5046621414833576,0.45300301816314914,0.4603951778140006,0.4530030212233993,Chile
73,0.3822089681662764,0.48753178601113517,0.459914356667182,0.5359405689321947,0.48789522637838534,0.49379856870752487,0.48789522897128357,Chile
74,0.4002082637788689,0.5053187353911238,0.46394364424611634,0.5483798146741681,0.5056642680703287,0.510598801562117,0.5056642702672475,Chile
75,0.46929863399919214,0.5736852200680994,0.5252681616041281,0.6337040588307947,0.5740299247751341,0.5785466544585585,0.5740299266365463,Chile
76,0.4877477368647313,0.5924493415075018,0.5477513479615984,0.658278766518068,0.5927778257996248,0.596298696568958,0.5927778273767679,Chile
77,0.40153456535529547,0.5066720102453891,0.46523972600177416,0.5892869274084952,0.5070340452014827,0.5098955244271657,0.5070340465377693,Chile
78,0.28764679930518605,0.39279362680535607,0.354603594882276,0.4897088345965332,0.39316023204866185,0.3975183894830646,0.39316023318087495,Chile
79,0.260812510490098,0.36579548846453486,0.3302418189700095,0.45619905618992285,0.36613158776234095,0.3712918389679694,0.3661315887216459,Chile
80,0.25439955110242374,0.3593650570735396,0.32723042122755813,0.44781219316780735,0.35967610308754866,0.3657714115882837,0.35967610390035154,Chile
81,0.27293484371170695,0.3782022591640072,0.3451877924298283,0.4682157834509511,0.37853025000728263,0.3867558009508245,0.37853025069595675,Chile
82,0.2775849497111641,0.38345491205770044,0.35172662516459346,0.47256122255457245,0.3837956399071574,0.39132817576253415,0.38379564049065934,Chile
83,0.23656829999733897,0.3424892649756539,0.3137020054157926,0.42689016615638414,0.3428183612504245,0.3504722626868679,0.3428183617448158,Chile
84,0.2683242912816225,0.37391442314244866,0.33414526015330354,0.4498594770514501,0.3741954007127372,0.381347709424707,0.37419540113162664,Chile
85,0.38734899990235533,0.49239142384052864,0.4334977587855079,0.5628561284614231,0.49267311943989256,0.4994535982745703,0.4926731197948105,Chile
86,0.3710209401081216,0.4755728191162193,0.4085213774351287,0.5464276668025172,0.47587055037558934,0.4845000126512711,0.4758705506763053,Chile
87,0.3920654238437061,0.4962358512290827,0.42622746818786555,0.5677383709815366,0.49652646730314526,0.5066430367400316,0.4965264675579368,Chile
88,0.4978993659442874,0.6011857267892288,0.5310803498532217,0.6793806461042499,0.6014922687286669,0.6093292478846335,0.6014922689445474,Chile
89,0.5788212078223081,0.6809973386913479,0.613381446082635,0.7588237749687413,0.6812667411449741,0.6878526823115946,0.681266741327886,Chile
90,0.5943124863723978,0.6959418862170943,0.6316313456866752,0.791095367030394,0.6962501240765933,0.7023677269998198,0.6962501242315714,Chile
91,0.5527640047980749,0.654502038258528,0.5945747490009684,0.7664994385782814,0.6547646391255457,0.6597882812316509,0.6547646392568561,Chile
92,0.47744790201761406,0.5788991481889478,0.5248808762212527,0.7035333484107572,0.5791576942324456,0.5846008506328693,0.5791576943437027,Chile
93,0.4796246596960244,0.5810635403642903,0.5322982727905841,0.713715777597264,0.5813401115803956,0.5860763208228499,0.5813401116746618,Chile
94,0.462381240293301,0.562532201019492,0.5180674390850237,0.7019033629884632,0.5627786200485837,0.5661733633804702,0.5627786201284539,Chile
95,0.3601463915229108,0.4592938902810107,0.4202170913519955,0.602668162044763,0.4595663735392397,0.4632544796183771,0.4595663736069124,Chile
96,0.22982719727627887,0.3274323694872697,0.2937907684678148,0.472034335352356,0.32773201777128086,0.3319741770894824,0.32773201782861877,Chile
97,0.22487250486928567,0.32288947417776126,0.276717418503184,0.46250097750891356,0.32320900724459817,0.3286023720400811,0.3232090072931796,Chile
98,0.24490725121417567,0.3431138992049757,0.27419045746874654,0.48281419610119497,0.34346598990637994,0.34936107171527137,0.3434659899475421,Chile
99,0.2057716137308826,0.30391551519503845,0.23192681891883593,0.4321879621176076,0.3042160667994653,0.3113101068429742,0.3042160668343413,Chile
100,0.10092265829673669,0.19909674541505928,0.1362667365201753,0.31820821144064365,0.19938634721385157,0.20561943667454208,0.19938634724340148,Chile
101,0.0547941337905003,0.15194939360650805,0.09634785062300572,0.25973874510214584,0.15223358663561892,0.1581294850792997,0.15223358666065606,Chile
102,0.06423044266124678,0.15977120307864123,0.10725276297825348,0.2666812001802785,0.16008971886555606,0.16578940119169905,0.1600897188867696,Chile
103,0.1331087534544686,0.22830085297764358,0.17847120194773103,0.33403307621534445,0.22862687471532406,0.2344479289565069,0.2286268747332979,Chile
104,0.20560456294936685,0.3003753329696175,0.254039630978725,0.41363664152145313,0.3006589728032287,0.30727179421830286,0.3006589728184576,Chile
105,0.2704893905083212,0.3657243105616888,0.3232593503997103,0.4887819993811063,0.36599193731386986,0.37182038287570157,0.36599193732677304,Chile
106,0.3078251783337559,0.40279371488199456,0.36388597062663836,0.5341234996416944,0.40307378403246075,0.40928064355843746,0.4030737840433934,Chile
107,0.38762575547821587,0.48285525818594593,0.4455798058621691,0.6193723979103971,0.48311204527692436,0.48817899883245536,0.48311204528618745,Chile
108,0.34912047728488205,0.4438073707437303,0.4095718402643213,0.5836266254132068,0.44405746767588516,0.44823890132639704,0.4440574676837336,Chile
109,0.2229419912812634,0.3176832058617539,0.27780096536768767,0.4577893329170444,0.31797398881849837,0.3223784795531422,0.3179739888251482,Chile
110,0.13412027393817683,0.22868588260325223,0.1821093297270846,0.36888762507578277,0.22897514123801033,0.23414534669297682,0.2289751412436446,Chile
111,0.18582612319140202,0.2798393314491613,0.2351751788672335,0.4201281705915808,0.2800903389516862,0.2859195666696911,0.28009033895646007,Chile
112,0.23143757675238552,0.32512218050818986,0.2825616325682563,0.46624315958695833,0.3253483403040376,0.3305354542771221,0.32534834030808235,Chile
113,0.18184359674080042,0.27584314364280543,0.2364481339661081,0.42327988978709863,0.27610688225177155,0.28081361555938805,0.2761068822551986,Chile
114,0.164203759236822,0.25717125624921955,0.22044490582496323,0.39666326635804366,0.2574727788935399,0.262174707803843,0.25747277889644354,Chile
115,0.14199389659276662,0.23470734075564592,0.2008092404728295,0.3809156796242815,0.23505404968740806,0.23946462698739857,0.23505404968986826,Chile
116,0.1668627677032336,0.25882020097319225,0.2278507081234713,0.40799965238678243,0.2591386753240276,0.26323343260428245,0.2591386753261121,Chile
117,0.24951615033626828,0.3407714746293358,0.31206305706943144,0.4765337671004707,0.3411275800271556,0.3466927010692539,0.34112758002892174,Chile
118,0.3552871273663494,0.446252480773205,0.41818780046353876,0.5706466413307748,0.44664047032086573,0.4534514057173481,0.44664047032236215,Chile
119,0.40874647629988187,0.4989837852826139,0.47118640666243083,0.6242781173087493,0.4993642578850374,0.50500860478232,0.4993642578863053,Chile
120,0.35126306434376,0.44156612455684774,0.4132299179820324,0.5718044978428434,0.4419433793873351,0.4479492935066129,0.44194337938840933,Chile
121,0.38106698972351105,0.4711092206621483,0.4393494120087141,0.5973754697044715,0.47150884901773044,0.4787122915589044,0.4715088490186406,Chile
122,0.5003484016223436,0.5900724066192485,0.5507795582250976,0.7089531893407988,0.5904628681718307,0.6000362456892595,0.5904628681726019,Chile
123,0.47945902785896366,0.569170687506027,0.5289520409989645,0.6897155314391223,0.5695430262343023,0.5783211852479343,0.5695430262349557,Chile
124,0.341330899593962,0.4311166415856114,0.39422313819863697,0.5462678555748236,0.43149080389831446,0.4405504451461096,0.43149080389886807,Chile
125,0.22231782972496045,0.3125170852083903,0.27917339247166106,0.4300880526275346,0.312894240293647,0.32146986246021114,0.31289424029411605,Chile
126,0.190536933536389,0.2805111450790461,0.2481647996124372,0.4070781484848274,0.28087304305110217,0.2897228515933174,0.2808730430514996,Chile
127,0.20533360461265882,0.29532988592881526,0.26096995123222666,0.4324170152413665,0.2956845793568307,0.30477653428927176,0.29568457935716747,Chile
128,0.29547545527898156,0.3855079133892247,0.3522227272021333,0.5281371472190088,0.3858724307542425,0.3939243510685636,0.3858724307545278,Chile
129,0.3663164532065294,0.45561432227077076,0.4234080972422715,0.5971124295495758,0.4559283058695088,0.4620884895879645,0.4559283058697505,Chile
130,0.39040733266341066,0.47977924676136463,0.44702643952283627,0.623259316554826,0.48010891835552255,0.48655764959982917,0.48010891835572733,Chile
131,0.38514241174248665,0.47468683175801524,0.44329445490108077,0.6219295785019531,0.47503478765465784,0.4809819845049174,0.47503478765483137,Chile
132,0.3200060485028503,0.4088149378878316,0.37821514847053717,0.5590235322496214,0.4091498532885512,0.41523151706117223,0.40914985328869824,Chile
133,0.3520061850776089,0.4401429543642165,0.40820250302456035,0.5893389735890164,0.4404855279738216,0.44660669001688175,0.4404855279739462,Chile
134,0.32440201059699886,0.4125366075895965,0.3811298725083952,0.5599458997281523,0.412874202510016,0.4206587209481087,0.4128742025101215,Chile
135,0.21801137892940536,0.30594178162501856,0.27211950491260756,0.4487297882178563,0.30629839932873576,0.314890915645141,0.30629839932882513,Chile
136,0.11022350808301073,0.19796155762017748,0.1615595868181613,0.3414614860444274,0.19832663102317377,0.2074889295771417,0.1983266310232495,Chile
137,0.09981532504996005,0.18795173198604953,0.1474022872195242,0.3325528611265658,0.18832267826430293,0.19763224465610973,0.1883226782643671,Chile
138,0.0972637525932849,0.1858931558643514,0.14571350088280455,0.32050322986411356,0.18623695844074106,0.19651922382053955,0.18623695844079546,Chile
139,0.0887754048961163,0.17739069899816323,0.1388549616102187,0.29208107722354143,0.17774595271334837,0.1871530123710214,0.1777459527133945,Chile
140,0.09252784709254919,0.18017752592490166,0.1440872689304905,0.28317864253439695,0.180568595545826,0.18892555533249566,0.18056859554586507,Chile
141,0.1387246242262914,0.2263144805956313,0.19320756181553767,0.32228679430147245,0.22667349331475983,0.2348957799968875,0.22667349331479297,Chile
142,0.202277697393757,0.29050317047252416,0.26063248219352597,0.38286913168295633,0.29089519048639667,0.29918889187810005,0.29089519048642476,Chile
143,0.2769162806494092,0.3640822102682311,0.33669811790796456,0.46460911127593546,0.3644408763382678,0.37220203909863925,0.36444087633829164,Chile
144,0.29746777618770337,0.38444041463047646,0.3595423205261125,0.492975069744034,0.38477277244133085,0.3911053527747105,0.384772772441351,Chile
145,0.318688414114125,0.40468484892698103,0.3716072715829059,0.5154136453792522,0.40500567342639054,0.41102666946408806,0.4050056734264076,Chile
146,0.41791731875656446,0.5023687908906876,0.45756297836284837,0.6180289507024779,0.5027175049858017,0.5088127736616208,0.5027175049858161,Chile
147,0.5150587271389222,0.5986367468810629,0.5399959226826438,0.7183388858786357,0.5989717448575979,0.6051204871112126,0.5989717448576101,Chile
148,0.44349477313944635,0.5262643405658665,0.46146274069037824,0.651642382372449,0.5266236983653015,0.5339321404292323,0.526623698365312,Chile
149,0.4829834890674332,0.564917263355659,0.5038512839327396,0.6895221541286253,0.5652633941375361,0.5710437760750179,0.5652633941375449,Chile
150,0.4680212052212075,0.5497262782663204,0.49490846987145803,0.6787312554132477,0.5500925591316593,0.5551848632637424,0.5500925591316668,Chile
151,0.3715198682621359,0.45358530638152683,0.40313367406293266,0.5934243904381872,0.4539247252073177,0.45998320195405334,0.45392472520732396,Chile
152,0.35843335977663665,0.4399549819549223,0.390887214670758,0.5810859495681217,0.44030942578684534,0.4463470350460986,0.4403094257868506,Chile
153,0.3496986784379645,0.4309609144493435,0.38627480128514097,0.571073791994163,0.43130099576865305,0.4372382661165641,0.4313009957686575,Chile
154,0.32074494080813615,0.4018248938690026,0.3634993020849213,0.5481524630267426,0.40217303107409463,0.4088448364578171,0.4021730310740984,Chile
155,0.3098105821423907,0.39094487015525015,0.35691784684373795,0.5398147115108216,0.3912978677467376,0.39831095594336396,0.39129786774674075,Chile
156,0.2755261453619823,0.35666161930414414,0.3240750043124223,0.5063877045146519,0.35698851690782607,0.36360293864670284,0.3569885169078288,Chile
157,0.2248331844505499,0.30597272135013726,0.27368775006406393,0.45388437524314684,0.30627444673587284,0.31313288906771325,0.30627444673587517,Chile
158,0.15559561076421702,0.23666224673607023,0.20724425233661536,0.3830365636523108,0.2369426441271536,0.24400784098149286,0.2369426441271556,Chile
159,0.047625020343056934,0.12867903351233045,0.10276437199909066,0.2750101468048542,0.1289772565623022,0.1378775658250727,0.12897725656230385,Chile
160,0.11346947651480999,0.19386849464196243,0.16914459298517548,0.3316218895833991,0.19417172258011262,0.2042615971604842,0.19417172258011406,Chile
161,0.3161642863661529,0.3962859271247249,0.37147434547854996,0.5214914289459489,0.39660817080111954,0.4077608484660281,0.3966081708011209,Chile
162,0.4922334892259436,0.5727081106648947,0.5455678744960181,0.6954196133728221,0.5730452156628559,0.5820867624780695,0.5730452156628572,Chile
163,0.6011059302661914,0.6813761871085722,0.6549626199280216,0.8112927873640374,0.6817180470002763,0.6891082377412965,0.6817180470002773,Chile
164,0.6599818859108436,0.7400292721000268,0.7102550446308797,0.8798766355089235,0.7403339635502173,0.7462675072298505,0.7403339635502182,Chile
165,0.5938005554712497,0.6740167369110902,0.6421283271277276,0.8181500693530803,0.6743001491243917,0.6819531023496084,0.6743001491243925,Chile
166,0.5858542042972601,0.6660101116652921,0.6353270657230726,0.8165297697678902,0.6663330862029102,0.6732238187525579,0.6663330862029109,Chile
167,0.540823051027165,0.621226605277863,0.5936238703482296,0.770095539409513,0.6215782161327764,0.6280029296083706,0.621578216132777,Chile
168,0.49590377394316837,0.5758131084233408,0.5507913754464299,0.727838758403039,0.5761676241065707,0.5817495699873848,0.5761676241065712,Chile
169,0.5498448544606642,0.6293401753918115,0.6064359997307441,0.7826547169026796,0.629666059053448,0.6357285946322169,0.6296660590534484,Chile
170,0.5424608155413981,0.6218747840634826,0.6003738274892901,0.7733323308006,0.6221617376501641,0.6262620673578211,0.6221617376501645,Chile
171,0.4113406580064407,0.491329355188338,0.4721686475687674,0.6210102467717323,0.4916335922284468,0.4986355319774636,0.49163359222844716,Chile
172,0.37232442770084934,0.4524734526970083,0.4310647345823482,0.5631425370763541,0.4528013478653145,0.45908690438270305,0.4528013478653148,Chile
173,0.30967558362766884,0.3892328549870991,0.36659340905222254,0.4845969533043152,0.38957197068668664,0.3960378641964256,0.38957197068668686,Chile
174,0.16401286735902737,0.243093848651123,0.2223289925511418,0.3291192572810927,0.24340825193251192,0.24907443145271002,0.2434082519325121,Chile
175,0.16536288079909178,0.24508210394342345,0.22177420560203087,0.3400856853911435,0.2453570153575615,0.2513664710155119,0.2453570153575616,Chile
176,0.2044076868975478,0.2842391157968823,0.2592645681810103,0.39222615113068615,0.2845257382400538,0.290490306714118,0.2845257382400539,Chile
177,0.22413651883985775,0.3038293381622778,0.2783422584419686,0.4258670151155322,0.30409944576210685,0.3095280270831631,0.30409944576210696,Chile
178,0.285858013273535,0.36615037825702457,0.3421113806143635,0.4799590174685393,0.3664563040041649,0.372014798935309,0.36645630400416496,Chile
179,0.3268741373064242,0.40770633515977645,0.3824941955698592,0.5299224789815854,0.4079932227550223,0.41420875475795194,0.4079932227550223,Chile
180,0.4054328760338426,0.48674194074066063,0.46204726666131496,0.6067409666692389,0.4870411907624934,0.4946018000687955,0.4870411907624934,Chile
181,0.4716833067793015,0.5530838954584705,0.5278859999295157,0.6703521545788688,0.5533957840523264,0.5604334806429938,0.5533957840523264,Chile
182,0.4948984412601454,0.5764419205981675,0.538441301899881,0.6927056302839807,0.5767637254903948,0.5830095661485517,0.5767637254903948,Chile
183,0.5531519825804427,0.6343191460156454,0.5831621432380321,0.7551624476080792,0.6346197163928644,0.6415540549188693,0.6346197163928644,Chile
184,0.48671146402017074,0.5685278938730447,0.5159465951516599,0.6838202966438616,0.5688468374874595,0.580780124818237,0.5688468374874595,Chile
185,0.4659707739317038,0.547155161874466,0.4930893892592781,0.6645917094778349,0.5475160551985156,0.5591622572302619,0.5475160551985156,Chile
186,0.5350036058482058,0.6151461957799516,0.5529933528026532,0.7388042859313888,0.6154932686809972,0.6247702787612541,0.6154932686809972,Chile
187,0.597203888785901,0.6764748947143754,0.6115105358504239,0.8082992773337832,0.6768457033417182,0.6868538582523134,0.6768457033417182,Chile
188,0.6781132110878954,0.7567704202750739,0.691812706907979,0.8985240054162755,0.7571155884409198,0.765278503586667,0.7571155884409198,Chile
189,0.6538130558600991,0.731976858558159,0.6716901075590436,0.879529611670811,0.7323407329495655,0.7388523994718347,0.7323407329495655,Chile
190,0.6208875905857436,0.6987258043297863,0.645355230868671,0.8508250388633629,0.6990918069143177,0.7050713124105231,0.6990918069143177,Chile
191,0.6244399595610547,0.7012761577845591,0.6522020426595186,0.8540744820979731,0.7016564427316584,0.7079249857696793,0.7016564427316584,Chile
192,0.650319561737004,0.7264380049342665,0.6802512511339595,0.8815586644953248,0.7268213455667627,0.7340837331234555,0.7268213455667627,Chile
193,0.7046081960641889,0.7799926780298082,0.7336237099834929,0.9357620795966111,0.7803577185752154,0.7862847209509771,0.7803577185752154,Chile
194,0.6539036553784802,0.7287692023745432,0.6795891341324161,0.8802894625720992,0.7291580924271451,0.7342265814808854,0.7291580924271451,Chile
195,0.5058963971440229,0.5798435573932815,0.5319590127117322,0.7301821904916019,0.5802343303820022,0.5868595481245149,0.5802343303820022,Chile
196,0.38132147397324345,0.4545504695623149,0.41054942658587773,0.6023801670842226,0.4548994550242607,0.4624593880421454,0.4548994550242607,Chile
197,0.27796025395020585,0.35067573910739525,0.3103216009854014,0.49733342240797085,0.3510460743479374,0.3585462034406274,0.3510460743479374,Chile
198,0.30667744752012793,0.3795701052312783,0.34284748754827743,0.5271593305317004,0.3799551489370475,0.3872226365401154,0.3799551489370475,Chile
199,0.41067376189723226,0.48271718682004255,0.44609387129729355,0.6327656627178471,0.4831073730101498,0.4903048072584817,0.4831073730101498,Chile
200,0.5000589306271858,0.5712294466300355,0.5312040458301981,0.7274908598528743,0.5716096013149238,0.5786232126922004,0.5716096013149238,Chile
201,0.5437488085683713,0.6150837953517156,0.5763444523684678,0.778124762964142,0.6154850072346374,0.6211188334655772,0.6154850072346374,Chile
202,0.552997280334766,0.6232003626073489,0.5861259459115136,0.7899411877008448,0.6236277964525002,0.6288756689741233,0.6236277964525002,Chile
203,0.5605113987951975,0.6308172045697841,0.5965375708880519,0.796522406989806,0.63123035876361,0.6377901066722738,0.63123035876361,Chile
204,0.5497031982833193,0.6202262472632672,0.5894952485202802,0.7794522692644629,0.6206190340817104,0.6273628019812989,0.6206190340817104,Chile
205,0.511399517495541,0.5816317255963093,0.5540549579804332,0.7319185193736012,0.5820484452288892,0.5891600271645627,0.5820484452288892,Chile
206,0.5076727793678009,0.577643231159648,0.5414831824162358,0.7216370478833594,0.5780431956406398,0.5858315020207248,0.5780431956406398,Chile
207,0.5855353684698749,0.6552810188695355,0.5990324498968885,0.7828867061091462,0.6556969632110455,0.6654646443057547,0.6556969632110455,Chile
208,0.5495833703488258,0.6199258612948911,0.5600220563124418,0.7373605119605661,0.620353567272864,0.6313390817431679,0.620353567272864,Chile
209,0.4305358430507413,0.500380410942779,0.44764899578269696,0.6050553216016007,0.5008023589752191,0.5119727798104923,0.5008023589752191,Chile
210,0.3623820215465219,0.43241791108312483,0.3815761763316237,0.5338159351063424,0.4328379150603924,0.4424861634148728,0.4328379150603924,Chile
211,0.328723704185474,0.39844721994929444,0.3493286124258344,0.4948424364451519,0.39889216016916246,0.4090608693927531,0.39889216016916246,Chile
212,0.30382542609944513,0.37311887512922914,0.32871586976385136,0.46119156934519406,0.3735851104951704,0.38239390428272546,0.3735851104951704,Chile
0,0.7647538217492417,0.7647538217492417,0.7647538217492417,0.7647538217492417,0.7476654777803365,0.7647538217492417,0.7647538217492417,Iran
1,0.7895636967716573,0.7147890068290275,0.7137772519334331,0.723110409387792,0.7042825023126743,0.7175476365152854,0.717783781713637,Iran
2,0.8062911159122546,0.6791374419301865,0.679201837421412,0.6960613798914536,0.6731762573048494,0.6838996451030515,0.6838434434168889,Iran
3,0.8213110389708665,0.6434462290737275,0.6443013896840794,0.6721502786300981,0.6405809067231758,0.6489440230695659,0.6490089124083833,Iran
4,0.8225945323381156,0.610363566147732,0.6142113045915806,0.646041211947645,0.6117999691886341,0.6184326819848903,0.6184588273995845,Iran
5,0.8057518449120611,0.567662962791814,0.5729594952801618,0.6075603264992945,0.5719593420744523,0.5774869952227266,0.5772204197634915,Iran
6,0.7828911888933942,0.5340886647868164,0.5383153643713849,0.5777504994828213,0.5392396701487032,0.5440868440325316,0.5433963795383984,Iran
7,0.8058671395885852,0.5461363401173742,0.5500057864005222,0.5936259075631777,0.5536705619244979,0.5575953034435712,0.5569547242143604,Iran
8,0.8378477145395907,0.5692668397606386,0.5643532868588447,0.6086648349840414,0.5758774842062326,0.5794391320047296,0.5784722583256103,Iran
9,0.8558331843818511,0.5841012218871602,0.574299431493415,0.6204834575993922,0.5929411200508856,0.5959563280113493,0.5949912174992897,Iran
10,0.8938699997378745,0.6149805596204418,0.603404285074851,0.6488043628326324,0.6257161379769427,0.6284395636848021,0.6273358934371833,Iran
11,0.947384388721102,0.6719668802863232,0.6572261825512254,0.7003911799431133,0.6811178733384224,0.6830122596936372,0.6823976211635912,Iran
12,0.9644332519388127,0.6883460829125478,0.6745205444136229,0.7166588904697263,0.6989023264490386,0.700308293114642,0.6999134386423452,Iran
13,0.955833764496944,0.6879529029032265,0.6747656048504723,0.7150202778453683,0.6969286434869926,0.6977032313344256,0.6977275101444285,Iran
14,0.9286136321239303,0.6536873375536018,0.6417705849037492,0.6967207553926079,0.6620986465727384,0.6623338649015292,0.6627298207793076,Iran
15,0.9135486659556669,0.6443769938776586,0.6354926410852462,0.6971306150955703,0.6546216298808005,0.6547948663993781,0.6551203124523286,Iran
16,0.9001818546362014,0.6437994945077385,0.6384059146082278,0.7011031305063048,0.6555613178198872,0.6555910282675607,0.6559553204653654,Iran
17,0.873802400675113,0.6168455091855912,0.612880887135607,0.6709371189033136,0.6283959949067442,0.6283933070947981,0.6287072912974886,Iran
18,0.8465557123905002,0.6067042736101839,0.6033007417669467,0.6593964569270736,0.6186622750121746,0.6189162795959481,0.618908226261494,Iran
19,0.8569408972357557,0.6185593699398759,0.6149266363690674,0.6689557912552666,0.6315505587191234,0.6321673424932379,0.6317448816179436,Iran
20,0.9229817792554764,0.7138232534848172,0.7118651166061488,0.7592819611499195,0.7275254947226406,0.7280861101896844,0.7276790267299406,Iran
21,0.927317341417828,0.7338551584173797,0.7335140257647126,0.7781437734219905,0.747200206925215,0.7475946078878293,0.7473215105770679,Iran
22,0.8812742442692231,0.6882130988217173,0.6872299901279292,0.7379326116840871,0.7004315467886486,0.7004069846202148,0.7005273872339839,Iran
23,0.8888052098584137,0.6906994843055647,0.6873522978703789,0.7372127216143516,0.7021002080790797,0.7026148481638108,0.7021759303745074,Iran
24,0.9091740033068378,0.7151721177894128,0.7099482191469051,0.7562794541496518,0.7253930513073723,0.7267761739265326,0.7254528785129408,Iran
25,0.9135788480793827,0.7268634881075463,0.7210447117990494,0.7667815040571427,0.7366416182854214,0.7376379147512517,0.736688886986217,Iran
26,0.9126313986205962,0.7347409426526453,0.7308914244052466,0.7875719538844171,0.7456347734845904,0.7463793066389662,0.7456721198733057,Iran
27,0.9108818678983439,0.7603985063669765,0.755900001336041,0.8118900451749074,0.7698730591223966,0.7702013429137734,0.7699025660207583,Iran
28,0.8999124096422915,0.7629150710073265,0.759978126830477,0.8140883301965023,0.7741471918478886,0.774621523384855,0.7741705048663861,Iran
29,0.8704491773249288,0.7450074199287917,0.7425112425165596,0.7929130326922375,0.7559721454189695,0.7564787429900731,0.7559905647331514,Iran
30,0.8760815967313252,0.7390815810167737,0.737683248016162,0.7833856724832133,0.7508781850122124,0.7516032035788984,0.7508927378739523,Iran
31,0.938901724593779,0.8038029604880769,0.8032586880737147,0.8435808894770419,0.8158016317577256,0.8163768895197547,0.8158131297854333,Iran
32,0.9936842817522474,0.8840357808334913,0.880924697444552,0.9171173854862957,0.8941577574871555,0.8945732190565917,0.8941668419300322,Iran
33,1.0189832141168425,0.9097013940175217,0.8995687771316546,0.9366053638959445,0.9184368318903481,0.9187130135856417,0.9184440093910878,Iran
34,1.0349924319026291,0.9385934508082593,0.9238484714876705,0.9607679998327702,0.9457295219523972,0.9456631772512054,0.9457351928028356,Iran
35,1.0027195771500117,0.9169944832445255,0.9050028662209674,0.9411150234369204,0.9246383267666757,0.9244807395873718,0.9246428072322112,Iran
36,0.9955266937054688,0.9018539813286216,0.8926793657092872,0.9272685623185578,0.9111683667605136,0.911104036157725,0.911171906718344,Iran
37,0.9880293822467263,0.8843382998868475,0.8742598832850405,0.9095547748343519,0.8926669939266546,0.8926277322273235,0.8926697908015201,Iran
38,0.9570840099455243,0.845886318629283,0.8384185153975721,0.882269737804411,0.8552941893146816,0.8552225615774041,0.8552963990893138,Iran
39,0.9486863971628203,0.8534609281364537,0.8500452126671509,0.895793613128823,0.8644856870486696,0.8643800331165299,0.864487432963006,Iran
40,0.9434063313400692,0.8577727418426366,0.8571442529074608,0.9052180419468641,0.8700802375820595,0.8699700726727535,0.8700816170063801,Iran
41,0.9190908669877035,0.8364857936761481,0.8383164466560823,0.8844104973920908,0.84982319854661,0.8494089313304513,0.8498242884119123,Iran
42,0.8853315052938375,0.7961311984193103,0.7971782772533716,0.8432636432861692,0.8102034095298551,0.8103202906565722,0.8102042706183247,Iran
43,0.8527858149185805,0.7741092900012809,0.774070249964885,0.8204555651577679,0.7888946104944742,0.7894344487679469,0.7888952908293291,Iran
44,0.8504406851541079,0.7812735890711568,0.7776072997958441,0.8296807950561902,0.7939164470357287,0.7949507892941706,0.7939169845594922,Iran
45,0.91171341320948,0.8549339827381353,0.8458791873848737,0.8946764561605038,0.8655431881404647,0.8661603918623654,0.8655436128310332,Iran
46,0.9062394728882872,0.8590047309159752,0.8499626386701721,0.9040412369344681,0.8690053975741987,0.869089230386006,0.8690057331167202,Iran
47,0.90138810426342,0.8424730533073778,0.829976756378777,0.8864296403562351,0.8538360699884504,0.8536566976091398,0.8538363350962539,Iran
48,0.8752606996041876,0.7962793074173747,0.7826895953907509,0.8455608671663425,0.808222908697573,0.8090001219813662,0.8082231181558174,Iran
49,0.8285554694945305,0.7551566533369155,0.7451404519459716,0.8201858933384806,0.7672784199618384,0.7681594046500686,0.7672785854520864,Iran
50,0.8241119175692618,0.7393137509562764,0.7319790496581999,0.8058883835155923,0.7522747941718606,0.7531387935075667,0.7522749249235636,Iran
51,0.826021983614764,0.7427433734983695,0.7388568816772055,0.8063023640337422,0.7564195752778445,0.7574708429635518,0.7564196785830728,Iran
52,0.8380150174417851,0.7634481693438054,0.7614208175868021,0.8252202231261877,0.7777340090833863,0.7790332492999467,0.7777340907035101,Iran
53,0.8614094278343503,0.7871307750158291,0.7842646682218876,0.8471149689815126,0.8001817783694717,0.8015419070074438,0.8001818428564752,Iran
54,0.8698530643491278,0.7763120242038674,0.7714961036312811,0.839045264953892,0.7889880346670292,0.7898278604294838,0.788988085617376,Iran
55,0.8914699014459954,0.8036870476281193,0.7999101114804215,0.8700841625698619,0.8170013953585136,0.8171012179761477,0.8170014356137232,Iran
56,0.8928041662010757,0.7901820712089497,0.7862004448200614,0.8435513867598797,0.8007221290203098,0.8011124042336495,0.8007221608254299,Iran
57,0.8826950363694888,0.8010332206692439,0.7920279215223986,0.8441757129675107,0.8099422105807765,0.8110894212548329,0.8099422357095902,Iran
58,0.9414077431583904,0.8453057970976957,0.8373822794343095,0.8840602209134684,0.8559702891488873,0.8567879630277538,0.8559703090028378,Iran
59,0.989858625712838,0.8967566144332746,0.8868203348831176,0.9303379787460826,0.9057328819177337,0.9062304579593412,0.905732897604083,Iran
60,0.9864030500077702,0.8976399794116801,0.8890664343968304,0.9343759397147513,0.9078471397954784,0.9082172478853332,0.9078471521890601,Iran
61,0.9687726965487695,0.8738144844676053,0.8693087300560838,0.9299938281846699,0.8855505031228087,0.8855255341916648,0.8855505129148172,Iran
62,0.9657419688357184,0.8842642189876881,0.8825489645242061,0.9540117608166985,0.896966878714637,0.8968154926291476,0.8969668864511762,Iran
63,0.9502360689205481,0.8653250745801285,0.8632807701686136,0.9402224652927195,0.8770083090184112,0.876690887622334,0.8770083151309508,Iran
64,0.9238744633056164,0.8231777301226908,0.822404936726042,0.9014458436737646,0.8357950358402874,0.835434430599802,0.8357950406697258,Iran
65,0.8794661390109852,0.7559636772078576,0.7574034679014368,0.834094622661716,0.7690745084788807,0.7684993866264391,0.7690745122945576,Iran
66,0.8270925356518655,0.708826475181868,0.7104500042934779,0.7804378949594195,0.7202285077470625,0.7198597098010064,0.7202285107617794,Iran
67,0.8039499655976444,0.6929559666156183,0.6921687729819019,0.757203679752883,0.7036509411382722,0.7040998754052222,0.703650943520161,Iran
68,0.8293910828605185,0.7153690471014899,0.7109895098380454,0.7680447064793937,0.7252120460157726,0.7256957199765988,0.7252120478976721,Iran
69,0.8144160484351014,0.6827719208036306,0.6766172077142958,0.7243902775142126,0.6905487468510769,0.6918848894311168,0.6905487483379413,Iran
70,0.7593698121057013,0.6171262402743333,0.6122061757326634,0.6515742989084873,0.6237249576361813,0.6253151504241597,0.6237249588109336,Iran
71,0.7297835035671904,0.5863008417414929,0.5820919924597335,0.6161347311064577,0.5916335594750516,0.5929615849524127,0.5916335604032081,Iran
72,0.7169705583273888,0.5595352694488409,0.5563582966578172,0.5874733394354588,0.5647521264951008,0.5658480651693714,0.5647521272284253,Iran
73,0.7274947121302404,0.5607162986981918,0.5597412343666025,0.5872727829441104,0.567938840484526,0.5691501075814667,0.5679388410639162,Iran
74,0.7544768866749271,0.5723591847547007,0.5728738695494341,0.5991117886352841,0.5815680182662946,0.5827550406940628,0.5815680187240633,Iran
75,0.7776282218311094,0.5931430908055731,0.5949765265585906,0.6197261778348712,0.6039918381957328,0.6050803330949823,0.6039918385574099,Iran
76,0.8064910405388342,0.6147925270037428,0.6181250083874706,0.6426648353786989,0.6269908101661034,0.6281652847117591,0.6269908104518599,Iran
77,0.8456460406436541,0.6459263011762462,0.6500424067187628,0.6753825718038298,0.6592461266978709,0.6612994366213727,0.6592461269236435,Iran
78,0.8453489759939964,0.6483590617453507,0.6525604426264268,0.6809021959308817,0.6625646479964092,0.6643789184546943,0.6625646481747892,Iran
79,0.789807444651115,0.5840630237306382,0.5882647215559185,0.6235972771673916,0.5977904954639693,0.599629234426965,0.5977904956049052,Iran
80,0.7268099013942212,0.5095340720124555,0.5145373807937317,0.5564829715493792,0.5237204874338022,0.5256438893870273,0.5237204875451538,Iran
81,0.6863205658635223,0.4616085023988534,0.4636645615124419,0.5121045238737415,0.475238518846287,0.47706487917148827,0.47523851893426444,Iran
82,0.6784087135514969,0.44934042218198217,0.43994785880734594,0.4992665519855086,0.4617673686553593,0.4634495059411221,0.4617673687248691,Iran
83,0.7227933565318835,0.4926802613702561,0.4782297742166765,0.5484750667552998,0.5055375726000184,0.5069747522788004,0.5055375726549372,Iran
84,0.7327506429097994,0.4979603323877363,0.4825870851389206,0.5453951464128596,0.5082091961691092,0.5095637665119427,0.5082091962124998,Iran
85,0.7542753630880012,0.5085883279904274,0.4980190152787381,0.5587870960667232,0.5201997181918071,0.5218960599351352,0.5201997182260895,Iran
86,0.7646329970693801,0.5160925087331019,0.5074242807739425,0.5610710251691631,0.5260468178215124,0.5277006732178386,0.5260468178485985,Iran
87,0.7898275849423553,0.5316152220954339,0.5274674110382727,0.5739024632052093,0.5431442225621533,0.5449050039591804,0.5431442225835538,Iran
88,0.8341709647293586,0.5651971456505985,0.5640741484883937,0.6076715083437744,0.5780678105425336,0.5802408687592981,0.5780678105594418,Iran
89,0.8319358380439236,0.5486757129446204,0.547014752753787,0.5925648947109315,0.5600788696823172,0.5619967171653243,0.5600788696956761,Iran
90,0.8360427377648373,0.5468471372532376,0.5442320097300766,0.5928318583165395,0.5577835091461593,0.559675928990225,0.5577835091567139,Iran
91,0.893837214194683,0.5969565016313803,0.5918937645801133,0.6431584545769609,0.6090084865027771,0.6103886172668846,0.6090084865111162,Iran
92,0.8691814774929966,0.5669455972354458,0.5627682435736564,0.61562989418694,0.5799178516634621,0.5809253291972858,0.5799178516700507,Iran
93,0.8429853518396295,0.5466202142104138,0.537934203257599,0.5865523274919195,0.5570179728701774,0.5588167947185224,0.5570179728753829,Iran
94,0.803630231771138,0.5014886379527544,0.4920568068627263,0.5363672925335831,0.5112002381446799,0.5133476052573908,0.5112002381487927,Iran
95,0.7722543637030481,0.46439916628985184,0.446421085256999,0.4946102196488426,0.4724516077198789,0.4744488397417264,0.4724516077231284,Iran
96,0.7758794757870676,0.451652643670275,0.4333496715271874,0.4817446523039245,0.46118465905021444,0.4631001117573992,0.46118465905278183,Iran
97,0.7987979138363557,0.4679846448745894,0.4551321245333576,0.500001730475987,0.479137275120289,0.4802404016319092,0.47913727512231746,Iran
98,0.7972359327424011,0.4596708401551523,0.45076430603017087,0.5076115612288137,0.4713851281918471,0.47268878433048905,0.4713851281934498,Iran
99,0.8058737539363561,0.46370611409441237,0.45839114896931865,0.5225740979135938,0.4758877575305157,0.47703701351316813,0.475887757531782,Iran
100,0.7963767002953955,0.45277520151358924,0.4495977594958411,0.5210994403841711,0.4653902764848614,0.46647073993263977,0.4653902764858619,Iran
101,0.7672055103986288,0.41291268752941424,0.41151195539271623,0.4890154050425081,0.42636172520494464,0.4274418303596612,0.4263617252057351,Iran
102,0.7328074354972204,0.3726480498622229,0.3722844997454442,0.45015610083032853,0.3849310547085687,0.38624372612917063,0.3849310547091932,Iran
103,0.6862422199670667,0.3189120606783785,0.3211198604093013,0.398086921418482,0.3312983203129405,0.3324928150843023,0.331298320313434,Iran
104,0.6978062687377021,0.33188979941397295,0.32915395100658296,0.39995168609420617,0.34256746027325513,0.3439303938290398,0.34256746027364504,Iran
105,0.7663533251145773,0.3896807347816203,0.383665526490229,0.4477620283622729,0.4018145763770965,0.4030310905190441,0.4018145763774046,Iran
106,0.7811620569434353,0.40611722254669624,0.3957949155006044,0.45369053415300953,0.4168313262947513,0.4180518158300161,0.4168313262949947,Iran
107,0.7807555415875622,0.40114696677216644,0.38818597862264403,0.4414134868575842,0.4105445389125877,0.4124846122498936,0.41054453891278003,Iran
108,0.7991414301170036,0.4093539762561274,0.39785429573504016,0.4462292455755185,0.4197510323010482,0.42157988188381945,0.41975103230120014,Iran
109,0.8140670323786252,0.42210188047496977,0.41363402342057026,0.470645880144833,0.4334687376936406,0.4353745195243389,0.4334687376937606,Iran
110,0.8025241414890537,0.4081517235392482,0.4027242551373159,0.47082358074336467,0.42021592506802247,0.42310942288646924,0.4202159250681173,Iran
111,0.8181419256768225,0.4175863690459058,0.4155539721594929,0.4878116439112846,0.4307048319568891,0.4331297242584852,0.430704831956964,Iran
112,0.8454365896528877,0.44069863493147876,0.44017401920021465,0.5127045483380595,0.45470281441372223,0.4567256038475217,0.45470281441378146,Iran
113,0.866282760196301,0.459982154226421,0.45845177049975133,0.5358281545380629,0.4744554756631495,0.4763516064023882,0.4744554756631963,Iran
114,0.903733039984521,0.4939739876634965,0.49097056996256766,0.5681192970434493,0.5065083195916722,0.5080198377785338,0.5065083195917092,Iran
115,0.895188505660461,0.48467662734998146,0.4823450851710301,0.5451709548385615,0.49521049715860394,0.4962215209128955,0.49521049715863313,Iran
116,0.8186271565808361,0.4025893630542823,0.40054116581145016,0.46335875864597936,0.41231813148612984,0.4135804363386385,0.41231813148615293,Iran
117,0.7615388115920232,0.3390526348081077,0.33835275194020004,0.40129830768027286,0.35022773222759235,0.35226585417215295,0.3502277322276106,Iran
118,0.7634292287041797,0.33773721290105235,0.33454641562034015,0.4011492733455395,0.35005503613430416,0.3527061211221471,0.3500550361343186,Iran
119,0.7659314169294014,0.335758391197339,0.3291719837474921,0.3867158803903591,0.3456381389454098,0.34793520869358574,0.3456381389454212,Iran
120,0.7438545627145294,0.314506701115562,0.3060477508007959,0.35536824164663244,0.3226280732157673,0.32485776799910504,0.32262807321577636,Iran
121,0.73755902456794,0.3025756928701572,0.295353646250262,0.3427329842493624,0.312572904516641,0.3148365799800512,0.3125729045166481,Iran
122,0.7496465407592312,0.3084017520836487,0.30317792942545296,0.36178467573088574,0.31942325110831943,0.32202000897515737,0.3194232511083251,Iran
123,0.7633943830202389,0.32178449049400126,0.3167042039501599,0.38536045840793937,0.3320555856646226,0.3344141974540929,0.33205558566462706,Iran
124,0.7665025529602957,0.3192108088255842,0.31583773407482146,0.39214779842207126,0.3305045171386333,0.3326737060721046,0.3305045171386368,Iran
125,0.7759445349907536,0.32063098837992493,0.3198667371275319,0.39891356491556856,0.33324298294710475,0.3353316880769162,0.33324298294710747,Iran
126,0.7821875990048,0.32692268148744263,0.32308550184090773,0.4066009011661722,0.33947873192828243,0.3415529287301152,0.3394787319282846,Iran
127,0.8150530695552336,0.3554413484228548,0.34895834952164156,0.4349008635594075,0.36856053269971123,0.37048178077703564,0.3685605326997129,Iran
128,0.8626138333255415,0.3974150089214517,0.3901126872066108,0.47848194971752694,0.41086513378870576,0.41235746172535426,0.4108651337887071,Iran
129,0.8673293527013457,0.39669395770590643,0.3820352501051609,0.4649393188695118,0.4106722490055634,0.41173128168219975,0.4106722490055644,Iran
130,0.8292361577326273,0.35817761693592853,0.3432804148421229,0.41655083022668865,0.3724788777049488,0.3731421201714243,0.37247887770494964,Iran
131,0.7728203975957122,0.30167450879904956,0.2908912464443846,0.35112834620956845,0.31447281343826766,0.3156265291251524,0.31447281343826833,Iran
132,0.7327098999383589,0.2567839896809426,0.24645869510229473,0.3018438565943952,0.27008352485780535,0.27144805132292904,0.27008352485780585,Iran
133,0.7299061055620457,0.24957211660440956,0.2399525450000081,0.29578279185098244,0.26314353509889854,0.2645376824499597,0.26314353509889893,Iran
134,0.7445385573854878,0.26120606802043095,0.2521232201549201,0.30939656658534703,0.2729968763774979,0.2743782095713939,0.2729968763774982,Iran
135,0.738107932199044,0.2494055513059389,0.2440705493010802,0.3064161711745877,0.2620347597508027,0.26366305691439507,0.2620347597508029,Iran
136,0.7550556034031423,0.26322016336006643,0.2608807509612402,0.3303807754779451,0.2769133143240603,0.2786717314071776,0.27691331432406047,Iran
137,0.7628452613036674,0.2680931135432887,0.2642656138423861,0.341336196053193,0.2800458777414917,0.2817510934818411,0.28004587774149187,Iran
138,0.7532083800122752,0.2531951099363695,0.25050547661720013,0.3310994746381481,0.2659739083210214,0.2677237523802813,0.2659739083210215,Iran
139,0.7721860364120915,0.2718760102807671,0.2673453810309846,0.34834456048042206,0.2829586150984386,0.28450164838831005,0.2829586150984387,Iran
140,0.7873081612425918,0.27975072764065323,0.2688268257697255,0.358846326436841,0.29197266790692533,0.2935727232017999,0.2919726679069254,Iran
141,0.8054858186085412,0.29587213675427165,0.2722845969758261,0.3615123019057308,0.3068355727295529,0.3094770586100694,0.3068355727295529,Iran
142,0.7898027888010365,0.2782276004295173,0.25519636269571233,0.33305287571397174,0.2892891778925743,0.2920384146139168,0.2892891778925743,Iran
143,0.7718266193950125,0.25759340728182334,0.23573583102805112,0.31418410854371975,0.2668184756807203,0.2692268592223611,0.2668184756807203,Iran
144,0.7499383879682783,0.23419362841403643,0.21483806634160793,0.2982315241880591,0.24289032816185832,0.24493827853891406,0.24289032816185832,Iran
145,0.7358239261176747,0.21403497229436858,0.19619161892500403,0.2822733261736059,0.2241418427958649,0.22611904892328094,0.2241418427958649,Iran
146,0.7498084051402889,0.22188337328117075,0.20829687586174045,0.293822538976589,0.2337094617623841,0.23555479393344692,0.2337094617623841,Iran
147,0.7742467820917146,0.24306666261021184,0.23366838342864327,0.3124161448712728,0.2561692908559545,0.2579011766663442,0.2561692908559545,Iran
148,0.7761933935093608,0.23971670282277502,0.23406141552536258,0.30939906146018453,0.2535303650058405,0.25584911588891623,0.2535303650058405,Iran
149,0.7770208219698889,0.23703757618527965,0.2343539369359646,0.306890911810367,0.2514903978734685,0.25387621610788225,0.2514903978734685,Iran
150,0.8101768794496877,0.26568225592884814,0.26270781695150525,0.33529549921920265,0.2801142290473572,0.28283805046876825,0.2801142290473572,Iran
151,0.8414155046658831,0.29237381991839906,0.2864331595072278,0.36447995710707015,0.30474968870541247,0.3066768209765519,0.30474968870541247,Iran
152,0.8244401063825457,0.2757535472421641,0.26976204180597824,0.3458346127575956,0.28633510504342086,0.28742893053775054,0.28633510504342086,Iran
153,0.7592929862274067,0.20723510403725684,0.20373514778672153,0.2685737548221832,0.21853974704103,0.21989572027914892,0.21853974704103,Iran
154,0.7428520835422886,0.1887820243999064,0.18128536724611485,0.239889856217554,0.1992509278548356,0.2009042056292752,0.1992509278548356,Iran
155,0.7677255560815919,0.2112648874572409,0.20014680554913794,0.25570511104568244,0.22111872037305194,0.22320274918979632,0.22111872037305194,Iran
156,0.7277339174064064,0.1677839210728716,0.15757728476787136,0.20683202740104534,0.1768633876816371,0.17930564245390132,0.1768633876816371,Iran
157,0.6752358663554742,0.11243748017983984,0.10481664533581839,0.15134924987590223,0.1209966471720848,0.12408367238157007,0.1209966471720848,Iran
158,0.6491555737151646,0.08297334451120583,0.07595952962701175,0.12177739639879767,0.09112142951050639,0.09471787949738625,0.09112142951050639,Iran
159,0.6708759568178108,0.10005466184578529,0.09530213059240283,0.1382344163282731,0.10908791341708393,0.11208322942076775,0.10908791341708393,Iran
160,0.7238509378833431,0.14801779630183295,0.14538501843059626,0.1835642157516046,0.1575858312068122,0.1605268255617316,0.1575858312068122,Iran
161,0.7666905276899741,0.18657492844134552,0.18599109416592283,0.22733037770452214,0.19764372931764443,0.20057767001035945,0.19764372931764443,Iran
162,0.8006859874017332,0.21378792646268768,0.21528538583440293,0.2620054041022221,0.22641909821011305,0.22895767247395493,0.22641909821011305,Iran
163,0.8371406178382135,0.24912127701216874,0.2506156132429198,0.3035216479978912,0.2602605585586914,0.2623937809493309,0.2602605585586914,Iran
164,0.8746479536015983,0.2792182921739539,0.27824364437522925,0.3407110631390248,0.2911697941375805,0.29280748697572717,0.2911697941375805,Iran
165,0.8913391508533715,0.29254616645786424,0.28675142271324766,0.3567605330158272,0.30415907393712927,0.305209518758953,0.30415907393712927,Iran
166,0.9118213142262384,0.3137320235538441,0.29703016665525583,0.37054320699704396,0.3239831344034324,0.32443049370908805,0.3239831344034324,Iran
167,0.8672886916660305,0.2674529570554097,0.24939602815020948,0.3156111484648977,0.2774193971478755,0.2775707759476215,0.2774193971478755,Iran
168,0.8321563342023801,0.22807601710801906,0.21009567994974576,0.2694431259126733,0.23765997003851635,0.23802741355808776,0.23765997003851635,Iran
169,0.8285354462732312,0.2213973962402113,0.20220221093623109,0.259343791980445,0.23189445037543244,0.2325831086847588,0.23189445037543244,Iran
170,0.8296751897132908,0.21786276249478775,0.1961376449448325,0.25427600664834776,0.22907301388005327,0.22951423763142773,0.22907301388005327,Iran
171,0.8428271707952467,0.22518345937210593,0.20585520605223986,0.27363683862040833,0.23682858380355354,0.23689951369179701,0.23682858380355354,Iran
172,0.8578273912567466,0.2348521826979654,0.2207515854111413,0.2964851805747661,0.24680959159950688,0.24683414111904725,0.24680959159950688,Iran
173,0.8447499601524088,0.2181572743152201,0.2097262241574952,0.28980600125359424,0.23127770163664,0.23122315516358938,0.23127770163664,Iran
174,0.8410976723789947,0.21268032033754364,0.2079959342143268,0.2920319904350546,0.2264417557396058,0.2265384478448904,0.2264417557396058,Iran
175,0.8314072802173818,0.1994666017500611,0.1974318355832066,0.2829334874420969,0.2135311778043554,0.21359750665173122,0.2135311778043554,Iran
176,0.7776271669097923,0.15472698609388347,0.15351415962719422,0.23591512929644265,0.16817255444716633,0.16899677130888768,0.16817255444716633,Iran
177,0.7657264583888852,0.14864434604143492,0.14752527044009253,0.22736590487855157,0.16279108998154518,0.1635662553212029,0.16279108998154518,Iran
178,0.7625797636870677,0.14572960998106,0.14242637601296215,0.21904808207427354,0.15848055448308146,0.15991731741387516,0.15848055448308146,Iran
179,0.7433204616564543,0.1477576237330336,0.14648266726244993,0.2170033917298509,0.16099797591414813,0.16244494731203465,0.16099797591414813,Iran
180,0.7881233083672192,0.2176077916270892,0.21527446752199797,0.27333471539740534,0.22861781457106148,0.23035773210821123,0.22861781457106148,Iran
181,0.7872511756350304,0.23134557082540635,0.22883654609945075,0.27903885503443404,0.24142146358065703,0.24262465894740493,0.24142146358065703,Iran
182,0.7503860879139228,0.21547044011052563,0.21424420957570156,0.2606723265372189,0.22649897630511534,0.22741238129329705,0.22649897630511534,Iran
183,0.7031830815784467,0.18679489745570443,0.18617247438307927,0.2414428810571373,0.19699859669892716,0.19836281448888227,0.19699859669892716,Iran
184,0.6801573638775595,0.17716173685163428,0.17878706076981804,0.24391770997993845,0.18831159283840543,0.18961415484694905,0.18831159283840543,Iran
185,0.6401635984250715,0.15677511975359876,0.1606550743210069,0.2327949660598353,0.16918815589612618,0.17003953249124495,0.16918815589612618,Iran
186,0.5985100720230194,0.13215898524338296,0.13670992546362232,0.21500572993601336,0.1455284148936627,0.14614121615564468,0.1455284148936627,Iran
187,0.5564044823412568,0.10636412881774171,0.11136996958534622,0.19265748379733844,0.12059438145282499,0.12110698233023037,0.12059438145282499,Iran
188,0.5036650494689145,0.0691984352933844,0.07542867918928385,0.1580155034561444,0.08411386084698616,0.08491297589553842,0.08411386084698616,Iran
189,0.445762841295355,0.02050490679516468,0.02608000235822136,0.10320297329120585,0.03404521842733364,0.03524504380376787,0.03404521842733364,Iran
190,0.3881740623120245,-0.026571107194472934,-0.02225163917875258,0.043066911821786,-0.014364108970972608,-0.013063336989506166,-0.014364108970972608,Iran
191,0.3851482529366863,-0.014994493947414584,-0.01420779886389614,0.04324003585605627,-0.0037646466872308677,-0.002354468134472338,-0.0037646466872308677,Iran
192,0.3584207444921196,-0.028245645258619737,-0.029610194910757164,0.02073527766582882,-0.01888114753927765,-0.017054522084985667,-0.01888114753927765,Iran
193,0.35425920767211666,-0.02027596722544018,-0.024945039411116542,0.021676506535914568,-0.012685805849359015,-0.01094071595060521,-0.012685805849359015,Iran
194,0.37515000884593946,0.011738033934634788,0.007679634405228246,0.07095789401857998,0.020989476361865024,0.023243976926158223,0.020989476361865024,Iran
195,0.4053120914341776,0.051015275540158854,0.04570851967509289,0.11773653777955849,0.059313559323252406,0.06091039909784756,0.059313559323252406,Iran
196,0.3981867996702644,0.05122595096903064,0.04816597694071307,0.12935577806825005,0.0612223185448723,0.06268546374797807,0.0612223185448723,Iran
197,0.40065393633248464,0.06159748335697135,0.0593043963336392,0.1380195907628342,0.07129308298452064,0.07270450747317411,0.07129308298452064,Iran
198,0.4042348911873962,0.06922700672876449,0.069037084286285,0.1441580947256373,0.0800003627513798,0.08139489796226859,0.0800003627513798,Iran
199,0.4294510604649495,0.09774043161175615,0.09832230465248645,0.1754799146098916,0.10956192166487434,0.11088526327425613,0.10956192166487434,Iran
200,0.4657616683869877,0.13848052193844396,0.13870461177346535,0.21582385849770497,0.14929774987942235,0.15089170795904727,0.14929774987942235,Iran
201,0.4600264801882199,0.1334373626709024,0.13444600459933015,0.20862423438281746,0.14551309364256731,0.14639690869317792,0.14551309364256731,Iran
202,0.4746849615162094,0.15148011510182036,0.15054318635609554,0.21404074486622718,0.16260514335614534,0.16316708002097546,0.16260514335614534,Iran
203,0.5094178247673518,0.18947746116252434,0.18512290542316825,0.24176996491849362,0.19986270058008349,0.20022598367544484,0.19986270058008349,Iran
204,0.5296181586684798,0.21162669960187852,0.20825851118248426,0.25697251429023205,0.22250189889310124,0.22270384324871323,0.22250189889310124,Iran
205,0.538042725574517,0.22766331877480747,0.2243808477824219,0.2676275899852923,0.23662482989041925,0.2365613677856276,0.23662482989041925,Iran
206,0.5255630647744041,0.2173217909858431,0.21185011970094386,0.25262540801350275,0.2250134311883687,0.22494440306473942,0.2250134311883687,Iran
207,0.4896538711649569,0.18469482666331122,0.17951368181377303,0.21951121860627426,0.1940257246766291,0.193720607421473,0.1940257246766291,Iran
208,0.47099753406266753,0.16570293192653895,0.16092184386926148,0.19980155647181347,0.1763135427076251,0.175857761915711,0.1763135427076251,Iran
209,0.44956904777801604,0.14576865886598617,0.14226108995260056,0.17826888047785858,0.1572520322227717,0.15669771654514553,0.1572520322227717,Iran
210,0.4179454583988559,0.11469566301153965,0.11419063306613449,0.14667746258489595,0.1275333295827298,0.12679469570545132,0.1275333295827298,Iran
211,0.4195680598079957,0.11742085234233159,0.11856683720192988,0.14791627182238565,0.13055618476550718,0.1298347027263253,0.13055618476550718,Iran
212,0.3930432156988524,0.09157438084097605,0.09237327020995068,0.12151907789016675,0.10551246221101618,0.1047715285345345,0.10551246221101618,Iran
0,0.29805918433547235,0.29805918433547235,0.29805918433547235,0.29805918433547235,0.3351724855934577,0.29805918433547235,0.29805918433547235,Vietnam
1,0.2687089848185859,0.2742434517848097,0.23351387605016705,0.26045829510659324,0.2959806119909454,0.2693022044854603,0.26962442438903844,Vietnam
2,0.16144557183332103,0.16975971188861666,0.10669174308350413,0.14746381568782568,0.1812703675077964,0.1628632862367818,0.16255339538833424,Vietnam
3,0.13280400737787362,0.14681099923531027,0.07386861086854402,0.11861242916617064,0.15191759805858912,0.1397720562198887,0.13862565118781423,Vietnam
4,0.21829434270289755,0.23244480483599167,0.129716287709228,0.19571272167816028,0.23415654905956174,0.22642498837073793,0.22471720970019,Vietnam
5,0.14163733379872273,0.1572134842992972,0.04794182148287786,0.11162601799520779,0.15656371345200004,0.15304636491328583,0.14986032166089286,Vietnam
6,0.19097346823486558,0.20738190736986495,0.10771465278484312,0.14349938542498497,0.20294666717269866,0.20026374694981897,0.1981862215743031,Vietnam
7,0.2707606985213229,0.28737164425802997,0.1929839506072402,0.22637337007337438,0.28246756125353273,0.28095989193507753,0.2790869081451545,Vietnam
8,0.2852710784559966,0.30357986280398136,0.22080536674807366,0.2235493631568654,0.2981619606193121,0.2975715249828707,0.29576117371754834,Vietnam
9,0.3104544314199975,0.3282831949084687,0.2559124361885338,0.24565606435973353,0.3223552714790705,0.32227871950535436,0.32065034122952896,Vietnam
10,0.3574162351678415,0.37920954836421306,0.3102430319293833,0.29321264682554543,0.3727334701795757,0.37303757144464256,0.3715227058449043,Vietnam
11,0.27922457207400414,0.30308671926512026,0.2351020061475554,0.2181071829131509,0.2942216575170457,0.2950005024602517,0.29336182745977124,Vietnam
12,0.2879171207567758,0.3126472327167179,0.24446333202700465,0.22612183691575294,0.30451772960013546,0.30506514635320514,0.3039071171909144,Vietnam
13,0.2834143609529884,0.31043071848653897,0.2351201528634122,0.23722409272969114,0.3006959997889723,0.3014720118212388,0.3002623704791566,Vietnam
14,0.25417180436819037,0.2871144247642309,0.20432297956959922,0.20476715499435424,0.27697199753362345,0.2769178688963548,0.2766640536145486,Vietnam
15,0.25162383974118496,0.2872960540250763,0.19443914299375775,0.19851434107570676,0.276054461613928,0.27480681871884516,0.27583577377353397,Vietnam
16,0.24408812691674314,0.2802400592247088,0.1686805477372064,0.18577231070702815,0.2678457263583005,0.2663062314506441,0.26769042414717104,Vietnam
17,0.2493733474065904,0.28763671339453495,0.1590148034630891,0.17988438335241647,0.27585703526065486,0.2763707696922118,0.27574674665595583,Vietnam
18,0.2218735281965044,0.25986171001012653,0.14016644564481948,0.1554446879225972,0.24846228157597022,0.24821321459886314,0.2483839595982083,Vietnam
19,0.17752854779666458,0.2180534419318813,0.11704682508558822,0.11155377423259255,0.20556507331493845,0.20412406416177162,0.2055094525895037,Vietnam
20,0.16555170664542213,0.20270475407365876,0.12133537406868634,0.10650420081760939,0.19278549530067657,0.19124417057614093,0.19274599597767314,Vietnam
21,0.16012729350361854,0.19813285217663879,0.12737738735845772,0.11601457464533926,0.18816417410907793,0.1865415170693816,0.18813612347677255,Vietnam
22,0.14744439014610033,0.18628529741011396,0.12482509050780402,0.12155604814807815,0.17834018925002032,0.1765674275912675,0.17832026895992664,Vietnam
23,0.1592830033762182,0.20470631095703473,0.13595265610844026,0.15402310030689853,0.1949553957758074,0.19302905723341623,0.19494124928694767,Vietnam
24,0.22724792663361515,0.27536263583767584,0.181982979631011,0.22051385066262474,0.2644815603647831,0.2622466854430285,0.2644715141683614,Vietnam
25,0.3020075541425981,0.3498840631871773,0.24077430524541707,0.28698450920546464,0.3398921910539507,0.33787572604992366,0.3398850566997272,Vietnam
26,0.31704960275384997,0.3643168296656484,0.24493542385374567,0.2918275241902163,0.35631199224378957,0.35559957321128755,0.35630692574816786,Vietnam
27,0.29404850675454275,0.33984661347452444,0.21744166135585352,0.25984955291828754,0.3320007148721503,0.3303921217226223,0.3319971168761606,Vietnam
28,0.1325131084617276,0.18225206641471287,0.07803659307749465,0.0995888625631805,0.17273892353597942,0.17349151246054145,0.17273636840199563,Vietnam
29,0.04293492177587842,0.09565845571553593,0.017552313543266473,-0.003913509247939886,0.08569078922653527,0.08679670823765041,0.08568897468597052,Vietnam
30,-0.02009886846722886,0.03543538181659285,-0.0265834370823793,-0.05499436415545684,0.026284606866183724,0.02662535768055472,0.0262833182615618,Vietnam
31,-0.06978787474112418,-0.010986555266964466,-0.06411640920601175,-0.08744410407104103,-0.021743675967510534,-0.021632402429144246,-0.021744591076218435,Vietnam
32,-0.07919381251331128,-0.020648648207829086,-0.06433232455608007,-0.09239418747441513,-0.03225884200729985,-0.032969920264330335,-0.03225949187610602,Vietnam
33,-0.03875584955411603,0.02364504237003249,-0.017422998538263693,-0.03561437844079945,0.011053155497920401,0.009916092221136562,0.011052693990493377,Vietnam
34,0.008793717078652584,0.06990764509691554,0.02873137465154682,0.024291754249076897,0.05972829187770044,0.058029474708444995,0.0597279641360037,Vietnam
35,-0.00035786941282857365,0.0583953294770293,0.018501358813394084,0.02509854096483477,0.05046059453096369,0.04894883417970046,0.05046036178363722,Vietnam
36,-0.05744371119861248,0.005884988666755367,-0.03588107389066904,-0.023036551215082232,-0.003961385220179622,-0.005879757073555605,-0.00396155050680172,Vietnam
37,-0.07130184249999516,-0.005213866559391753,-0.05560733154027681,-0.03083228613751464,-0.01409688307288124,-0.015978185437371048,-0.01409700045196293,Vietnam
38,0.04149990724673691,0.11320812422175341,0.04467245148337255,0.08598091509360722,0.10226395211305944,0.09964025497371937,0.10226386875574567,Vietnam
39,0.20262579528277203,0.27340654196329023,0.18209716962776745,0.2188921005974515,0.26271330312361235,0.26065549801123394,0.26271324392701906,Vietnam
40,0.22474884453938737,0.2965775752258092,0.18787225577898625,0.24589968384799374,0.28527134596072923,0.28399045916431803,0.28527130392198663,Vietnam
41,0.27448713220812937,0.3497092322285186,0.23194843199511514,0.283293453377602,0.3380648651032269,0.33761291336840316,0.3380648352492137,Vietnam
42,0.22929219734373177,0.30708588899515404,0.1803934594285142,0.2532460875825662,0.2949094721882894,0.2953359060165679,0.29490945098731974,Vietnam
43,0.3182554891209673,0.3962035851575547,0.283034634962629,0.34378089927643224,0.3836204204802231,0.383848462961428,0.3836204054242536,Vietnam
44,0.31174942528333255,0.3883508722025735,0.3022615207229122,0.3471249414840612,0.37897366192631515,0.38002552229395425,0.3789736512342467,Vietnam
45,0.34460580902620463,0.4219000344933379,0.35008880535939935,0.3567648960543599,0.4106542121728721,0.4116242118048904,0.4106542045798488,Vietnam
46,0.34744861314831155,0.4259059938791453,0.3643359184144579,0.36365575622486895,0.4140351518945641,0.41526318220587954,0.4140351465023423,Vietnam
47,0.36920404533610723,0.4484305880656526,0.3887968564212209,0.3789366589222649,0.43767978834395727,0.43939408729957824,0.4376797845146453,Vietnam
48,0.36685328212662477,0.44681750622842153,0.377670999074033,0.3592375770808874,0.4360156519721293,0.43776525980910197,0.4360156492527253,Vietnam
49,0.3116452425743868,0.3901530447665876,0.3008338933037636,0.30207827867611664,0.38138937734713246,0.38398897127810133,0.3813893754159347,Vietnam
50,0.36390354506626466,0.4444713243815505,0.3354607026661999,0.358239322631242,0.43431929204462066,0.43505468545371817,0.4343192906731714,Vietnam
51,0.42639120463199853,0.507928352998098,0.3968920114649672,0.4238036726598759,0.4967956776062265,0.4976388561748553,0.49679567663228535,Vietnam
52,0.459871720146692,0.539979211268212,0.4146948344710646,0.4468978693234475,0.5307111984485273,0.531512491744579,0.5307111977568784,Vietnam
53,0.4123577457189368,0.4929419470994865,0.3571872483009214,0.398836747596335,0.4839135522081444,0.4843940130429808,0.48391355171696665,Vietnam
54,0.21473237568021647,0.29607990793732125,0.18232876589179575,0.20144173190285303,0.28522167922207226,0.2862377021368392,0.28522167887326,Vietnam
55,0.14968905243076616,0.23102594281670938,0.14371310243909496,0.14246705112675986,0.22183196815412173,0.22140907472779653,0.2218319679064111,Vietnam
56,0.21183105007499392,0.2934609127696836,0.21722530726697314,0.20802976293795766,0.2834982117328188,0.2823593851439655,0.2834982115569059,Vietnam
57,0.2892276653952088,0.3707387860878656,0.30660360615043136,0.27499261129719865,0.36079761561380064,0.3599550304498087,0.36079761548887523,Vietnam
58,0.33835396517259964,0.4179975965066578,0.362938892232321,0.3327009846447264,0.40900926643046936,0.40829563235667726,0.409009266341753,Vietnam
59,0.39629556717692616,0.47682635882110236,0.4140131250434625,0.39145869421021806,0.46589162650358396,0.46573163250084026,0.4658916264405816,Vietnam
60,0.4459455611918769,0.5231198381816226,0.44975510450618167,0.45261873984295786,0.514545214047652,0.5132576506144723,0.5145452140029105,Vietnam
61,0.4711765182354065,0.5466779765904267,0.4585125792333157,0.4631706373302218,0.5401088795689475,0.5398485081432352,0.5401088795371742,Vietnam
62,0.39661774604671735,0.4760393097878277,0.3769044395716636,0.38251792326907325,0.4672451345861137,0.4663059581023779,0.4672451345635499,Vietnam
63,0.37877109459640057,0.4601188980310844,0.3588678534434144,0.36002517363008624,0.4495770869767275,0.44888739490297225,0.44957708696070364,Vietnam
64,0.3727207034348479,0.45471771715077247,0.33744214533873046,0.36111960071513755,0.44462059005708277,0.4449671459762188,0.4446205900457034,Vietnam
65,0.48354674401364234,0.5660011911010367,0.45022591827863073,0.4686741554809119,0.5553167822793623,0.5546283052554952,0.5553167822712812,Vietnam
66,0.5704601839232423,0.6522780017642127,0.5627138768385884,0.5584290747566724,0.6427307009486461,0.6425034299050867,0.6427307009429074,Vietnam
67,0.46449593169196673,0.5435353699908958,0.4712483953541401,0.46612463611587257,0.5366751558936991,0.5368771397725227,0.5366751558896237,Vietnam
68,0.4012681848626837,0.4812229246162964,0.4191370182283779,0.4049074428436634,0.47450674321143377,0.4746326536073464,0.47450674320853964,Vietnam
69,0.44327435520951197,0.522632989834958,0.4685226309718989,0.4530232902844675,0.514442199346722,0.5165116671179626,0.5144421993446667,Vietnam
70,0.4601745166407231,0.536507751783284,0.48816156138819833,0.4811948350334636,0.530691022917931,0.5325109836553767,0.5306910229164715,Vietnam
71,0.43839575609215686,0.5137460524369104,0.46515364712144236,0.4567210891342215,0.5090937587342793,0.5111940150474508,0.5090937587332429,Vietnam
72,0.5018908662759562,0.5779968339254935,0.5324871037881149,0.5052242987154871,0.5726540580277022,0.5747249394469967,0.5726540580269662,Vietnam
73,0.5127169626165089,0.587331483132541,0.5310088564150569,0.5089788336306155,0.5831347437082341,0.5851742297553394,0.5831347437077116,Vietnam
74,0.3840618920992279,0.45963358748762784,0.39149128019383983,0.3718161184624884,0.45565561412233335,0.45801487336650765,0.4556556141219622,Vietnam
75,0.25665334455888733,0.3334814509025207,0.2600754759734219,0.24369428377371194,0.32708597934693223,0.32775946040234416,0.32708597934666866,Vietnam
76,0.2936638667883763,0.37240288641359726,0.2668470926536636,0.2713390488381399,0.3646057457136886,0.3660035791641038,0.3646057457135014,Vietnam
77,0.42784316738987804,0.5083829409766891,0.3807811333070758,0.41705269949864376,0.49953415577005267,0.49972907336499583,0.4995341557699198,Vietnam
78,0.4927817615349479,0.5744270162506742,0.4574909861807337,0.4998515860252083,0.5636524246532234,0.5644324113041935,0.563652424653129,Vietnam
79,0.5124073685695427,0.5919980291186743,0.49557812828103914,0.5322230206749344,0.5838322979544257,0.5850495908656028,0.5838322979543588,Vietnam
80,0.4857743291580437,0.563755000472355,0.4834944168973765,0.48962506105031717,0.5572744615276833,0.5584184509701589,0.5572744615276357,Vietnam
81,0.4596866546742817,0.5364923439376947,0.46706651374349323,0.460667710690283,0.5316479751637647,0.5345249602472019,0.531647975163731,Vietnam
82,0.48094323165572944,0.5584054970316285,0.4940010187164041,0.4718740011616126,0.5536569466017934,0.5561152563270095,0.5536569466017695,Vietnam
83,0.6012030506924629,0.6826850278704542,0.6238653893883169,0.5960261536067626,0.674841949593584,0.6768553117679786,0.6748419495935669,Vietnam
84,0.7005507419686104,0.7807852294578506,0.7294367350449518,0.6846505770377098,0.7746202411511501,0.7774395711772879,0.774620241151138,Vietnam
85,0.5884494887543623,0.6681842233118983,0.6232777133790369,0.5667181907368705,0.6635131767569686,0.6674743153050612,0.66351317675696,Vietnam
86,0.48480388966453636,0.5674245319634694,0.5033791851249506,0.45884696240569883,0.5602256992258178,0.5631321445732701,0.5602256992258116,Vietnam
87,0.36812266597966287,0.4519144188653175,0.3682358899213133,0.35583603053384283,0.44286835849834233,0.4447332678095889,0.4428683584983379,Vietnam
88,0.46114113629099696,0.5447959145626412,0.47104141143463824,0.43202221990450856,0.5341722827470526,0.5352027568680267,0.5341722827470495,Vietnam
89,0.48620144473669125,0.570105619320699,0.4977019401922915,0.4575003086276346,0.55854989785352,0.559548784190796,0.5585498978535179,Vietnam
90,0.34015015073004407,0.4242163933446582,0.3446471568820104,0.31833185773313244,0.4117059363113632,0.4126199446232476,0.41170593631136165,Vietnam
91,0.2769901690788296,0.35886239880826976,0.288518492681518,0.2566247445933208,0.34852930441837293,0.3481816436131828,0.3485293044183718,Vietnam
92,0.29460933235900105,0.3758052580527064,0.3163156974701924,0.2846524002179467,0.36569925433496286,0.364117896023007,0.3656992543349621,Vietnam
93,0.385521106573168,0.4663686550613626,0.41468361472643134,0.36737880703624476,0.4574798914636048,0.45553626720993645,0.45747989146360435,Vietnam
94,0.38536527169340373,0.4637524918921544,0.4199338520824466,0.37273126629600434,0.4568891301178085,0.45522050789882845,0.4568891301178081,Vietnam
95,0.3218984456653661,0.3996044896907759,0.3559206572728561,0.3150017113169692,0.3927411182518057,0.39121532809574017,0.39274111825180535,Vietnam
96,0.22528643810657187,0.3030071471402074,0.25630646855860606,0.2317807366393021,0.2951632697150627,0.2929596842802668,0.2951632697150624,Vietnam
97,0.23059049431027545,0.3082809443825668,0.24378941550704036,0.2347288103680696,0.30138268288067926,0.2988508378103525,0.30138268288067904,Vietnam
98,0.3580092943662191,0.4362154777650683,0.33664166186142963,0.3482447120172528,0.4283648858341139,0.42526371720212935,0.4283648858341138,Vietnam
99,0.5065172221600023,0.5848605198643634,0.4778455569331237,0.48943567019297535,0.5762571962190928,0.5738849448401008,0.5762571962190927,Vietnam
100,0.526810277678389,0.6057614751884778,0.5151710384628053,0.4954410445493639,0.5970805206365312,0.5950977080413119,0.597080520636531,Vietnam
101,0.563859675195238,0.6435077970574604,0.5707488650197212,0.5259625950465346,0.6339585977690948,0.6320054172559971,0.6339585977690948,Vietnam
102,0.6542687463802823,0.7323203678517525,0.6776476633099251,0.6249432681172709,0.7238875695265286,0.7230168403367638,0.7238875695265286,Vietnam
103,0.5581743525947157,0.633869322273751,0.5897750495105692,0.5455498293304704,0.6273410641581457,0.6268805021305557,0.6273410641581457,Vietnam
104,0.5269261112018775,0.6047479471756875,0.5601514389694418,0.5071340858396532,0.5959560840461571,0.5958580790701639,0.5959560840461571,Vietnam
105,0.46980497619448847,0.5449631318670327,0.5060236844447582,0.4739836270763314,0.5385289398718557,0.5390518889187971,0.5385289398718557,Vietnam
106,0.4828384561696189,0.5579478352606476,0.5236921771815535,0.5013055754998413,0.5519763945565744,0.5524714335513883,0.5519763945565744,Vietnam
107,0.5043949174195721,0.577490972526192,0.5445702799547611,0.5319919824867394,0.5731931513481427,0.5739888248549168,0.5731931513481427,Vietnam
108,0.5032286032040338,0.5760487507475478,0.5343558677326005,0.5349604524712364,0.572861960818488,0.5738541689878827,0.572861960818488,Vietnam
109,0.6155641326237952,0.6880877491917927,0.6330131126625399,0.620476617482192,0.6851832996469166,0.6857692361307258,0.6851832996469166,Vietnam
110,0.6130317490812784,0.6861269013351426,0.6110987854816861,0.6050572674671654,0.6820483745707344,0.681176455961756,0.6820483745707344,Vietnam
111,0.523773508094526,0.5993053841385014,0.5087746483098372,0.50400224560635,0.5931282256805077,0.5910436604743154,0.5931282256805077,Vietnam
112,0.5291117663896646,0.6058701226359076,0.5217932946704488,0.49632583143002484,0.5984133560878137,0.5977331267762892,0.5984133560878137,Vietnam
113,0.5621042931324354,0.6379506745280127,0.5573498070526501,0.5580442423626023,0.6305421840841313,0.6302870928025788,0.6305421840841313,Vietnam
114,0.5743410391110175,0.6505662034649418,0.563868636052425,0.5669926296328961,0.6437640634759548,0.643670185860473,0.6437640634759548,Vietnam
115,0.5454193489590594,0.6245824192602468,0.5309490459019403,0.5337351242143206,0.615500737260314,0.6158064523040069,0.615500737260314,Vietnam
116,0.5130146223981688,0.5892871162840517,0.5038255173234375,0.5196048544951112,0.5824543168290316,0.5832154780741767,0.5824543168290316,Vietnam
117,0.5335062506790778,0.611042831709891,0.5368656178925554,0.5427474586556486,0.6024902431524816,0.6047135482485835,0.6024902431524816,Vietnam
118,0.5386581448773327,0.6178812207112147,0.5514985697192982,0.5505707532955351,0.6081073157340341,0.6113689692478345,0.6081073157340341,Vietnam
119,0.574798253228215,0.6526736950911672,0.5944722426990171,0.5814429303323236,0.6437093332444727,0.6464322568905065,0.6437093332444727,Vietnam
120,0.6518841057035492,0.7307714134125406,0.6735064891948244,0.6434248364864471,0.7205391749097921,0.722989087584501,0.7205391749097921,Vietnam
121,0.7122040418555043,0.7908899178165638,0.7238580970965889,0.7023777472950337,0.7810014968910872,0.7832999566735794,0.7810014968910872,Vietnam
122,0.7051549795096015,0.7840718127540552,0.6992291614981189,0.6872946938328556,0.7735787133769876,0.7755649046269839,0.7735787133769876,Vietnam
123,0.6082313149894307,0.6867778066952182,0.5919764268177318,0.5868869339805547,0.6768248717352272,0.6788222596894894,0.6768248717352272,Vietnam
124,0.501152823211365,0.5795255319722671,0.48323744898744064,0.46710623249965944,0.5690890689051321,0.5698185361575222,0.5690890689051321,Vietnam
125,0.5438584295120373,0.6235565771313193,0.5186313127450003,0.5006685910867984,0.6118915718619863,0.6119252556978138,0.6118915718619863,Vietnam
126,0.4610842087216994,0.5390973797464859,0.43536791378208156,0.4253653899160522,0.5296423868929926,0.5304163334142702,0.5296423868929926,Vietnam
127,0.3666302474551525,0.4454518153291447,0.35558214875250077,0.3251402090488633,0.43446956887241317,0.43397510856488675,0.43446956887241317,Vietnam
128,0.32515438885788683,0.4025176142515657,0.32880138296787687,0.29203235890925383,0.3927165452262234,0.3918192950043569,0.3927165452262234,Vietnam
129,0.3420483286947159,0.417623767466236,0.35654868548329255,0.30464782374625127,0.4094140304288731,0.4084082886543241,0.4094140304288731,Vietnam
130,0.40448936989053647,0.4811881209273735,0.4261767621415848,0.3807753332806082,0.47133835255807643,0.47045970094444367,0.47133835255807643,Vietnam
131,0.4526556911955764,0.5277740390539135,0.4754822421265527,0.4347962611780201,0.5190555749694107,0.5178488957790319,0.5190555749694107,Vietnam
132,0.5733601893443684,0.6472804893353851,0.5986249548825974,0.5571339787199489,0.6396541839294873,0.6384577912132212,0.6396541839294873,Vietnam
133,0.6541293422321277,0.7287975082986025,0.6632968929090266,0.6268199636533314,0.7206687970389978,0.719611217087387,0.7206687970389978,Vietnam
134,0.7506946370797882,0.8277427875869894,0.7480882776621672,0.7226039477325872,0.8175666274078005,0.8156728302509052,0.8175666274078005,Vietnam
135,0.8656035904521169,0.9413587477423878,0.8604408455405812,0.839901395054951,0.9328703926959753,0.9308253671829596,0.9328703926959753,Vietnam
136,0.8499105709465568,0.9247812063206277,0.8232239961942771,0.8129214757101558,0.9175398155077968,0.9154206501729572,0.9175398155077968,Vietnam
137,0.8727043449130828,0.9484370304977547,0.8444566129344363,0.8338620151067921,0.9406301196532578,0.939124615282423,0.9406301196532578,Vietnam
138,0.8295385328884717,0.9047941475123427,0.8041141002521306,0.8093393213912867,0.897441570561881,0.8970736615521646,0.897441570561881,Vietnam
139,0.8139755574479206,0.8885076686771818,0.7858120452338546,0.7873490868916057,0.8821511969432827,0.8823786338174517,0.8821511969432827,Vietnam
140,0.6557112115830979,0.7311877394699379,0.6432213881965514,0.6396635002315585,0.7239062722924756,0.7243225429843098,0.7239062722924756,Vietnam
141,0.524137586766818,0.5971833126282078,0.5314509596382361,0.4978163452535374,0.5919845688663279,0.5922817558004072,0.5919845688663279,Vietnam
142,0.4699520985398792,0.5420247884953452,0.491689059441071,0.4496531407280731,0.5378948528301902,0.5391738370471875,0.5378948528301902,Vietnam
143,0.3788315434988415,0.450091365051493,0.4090275842245835,0.37731001066848374,0.44652540710938876,0.4477878484933796,0.44652540710938876,Vietnam
144,0.40755841799347137,0.4824181676229613,0.4371641859961513,0.41987185732023824,0.47534559981776336,0.47638650585967474,0.47534559981776336,Vietnam
145,0.38925890472342134,0.4653495931440535,0.4144052527123621,0.4000335773472939,0.456387157360402,0.4575773562262554,0.456387157360402,Vietnam
146,0.469808765790388,0.545111096743802,0.48915475565367195,0.46835075151522393,0.5358591114488954,0.5359189226411274,0.5358591114488954,Vietnam
147,0.6067835845647903,0.683581110937477,0.6139618050775486,0.5885868534864205,0.6727552398025185,0.6724754134442794,0.6727552398025185,Vietnam
148,0.6166915077128502,0.6930664406100371,0.599852305673272,0.5842979923722534,0.6822957527383642,0.6826146586195388,0.6822957527383642,Vietnam
149,0.4645957649349205,0.5409942402839887,0.4454604869517228,0.43045361530575765,0.5293817271918668,0.5299963941852627,0.5293817271918668,Vietnam
150,0.3937020937543009,0.4715279581795493,0.38883537271713353,0.3626568257782419,0.45879496398061204,0.4587246672611083,0.45879496398061204,Vietnam
151,0.34821674013205584,0.42663413355417096,0.3497881850823358,0.312725966898306,0.41328760259640557,0.4129135881214718,0.41328760259640557,Vietnam
152,0.43561933713266,0.5134692886674366,0.44401798856843966,0.39862524655299036,0.5008236540551547,0.5002713512705201,0.5008236540551547,Vietnam
153,0.5098794266585022,0.584273697339779,0.51766246719507,0.4697229604991372,0.5745350797616126,0.5751135081949059,0.5745350797616126,Vietnam
154,0.549562132218255,0.6233078187702623,0.5600367536320869,0.5188438729942202,0.6147971264008161,0.6153314995464145,0.6147971264008161,Vietnam
155,0.5190330763097368,0.5932645631348772,0.5399697902752568,0.49042271351124583,0.5848074813926275,0.585311647000556,0.5848074813926275,Vietnam
156,0.4711832305530373,0.544676010316951,0.4986288349372175,0.4470787868281971,0.5363959003756322,0.5367590627391274,0.5363959003756322,Vietnam
157,0.4319425366995099,0.5063916589414154,0.461408537723563,0.4076887495338042,0.49675628755232515,0.4964481889945457,0.49675628755232515,Vietnam
158,0.36482104116974734,0.44016378988761673,0.39824312020720054,0.34067567236004836,0.42956597312836664,0.428781175431161,0.42956597312836664,Vietnam
159,0.34098958312728345,0.413968186369002,0.3564871083416151,0.31503123856197557,0.40526329776329373,0.4044582990145663,0.40526329776329373,Vietnam
160,0.42582069264778,0.49875879368968845,0.4061620835432014,0.3886541405797392,0.4897360810587257,0.48821999390070064,0.4897360810587257,Vietnam
161,0.43270386460299726,0.5065083070717421,0.395261833041359,0.39735708325300617,0.49601897911238463,0.49405204252648693,0.49601897911238463,Vietnam
162,0.4532977584316212,0.5284779337492164,0.4122519996514071,0.42047247749655237,0.5164295061426748,0.5141829264087332,0.5164295061426748,Vietnam
163,0.44322880760176553,0.5174261221148578,0.404837984127536,0.4124135094671626,0.5058893145344014,0.503820156594819,0.5058893145344014,Vietnam
164,0.4438226632709813,0.5186080371529351,0.4149673096456876,0.41531992449663,0.5067179903824459,0.5044352213643777,0.5067179903824459,Vietnam
165,0.4790488391850798,0.5519712832497082,0.45392105905869984,0.4630956870539175,0.5421462722863376,0.5403940629364725,0.5421462722863376,Vietnam
166,0.5680128682467719,0.6401976144652353,0.5506682967199109,0.5636696150583345,0.6313399053588042,0.6298949839940186,0.6313399053588042,Vietnam
167,0.6239614330956874,0.6949207980939864,0.6185416079205752,0.6162088521364133,0.6878385084710055,0.6866373539384685,0.6878385084710055,Vietnam
168,0.5998040732127262,0.668468313443171,0.6058943459888788,0.592345568308448,0.6630929262772507,0.6621581807817155,0.6630929262772507,Vietnam
169,0.4436321906303907,0.5147370047942972,0.46258613337819154,0.43639148548295115,0.5064289623195857,0.5056768298252882,0.5064289623195857,Vietnam
170,0.3731166067641085,0.4430809922312009,0.389982324875741,0.361251516273721,0.4369547659203138,0.43520108314821926,0.4369547659203138,Vietnam
171,0.3994335960327,0.4706238385912952,0.3955634471194023,0.3888177492147921,0.464397739406859,0.4627835409687594,0.464397739406859,Vietnam
172,0.42700744861857176,0.5010019406445371,0.4149661891040053,0.4024413598306739,0.49196736625138976,0.4900071059439703,0.49196736625138976,Vietnam
173,0.4574342287035932,0.531316359779055,0.43492549924087304,0.4393375425930287,0.5217072857969565,0.5185192410728368,0.5217072857969565,Vietnam
174,0.5548122499379066,0.6280270392798797,0.49900298403435184,0.5277487126203291,0.618343063156211,0.6149061918230637,0.618343063156211,Vietnam
175,0.6988281751424971,0.7741196734032989,0.6421855668106246,0.6624815896549325,0.7637321121754965,0.7610539775467665,0.7637321121754965,Vietnam
176,0.7660555594791947,0.8408412677632642,0.727199833120509,0.723784464510606,0.8304564592524624,0.8295481835168264,0.8304564592524624,Vietnam
177,0.8546240597700756,0.9304830622605541,0.8329718715370037,0.8221068298231763,0.91867972344425,0.918232734088731,0.91867972344425,Vietnam
178,0.8934861481698431,0.9701121752169849,0.892522239849033,0.854439513718881,0.9585741299600158,0.9587599700666103,0.9585741299600158,Vietnam
179,0.9257256704889536,1.000245921296167,0.9354254346671305,0.8951730481865513,0.9902409520846785,0.9915099077046283,0.9902409520846785,Vietnam
180,0.9556192068367849,1.0280075458670503,0.9720921731822951,0.9401029450389938,1.020307568091575,1.0214556823490948,1.020307568091575,Vietnam
181,0.9684777843527335,1.0415623750770817,0.9866225511976336,0.9561711907607191,1.032982486432273,1.0350802906367964,1.032982486432273,Vietnam
182,0.993200554222939,1.0653132961349343,1.0135493357906808,0.9758831708266344,1.0579066098703622,1.0599939738808284,1.0579066098703622,Vietnam
183,0.9317397370244167,1.0031222152190662,0.9466387536477697,0.9050607978863013,0.9968187791131632,0.9998945993173181,0.9968187791131632,Vietnam
184,0.8515415950265205,0.9247018474893258,0.8642235589769498,0.8288131587053627,0.9161759654845578,0.918722340594982,0.9161759654845578,Vietnam
185,0.7699509160042617,0.8422956840178094,0.7782502818162002,0.7499653780230899,0.8345403713543552,0.8371056054908179,0.8345403713543552,Vietnam
186,0.5827683920643943,0.6574719011740371,0.5912107572184453,0.5523109016337434,0.647344241755318,0.649433499525336,0.647344241755318,Vietnam
187,0.6165207636071532,0.6903156860410007,0.6275088489611534,0.5766204471150425,0.6811829211680018,0.6819265844253137,0.6811829211680018,Vietnam
188,0.7479600085419965,0.8221854352265715,0.7606840677904294,0.7136341094900219,0.8117802262039479,0.8132338157736828,0.8117802262039479,Vietnam
189,0.7790524505938761,0.8543344599305507,0.7974572884311839,0.7569917575258521,0.8428957926890729,0.844183587888521,0.8428957926890729,Vietnam
190,0.7705503221599524,0.8441030399319938,0.7889588067116317,0.7520658414146002,0.8350366521091463,0.8368544398279688,0.8350366521091463,Vietnam
191,0.7267572591516549,0.7988180464203993,0.7473331515464531,0.6993873900632617,0.7894441833779848,0.7917994025432837,0.7894441833779848,Vietnam
192,0.7286008587932937,0.7973928415798738,0.7446592857932985,0.7066474239468682,0.7903280502556185,0.7930081089621498,0.7903280502556185,Vietnam
193,0.7359422680459611,0.8046678973215691,0.7422540219439301,0.725603396747657,0.7972900191435024,0.799968306082869,0.7972900191435024,Vietnam
194,0.6826653561470372,0.7508590526726788,0.6826873033545591,0.6656670575364563,0.7441143185459829,0.7468014692152577,0.7441143185459829,Vietnam
195,0.6935083245726331,0.7630877099458105,0.678250909970037,0.6737371983322598,0.7538596297401351,0.7555683701196594,0.7538596297401351,Vietnam
196,0.7301371765820025,0.798348218554898,0.7150848610613554,0.722450845209603,0.789580570335433,0.7910319654229093,0.789580570335433,Vietnam
197,0.7686570593502438,0.8369047341116372,0.7647126157594556,0.7785451904976846,0.8281610843388109,0.8293286248385441,0.8281610843388109,Vietnam
198,0.6460775719012278,0.7160254136060096,0.6495133288724346,0.6466075129690696,0.7059921327417638,0.7069859412017032,0.7059921327417638,Vietnam
199,0.4660875259999889,0.5365725616676713,0.48083511139746105,0.4579727249416661,0.5250489364345007,0.5260858089931917,0.5250489364345007,Vietnam
200,0.41512015266964775,0.4877129871215354,0.43451542922666503,0.3915593372738753,0.47495989423411406,0.4745461137143099,0.47495989423411406,Vietnam
201,0.5495688131073659,0.6205513639200385,0.5682216950216188,0.526863306294196,0.6090845638481129,0.6075049045042707,0.6090845638481129,Vietnam
202,0.6397482852988685,0.7089273742875232,0.6608406006556702,0.6061485055256507,0.6994939154623377,0.6994374107005056,0.6994939154623377,Vietnam
203,0.618182876419831,0.6873038421016264,0.6410557251959761,0.5810046763751169,0.6782510954510406,0.6787240555058562,0.6782510954510406,Vietnam
204,0.5964581018313894,0.6644566773814894,0.6212852231676949,0.5735751024472512,0.6577503951585717,0.6584019970572051,0.6577503951585717,Vietnam
205,0.5826619199311445,0.6484023796304716,0.601291566037412,0.5631886243190936,0.6423456319282974,0.6430896185738638,0.6423456319282974,Vietnam
206,0.6048628485760085,0.669359246365893,0.6064300898245272,0.5949706788327312,0.664309995414386,0.6655079371286609,0.664309995414386,Vietnam
207,0.5433924776850265,0.6093215396521638,0.5364905713427828,0.5216753896995749,0.6027680247814431,0.6046454498709009,0.6027680247814431,Vietnam
208,0.41245460075372264,0.47906090116163724,0.4112086695091499,0.39119076799586605,0.47293559908441507,0.47390772892186334,0.47293559908441507,Vietnam
209,0.5090360089040875,0.5753426461141087,0.501014993661663,0.477513262804282,0.569146292701324,0.5680699300928007,0.569146292701324,Vietnam
210,0.5759504177649385,0.6435424200256104,0.5491277416199782,0.5565973745887138,0.6354434122432573,0.6343865547486838,0.6354434122432573,Vietnam
211,0.47495622343931515,0.5434009360553254,0.44287931072795717,0.44424558949991994,0.5336646084404835,0.5332582936374257,0.5336646084404835,Vietnam
212,0.5015581532082791,0.5698260930310262,0.466931580087032,0.47301719654520874,0.5600394738641312,0.5589503909119554,0.5600394738641312,Vietnam
0,0.8601504321210892,0.8601504321210892,0.8601504321210892,0.8601504321210892,0.8616631370901904,0.8601504321210892,0.8601504321210892,Thailand
1,0.8519032605053325,0.8495485725941916,0.8407868449614729,0.8525234208118949,0.8517989754001299,0.850497631212349,0.8505603345448924,Thailand
2,0.797897252426252,0.7921635290489741,0.7822570013534841,0.7986981823681476,0.7971403981803621,0.7961083110653735,0.7961261679110089,Thailand
3,0.8154899552153537,0.7999434090398541,0.782674594658112,0.8088184937682803,0.8074841311505166,0.8066263890346638,0.8066536539101424,Thailand
4,0.8812932636657222,0.8633863285258038,0.842397314198657,0.8729915673136923,0.8713805787690818,0.8706323858431602,0.8707005631280387,Thailand
5,0.8894746977759516,0.8683833522874886,0.8418501312144313,0.8780197361932061,0.875986238354701,0.8752399396243035,0.8754294244535099,Thailand
6,0.902790403509847,0.881238728020841,0.8537107584370716,0.8926084295449633,0.889731324920748,0.8891415642145449,0.8892753917012061,Thailand
7,0.9251663763857848,0.9015944900823171,0.8776417895069195,0.9144504807281243,0.9097730336949922,0.9091241072966472,0.9093997041135338,Thailand
8,0.9100880367339845,0.8808788579449905,0.8619344291280935,0.8969401305604704,0.8907689509770873,0.8901192620621075,0.8904632593309907,Thailand
9,0.8908917444900176,0.8622710603665031,0.8454230598457898,0.8774265320036161,0.8710440135457298,0.8703331048837859,0.870793705541397,Thailand
10,0.915980619742878,0.8798619710125487,0.8647301007565629,0.8959949962209186,0.8889853910278158,0.8882474988112417,0.8887804325415991,Thailand
11,0.8777722532954744,0.8416529978809432,0.8274180387261402,0.8565906483973889,0.8496247145926878,0.8489713818507773,0.8494568894319054,Thailand
12,0.8154264775673639,0.7737985181415912,0.7614700111375046,0.7907170946677019,0.7836495465588583,0.7830211349811849,0.783512127098403,Thailand
13,0.7965409232206753,0.7508051043091079,0.727979410515698,0.7707274752791244,0.7624636175364194,0.7620066221465513,0.7623510950277337,Thailand
14,0.7835027896183638,0.7281200015736661,0.6953282368405971,0.7487059339804949,0.7401557865401217,0.739991347195431,0.7400636502814071,Thailand
15,0.744347119549744,0.6832709979418986,0.6499708666141861,0.704399743229983,0.6967671701237728,0.6966989972463491,0.6966917266390061,Thailand
16,0.7598095020985147,0.6961363651418305,0.6583049460036179,0.7186470145039535,0.7107778987354304,0.710803387942464,0.7107161237135972,Thailand
17,0.7798520060540448,0.710631334230626,0.665324182082402,0.7342775723014275,0.724931511093882,0.7249767417171695,0.7248809281530979,Thailand
18,0.7459478104287606,0.6745812814836312,0.6345179301066739,0.6989693028415777,0.6895626578944304,0.6897130202960189,0.6895212393109571,Thailand
19,0.717924010675287,0.6426086608215443,0.6118233932167071,0.6673761926006408,0.6583251707598515,0.6585655853913586,0.6582912561825188,Thailand
20,0.7043710766660524,0.6321095070142088,0.6060341708287027,0.6539857373573484,0.646169566618275,0.646423962964332,0.6461417965098066,Thailand
21,0.7297811185082412,0.6545219152606794,0.6340228846256627,0.6760992087212201,0.6693664623812281,0.6696539881918221,0.6693437235183264,Thailand
22,0.7205358585237092,0.6420980265414724,0.6245994313881017,0.6609267868500799,0.6549517078516174,0.6552163639896726,0.6549330886990616,Thailand
23,0.7071439893468288,0.6208414200075028,0.6045254893136013,0.6385088741165057,0.633298148708606,0.633737679140491,0.6332829028784431,Thailand
24,0.7559731185877778,0.6645581539706666,0.6418258116039419,0.6811407357667674,0.6767053244824914,0.6772963469716337,0.6766928408135028,Thailand
25,0.8201724391790094,0.7270037151472099,0.6963071499028157,0.743624693951604,0.7378079392376918,0.7383299605370695,0.7377977172957081,Thailand
26,0.8156040188018782,0.720102164796511,0.6856104987554024,0.7371569381454068,0.7300323952964797,0.730310349491358,0.7300240253134231,Thailand
27,0.7629702565445834,0.6679197019660958,0.6352816380780155,0.6871788436987909,0.6788013375252244,0.6790225662626537,0.6787944839726923,Thailand
28,0.7389645952377314,0.6384637305380025,0.603376664724971,0.6598331838486033,0.650572542071115,0.6507308920566324,0.6505669302100163,Thailand
29,0.7042639060341747,0.5985338924323835,0.5672970494335908,0.6198230154290694,0.6110709185057512,0.6108771661146007,0.611066323372812,Thailand
30,0.6622420336453083,0.5479502370199806,0.5250508191103418,0.569441307342455,0.5617606054739414,0.5616846991165709,0.5617568428635777,Thailand
31,0.6403341725947799,0.5205559982301929,0.5045895433958669,0.5418626272471502,0.5352277119678195,0.5353604332571014,0.5352246310478689,Thailand
32,0.6238877359379479,0.5082575872870159,0.4955960505379676,0.5267982344500173,0.5210373492937732,0.5212832801946319,0.5210348265590692,Thailand
33,0.6344321726971573,0.5133412280333711,0.5044539939591839,0.5315798346524667,0.5267144863413136,0.5269560406028831,0.5267124206627211,Thailand
34,0.6546770127353994,0.5330067659558968,0.5221000125833782,0.5485138021441265,0.5443167849813864,0.5446304906955943,0.5443150935518275,Thailand
35,0.6780118772855214,0.5539298779432947,0.5401984546593142,0.5699527645555131,0.5661593331864223,0.5665040927135762,0.5661579482013802,Thailand
36,0.6716308486094749,0.5413412926004262,0.5259715228390474,0.5593462064416214,0.554527580491693,0.5548670540373244,0.5545264464311246,Thailand
37,0.7070749232268749,0.5692719120223683,0.5488601658403067,0.5876722900234105,0.5829863783684601,0.5835392264126007,0.5829854497711585,Thailand
38,0.7585464574861955,0.6130643928362505,0.584579243875563,0.6314993518675122,0.6273952664754852,0.6281084734549238,0.6273945061166715,Thailand
39,0.7908937626268117,0.6431516325092723,0.6014634502421139,0.6640327438384325,0.6586597402665963,0.6593743980976478,0.6586591176656857,Thailand
40,0.8445683138258696,0.6940974449245241,0.6453560295636258,0.7145724341246742,0.7101047159759106,0.7106835646239226,0.7101042061746341,Thailand
41,0.8596649076770423,0.7028614061574617,0.651470943172017,0.7247850437320515,0.7193468994874567,0.7194841179031422,0.719346482049356,Thailand
42,0.8869742663931577,0.7237155404476467,0.676491915392125,0.745949490324852,0.7405195938882596,0.7402732657486754,0.7405192520794492,Thailand
43,0.9431973212128637,0.7799345426958263,0.7403242543846735,0.8022147878223653,0.7957465715837917,0.7952550844724839,0.7957462917021454,Thailand
44,0.9256540812134841,0.7604281525660239,0.7276572432302068,0.7814596433315719,0.7740304036945465,0.7735232420908805,0.7740301745204188,Thailand
45,0.9234081953820386,0.7574717595895863,0.7322024755617231,0.7798490593615399,0.7723963974886964,0.7713922089440395,0.7723962098351597,Thailand
46,0.9310094360739816,0.7627757845065546,0.7412199477893291,0.7857780384443349,0.7784842716589117,0.7775609138268127,0.7784841180034785,Thailand
47,0.9627819616758568,0.7874264494967306,0.7675220511918617,0.8108621466890134,0.8036459108678684,0.8028681070628338,0.8036457850509371,Thailand
48,0.9995366873909821,0.8198281239067233,0.7957591426981175,0.8415343649416371,0.833644550658871,0.8327712462575596,0.8336444476368048,Thailand
49,1.0025962326225897,0.8222022278906431,0.7870185047310645,0.8427230977885574,0.8338578948214848,0.8329867667764947,0.8338578104644272,Thailand
50,1.0054497049234412,0.8194933222126148,0.7754208757227139,0.8405841746706337,0.8310235112378405,0.8302308363940398,0.8310234421641612,Thailand
51,1.0154974872341251,0.8262834546080863,0.7758444426289505,0.8480070713228565,0.837756860128817,0.8369451585735077,0.8377568035695521,Thailand
52,1.0160641004849837,0.8254590204234038,0.768192990412194,0.8472579994496388,0.8369524579374816,0.8362245660879795,0.8369524116253337,Thailand
53,1.0107262126258052,0.8151874727805266,0.7535412113335813,0.8359476473790509,0.8264631702881834,0.8257845103521877,0.8264631323666324,Thailand
54,0.9511297080117457,0.7476696450557633,0.6943759978129892,0.7685025562612106,0.7599627181086611,0.7593955281867864,0.7599626870575419,Thailand
55,0.8885136974358658,0.6816983671584844,0.639242512425412,0.7015390700671815,0.6937079706546767,0.6928737942661743,0.6937079452292397,Thailand
56,0.8538962038070702,0.638731784249723,0.6049022229578083,0.6592367626162163,0.6520822099178165,0.6512992380982588,0.6520821890988295,Thailand
57,0.8386601448953929,0.6264236470831059,0.6009416734035686,0.6476994783917748,0.641179550426797,0.6399897789304552,0.641179533379687,Thailand
58,0.8182530969697751,0.600976728732759,0.5818742326983221,0.6214385702425672,0.615591780137406,0.6145778083905246,0.6155917661788038,Thailand
59,0.8389918185834198,0.6183459939223505,0.6019339930071698,0.6386016880638888,0.6334313220064868,0.6325389466875008,0.6334313105768324,Thailand
60,0.8988557391334725,0.676219009194981,0.6637753979534916,0.6968857201149795,0.6915927842820239,0.6907976355868497,0.6915927749231356,Thailand
61,0.9255078096625867,0.7014869680997845,0.6792883415854876,0.7204280610941218,0.7141649872585083,0.713311025127621,0.7141649795952154,Thailand
62,0.9180010227399706,0.6940440528209161,0.6562004435812863,0.7139716279551117,0.7080177430851975,0.7071494781226696,0.7080177368103007,Thailand
63,0.9102277682635213,0.68056457594561,0.6269154297411941,0.7009546647940681,0.6953145495662283,0.6944976842267816,0.695314544428185,Thailand
64,0.8911168747424515,0.6545757254309005,0.5887839019931075,0.6768925793892452,0.6701525090871542,0.6695771256192482,0.6701525048799952,Thailand
65,0.9231392641139553,0.6792764482209603,0.6177565788249848,0.7025334251093021,0.6952056782744122,0.6947640864193663,0.6952056748294846,Thailand
66,0.9392864653559457,0.6941662904470715,0.6386658151437028,0.7149152248748489,0.7083321587574285,0.7079330625740582,0.7083321559366353,Thailand
67,0.8924852982096787,0.6478781916143881,0.5991113236514817,0.6663050995126414,0.6597290124987356,0.6593979986137934,0.6597290101889992,Thailand
68,0.8568121001110617,0.6082066650598276,0.568455741137347,0.6269128011785788,0.6205659196638629,0.6204266272116541,0.6205659177725926,Thailand
69,0.8764484722906019,0.6205793814356094,0.5874807765258434,0.6397191047991547,0.6339873634029138,0.6339581352495736,0.6339873618542943,Thailand
70,0.878455562994486,0.6208149409356393,0.5887763069633913,0.6385979772250169,0.6322484404286374,0.6321359320007176,0.6322484391605887,Thailand
71,0.9126762259194308,0.6544050433298525,0.6253475772191543,0.671946710686842,0.6647446991466563,0.664724697669814,0.6647446981083462,Thailand
72,0.9472335608335215,0.6841226007426056,0.6504919430590641,0.7011815985597876,0.6931898076863208,0.6931991807351281,0.6931898068361264,Thailand
73,0.950590743475256,0.6847445814791034,0.6409624115107413,0.700551653804427,0.6922136087031023,0.6921156098663932,0.6922136080069419,Thailand
74,0.9516575687241826,0.6800269634737728,0.6274434087466794,0.696406287027075,0.6870463002236318,0.6869123593062862,0.6870462996535981,Thailand
75,0.9126711501001523,0.6407664748617914,0.5824926579424674,0.6570194530573326,0.6476554570500177,0.6476747115906483,0.6476554565832597,Thailand
76,0.866631981400775,0.5890689141271617,0.5286255716827039,0.6079599721120639,0.5979278204618739,0.5979264788155317,0.5979278200796807,Thailand
77,0.8738261975596885,0.5910779789025038,0.530560309858065,0.6113017708291376,0.6014303634121496,0.6014725153502103,0.6014303630992003,Thailand
78,0.9171185166638688,0.6322545499022849,0.5775408457672744,0.6534912021708191,0.6443856996123061,0.644496834676294,0.6443856993560553,Thailand
79,0.9211193078879217,0.6332701599374706,0.5829979606762107,0.6513088483041487,0.6434103199018922,0.643315936733706,0.6434103196920676,Thailand
80,0.8779877598555967,0.586932255691921,0.544043142299194,0.6032170490399139,0.5955326950366948,0.5953581123351717,0.5955326948648851,Thailand
81,0.8478847077542715,0.5536652525471168,0.5178575468522864,0.5685628559353042,0.5608719729370124,0.5604964385800777,0.5608719727963303,Thailand
82,0.8779195070485095,0.5785042974800205,0.5489033806908061,0.5941406730217018,0.5865033744851853,0.5861722359807008,0.5865033743699912,Thailand
83,0.9048712836074025,0.6042814879382048,0.575990119346986,0.6207880821482992,0.6125353901974022,0.6122504286349302,0.6125353901030783,Thailand
84,0.9423565899498885,0.6385213352814869,0.6069099453758107,0.6547623850485195,0.6459102583364842,0.6456477363428327,0.6459102582592494,Thailand
85,0.9305563833864069,0.622728648733512,0.5832391948244512,0.6391482193942299,0.6294013956829854,0.6292051590843428,0.6294013956197435,Thailand
86,0.8932052853940049,0.5815067150781534,0.5342111755284633,0.5986009102317179,0.5888661946976025,0.5887154226023914,0.5888661946458185,Thailand
87,0.8377598177673802,0.5196366610316473,0.4733033992709941,0.5392528747050094,0.5287991145573474,0.5285783765263781,0.5287991145149453,Thailand
88,0.8170523919903291,0.49325120494643065,0.43771882758810954,0.5146866470887641,0.5036359332953317,0.5035284491684947,0.503635933260612,Thailand
89,0.8182531347779518,0.48514092958688754,0.42165416998850347,0.5075887762342073,0.4971594136012928,0.49711492281386005,0.49715941357286336,Thailand
90,0.7872164764738045,0.4497966169642458,0.39398961638740093,0.473624873519852,0.4631937346864254,0.4632293666250117,0.4631937346631467,Thailand
91,0.7458980991859497,0.40476341958991585,0.36020115860960045,0.42815737562856626,0.4181340757320431,0.4182628921994344,0.4181340757129819,Thailand
92,0.7579711831924195,0.4136042589825594,0.3776840983610972,0.43661149286682743,0.4278151672414461,0.42797066782085774,0.42781516722583834,Thailand
93,0.7732905301749956,0.43129379416148717,0.40083816305250125,0.45221584803403303,0.4438617425581437,0.44414516313118113,0.4438617425453637,Thailand
94,0.7582927700818144,0.4138634763154585,0.38771677702981333,0.4342388016543902,0.4254306774247638,0.42578126626304225,0.4254306774142992,Thailand
95,0.7267919241642907,0.37899451394231043,0.35715690312663595,0.39794642843726047,0.3904470920533204,0.39089431102804806,0.3904470920447517,Thailand
96,0.689757763443162,0.33559245451650177,0.3172505555303162,0.35162433430451034,0.3451894728760892,0.3455715030631325,0.345189472869073,Thailand
97,0.6678888991992668,0.3119298261140189,0.2916944376775205,0.32550066253841836,0.31994434902726954,0.32039079714838836,0.3199443490215246,Thailand
98,0.6645262802382342,0.3051436070558501,0.27742382220730677,0.31763625790019734,0.312474237868514,0.31292274366422634,0.3124742378638099,Thailand
99,0.7200571422372287,0.3566843775320291,0.3211100577964666,0.3713899507064895,0.3653132449816598,0.3657455096589527,0.3653132449778079,Thailand
100,0.7444203985473872,0.37827760817784434,0.3335314239345746,0.3959302525465146,0.3888152688035926,0.38934472853142643,0.3888152688004386,Thailand
101,0.8049570495672784,0.430759872804429,0.3900463465563785,0.45147347709148283,0.4432750171706112,0.44341796466253536,0.44327501716802864,Thailand
102,0.865611449581588,0.4878442371154377,0.4505401271657622,0.5092816227544662,0.49962495951114727,0.4997216664679578,0.49962495950903263,Thailand
103,0.9191521539607628,0.5377091486421866,0.5032074813763202,0.5579711404956366,0.5482981397806843,0.5481867233354769,0.5482981397789528,Thailand
104,0.9344026477295959,0.5506317253752538,0.5229975104999741,0.5727895608902529,0.5629202973493106,0.562702955938841,0.5629202973478928,Thailand
105,0.9216497747588488,0.5322447297636921,0.5080594099013416,0.5531923588920741,0.5429382971004519,0.5424908741360324,0.5429382970992911,Thailand
106,0.9579311203155941,0.5683750515074647,0.5500176817408147,0.5898050720975505,0.5793434183372941,0.5787806751277882,0.5793434183363435,Thailand
107,1.0023595800324305,0.6095203503664903,0.5909342659994424,0.6276501039153399,0.6185015248507195,0.6178917330962349,0.6185015248499413,Thailand
108,1.0266506023201558,0.6284880899679706,0.6040994823037485,0.6435126484239827,0.6358670261820578,0.6353283575994013,0.6358670261814205,Thailand
109,1.0329496020972984,0.6346937321620885,0.6031551819016414,0.6495595146618545,0.641119647513031,0.6405792367757084,0.6411196475125092,Thailand
110,1.0373516515264511,0.6381338673643303,0.5992700738035999,0.6523607477535376,0.6439934329862684,0.6434978010566221,0.643993432985841,Thailand
111,1.0450167376762571,0.6396657620387335,0.5926783920160895,0.6548020762423896,0.6473054096970792,0.6468066018262798,0.6473054096967292,Thailand
112,1.0730510569222282,0.6637627527949524,0.6187399565717184,0.680671531725404,0.6721911700788262,0.6717563418262251,0.6721911700785397,Thailand
113,1.0495896775222415,0.6396917017864129,0.5949867533875526,0.6551983184560383,0.6481660604726674,0.6477775071927707,0.6481660604724329,Thailand
114,0.9756554451121063,0.5621715002028915,0.5217655002397423,0.5774754032097301,0.5709751027476534,0.570573668019791,0.5709751027474613,Thailand
115,0.9358113379742067,0.5190691813575183,0.4833582128649744,0.5346915842811341,0.5285486507823351,0.5279135667576422,0.5285486507821779,Thailand
116,0.9508907351537516,0.5312263930648939,0.49913018398032605,0.5462395843249039,0.5402518337788889,0.5394902764870328,0.5402518337787602,Thailand
117,0.9860835962548167,0.5619070087344824,0.5358691721234143,0.5795171551006082,0.5726801658352918,0.5719341841960384,0.5726801658351864,Thailand
118,1.001522665593694,0.5753798627092843,0.5556145653882585,0.5951164611988295,0.5875840939218966,0.5868508660185365,0.5875840939218103,Thailand
119,1.0002308410537584,0.573086798573465,0.5565646306597752,0.5945977151706585,0.5864775298983484,0.5858167820997819,0.5864775298982778,Thailand
120,0.9912450051080054,0.5626693515856933,0.5430151233176512,0.5844163178473503,0.575920796499864,0.5753285179849221,0.5759207964998062,Thailand
121,0.9808806807206945,0.5511791584517496,0.5246402205850464,0.5727737887076247,0.5638049512630862,0.5631870175613235,0.5638049512630388,Thailand
122,0.9320425141772736,0.5034795937841186,0.4699763044021809,0.5247179135676097,0.514966433509753,0.5142648274876036,0.5149664335097142,Thailand
123,0.8962582517424774,0.46683080370580515,0.42523289471099623,0.4868875253245231,0.4783692436046022,0.47757279177101497,0.4783692436045704,Thailand
124,0.8429921772863385,0.41463297114041625,0.36972009211850976,0.4330775515850966,0.42574464483675656,0.42483966273786417,0.4257446448367305,Thailand
125,0.8468851643543227,0.41824913919298895,0.36810804587911206,0.43669099055953875,0.4302349303488993,0.4293384357658046,0.430234930348878,Thailand
126,0.8210151722198348,0.3900475485170131,0.3423186377268366,0.4090057766683046,0.4025277453282044,0.40151031194246306,0.40252774532818697,Thailand
127,0.8244114826736828,0.39324946741816424,0.35231009860582224,0.4142801678238994,0.4069976593616494,0.40621165392146025,0.4069976593616351,Thailand
128,0.8393157596595822,0.40994862390109027,0.3721894262727527,0.43117611975990333,0.4230670476655649,0.42259448098658614,0.42306704766555325,Thailand
129,0.8274484231818188,0.3996134560726892,0.36477660256902333,0.41989128909623824,0.4113280275271188,0.41075499545853544,0.41132802752710923,Thailand
130,0.8429103327915543,0.41526901989140697,0.38732809096734344,0.437200296944142,0.4280441347538491,0.4274228508105687,0.4280441347538413,Thailand
131,0.8308336294507791,0.40441682990205113,0.381371214277403,0.4261736033284681,0.41677164064644695,0.4159320452270513,0.4167716406464405,Thailand
132,0.8090972972516149,0.3827816007742222,0.3619741116068174,0.4058024985414853,0.3963482295811041,0.39564480995983947,0.39634822958109883,Thailand
133,0.7604777420634865,0.33435811352714295,0.31765875470511323,0.3574149689428141,0.3485893268201602,0.34799550995190154,0.34858932682015586,Thailand
134,0.7553681869255413,0.3291522708036177,0.30433909537247744,0.3519335359956649,0.34337306178482274,0.34304884745769776,0.3433730617848192,Thailand
135,0.7911676689955208,0.3670830694209451,0.33261146603789826,0.3912114506037999,0.38173205671549953,0.38160499653957025,0.3817320567154966,Thailand
136,0.7764740919928524,0.3533090059826434,0.3133285915074967,0.3765154581308622,0.3667263746636777,0.3663272481900162,0.3667263746636753,Thailand
137,0.7843620633066898,0.3625532947236668,0.31720661007674644,0.386134887134889,0.376467230465835,0.3761250523990912,0.3764672304658331,Thailand
138,0.8084804980063527,0.38699395552193955,0.3352123514933523,0.4106979768529132,0.40096539603800896,0.4004561760445195,0.40096539603800735,Thailand
139,0.8267839152790333,0.40894669636175907,0.3554824442185669,0.4310049914875791,0.4211990991637184,0.4205308949548643,0.42119909916371706,Thailand
140,0.8132888287005089,0.39545514527032344,0.34832682890706784,0.4191418022085301,0.40871942022223556,0.4080476291441657,0.40871942022223445,Thailand
141,0.755057695464842,0.3410622498572846,0.3003031766318127,0.3620531517578682,0.35199277274143637,0.3511618600494398,0.3519927727414354,Thailand
142,0.7111023093142768,0.2991023137331557,0.2654534568272855,0.3185028002678554,0.30817221622526014,0.30737683394235105,0.30817221622525937,Thailand
143,0.6701650310385485,0.2593433226390557,0.2321815275747157,0.27843881858556996,0.26826385532973196,0.2675793518954212,0.2682638553297313,Thailand
144,0.6699762035126746,0.2578747219977311,0.23342567435742123,0.27798159461976035,0.2685709202372718,0.26800620292487154,0.2685709202372713,Thailand
145,0.6386226543212306,0.22750702707645482,0.20403260903347598,0.2492964161585139,0.23974799327941232,0.23928331988769216,0.2397479932794119,Thailand
146,0.6151865320293894,0.20771484191765852,0.17937014554402173,0.23052651866951152,0.2202866562322788,0.22011505636785605,0.22028665623227847,Thailand
147,0.6300367287722717,0.22156212900293212,0.18114455958939324,0.24515410471102086,0.23535077522641895,0.23531830289592823,0.23535077522641867,Thailand
148,0.6449888258696803,0.23752486737038878,0.18209672039772232,0.26232139294436063,0.25272789241159954,0.25285257567091485,0.2527278924115993,Thailand
149,0.6064159292436195,0.20108547255468223,0.14538996367817908,0.22723345954220553,0.21659395023344705,0.21677518213987151,0.21659395023344685,Thailand
150,0.5859175658018767,0.1795467841041877,0.12190311601175927,0.2075811203679536,0.19593938984760606,0.1961752117020939,0.1959393898476059,Thailand
151,0.6074209780914205,0.2010999103035899,0.14567804566257728,0.2299348913455804,0.217706419827697,0.2179402144253459,0.2177064198276969,Thailand
152,0.6315094661975663,0.22539271630697932,0.1777759222054217,0.2550490949228289,0.24241852261345914,0.24265411997033484,0.24241852261345906,Thailand
153,0.6531222363982002,0.24745982090667615,0.2079116866718364,0.277495319896484,0.2649726047936647,0.2652479925886835,0.2649726047936647,Thailand
154,0.6395793255302238,0.2365088007612511,0.2030904845525815,0.2626301338232311,0.2513068445074662,0.25156418065204555,0.2513068445074662,Thailand
155,0.6248241180907574,0.2228879312863232,0.19277249717203518,0.24583621332460978,0.23572497029090902,0.23607992246004517,0.23572497029090902,Thailand
156,0.6340638046292957,0.23179822008633955,0.2032574193561387,0.25479518077971486,0.24564198291185907,0.24603591394922622,0.24564198291185907,Thailand
157,0.640905196594157,0.2403716241049728,0.21002247220383952,0.2626917185239773,0.2530379864996938,0.25355757728959216,0.2530379864996938,Thailand
158,0.5917890696991773,0.1941275431698017,0.16718928853735807,0.21589340246821537,0.20582982049416826,0.20645230464828743,0.20582982049416826,Thailand
159,0.5693411943261208,0.1735720343707459,0.14156337464501687,0.19357213603362047,0.1844703422587194,0.18525155451608255,0.1844703422587194,Thailand
160,0.6002954683651929,0.2058856884761537,0.16426258032994429,0.22604224123099995,0.21677670019293352,0.21769634303672983,0.21677670019293352,Thailand
161,0.5981556019522258,0.2025673797438358,0.1557759961173475,0.22271180952020211,0.2149150893556776,0.2157386669127718,0.2149150893556776,Thailand
162,0.5585539164015241,0.16421436508061332,0.11521514274922323,0.18698145954584985,0.17819309657410995,0.17893891567505735,0.17819309657410995,Thailand
163,0.5323393661027629,0.136886469496519,0.08913882002572526,0.16196903054276143,0.15192449631085497,0.1525522883481165,0.15192449631085497,Thailand
164,0.5375927626276897,0.14307661287904722,0.10074891179230705,0.16944302816130163,0.15894504108727997,0.15952558699006203,0.15894504108727997,Thailand
165,0.5584843922305824,0.16708468558007683,0.12906693661069762,0.19243849845393135,0.18200140166572404,0.18257054223401042,0.18200140166572404,Thailand
166,0.5680987662091561,0.1786214332347469,0.1451363786711405,0.20358441977060743,0.19272545053973222,0.19337772381414176,0.19272545053973222,Thailand
167,0.570925017820884,0.18168397649598755,0.15549174491572487,0.2065538285136582,0.19602832213407417,0.1966794756830462,0.19602832213407417,Thailand
168,0.5315113634656975,0.14534082811548843,0.12422739035061986,0.1671217705880149,0.15771628833456827,0.15837791893032696,0.15771628833456827,Thailand
169,0.48156111628825327,0.09764532448828711,0.08139532182807796,0.11705869321362539,0.10891915485178161,0.10958339494380326,0.10891915485178161,Thailand
170,0.4457715606189947,0.06475320186630207,0.04649165414679862,0.08081938867714306,0.07405617127908326,0.0748431899885349,0.07405617127908326,Thailand
171,0.47767847762271687,0.09880953805230314,0.07363122046006365,0.11220860427371954,0.10664112375738177,0.10751100120400903,0.10664112375738177,Thailand
172,0.5204565513243998,0.14094501066247195,0.10552331813136634,0.15554488092264424,0.15062252060664427,0.15137261644399963,0.15062252060664427,Thailand
173,0.5125993576428926,0.13127342456090252,0.08974388006140938,0.14867168913006434,0.14292576733254614,0.14332969095223713,0.14292576733254614,Thailand
174,0.514396506876608,0.1318561581630493,0.07909136164710745,0.1521373181471713,0.1447507787076333,0.14512121169181802,0.1447507787076333,Thailand
175,0.5543529201561002,0.17180010717096467,0.11575351615437862,0.1941726876004764,0.18595648481860677,0.18619751191719577,0.18595648481860677,Thailand
176,0.5949392020158529,0.21460668041352868,0.1629769809325824,0.23924268772000074,0.22979663117499352,0.22985665278320785,0.22979663117499352,Thailand
177,0.6357920872168628,0.2559806765148184,0.21115305115062985,0.28254282724066104,0.27217199606937514,0.27203947522359867,0.27217199606937514,Thailand
178,0.6925056642496302,0.31271938418791423,0.2764090142166564,0.3395399508572593,0.32879963457950157,0.3285062602466867,0.32879963457950157,Thailand
179,0.6907170578318271,0.31277436699047034,0.284916463246607,0.33996785045657024,0.3295314371348624,0.3292584318229895,0.3295314371348624,Thailand
180,0.6500283994748078,0.27584695145633503,0.2502884397551952,0.3015224801242142,0.29096094049758214,0.29048049111361046,0.29096094049758214,Thailand
181,0.6677011810606948,0.29400754381760935,0.2707961988064337,0.3206599462951721,0.309996506544658,0.3095560788420224,0.309996506544658,Thailand
182,0.7005661354422841,0.33046037256208316,0.3076887190342942,0.3549563462148251,0.3441199274098453,0.34370964728917175,0.3441199274098453,Thailand
183,0.6600111204489533,0.2906215079794875,0.2681073879426953,0.31537106463347736,0.3041628869802559,0.3037411919640858,0.3041628869802559,Thailand
184,0.6616505506545213,0.29193563401663014,0.26524030871800064,0.31768901566870433,0.30636705669350744,0.3057412304805188,0.30636705669350744,Thailand
185,0.6354945149489954,0.26735255239818084,0.23288436327137593,0.29335847120782954,0.2816155347757834,0.2809662771133631,0.2816155347757834,Thailand
186,0.5805488682708009,0.21266666574039242,0.1724094746610612,0.23923144604595453,0.22784872268636758,0.22693113523751954,0.22784872268636758,Thailand
187,0.5952892013700282,0.22970223991691166,0.1880114852468212,0.25663237095668534,0.24491319611192622,0.24398232388889388,0.24491319611192622,Thailand
188,0.6423456144285291,0.27747605071386705,0.23980052160139734,0.3051732984159167,0.29351864145819717,0.2924591048045725,0.29351864145819717,Thailand
189,0.6560010787613688,0.29173198406493894,0.26082376938095,0.31996359704957317,0.30796128265632794,0.3067533357532447,0.30796128265632794,Thailand
190,0.6601917697237376,0.2962513093276431,0.2690424682341943,0.32314470924608374,0.31179783841785386,0.31070265765278526,0.31179783841785386,Thailand
191,0.6543555809195052,0.2914904967176631,0.2690871473473213,0.31918778549904275,0.3077654658907806,0.30651493515063377,0.3077654658907806,Thailand
192,0.6136849105067871,0.2549060878294923,0.23362898690573125,0.28011014659440503,0.26878925570618734,0.26746854767189565,0.26878925570618734,Thailand
193,0.613923686277552,0.25699526926503913,0.23612919163778065,0.28093576960340116,0.27009270530364815,0.26882817243254864,0.27009270530364815,Thailand
194,0.6016732524977844,0.24850949129302993,0.21926045518410692,0.2706049583076696,0.25966090037845774,0.2585120971715116,0.25966090037845774,Thailand
195,0.6187282999820989,0.2683110586448355,0.23347086251468502,0.28950773109570993,0.2789037882533194,0.2778212119708179,0.2789037882533194,Thailand
196,0.6373707010926251,0.2890551987150355,0.24636704770739426,0.310393722359095,0.2993474824681538,0.29839735774754383,0.2993474824681538,Thailand
197,0.6647135042705614,0.3165193985276523,0.26917090628543683,0.3373451899086416,0.3283002510043928,0.3274650745265609,0.3283002510043928,Thailand
198,0.6155056546728634,0.26777063232353926,0.2200615950339983,0.28758672530102003,0.2801213257609259,0.2793076065356342,0.2801213257609259,Thailand
199,0.5614746528560202,0.21389451986650115,0.16217655971663736,0.23642508951158278,0.22756445514909326,0.22695461693792693,0.22756445514909326,Thailand
200,0.5244950850215898,0.17660724734632743,0.12522144532194657,0.20122489229992618,0.19136362447999966,0.19088031262219907,0.19136362447999966,Thailand
201,0.5340484973716351,0.18624194017240492,0.14053156784913423,0.2125550178688696,0.20193907911230968,0.20161376403156772,0.20193907911230968,Thailand
202,0.5579518932303167,0.21332964172836538,0.17268152237585727,0.2381073567651099,0.22710465375869734,0.2263433265743863,0.22710465375869734,Thailand
203,0.5468743202555849,0.20147244080792942,0.16875020063303436,0.22668179495103186,0.2156052987000192,0.21443784123225323,0.2156052987000192,Thailand
204,0.4937389435643662,0.1493653102890533,0.12340270294543187,0.17379075136057487,0.16277156339555732,0.16152669862343233,0.16277156339555732,Thailand
205,0.42160131948954427,0.08044151265168925,0.06004947110354075,0.10334278065479835,0.09331466272255445,0.09216426522160115,0.09331466272255445,Thailand
206,0.36658289549852957,0.02772602321806622,0.008980104182187143,0.0469913852497813,0.03845954879770913,0.037618270026455014,0.03845954879770913,Thailand
207,0.3370814927097294,0.0017837546689841166,-0.021383902315755265,0.018087684536993442,0.010976945548887174,0.010336588721831852,0.010976945548887174,Thailand
208,0.29849042262458375,-0.03870570744931562,-0.05997450905000712,-0.022205926846072255,-0.028882299024499847,-0.029153268452026426,-0.028882299024499847,Thailand
209,0.3403718555824199,0.004972109995663554,-0.010880775307311075,0.021993283637376848,0.015397369853415,0.015240162268598867,0.015397369853415,Thailand
210,0.3281665661865667,-0.0067300669056974405,-0.017120019810389964,0.01103618277440832,0.005222388885216422,0.004623230797323463,0.005222388885216422,Thailand
211,0.2681886889619241,-0.06658197413974976,-0.07430975315259841,-0.0456657195650777,-0.0532852335664582,-0.05375977954399436,-0.0532852335664582,Thailand
212,0.23842156060976402,-0.09552159645411812,-0.10448157188473878,-0.07397551753892989,-0.08270457133311332,-0.08299567095620491,-0.08270457133311332,Thailand
0,0.7649275290725689,0.7649275290725689,0.7649275290725689,0.7649275290725689,0.7560998456535132,0.7649275290725689,0.7649275290725689,Australia
1,0.7484477634242763,0.7660755078797613,0.7611063019309944,0.7640480362544732,0.7564125939486757,0.7646047448456101,0.7646921296409596,Australia
2,0.6849368317961771,0.7193527114356868,0.7104870222403993,0.7155959657068306,0.7088951244431311,0.7163631573442186,0.7166605491899936,Australia
3,0.5902581339427194,0.6408513570529457,0.6280452163577274,0.635962409322064,0.6297041188488763,0.6362634683827105,0.6369873559457805,Australia
4,0.5325103261438439,0.5982028418008846,0.5783759728440601,0.5921895512439136,0.5863198641600308,0.5920050365963104,0.5931508546517168,Australia
5,0.4871011337128547,0.5673775991354307,0.5428155021597593,0.5602744435867195,0.554788441001517,0.5599095860145473,0.5611952667682272,Australia
6,0.4250518159959947,0.5183317999730279,0.4915122366130946,0.5107003342838629,0.5056739420801224,0.5098034072653338,0.5116829412808884,Australia
7,0.37101190310422244,0.4766449991427883,0.4479506342949354,0.46839092413514455,0.4640093365638979,0.4677535242038674,0.46964521191147235,Australia
8,0.3090258319319483,0.4267595272455514,0.3974272202715255,0.41710298854751193,0.4135489164234314,0.41644536269186583,0.4188348367359766,Australia
9,0.2854305521083489,0.4137478596782302,0.3827468174692146,0.4032913181601209,0.40035750267400566,0.40292946965629567,0.4053151981210143,Australia
10,0.24930549597700236,0.38762167904085015,0.35524705927187283,0.37652266160507597,0.374152736789233,0.3760157133683894,0.37880258822323154,Australia
11,0.2693362566298827,0.41634942055507734,0.3814988764289129,0.40511357973343665,0.40316290811707434,0.4043916089182693,0.407524030858348,Australia
12,0.2988306749862041,0.45434557846731743,0.41175900792007997,0.44243780646511055,0.4409979462115885,0.44200558114340643,0.4450882686303628,Australia
13,0.3413729806565586,0.5050473560564227,0.45486886956956085,0.4918499930691017,0.4911193022179742,0.49202080103095786,0.49495563943710097,Australia
14,0.39502591330968506,0.5662600687230908,0.5087930888129225,0.5524488182328233,0.552043113984785,0.5528364443470795,0.55564123700592,Australia
15,0.4616070919172046,0.6393139848603139,0.5780607141873493,0.6251042625325425,0.6250375833041371,0.625505603115296,0.628412283841586,Australia
16,0.4986666630430257,0.6820046864198772,0.6172134062056602,0.6676484258260786,0.6678685516471566,0.6682686844208972,0.6710337029359154,Australia
17,0.538959572788236,0.7272727658503403,0.6617066937674871,0.7131391712938018,0.7136557102868128,0.714051209480688,0.7166243241147835,Australia
18,0.5184967117932778,0.7103864565699058,0.6438874285689167,0.6971111650334252,0.6976149408494092,0.6978997618891787,0.7003992210482476,Australia
19,0.5425363539024157,0.7387266842101277,0.6695060085137666,0.7252468839839634,0.7259645320473684,0.7261094042815908,0.728575924661861,Australia
20,0.5180160535317186,0.717966281956373,0.6475575350532559,0.7038276001503689,0.7048367833801013,0.7048931204753233,0.7072860237223167,Australia
21,0.44218501814436817,0.6446922203901272,0.5763102849197579,0.631010152487269,0.6323500856562174,0.6320708223123312,0.6346472424378687,Australia
22,0.35884827804816105,0.5657810249737731,0.49936831161204626,0.551039267750479,0.5527185721500076,0.5524014544746159,0.5548730888744519,Australia
23,0.32106589191687646,0.5318855971417026,0.46152965314841643,0.5166028707603665,0.518655005110443,0.5182968680045716,0.5206757388944788,Australia
24,0.29878515846986137,0.5135325358786104,0.4351790095483389,0.497411702004938,0.4996997300862609,0.49929495458201156,0.5015949880713186,Australia
25,0.3451564501658914,0.5626215582134135,0.48379331518484814,0.5467096681437285,0.5489463231117087,0.5480228060554085,0.550723896614118,Australia
26,0.345388229167945,0.5656090363198701,0.482866812236915,0.5494447415706047,0.5517124203145769,0.5507522104946652,0.5533796168553009,Australia
27,0.35290994278889554,0.5752100593578967,0.48608831603721475,0.5588223953304801,0.5612861984119297,0.5601631175831299,0.5628498717574396,Australia
28,0.3940995524666589,0.6190077064598356,0.5240567384575527,0.6016493798255407,0.6045628949757622,0.6030033803978303,0.6060294733135485,Australia
29,0.37637507313587815,0.6032352374660761,0.5077991856278998,0.5858460685405225,0.5888771284219687,0.5873423582963575,0.5902526407865173,Australia
30,0.4159961947489018,0.6457498089075546,0.5487453805540294,0.6275696836753011,0.6311413671020021,0.6293689066052595,0.6324314681598713,Australia
31,0.4690281532646081,0.7003304754012607,0.6021524768399962,0.6826752961754912,0.6864898768465402,0.6847725153836087,0.6876998701424284,Australia
32,0.4741216903301386,0.7058950313000302,0.6074820684083639,0.6886130765554855,0.6927002369973966,0.6910388486184419,0.693835096756765,Australia
33,0.525067498940408,0.7575829867843125,0.6622814619721475,0.7405112356264706,0.7447747423149963,0.7433100401359651,0.7458391338928756,Australia
34,0.5055626593377942,0.7382074594018887,0.6469361314517751,0.7220012906710795,0.7261660702656942,0.7249078428981626,0.7271643693257391,Australia
35,0.4449235765144615,0.677689640015829,0.5892937070619276,0.6622551951335959,0.666286286378923,0.6649026684768888,0.6672225968815598,Australia
36,0.3603749980902543,0.593246068577946,0.5092187882176379,0.5781116862848255,0.582368637018487,0.5805671893854308,0.5832468080921016,Australia
37,0.38730660761762825,0.6214112870590233,0.5363561447179838,0.6055839604799242,0.6098107767582996,0.6077708558537879,0.610634418522823,Australia
38,0.40658275281691925,0.6411407349343888,0.5518497914592676,0.6254784498609197,0.6294845293861463,0.6273128802059145,0.6302570277940871,Australia
39,0.44260877053238723,0.6781819738984531,0.5855847433101853,0.6619827199027988,0.6658022435934894,0.6636256272459944,0.6665267743494261,Australia
40,0.4891363979125908,0.7255665510866827,0.6313228777181674,0.70847110741239,0.7125222329812168,0.7105572291404507,0.7132017745969692,Australia
41,0.5530242982158097,0.7899459166721263,0.6965671064094223,0.7724175936475831,0.7765093289005498,0.7744602954340327,0.7771466749397008,Australia
42,0.5597780657069437,0.7967135539901518,0.70163711071847,0.779228915753034,0.7832749107066815,0.781392139973617,0.7838726812687857,Australia
43,0.5308843025114182,0.767669687833212,0.6669767465918872,0.7503306776951832,0.7543110063949173,0.752627752303957,0.7548716588866067,Australia
44,0.4915545626597886,0.7285454355269669,0.6248934632214471,0.7109315532306598,0.714834258950773,0.7133871948107701,0.7153600981880399,Australia
45,0.42101551627912287,0.6576913778520892,0.5573430260820242,0.6400860958716028,0.6440761114618134,0.6426813411146592,0.6445692991450007,Australia
46,0.36459561080818115,0.6007078457536261,0.5049758873301776,0.58295567251175,0.5871258224609965,0.5855062143452139,0.5875883860614457,Australia
47,0.3632613803794051,0.5989951945672457,0.504610722185736,0.5809747008520664,0.5854565858926963,0.58387706363156,0.5858904269875869,Australia
48,0.33302593804780767,0.5675602651591397,0.4752838764640651,0.5500943736951965,0.5548257175206373,0.5525558810198291,0.5552326196102808,Australia
49,0.2636031297050195,0.49596528155036884,0.4060173257790578,0.47854685377139367,0.48348882200090365,0.4809092355990037,0.4838704578406298,Australia
50,0.23179518458214599,0.46191300419925463,0.3678949643455685,0.44501861328236586,0.44980442153580236,0.4469074676423798,0.4501623600125772,Australia
51,0.1716696824697648,0.39972019833687855,0.305577058852718,0.3823090995539734,0.38694431905623006,0.38389708973482684,0.3872800316382764,Australia
52,0.12005485952771956,0.34560722133823274,0.2510951646465244,0.32765088990137525,0.3321149238544683,0.32902846567685856,0.33242979064040235,Australia
53,0.06219189118636628,0.28449666601716667,0.19301120118755502,0.26667473337286834,0.2710745458064824,0.2680028971846896,0.27136986119883416,Australia
54,0.003739560451698116,0.22288967714747715,0.1347037736148408,0.20541862858311805,0.20956088217124152,0.20664397626223255,0.2098378601976827,Australia
55,-0.0513298075348651,0.16529850276067717,0.0798117980197573,0.14717304015625818,0.15137660673438869,0.14854921755139203,0.15163638603854313,Australia
56,-0.03256813320568346,0.18124232963546832,0.09574931379615753,0.1626800151129869,0.16713556939324278,0.16401990662614263,0.16737921791559696,Australia
57,-0.031575599125980056,0.17895661479066372,0.09382679711819823,0.16005396538329242,0.16449962439833718,0.16119458573623605,0.16472814376649317,Australia
58,0.006820930801826573,0.2135826483886491,0.12944056913653232,0.19542112642652648,0.1998178699936775,0.1961062685412557,0.2000321996399969,Australia
59,0.04011375560063071,0.24407474512185354,0.15893444020873002,0.22544187486819153,0.22981744483332486,0.22603105217780367,0.23001846585689098,Australia
60,0.1146087878944887,0.3149115288767088,0.2296320051870812,0.2965273647433839,0.3007363878236825,0.29713799553587983,0.3009249266124572,Australia
61,0.13465851866782436,0.3300145320294149,0.24140257586230568,0.31181965726411337,0.31629497797649836,0.31281458576751114,0.31647180960456406,Australia
62,0.1594486217093791,0.34730762384145375,0.2520421541172888,0.329408631472041,0.33386760632300655,0.3304514906886069,0.3340334577368593,Australia
63,0.12211589127211632,0.3031841529535908,0.20870572537404475,0.2854153688778352,0.289846786164852,0.28639332009802926,0.2900023391718442,Australia
64,0.06688584146060941,0.2411975236135962,0.14925933507947345,0.22302883315657784,0.22785660706533467,0.2241786223276719,0.22800250113655318,Australia
65,0.04135537752628042,0.2094637267162659,0.11932120795836546,0.19078999464733234,0.19590455666884418,0.19196536348783694,0.19604139156794567,Australia
66,0.06824185527486676,0.2302399431270214,0.13643004353204907,0.21118444274345455,0.21611841642576513,0.21229899483979478,0.21624675467457627,Australia
67,0.14093887852253334,0.29483481189932903,0.19830904433951183,0.2761731426155952,0.28101393760628757,0.27698104102459187,0.2811343067973058,Australia
68,0.20033139077570816,0.34749618473853205,0.25073560021474883,0.3283177845856697,0.33317059746483085,0.32895152455566673,0.33328349243013233,Australia
69,0.17587934246229425,0.3178903411344884,0.22148171268891478,0.29804940914020916,0.3030691066831347,0.2992310911404069,0.30317499152860555,Australia
70,0.15871853021337057,0.2938097802986265,0.20006834156688402,0.2747731685281907,0.279797431129303,0.2762479140576869,0.2798967411425569,Australia
71,0.13520053981948799,0.2638178758121036,0.17196463622730107,0.2446854438511645,0.24981702997155106,0.24647279842065722,0.24991017341137609,Australia
72,0.11351641149447926,0.236006863492158,0.14494567625173826,0.21735924557732544,0.22255909993970732,0.21917508524425386,0.22264645971439845,Australia
73,0.0950606023897474,0.21187905138752008,0.11921884372727001,0.19319935528392043,0.19846948059618721,0.19516811186417507,0.19855141583766447,Australia
74,0.12330601034360722,0.23490767384675335,0.14255015305698573,0.21657079648523828,0.22191823610156033,0.21846845427294842,0.22199508364174317,Australia
75,0.14591364317975594,0.2517072357889921,0.15764626577680074,0.2332592715285095,0.23864628954154105,0.2350137455457755,0.23871836529704843,Australia
76,0.10780818672484645,0.20789532056966928,0.1163154663142277,0.18968531287803697,0.19518878498971384,0.19110280939196925,0.1952563852605826,Australia
77,0.05140107656075977,0.14676840116469095,0.057619918211996385,0.12810960975612218,0.13351829225126877,0.12926762079787255,0.13358169493902913,Australia
78,0.09190660567340642,0.1821103099878353,0.09263457982678247,0.16377586307056866,0.168924820530648,0.16452048783336373,0.16898428628076378,Australia
79,0.16595555970831488,0.2514617764178643,0.15997872923163223,0.23380549110950927,0.23875994480438906,0.23419963069743363,0.23881571807775875,Australia
80,0.15010451857976656,0.23125739980186802,0.1422656175425554,0.2142089535283591,0.21928161552529496,0.21467841056887715,0.21933392560321902,Australia
81,0.08179642731676405,0.15934952382859238,0.07433973268770666,0.14203382261205255,0.14732780408685742,0.14263356299266486,0.14737686601360295,Australia
82,0.0821490612535199,0.15607855556767627,0.07101030799865193,0.13889123267015974,0.14409865217576787,0.13916395054878972,0.1441446676426054,Australia
83,0.1360684299388305,0.20635023636770355,0.11978713075633626,0.18908910883083685,0.19425253389819047,0.18894427525979296,0.19429569207253727,Australia
84,0.11980023631235158,0.18721747599812008,0.10172480009085688,0.170289847945853,0.17518366459829432,0.1699545472215322,0.1752241429013729,Australia
85,0.13062970785582406,0.1962396012840482,0.10776765584508388,0.17891230384644888,0.18354880977834445,0.17855209851850143,0.1835867746145526,Australia
86,0.1394520315650294,0.20288371191605048,0.10491711169616408,0.18477739490611006,0.18981616194549517,0.18488922841839622,0.1898517693864868,Australia
87,0.16973639206782215,0.23165412018697415,0.12944632571503425,0.21330595945870698,0.21827275257609938,0.21351413531249347,0.21830614900238768,Australia
88,0.22946082421644115,0.2899897331371638,0.18565970833822643,0.27168202451977164,0.2766890178718455,0.27132736479909647,0.2767203405745663,Australia
89,0.26731108656135794,0.3285370449454555,0.22014897418281026,0.30907683845112166,0.314693114034941,0.3087076662937488,0.3147224917802502,Australia
90,0.30447798161136286,0.36453282426866235,0.2569735076690457,0.3447696286505691,0.3508671850837955,0.34489391972241884,0.3508947386422207,Australia
91,0.2784961079000153,0.33729501862941286,0.23168537716015383,0.31833171700913004,0.3244414669459361,0.3181166216764073,0.32446730958885855,Australia
92,0.25029550294173264,0.30860405625173604,0.20151217584482561,0.28922307355191557,0.29525602489743774,0.2888736246273895,0.29528026286274556,Australia
93,0.30525944710620584,0.36159920357850656,0.2538473650557784,0.3416489753999312,0.34775306982859633,0.3414386829402817,0.34777580275742354,Australia
94,0.3855601726395074,0.4413387140523234,0.3374137621425129,0.4213723469934608,0.4275269564872721,0.4217050123051368,0.4275482778336186,Australia
95,0.4360513769180798,0.4915956170500877,0.3894865267243365,0.47167741055573065,0.4776864791791231,0.4724011931272557,0.47770647659403975,Australia
96,0.44057069364447676,0.4972903143425197,0.3948062625926123,0.47692813285031,0.482788149955496,0.4778586194903197,0.4828069056474138,Australia
97,0.4255621010062989,0.48202842443049165,0.37954680990287093,0.4610916560387705,0.4671886449373267,0.46261308210960483,0.467206236010012,Australia
98,0.43059410654824704,0.48705533830730185,0.37849389299949554,0.465731630944318,0.47215376130303255,0.46782896854666034,0.4721702600725568,Australia
99,0.48751626561678296,0.543877721013882,0.4348692786067272,0.5220796231495451,0.5288507409614328,0.5245319894518449,0.5288662152534606,Australia
100,0.5325968900672226,0.5873627952731406,0.4786790166641074,0.5653090562284036,0.572583062696465,0.5685572149171536,0.5725975761250819,Australia
101,0.5941900057601388,0.648943160570592,0.5440367120079792,0.6274373975843077,0.634698477703749,0.6309657991408288,0.6347120899329768,Australia
102,0.6621819761582475,0.7170312875211194,0.6147756381578673,0.6959606564599852,0.702936650177491,0.6995023937030385,0.7029494171665631,Australia
103,0.7170623441250754,0.7720814629330541,0.6703649639592527,0.7514100317044137,0.7581291543360509,0.7549226377662767,0.7581411285694581,Australia
104,0.776128759924171,0.8300784551842104,0.7325746198765479,0.810374329826507,0.8168385498386251,0.8138861884233848,0.8168497805418772,Australia
105,0.8372144232755108,0.8917746917809952,0.7991139629707578,0.8723964424297177,0.8786452455786105,0.876007938154957,0.8786557789205998,Australia
106,0.8731172893446053,0.9270675488450135,0.8382872082411892,0.9086380356155942,0.9146558193068164,0.9122625808181053,0.9146656985896157,Australia
107,0.8646750207067533,0.9188600568900737,0.8295392807493536,0.9012867232268751,0.9070455667894984,0.9048737854749099,0.9070548326263741,Australia
108,0.8214140796984376,0.8762936567531389,0.7809492291165688,0.8594397388939203,0.8650523095329,0.8630677828563935,0.8650610000152712,Australia
109,0.7466306448982516,0.8016203294868904,0.7038224215818839,0.7850954747790461,0.7908892898890173,0.789192191283591,0.7908974407430477,Australia
110,0.703018207546563,0.7592957413991855,0.6604069813803455,0.742164118779839,0.7480211871879691,0.746482246389142,0.7480288319214358,Australia
111,0.678259064043405,0.7358820941152966,0.6348020174507767,0.7186266148422659,0.7242850468130801,0.722923712529492,0.7242922168531224,Australia
112,0.6777132294875138,0.736564513038683,0.6348900622317797,0.7193590832296065,0.7248611365114599,0.7235896427724529,0.7248678613337747,Australia
113,0.6529396360792935,0.7133024261947363,0.6089609661589915,0.6955348625349854,0.7008961369022996,0.6995428630827751,0.7009024441523148,Australia
114,0.6836851104187494,0.7460936398009633,0.6420451015521673,0.7274994229158727,0.7334558798793316,0.7321227888473356,0.7334617954858551,Australia
115,0.6822413605026817,0.7467748748885418,0.6394794266180077,0.7274152153359986,0.7334700775917274,0.7322740194056974,0.7334756258735391,Australia
116,0.6840488338404879,0.7511410783198438,0.6441985249241303,0.7318817163725789,0.738066350545502,0.7370497656707764,0.7380715543113271,Australia
117,0.6963942305235665,0.7660511060532217,0.6614204973894843,0.7468493820767371,0.7530273786307212,0.7521469772756126,0.753032259272996,Australia
118,0.7432961120417522,0.8140182097573442,0.7128163775058842,0.794870544769345,0.8010423158618679,0.8002896418229585,0.8010468934446829,Australia
119,0.7937254913597633,0.8679453690344846,0.7692588220175769,0.8489238650168811,0.8551147352103127,0.8545740690952027,0.8551190285518954,Australia
120,0.7687843565943169,0.8432376821563984,0.7428998764226723,0.8251699362043781,0.8310725521433528,0.8307861401438483,0.8310765788934282,Australia
121,0.7109943688130858,0.786527776923183,0.6833343205191921,0.768606229118398,0.7742881400579084,0.7740855671190032,0.7742919167702563,Australia
122,0.6970228159119249,0.7745962446420439,0.6683968997975918,0.756760947987221,0.7624780499246779,0.7623275491954188,0.7624815921251852,Australia
123,0.7020571934279446,0.7799554695960212,0.6725562731419215,0.7616417993986817,0.7677527956755384,0.767832880474657,0.7677561179260244,Australia
124,0.7017425654300113,0.7812094427306594,0.6684612122421218,0.7626931710837425,0.7686382724179985,0.7687949271659924,0.7686413883760784,Australia
125,0.6592147095446836,0.7411899348706006,0.6251953259463043,0.7228008437163504,0.7285355510555832,0.7286949115522101,0.728538473530814,Australia
126,0.6084038126168193,0.6906958955614594,0.5710234294498034,0.6715670487226905,0.6776437688196315,0.6776464785065945,0.6776465098261714,Australia
127,0.5322640951923802,0.6152030185060321,0.4977362164795019,0.5958883414063465,0.602240406904485,0.6020177070008015,0.6022429777104827,Australia
128,0.46004380232035186,0.5438621793442497,0.4282373874644348,0.5242327476025531,0.5307919679843337,0.530447125436553,0.5307943791582517,Australia
129,0.3986902711047573,0.48413152325295244,0.37079980609685226,0.4643159752734569,0.470893359565331,0.46993056981363224,0.47089562101939164,Australia
130,0.39649062821034065,0.4823676882312814,0.3677857758740121,0.46198551690657264,0.46859630427599186,0.4673220148499618,0.4685984253069263,Australia
131,0.41806717526209003,0.503911262124413,0.3876511082065319,0.4836038841824644,0.4901627095062849,0.48867153775563765,0.49016469883355146,Australia
132,0.3699823391391814,0.457868397086312,0.3450905343994862,0.4372258318816231,0.44393646342488335,0.4427023980904323,0.4439383292265128,Australia
133,0.3779474156428497,0.46797262163672887,0.356068428448647,0.4467512638509095,0.4535635005220627,0.45247356400074257,0.4535652504682776,Australia
134,0.4019338841855047,0.49378430388772937,0.377993138527095,0.47253871637516615,0.4792711752470082,0.47807632244691284,0.47927281653175496,Australia
135,0.44286017076632067,0.5366583065341187,0.4187394002529663,0.5152714019331867,0.5220554566239689,0.520929762041895,0.522056995994492,Australia
136,0.5008154656379727,0.5954034305000137,0.48061240803769667,0.5737586845410686,0.5808599354942056,0.579634530382691,0.5808613792787846,Australia
137,0.5381360947626574,0.6346841842922536,0.519996717195257,0.612549552826571,0.6201141248720862,0.6189758166482924,0.6201154790060516,Australia
138,0.530255518517487,0.6283077266117747,0.5146856956324813,0.6068704908591007,0.6142907115429395,0.6130404728985116,0.6142919815930723,Australia
139,0.4668325765673762,0.5655037274995324,0.4540065829855107,0.54466495582449,0.551822532699945,0.5504189229062826,0.5518237238873615,Australia
140,0.4390992594474509,0.5401087538879527,0.4284961361710503,0.5199891945256024,0.527177682898098,0.5253639750348374,0.5271788001197135,Australia
141,0.4099234581688218,0.5134497008047053,0.4034024422277393,0.49306493528943224,0.500248798456054,0.4976778634997053,0.500249846304714,Australia
142,0.3622340568125257,0.4658694708519836,0.35699758592624803,0.4452709577140596,0.4525550258789517,0.44986783181673373,0.45255600866231277,Australia
143,0.3892140834970981,0.4947038048878093,0.38692270979144056,0.47418826192382457,0.4814802767160733,0.4786902331988163,0.4814811984743115,Australia
144,0.46249358847336364,0.5685109765408429,0.4606108964611394,0.5473916250405484,0.5547161166393293,0.5516899756990014,0.5547169811617494,Australia
145,0.5152704957961116,0.6231755599889192,0.5137559859117407,0.6021019853602841,0.609238950538384,0.6064889716257509,0.6092397613789968,Australia
146,0.5496469959560658,0.6595152775967742,0.5473448685721922,0.6386651615564252,0.6455778527270883,0.6430336427267521,0.6455786132192216,Australia
147,0.5534530791328311,0.6626035190398282,0.5491502674845153,0.6422043299959286,0.6487878292633954,0.6464159049522537,0.6487885425333964,Australia
148,0.4776740946005169,0.588621355687529,0.47881169302646015,0.568015898821487,0.5743990767871964,0.5721978832257775,0.5743997457672845,Australia
149,0.4372297049787405,0.5488136017282179,0.4396510096916261,0.528011411237376,0.5344463755969047,0.5321445364776362,0.5344470030372255,Australia
150,0.4075646601879711,0.5206828448791374,0.4103598475295012,0.49860993814900145,0.505729819236181,0.5033585871499086,0.5057304077161122,Australia
151,0.36229184660487157,0.47692564243764074,0.368590415838362,0.45482357599122825,0.46232126044873967,0.45970090018833215,0.46232181238749454,Australia
152,0.33422599215929033,0.44824070491091667,0.3355628427392922,0.4260218109792487,0.4334860246700776,0.4306488038643454,0.43348654233665035,Australia
153,0.37531034833857957,0.48829831128419104,0.37480684800907355,0.4659015164518044,0.47336144262959495,0.47006092215746287,0.4733619281520885,Australia
154,0.390959086550239,0.5023952071405129,0.391143441602325,0.480691965284445,0.4881199761371706,0.4842809690537256,0.48812043151154505,Australia
155,0.33502572570802797,0.4458441144850935,0.3389077332476773,0.42425668530373634,0.43167657444266766,0.4276530947108962,0.4316770015409456,Australia
156,0.3607009180472292,0.471708614396515,0.368566435717026,0.4508398069587878,0.4581323348777542,0.45421715240708,0.45813273545571664,Australia
157,0.42457248592633495,0.5359655421708904,0.43519032054560697,0.5154411192080051,0.5227360021201188,0.5188430651041809,0.5227363778245229,Australia
158,0.4515098101728524,0.5638734614406924,0.4616430374675787,0.5436720386824999,0.5509691303564023,0.5470970574820215,0.550969482731751,Australia
159,0.4080958739534793,0.5220735932981136,0.41868646806602955,0.5016033768742543,0.5090142017392084,0.5053410091208546,0.5090145322341002,Australia
160,0.3992071106329091,0.5150493874966392,0.4059595290083529,0.4943449686044124,0.5019811811326683,0.4985049391335307,0.5019814911057522,Australia
161,0.3767528767034812,0.49399223506100665,0.3815554365850828,0.4732009051294288,0.4810237936095607,0.4775029877616634,0.48102408433512145,Australia
162,0.3134344692143809,0.4328268887128223,0.3230166097530645,0.41140890908170225,0.4197590617314396,0.416287585965738,0.41975933440463625,Australia
163,0.2715127622800284,0.39249696483268215,0.2844858694676366,0.3704605943444298,0.37927617812699205,0.3757811238475665,0.37927643386877125,Australia
164,0.285108401925809,0.4074607259373259,0.2970231933432648,0.38666704357632337,0.3950335168646149,0.3914456543850184,0.3950337567263191,Australia
165,0.2524000881074291,0.3770389883372908,0.26695233324266765,0.35581324928535424,0.3639465640590672,0.3601481390418046,0.3639467890267566,Australia
166,0.29105039102416697,0.4164152479261357,0.30840857641792246,0.3957834325763094,0.4039551072505867,0.40000450405768506,0.4039553182490928,Australia
167,0.26565691594629565,0.392546229628751,0.2885623178370517,0.372066686616017,0.3801604209613305,0.37594568052543254,0.3801606188580583,Australia
168,0.24238023979599738,0.37173942018255124,0.27081368281446805,0.3506426323784509,0.3587081454517575,0.35472412313796714,0.358708331060251,Australia
169,0.24876957589664733,0.37931499127283863,0.27995354656532984,0.3589866004273348,0.3668898193699685,0.3627817325010907,0.3668899934532556,Australia
170,0.30833709736783266,0.4407020062332173,0.3409366799004022,0.42040990658762023,0.42830082858121465,0.424312290769296,0.4283009918549435,Australia
171,0.387157846412303,0.5212887003000898,0.42298730181809363,0.5008931490516101,0.5089318173448786,0.5050092159280692,0.5089319704802598,Australia
172,0.4555906060609178,0.5916997206120377,0.4953690474433076,0.5713913866576227,0.5791436332002752,0.5754965442366539,0.5791437768268412,Australia
173,0.50320254844656,0.6411245049222014,0.5438013030771993,0.6209447300310045,0.6285053845947911,0.6251030071929786,0.6285055193029838,Australia
174,0.5684140962865116,0.7086692074555718,0.6133866096773531,0.688113807391664,0.6954393103263591,0.692271822702168,0.6954394366699576,Australia
175,0.6260600505745189,0.7682851564347413,0.6749412049486135,0.7478219868742031,0.7549443583635115,0.7519959654143645,0.7549444768619084,Australia
176,0.6255478208213807,0.7691034171839882,0.6732821499739288,0.749643008769624,0.756500670789629,0.7537450761080888,0.7565007819299656,Australia
177,0.6304635119195424,0.7754696567447603,0.6791324381819133,0.756860172670641,0.7635189033073342,0.7611195138555119,0.7635190075465033,Australia
178,0.6247104134026586,0.7719079786682885,0.6753900637436062,0.752577793393134,0.7593316814778919,0.7571975732004976,0.7593317792444156,Australia
179,0.628271035919864,0.7778790042705236,0.6786106174012634,0.758202157404419,0.7649295016776979,0.7629992134153458,0.7649295933734899,Australia
180,0.6311010999039433,0.7825898110575658,0.6821606107391771,0.7631905515454003,0.7698327088953533,0.7681058066999585,0.7698327948973706,Australia
181,0.6671401357951,0.8197303219569285,0.7220338822326792,0.8009277240568853,0.8075724924062807,0.8057822949041091,0.8075725730680736,Australia
182,0.6726018909822874,0.827235801713478,0.7286808790906034,0.8081354531365825,0.8149542760157555,0.813502987103494,0.8149543516689209,Australia
183,0.5903250967362982,0.746976499968953,0.6509418746155301,0.7279467190399875,0.734559509440603,0.7333039856253137,0.7345595803961474,Australia
184,0.536867479818157,0.6947811946982452,0.5955195574063783,0.6762458462776715,0.6826233917428577,0.6814220693469353,0.6826234582924762,Australia
185,0.5690533584123312,0.729029167417059,0.627209745929948,0.7102314749850451,0.7169672897969971,0.7151506201351749,0.7169673522142719,Australia
186,0.5637183588173045,0.7261754927041746,0.6172417929172981,0.706852809970031,0.7140624183774689,0.7121233627612489,0.7140624769189945,Australia
187,0.5842159250295657,0.749875788799721,0.636597160917708,0.7300356459703233,0.7377326561008231,0.7353935874697439,0.7377327110072609,Australia
188,0.5898927331955451,0.7594858356804449,0.6434899280520421,0.7386584108866563,0.7466287968483497,0.7439501140384781,0.7466288483454175,Australia
189,0.6299320830824058,0.8003933589170822,0.685833202224093,0.7799242566211514,0.7879006972294107,0.7851904354803416,0.7879007455288105,Australia
190,0.6417112388522476,0.8141215900172437,0.699981069056534,0.7931720336538898,0.8009983129484612,0.7985361738765947,0.8009983582487497,Australia
191,0.5719173409044473,0.7468504732978924,0.6370094102406773,0.7259644210013039,0.7337405555632368,0.7310986132184156,0.7337405980506412,Australia
192,0.5014037334331448,0.6792323923950406,0.5741763365898376,0.657714080088126,0.6654431654342127,0.6625038140452187,0.6654432052833967,Australia
193,0.44668970818416165,0.6270676171258013,0.5252494999141363,0.6049850767721044,0.6127265215070008,0.6093753560673285,0.6127265588817825,Australia
194,0.43061171764396017,0.6135619578302066,0.511999086409518,0.5921385636060992,0.5999026576699095,0.5961692454957858,0.5999026927239349,Australia
195,0.43055543197697627,0.6156421252479524,0.5129231582671256,0.5937621223877694,0.6014364434307193,0.5977928826169296,0.601436476308094,Australia
196,0.4089008285098834,0.5962213512102762,0.4894988850496511,0.5745138510225021,0.5820041736962833,0.578261492552534,0.5820042045321646,Australia
197,0.4202023051497265,0.6096603986813742,0.4966815506718113,0.5876922024466132,0.5952275464249729,0.5911240621793318,0.5952275753461256,Australia
198,0.37380283823194654,0.5641628120656498,0.45288255997571714,0.5425454700036437,0.5498996405625385,0.5451370988127587,0.549899667687856,Australia
199,0.34375212095339175,0.5345876448902821,0.42592643832639737,0.5132889081152483,0.5202853938211163,0.5151581810869555,0.5202854192621096,Australia
200,0.3716008370044276,0.563421983004778,0.4550785298100389,0.5424773351390672,0.5491932527796559,0.5438499701433637,0.5491932766409117,Australia
201,0.4282803403634558,0.6199512185925635,0.5128520486612412,0.5992223525124725,0.6058914704672144,0.6001468760063651,0.6058914928468252,Australia
202,0.3956217381716317,0.5871805434011648,0.48333200550332156,0.5670157928117165,0.5737377515396139,0.5681394027005733,0.5737377725295812,Australia
203,0.3326342813711731,0.5237638563195726,0.42250581459631276,0.5043318273170252,0.5111426058620915,0.5057039781634595,0.511142625548704,Australia
204,0.3216689851352065,0.5139611867549695,0.41420811824631126,0.49402517117897016,0.500788926006447,0.49521348459147657,0.5007889444706355,Australia
205,0.28960303712595514,0.4840085545494581,0.3873406618843975,0.46415728800693506,0.4708398313530163,0.4653566315633015,0.4708398486706863,Australia
206,0.33204733038705614,0.52607797834491,0.4318181013435438,0.5062510836065254,0.5129141006039455,0.5075678501014945,0.5129141168462891,Australia
207,0.36898915763438017,0.5652881933266487,0.46623284607687443,0.5447735752324614,0.5516206477852315,0.5464385167686242,0.5516206630190201,Australia
208,0.37795080443771434,0.574379639730824,0.47240282106809894,0.5539612235122248,0.5605317772398302,0.5554980257630779,0.5605317915276893,Australia
209,0.35294660433148956,0.550570747976779,0.4477246415776887,0.5304461368766813,0.5367797459153415,0.5317063830998296,0.5367797593160079,Australia
210,0.3181240911209224,0.5173793125112444,0.41442586985978475,0.4974777119052589,0.5037002019155388,0.49823201902359265,0.5037002144841018,Australia
211,0.2828458661165581,0.4836241483153186,0.38247326137582693,0.46323933827548597,0.46997549605414163,0.46424850593763434,0.46997550784227016,Australia
212,0.26904978674350966,0.47061888503775273,0.37038069270742463,0.4499960073702256,0.4569054748534246,0.4513873700554453,0.456905485909579,Australia
0,0.822150949664067,0.822150949664067,0.822150949664067,0.822150949664067,0.8109759916650645,0.822150949664067,0.822150949664067,ArabianPeninsula
1,0.8723540649280777,0.868468076390851,0.867050518946892,0.8692029386821221,0.8623170387808707,0.8677675824746753,0.8674342315194108,ArabianPeninsula
2,0.913636528527544,0.910265308570157,0.9084870684196387,0.9106368336731178,0.9065804963548919,0.9108694161838446,0.9089237410924297,ArabianPeninsula
3,0.9382331845481886,0.9080778498027698,0.9059839761044013,0.9083879170707992,0.9051111829507665,0.9077981184216021,0.9061841923487993,ArabianPeninsula
4,0.9512067827018431,0.9230397564071798,0.9216438325699162,0.922866671672289,0.9212801860021586,0.923903725465675,0.9217715342381421,ArabianPeninsula
5,0.9591418341617006,0.9277239240480676,0.925501810800275,0.9265281167879206,0.9257586312745038,0.927460780349507,0.925983627522856,ArabianPeninsula
6,0.9473238159202629,0.9269631902177432,0.924163682476731,0.9251387455805716,0.924657361068075,0.9260291608744585,0.9247603904636549,ArabianPeninsula
7,0.9550790523935604,0.9296049889713535,0.9264050206508962,0.9279587849363216,0.9274803017611746,0.930057177389668,0.9275274805760717,ArabianPeninsula
8,0.9436733224672194,0.9124453954424101,0.9087586790307547,0.9103013835960008,0.9099102454817545,0.9122698348858257,0.9099318494187918,ArabianPeninsula
9,0.9465701739226883,0.9211435247849094,0.9182911287484486,0.9203653075065721,0.9188099352114258,0.9214578425444906,0.9188198280011564,ArabianPeninsula
10,0.9254586922680582,0.880367108920211,0.8782791241466643,0.8827636415123203,0.8785540286561263,0.8824664013751368,0.878558558723423,ArabianPeninsula
11,0.92133731087253,0.8812322109122659,0.8793746266016048,0.8853525991785927,0.8798482892160032,0.8859529072408296,0.8798503636065717,ArabianPeninsula
12,0.9063011297968535,0.8605541060897085,0.8583813451724102,0.8632179627622857,0.8586597549152821,0.8619267631622901,0.8586607048120383,ArabianPeninsula
13,0.9075290899181234,0.8634225849835604,0.8610182318967138,0.8637162128765812,0.8611128373466286,0.862879769644284,0.8611132723196087,ArabianPeninsula
14,0.8878642712629046,0.8387755955844101,0.8363947223220556,0.8387289352186759,0.8365906263418152,0.8388433214066764,0.8365908255229285,ArabianPeninsula
15,0.9248038430974874,0.8654063707318731,0.8636300328648872,0.8654943088552675,0.8639560356815649,0.8669068193124772,0.8639561268897955,ArabianPeninsula
16,0.9379089403757814,0.885848216907436,0.8829232177917089,0.8848499005466246,0.883758426341889,0.8856736806509338,0.8837584681076025,ArabianPeninsula
17,0.925347497943738,0.8700194514122077,0.8685220577356333,0.8700753731551998,0.8687584129143213,0.8700317399229273,0.8687584320395123,ArabianPeninsula
18,0.932509073296554,0.8760590155043391,0.872569740632493,0.8761331479433814,0.8744548845494302,0.8753249397748166,0.8744548933071623,ArabianPeninsula
19,0.9299877851087417,0.8746611556690629,0.8721717650692808,0.8736396839294965,0.8725701224465864,0.8747815102244281,0.8725701264568926,ArabianPeninsula
20,0.9660645297956932,0.9194622720232895,0.9169170848566002,0.9182158368030597,0.9172959849631219,0.9180277276603049,0.9172959867995056,ArabianPeninsula
21,0.9472377159019324,0.8909097907291142,0.8893099400275681,0.8931989167087506,0.8893978353307391,0.8896663895602392,0.8893978361716487,ArabianPeninsula
22,0.9082034603021804,0.8509316301068313,0.8492909326850291,0.8546439691191956,0.8494514439643639,0.8521304331158368,0.8494514443494299,ArabianPeninsula
23,0.897373547855493,0.8396376128055287,0.837411635099379,0.8435297972800933,0.8374932816819189,0.8423199603704211,0.8374932818582468,ArabianPeninsula
24,0.897475245674306,0.836580462912655,0.8352553454508874,0.8418895300201945,0.8352872918596275,0.8374672077064929,0.8352872919403709,ArabianPeninsula
25,0.9133955504617816,0.8527246098821192,0.8509793545741966,0.8563625013559367,0.8512603398666109,0.852459598335138,0.8512603399035845,ArabianPeninsula
26,0.9075912535890056,0.8492354786682804,0.8476598177315733,0.8524845006412557,0.8479287373297641,0.8487038470844904,0.8479287373466949,ArabianPeninsula
27,0.9182219541895997,0.863157891621593,0.860839520017433,0.8664487985415057,0.8614575791506676,0.8619018669107827,0.8614575791584205,ArabianPeninsula
28,0.9207115349823778,0.8669669607369117,0.8651577626188693,0.8693142820736532,0.8654470386697213,0.8657798469800267,0.8654470386732716,ArabianPeninsula
29,0.9007853794630261,0.8457150713298496,0.8437251787494706,0.8481850488186669,0.8444873920516487,0.8449691076172444,0.8444873920532745,ArabianPeninsula
30,0.873321843086986,0.8124787105216054,0.8106597974715899,0.814294514740159,0.8107660338498031,0.8113671360547584,0.8107660338505476,ArabianPeninsula
31,0.8907638169275272,0.8294455822659104,0.8270528780268758,0.8301276298755158,0.8274796839049214,0.8289494014669827,0.8274796839052623,ArabianPeninsula
32,0.9261459127339388,0.8675517400791216,0.8663715845595372,0.8679139074604683,0.8664863292444592,0.8672442922526746,0.8664863292446153,ArabianPeninsula
33,0.9191794598394254,0.8594701986148392,0.8581761904293934,0.8593560575860302,0.8587023465938894,0.8587762308232301,0.8587023465939609,ArabianPeninsula
34,0.916517005142031,0.8575565695546741,0.856022883508671,0.8582810637989708,0.8562626140304704,0.8562662184896314,0.8562626140305032,ArabianPeninsula
35,0.8939862590222993,0.8376775110016166,0.8335997370872623,0.8401668099902969,0.8360401760341752,0.8360350528725112,0.8360401760341902,ArabianPeninsula
36,0.8590170274195423,0.8105301575884707,0.8082012534932972,0.8142433187313474,0.808399928433275,0.8095578961463745,0.8083999284332819,ArabianPeninsula
37,0.8602746405683704,0.8095299001476206,0.8078737163652479,0.8141469525977048,0.8083407709231243,0.8083827441147478,0.8083407709231274,ArabianPeninsula
38,0.8529251416856344,0.7996791447995344,0.797725575251077,0.8025062639138005,0.7981911794206464,0.7981430491206442,0.798191179420648,ArabianPeninsula
39,0.8782916092794392,0.8198946975847647,0.8172058638381414,0.8215512992617142,0.8180464936881933,0.8179631132393015,0.8180464936881939,ArabianPeninsula
40,0.863158288564462,0.814430062784185,0.8121335962100013,0.8153937282111356,0.8126706070564151,0.8125206084331309,0.8126706070564154,ArabianPeninsula
41,0.848194836797685,0.792928258666036,0.7915977862850628,0.793592231139443,0.7917001465396398,0.7915829758210693,0.7917001465396398,ArabianPeninsula
42,0.8270809694376948,0.7684817683643739,0.7671614755520821,0.7688771140644243,0.7673225662036709,0.767214483372932,0.7673225662036709,ArabianPeninsula
43,0.8216742805777064,0.7692347509543991,0.7670613620020142,0.7685742285294813,0.7672602606543406,0.7678331637566813,0.7672602606543406,ArabianPeninsula
44,0.8087078593677746,0.749668485062015,0.7477616267247359,0.7493173950935478,0.7482426173954536,0.749879652139809,0.7482426173954536,ArabianPeninsula
45,0.8341193485598764,0.7830761205276853,0.7808579102826795,0.7827158731989463,0.7810194843429099,0.7833711161046419,0.7810194843429099,ArabianPeninsula
46,0.8376883866359566,0.788668585897593,0.7856808132022282,0.7908065505168576,0.7863401029658827,0.7881643521187173,0.7863401029658827,ArabianPeninsula
47,0.7953802207690897,0.7407292107902561,0.7368741934108952,0.7446648362448269,0.7389827905476274,0.7430555546090034,0.7389827905476274,ArabianPeninsula
48,0.8064631111118739,0.7527675254457445,0.7501859193622191,0.7578062935009652,0.7514825350733457,0.75330254773494,0.7514825350733457,ArabianPeninsula
49,0.8026970084298339,0.7494783845550068,0.7468885214131525,0.7516651458586767,0.747436139689605,0.7493341528672862,0.747436139689605,ArabianPeninsula
50,0.7890416344157614,0.7350875868781457,0.7324062460072882,0.735432962768112,0.7327652927436605,0.7340540609714967,0.7327652927436605,ArabianPeninsula
51,0.7966461018326524,0.7416950749432123,0.7393350775117883,0.7422649294517186,0.7397961213714878,0.7410875665288743,0.7397961213714878,ArabianPeninsula
52,0.7974943601078925,0.7419619876737708,0.7390988097659781,0.7419805808987231,0.7396888513884234,0.7408350590910597,0.7396888513884234,ArabianPeninsula
53,0.7909802720250426,0.7328541702219198,0.730689671679498,0.7337119007199269,0.7311571923629658,0.7319967428131985,0.7311571923629658,ArabianPeninsula
54,0.7726643356844867,0.718949698497459,0.7160286943990543,0.7194926499298355,0.7168605275814912,0.7179700195276484,0.7168605275814912,ArabianPeninsula
55,0.7861456746592427,0.7269561604901797,0.7247399394340144,0.7279855426525041,0.7250624572465016,0.7261241409139462,0.7250624572465016,ArabianPeninsula
56,0.774347970403592,0.7136651339182505,0.7112411492828009,0.7162345640719656,0.7127979767899316,0.7135232906354365,0.7127979767899316,ArabianPeninsula
57,0.8058443820240901,0.7411438681050215,0.7389748084738259,0.7447580249359353,0.7407121739882438,0.7424328261221625,0.7407121739882438,ArabianPeninsula
58,0.7738929671081124,0.7132635240678122,0.7095878617378386,0.7175332298125884,0.7117094326825959,0.7127288637181632,0.7117094326825959,ArabianPeninsula
59,0.7370053454089098,0.6823595058934817,0.679993305727647,0.6876396231714434,0.6807437901660247,0.6832207440974642,0.6807437901660247,ArabianPeninsula
60,0.7407655357224636,0.6907379509378534,0.6883757166947462,0.6955272393328138,0.6885825030213277,0.6918194167134908,0.6885825030213277,ArabianPeninsula
61,0.7159906739200379,0.6643459251052259,0.66187924577879,0.6672683691028996,0.6620513062439107,0.6647161640247319,0.6620513062439107,ArabianPeninsula
62,0.7634964028361493,0.7097794575469007,0.7070497872647996,0.7122806868277487,0.707553817769371,0.7087824257101805,0.707553817769371,ArabianPeninsula
63,0.7445046905760545,0.6873156553349233,0.6854097535557133,0.691665182358142,0.6860854280616507,0.6868103375746438,0.6860854280616507,ArabianPeninsula
64,0.729632772294935,0.667457733806583,0.6636643430796764,0.6711354515989563,0.6657413535415773,0.6675490281942047,0.6657413535415773,ArabianPeninsula
65,0.7051282458219585,0.6481183044546779,0.645763521386423,0.650656816602879,0.6460340772352581,0.6472372133058254,0.6460340772352581,ArabianPeninsula
66,0.7043977027428775,0.6420982794385748,0.6402623585801832,0.6455298087841275,0.6403324290480502,0.6419472366975957,0.6403324290480502,ArabianPeninsula
67,0.6958170180027489,0.6337699905743758,0.6313091038873268,0.6357322815540638,0.6315531418220293,0.6338491244784366,0.6315531418220293,ArabianPeninsula
68,0.7100707686905168,0.6442730676014183,0.6413967484325853,0.6446611451289053,0.6419733015008664,0.6435330105912561,0.6419733015008664,ArabianPeninsula
69,0.691158186163197,0.6250440167891903,0.6236993045275556,0.6259803685173277,0.6238893968337209,0.6253058996916321,0.6238893968337209,ArabianPeninsula
70,0.6748299039705219,0.6123953840552031,0.6118077647240532,0.6131342527492527,0.611832697266412,0.6145401232790317,0.611832697266412,ArabianPeninsula
71,0.6581373411423211,0.6013385050645512,0.5996464978068401,0.6034791760954262,0.6004082605898982,0.6048726091196319,0.6004082605898982,ArabianPeninsula
72,0.6423180894668482,0.5792518514347328,0.5774280811474652,0.5811961898440834,0.5778860203003149,0.5804217711549708,0.5778860203003149,ArabianPeninsula
73,0.6425754586426173,0.5776348917067415,0.5752464893056677,0.5796036870433918,0.5755852041832784,0.5775347678678051,0.5755852041832784,ArabianPeninsula
74,0.6284025213826192,0.5661218767478561,0.5646435133978092,0.5697656141595852,0.5648770238900066,0.567265203760174,0.5648770238900066,ArabianPeninsula
75,0.6429543803762269,0.5801917598798724,0.578281552502453,0.5837793681262786,0.5784910675287432,0.5805502436246195,0.5784910675287432,ArabianPeninsula
76,0.6470985434514341,0.5832658980424767,0.5808352674976345,0.5859895063323475,0.581296999794771,0.5837847679669784,0.581296999794771,ArabianPeninsula
77,0.6553765469124,0.5917333003091881,0.5891094865482231,0.5939293861867398,0.589387853692817,0.5915809904163425,0.589387853692817,ArabianPeninsula
78,0.6824912912804275,0.6203327618792207,0.6186816363514653,0.6238410705623475,0.6189004163969682,0.6205119045581593,0.6189004163969682,ArabianPeninsula
79,0.6558755020839,0.5966855165701399,0.5957648581349486,0.6016445011230686,0.595797606641734,0.5966603092584143,0.595797606641734,ArabianPeninsula
80,0.6200579210088688,0.5605323004346667,0.559036119254214,0.5657740776004521,0.559934081444846,0.5631963531371396,0.559934081444846,ArabianPeninsula
81,0.6113849199335981,0.5492972968541143,0.5487232977346819,0.555300028052348,0.5488423882900575,0.5530352666655214,0.5488423882900575,ArabianPeninsula
82,0.6023468446068729,0.5369699600944863,0.5360523519794334,0.5432005484181387,0.5362643888937534,0.5390929174063075,0.5362643888937534,ArabianPeninsula
83,0.6227800807415721,0.5626614897744037,0.5593939513651178,0.5681669518178836,0.5615723433398055,0.565875764920629,0.5615723433398055,ArabianPeninsula
84,0.608254468536395,0.5431102538717181,0.5408784156387327,0.5479901351862881,0.5416515085258267,0.5443162333115836,0.5416515085258267,ArabianPeninsula
85,0.5986543984129453,0.5281483008133303,0.5256181537617728,0.5321566701003259,0.5260983509720992,0.5277226273048218,0.5260983509720992,ArabianPeninsula
86,0.5946685818617214,0.5234295385348785,0.5208534895786294,0.5268808061421664,0.5210552789009608,0.5235791242508578,0.5210552789009608,ArabianPeninsula
87,0.597021911158202,0.5317308213671716,0.529839745001935,0.5358708969012415,0.5301974182681919,0.5326988035955604,0.5301974182681919,ArabianPeninsula
88,0.57443932908509,0.5179734880000582,0.5160504705502683,0.5217180295184768,0.5162127658778823,0.5183054137009655,0.5162127658778823,ArabianPeninsula
89,0.5534963324718084,0.5056402840438576,0.5032809657016214,0.5093857452427899,0.5037408243683894,0.50607858183428,0.5037408243683894,ArabianPeninsula
90,0.5538062841065278,0.5059833510318686,0.5037085525423034,0.5106191992312421,0.5043010468154695,0.5065990749216391,0.5043010468154695,ArabianPeninsula
91,0.5658881677196488,0.5147119506066921,0.5126434066369483,0.5190404673516325,0.5130792344535456,0.515902350471801,0.5130792344535456,ArabianPeninsula
92,0.5526564878415434,0.502175617895026,0.5004503269987941,0.5066685979506562,0.5006038625494462,0.5040659077122858,0.5006038625494462,ArabianPeninsula
93,0.5564015776417177,0.5016828626426371,0.5001897627919043,0.5070194696275795,0.500492982763333,0.5038347120909612,0.500492982763333,ArabianPeninsula
94,0.5378732516798718,0.4892677423812821,0.48794875236476676,0.49489087109162433,0.4885112826368806,0.49226112952540824,0.4885112826368806,ArabianPeninsula
95,0.5372238219621186,0.4927417451486944,0.49049350003649705,0.4968710435362841,0.49192202044866973,0.4972075417035463,0.49192202044866973,ArabianPeninsula
96,0.5298340414935563,0.4834925821862006,0.4821912130851228,0.48601991509828074,0.4824634305657328,0.4867677058150432,0.4824634305657328,ArabianPeninsula
97,0.5194889687336768,0.4728459790581887,0.4706541317423435,0.47580893427794024,0.4710077515944482,0.4757083310225143,0.4710077515944482,ArabianPeninsula
98,0.5220944972996985,0.47509647642695396,0.4728123949912315,0.47841685629678377,0.47306984250110506,0.4772257440651226,0.47306984250110506,ArabianPeninsula
99,0.5372987423586756,0.4925459298510388,0.48959988720663117,0.4962979232768968,0.4903500416713084,0.4925240126240006,0.4903500416713084,ArabianPeninsula
100,0.534070542751045,0.48909808615395406,0.4870796309671453,0.49375314856958413,0.4873582836203909,0.48957908851400567,0.4873582836203909,ArabianPeninsula
101,0.5176040659504807,0.4698352309970093,0.46727433700293397,0.47363839373669914,0.4675497009624079,0.47012668669688706,0.4675497009624079,ArabianPeninsula
102,0.5020414677755443,0.45714604601580244,0.45490739262244084,0.46081238365171906,0.45493906786761407,0.4575613348345873,0.45493906786761407,ArabianPeninsula
103,0.489730685421491,0.4399259344520714,0.4377366295285631,0.44382730218039135,0.43794646846265717,0.44167736551007636,0.43794646846265717,ArabianPeninsula
104,0.5123001683255599,0.4629505026674514,0.4604203301665498,0.46606964294787034,0.46072921869679306,0.46444155790382835,0.46072921869679306,ArabianPeninsula
105,0.49608948198942726,0.44369795901879516,0.44147783536868446,0.44662701583665165,0.4415616858716328,0.44523350295934633,0.4415616858716328,ArabianPeninsula
106,0.5097078813343043,0.45692710688315386,0.4528141854595777,0.4592044003162834,0.4546574403085435,0.4583425298429842,0.4546574403085435,ArabianPeninsula
107,0.48802299064387855,0.43476746732612803,0.4328803789229867,0.4384299315353353,0.4335920731217233,0.4381378602196522,0.4335920731217233,ArabianPeninsula
108,0.47132598006830495,0.41244380519946183,0.4087518562326985,0.41534174996079065,0.41078826065190405,0.4167238616085438,0.41078826065190405,ArabianPeninsula
109,0.47645332428660625,0.41813145101995824,0.4155853921857755,0.42131677453283434,0.41605695889276506,0.41923484162084623,0.41605695889276506,ArabianPeninsula
110,0.48449043921666624,0.42697886294523535,0.4235825599652764,0.4302000952522478,0.424683162369955,0.4274012171176252,0.424683162369955,ArabianPeninsula
111,0.47838388749625993,0.4206962721209179,0.4180128870162608,0.42439743237170896,0.4183397857546717,0.4206523131031531,0.4183397857546717,ArabianPeninsula
112,0.4820559890789863,0.4242418053078004,0.4212928546004262,0.4279073184013786,0.42173384408932046,0.42397078991826354,0.42173384408932046,ArabianPeninsula
113,0.49245760245411074,0.43641928749198755,0.4338108786967952,0.44060135463005007,0.4339424189000394,0.4359576350978846,0.4339424189000394,ArabianPeninsula
114,0.4858691660896154,0.42722763246459067,0.42172058793911193,0.4319024729497813,0.42516731250756656,0.42738612074782656,0.42516731250756656,ArabianPeninsula
115,0.4664186478328748,0.40538415859643717,0.40407304548565015,0.41057917809922273,0.40426640251110013,0.4066339272233703,0.40426640251110013,ArabianPeninsula
116,0.46121707293848974,0.39878642988151836,0.3978802321459409,0.4036142183360739,0.3981602740223097,0.40116035889027757,0.3981602740223097,ArabianPeninsula
117,0.4394488343645064,0.37753240479241007,0.37573089639308677,0.3814839852016927,0.37597782583023887,0.38014804771644606,0.37597782583023887,ArabianPeninsula
118,0.44005839555685744,0.3814396294962571,0.37925353070589146,0.38498998016963193,0.37945991068468354,0.3841659571040448,0.37945991068468354,ArabianPeninsula
119,0.41799361540903823,0.3629377571532093,0.361590730781704,0.365217477696774,0.3616959804089951,0.3668884640766132,0.3616959804089951,ArabianPeninsula
120,0.44797599690261847,0.3857219686827424,0.38008174046779564,0.3883442055087183,0.3850973419983733,0.3907524700742452,0.3850973419983733,ArabianPeninsula
121,0.4388373071172825,0.3758962202957375,0.37391752682532853,0.3793129428764225,0.37447113042966224,0.3811560674466895,0.37447113042966224,ArabianPeninsula
122,0.40738006772962065,0.3522637616057582,0.350657490283248,0.356724387615485,0.3508870381984958,0.3542843045218941,0.3508870381984958,ArabianPeninsula
123,0.41798742599731364,0.36010666902948774,0.35739816971284316,0.3644153799677315,0.35803901171686403,0.3619001986177445,0.35803901171686403,ArabianPeninsula
124,0.4024358174636914,0.3474298601362197,0.34526720116303644,0.3523501855452196,0.3456827238920468,0.34898114841323014,0.3456827238920468,ArabianPeninsula
125,0.3860810705500878,0.329260534054185,0.32687167784448157,0.33397447402289826,0.32714183831091137,0.3297758530150602,0.32714183831091137,ArabianPeninsula
126,0.411261697754121,0.3502946395473189,0.3477660645657368,0.3549318012305489,0.3481732367268616,0.35109070638732204,0.3481732367268616,ArabianPeninsula
127,0.39949436050104914,0.34184946412129996,0.337477963608119,0.34618794033645206,0.3395407485156948,0.3419961938502014,0.3395407485156948,ArabianPeninsula
128,0.3897997367611543,0.3337727914478621,0.33006438488402173,0.33788508953280316,0.33138880779162777,0.33469395307972116,0.33138880779162777,ArabianPeninsula
129,0.36589844513275127,0.314685208655472,0.311406188186704,0.3193897414864971,0.31273805783836106,0.31627639510335026,0.31273805783836106,ArabianPeninsula
130,0.36808677512573307,0.3152265324537654,0.3133750830430879,0.3199098458928681,0.3135253282787771,0.31758623024249777,0.3135253282787771,ArabianPeninsula
131,0.3784626983310727,0.32371959888171853,0.32041332141286744,0.32723941365653025,0.32147858842283644,0.32691909285816173,0.32147858842283644,ArabianPeninsula
132,0.3802958605373711,0.33249559834963105,0.3299027136657851,0.3353552770353423,0.3301230660561827,0.33650038827899653,0.3301230660561827,ArabianPeninsula
133,0.36423289028465855,0.316495728209913,0.3145185578625038,0.32099552723674024,0.315017629359301,0.31904999117979926,0.315017629359301,ArabianPeninsula
134,0.3930972559699793,0.34095509407083463,0.3399692147903574,0.3465708932590049,0.34019789024057,0.3419846586260654,0.34019789024057,ArabianPeninsula
135,0.37932859255206897,0.324801038501415,0.3233870112682831,0.3308130966951285,0.3242360893461419,0.32597122711628895,0.3242360893461419,ArabianPeninsula
136,0.3901671240468183,0.33767171404657803,0.33593795663456605,0.342908418756807,0.33639949426525473,0.33835331232107335,0.33639949426525473,ArabianPeninsula
137,0.3661318120089084,0.3122767500693603,0.3103476029441209,0.31744044242475367,0.31122860339583136,0.3130948749539787,0.31122860339583136,ArabianPeninsula
138,0.3650088857058324,0.3090410425645828,0.306017119184128,0.3137468039919167,0.30770909724550866,0.30925362594965733,0.30770909724550866,ArabianPeninsula
139,0.37944466485587713,0.32505032708991766,0.32370901145722325,0.330193422512269,0.3242412159678134,0.32585856754161013,0.3242412159678134,ArabianPeninsula
140,0.35389515238651315,0.2982085021172239,0.2960431267972764,0.3025618757371355,0.2964382743990196,0.2980253637631384,0.2964382743990196,ArabianPeninsula
141,0.3645890009124042,0.31176284936155446,0.3098910295491995,0.316706916136373,0.3103747691442603,0.3121015821177212,0.3103747691442603,ArabianPeninsula
142,0.35278275435032386,0.29946815842382923,0.297692997142442,0.304214967331635,0.29781185975743807,0.29984848375314965,0.29781185975743807,ArabianPeninsula
143,0.34741493368559506,0.29560592920612755,0.29407531193702613,0.3010072159744872,0.2946193823141151,0.29810882111213555,0.2946193823141151,ArabianPeninsula
144,0.32642652805935934,0.2777443949770245,0.27550498458983586,0.2828035531994024,0.27574851947976,0.281143226837666,0.27574851947976,ArabianPeninsula
145,0.29870498973037873,0.251153663662417,0.2489084582307575,0.2565562835756093,0.2497785834988569,0.25313262184401963,0.2497785834988569,ArabianPeninsula
146,0.28441667783054747,0.240761500814138,0.23906773231674672,0.2460348365098045,0.2391753352750689,0.2413451573473881,0.2391753352750689,ArabianPeninsula
147,0.30138739311080176,0.25182769190422344,0.2504558171588309,0.2573369674236612,0.25059331159335707,0.25284533672152787,0.25059331159335707,ArabianPeninsula
148,0.29305134803304006,0.24895419503769173,0.24724986141370775,0.2544216685487288,0.24777617408909974,0.2500768022670657,0.24777617408909974,ArabianPeninsula
149,0.29309250741395887,0.25119039207292415,0.2478196706304001,0.25646834645218,0.24968710635628838,0.2513895778619939,0.24968710635628838,ArabianPeninsula
150,0.2938654856235473,0.24540778796343618,0.24341072664053015,0.25050223570034447,0.24370929407983444,0.24593207658829042,0.24370929407983444,ArabianPeninsula
151,0.2770272259988418,0.22635003966041947,0.22309697866769884,0.23083058165749348,0.2241247085863063,0.2264165548174168,0.2241247085863063,ArabianPeninsula
152,0.2673535509183811,0.21862494367221347,0.21642028745090025,0.22358184916575127,0.21690509736585312,0.22092973434571955,0.21690509736585312,ArabianPeninsula
153,0.256411845119175,0.21092680644295952,0.20891697833937745,0.2158798952812947,0.2092997433635998,0.21370376434563074,0.2092997433635998,ArabianPeninsula
154,0.2545138802568229,0.20668546923004505,0.20462315507894124,0.21142292880089125,0.20474335443927483,0.2096759370490736,0.20474335443927483,ArabianPeninsula
155,0.2716610668519649,0.21835493898880493,0.21663746963896358,0.22329447824959048,0.2169946407736002,0.22064136045937663,0.2169946407736002,ArabianPeninsula
156,0.24141845264960657,0.18423563353810918,0.18275467235822623,0.18867275086553986,0.1827800077312203,0.18921133233901882,0.1827800077312203,ArabianPeninsula
157,0.2346134494865597,0.17633257724055973,0.17414455187617733,0.18002098708687536,0.1741561533503596,0.17747304116416077,0.1741561533503596,ArabianPeninsula
158,0.24045686985647313,0.18498580566419437,0.18099479147189473,0.18833137033060035,0.18247931675556633,0.18437005394327044,0.18247931675556633,ArabianPeninsula
159,0.23359253620406456,0.17739898398292436,0.1749442946191761,0.18172582636877355,0.17537991653691667,0.17682561307569977,0.17537991653691667,ArabianPeninsula
160,0.22641203307172486,0.16907752623669794,0.1667069608394693,0.17363269731030967,0.16699596920524706,0.1687513450584467,0.16699596920524706,ArabianPeninsula
161,0.23043207798560644,0.1731906072460873,0.17021521285972738,0.1772137098845487,0.1708261379054996,0.17313886670203316,0.1708261379054996,ArabianPeninsula
162,0.21913247122609092,0.16741453549719412,0.16422962937929741,0.1717554983554908,0.16518085843994285,0.16771920814578423,0.16518085843994285,ArabianPeninsula
163,0.23426708408634828,0.17770513388627235,0.1744276654634741,0.18205028322172417,0.17531763418191387,0.1773592554722596,0.17531763418191387,ArabianPeninsula
164,0.21793430727765006,0.1668272404827068,0.16471303028781326,0.1719672257987559,0.16523654066332913,0.1672545306424833,0.16523654066332913,ArabianPeninsula
165,0.21951287752679685,0.16907957113935979,0.16682411517975304,0.173575054246068,0.16705742369696444,0.16961495334301602,0.16705742369696444,ArabianPeninsula
166,0.22464925276210357,0.17505836275110265,0.17348590360128754,0.18016521386123813,0.17387659266627434,0.17610781716372104,0.17387659266627434,ArabianPeninsula
167,0.23818466350863554,0.19034458567296247,0.18800411713061338,0.19434017071827264,0.18863216771336577,0.19055302972842877,0.18863216771336577,ArabianPeninsula
168,0.22953185531009285,0.1830044220418719,0.18091705956620246,0.1879019557452445,0.18130192023839595,0.18415266781206235,0.18130192023839595,ArabianPeninsula
169,0.23159538772279434,0.18690729307966106,0.1855433944065067,0.19152448346667159,0.18568467703581937,0.19061551448305106,0.18568467703581937,ArabianPeninsula
170,0.24163387918683787,0.19111691733460698,0.1895070158470094,0.19698947983555018,0.19035919486488845,0.19244004041448023,0.19035919486488845,ArabianPeninsula
171,0.24737138587176266,0.19134382723328583,0.1892488277017092,0.19532661972645174,0.18963185021828988,0.19055783783508265,0.18963185021828988,ArabianPeninsula
172,0.2483377472032442,0.19176992428299985,0.18935834984492975,0.19528883259819135,0.18955673819454028,0.19010375682484987,0.18955673819454028,ArabianPeninsula
173,0.2477843656129582,0.1944061786326779,0.19170445247050333,0.19777757954666736,0.19204999416809138,0.1920236549215431,0.19204999416809138,ArabianPeninsula
174,0.24468155306706202,0.19405852342168306,0.19157318306256188,0.1955091522320929,0.1917124214833042,0.19153766562209915,0.1917124214833042,ArabianPeninsula
175,0.22930550449546655,0.17659105843854273,0.17394398283904422,0.17865710966093623,0.17409805619702964,0.1738431591905309,0.17409805619702964,ArabianPeninsula
176,0.23333943565164417,0.18075318204851315,0.1784850519590873,0.18439211094743307,0.17917625008044186,0.17879555696817118,0.17917625008044186,ArabianPeninsula
177,0.20646337765205852,0.15657039206730228,0.15434916712455082,0.1604332118384182,0.1546865042142966,0.1549046097220318,0.1546865042142966,ArabianPeninsula
178,0.2084655632631696,0.15562738741254695,0.15410662185676188,0.16041441631095021,0.15429236026109933,0.15423336560619477,0.15429236026109933,ArabianPeninsula
179,0.21915119871124392,0.1635583150093876,0.16239583598001722,0.1688538122660409,0.16247402983450188,0.16282458428824842,0.16247402983450188,ArabianPeninsula
180,0.22821031500846395,0.17249204318530395,0.17173160071371696,0.17846201340575843,0.17197079778170724,0.17204387747879488,0.17197079778170724,ArabianPeninsula
181,0.20560949259999006,0.151633232427192,0.14997235446910107,0.15705791442321856,0.15001419241448727,0.14987630770337773,0.15001419241448727,ArabianPeninsula
182,0.17091120894448653,0.11903230055583591,0.11722343559040815,0.12491998858800815,0.11783274511266872,0.12127526522307008,0.11783274511266872,ArabianPeninsula
183,0.17296665492929114,0.1257267322573961,0.12377850696699946,0.13067647346734954,0.1243882137044684,0.12594735448394512,0.1243882137044684,ArabianPeninsula
184,0.17844973733876845,0.12953938608478704,0.1274469516850716,0.13277374101067593,0.12759794996266155,0.12834588984425976,0.12759794996266155,ArabianPeninsula
185,0.16502430228241338,0.12059447391139667,0.1185545356612648,0.12509416675937496,0.1192082053754567,0.11962910185235318,0.1192082053754567,ArabianPeninsula
186,0.15828267772661184,0.11288805576877675,0.1113052453295569,0.11755853866241599,0.11166362825384482,0.11198854171075084,0.11166362825384482,ArabianPeninsula
187,0.13956587231136883,0.09449331264625195,0.09230207318351329,0.0984360742797995,0.09250425189691042,0.09327702577002203,0.09250425189691042,ArabianPeninsula
188,0.12280322719330124,0.07908194375687105,0.0767433577610612,0.08283370650537127,0.07678037647700595,0.07804720812887106,0.07678037647700595,ArabianPeninsula
189,0.12356260177243727,0.07996317120075996,0.07795843509490402,0.08425935054514397,0.07806693185804653,0.08014606196021333,0.07806693185804653,ArabianPeninsula
190,0.12387641861708473,0.07785157736889903,0.0760594333565047,0.08265148296668193,0.07609603414450808,0.0776666196185711,0.07609603414450808,ArabianPeninsula
191,0.13322270206735085,0.09031762047105765,0.08847058422861734,0.0952543335164027,0.08878989245428417,0.09179161776282396,0.08878989245428417,ArabianPeninsula
192,0.10210472588071501,0.06100208390032982,0.05964424180438985,0.0656148713691509,0.05987148989874268,0.06334956524236485,0.05987148989874268,ArabianPeninsula
193,0.13399430483990432,0.09337423300943953,0.09208917778463477,0.09740118718487895,0.0928111765079856,0.09463719082523617,0.0928111765079856,ArabianPeninsula
194,0.12465915164220931,0.08363257164385104,0.08186154711584165,0.08765112034397166,0.08225932515653017,0.08338370875638704,0.08225932515653017,ArabianPeninsula
195,0.12251005089779032,0.08243245047928649,0.0803779342221631,0.08697434745041455,0.08081896715981024,0.08244895228751736,0.08081896715981024,ArabianPeninsula
196,0.09806309788892362,0.06288210488200024,0.05990258170087051,0.06671454609411184,0.06074121653858522,0.06284749936903403,0.06074121653858522,ArabianPeninsula
197,0.08441233005661411,0.04794302285913993,0.04544804164124913,0.05197414548812479,0.04582308662376744,0.04777838107541002,0.04582308662376744,ArabianPeninsula
198,0.08906574543262125,0.050201354051624736,0.047481615693370116,0.054370517972651355,0.048382195965897656,0.05072325595340227,0.048382195965897656,ArabianPeninsula
199,0.09218433966368994,0.05470096741997654,0.05314627310339243,0.05952466139895429,0.05340424740252908,0.055318207874865355,0.05340424740252908,ArabianPeninsula
200,0.10222336019081435,0.0601709683643169,0.058426783362571344,0.06468802747548202,0.05849632505319191,0.06018382458235627,0.05849632505319191,ArabianPeninsula
201,0.09759664966752282,0.0543485196463494,0.05218940632222094,0.057388112132061325,0.05258239270982107,0.05325178435382413,0.05258239270982107,ArabianPeninsula
202,0.08782775476451982,0.040269590990592574,0.038535385883506273,0.04130311610309226,0.03898239401789905,0.039781314775350934,0.03898239401789905,ArabianPeninsula
203,0.09384365494096852,0.042213885581844246,0.0414286474521775,0.04274016651624063,0.04155635191367202,0.04373209506107778,0.04155635191367202,ArabianPeninsula
204,0.08159983681398131,0.02867785627376976,0.027134855751886816,0.028452397106100064,0.02754412413553875,0.02860983559338659,0.02754412413553875,ArabianPeninsula
205,0.06981224809866304,0.01663544776094411,0.01420820444389681,0.019429195612382988,0.015962873835717317,0.019259493304186526,0.015962873835717317,ArabianPeninsula
206,0.054733421752509503,-0.0010039492733944777,-0.0018624166354624383,0.0035017809915560694,-0.0014563959546127214,0.0030874888840067283,-0.0014563959546127214,ArabianPeninsula
207,0.0587412158505978,0.0022319732379235124,0.0006581302867004757,0.005872607537171004,0.0008039606771351182,0.00377951211700156,0.0008039606771351182,ArabianPeninsula
208,0.07347681282941074,0.017047029284680604,0.01548763795134081,0.020284477815226215,0.015871323351717037,0.01696413419373749,0.015871323351717037,ArabianPeninsula
209,0.07127069355825127,0.017000917272513183,0.014131841900431374,0.020257645644739142,0.015070374857344415,0.0166522881641345,0.015070374857344415,ArabianPeninsula
210,0.06368700880572481,0.013492870758452014,0.0109710517396856,0.01680700202629215,0.011739353587199408,0.012328706565895353,0.011739353587199408,ArabianPeninsula
211,0.06555299238610188,0.015504958176630557,0.013907018809912741,0.01925713487698011,0.01411833657081979,0.014309531131099451,0.01411833657081979,ArabianPeninsula
212,0.06052459976846192,0.011589391418316886,0.009766166931628628,0.015622159956772241,0.010466149182811024,0.010670263643203282,0.010466149182811024,ArabianPeninsula
0,0.8260188083388961,0.8260188083388961,0.8260188083388961,0.8260188083388961,0.8196030497171997,0.8260188083388961,0.8260188083388961,China
1,0.881743773731148,0.8801344061058365,0.8745521661669261,0.8811364722777713,0.875533248377804,0.8813687557011588,0.8810027041107027,China
2,0.8546427747517155,0.8465646718111839,0.8408940060730414,0.8611647252170185,0.8489777462578791,0.8540921149903375,0.8536404756057343,China
3,0.7627310386596236,0.7455150162638856,0.7389793961651231,0.7652852857192897,0.7538256999649894,0.7582765773635285,0.7578006923651613,China
4,0.6863703511417918,0.6642185057203364,0.6516597937808878,0.6876315584412686,0.6769258459996429,0.6815480314933035,0.6803145403463763,China
5,0.690123962323705,0.662706730738929,0.6490827133942677,0.6899062710119289,0.6791082115469042,0.6827165624117107,0.6819970848376019,China
6,0.7062613675035242,0.6797217113976126,0.6662043663497531,0.7066645517426973,0.6957587986069225,0.698552893173346,0.698221572771772,China
7,0.7292081535005673,0.701558548958147,0.6885567246844204,0.7271700050458968,0.7176609346363124,0.7197706995465406,0.7197604578679407,China
8,0.8019599253467787,0.7728570458178889,0.7580878602899934,0.7968875836645695,0.7887810692626163,0.7903548177880555,0.7905709198559272,China
9,0.8452777942399466,0.8130226615311116,0.8004525662204358,0.839897817981919,0.8318195663866537,0.8329136150958445,0.8333454200176662,China
10,0.9158897992460843,0.8768748015682077,0.8679758315129878,0.9072134319808107,0.8992291275412718,0.9001497765026705,0.9005299228769135,China
11,0.9600881035783185,0.9219016995513821,0.9122713642716792,0.9500906707165707,0.9421794769952473,0.9431955547788334,0.94328840937961,China
12,0.9572745570984208,0.9177805392384338,0.8979584546459665,0.9450646122417771,0.9371904403673778,0.9381891381967101,0.9381358089425823,China
13,0.940150829045147,0.8982394931154336,0.8692073376046136,0.9301061616556328,0.9185826344801646,0.9198441432333605,0.9193885643597379,China
14,0.9947376623495277,0.9467551659617716,0.9194327693332794,0.9806569011891727,0.9678284035435051,0.9692296493986625,0.9685154614676047,China
15,1.0260621049282808,0.9761722346594619,0.9477809879614206,1.0097354688694136,0.9964522450027407,0.9979264525101295,0.9970379641862979,China
16,1.0478368543987708,0.9957409873955091,0.966103823661146,1.0291629292749729,1.0170363273961356,1.0184466852995344,1.0175356549636567,China
17,1.06344268050959,1.0053567983756326,0.9764299672009679,1.0450345192998514,1.0294038969708557,1.0308618097521507,1.0298295753960907,China
18,1.0633797660065576,1.0060688442657035,0.9763803519071287,1.0442389422243519,1.0280624971559034,1.029490575620498,1.0284253894404416,China
19,1.039843948256548,0.9821206282311165,0.9536437182049594,1.0170337960766331,1.0023251619608766,1.0048139486798902,1.0026345288499896,China
20,1.0171498181524274,0.9557360643861892,0.9338846554602426,0.9924572159067067,0.9792363700955016,0.9819561298454769,0.9795001064055782,China
21,1.0085380677769913,0.9435916419790054,0.9251737707747008,0.9820092916569638,0.9691765648148813,0.9715934774656149,0.9694014009033596,China
22,0.9852045713574894,0.9200448756557511,0.9006726039344705,0.9574006889414419,0.9427559226832016,0.9447170207455942,0.9429475962023595,China
23,0.9233898190911378,0.850982065236562,0.8358990022664149,0.8936255868597861,0.8760861594866726,0.8772006596469573,0.8762495618043123,China
24,0.9164013693206169,0.8422555343173723,0.8245752514357699,0.884398361878836,0.8664409358633449,0.8668984386696786,0.8665802368869153,China
25,0.9660980164453392,0.8881574788452261,0.8645906233489827,0.9299532795614068,0.9142432091823222,0.91424030036279,0.9143619637719024,China
26,1.0084468740580865,0.9295179109855601,0.8930902071448061,0.9719588790734707,0.9542360371546122,0.9535702482195537,0.9543372758403369,China
27,1.0306784699387972,0.9496731967510754,0.9014453499848563,1.004022460180858,0.9763117839196986,0.9751644304988261,0.9763980902386669,China
28,1.007741049527215,0.9264468171588742,0.8654403560574763,0.982672213260203,0.9506477579430257,0.9488122862944666,0.9507213343692755,China
29,0.9253921489319359,0.8391050120453704,0.7789524569444553,0.8978061259587563,0.8652333473425103,0.8637196954937313,0.8652960714925427,China
30,0.8739632387870221,0.7824169828529588,0.7315759340901119,0.8398602666978112,0.8097089404005628,0.8079814404085498,0.8097624129487391,China
31,0.9009762495009854,0.8052585003537862,0.7610888078077495,0.8649739016574955,0.8343421307961632,0.8327743575257721,0.8343877163227422,China
32,0.913878904160923,0.8164024719040803,0.7800756305622194,0.877299432556,0.8466981198975838,0.8450551701068547,0.8467369817118113,China
33,0.896020661269505,0.7967002884051864,0.7627384694516247,0.8555098530277081,0.825409564303131,0.8238521778221234,0.8254426941300386,China
34,0.8728312921286457,0.7752686224151248,0.7412501888581007,0.827069602142148,0.8000369117037534,0.7987268289268848,0.8000651549922551,China
35,0.8216904113903641,0.7257129529023176,0.6852532155210047,0.77337060166436,0.7474053093081658,0.746120142407303,0.7474293868062949,China
36,0.8406258761946278,0.7422753643283421,0.6884859027611462,0.7900624269680446,0.7632172548510335,0.7617120411865338,0.7632377809989047,China
37,0.8030373495509878,0.6979802434386719,0.6446282236197847,0.7513349295239249,0.7218543131352391,0.720245257527714,0.7218718117451102,China
38,0.7982769987992968,0.6897301055030971,0.633223092185627,0.7410982562557478,0.7127646564506873,0.711215337525807,0.7127795740742642,China
39,0.8616525486477927,0.7494043613832675,0.6882898868928617,0.8103179185044802,0.775043202149607,0.7726893399243796,0.7750559194737154,China
40,0.9073323091331283,0.7941753934257916,0.7360171091348817,0.8570737453522286,0.819046693299436,0.8173467880870534,0.8190575348608715,China
41,0.913869980892638,0.7943347136108876,0.7465708417080237,0.8580023243860402,0.8219321309696395,0.8209418490632866,0.8219413734371077,China
42,0.8350049873347707,0.7106066378587598,0.6700188479151441,0.7737493387481712,0.7392125259866068,0.7400765430047251,0.7392204052211072,China
43,0.8186214694498717,0.6948408477196903,0.6569439118512675,0.7542271715447508,0.721395612990841,0.7225344780403524,0.7214023300646666,China
44,0.8075365510883582,0.68405349191812,0.6499371440903129,0.7371623944868833,0.7076065812511729,0.7086122097755535,0.7076123075791274,China
45,0.8490925331533711,0.7238799295435614,0.6955353873772235,0.7758841775465279,0.7490805064574966,0.7500769957059543,0.7490853881712745,China
46,0.8030578171677135,0.67570581002322,0.6505731012914115,0.7277883427349581,0.7018642322940545,0.7038330648577013,0.7018683939714154,China
47,0.7726452203048698,0.6392958997702832,0.6154666648653964,0.693249531864104,0.6674800746418644,0.6692892417379327,0.6674836224857662,China
48,0.8032371872458847,0.6632862052295052,0.6370267774332343,0.719383503515169,0.6939452030754332,0.6955535521229541,0.6939482276242532,China
49,0.7899739670915398,0.6464782123607593,0.6221244864950313,0.7034525460662533,0.6786459784997527,0.6799670552539572,0.6786485569377612,China
50,0.7428005962830608,0.5963688869071142,0.5662116356479473,0.654033919728217,0.627884233045561,0.6278788886775505,0.6278864311726069,China
51,0.7013744555822268,0.5519327805532142,0.5133591408977021,0.6182180739037708,0.5841400605501956,0.5838800376581227,0.5841419344608714,China
52,0.6589197956406639,0.5074965371112752,0.47434592391811403,0.577430195236112,0.5404503403533742,0.5399505743496444,0.5404519378685073,China
53,0.6162696578999629,0.46204604026337337,0.4345324108991623,0.528203492193652,0.4948946355535908,0.4940566176186981,0.4948959974405973,China
54,0.6394506352480859,0.4852773714667489,0.45771355487232956,0.5473378429676796,0.5137459331922389,0.5128940724573778,0.5137470942054776,China
55,0.690391991774517,0.5356259056099534,0.5110099409483059,0.595890301488276,0.5621078276823867,0.5612473171353752,0.5621088174500647,China
56,0.695341887011837,0.5338120694787887,0.5166133181826573,0.5964056867516818,0.5626355140251651,0.5615937436089952,0.5626363578054288,China
57,0.7182938379987828,0.5577072583823871,0.5445354807189631,0.6207225487047642,0.5873755392580401,0.5863069220853614,0.5873762585835435,China
58,0.7875527250451796,0.6279670520969759,0.6139223872179707,0.6852261785019061,0.6533418130604559,0.6522917318688835,0.653342426287859,China
59,0.7910321112678167,0.627131016764658,0.615705709941557,0.6887357028158378,0.6547553050750352,0.653645496664237,0.6547558278534522,China
60,0.7338649144005946,0.5671177067012451,0.5489690491226201,0.6335152135272802,0.5961974612800555,0.5948205810405021,0.5961979069504085,China
61,0.7400089940675583,0.5723631243892128,0.5402311342700544,0.6353926959737194,0.5996738705382719,0.5979878939792653,0.5996742504737419,China
62,0.7734549610164104,0.6034961854999955,0.564911662554314,0.6697393661392029,0.6330688483820245,0.6311009520410368,0.6330691722782865,China
63,0.8102916755958263,0.6369336578630159,0.5896950917278789,0.7094364940677472,0.6668978160966271,0.6660487427608415,0.6668980922192763,China
64,0.78408310327111,0.6053171513399764,0.5482410611196447,0.6832701057306885,0.6370135250559534,0.6370866354006847,0.6370137604514374,China
65,0.7512510283295802,0.5664797929416641,0.5104243634528605,0.6431259758654426,0.5999362831560866,0.601128369101399,0.599936483831526,China
66,0.727631750771109,0.5395979531540227,0.4891241078042904,0.6156403378110711,0.5741801257752162,0.5751581222925645,0.5741802968517011,China
67,0.7123144448918558,0.5222501851497209,0.4800067011487038,0.5962603542342056,0.5574116574940099,0.5576455404383776,0.5574118033372869,China
68,0.776608901314801,0.5871420117462237,0.548037379745694,0.6559162154759032,0.6193573886738101,0.6194222221106961,0.6193575130056926,China
69,0.7819858240204494,0.5928294556347862,0.5577156210972165,0.6526877277987138,0.6212498759950249,0.6210544029172379,0.6212499819883714,China
70,0.7129667228469693,0.5251684856841378,0.49196164251663665,0.5801565293484573,0.5496308167854723,0.5492015383560316,0.5496309071451556,China
71,0.7418481399907934,0.5532397276268424,0.518019744249418,0.6082676562518416,0.5770368306080069,0.576446813675155,0.57703690763994,China
72,0.7720078095146171,0.5773870570966279,0.5371366900432695,0.6385937086366679,0.6033449701827961,0.6023668025387758,0.6033450358527773,China
73,0.8044876707160507,0.6040980403498366,0.5557670164570143,0.6678873498104241,0.6329119240012036,0.6315531183854787,0.6329119799850826,China
74,0.8511262112744882,0.649172066331563,0.5878550168886325,0.7101951983807839,0.6755850620096198,0.6738845170736013,0.6755851097360646,China
75,0.9125116432925511,0.7082560260828479,0.6434926615441038,0.777595471176681,0.7358131839216877,0.7342634599488641,0.7358132246086417,China
76,0.9015069887059458,0.6932328742812844,0.6342387170119569,0.7700704332495784,0.7223397793491161,0.7207125968867862,0.722339814034881,China
77,0.8590091294085878,0.6461889504101579,0.5945194972266575,0.7261169074651759,0.677366767602372,0.6759391391818008,0.6773667971721029,China
78,0.860814390822031,0.6456591225211493,0.5998498418883124,0.7251913402423439,0.6785440924960146,0.6771257645340802,0.6785441177043093,China
79,0.7907723457106992,0.5717430937477528,0.5325949959138105,0.6505759285545134,0.6053729857249268,0.604944789409441,0.6053730072150827,China
80,0.747249484583535,0.5235690685394028,0.49447386964575024,0.60156435854704,0.5588120542328714,0.5584929532758052,0.5588120725533015,China
81,0.7502117757723289,0.5232127322629729,0.5013943387449992,0.5990148270423703,0.5588138454406815,0.5585834561232836,0.5588138610589095,China
82,0.8145346256575942,0.5889843669625185,0.565758517767307,0.6585968342491679,0.6202423243572874,0.6202310755365333,0.6202423376718793,China
83,0.8116593658344183,0.5834906971503563,0.5584096490102467,0.6546634638465038,0.6163817428212607,0.6167136204886144,0.616381754171995,China
84,0.8021338372515865,0.5694163774380153,0.5373822513802144,0.6442430049565885,0.6041635501239614,0.6041560383223521,0.6041635598005005,China
85,0.7669243692055686,0.5303013767663569,0.4962309434650216,0.6079768838094404,0.5659175072731477,0.5657818750206136,0.5659175155224299,China
86,0.7178543360423354,0.47957779525102895,0.44417226144584443,0.5577639563352828,0.5146293187193707,0.5140302927496897,0.5146293257519114,China
87,0.6886101457087803,0.44653096309453555,0.3997665178615999,0.5303428888923625,0.4827530738588872,0.48198406573805885,0.4827530798541517,China
88,0.653387716595232,0.4079708975562305,0.35357877176280395,0.4972747288249807,0.44454573981710477,0.4433917849941653,0.44454574492808785,China
89,0.6249007765755495,0.37399721490628646,0.32936917883427486,0.4607870568602006,0.41174875238950226,0.4101910765428577,0.41174875674663247,China
90,0.6625032220463741,0.41272621806911325,0.37226495531003,0.49226602767743344,0.44707173913618037,0.44568765174197955,0.44707174285064866,China
91,0.7188572111295558,0.4714617405469621,0.4308353523508074,0.5406247356460887,0.5007414123950262,0.49943909971412803,0.5007414155616228,China
92,0.7324442175276528,0.4837488157244406,0.44791450452787984,0.5476574826069317,0.5124105653643195,0.5111126460843898,0.5124105680638534,China
93,0.7645696831488442,0.5133822075455668,0.482621677557757,0.5755023842366579,0.5440126589387978,0.5423664326061991,0.5440126612401596,China
94,0.8413235749333071,0.5866643025225144,0.5599099453628982,0.6466103376442127,0.6184677002477945,0.616683276508934,0.6184677022097131,China
95,0.8564951771818938,0.6040596326667704,0.5692041685918369,0.6582700696261725,0.6316871491217286,0.6304526620404318,0.6316871507942707,China
96,0.8065843818924092,0.5562135340668537,0.5052890587224397,0.605712461019138,0.5799128521329253,0.5793008279255579,0.5799128535587732,China
97,0.7140662416689592,0.4597633256969462,0.41048935957445687,0.5161696014570305,0.4852903556931236,0.48484585913616374,0.48529035690866373,China
98,0.691230726315724,0.43252548812816516,0.39247163129181517,0.4938738588333492,0.460419488838674,0.459655280851093,0.460419489874926,China
99,0.7718073336374265,0.5093878003790986,0.4678915787448831,0.5737049260721458,0.5395933123655998,0.5396988672562325,0.539593313249008,China
100,0.8270844771071184,0.5615568746938694,0.5192621974883735,0.6355163059912486,0.5939041988433132,0.5946911565137533,0.5939041995964217,China
101,0.8246654121138549,0.5568631376374854,0.5198772523473958,0.6348410613717744,0.5901956590788794,0.5923565224724961,0.5901956597209067,China
102,0.7266246770614847,0.4592293650851802,0.42595134891543274,0.5351915063460932,0.49138592242918144,0.493652347687234,0.49138592297651185,China
103,0.6805081875371256,0.41082217254082976,0.3863185475724368,0.4859154573245673,0.4440532471144617,0.4464940323055503,0.4440532475810627,China
104,0.6618958267403527,0.39059985085944715,0.3730320060742677,0.46527372823998714,0.4247284826492218,0.4269339464098495,0.4247284830470007,China
105,0.6151936297413434,0.3488762060828867,0.3295630816218328,0.41642440066967445,0.37822524921388445,0.3804879173647344,0.3782252495529925,China
106,0.6040921345617571,0.3355548473689993,0.31711527003222384,0.40236708663918463,0.3662416753180837,0.3679393380318875,0.36624167560717447,China
107,0.5448538238210745,0.27964397658595364,0.2630645809735531,0.3402929282962678,0.30740327301818837,0.30825931358514946,0.3074032732646391,China
108,0.5054209287739889,0.23770633526098495,0.2274950378439773,0.2974730037588068,0.26705028307796885,0.2673256982100872,0.2670502832880688,China
109,0.5349541915265651,0.26503285173984725,0.2585803387423944,0.3294612400996826,0.29593769332106956,0.2960374333369742,0.2959376935001805,China
110,0.6105169540957263,0.3390006507180763,0.33026543625074256,0.40359400377398325,0.37168741321368204,0.37140660104349177,0.3716874133663747,China
111,0.6418828870994329,0.3693673161071691,0.3514482133656287,0.43683609700455195,0.40329633441486057,0.4029518919487183,0.40329633454503155,China
112,0.7054856532235426,0.4330199661047962,0.40753575573899414,0.5084936096740431,0.4671254313515283,0.466622836795773,0.4671254314624995,China
113,0.7285007473162564,0.46028136479837645,0.42782490105852367,0.5346855413244486,0.49040819005487013,0.4895372629929243,0.49040819014947334,China
114,0.7512512306227094,0.48134145338404255,0.4513839105919272,0.556320650046124,0.512617735619485,0.5117186065908472,0.5126177357001345,China
115,0.7772450414733442,0.5093684297713449,0.48092331270010025,0.5792507480233952,0.5386084631830376,0.5383307225715543,0.5386084632517917,China
116,0.7173957902194394,0.45022295045923955,0.42477427343247764,0.517512275134875,0.4785730155019744,0.47861590347835314,0.4785730155605875,China
117,0.6759123589460719,0.4080743980647069,0.38775846823494586,0.4745519786744684,0.436930851150258,0.4379279115538792,0.436930851200226,China
118,0.6229147800742665,0.35459277744909456,0.33981496769265573,0.4203783435214442,0.3838809280387392,0.3856914236353095,0.3838809280813371,China
119,0.594118204445356,0.33068277992301465,0.31500703056553403,0.3915078480645101,0.35602753409286103,0.35789375119406297,0.35602753412917576,China
120,0.6179792889503741,0.3574059051684715,0.33309544032194804,0.4126532006210968,0.37984463121542267,0.3815374135267231,0.379844631246381,China
121,0.5900024360496982,0.32669529111692497,0.2993825059754408,0.38731500765559246,0.3510482004227614,0.3523467478907193,0.3510482004491535,China
122,0.5214896108735112,0.2574149191253843,0.2349614005582038,0.32202799059238185,0.2831557143864959,0.28503070654807205,0.28315571440899534,China
123,0.5306617613367076,0.26289238321367614,0.23756689577728252,0.330229021065782,0.29169071090089316,0.29283647544197167,0.2916907109200738,China
124,0.5632435365692808,0.2935120201791819,0.25146093640905764,0.36639292037495685,0.3245378208741653,0.32587481895766746,0.32453782089051675,China
125,0.5582528244762425,0.28797015212737553,0.23259724928493997,0.3672488633008325,0.3198502230701109,0.32106245170045344,0.3198502230840504,China
126,0.5427468959847777,0.27598476518143256,0.21669893171848809,0.34802106246567965,0.3049297356498646,0.30643185253834493,0.30492973566174797,China
127,0.5627102645295273,0.2938087236553776,0.24304294687790584,0.3672530461911431,0.3250263036274895,0.32623218327634407,0.3250263036376201,China
128,0.605511742994035,0.3409259291105978,0.2950047987939439,0.40814710247275465,0.36825396873434746,0.36950496908372465,0.3682539687429839,China
129,0.6309849844077171,0.3704343347732366,0.32852027353244184,0.4302589654689575,0.39387233539877564,0.39534916506917295,0.3938723354061382,China
130,0.6394968221209991,0.375709804194041,0.34217357662161296,0.4363911838469994,0.4021293139851423,0.40380912729531304,0.4021293139914188,China
131,0.6295659180400621,0.3642447598742595,0.3338878497807045,0.4257933638822815,0.3924422236642724,0.39449549931216854,0.3924422236696232,China
132,0.587150891437046,0.3203079244387518,0.2925344342706039,0.3850316501659009,0.35053480980299623,0.3523374187744255,0.3505348098075579,China
133,0.5712418706706353,0.30789135243139554,0.2755028041482914,0.372279418146622,0.335011883372488,0.3361274846877782,0.3350118833763769,China
134,0.6079727224550415,0.3430165280779566,0.3025872664633431,0.4132797456252949,0.37279994605228695,0.3737169090313338,0.3727999460556023,China
135,0.6132530848341334,0.3479431816080325,0.29426347869808045,0.4220318213728935,0.37910148892328555,0.37983017771631356,0.37910148892611195,China
136,0.6176844910838731,0.3514261274577719,0.30027222876526793,0.4330614965177806,0.3839077651067482,0.38410828240230055,0.3839077651091576,China
137,0.6021928909456943,0.3398945644896304,0.2888665931190678,0.4201252594848893,0.3687910461454317,0.3688034949631519,0.3687910461474856,China
138,0.6127739981548089,0.3484250478415336,0.29806458240030254,0.4309870553582913,0.3792626238711798,0.37903137220315475,0.37926262387293075,China
139,0.5854195730997525,0.31968428525743486,0.2775468805469157,0.40213305921954146,0.3524483014441825,0.35197149572032327,0.3524483014456752,China
140,0.5515602727940213,0.28624952348954,0.2512173942659198,0.36751105157485575,0.31993256970718653,0.3193135287006703,0.31993256970845907,China
141,0.5213991385961573,0.2547458487601313,0.2298673109114291,0.3356021102607176,0.2900211272056331,0.2893577717164083,0.2900211272067179,China
142,0.5537909334571393,0.29188741546989827,0.26728933977012614,0.3657768060165154,0.3222504362871004,0.321511881944352,0.32225043628802497,China
143,0.5689620792590157,0.3105537506404823,0.2849004418873855,0.3799247887486823,0.33807912208621693,0.33731839698803634,0.3380791220870052,China
144,0.5933538925122529,0.3363078975878414,0.30957628294360107,0.40403832659486916,0.36240937365197723,0.36163660888258964,0.36240937365264914,China
145,0.6242569900962552,0.3658828162436202,0.336213194556479,0.437736214239545,0.39422096711207943,0.3933329545942086,0.3942209671126523,China
146,0.5872904177399376,0.3276952403417348,0.29541954169034046,0.4040033742630589,0.3583551229181223,0.35682822867901764,0.3583551229186108,China
147,0.494654459355976,0.23507884773168075,0.20960384622602146,0.3131098318288511,0.2661125784875743,0.26429555228477,0.26611257848799086,China
148,0.4495116592616861,0.18901551392440263,0.15668012185098612,0.2704909221260876,0.22151014544551773,0.21949192575545273,0.22151014544587277,China
149,0.4943228235794055,0.23739647939054287,0.18773767138557795,0.3153539833823499,0.26718519885873027,0.26552152544914853,0.2671851988590329,China
150,0.5468796614132083,0.2887138288169715,0.24788504296348546,0.36946883459669455,0.320065393472279,0.318862858674693,0.32006539347253704,China
151,0.5620047974273289,0.3028923444902131,0.26869115780635844,0.38349045961532535,0.33551390208962373,0.3350334791337535,0.3355139020898438,China
152,0.5349099436841169,0.2743212499797477,0.24768230039377837,0.354751978643271,0.30876266640826755,0.30953024655349115,0.30876266640845507,China
153,0.4767869264857112,0.2178563811877955,0.19648506634753393,0.29507689211742605,0.2511575177652018,0.25348002006464554,0.25115751776536166,China
154,0.4882823586868511,0.2334195418974585,0.2114427040084923,0.3031626964992271,0.26265531676989307,0.2651125729274868,0.2626553167700294,China
155,0.5001235428527906,0.24364358836316413,0.22361665824691523,0.3133608448133759,0.27426310903599005,0.27703137374251974,0.2742631090361062,China
156,0.5272127178959946,0.26959294720387905,0.24928880322569502,0.3412432130218813,0.3019702531881737,0.3047972400323622,0.30197025318827253,China
157,0.5493881553245701,0.29267029020372903,0.270095911347213,0.36686842610249837,0.3246725113538065,0.32813233295512756,0.32467251135389064,China
158,0.5562858601582084,0.2998110105188042,0.2715926480400206,0.3761812142027935,0.331493470590294,0.3354927859435576,0.3314934705903655,China
159,0.5870458147105404,0.32897663593464144,0.2989245671454007,0.40834951498026417,0.3621456732399463,0.3656625003145355,0.36214567324000735,China
160,0.5682241891808686,0.31213825738445666,0.28741742898958156,0.39180273759701023,0.3439705483437051,0.3477562441659193,0.3439705483437572,China
161,0.4767253582358205,0.22268747754225116,0.20047655517840968,0.29871250181298303,0.2524478425901274,0.25502461326308923,0.25244784259017183,China
162,0.42341967151319937,0.16895919215723643,0.14688421447364253,0.2493042242987813,0.2002366496396475,0.20150940757855973,0.20023664963968546,China
163,0.3993002595901738,0.14334379033080957,0.11931818025186725,0.22770541343809736,0.17672299687066184,0.17779615162286788,0.17672299687069415,China
164,0.44333567602219326,0.18764400341538567,0.16563177312976884,0.27131667406356197,0.22215833313430422,0.22363047480037646,0.22215833313433175,China
165,0.49509200769209616,0.24219911764665158,0.22241207446967137,0.31783245521262615,0.27438143569367246,0.27599828375224245,0.2743814356936959,China
166,0.4993449658208948,0.2454624043832362,0.23111960263895392,0.3201568244845666,0.2789191340908216,0.2818583558539689,0.27891913409084157,China
167,0.4761969579157581,0.22407220137679207,0.20989607792836484,0.2946525618106368,0.25587500458270496,0.2597527377793696,0.25587500458272194,China
168,0.42775951018430647,0.17514356495087147,0.16261419864978055,0.2456672339255872,0.20854595824702093,0.21224500336738883,0.20854595824703548,China
169,0.4337287157354546,0.18093279482134828,0.16787849169429558,0.2526602656608491,0.21477874704574618,0.21899532176878522,0.2147787470457584,China
170,0.4782142106746946,0.2285651867512325,0.20855167516793682,0.2996908476987826,0.2594409993692216,0.2638218184262414,0.25944099936923204,China
171,0.5107797380532637,0.26171983732358073,0.2393474962205132,0.3342702774156818,0.2918434321187031,0.29564339260245853,0.291843432118712,China
172,0.574116189760155,0.3249025878534938,0.30593785040013677,0.40058703816731656,0.3556924778936349,0.35902148331082373,0.35569247789364244,China
173,0.5565900461091127,0.30699399088320845,0.29177808658257764,0.38927968711164507,0.33881617825332067,0.3417087795941255,0.3388161782533271,China
174,0.46633951985180155,0.21640728592504987,0.20439567443050333,0.30417169539458855,0.2490719619216133,0.25169758576371704,0.24907196192161885,China
175,0.5037441245309758,0.25457912449213627,0.24230578375559542,0.3403928221173631,0.2863179593051095,0.2882374463471148,0.2863179593051144,China
176,0.5634286681499701,0.31373092124924695,0.30604095523193187,0.3978525167615743,0.34625944742770676,0.348827633069147,0.346259447427711,China
177,0.5658784023528167,0.31545423031976216,0.30877140416772597,0.39701362780541827,0.34869955258277263,0.3512896894666806,0.3486995525827764,China
178,0.5874185193291523,0.3399257540694547,0.3309145610630231,0.4156894648504732,0.36981801229728517,0.3726647327416155,0.3698180122972885,China
179,0.5593978824694066,0.31414128898241045,0.3036117329183612,0.3815738005840392,0.3415852560636006,0.34506555979729703,0.34158525606360324,China
180,0.5129687532723265,0.2676450896181226,0.2540912958084247,0.3296770713517563,0.2947882049745445,0.29908733039305135,0.2947882049745467,China
181,0.4863377156308055,0.23921212513908463,0.219489793778323,0.3043841404419758,0.26819705171617625,0.2725746316779696,0.268197051716178,China
182,0.43459010217393623,0.1868688649462269,0.15952537615976414,0.25648062550360573,0.21683412331478658,0.22104927623667492,0.21683412331478802,China
183,0.4007804557623901,0.15483018236393076,0.11793449234915088,0.22540498618250704,0.1831118863849971,0.18679955091134992,0.1831118863849982,China
184,0.36597999027648476,0.1182794188347831,0.0732354223731485,0.1917149637172746,0.14814678958500305,0.15150959684386822,0.14814678958500405,China
185,0.3635808565615074,0.1178733795222291,0.0755677068060695,0.195794035797887,0.14606360999116264,0.1490575207960172,0.14606360999116352,China
186,0.45687884748946905,0.20920633518267828,0.1717358029011361,0.29380173539184296,0.2394049375709264,0.24185873934326585,0.2394049375709273,China
187,0.5342615520387498,0.28641390094611496,0.2538141053083618,0.37221594436670424,0.31783595114438057,0.32061758053600453,0.31783595114438123,China
188,0.5048527051121154,0.26059953727032403,0.23248220049012613,0.3414372777933098,0.2893748831643044,0.29178225072192265,0.28937488316430504,China
189,0.41473183163468985,0.168710347571142,0.14863694927319726,0.24847041920762858,0.19939532747913558,0.2015039360435137,0.19939532747913613,China
190,0.4161565617030707,0.16846318487503542,0.15553776025735022,0.24619907035981037,0.2009059213332295,0.20370108476821724,0.20090592133322993,China
191,0.41563238498542876,0.1727622724860678,0.15942821448951716,0.24173625410183675,0.20155746781180228,0.20524780780850205,0.20155746781180273,China
192,0.3825947198830768,0.14032858840681928,0.12900143005940112,0.2080295365425322,0.16970623863027612,0.1743303805059937,0.16970623863027645,China
193,0.42406731576604006,0.18545548946878754,0.1708163337065921,0.25160568584047127,0.21234366635027457,0.21696444871700094,0.21234366635027502,China
194,0.4732230809619219,0.2345028533252289,0.22037497709144038,0.30421158607455845,0.2622308723833937,0.2666783807063877,0.26223087238339393,China
195,0.4639424013658131,0.2242533646345568,0.21538663755422183,0.29858504192661917,0.254303266981309,0.259001300713644,0.25430326698130923,China
196,0.37635370346735075,0.13657442392817698,0.1275094364135052,0.2134977065602498,0.16788683722775233,0.1719236733577688,0.16788683722775255,China
197,0.3487405367544998,0.10931525181308632,0.08345845768170124,0.19266038054394252,0.141078856990435,0.1449643690956527,0.1410788569904352,China
198,0.3397492534876878,0.10271383361937292,0.057195473748479886,0.1881332260027303,0.132497392028893,0.1368127871670527,0.1324973920288932,China
199,0.26210901558920174,0.024660320832909255,-0.016609138585449212,0.11245409080160973,0.05618891279736771,0.06037648090065839,0.05618891279736793,China
200,0.22549720388755856,-0.010987195562800589,-0.04580006290747196,0.0736253108403212,0.01979230002730048,0.02345736624397543,0.019792300027300702,China
201,0.2863627528052116,0.04956921364583,0.019268031573543176,0.13255127078044604,0.08161576863560327,0.08525985829402027,0.08161576863560338,China
202,0.3231632739123167,0.0874010233613659,0.061396984272601096,0.16733838392184452,0.11893318640908745,0.12228583162864604,0.11893318640908757,China
203,0.34545890768211085,0.10945823282317058,0.08651928434977207,0.18733503476659208,0.1414714196883895,0.14615205023590427,0.1414714196883896,China
204,0.32958026692648246,0.09438899905431974,0.07092923697914144,0.16730925194535662,0.12482631363235575,0.12918513082601357,0.12482631363235586,China
205,0.30754598566047453,0.07479605991391558,0.04800885488574114,0.14656299579073484,0.1036339334317965,0.10751669624173832,0.10363393343179661,China
206,0.2684170781261562,0.03442147059107792,0.008880186769339882,0.11048363366359282,0.06513858789060911,0.06870222464310882,0.06513858789060911,China
207,0.21789254400873004,-0.01750627205679034,-0.046842302287250503,0.062373664326229594,0.015197393003061221,0.018840953157264306,0.015197393003061221,China
208,0.1882369434436093,-0.048164278861300924,-0.0859726611456858,0.03389257772316345,-0.014727324456676905,-0.011546557006119174,-0.014727324456676905,China
209,0.1420475016070858,-0.09550486867051111,-0.12337311698249476,-0.011584088927622527,-0.06041963125488037,-0.05789221711711179,-0.06041963125488037,China
210,0.08975329971894852,-0.1491398747454057,-0.16996974004214005,-0.05942303662552939,-0.11296095706910625,-0.1101469269737747,-0.11296095706910625,China
211,0.08110203144212436,-0.15491951738334875,-0.17466198345261186,-0.06701947060612212,-0.12177435687112936,-0.119020577262552,-0.12177435687112936,China
212,0.1105463414440182,-0.12645960626191288,-0.1450530673979411,-0.039246024558007186,-0.09189251766301532,-0.08907544895578323,-0.09189251766301532,China
0,0.764943436447824,0.764943436447824,0.764943436447824,0.764943436447824,0.738176120834135,0.764943436447824,0.764943436447824,Peru
1,0.4919666142093033,0.5102932783991992,0.48222010134612836,0.488376364745144,0.48430440740723235,0.49563851927806307,0.49546214509460945,Peru
2,0.4147393540160137,0.4343934947613226,0.4032241437287672,0.3939857596731918,0.4132931909064803,0.41802072118526346,0.41794420306238916,Peru
3,0.34643953853718557,0.38300040785491185,0.3559543670932446,0.3381203682127043,0.3650621370826994,0.36650400167402797,0.3670008736510348,Peru
4,0.3082500018516618,0.34384182382227113,0.30133296618935046,0.29388461799068405,0.32475150772224864,0.3253323758976969,0.325559654283772,Peru
5,0.3408458080326202,0.3809522749378116,0.3238814615520014,0.32936189327251786,0.361706450010582,0.36199842134509586,0.3620433193282442,Peru
6,0.3543272895058289,0.39141805192476486,0.33648530274693933,0.3437370012252676,0.36826617468324874,0.36829833952397184,0.3684065959169521,Peru
7,0.3799155488066236,0.42278960063978616,0.3633217825057873,0.3718774578461519,0.3979602177599967,0.3978389827700341,0.39801875120855057,Peru
8,0.31389611066090417,0.36218039758404585,0.3046822353881614,0.32361089027718504,0.3388955384973292,0.33848612053376426,0.3389199376890273,Peru
9,0.17334517662182528,0.22009745909464312,0.17312106901375493,0.17362511352444304,0.19425257733182782,0.19507471315324384,0.19426274793633225,Peru
10,0.08684432870534435,0.14827319049529625,0.11077090775061671,0.09183711823613229,0.12177589019154049,0.12298633528818387,0.12178012972526214,Peru
11,0.02860495837906918,0.08357260206660602,0.05098432967257213,0.028444138555828835,0.05889578450354441,0.0596356014273868,0.058897551718675945,Peru
12,0.02099711545720226,0.07731066058178848,0.04437754084752685,0.041252192185647574,0.05634455058198137,0.057124756621157596,0.05634528723122778,Peru
13,0.08167332658406767,0.13655048331496347,0.09917450649019138,0.10908207330930986,0.11738080257846242,0.11816174517825498,0.1173811096447061,Peru
14,0.12519303725385708,0.19637430609995343,0.1626684993549001,0.1697083312565026,0.180276013224006,0.18098405848883772,0.18027614122207083,Peru
15,0.13668848387445193,0.20632171723990944,0.1773471645580793,0.17753993860708103,0.19110915212291602,0.19261724006876127,0.19110920547786772,Peru
16,0.123845131966758,0.1887164287353061,0.15752250849830068,0.1567642938008856,0.17099866086053173,0.17252898946508288,0.17099868310110916,Peru
17,0.10557078586811505,0.1782299176745699,0.1480609902685098,0.14698454209941925,0.16192942495874757,0.16413764156771543,0.16192943422955128,Peru
18,0.10164954301881671,0.17597346790422394,0.13592194684240957,0.1361671152588618,0.1548541956153516,0.15665823623406433,0.15485419947981066,Peru
19,0.0853506415377443,0.1652018832167914,0.1174525840378223,0.12770925045961892,0.14248387685858235,0.14392125364682273,0.14248387846945065,Peru
20,0.039427253987661226,0.11379379730034633,0.07359514979519578,0.07840968067216494,0.09120702527662018,0.09362517047246563,0.09120702594809753,Peru
21,0.05343946519962031,0.12730527996472282,0.09473940801541192,0.08599714251342719,0.10823098490009497,0.10981844214189272,0.10823098517999485,Peru
22,-0.005141733504342688,0.08121011605875027,0.04885949292016978,0.044099237309351697,0.05964403622582948,0.06066227518555059,0.05964403634250348,Peru
23,-0.04991714356332533,0.053449967697865974,0.0221438586577003,0.019875883136115102,0.029521240616762312,0.030067250010173907,0.02952124066539691,Peru
24,-0.03545393786550061,0.06597383574112647,0.036643831903450136,0.03769098805913579,0.043101207637853384,0.043496077367290636,0.043101207658126306,Peru
25,0.04594197587915477,0.1398694217892383,0.11032429463970864,0.11811818129563731,0.1223811850850503,0.12348916077741648,0.1223811850935009,Peru
26,0.16046108985200597,0.24828129652451517,0.2249875894896091,0.2359912735695014,0.23951381911660952,0.24058003798497005,0.2395138191201321,Peru
27,0.18779423889410857,0.2646582316548995,0.24663765736803678,0.25403205027636755,0.2591975655137007,0.2597944805759715,0.2591975655151691,Peru
28,0.2349881611637387,0.32231061677983974,0.30254020738061027,0.3083689211552249,0.3154372546383891,0.31691780827177407,0.31543725463900124,Peru
29,0.29561078139610475,0.39429514074691474,0.3619899019531,0.3751835558358869,0.3830243196852548,0.38395892823579614,0.38302431968551,Peru
30,0.3127433759979864,0.4188188121741727,0.3713743046531295,0.3893275245961195,0.40246217894184794,0.4030275685064967,0.4024621789419543,Peru
31,0.2954366843116475,0.4067073023338291,0.3395967099171062,0.3690472517993586,0.38641963552685776,0.386258121233503,0.38641963552690217,Peru
32,0.1970374596578183,0.3063009275008666,0.2483659226395255,0.2624863983081609,0.28390039486806773,0.28438227302443564,0.28390039486808627,Peru
33,0.11646905784914614,0.23045416661199677,0.19088517403637556,0.18060530510923903,0.2077037126283661,0.20831084511202072,0.20770371262837384,Peru
34,0.029891549218122287,0.14240117528577667,0.10560767172502708,0.10693543377742463,0.119796891219923,0.12087290496082775,0.11979689121992623,Peru
35,0.06369705901926487,0.16996766223059664,0.13810903651711065,0.13146777949232089,0.1514763906177107,0.15206183221065536,0.15147639061771206,Peru
36,0.011926469286371227,0.1212643587333351,0.09067287817172712,0.08472542940417221,0.10025785981688026,0.10127563233290679,0.10025785981688083,Peru
37,0.0395331033278368,0.15006048437145408,0.12546872189593095,0.12234029496867438,0.13266174852577747,0.133965464348194,0.13266174852577772,Peru
38,0.059667465278986115,0.17489146347374362,0.15012278507331073,0.14885553859629413,0.15544182755041885,0.15712160764143834,0.15544182755041897,Peru
39,0.08335816809164054,0.1972103240482973,0.17417795203894826,0.17119758723253162,0.17831758839985457,0.1795128139104595,0.17831758839985462,Peru
40,0.08513959403448182,0.19825985516632358,0.1738198015965129,0.16975854515244498,0.1780630820774335,0.17928960365592675,0.1780630820774335,Peru
41,0.09136808215675893,0.20413304191877568,0.1804805354076131,0.17942417469740307,0.18744586365231566,0.188566462026338,0.18744586365231566,Peru
42,0.11232527678601331,0.2146143910110982,0.1972800305447874,0.19577446425402795,0.20371808120585183,0.20439505383095613,0.20371808120585183,Peru
43,0.07923996414532714,0.1807669778138259,0.16525198579498374,0.15945771955522808,0.17047852987049034,0.17188242381169613,0.17047852987049034,Peru
44,0.08514618262804022,0.18668285878019192,0.17496798286411314,0.1720863903410294,0.17927472333485414,0.18015983968440374,0.17927472333485414,Peru
45,0.1788273032209831,0.28424344088249076,0.26065568699988256,0.2615849481210034,0.27026785196916486,0.27113592653618246,0.27026785196916486,Peru
46,0.36388428186219196,0.476047378216335,0.4336599702138977,0.43144112045893923,0.45673951899827786,0.45679532411929397,0.45673951899827786,Peru
47,0.35619758200718493,0.4670122582842808,0.42495455722900477,0.4166021231185736,0.4496282090970207,0.44939194732999044,0.4496282090970207,Peru
48,0.30243778740469734,0.40623225990861095,0.379138373950621,0.35467753119661377,0.39422454943490914,0.39383712197147625,0.39422454943490914,Peru
49,0.3046368378396054,0.4066082798041424,0.3830939875636913,0.3562320000576338,0.394736167628087,0.3957766975898802,0.394736167628087,Peru
50,0.3014840534865234,0.4068789542434744,0.38305082799993406,0.36218499488572353,0.3925630611072987,0.39301872039852315,0.3925630611072987,Peru
51,0.3112943765641169,0.4241255845929901,0.39013343634705133,0.3773997775137208,0.40258985621340626,0.40286844506070774,0.40258985621340626,Peru
52,0.3040665580785039,0.41965287907019655,0.3779858096839644,0.37441460946253663,0.3954190654282669,0.39602558529567566,0.3954190654282669,Peru
53,0.2388228864392266,0.3588349637734235,0.31821580572308206,0.31280708865915774,0.3331070369692538,0.33348924055185614,0.3331070369692538,Peru
54,0.2869202006317564,0.40279567342640266,0.36170118000746876,0.35669254703422526,0.37650828251375024,0.3785860113890774,0.37650828251375024,Peru
55,0.34121839145801025,0.46242096166302943,0.4023979966407075,0.41708859209513505,0.4359796811541904,0.4367429610485519,0.4359796811541904,Peru
56,0.38813064040745016,0.5078884554853256,0.4240987503242646,0.463215143221831,0.482434576541651,0.4823982926718986,0.482434576541651,Peru
57,0.258232233750598,0.370590869898371,0.3070618490776794,0.3256639604944792,0.35005696619252935,0.3504293903311284,0.35005696619252935,Peru
58,0.20819699054545526,0.3209462329767684,0.26397339376412066,0.2662857544357953,0.29809627635275515,0.29844036743296476,0.29809627635275515,Peru
59,0.2319444215308004,0.33920823228036345,0.2638850352345855,0.30297429492313366,0.31817444344798373,0.3202729976321305,0.31817444344798373,Peru
60,0.2341710047703495,0.33616625156296476,0.2712349250767597,0.30689345490256875,0.31729518915268207,0.3192113714603843,0.31729518915268207,Peru
61,0.23011774296440235,0.3311737022938934,0.2928995628111819,0.29758956781521806,0.31805359304148645,0.3202043397406805,0.31805359304148645,Peru
62,0.24262446460068154,0.3421461790051262,0.3158129151937857,0.3185380658117473,0.3338860548649406,0.33538945958835376,0.3338860548649406,Peru
63,0.2765212328313206,0.37778325348612374,0.3553610142657844,0.3559949730642139,0.37105642517288295,0.37304458347270064,0.37105642517288295,Peru
64,0.2747813837294103,0.37387789678453986,0.35562618410846214,0.3529718548486342,0.3705813237258738,0.3716146158672222,0.3705813237258738,Peru
65,0.26486622646227576,0.3649553907912494,0.3390694736397478,0.3415863488211094,0.35849156382271025,0.36053796958336487,0.35849156382271025,Peru
66,0.33434466056140955,0.43308250143230653,0.40006182034729787,0.41003846978888364,0.42923882578706074,0.43091418883879423,0.42923882578706074,Peru
67,0.3130992995218319,0.4165620686065647,0.3865486677880873,0.38969082051568465,0.40873373614439856,0.40937495288566916,0.40873373614439856,Peru
68,0.3510167258924892,0.4496214824645011,0.4323425955527964,0.4302340850514235,0.4463583057827961,0.4488782101347054,0.4463583057827961,Peru
69,0.47360713268548443,0.5667303496582973,0.5480220304072532,0.5496398705759112,0.5637282896213145,0.5644863223437947,0.5637282896213145,Peru
70,0.5563715078986331,0.6508059945552743,0.6294212559110072,0.6237047353593617,0.6485695114236123,0.6485581331073236,0.6485695114236123,Peru
71,0.5948230688459729,0.6907217022379657,0.6640009859309988,0.6530451911283042,0.687819244773888,0.6875315934556293,0.687819244773888,Peru
72,0.5735256181766639,0.6673061785832356,0.6373748081444273,0.645119423255964,0.6652753971127653,0.6651194319549494,0.6652753971127653,Peru
73,0.535757562886332,0.6293520299763562,0.6034903038954957,0.5923443500047787,0.6262069512973565,0.6259949022556723,0.6262069512973565,Peru
74,0.5241693838941107,0.6230982796009712,0.5984969392302575,0.5819021021022199,0.6158766861356766,0.6156543148032947,0.6158766861356766,Peru
75,0.5144721284887329,0.6183635300430006,0.5875932160882772,0.571113153158198,0.604154325032713,0.6038918863884379,0.604154325032713,Peru
76,0.49399092460992,0.6046636386419286,0.5643446552035655,0.5507360865184506,0.5850181151516065,0.5844636656051381,0.5850181151516065,Peru
77,0.5053015340223429,0.6201473554835895,0.5715437806302892,0.5663845761365909,0.598110597458945,0.5970924737291602,0.598110597458945,Peru
78,0.46129948174874225,0.573098422775729,0.5186932518015663,0.5237738262424573,0.552174424095012,0.551435790770261,0.552174424095012,Peru
79,0.3980051666524175,0.5077915139065494,0.4653132098657954,0.47278086309627926,0.4895743287377451,0.4885287612791337,0.4895743287377451,Peru
80,0.4722864321531751,0.5760331322517203,0.5525578776400705,0.5496953476562304,0.5643348683808531,0.5647104881197961,0.5643348683808531,Peru
81,0.5618310817914354,0.6627425723895543,0.6475092165802458,0.6381088554420029,0.6557318654828913,0.6554800117465401,0.6557318654828913,Peru
82,0.511421478855022,0.616286459265993,0.5863552304997476,0.578662244856719,0.6077818764100178,0.6076352899946964,0.6077818764100178,Peru
83,0.46656825693501003,0.5731992525617596,0.5172969053279907,0.5248335083948152,0.5620137668439249,0.561682621624322,0.5620137668439249,Peru
84,0.4885740581087987,0.604030155016248,0.5406504736872226,0.5436448096297258,0.5861817311665207,0.5865057740141181,0.5861817311665207,Peru
85,0.5167056075766131,0.6333449009945855,0.581315446855969,0.5748375319379988,0.6160839944480767,0.6163220196878754,0.6160839944480767,Peru
86,0.49570661376576763,0.6166482597827339,0.5719229487975673,0.5566666729041194,0.5956127972307089,0.596309391568528,0.5956127972307089,Peru
87,0.48897962020396507,0.6102126573332604,0.5690095602236889,0.5520060969782418,0.5858685175792047,0.5862824282492769,0.5858685175792047,Peru
88,0.45912199442890644,0.5794631058248387,0.5346421294881323,0.5220905417752534,0.5531368486313578,0.5533705904929198,0.5531368486313578,Peru
89,0.481125443636946,0.596630490351141,0.5403234210090817,0.5395701864162652,0.5698812331296601,0.570531164720465,0.5698812331296601,Peru
90,0.5084642337679403,0.62428861695385,0.5618567895023907,0.5674844245920813,0.5984483456251235,0.6001604884056415,0.5984483456251235,Peru
91,0.4164335166286265,0.5323381529640095,0.47156682902520514,0.4822136762044827,0.5058879856897115,0.5074336900648148,0.5058879856897115,Peru
92,0.34575979037019444,0.4601180047771369,0.40729747106237724,0.40558103730817224,0.4339535456212489,0.4361592632940187,0.4339535456212489,Peru
93,0.34757473725041926,0.4618066588595495,0.38693500180686435,0.42102747115112404,0.43788575031471155,0.43929099393811866,0.43788575031471155,Peru
94,0.3264500508044668,0.4339903481251943,0.36684449037578554,0.3915777837941765,0.41291751076155747,0.4146267845915167,0.41291751076155747,Peru
95,0.31108769327880814,0.4161804421686197,0.35642393149639273,0.3628785505508998,0.39575558227227736,0.39697655137425736,0.39575558227227736,Peru
96,0.32016850860092877,0.4212762934021912,0.36137268028258057,0.37211646374509805,0.4011188884328851,0.4026723560383036,0.4011188884328851,Peru
97,0.35195553263342805,0.46201057421806646,0.40765608446806306,0.40645671710790665,0.43782589366285635,0.4393364212591588,0.43782589366285635,Peru
98,0.3704863546164123,0.48222041295159845,0.4381151371079536,0.43121356388364473,0.4600989335857265,0.4617921767001312,0.4600989335857265,Peru
99,0.3760819231499065,0.48192626275052064,0.4508926722516494,0.44119032768204036,0.4656894192876547,0.4675715831897751,0.4656894192876547,Peru
100,0.3953584138514312,0.50051752301663,0.4651903446690947,0.4626898199755024,0.4832864620201399,0.48475889120616644,0.4832864620201399,Peru
101,0.3995090322081799,0.49815324367242586,0.4671592928428253,0.4597261114000076,0.48426574367280645,0.4863982522688214,0.48426574367280645,Peru
102,0.3485082967502162,0.4421419407729895,0.41994830238635084,0.40570214867160725,0.4309350058171769,0.4326946592255807,0.4309350058171769,Peru
103,0.3176385463180644,0.40539811872669773,0.3895164697238366,0.37887410221809176,0.40056241595057884,0.4020058626748817,0.40056241595057884,Peru
104,0.2889226641377748,0.3780376038860912,0.36147511704486607,0.36213876585399346,0.3756935142572533,0.37757896482201314,0.3756935142572533,Peru
105,0.2645647629805501,0.3551714264095735,0.34256151855143013,0.3430948492454877,0.3528808466096992,0.3542962733884734,0.3528808466096992,Peru
106,0.250603906278593,0.34553831170337346,0.3361864758508481,0.3183325691778187,0.3408072899519719,0.34303591652674864,0.3408072899519719,Peru
107,0.35597097058593374,0.44917466469755596,0.4394803295667129,0.43082052562117007,0.4447398296921589,0.44588770178015086,0.4447398296921589,Peru
108,0.4246889839781487,0.5179497019830522,0.5054554709449479,0.5068510825471838,0.5126532311771161,0.5130578451452503,0.5126532311771161,Peru
109,0.38069369349698723,0.48270292222139816,0.45469497505478923,0.44771209619900254,0.46744085437677496,0.4691594903572173,0.46744085437677496,Peru
110,0.40109504941180363,0.5085988857098024,0.4697542646108907,0.4667753057308185,0.487313192571008,0.48927627199641344,0.487313192571008,Peru
111,0.41757465797282656,0.523082342666442,0.48988057319284256,0.48601443745603257,0.5030453516536126,0.5047455805357944,0.5030453516536126,Peru
112,0.46750054548610964,0.5748919186372724,0.5373823170957084,0.5346725561118584,0.5539422574417122,0.5554148188972976,0.5539422574417122,Peru
113,0.44069413547382735,0.5438718503190425,0.510699941667593,0.5070532499337502,0.5251705798733548,0.526084482873979,0.5251705798733548,Peru
114,0.4240072613819661,0.5194327001292369,0.49199745034787906,0.49141546072761033,0.5090102975030426,0.5097620510331513,0.5090102975030426,Peru
115,0.47478623773846385,0.575992240630466,0.5269613290260202,0.5429079447348085,0.5611456314287279,0.561902283904631,0.5611456314287279,Peru
116,0.5471274212766699,0.6499342915204886,0.5867421571910896,0.6220546929187747,0.6351979378941011,0.6365877963315247,0.6351979378941011,Peru
117,0.605513333435405,0.7069096519087693,0.6395405773549322,0.683652660426809,0.6942971177203056,0.694409130270618,0.6942971177203056,Peru
118,0.6501205482857182,0.7469754026901954,0.6970609542217592,0.7256453073684028,0.7352481653512817,0.7348275182423645,0.7352481653512817,Peru
119,0.7509764235577048,0.8440093722877466,0.7906053559222105,0.8291349675139033,0.8384642362796761,0.8380033785112754,0.8384642362796761,Peru
120,0.7589442272249431,0.8612975354337429,0.8036241619485607,0.8329321037540485,0.845454848125551,0.8452072734820124,0.845454848125551,Peru
121,0.7300756661520136,0.8395441939717131,0.7922694493223177,0.7984745551141966,0.8210384956664296,0.8205788312664102,0.8210384956664296,Peru
122,0.6623590801719261,0.7757792194652031,0.7321077600415326,0.7269893636351583,0.753043395996778,0.7527665763885454,0.753043395996778,Peru
123,0.5758500423256251,0.6920947529322068,0.6531683194308695,0.6356650228566254,0.6679523429522801,0.667303381231015,0.6679523429522801,Peru
124,0.5431985153515958,0.6594070310225512,0.6212137420961688,0.603877423933463,0.6358768376734745,0.635315783820426,0.6358768376734745,Peru
125,0.5698907400176928,0.6860485187961172,0.6365050779168198,0.6286365454995851,0.6620929270071594,0.6615599011357592,0.6620929270071594,Peru
126,0.5971433162435742,0.7149236274651747,0.6529156003771244,0.6599889167136046,0.6906343457220292,0.6909594806447324,0.6906343457220292,Peru
127,0.646193207277043,0.7597718151095878,0.7043983981580855,0.7118299832598738,0.7381181875919085,0.7386183668643411,0.7381181875919085,Peru
128,0.6092466669490076,0.7245704020813724,0.6747124791649539,0.6780122268608559,0.6996619002363224,0.6996337609013078,0.6996619002363224,Peru
129,0.5129313838164269,0.6236300185088417,0.586732273925824,0.5749620289336737,0.6025659205778702,0.6041129774417293,0.6025659205778702,Peru
130,0.4239224073598602,0.5361937731758544,0.49713119952871077,0.48081880041351,0.5116999999886228,0.5125244655379367,0.5116999999886228,Peru
131,0.3786121683105639,0.4907823483329411,0.43610859691247117,0.441162151515634,0.4668620972859975,0.4673499358402544,0.4668620972859975,Peru
132,0.34809035983919195,0.45940484607923926,0.4091218063665696,0.4090227447808339,0.43581703723988374,0.43614766971759,0.43581703723988374,Peru
133,0.4916628145991943,0.597965477677418,0.5649637261557292,0.5419976123763237,0.5789587101387066,0.579381908310501,0.5789587101387066,Peru
134,0.5464461586567828,0.6465360020803671,0.6157740171654559,0.6098346068192682,0.6341802409456048,0.6347863700619221,0.6341802409456048,Peru
135,0.5721404322801124,0.6702555881472967,0.6427466517791435,0.6353423714320394,0.660179695490021,0.6620273720589704,0.660179695490021,Peru
136,0.6115577762800415,0.7089392859697472,0.6865189463854244,0.6741370999999161,0.7004704704911473,0.7024416347338798,0.7004704704911473,Peru
137,0.5668806153370162,0.6614319441393204,0.6445094453353802,0.6300162658213785,0.6549464908183805,0.6570559362882646,0.6549464908183805,Peru
138,0.5993060713675269,0.6991357611046058,0.6755880539770798,0.6603751168965969,0.687657915971859,0.6899004356188237,0.687657915971859,Peru
139,0.5656099473960097,0.6675358573145613,0.6436311111448623,0.6273968108724395,0.6549501485945881,0.6560357404581063,0.6549501485945881,Peru
140,0.5415346485970924,0.6361862376720876,0.6067706618416642,0.5986665346288726,0.6273279583489264,0.6289864560136545,0.6273279583489264,Peru
141,0.5109003406550296,0.6102460083741058,0.570348619070882,0.5662831286567023,0.5959424066618411,0.5976598328309692,0.5959424066618411,Peru
142,0.4175021497392498,0.5237909850978166,0.48425759335373286,0.47913265902728325,0.503554737199388,0.5043836347379977,0.503554737199388,Peru
143,0.3559846255064543,0.4588758832035134,0.4227785804341452,0.42886748016226883,0.43943239582069515,0.44095138562290825,0.43943239582069515,Peru
144,0.3541815326198717,0.45469353747984403,0.42363774380043107,0.41772288723247425,0.43738394380222195,0.4386746730930299,0.43738394380222195,Peru
145,0.4413609824050517,0.5416290167424042,0.5083997547375667,0.51140789537061,0.5203729890317573,0.5213078423927798,0.5203729890317573,Peru
146,0.5367525120490098,0.6373990565040815,0.5984835023536326,0.6065919474881704,0.6128604815111771,0.6135789498592483,0.6128604815111771,Peru
147,0.5197961275956605,0.6136729288697201,0.5819745521988725,0.5878752319912788,0.5976482203570876,0.5999445508590113,0.5976482203570876,Peru
148,0.5482244338207723,0.644348644488125,0.60847744902788,0.6093518532336979,0.6264380810162914,0.62782622869893,0.6264380810162914,Peru
149,0.6194070149822032,0.7187595916678997,0.679072078927974,0.6768466977482683,0.6963811002241568,0.6981198461565665,0.6963811002241568,Peru
150,0.6663780259641092,0.7700418664780231,0.723249715381209,0.7275327880485389,0.7471228962982449,0.7479220332067609,0.7471228962982449,Peru
151,0.6466628025677092,0.7530253851209077,0.6933124732825079,0.7059917614111544,0.7274396404080851,0.7285533904048984,0.7274396404080851,Peru
152,0.6681567877898624,0.7751164221985577,0.7184290918945471,0.7265762943500154,0.7507257602864661,0.7525603607723328,0.7507257602864661,Peru
153,0.6851549843758963,0.7912615850444336,0.7145119582660515,0.7387591457100445,0.7670147296828377,0.7688098809490995,0.7670147296828377,Peru
154,0.6202352296949567,0.7280838785389275,0.6529022744344063,0.6804864730602181,0.7043908914060459,0.7046642553288884,0.7043908914060459,Peru
155,0.6052817422971781,0.7135565943946082,0.6613032140794783,0.6715069043469912,0.690384531958053,0.6910692953326185,0.690384531958053,Peru
156,0.6630351329117934,0.7680677146801534,0.6989757089393149,0.7295487960291869,0.7451643147085025,0.7457948037706801,0.7451643147085025,Peru
157,0.6779377558356154,0.7842835958556333,0.6870540574732775,0.7261989582119728,0.7588274133926763,0.7620685374744862,0.7588274133926763,Peru
158,0.7209425495303535,0.828839116320486,0.7472131907885633,0.7625986679359914,0.8023188272499782,0.8066481732949813,0.8023188272499782,Peru
159,0.7272289789386746,0.826678465173966,0.7730250003538608,0.7703464102765383,0.8098986217120301,0.8127144310557295,0.8098986217120301,Peru
160,0.7129631593786143,0.8050712053000334,0.7654681846143452,0.7642361325054932,0.7958867816193641,0.7979659301771898,0.7958867816193641,Peru
161,0.6687021240697671,0.7598454148661227,0.7301809303172935,0.7199303718003043,0.7527327405780162,0.7542942262800191,0.7527327405780162,Peru
162,0.6465383639068987,0.7365822345585894,0.7044949853758944,0.6949264860043343,0.7281069774279263,0.7297153747894477,0.7281069774279263,Peru
163,0.6579553019909532,0.7446457436299216,0.7059547140979217,0.7089668884039464,0.7387467619834378,0.7407812731013805,0.7387467619834378,Peru
164,0.7303404219485834,0.8187387049675018,0.7888493336573746,0.7835754545114502,0.813805952494265,0.8159615838869473,0.813805952494265,Peru
165,0.7509218411365217,0.8398024993579385,0.8068143002957404,0.8074156558152883,0.8320775334106206,0.8333101803118653,0.8320775334106206,Peru
166,0.6791180401516432,0.7652563781216264,0.7267585556930659,0.7380481591540902,0.7607507443734556,0.762590294298362,0.7607507443734556,Peru
167,0.7039012574434236,0.7913166492753477,0.755440301134661,0.7597973009457344,0.7868230793376861,0.7895498416143079,0.7868230793376861,Peru
168,0.6859562532768488,0.771566672006052,0.6964976880492786,0.7455296906121773,0.7673735767099045,0.7688678446510544,0.7673735767099045,Peru
169,0.7296398180794009,0.8140293480847303,0.7285794196371684,0.7943829662452329,0.80953301150134,0.81070000052981,0.80953301150134,Peru
170,0.6424920143202082,0.7373943420404908,0.6819169291498348,0.6976791100195732,0.7286415303045202,0.7297530450961167,0.7286415303045202,Peru
171,0.6047831956575515,0.7032437243877472,0.6660190373711906,0.6634342977730773,0.6949906353638726,0.6967442585564951,0.6949906353638726,Peru
172,0.602447833270908,0.7096964129632036,0.6709038176093096,0.6623184735057972,0.6912394462375948,0.6931620977307043,0.6912394462375948,Peru
173,0.5962570856623842,0.70405433162171,0.6687121521872235,0.6570260438377857,0.6818171299709864,0.6844647995251125,0.6818171299709864,Peru
174,0.6402132986304823,0.7440800041200359,0.7068375764791218,0.6988994139419182,0.7234969215693676,0.7259091905475783,0.7234969215693676,Peru
175,0.6363338253096065,0.744899944420776,0.7014312223876387,0.6988292376416909,0.722882641827322,0.7242007746230854,0.722882641827322,Peru
176,0.5690044507511598,0.6810482019604098,0.6407755804052668,0.6304759265649665,0.6562039324731057,0.6584170082590848,0.6562039324731057,Peru
177,0.6104451948319892,0.723795385383663,0.6853943337598081,0.6763049791762545,0.6981379929397955,0.7001764228602458,0.6981379929397955,Peru
178,0.733619402642075,0.8485821983854719,0.8113328608480628,0.807855169898519,0.8228598888592599,0.8238173622214535,0.8228598888592599,Peru
179,0.8129438447348855,0.923496065149175,0.8880800265904532,0.8871753108936484,0.8982051279993002,0.8983553286248611,0.8982051279993002,Peru
180,0.921921177101768,1.0288832357806021,0.9977143333332297,0.9948990576524961,1.0041965619839912,1.0042203514190602,1.0041965619839912,Peru
181,0.9596478224679863,1.067183638937368,1.0364195855579834,1.034587338468357,1.043515376631277,1.0434904930768774,1.043515376631277,Peru
182,0.9665298104018989,1.0762720177186835,1.042505689012575,1.0462422599268062,1.0508827103831935,1.050759373583144,1.0508827103831935,Peru
183,0.909998324005473,1.020001681197246,0.9826169082566727,0.9904174375313048,0.9940828531349737,0.9937744511753517,0.9940828531349737,Peru
184,0.8143497842531334,0.9233196319434352,0.8883926849955344,0.8953251267837969,0.8978121300469051,0.8976210042164782,0.8978121300469051,Peru
185,0.803989248060397,0.9107272084488363,0.8710508195804656,0.8835184821130568,0.8861765396571863,0.8857490897905257,0.8861765396571863,Peru
186,0.8319864038622173,0.9371088019704943,0.892371982526501,0.9073971863314652,0.9130960901658441,0.9127625159582773,0.9130960901658441,Peru
187,0.8386307118706162,0.9412721456289483,0.8828946315996786,0.9114362026360756,0.9177936467441955,0.9175896112310318,0.9177936467441955,Peru
188,0.791612883567935,0.8941202307214369,0.8330160341352946,0.8626750862129242,0.8695632151909735,0.8694152815261387,0.8695632151909735,Peru
189,0.7903680196418064,0.8871173019045462,0.8256870721337274,0.8576939662389864,0.8693996700048666,0.869988936892138,0.8693996700048666,Peru
190,0.7798778469347754,0.8799775809155888,0.8117385306395487,0.8383310082006159,0.8610861842277739,0.8616087560103594,0.8610861842277739,Peru
191,0.7057710201790877,0.7980258482823246,0.7472430252515767,0.7585935156797179,0.7840763471557105,0.7844415384643224,0.7840763471557105,Peru
192,0.5974704946101427,0.6911304412671168,0.6545594433657318,0.6507698518645342,0.6748777099385053,0.6773619743548822,0.6748777099385053,Peru
193,0.5506154755781171,0.6483899715741617,0.59970075258056,0.6171306608515394,0.6283253250340104,0.6304689838791626,0.6283253250340104,Peru
194,0.7189987645879903,0.817445612768803,0.7695938880307915,0.774641361943317,0.7977472512650777,0.8003045621850762,0.7977472512650777,Peru
195,0.7647617395621715,0.8585879031615564,0.8180133317367637,0.815853976530524,0.8397989168643141,0.841047039521587,0.8397989168643141,Peru
196,0.7670863436171713,0.8510580066701536,0.8195742932777863,0.8076323600486526,0.8359078341186147,0.838308067752026,0.8359078341186147,Peru
197,0.8010350546790928,0.8897295190927661,0.8560917324927857,0.8419054173198057,0.8700901351221986,0.8732191336414957,0.8700901351221986,Peru
198,0.7899610102022658,0.8810764966443196,0.8466234750905318,0.8316999154041529,0.8604457160014016,0.8621146650593816,0.8604457160014016,Peru
199,0.7931083343539107,0.8815330211225708,0.8360799325302781,0.8308211132275496,0.858948929418883,0.860591048369412,0.858948929418883,Peru
200,0.853176517510239,0.9480926933900795,0.9043852431130414,0.8981189609671354,0.925114752639048,0.926868030214609,0.925114752639048,Peru
201,0.8579056729918516,0.9520752985776203,0.891955604173112,0.8995412127796653,0.926819410501392,0.9274251268244593,0.926819410501392,Peru
202,0.8528037633688085,0.9491545093507737,0.8592669557238874,0.8919079869737123,0.9227994001843505,0.9237773277325103,0.9227994001843505,Peru
203,0.8624714188071675,0.9609794309303246,0.8890453301695882,0.911567312619632,0.9378870872773719,0.9385494803523784,0.9378870872773719,Peru
204,0.8282803004126447,0.9282646050213079,0.8436258799022975,0.8790091964921912,0.907322274025308,0.9082147010412362,0.907322274025308,Peru
205,0.8284182901937056,0.9266528125452199,0.8186130679685318,0.8869208701851172,0.9053949803219877,0.9064572745245613,0.9053949803219877,Peru
206,0.7797074209003372,0.8796443042982993,0.7846087753646418,0.8263307921176171,0.8547974412778095,0.8562749804007155,0.8547974412778095,Peru
207,0.7571707549205307,0.8549427008617192,0.7878817299350787,0.7963282133783163,0.8304520708784079,0.832299865334065,0.8304520708784079,Peru
208,0.7974531862077143,0.8995960847924964,0.8493023567350686,0.8381026758213608,0.8741017139577034,0.8766165028900159,0.8741017139577034,Peru
209,0.7799202168088846,0.8781061462427096,0.8407438624584895,0.8211673627067995,0.8538504852117657,0.8553899844459131,0.8538504852117657,Peru
210,0.7724693950799995,0.8724553588936004,0.8304713897959308,0.8185993872480586,0.8490747557016711,0.8505728781247432,0.8490747557016711,Peru
211,0.8118566633405826,0.9121646510818926,0.8585569644230596,0.8578924456642232,0.8885756902886073,0.8907022948487877,0.8885756902886073,Peru
212,0.8706638296966759,0.9683361873515899,0.9187544114328972,0.9221156284817462,0.9457638681316108,0.9473695371237563,0.9457638681316108,Peru
0,0.3121690522382186,0.3121690522382186,0.3121690522382186,0.3121690522382186,0.3244125157386188,0.3121690522382186,0.3121690522382186,Nile
1,0.42158304649575284,0.4280235794189691,0.42145481720967864,0.4182189661903218,0.43020880614403784,0.4207927988773013,0.42082680994733496,Nile
2,0.47208920551265515,0.4857174747507069,0.47257911266918307,0.4650935803995788,0.4783208871705682,0.46876031052865974,0.47113159366452145,Nile
3,0.49630172611520557,0.5166971956706471,0.4935524959163069,0.48276093098354944,0.4972957945601427,0.48906101698821214,0.49178673870119344,Nile
4,0.5160707361153142,0.5459384267572069,0.5141411617198978,0.5016319085453514,0.5149418856004707,0.5065521876193517,0.5107203725364267,Nile
5,0.4888493132800842,0.520297908945838,0.4883509720387222,0.47259430473477254,0.4849593446002051,0.4780477487002297,0.481724457714652,Nile
6,0.5007975501965669,0.5377811974978355,0.5010238355360084,0.4838646033175094,0.49668236634964275,0.4903787772180326,0.4942035174147779,Nile
7,0.5784655881951234,0.6189847515609893,0.5772831145778967,0.5608611442112471,0.57266535199382,0.5672537477905972,0.5707658444501954,Nile
8,0.6057895890317104,0.6477320685367631,0.603992133426898,0.5862615873330655,0.5979418840437002,0.5931938378378829,0.5964863177695564,Nile
9,0.6529518750597576,0.6885267930340324,0.6514007605068752,0.631006265069467,0.6446695779726863,0.6403017028851187,0.6435541977334576,Nile
10,0.6503718744273159,0.6741319028824316,0.6488831234093203,0.6243607881365738,0.6387316092512266,0.6348301351852704,0.6378769088503164,Nile
11,0.6696567116749729,0.6837043907825717,0.6656461279054697,0.6389839234184609,0.6565776369682386,0.6532465984050991,0.65592269191038,Nile
12,0.7231040490692772,0.7447680871259541,0.7161386319418848,0.6901758289854072,0.7081661980349316,0.7031570756880696,0.7076643227247568,Nile
13,0.7092028458151998,0.7347729530722775,0.7002162883024025,0.6760908413121197,0.6932187585465862,0.6843970958568345,0.6928341784601486,Nile
14,0.6898603051234351,0.7180993784926967,0.6759801543419746,0.6549642839812228,0.6692933188034186,0.659203861214877,0.6689986204194059,Nile
15,0.6892562674817247,0.7147089325439804,0.6730740809733864,0.6528113165270524,0.6666899423052737,0.6580469036356944,0.6664641190226794,Nile
16,0.6679570265154245,0.69260365400862,0.6515741885722303,0.6288444918731134,0.6449929905376551,0.6380919431139948,0.6448199452896044,Nile
17,0.7002019483319235,0.7207805442570829,0.6807187185569649,0.6583223260945412,0.6746644424402695,0.667615743252294,0.67453184026777,Nile
18,0.7349765812481402,0.759233456586142,0.7137838337173213,0.696069401991717,0.7089795341663838,0.703481684588543,0.7088779229615132,Nile
19,0.747978916850327,0.7744082363155488,0.7261586487675363,0.707024655499996,0.7204953749083123,0.7163050761657466,0.7204175116519219,Nile
20,0.7181986355881907,0.7428961569416067,0.699920381863585,0.6788192049843234,0.6910884863573917,0.6878277718541188,0.6910288208244081,Nile
21,0.6499847557438484,0.6733730615124804,0.6338777452711266,0.6115566212526123,0.6220263773440324,0.6197042038585605,0.6219806564739936,Nile
22,0.6989997650404095,0.7210031559898159,0.6863376705420636,0.655408926693152,0.6685008090268988,0.6664608283278028,0.668465773758586,Nile
23,0.7498788271321869,0.77281950393245,0.7301958787818349,0.6987625253462607,0.7151643520997242,0.7134033152462788,0.7151375050597464,Nile
24,0.7774458579172073,0.7955101582473991,0.7548926477562651,0.7235120726714387,0.7410135622496112,0.7381961510670894,0.7409929897353912,Nile
25,0.7590133203005249,0.7733527120942321,0.7350326161301279,0.7074391489194933,0.7216428007899818,0.7190491267774521,0.7216270363577879,Nile
26,0.7414126020992465,0.7442527801908662,0.7146997922054988,0.6888547755614778,0.70256689812772,0.6977439111676247,0.7025548180620685,Nile
27,0.7405038415458249,0.7472642709039423,0.7131296868835866,0.6864394745867901,0.7020401972875415,0.6968681294014394,0.7020309405008492,Nile
28,0.7489820283588146,0.7495725540864779,0.7206787521862964,0.6918815464525266,0.7089205597864913,0.6898478241456537,0.708913466439291,Nile
29,0.7826623707109827,0.7771713651222381,0.7514478400392821,0.7230463688596743,0.7402421567147267,0.7121553252634982,0.7402367211811905,Nile
30,0.8207100015158609,0.8211781016721003,0.7847988676258429,0.759536822914259,0.7750162884250583,0.7528045860953666,0.7750121232511301,Nile
31,0.8315643638847532,0.8301444439795194,0.7944213027109887,0.7687475667930965,0.7844501207897454,0.7665192539368855,0.7844469290747578,Nile
32,0.8554409415648127,0.8555372216836344,0.82129011963287,0.7957720136299594,0.8083725208607125,0.7939600984906015,0.808370075093804,Nile
33,0.860075961840467,0.856930898324574,0.8281809991836994,0.7979480172882772,0.8105379022793864,0.7987489434454541,0.8105360281221405,Nile
34,0.8760851790620275,0.8717392757410481,0.844400396243736,0.8111296259527067,0.8252688300604927,0.8160128311838294,0.8252673939198,Nile
35,0.8338674442873442,0.8302547266676026,0.7982809763372736,0.765132562166871,0.7824496780986487,0.775010988418667,0.7824485776039629,Nile
36,0.8552095330336374,0.8519612423334241,0.8151033436104987,0.7840718044901205,0.8024635324344286,0.7945533583676168,0.8024626891406207,Nile
37,0.8558851148544365,0.844170493148367,0.8127941500185206,0.7843082895092526,0.8020577225759413,0.7904681973069995,0.8020570763715974,Nile
38,0.8137570158117859,0.7964379856343627,0.767289895158227,0.7411976484161947,0.758088601644455,0.745632651886699,0.7580881064670326,Nile
39,0.7809780865539626,0.7676483096863573,0.7333011856226248,0.7069979280910494,0.7250720389547507,0.7136653368837191,0.7250716595071627,Nile
40,0.7690512682516064,0.7584014270874577,0.7199981543849543,0.6937227343249355,0.7125823268107772,0.7024577976825137,0.7125820360453554,Nile
41,0.8004403799585089,0.7896405930944983,0.747967454255016,0.7234733678805245,0.742199461174817,0.733995670739594,0.7421992383653089,Nile
42,0.8695737168115766,0.8495013529096396,0.8153453407137579,0.7947699030265841,0.810420774776434,0.8037308787424037,0.8104206040405996,Nile
43,0.9136937509866041,0.8854792412423997,0.8612343947321045,0.8405791193756698,0.8543204729895837,0.8325701162598161,0.8543203421570826,Nile
44,0.870379408440523,0.8500630778890299,0.823690209278497,0.7934398833479028,0.8101749306495463,0.7884901597237142,0.8101748303944161,Nile
45,0.7975572713017084,0.7802398311863861,0.7581745210113304,0.7202415638026396,0.737716051784446,0.7206871781683051,0.7377159749603308,Nile
46,0.8092440570012442,0.799119427402742,0.7729935579768515,0.7277789683815132,0.7486690159201882,0.7352312165366363,0.7486689570509347,Nile
47,0.8103902637503549,0.8058763984771152,0.7713922133512224,0.7278383727619593,0.7500901240215511,0.7395043010397315,0.7500900789108589,Nile
48,0.7550335510140338,0.7544046367295941,0.713003997777853,0.6751866091334845,0.6954918417982393,0.6866479473711428,0.6954918072305417,Nile
49,0.7845817086304822,0.7709869327610261,0.7393146725090801,0.7054008585758835,0.7249069700305429,0.7123762015704029,0.724906943541796,Nile
50,0.7551089705074838,0.741484726347856,0.7080049066688593,0.6783807616564931,0.6958837517536225,0.6823356856418088,0.6958837314556633,Nile
51,0.7284557678029546,0.713713535138602,0.6800811803644872,0.6507890815256229,0.6699850493994038,0.6589272708040569,0.6699850338453593,Nile
52,0.7100469309368114,0.6985562784062305,0.6605120658139685,0.6312411503640244,0.6516120800734317,0.640561007332524,0.6516120681545833,Nile
53,0.6959431960247832,0.6887320047471587,0.646951754506883,0.6172927052297656,0.6375434024217375,0.6286501042268574,0.6375433932884893,Nile
54,0.7102758652766299,0.7039719883031317,0.6613354362773729,0.6327877502672776,0.6513362359740463,0.6438662137676505,0.651336228975365,Nile
55,0.7329155312800223,0.714674619179419,0.684028924609898,0.6568810811280196,0.6738167339355298,0.6668283615210858,0.6738167285725375,Nile
56,0.6992615495435,0.6776202452418788,0.6494612999877898,0.6199625533445784,0.6393514692610738,0.6337948791428849,0.6393514651514872,Nile
57,0.7108926028271136,0.6928381540903862,0.6603783371483383,0.6292932202958574,0.65111801454451,0.6470718877599556,0.6511180113953908,Nile
58,0.6328819968053118,0.6172023691433937,0.5829382949530418,0.5487493646088599,0.5730677154551319,0.5701180654587675,0.5730677130420055,Nile
59,0.6143267796112817,0.6008181856201324,0.5675572040294253,0.5294198314648877,0.5545827569186297,0.5526916664965937,0.5545827550694844,Nile
60,0.578764804651245,0.559619453488599,0.5326237940590474,0.4973427035126585,0.5192621893217627,0.5178605721647562,0.5192621879047884,Nile
61,0.5524989906391694,0.5383349697063678,0.5045912291850208,0.4721836339387068,0.49261770383989684,0.4855615850881011,0.49261770275408906,Nile
62,0.5694046797706155,0.5607118554261612,0.5189755883798826,0.49046044087919904,0.5092200549355971,0.49949604369150896,0.5092200541035576,Nile
63,0.5709157487611788,0.5656852433642189,0.5187204171692509,0.4898019134487871,0.5099432386562551,0.5016127663569252,0.5099432380186748,Nile
64,0.5548938990891226,0.5486458531779979,0.5030009204534024,0.47324350185699104,0.49451404390722786,0.4880010482067406,0.4945140434186589,Nile
65,0.5852666985994284,0.5734886302656732,0.5345831976056414,0.5047611636263425,0.5246129070919058,0.5194922887150429,0.5246129067175223,Nile
66,0.6234688976812273,0.6162073791034142,0.571808606346556,0.5441046281522335,0.5634505578724953,0.5597748337117209,0.5634505575856104,Nile
67,0.6492254582711927,0.6455240915721051,0.5977164152086738,0.5730780160891613,0.5900647435559168,0.5872704004794476,0.5900647433360807,Nile
68,0.6356524771658794,0.6316797896953208,0.5840759913159468,0.5630940728912276,0.5763916206955206,0.5743439612148619,0.5763916205270632,Nile
69,0.5570055576017112,0.5424652599546318,0.5054575446949531,0.4861095086397484,0.4978283285102439,0.4965387058515352,0.49782832838115726,Nile
70,0.560906130460105,0.536604786696942,0.5095907186541008,0.48579259058727225,0.501693056941063,0.5008967895423773,0.5016930568421457,Nile
71,0.610683892127687,0.5812211047275441,0.5584170775280449,0.5324122714960485,0.5512287620269355,0.5415855856854727,0.5512287619511366,Nile
72,0.6424492618982165,0.6175395390088914,0.5876525908082989,0.5650330404510698,0.5820582993229894,0.5736900073428016,0.5820582992649057,Nile
73,0.6735597831199335,0.6502456536905613,0.6175612491403424,0.5972437124058586,0.6127428987639942,0.5999825129457629,0.6127428987194855,Nile
74,0.6255113573475943,0.6031846671416079,0.5688986509995971,0.55086817398464,0.5638264358166181,0.5489900024828409,0.5638264357825116,Nile
75,0.5834442786069727,0.568141148576778,0.5271753687798375,0.506462825196495,0.5222352361153049,0.5111406166454142,0.5222352360891696,Nile
76,0.5566636426958512,0.5452616017925471,0.4994019935790621,0.47687889783834697,0.4947602688971932,0.48643669836136777,0.49476026887716607,Nile
77,0.521369786475666,0.5068431763218911,0.4629697362114411,0.44037869999650114,0.458687441076903,0.451759546772679,0.4586874410615565,Nile
78,0.5343388348461429,0.5144539013498621,0.4759056116416148,0.45455106535400563,0.4720685389267635,0.46574983959052907,0.47206853891500367,Nile
79,0.5953240391285975,0.5762528230995373,0.5373561995956464,0.5169685540439115,0.533679617841106,0.5267974119214297,0.5336796178320945,Nile
80,0.6223578353207594,0.6072964255735911,0.5654872703547486,0.546404047604554,0.561283162541996,0.554522132639652,0.5612831625350906,Nile
81,0.6133754331646569,0.599137604970496,0.5583068966229342,0.5368697445930504,0.552405517453433,0.5471408640552071,0.5524055174481415,Nile
82,0.5632183468739124,0.5536462199580384,0.512866966057595,0.4829655768528816,0.5019830734596549,0.49798903649988485,0.5019830734556,Nile
83,0.6545548921516077,0.6344033829216047,0.6041343374534375,0.571035117031394,0.5923422987215234,0.5886342301065919,0.5923422987184163,Nile
84,0.6962211833343168,0.6839311424357492,0.6435363137822449,0.6127536865016601,0.633961551675938,0.6294049489950757,0.633961551673557,Nile
85,0.7137878308287559,0.6925539293422308,0.659636441136484,0.6313114412555451,0.6509607552615839,0.6409618475214643,0.6509607552597595,Nile
86,0.6544232437822389,0.6343004441929319,0.599594335752671,0.5756346782098589,0.5914374012332475,0.5782219108055557,0.5914374012318494,Nile
87,0.6327974208908279,0.6124556217729853,0.5771602507118422,0.5526162561038099,0.5695766016049376,0.5571906227950559,0.5695766016038663,Nile
88,0.642779069142301,0.623283105100052,0.5887521213101768,0.5609962703423836,0.5797779881406774,0.5688186470295034,0.5797779881398564,Nile
89,0.6317016412781095,0.6196589183963893,0.5790326151446191,0.5501166098908281,0.5688782951380597,0.5590398753917897,0.5688782951374306,Nile
90,0.6428514763191311,0.6330942637160019,0.5918696217400169,0.5624675206941585,0.5799850864666005,0.5710265522756425,0.5799850864661185,Nile
91,0.6859318083792789,0.6752150269445151,0.6376642232376483,0.6058313532902853,0.6230189391832605,0.6153493549056025,0.6230189391828911,Nile
92,0.6913309539790019,0.6825891728260793,0.6439611285712689,0.6138694504382409,0.6287259887032995,0.6223823440714934,0.6287259887030164,Nile
93,0.6979334772640305,0.6794849051054429,0.6496344712975803,0.6192874904634461,0.6346775124173553,0.6296297660317771,0.6346775124171383,Nile
94,0.6438579246628741,0.6180309469710622,0.5997059048982444,0.569310960002751,0.5814604782298415,0.5775476942518019,0.5814604782296753,Nile
95,0.6724031485821546,0.6425604554551834,0.6250409847708629,0.6010372280104636,0.6104138517798908,0.607056111021264,0.6104138517797635,Nile
96,0.6693275357469529,0.6448888936596483,0.6212011737181613,0.6007526426665633,0.6084930380249183,0.603221339513129,0.6084930380248208,Nile
97,0.660260936862159,0.6439327158183294,0.6099967735612292,0.5906181018613247,0.5984513578135418,0.588276295624248,0.598451357813467,Nile
98,0.6273199362779837,0.610335485066807,0.5750928993186373,0.5549547718439172,0.5652279999653698,0.5516318933849254,0.5652279999653125,Nile
99,0.5977182731321864,0.5858483992135977,0.5439253495015612,0.5227637235303273,0.5357542638748707,0.5243080483122379,0.5357542638748267,Nile
100,0.5560579066784448,0.54617945716429,0.5004102334697663,0.48301601455980947,0.4937448465008857,0.4842637961453724,0.493744846500852,Nile
101,0.5764231525654046,0.5669842133105811,0.5203070751986814,0.5056402746480403,0.5147433760238708,0.506212705481249,0.514743376023845,Nile
102,0.6130122652373057,0.5972168308002213,0.5570228599016585,0.5426244583813913,0.5521621056293028,0.5440644760208329,0.5521621056292831,Nile
103,0.6567620929837253,0.6361475210519348,0.6007053358635763,0.5848677114008318,0.5959377875532997,0.5884411859068989,0.5959377875532847,Nile
104,0.6357368075944829,0.6174460062125153,0.5809877940726189,0.562867894902384,0.5752858913736045,0.5686468924015782,0.5752858913735931,Nile
105,0.5750823742920047,0.5587945652271369,0.5223516448505874,0.49711700517742363,0.5138159651863405,0.5085678108190705,0.5138159651863319,Nile
106,0.567857163326215,0.5540712671908053,0.5224704937362382,0.4921663439677991,0.5067503923799639,0.5019405947734319,0.5067503923799572,Nile
107,0.5497268686221723,0.5273145010747189,0.5036822806689636,0.4743622547312264,0.4880650883526617,0.48346245551867484,0.4880650883526566,Nile
108,0.4972509858918818,0.47736786082980076,0.44802803448257267,0.4211037431711048,0.43558391848246025,0.43009431038565343,0.4355839184824563,Nile
109,0.51000966996984,0.48620590590799617,0.4587303890809167,0.43358310711844966,0.4481937821022703,0.43776885263510573,0.4481937821022673,Nile
110,0.5389975352805808,0.5126602830863527,0.48594327292603845,0.46352807793422196,0.4768612606964028,0.4625816367732613,0.47686126069640045,Nile
111,0.5301277316121322,0.5121591018703943,0.47769741156923595,0.4560477511507494,0.468067962526842,0.4550897884750889,0.46806796252684013,Nile
112,0.5438125513513177,0.5261729219374267,0.49159443225325056,0.46621082547053067,0.4812350206690789,0.4707543428389017,0.4812350206690775,Nile
113,0.5563020650456383,0.5463267499932799,0.5033389203310192,0.4787479679353754,0.4938700783868056,0.48487725988060587,0.4938700783868045,Nile
114,0.6016401861034207,0.5900425216697993,0.5476488592200679,0.5261766623314239,0.5395457387528164,0.5314471723056087,0.5395457387528155,Nile
115,0.6005684625305505,0.5773364657122915,0.5452821950206577,0.5258375314384236,0.5383260104254993,0.531465183333129,0.5383260104254987,Nile
116,0.6462994518271286,0.6215156530073723,0.5904905040104524,0.5729289460999528,0.5839422487910865,0.5776399912301646,0.583942248791086,Nile
117,0.571719482050138,0.5445149198944823,0.5169882061678065,0.4938904925424862,0.5092743469678993,0.5029311645316652,0.509274346967899,Nile
118,0.5242764794694565,0.4959629069913791,0.4831658106242417,0.44377700273700693,0.4625099503129948,0.4561354077126602,0.46250995031299447,Nile
119,0.49527092262865535,0.4612761373269481,0.480194320144793,0.41229787457204453,0.4341187010906569,0.4294231826354138,0.4341187010906567,Nile
120,0.4962269679012137,0.4563861932194055,0.4729106496020799,0.41763725885556424,0.4350593525567769,0.431812887748735,0.43505935255677675,Nile
121,0.5400160135453943,0.5075864436548405,0.5080685306795004,0.46266352016478063,0.4780905151809375,0.4747170279839784,0.47809051518093737,Nile
122,0.5283610810420856,0.5005530279491003,0.4913838930307371,0.45124715010295546,0.4668053148842586,0.46364734168397714,0.46680531488425847,Nile
123,0.49232178590409026,0.466663560279543,0.45058467394711055,0.41692141383307196,0.4300299841720937,0.4230460542199042,0.4300299841720937,Nile
124,0.46665429772415745,0.4460425836899333,0.4208980285618009,0.3922974998188991,0.40445791968227013,0.3981171624609423,0.40445791968227013,Nile
125,0.4742142405387838,0.45523122934919424,0.42501969007696916,0.3962975324717647,0.41133852734206605,0.4052589212264319,0.41133852734206605,Nile
126,0.5352184417643108,0.5185114501142246,0.48404034771178095,0.45688811745997937,0.4724833995387773,0.46699816706661906,0.4724833995387773,Nile
127,0.5374774624233435,0.5237780830481061,0.4857210576151144,0.45868675281898946,0.47456551405942,0.4646766397601706,0.47456551405942,Nile
128,0.48343354561765495,0.46595681626622176,0.4342145334068473,0.4031819358135446,0.42027216607459444,0.41169480971540257,0.42027216607459444,Nile
129,0.48632489100120846,0.467717987709249,0.43741882200122423,0.40408708423745154,0.42332292746679034,0.4162482550544763,0.42332292746679034,Nile
130,0.44035100151777795,0.4268557141816468,0.390719768991412,0.35628056239142114,0.3777876688577752,0.3724203828834579,0.3777876688577752,Nile
131,0.5011583024292264,0.48692828148846384,0.4501985541269569,0.41469424862558085,0.43864446044801747,0.4348859496699185,0.43864446044801747,Nile
132,0.5093009069998066,0.48899080780691384,0.4562510654825692,0.4260268317049547,0.44690049914164603,0.44448590753276007,0.44690049914164603,Nile
133,0.5163626538929609,0.5002296428081973,0.4618192040994195,0.43395125113883287,0.453373143881031,0.4515344699193415,0.453373143881031,Nile
134,0.4362356336661829,0.41974338456095,0.38106335459860896,0.3548277932845885,0.3730931357983374,0.3713480664702515,0.3730931357983374,Nile
135,0.42185807341841525,0.40976716612550346,0.36810115069668575,0.34068650457354904,0.3588443386026288,0.35491715622508463,0.3588443386026288,Nile
136,0.44487485362402823,0.426033704626395,0.3914411246251986,0.3623767886192745,0.3817808847874676,0.3775716305903329,0.3817808847874676,Nile
137,0.4430407404943788,0.4260187583211744,0.3904323710907508,0.359106023906716,0.3795568361270413,0.3736252956127744,0.3795568361270413,Nile
138,0.4717487559822424,0.45567378147202103,0.4192973972771054,0.3881982017825684,0.4077823233511779,0.386122345420601,0.4077823233511779,Nile
139,0.5453135585253222,0.521972089339747,0.4929480007455779,0.46340418974936687,0.4813958455724684,0.4637134445097054,0.4813958455724684,Nile
140,0.47692185166474077,0.45638360092213254,0.42803217851595443,0.39439531129804356,0.41339880273808255,0.39850857294091213,0.41339880273808255,Nile
141,0.4930326788100232,0.4714535499421822,0.4427190108469541,0.4086405880367151,0.4291627211329721,0.4171569894557924,0.4291627211329721,Nile
142,0.5010422125666332,0.481051276771847,0.4512068253527929,0.41423583566886835,0.43705225662828306,0.4265578160034609,0.43705225662828306,Nile
143,0.45543271684992404,0.4354620219402363,0.4114881187684619,0.3671954788668109,0.3920927159844191,0.3842167095171701,0.3920927159844191,Nile
144,0.48239768775250763,0.46428981650013185,0.436284612407666,0.39466334278924425,0.4188285368265023,0.412274999826606,0.4188285368265023,Nile
145,0.4873171381124108,0.4715927761431722,0.4382232683381885,0.4009895160690132,0.424427685796695,0.4181797792437159,0.424427685796695,Nile
146,0.42060954522185895,0.4059998091131759,0.3703510372998288,0.33761305412172526,0.35894845051619695,0.3488003623996834,0.35894845051619695,Nile
147,0.4005180149418973,0.39059235490337585,0.3484193570867732,0.31870291792625394,0.3388486445751133,0.3271263933498414,0.3388486445751133,Nile
148,0.4065217456882172,0.39802056713633766,0.3541921305715062,0.3240193543192019,0.3453692304136499,0.334766210441245,0.3453692304136499,Nile
149,0.381996676610968,0.377026466906436,0.3295342179048818,0.3003883196512606,0.3217809016640174,0.312518162072386,0.3217809016640174,Nile
150,0.3899560991744106,0.3839860795403186,0.33678884076383986,0.30883425304089973,0.32863854988813435,0.31799512510788047,0.32863854988813435,Nile
151,0.4385268228809612,0.43369012920096006,0.38746048748890527,0.35819768778675465,0.3775362204360254,0.3665412624578198,0.3775362204360254,Nile
152,0.42338063343790466,0.4225714600290927,0.37332957917839826,0.3429682897425785,0.36240972390671855,0.3535768548977762,0.36240972390671855,Nile
153,0.45352922212118174,0.4510105212710005,0.40376544338703985,0.37485553365326485,0.39324929786728946,0.3862225736289122,0.39324929786728946,Nile
154,0.48369153167411616,0.4825806789052541,0.43460989964944524,0.40402984525195806,0.42289839842518645,0.41777247608544665,0.42289839842518645,Nile
155,0.4802813918586642,0.4771945165697167,0.431424323171754,0.4031698159897077,0.4188902997380761,0.415494070101452,0.4188902997380761,Nile
156,0.39834671260596266,0.3934730141414606,0.3510757135829002,0.3216472837687253,0.33691605931702306,0.33454809584629125,0.33691605931702306,Nile
157,0.3828682464894708,0.37308689985792043,0.33453174455280554,0.3050532127084466,0.32140727802615277,0.3193055267457907,0.32140727802615277,Nile
158,0.3701383284074392,0.3571034108787099,0.3209234482962063,0.2919755138348879,0.30916122164399995,0.3072634650713024,0.30916122164399995,Nile
159,0.36083892717202576,0.3543457881638319,0.3098234139738162,0.2837353353983773,0.30014468241759945,0.29225985614559163,0.30014468241759945,Nile
160,0.41065602320699934,0.39569561453251445,0.35839253172520547,0.33278049777908203,0.34936957907241994,0.33802168879454836,0.34936957907241994,Nile
161,0.4264546223133485,0.41312428426066017,0.37413448288562284,0.34880111575905204,0.3652919642616502,0.3561393405409946,0.3652919642616502,Nile
162,0.4072647153777725,0.38760213416759026,0.3539208787938475,0.32902622779652746,0.3464132233515895,0.3380446190041852,0.3464132233515895,Nile
163,0.3522058297708366,0.3255216558409068,0.2975079881779916,0.2742185514718131,0.2911398961032182,0.2831373431988339,0.2911398961032182,Nile
164,0.2993260724663697,0.2738603143204352,0.24234569407816625,0.2201653822290243,0.23698715169064113,0.22973386858103506,0.23698715169064113,Nile
165,0.2763174526364168,0.25293953967422383,0.21880799670343587,0.1960925815289359,0.21433060586192137,0.20846650824950091,0.21433060586192137,Nile
166,0.28249636554211915,0.2673178433551315,0.2257492536991465,0.2000466699762064,0.22030535514795663,0.21524139414734272,0.22030535514795663,Nile
167,0.3507848674703787,0.3371897248654221,0.2965677997466881,0.2663525199292963,0.28845739196345066,0.28391562559908995,0.28845739196345066,Nile
168,0.419620023451791,0.3982690122870503,0.3651079963505957,0.33621879991951475,0.3577321389707826,0.3536874437809828,0.3577321389707826,Nile
169,0.41223672415702634,0.38915310327792096,0.359421596460251,0.3330760403528644,0.350884001940896,0.3476637896634117,0.350884001940896,Nile
170,0.4263988301166893,0.3943926311481411,0.3713321090604064,0.35039046947963004,0.3642094486405662,0.361082109263034,0.3642094486405662,Nile
171,0.41615983172232196,0.3894795018163095,0.35895266725344316,0.34148738029087117,0.35263502172353994,0.3490030833360352,0.35263502172353994,Nile
172,0.3667388132520599,0.33408048352273906,0.3100984507977027,0.29361468710090116,0.30320082973199625,0.2985633715629997,0.30320082973199625,Nile
173,0.3475490713167327,0.31753239765757946,0.290124134789684,0.2708018913760762,0.28415048082197125,0.2805029972924601,0.28415048082197125,Nile
174,0.35613505681459473,0.333642525193335,0.2985260728097556,0.2826303097799918,0.29305774477366636,0.28823842895269747,0.29305774477366636,Nile
175,0.3978499540621013,0.3783689174445345,0.33957822283622785,0.325793806519538,0.3344190869180884,0.31465298432131883,0.3344190869180884,Nile
176,0.4406458180979085,0.422220548659357,0.3822479779736468,0.36694859264343793,0.3774503879577727,0.3610242664586789,0.3774503879577727,Nile
177,0.4476393503032563,0.4311617133019721,0.3894201271386818,0.3721217199105663,0.38517220732687135,0.37197524343802524,0.38517220732687135,Nile
178,0.434957854292706,0.4115354290463939,0.37693607831874526,0.3556473311129276,0.371802975578374,0.3612502425965968,0.371802975578374,Nile
179,0.49428595277241955,0.4694322205032889,0.4383543265596304,0.4120737253227987,0.43110645858614427,0.42326812929654384,0.43110645858614427,Nile
180,0.5262554590810208,0.5019288673180876,0.47223451880141404,0.44251316922946543,0.4626686743333713,0.4574235571517875,0.4626686743333713,Nile
181,0.5035965933478145,0.48507931164788864,0.45100588159671096,0.41854391135664937,0.44062119072592343,0.43653540694103615,0.44062119072592343,Nile
182,0.45938576265167125,0.4455168653199991,0.4067465241608428,0.37574814713600513,0.3958425507722426,0.3921570676311112,0.3958425507722426,Nile
183,0.4589866142069952,0.44408795475965834,0.4036150364786064,0.3757818337872769,0.3947725128999855,0.385740317792894,0.3947725128999855,Nile
184,0.4355157429018361,0.42245469336313984,0.37861188378171673,0.3533723583893635,0.3713860854776526,0.36138292651435455,0.3713860854776526,Nile
185,0.39469418686656466,0.3742127400810393,0.33691544102127047,0.3133977099765477,0.33038082280403636,0.3208980530558687,0.33038082280403636,Nile
186,0.37814232172999157,0.3599469607602183,0.31907169509191646,0.29797274727873285,0.3132241142635694,0.30289071617368285,0.3132241142635694,Nile
187,0.40295157774451956,0.3899370619741422,0.344742206087739,0.3246557505250344,0.33921878811659184,0.3272649540822974,0.33921878811659184,Nile
188,0.47028607133371686,0.4586738617497298,0.4123629618728073,0.39211433652079075,0.4073841001805412,0.39729460337513894,0.4073841001805412,Nile
189,0.5329241196090887,0.5196969827728884,0.47542329967081587,0.4531394824522881,0.46966665912721695,0.46115888811315414,0.46966665912721695,Nile
190,0.49321770554123073,0.47207330038506923,0.4360814200792314,0.41611012080608484,0.42941766739165926,0.42282812939972036,0.42941766739165926,Nile
191,0.3912154041714373,0.372615387571263,0.34582338991559086,0.311388413903008,0.32847440888547713,0.3237936382778903,0.32847440888547713,Nile
192,0.34258941963667283,0.3165579141052696,0.3169968141031933,0.26524797189382787,0.28039089431712205,0.2777197446851954,0.28039089431712205,Nile
193,0.35735977230683674,0.3237231186797847,0.324693545058648,0.28358341699094125,0.29532046139319584,0.2934299641701019,0.29532046139319584,Nile
194,0.35330322481762355,0.31727666004789107,0.3159681486680793,0.2807329085913692,0.29074587878712094,0.2885896473636257,0.29074587878712094,Nile
195,0.30229690588072805,0.26348239112483074,0.26399878901129,0.22978615987426693,0.24070005414944012,0.23242745984714316,0.24070005414944012,Nile
196,0.281015219889614,0.24928093575048105,0.23811122834793458,0.2107924674935447,0.21997291652636702,0.20882214402863208,0.21997291652636702,Nile
197,0.26334200241563144,0.2387679248462532,0.2174174595121223,0.1951089937962575,0.20251070765310236,0.19327018636355262,0.20251070765310236,Nile
198,0.24410684820830045,0.22277724306063248,0.19699418764100274,0.17743711287166516,0.18310894349800153,0.17528409419042273,0.18310894349800153,Nile
199,0.2530191731664412,0.23665366624339956,0.20622866868983142,0.18750377747206692,0.19282563385201956,0.18603255368689126,0.19282563385201956,Nile
200,0.26591349189495816,0.25164383580390204,0.21731006566672825,0.20008604806237007,0.20513774094998938,0.19931169048886102,0.20513774094998938,Nile
201,0.19488625612018987,0.18171799618364531,0.14614169039385314,0.12596214916491585,0.1347051574285597,0.12994791678836917,0.1347051574285597,Nile
202,0.19513286166574736,0.1813849365004267,0.14580344988980612,0.12415388039119316,0.1348357603477361,0.13122399740767815,0.1348357603477361,Nile
203,0.26460109230302153,0.25112412567313486,0.21313973136200254,0.19127228661704676,0.20404353883931314,0.2013810669046333,0.20404353883931314,Nile
204,0.20477328149521565,0.19110295278115028,0.15174260540565596,0.12798797202598647,0.1432800785972531,0.14223888456170497,0.1432800785972531,Nile
205,0.18423170512131926,0.16346027732692053,0.13117074995902706,0.10581001094372731,0.1232041002858287,0.12305087295018864,0.1232041002858287,Nile
206,0.22053342556689473,0.2006441916421992,0.1678522553838051,0.1413262941623511,0.15954704230800687,0.15933589491109434,0.15954704230800687,Nile
207,0.23891162204900346,0.2135273489525732,0.18519695310682513,0.16024932855634239,0.17763215430949844,0.17721937660409887,0.17763215430949844,Nile
208,0.22056998230992148,0.19355619843813388,0.16652398780648883,0.14199189783411864,0.15874577465122308,0.15682264121427564,0.15874577465122308,Nile
209,0.21834875498675277,0.19744415847708052,0.16357585772432576,0.1389921516760175,0.1567417032704456,0.15443139961135272,0.1567417032704456,Nile
210,0.21729952833659905,0.20010567966286927,0.1618874753000476,0.136817804864351,0.1562112982293627,0.15403254954170534,0.1562112982293627,Nile
211,0.2162119236236475,0.20542846652766877,0.16030435727018916,0.13738098499162976,0.15569019924010752,0.152475995785882,0.15569019924010752,Nile
212,0.19217062989130107,0.1829777661304356,0.13521724793844134,0.11348530264147857,0.13160893541159702,0.12843885896431403,0.13160893541159702,Nile
0,0.7096599718940654,0.7096599718940654,0.7096599718940654,0.7096599718940654,0.6786553298968279,0.7096599718940654,0.7096599718940654,Java
1,0.4928586775975891,0.5006798902287185,0.4897340160002141,0.48582895993133074,0.4745566107652474,0.49482623724939584,0.4949457734031278,Java
2,0.34906794383304507,0.3610356302380266,0.34634091365078956,0.34366804868066364,0.33807575149771646,0.3515261023073456,0.3514840002725605,Java
3,0.2819080636443897,0.30763878076970896,0.2896634791124245,0.28782665626332526,0.2861584440614743,0.2950378602918732,0.2949759290362665,Java
4,0.22889389883648734,0.2539845182653213,0.2385979498620864,0.23565737451558966,0.23690675843604642,0.24280278503405525,0.24270528161280566,Java
5,0.15560689658210652,0.18405053550464118,0.1700424061052327,0.16727421853286129,0.16922466809729386,0.17317396440838007,0.17303787233042117,Java
6,0.07980012541008814,0.10609801077438377,0.09167294845807406,0.08955584713916316,0.09188603969411802,0.09456266507536948,0.09439366552923051,Java
7,0.05371352168983889,0.08368276613251377,0.05964021625356641,0.06650042156263299,0.06896625306899912,0.07079807646643668,0.07061530907137496,Java
8,0.09252173843474089,0.1279914679975045,0.08872714762577377,0.1035479084017309,0.11194411663882516,0.1131763075419147,0.11302856299477436,Java
9,0.13704699193702913,0.17324804058670465,0.12638053492873896,0.14008395335379492,0.15608075478015673,0.15698484572134386,0.15679390454416547,Java
10,0.16271603600740944,0.20581960311054978,0.1609181624923414,0.16909944148221656,0.18984262221817613,0.19032254709753302,0.19031160123508709,Java
11,0.1192210561777262,0.16353052698450934,0.12570877258774102,0.12352267196847033,0.1474954245598295,0.1479064291140865,0.1478038328765713,Java
12,0.08381599299156069,0.1327091664599894,0.09850394318251303,0.09146010778590312,0.11597580552012338,0.11630394917378761,0.11617861990286915,Java
13,0.07485913116856946,0.1248805104514223,0.09320734746777919,0.0865961446386036,0.1085305277849088,0.10887187177831106,0.10866390185952232,Java
14,0.05843000963853764,0.12053696621159556,0.09178534201846349,0.08455254768711715,0.10353092784591479,0.10381787806351442,0.10361863683153101,Java
15,0.07095293549908113,0.13585775034482664,0.11022299143053338,0.10505933098424416,0.11939590352186139,0.11961287481132754,0.11945358239371198,Java
16,0.10566833711129969,0.16956664319666548,0.1450226965113611,0.14309745783320668,0.1531784483647801,0.15341291295912446,0.15321637893979,Java
17,0.15813638580887313,0.22577380331999886,0.20177076388588938,0.20386403953896864,0.21129432252095676,0.21157862956934048,0.211319266291083,Java
18,0.21971073207542233,0.28281099615466765,0.25949971976493397,0.2604527072820231,0.2724085801109532,0.2726755342924232,0.2724249835445407,Java
19,0.22623706611101713,0.2906563260413193,0.2584480264419558,0.26736932242879885,0.2817629959721899,0.2821712078601514,0.2817737831399716,Java
20,0.21748489343081728,0.27791103986168963,0.23512822515265955,0.2522522241233579,0.27069642481451456,0.27105417914331303,0.27070351863350856,Java
21,0.18103420136248388,0.24694188780255738,0.19494703396097612,0.21466932518324472,0.23585438994129812,0.23617174004142125,0.2358590549533697,Java
22,0.18479820137344516,0.25794145735644197,0.20319756792021676,0.22420215073855,0.24589400890179705,0.24621819526775907,0.2458970766904799,Java
23,0.1834957844314138,0.26739553561463136,0.21995277579618594,0.23205569347843677,0.254979829638439,0.2550973260201342,0.2549818470667453,Java
24,0.15613583763748293,0.24475575585666134,0.20485567306538008,0.20583968293659152,0.23027716722887348,0.230426043488024,0.2302784939229166,Java
25,0.16701429241782711,0.25583078670693005,0.22144170878224312,0.2177524707713881,0.24185954803286042,0.2419601531792842,0.24186042048868875,Java
26,0.1662267681580782,0.2530848965773776,0.22794165539428332,0.2191247354627452,0.24362203291215626,0.24374797624237288,0.24362260665346183,Java
27,0.1819366224469825,0.268523282163914,0.24393345839927746,0.2325236383076198,0.25683462355027686,0.2569726192975604,0.25683500085199806,Java
28,0.1804136288035866,0.2684670200792946,0.24860248484916656,0.23746502061139368,0.25888712776123585,0.25921972412433725,0.2588873758810547,Java
29,0.15490329284955018,0.24974573876867093,0.23076675460413335,0.21857547828279458,0.2388587417254071,0.23923614644978328,0.23885890489308184,Java
30,0.13632145717946784,0.24151887916816053,0.21741022123422712,0.21037892726510352,0.22805611811672766,0.22841305790608626,0.22805622541847484,Java
31,0.18786190701002892,0.29631976264896465,0.2637539390029457,0.26311673762283705,0.28158166206716256,0.2821142578414075,0.28158173263055675,Java
32,0.20444709138578177,0.3082428335417253,0.27401205915102067,0.2748888866634172,0.29634163328482044,0.29662454718211095,0.29634167968846925,Java
33,0.16798241222523883,0.2799563785982435,0.24171021843652074,0.24636801005489853,0.2659814992441334,0.26616314307739264,0.2659815297599363,Java
34,0.15345223083896709,0.26888320658894993,0.22381883558181062,0.23400398471603356,0.25337867134962855,0.2535432713340608,0.25337869141732255,Java
35,0.14356868752815405,0.2605776002142201,0.2118619342874995,0.22183249190617466,0.24371903949931917,0.2437434042164428,0.24371905269616487,Java
36,0.11462639809805591,0.23664944997005055,0.19459055545386997,0.19638902316519122,0.22014173744308496,0.22005162706231,0.22014174612154777,Java
37,0.12475623571063164,0.2534571949168136,0.21479294269056212,0.21163828633424642,0.23588677481820128,0.2358546838991229,0.23588678052530118,Java
38,0.18295930661899565,0.31886316963994593,0.2835964439339795,0.27838928329659957,0.300913137174939,0.30077714076338014,0.30091314092802174,Java
39,0.2286502191709522,0.3608385322588624,0.3320300807412766,0.3205514148217681,0.3448298710173866,0.34465931374073056,0.34482987348547556,Java
40,0.260830518206437,0.3925622638848238,0.36673513319450524,0.35407257908669965,0.37793053675184357,0.37773966981058477,0.3779305383748995,Java
41,0.28573869378422717,0.42557283294948234,0.3974127915110072,0.3859969679662861,0.4097052480285396,0.4095247881396606,0.4097052490958879,Java
42,0.28161458768538716,0.4232789229063131,0.3976752762650393,0.3899459889808268,0.4121837845729115,0.4119384299278968,0.41218378527481736,Java
43,0.25788414757177053,0.39818167270339355,0.3688684028312902,0.3646630736077173,0.38757761136836477,0.38738330184009145,0.38757761182994965,Java
44,0.28251694080578793,0.4233323994502792,0.39016090042899926,0.4006763291284236,0.41580869972609075,0.4155862412437942,0.4158087000296366,Java
45,0.28902642649178545,0.42604437884294777,0.38693984766203554,0.4074887736688957,0.4194667439675084,0.41917947647944503,0.41946674416712515,Java
46,0.28552625930440284,0.42664536567622013,0.3782060942525247,0.39832475720708527,0.4172220656851272,0.4169516656813393,0.4172220658163984,Java
47,0.2729304711885678,0.4208960056769856,0.3716072056058884,0.3931792120796419,0.4104550709645045,0.4102688634275912,0.41045507105083057,Java
48,0.29291305921579247,0.4425221690267825,0.40096922095082665,0.4129111898815128,0.4346655084197621,0.4345481909621438,0.43466550847653157,Java
49,0.2777053727608039,0.426633803709091,0.39366365803600184,0.3954358894824549,0.420641692630513,0.42052655152572344,0.42064169266784557,Java
50,0.21749713150879693,0.367508565428615,0.34301103973073327,0.3403650244381472,0.3633479367898017,0.36333892884925045,0.3633479368143523,Java
51,0.18390550636640782,0.3363119832730624,0.3159503118319511,0.31298035916129024,0.33089076588272315,0.3310719424602667,0.330890765898868,Java
52,0.15384217064613226,0.3051508847355816,0.2900806965546754,0.2854668580829526,0.3004852139111207,0.3007863956124382,0.3004852139217379,Java
53,0.10537618712091291,0.2578925429236947,0.24727035248177956,0.24325576737342997,0.2543290559464966,0.2546194962579806,0.25432905595347866,Java
54,0.05929425424997547,0.21866361159026662,0.20544630298749125,0.20195884457293334,0.21063770416447355,0.21087578906221832,0.2106377041690651,Java
55,0.052502027358151605,0.21173016966852184,0.19130922767648126,0.19845687830781553,0.20527968408876715,0.20546460280095888,0.20527968409178662,Java
56,0.07275794966766407,0.23651733435578307,0.2047313836431092,0.21583692259921486,0.22674815173965018,0.22688915942724905,0.22674815174163584,Java
57,0.07020608080865814,0.2323969359927675,0.1947861525431917,0.20507466539998032,0.22116240321209224,0.22126492104010442,0.22116240321339806,Java
58,0.15862006420459143,0.3223162239724963,0.2736631957921022,0.2930822132876258,0.3097262042605241,0.30976383171821587,0.3097262042613828,Java
59,0.22272257872997628,0.386244413712726,0.34226690831746964,0.35333181581541023,0.37451202271476264,0.3746166874039938,0.3745120227153274,Java
60,0.2563071047509728,0.41797975851017527,0.37904641027231795,0.38454166010954544,0.4076342054033895,0.4076680185757273,0.4076342054037609,Java
61,0.2716169501319109,0.43538180101231155,0.4010278128862626,0.3976809881265298,0.423760866590919,0.4238261900392781,0.42376086659116313,Java
62,0.2670499830079728,0.43149430140849127,0.40417096565247057,0.39409897791008947,0.4213724578779799,0.42151163429391914,0.4213724578781404,Java
63,0.2665300023899829,0.4329005904901289,0.4074429592293693,0.39483029152452503,0.42160552858608874,0.4217738620638125,0.4216055285861943,Java
64,0.25463370231752197,0.4182100474258506,0.39718950657540364,0.38259305303126906,0.4083573125022965,0.4086651958115817,0.4083573125023659,Java
65,0.22351221511750768,0.38575931878263287,0.3668016983609896,0.35455714144248324,0.376963139643058,0.3773800727816425,0.37696313964310363,Java
66,0.1805279506817658,0.3432543942170035,0.32159700122189855,0.3164900613607657,0.33312655199577396,0.3334983168217807,0.33312655199580393,Java
67,0.21280965676689625,0.3722529722289661,0.3499374666524146,0.3456647989807067,0.36386001655352773,0.36418805005958016,0.3638600165535474,Java
68,0.23830712265664677,0.39813865609838006,0.37110027900714515,0.3703269972547282,0.38977153011203186,0.3899131652940576,0.3897715301120448,Java
69,0.23801379519149082,0.40003064889812906,0.36311528483550837,0.3707974447637519,0.3892858217264383,0.38949291289645616,0.3892858217264467,Java
70,0.27121750786062393,0.4311340461962557,0.3879124358055613,0.4108642506096952,0.4230225114545145,0.4229949240657806,0.4230225114545201,Java
71,0.28900548075575794,0.44649036874215703,0.40328967691466244,0.42480871200080167,0.4404407071479844,0.4402345880727107,0.44044070714798805,Java
72,0.24697938944871564,0.40605094588117396,0.36951380034029313,0.3808835398753374,0.4007562705543932,0.400534484318944,0.40075627055439567,Java
73,0.20790413783035722,0.36608810739134107,0.3407082152031043,0.3394662405337275,0.3624961828848536,0.36240366245705785,0.36249618288485513,Java
74,0.19842756885312715,0.3551757065782309,0.3345862944184975,0.32700476299852127,0.35065932965769764,0.3506615643040525,0.3506593296576987,Java
75,0.20291457037270472,0.3602596198681049,0.34216776142956723,0.33731822102417175,0.3550256107305829,0.35516169655016605,0.35502561073058364,Java
76,0.2190998130983842,0.38391252225875916,0.36167221020506435,0.3607705709042225,0.3737076799097241,0.37389006562517696,0.37370767990972453,Java
77,0.24493633253527766,0.4131499757737698,0.3881257971059283,0.3851209233408692,0.40001586402469796,0.4003474922086844,0.40001586402469824,Java
78,0.31506739857201194,0.48283695820820055,0.4562331418717959,0.4529607956215956,0.46980229027908577,0.4700955717293097,0.469802290279086,Java
79,0.3490361920355301,0.5115443338842964,0.48310085903146166,0.48444407228747693,0.5025322861860403,0.5026585530828752,0.5025322861860404,Java
80,0.32656822006067215,0.48796994613128003,0.44831013251953916,0.4591997901352816,0.48009558829187865,0.4801179411703836,0.48009558829187876,Java
81,0.33567428837193675,0.49856933873983983,0.4494949682257641,0.4699854656573312,0.49023282650355976,0.4901550371330547,0.49023282650355976,Java
82,0.31851103338844494,0.48146044757933854,0.4361194876170377,0.4597625310881916,0.4747678351232361,0.4746733538769887,0.4747678351232361,Java
83,0.25355131537229575,0.4169560230442403,0.3751286608766902,0.38876082577014104,0.4074073076773912,0.40728791355622096,0.4074073076773912,Java
84,0.26166343841452894,0.43072365824640524,0.392238826401214,0.3954610247889825,0.418200191020877,0.41816088728992634,0.418200191020877,Java
85,0.3013566784253382,0.4708806137997426,0.4357257785275889,0.43466564693790416,0.45899555032805556,0.45889484905664524,0.45899555032805556,Java
86,0.30089613216950883,0.47244493913778907,0.43798589849221636,0.4324818963216912,0.45865056203836185,0.45834536582748386,0.45865056203836185,Java
87,0.29773825868761666,0.4687349115631546,0.43973063592274825,0.4294624538820081,0.4546073836710447,0.45439100384448383,0.4546073836710447,Java
88,0.28983966430183356,0.46156981042258,0.4350279853245875,0.4221259560220196,0.4460722283313731,0.4459954600488627,0.4460722283313731,Java
89,0.2982490902845103,0.46872142226179314,0.44168533367169815,0.42905827895969895,0.4522375403245351,0.45237210308106995,0.4522375403245351,Java
90,0.322280394898532,0.4933054148915512,0.46150654939144214,0.454465539876461,0.4769798596206427,0.47722882323823884,0.4769798596206427,Java
91,0.3098509268682235,0.47998561301973486,0.4445104074130794,0.4399811904825284,0.462462542931123,0.4627578606757945,0.462462542931123,Java
92,0.2932370418954139,0.4598561938775194,0.4240186774080296,0.42056096654893005,0.443583415395957,0.443804694762469,0.443583415395957,Java
93,0.3596211984893071,0.5288383982461315,0.48505285283807625,0.4872718600395944,0.5126099985295479,0.5127449050068714,0.5126099985295479,Java
94,0.4159109434710195,0.5815769118354309,0.5379638809995372,0.5438932749384983,0.5663817062371075,0.5664381437644088,0.5663817062371075,Java
95,0.45608516834232976,0.6214635781460836,0.5782999992516714,0.5804581099147683,0.6053138456868103,0.6052674263246448,0.6053138456868103,Java
96,0.47902985915534496,0.6435445398819175,0.6027268582333808,0.6019548918055222,0.6267861728332136,0.626642967171775,0.6267861728332136,Java
97,0.5028865760142295,0.6701739071410849,0.6348475635686873,0.6272730184144496,0.6528388558473923,0.6527255103459624,0.6528388558473923,Java
98,0.5305932601880216,0.6995530466197701,0.6675776541519174,0.6549442798663271,0.681954281264894,0.6817518733035313,0.681954281264894,Java
99,0.5531943435205308,0.722427957606834,0.6915677155882215,0.6776397245925294,0.7045605979255074,0.7043956997604579,0.7045605979255074,Java
100,0.5717554158043973,0.7411863406612352,0.7124185050995132,0.7040452729504257,0.7231725883326221,0.7229732392339099,0.7231725883326221,Java
101,0.6065108151174706,0.7691032876130173,0.748174186650334,0.7430257702077521,0.7561015291979044,0.7559148800590033,0.7561015291979044,Java
102,0.6215774699914138,0.7777193327627109,0.7586174710582652,0.7580445830206154,0.7691691625356918,0.769014791080638,0.7691691625356918,Java
103,0.6161557910295722,0.7700082704622924,0.7461624160716485,0.7537623081288668,0.7640553611362173,0.7639140780533975,0.7640553611362173,Java
104,0.5553481121771571,0.7090636123662521,0.6736433855340712,0.6918887538015757,0.7042133805404704,0.7041094812278395,0.7042133805404704,Java
105,0.4602442189516768,0.6156957600438593,0.5741266957368869,0.6022000659113771,0.6108252807574205,0.6107000487334422,0.6108252807574205,Java
106,0.374533407792951,0.5337960127623028,0.49072186308996524,0.5192663421639052,0.5260478399554643,0.5260114608920448,0.5260478399554643,Java
107,0.3894006575142281,0.5480245784598923,0.5032243236372592,0.53302830190337,0.5414000341086601,0.5414426207848011,0.5414000341086601,Java
108,0.4577419754630525,0.614349427441649,0.5769417172972197,0.5934525369880077,0.6092226057367249,0.609238175869172,0.6092226057367249,Java
109,0.4572751331950556,0.6135742966207708,0.581946482619824,0.5889673107749276,0.6087273962064608,0.6085927772237679,0.6087273962064608,Java
110,0.4189645894155501,0.5764519605537409,0.5510261780250675,0.5521438239145144,0.5718438293404078,0.5716935112223409,0.5718438293404078,Java
111,0.41111518387465273,0.5696110592021504,0.5474311036969354,0.541139419016987,0.5631758085168816,0.5630465313933186,0.5631758085168816,Java
112,0.3943701040106215,0.5553478443842321,0.5362310673517947,0.5238226148668955,0.5473092399280184,0.54727890412159,0.5473092399280184,Java
113,0.3888246523493867,0.5502275579455033,0.5312370595302409,0.5183641714974466,0.5416876707890989,0.5416967760398917,0.5416876707890989,Java
114,0.43375843753067367,0.5942017500216771,0.5725512564325291,0.5643522965639448,0.5856832103043901,0.5859430352425622,0.5856832103043901,Java
115,0.4657508139402651,0.6236138735806005,0.6004142785649665,0.6006601016224019,0.6178468533606187,0.6179992077691766,0.6178468533606187,Java
116,0.4533587920831277,0.616252947301336,0.5811056615552096,0.5855283503614742,0.6063501041424929,0.6064421133099521,0.6063501041424929,Java
117,0.5039724224764162,0.6668307092508773,0.6258569746015576,0.6334119106233235,0.657552480551416,0.6574924423062309,0.657552480551416,Java
118,0.49420879701826753,0.6546222828028652,0.610043204840528,0.6194317328229012,0.6457548108474891,0.6455947837224019,0.6457548108474891,Java
119,0.4432039798559273,0.6033616759429214,0.5550974082764245,0.5647900968581553,0.5927709907860604,0.5926837964209003,0.5927709907860604,Java
120,0.41606188827147933,0.575781633565783,0.5280464630829376,0.5418310840312336,0.5662308316917948,0.566252393944729,0.5662308316917948,Java
121,0.42327873581633163,0.5860588685669194,0.5392290863657813,0.5496852295627507,0.5766744472216897,0.5767872431106963,0.5766744472216897,Java
122,0.4276663360485992,0.5868560072537817,0.5455360436411522,0.5500687644241806,0.5788988146379463,0.5790639925639235,0.5788988146379463,Java
123,0.4110038416493067,0.5724420898601895,0.5395366533842254,0.5355094488777765,0.5648375744295129,0.5649944761135162,0.5648375744295129,Java
124,0.397001289295177,0.5563169760120209,0.5313785137574838,0.5239393423518384,0.5494759592918254,0.5498092648186542,0.5494759592918254,Java
125,0.38617801360412984,0.5460690836778107,0.5256892761361331,0.5173241162491496,0.5390364720240253,0.5393488001110084,0.5390364720240253,Java
126,0.3529851502378387,0.5179220994963571,0.49642021215630017,0.49005457479592346,0.5082901830415927,0.5087186717034997,0.5082901830415927,Java
127,0.36365952530780266,0.5303682385751405,0.49892754898639524,0.4988294552533167,0.5176310732077284,0.5182047454617263,0.5176310732077284,Java
128,0.42003480569073803,0.5867502690658707,0.5473431041561775,0.5532944146262245,0.5730730802663221,0.5735758531093075,0.5730730802663221,Java
129,0.4882226582043462,0.6511579943759472,0.6131764982859884,0.62438399930243,0.6386226841318422,0.6388893865811401,0.6386226841318422,Java
130,0.5148049628535463,0.6769859213457157,0.6334023119414339,0.6449900799263922,0.6645833374298571,0.6647049466267774,0.6645833374298571,Java
131,0.4890245197704529,0.6539087663514541,0.59609418078558,0.6150017932843318,0.6390145983349305,0.639052877709227,0.6390145983349305,Java
132,0.5050343908405148,0.6683170829830206,0.6075922613574211,0.6259854940450059,0.6516906088735454,0.6514921946509676,0.6516906088735454,Java
133,0.5570589755372288,0.7205755515117984,0.6687090188834067,0.6770779900693845,0.7034805963420081,0.7032532003250241,0.7034805963420081,Java
134,0.6058992816014483,0.7695288985436823,0.7290411509010262,0.7245598187017441,0.7528515453011579,0.7526710928805054,0.7528515453011579,Java
135,0.6418586403234169,0.805370890883098,0.7728161464799066,0.7608687397954397,0.7896753526916559,0.7895052497154091,0.7896753526916559,Java
136,0.6469564966648355,0.8040378202253189,0.7801347145276321,0.7677686980316106,0.793110852105774,0.7929562942074173,0.793110852105774,Java
137,0.6039009482953189,0.7620205129101292,0.7417409947159809,0.7302347488155706,0.7516349802898964,0.7513840625217776,0.7516349802898964,Java
138,0.5555260930355728,0.7175496353160259,0.6966041945840372,0.6881129273346378,0.7059379286431756,0.7056787936304119,0.7059379286431756,Java
139,0.5300340179425519,0.6935518256630946,0.6612759671103762,0.6634527978822519,0.6798884054423608,0.6797156057738563,0.6798884054423608,Java
140,0.5665138103275161,0.7261690142313151,0.6875925029175152,0.6972999062830053,0.7151853128531567,0.715152726363972,0.7151853128531567,Java
141,0.6115650500654941,0.7697346951432158,0.734080795615512,0.7402804691897436,0.7609298711464704,0.7607535881973323,0.7609298711464704,Java
142,0.5759266778992422,0.7327462679581064,0.6934277525546934,0.7093142904557538,0.7265708646695455,0.726441386695693,0.7265708646695455,Java
143,0.5103142145394074,0.6682386433418512,0.6232612903129843,0.6396046122700394,0.6601590210721946,0.6598756672548278,0.6601590210721946,Java
144,0.4821501007321852,0.6443991668813321,0.5990001381514424,0.6091443692073265,0.6331287089517377,0.6327489246134453,0.6331287089517377,Java
145,0.4897045808051503,0.6516785893668832,0.6065947434832153,0.6139703598419394,0.6393956893579186,0.6390124493835511,0.6393956893579186,Java
146,0.5025762621715758,0.6645509376872271,0.6230993483185715,0.623923750800995,0.6503962963609884,0.6501313283402329,0.6503962963609884,Java
147,0.5446397396439525,0.7071226398744719,0.6733265149713119,0.6656562543632702,0.6930418390094086,0.6928058301119775,0.6930418390094086,Java
148,0.5757410423136973,0.7391839101797641,0.7096870065273387,0.6974499983660671,0.7242874790656391,0.7241030212989994,0.7242874790656391,Java
149,0.5574732747198526,0.7203932947051831,0.6938107392332645,0.6823289592862314,0.704788537476398,0.7045623039578183,0.704788537476398,Java
150,0.5042126509017675,0.6704141921076454,0.6461500415381407,0.6323410571044071,0.6545696347365219,0.6543373670355875,0.6545696347365219,Java
151,0.49302325941224484,0.6609822875003394,0.6317840882769087,0.6220499832385352,0.6441233082350942,0.6441176999857999,0.6441233082350942,Java
152,0.5220938761512184,0.6911490982754738,0.65422240968568,0.6566506341703121,0.6733246223375408,0.6734813380240393,0.6733246223375408,Java
153,0.5446840077532454,0.7095837233910548,0.6685453795740021,0.6747688704602302,0.6941053166031247,0.6942095547964608,0.6941053166031247,Java
154,0.5375694950141393,0.7027817369589642,0.6529366377112239,0.6668702975600981,0.6886898609440595,0.6887922805632173,0.6886898609440595,Java
155,0.5699834900352383,0.7374265568722093,0.6854077398019353,0.7039239244698239,0.7238616066908166,0.723895981527895,0.7238616066908166,Java
156,0.6105909663321856,0.7758880945946455,0.7309409067482062,0.7397210958826576,0.7628957624215084,0.7629119917925604,0.7628957624215084,Java
157,0.6446988827069394,0.8075727155589928,0.7706919509993441,0.7766107280213788,0.795969037309037,0.7958638911323255,0.795969037309037,Java
158,0.6193434649142359,0.7801694460012081,0.7486619419196543,0.7526303594400268,0.7694789694160221,0.76929400468234,0.7694789694160221,Java
159,0.5501073513219584,0.7103190480842096,0.6822342648303737,0.6781949439976146,0.6993219210773663,0.6991534542026512,0.6993219210773663,Java
160,0.5114767282874809,0.6739964918410137,0.6462776688981824,0.6373285018894695,0.6602037871212589,0.6602125175076353,0.6602037871212589,Java
161,0.4865018110025813,0.6479842913339567,0.6226160574700143,0.6138059051832196,0.6341890748602733,0.6342719819310813,0.6341890748602733,Java
162,0.47350853070973575,0.6355087199047759,0.6114421450330195,0.6017299105720065,0.6203176289547053,0.6206567756041728,0.6203176289547053,Java
163,0.42903458738287087,0.5914443244733156,0.5688649507394352,0.5591995779457826,0.5752295935860163,0.5756853402698044,0.5752295935860163,Java
164,0.3963378575096339,0.555939105222702,0.5373138410285824,0.5286316374628928,0.5436579707490834,0.5441203699303732,0.5436579707490834,Java
165,0.41335575146354064,0.5708479468570945,0.5488680299609634,0.5456116127954991,0.5604400468652995,0.5608292372854965,0.5604400468652995,Java
166,0.4580062256721026,0.6191458901095949,0.5879037382428469,0.5883760746884379,0.6059124063181149,0.6064673808587371,0.6059124063181149,Java
167,0.4980948207635281,0.6562015729452793,0.6285005224823677,0.627009046600332,0.6463681770236179,0.6468249618084798,0.6463681770236179,Java
168,0.5645876099310667,0.7227861291216354,0.6897047876910715,0.6878293677076006,0.7099763839201072,0.7104082818852694,0.7099763839201072,Java
169,0.5935786746893865,0.7473261610876339,0.7097725012355846,0.7118456883959091,0.7370590542477292,0.7373468965096374,0.7370590542477292,Java
170,0.6283448685364884,0.7861278649955903,0.7488294158760244,0.7480519652326454,0.7748922269059205,0.7749432645524229,0.7748922269059205,Java
171,0.668912553293684,0.8279898485403692,0.7966496932215755,0.7891702221810187,0.8180275499493147,0.8179686771513317,0.8180275499493147,Java
172,0.7121904376464515,0.8734459381507166,0.8436229151539841,0.8362565928792238,0.8604576884458247,0.8603468484692092,0.8604576884458247,Java
173,0.7360985810337669,0.89668121540414,0.8687923773437972,0.8634544474115078,0.8831869951102064,0.8829733057744006,0.8831869951102064,Java
174,0.7593986343352278,0.919430591457661,0.8932973819011791,0.8909505542621763,0.9049855650289402,0.9048245456051947,0.9049855650289402,Java
175,0.79620157343131,0.959335148335707,0.9352700623562802,0.9338002684204701,0.9433820972032125,0.9432431601049985,0.9433820972032125,Java
176,0.8313755668154359,0.989159680741055,0.9703729194133776,0.969419265815807,0.9786136624168922,0.97849683059112,0.9786136624168922,Java
177,0.7925201871736999,0.9471711911968256,0.9259208993031319,0.9271225367498328,0.9381315120560795,0.9380388885438883,0.9381315120560795,Java
178,0.7255354529537683,0.8848031749063253,0.8562679092396512,0.8568154513797377,0.8729242996533354,0.8727400542265001,0.8729242996533354,Java
179,0.7105403926121447,0.8729748692493406,0.8366279120143628,0.8426737313780773,0.8584374849003307,0.8583445783622429,0.8584374849003307,Java
180,0.686021450610229,0.8489829551847269,0.8043900154123338,0.8218238654755738,0.83556393385004,0.8354573906027508,0.83556393385004,Java
181,0.6621821207086755,0.82528230162295,0.7728235794448539,0.7981457549401708,0.809930666278716,0.8098163368452246,0.809930666278716,Java
182,0.6720988440708017,0.834334965719151,0.786472067236691,0.8009222055012672,0.8193178393731649,0.819189489024041,0.8193178393731649,Java
183,0.6718914150057266,0.8353176723213243,0.7914919256027687,0.7962370150304054,0.8191693085010314,0.8190258723422853,0.8191693085010314,Java
184,0.6789360828876907,0.8438408226152451,0.805669965200366,0.8017977998622063,0.8271918795665507,0.8270686669892043,0.8271918795665507,Java
185,0.6824362247349413,0.8462306326309912,0.8121085202631316,0.8027995740081286,0.8285713937830527,0.8282836012077007,0.8285713937830527,Java
186,0.6865366222312371,0.8499796764998526,0.8192032785870684,0.8064022707478662,0.8320732883515366,0.8318494392466276,0.8320732883515366,Java
187,0.7086919196541991,0.8708882419483551,0.8396352354172638,0.8281843826770434,0.8532918892636627,0.8531503657110475,0.8532918892636627,Java
188,0.7644685036035641,0.9240710138825033,0.89573770547657,0.8894537745001869,0.9090066742897375,0.9088938284409428,0.9090066742897375,Java
189,0.7336471622691842,0.8890253139931699,0.867458463984705,0.858381535023835,0.8778563204224539,0.8777294217477415,0.8778563204224539,Java
190,0.6913674859372128,0.8478977735618244,0.8220034497595841,0.8171030143547027,0.8347009202790963,0.8345701683799132,0.8347009202790963,Java
191,0.6825649497608969,0.8395500096007213,0.8035386934026717,0.8134337362408814,0.8253762406151268,0.8254368336051611,0.8253762406151268,Java
192,0.6747593261298003,0.8300400001134991,0.785935507786287,0.8000515465788078,0.8173609288918697,0.8173664961186514,0.8173609288918697,Java
193,0.6403161440039206,0.7969927866284663,0.7502268075658854,0.761751088795725,0.7831665816961272,0.7830477402369689,0.7831665816961272,Java
194,0.5990809489655519,0.7585400513084766,0.7161359481985277,0.7184087539653496,0.7432364058867893,0.7430740826237383,0.7432364058867893,Java
195,0.5618992815749924,0.7218511310209481,0.6847560863512155,0.6811494910489659,0.7056561073982492,0.7055699482837877,0.7056561073982492,Java
196,0.5558817939447798,0.7119474476992282,0.6807512401186551,0.6732230598683197,0.6965920711208436,0.696660483130526,0.6965920711208436,Java
197,0.5638763054178636,0.718419878201121,0.690812202314837,0.6802234065251546,0.7022605105363345,0.7023254888358748,0.7022605105363345,Java
198,0.5892835462670615,0.7435501687037898,0.7173356822208147,0.7066689345021593,0.7271204885761746,0.7272424008683536,0.7271204885761746,Java
199,0.5778674622036146,0.7317399996798389,0.7050693083033004,0.6946952593126259,0.7146154362667774,0.714813237528911,0.7146154362667774,Java
200,0.5724542013679724,0.7285934558624989,0.7022290779068893,0.6953922728287235,0.7126249972822335,0.7129106721372436,0.7126249972822335,Java
201,0.5822195647621694,0.7367667747376374,0.7051408892166884,0.7051934221632206,0.719761465992043,0.7200284657207423,0.719761465992043,Java
202,0.592183602002974,0.7484865306734388,0.708242079577405,0.7125958646583608,0.7310280457711076,0.7312786006691493,0.7310280457711076,Java
203,0.6118118059441148,0.7701950522349555,0.7213057168956143,0.7309203241491518,0.7524379516577441,0.7528004265550456,0.7524379516577441,Java
204,0.6499382405831258,0.8094052335867667,0.7601988837037844,0.7699348109281541,0.7918651719742406,0.7921291441952808,0.7918651719742406,Java
205,0.7255908133498774,0.8851159807839223,0.839178866311234,0.8434581230975232,0.868182375706371,0.8682562167788426,0.868182375706371,Java
206,0.7000074478341202,0.8586931231375289,0.8160190452896842,0.815859968544901,0.8412829030949673,0.841279086610508,0.8412829030949673,Java
207,0.6383913424402615,0.7960892160506563,0.7602864797599149,0.7521775670689985,0.778408302519645,0.778353642576755,0.778408302519645,Java
208,0.6044652289998029,0.763395297788445,0.7319536732222532,0.7193933023010534,0.7454125950881909,0.7453611222319888,0.7454125950881909,Java
209,0.6012499737200186,0.7605488986537222,0.7317839282227057,0.7188062454322037,0.7419820913976365,0.7419863643152824,0.7419820913976365,Java
210,0.600133805009372,0.7591905279676097,0.7332661525055364,0.7230828946303384,0.7412053338265336,0.7413229359527226,0.7412053338265336,Java
211,0.5653228312871639,0.7249517093221054,0.7007560015854791,0.6915315755161275,0.7063325147940877,0.7065507958583073,0.7063325147940877,Java
212,0.5214488335284673,0.6776426216336822,0.6579165730887973,0.6498224705419793,0.6618450493192598,0.662117535398344,0.6618450493192598,Java
0,0.6028095609092614,0.6028095609092614,0.6028095609092614,0.6028095609092614,0.6114242893979716,0.6028095609092614,0.6028095609092614,Japan
1,0.5395467069524875,0.5263705968327359,0.5332387040879875,0.5766880902421121,0.5463733826934576,0.5366277975909275,0.5388597554991039,Japan
2,0.6003528845500008,0.5811540089647884,0.5895176184338988,0.6380310623541603,0.6063070009869389,0.5959651956441172,0.5997537365759111,Japan
3,0.6263177219847892,0.5941779466909947,0.6067186209414948,0.6701998346906239,0.6292209680970284,0.6215048837780267,0.6235053166107376,Japan
4,0.6002783361593348,0.5628360237825929,0.5762080959736219,0.6430926000998196,0.6016655814873151,0.5945253116343671,0.5966804824795955,Japan
5,0.6276244734660981,0.584816175199274,0.596401917491156,0.6754645972498684,0.6274605035520207,0.6201846191411684,0.6231125806290829,Japan
6,0.6365052314592894,0.5887352439136687,0.5935515194920433,0.695591621903213,0.6361332357279931,0.6297899456970295,0.6323410475057466,Japan
7,0.6235940943950167,0.5810139467267684,0.5750533837328627,0.6753020662297403,0.622353710448931,0.6181434036667675,0.6190462250661798,Japan
8,0.6387114756099963,0.5965920553810354,0.588289085353801,0.6856494797195118,0.635568778384924,0.631850469423713,0.6326840429983898,Japan
9,0.6504297330671172,0.6006227006606638,0.6002708248818205,0.6988380474081609,0.6458568527105957,0.6425609712751839,0.6433408330499433,Japan
10,0.6507086519559845,0.5928158078546264,0.599155231502837,0.6987294539235207,0.6442014374939804,0.6410870202970631,0.6420070057404339,Japan
11,0.6780965041836182,0.6209393279388487,0.6227626541362776,0.7255794132001783,0.6696732109063432,0.6675578015694186,0.6677592629367457,Japan
12,0.70438014338663,0.6385994940014166,0.6443301523483778,0.7529897008877847,0.6940566932636687,0.693220118505817,0.6923873787249931,Japan
13,0.7115266117099066,0.6389610966631953,0.6454349367139526,0.768244134932199,0.6993168916262389,0.6981071366636726,0.6978609424189992,Japan
14,0.7406669280979996,0.6614939206486956,0.6621395277162617,0.79111703457372,0.7261250823350598,0.7235084180805444,0.7248552269273763,Japan
15,0.7636538879757966,0.6903003030710666,0.6764831106416205,0.8039919157768693,0.7473069836406452,0.7449025306784711,0.7461994362424222,Japan
16,0.707356067805557,0.6357644031223951,0.6244735825416056,0.7556402325336804,0.6896638043250591,0.6878804471897265,0.6886978193539449,Japan
17,0.6639390632084058,0.5854351829299121,0.5829930720492474,0.7147505191865319,0.6439284800989303,0.6411337501042439,0.6430859635927152,Japan
18,0.6902278886089839,0.6136832466242217,0.6141206888073696,0.7430974019838392,0.6686532721594058,0.6652283366554057,0.6679184428561855,Japan
19,0.7138372998318159,0.6363645015712531,0.6396076429394071,0.7698027083781558,0.689982623466566,0.6886950261220468,0.6893417172043292,Japan
20,0.6629052461510793,0.5778561471444561,0.5882516395075473,0.7239946441651055,0.6377488897681693,0.6374886332996008,0.6371899016668862,Japan
21,0.6653340131665062,0.5750554119990122,0.5890197169440083,0.7219452685682745,0.6385843848384336,0.6386837360077984,0.6380968444354336,Japan
22,0.6876327746731781,0.5904629015260058,0.6103057097555555,0.7397245892511594,0.6590355526254371,0.6596239959601163,0.6586103277521137,Japan
23,0.6836497590726207,0.5824341554177098,0.6049727536212413,0.7320843746907654,0.6527541441390226,0.6530188419915856,0.6523832698652592,Japan
24,0.7038624742935686,0.596603249576354,0.6236954240188224,0.7658487073996583,0.6711912219859169,0.670112178803058,0.6708677514281753,Japan
25,0.6777636321047942,0.5658923162072054,0.5935523105099552,0.7707853891653009,0.6430857298927524,0.6433859567117575,0.6428036040912946,Japan
26,0.6440373308871581,0.5282977107200016,0.5518020249099218,0.7498543877136042,0.6073802771868106,0.6083550037957809,0.6071342116147105,Japan
27,0.6759093647409677,0.5579201268188132,0.5833825135738525,0.8058132827135331,0.6384420623161253,0.6388097498301841,0.6382274478942607,Japan
28,0.75775409475291,0.6402341114700405,0.6596153820263921,0.8736430460997788,0.7184351873744699,0.7162004306140137,0.718248004138395,Japan
29,0.8376974915313096,0.7147051014180548,0.7404294529275959,0.9398705015340487,0.7965346603690873,0.7936121007215622,0.7963714021706725,Japan
30,0.8095255377755421,0.6827027381394151,0.714573224175945,0.8983419538265569,0.7660675145863307,0.7639989164744094,0.7659251234197468,Japan
31,0.786780030965499,0.6624480883944381,0.6906174487626717,0.870361973330576,0.7415491621396945,0.7420434776736831,0.7414249708615964,Japan
32,0.7798242336080802,0.6541809577633471,0.6821287733299686,0.8675990225255592,0.7332761012396392,0.7346131306427477,0.7331677836106342,Japan
33,0.7687754116784107,0.6401509838789877,0.6687139870225218,0.8453458679340756,0.7201624480301649,0.7239203776627087,0.720067975141787,Japan
34,0.7467837416846504,0.622351197288359,0.6411957227275255,0.8118960184691387,0.6965988493267729,0.7019338493432687,0.6965164515977933,Japan
35,0.7071288859549683,0.5861028643212101,0.5982741974265058,0.7574933317916142,0.6551150151030918,0.6614547915109426,0.655043149133314,Japan
36,0.6635957469707356,0.5381844646968227,0.5574613264962146,0.7005519540929519,0.6097576867680745,0.6158768652506461,0.6096950064287489,Japan
37,0.6291336473384522,0.5091231161100833,0.5254327820298046,0.6549202398404568,0.5732465909806534,0.5746109287867862,0.5731919222000035,Japan
38,0.7052341523167374,0.5779775941898397,0.5962087681276267,0.7231200981861972,0.6473310107539623,0.6471544342637875,0.6472833295255275,Japan
39,0.6921908715030258,0.5640146286748655,0.5709832392608775,0.7311136925709392,0.6329873005883905,0.6317683900166662,0.6329457137902578,Japan
40,0.6614021473940052,0.5282365499516544,0.5361401425253669,0.7310148636613938,0.6003774115269442,0.5971444179353456,0.6003411401925911,Japan
41,0.6699238580984982,0.5299309988909267,0.5424910419686224,0.7355292465351305,0.6066237800899572,0.600378546294398,0.6065921448173506,Japan
42,0.6848832858732117,0.5385388263776758,0.5587393234184497,0.7600856214398475,0.618224788253391,0.6121836620109163,0.6181971964790397,Japan
43,0.6757868791609066,0.525108384018671,0.5500626136762292,0.7533607511179514,0.6068861735956063,0.5989065159976475,0.6068621084951938,Japan
44,0.6924990998706886,0.5488543769238842,0.5658733944033313,0.7508596698256902,0.6204978576230544,0.6130557680502858,0.6204768684307507,Japan
45,0.7311680289754379,0.5821181818102216,0.6019140608586545,0.7798982695549774,0.6566915324765743,0.6482061074276506,0.656673226041695,Japan
46,0.7717985441283886,0.6165659709114013,0.6387598727553669,0.8103897448038405,0.6944762193549685,0.6874891811829169,0.6944602527778302,Japan
47,0.7757756432106977,0.6133545616357097,0.6368377586557677,0.8024223761070528,0.6923074918472365,0.6867099371539629,0.6922935660562677,Japan
48,0.7675027279161067,0.6052267140709245,0.6213599039934519,0.773127961735332,0.6763844475821078,0.6719992112592156,0.6763723017319091,Japan
49,0.7496068096244308,0.5792016949411192,0.5950519667545373,0.7413386846676653,0.6536480807749478,0.6514730045181509,0.6536374873603705,Japan
50,0.7422367666438127,0.5613852233303553,0.5772463989211354,0.7253605857098271,0.6388505032477472,0.637217398463285,0.6388412638424712,Japan
51,0.7070390484215322,0.521857103553047,0.5405015255851745,0.6728123825182746,0.5969456254149765,0.5961079604174372,0.5969375669547672,Japan
52,0.6623257659258521,0.46983245171974874,0.49534410630340486,0.633481931758149,0.5470694179764255,0.545243347449826,0.5470623895174493,Japan
53,0.6570762683510305,0.45792739390212805,0.4830874979037785,0.62242669423097,0.5350270623891972,0.5321398650816762,0.5350209322806782,Japan
54,0.6502911738410131,0.44044665544047734,0.46613247052785833,0.6149367867223959,0.5207144599949041,0.5189872625029801,0.5207091134131594,Japan
55,0.6834269155891348,0.46591712490692255,0.49573675017841995,0.645440025796244,0.5479717822715882,0.5479204700281926,0.5479671190692543,Japan
56,0.6685121867575371,0.4432445660006517,0.47518163841743516,0.629765264340278,0.5274720231862011,0.5301702667241559,0.5274679560163635,Japan
57,0.6328808422266369,0.413761692508652,0.4401213106251113,0.6002334619255651,0.49315206845952586,0.49672331234540956,0.4931485211396148,Japan
58,0.6104600679942883,0.3915008336881941,0.4152762240955097,0.5783978519449989,0.4677533585356295,0.4717237656588165,0.467750264620437,Japan
59,0.6049698173458694,0.38322039260170315,0.4099216414888528,0.5792260618817446,0.46195563860220173,0.4642055705755793,0.46195294013928934,Japan
60,0.6414620001321862,0.42587372018340164,0.4459345493853238,0.608561984846028,0.4993245707279397,0.5004850841495898,0.49932221717212555,Japan
61,0.6739505479002496,0.45998973126227016,0.47552241999586786,0.6353124874589101,0.5337227242129919,0.5337448555386392,0.533720671479584,Japan
62,0.7072654634364288,0.4946942929692957,0.514100264457146,0.6925944619852346,0.5723669081298931,0.5697351745052928,0.5723651177689344,Japan
63,0.6670025356598296,0.4649427147804628,0.4773970430022131,0.6552901351386318,0.5346912278902466,0.533633269628647,0.5346896663663048,Japan
64,0.6594214411401138,0.45522231431561694,0.47171860470723737,0.6773160544914385,0.5298246565641561,0.5258506723244969,0.5298232946281684,Japan
65,0.6491634654967233,0.44665120108374334,0.46011707173355365,0.6708463751406076,0.5212472927996512,0.5175733842311663,0.5212461049410567,Japan
66,0.623591504385759,0.42576316132477515,0.4458442978654642,0.6673893086746386,0.501491826791878,0.4972175816974962,0.5014907907607773,Japan
67,0.6103749485611325,0.4172594863079821,0.43980948482184934,0.6627917569157846,0.4942642594217578,0.4892869207055892,0.49426335581214753,Japan
68,0.6773617976436939,0.4856901362850124,0.5063561152760605,0.7234548012764142,0.563955785609848,0.55794213822764,0.5639549974961251,Japan
69,0.6887010191223903,0.4923190583122194,0.5152949578410786,0.721109530590285,0.5728453226479517,0.56476975651623,0.5728446352678782,Japan
70,0.6734443576162483,0.47932492884705796,0.4962900649661095,0.6946411014693918,0.5533912315367697,0.5451222603051729,0.5533906320149601,Japan
71,0.7216659750291281,0.522180306534689,0.5368652917091852,0.7327416091726298,0.5965780156643861,0.5888497707890821,0.5965774927711367,Japan
72,0.7182430027667751,0.509363404776226,0.5211736867934234,0.7195445068941757,0.5855579695955317,0.5778846591417137,0.5855575135364761,Japan
73,0.6769657853225468,0.45737868899688455,0.46403161763604617,0.6825131029157498,0.5351358849557818,0.5270685781023448,0.5351354871884317,Japan
74,0.6017018452531513,0.37063419774886264,0.3722824530218757,0.605214589810336,0.44754524672732743,0.4410957502998871,0.4475448998010624,Japan
75,0.6135236450565886,0.36709854221290067,0.3742778987163346,0.6313757455810338,0.4476999640091685,0.44133414566706747,0.4476996614256776,Japan
76,0.6031231366648715,0.3445367860073388,0.3447570990328597,0.6174265227294913,0.4241468248521953,0.4170386934901332,0.4241465609437565,Japan
77,0.5485041448574661,0.2755544651996744,0.28078892523936205,0.5683130168002983,0.3562244501588193,0.3492208195687241,0.35622421998213705,Japan
78,0.6064305957582299,0.31741084700164307,0.3320334990087657,0.5949809543737757,0.40140298605960506,0.39488968601985514,0.40140278530321655,Japan
79,0.6550350871530289,0.3511406805074989,0.3678712508907055,0.6096738692619023,0.436141145857884,0.42785446089421936,0.436140970761401,Japan
80,0.6827396948812583,0.3678636295838918,0.38635861088191803,0.6247684978259351,0.45266769816378616,0.44501398263057634,0.4526675454474588,Japan
81,0.7108516997220039,0.38756868345566753,0.40690731034899685,0.6424565894436658,0.47171733486980993,0.46590784269946034,0.4717172016730932,Japan
82,0.7184161429939451,0.38846519678724334,0.40734126578999175,0.6392348241551105,0.47183569450613355,0.46809149310345527,0.47183557833410633,Japan
83,0.6746029649019878,0.3382829975061049,0.35929258505989675,0.5896429590838956,0.42427596821883756,0.42168649742645786,0.42427586689546976,Japan
84,0.6357702317310359,0.2934635644463506,0.3169474397471107,0.5552566424048764,0.38148860470684537,0.37768182218757634,0.38148851633423875,Japan
85,0.6324055247530848,0.28603888174881126,0.31128575177195333,0.5683915073320044,0.3758196520400102,0.37031929790755164,0.37581957496284857,Japan
86,0.653502712289066,0.30674154919507685,0.33047816979708966,0.61004153920815,0.3958230489349528,0.3892736208155598,0.39582298170949604,Japan
87,0.6924223334349432,0.3460369754487,0.3711641674785453,0.6252251517797152,0.4342466511669638,0.4284601724849327,0.43424659253400505,Japan
88,0.6046751548524419,0.2619379794402563,0.28542844387269206,0.5419682373341126,0.3465248205263465,0.3415709674499958,0.3465247693876259,Japan
89,0.6128130907736564,0.2744863262038535,0.297827686481418,0.5519885293817361,0.3535399454245257,0.34896722789192036,0.3535399008221587,Japan
90,0.7189519014399397,0.38213437941247763,0.4087087607964485,0.643200724366817,0.46282116715270444,0.4561414547152057,0.46282112825123956,Japan
91,0.7305842783057381,0.3957704793865132,0.42475833368107624,0.6502391484296843,0.47811023951694,0.4740721614975909,0.47811020558771,Japan
92,0.7376530240231001,0.4052524742146332,0.4334162419630858,0.6482127433942341,0.4888262636850301,0.4855122671690646,0.48882623409250314,Japan
93,0.7630020026991436,0.43647264494119326,0.4656772082899682,0.6778038719437502,0.5214780484994405,0.51784646995698,0.5214780226893159,Japan
94,0.7779105025734021,0.452316692389476,0.48591765875236137,0.6875198283766255,0.5393211807942488,0.5380200450035509,0.5393211582830746,Japan
95,0.7821151121139358,0.45968202502527306,0.49670984344190827,0.6899135175889745,0.546543297019034,0.5460378339302233,0.5465432773851511,Japan
96,0.7671293888941519,0.45335567262171916,0.48211727196664583,0.6621142194097425,0.5305256533588735,0.5303452957408896,0.5305256362345174,Japan
97,0.7485748242453927,0.4430266893791694,0.4620718279173154,0.6338961334134638,0.5154217568895336,0.5160344878395489,0.5154217419539466,Japan
98,0.7225233368920125,0.41530534915131345,0.4332896669711182,0.644127166905587,0.4921509028299783,0.4936750811356938,0.4921508898034003,Japan
99,0.6583603322344734,0.35197142582187474,0.372385121187228,0.6156318999873466,0.43155804075642823,0.43447994785067734,0.4315580293948571,Japan
100,0.6330662293636803,0.3352980370149364,0.3505022381020896,0.6217773504217419,0.4114386130054226,0.4111946674434253,0.4114386030960436,Japan
101,0.6608071789283965,0.36108288771898384,0.3686788422518426,0.6625788055398277,0.440258073452407,0.43819631959464656,0.44025806480960644,Japan
102,0.6406213512533442,0.339704714588993,0.3470706003372296,0.6478486244386207,0.42169985702112367,0.4189001432147599,0.4216998494830125,Japan
103,0.5991728888478489,0.29978191246605734,0.31172876846980385,0.6044828882284523,0.3818999546997029,0.37915855486250394,0.38189994812508393,Japan
104,0.594436194577202,0.29473224526916886,0.3142502334849717,0.5954993293597235,0.3799750108426203,0.37852154149346273,0.37997500510834376,Japan
105,0.5411669873312954,0.24860903986066069,0.25984845596432743,0.5212577993796107,0.3234335714966479,0.32254335626389,0.3234335664953044,Japan
106,0.5303792405628405,0.23451670100908828,0.24888448539676888,0.5038546176144945,0.3123106586817658,0.31209555847431936,0.31231065431967464,Japan
107,0.5171379816151052,0.22641314625704909,0.23187079306185224,0.47286782460358223,0.2944263807779448,0.2925821272479854,0.2944263769733993,Japan
108,0.5839629057863063,0.289362627329841,0.2912751382899528,0.5136764972264878,0.35422494909665736,0.3513225784470373,0.35422494577839414,Japan
109,0.6200913938474479,0.3214145922325692,0.32746690733882905,0.5271983959569433,0.38605703349167036,0.38580680509730686,0.3860570305975347,Japan
110,0.595341002452985,0.28636818849950557,0.29068005146396275,0.5246486105348249,0.35618548523274984,0.356260247229216,0.3561854827085314,Japan
111,0.5632818909698115,0.24349179436374246,0.24234407888063392,0.5178571789788707,0.3175989289990538,0.3170357162650355,0.3175989267974712,Japan
112,0.5922111370131233,0.2642347728140689,0.26904452364006626,0.5478220483830283,0.3403770754117931,0.3376586239146327,0.34037707349160823,Japan
113,0.5627322667018819,0.2251500460197905,0.23915133305477254,0.5239130183146581,0.30530433142929075,0.3030101974143233,0.30530432975453653,Japan
114,0.5365770512982413,0.19044568746957327,0.20608461633705216,0.4872833425106633,0.27220937530323663,0.27122487721482097,0.272209373842543,Japan
115,0.5382124284043924,0.18724741381181498,0.20238830858874043,0.48413299068500776,0.2682499901554599,0.2685073390973775,0.26824998888146656,Japan
116,0.5104248564465184,0.15920476465960207,0.17362877991155612,0.4342193410935576,0.23615521637234396,0.23678585163641747,0.23615521526118752,Japan
117,0.49337625973777216,0.1412585863255763,0.1562515004006284,0.40662280884515206,0.21534994772575086,0.21320118152826487,0.21534994675661812,Japan
118,0.4987353953881176,0.14823919585113876,0.16477792486705384,0.40518653538928984,0.21983690481040682,0.2152639895021314,0.21983690396514488,Japan
119,0.5143776781915335,0.17071374240350112,0.18253625831706666,0.416749553498917,0.23426051990531954,0.23021663590954933,0.2342605191680957,Japan
120,0.5168340388634849,0.17432075410579106,0.1862278069129266,0.4147061206835372,0.2404626384380751,0.23732659076545665,0.24046263779508037,Japan
121,0.45548986155292676,0.11494735614221924,0.1235309979280029,0.36315069238249675,0.18467528887608953,0.18227429355981617,0.18467528831527988,Japan
122,0.42858936508677653,0.09073055004123293,0.09873075027396433,0.3590625221970283,0.16399527082291437,0.1626233847694742,0.16399527033378525,Japan
123,0.38498006165825815,0.05707325677168523,0.06611494054627304,0.35038167029781214,0.13199393138294083,0.13200545365913272,0.13199393095633027,Japan
124,0.3149981909621442,-0.0060734262184823085,0.007080982159314894,0.31210187475124884,0.07259430722565828,0.07388819444935021,0.07259430685357543,Japan
125,0.3402039261669828,0.028169759221211843,0.04133863491761949,0.3686747704691416,0.10817462621240997,0.10660279117864757,0.10817462588788532,Japan
126,0.4008457127381442,0.10800252543605393,0.11313482996269571,0.4532061347192445,0.18450548808648373,0.1810194248895423,0.18450548780343856,Japan
127,0.4325771465163692,0.15374229353584312,0.16603952668206062,0.5024652608764864,0.23060763166343223,0.22581131125772502,0.23060763141656482,Japan
128,0.4587134155089141,0.1961478016430125,0.20969841422993774,0.5306506083216991,0.27156764005754863,0.2685048430969592,0.27156763984223486,Japan
129,0.4457900316803521,0.20066283730737056,0.2074132180018098,0.51494292611974,0.26905446056711557,0.26763283284166606,0.26905446037932235,Japan
130,0.4348192839545864,0.2008149363126095,0.20564650289670694,0.5013927744670803,0.26785027655601934,0.26728448076313704,0.26785027639222914,Japan
131,0.43771001647537533,0.21066489354059906,0.2147633640004344,0.4934303908327818,0.27696941019312477,0.2765958030312834,0.2769694100502696,Japan
132,0.468576949464568,0.23930830819534907,0.24672146126376124,0.5199311112276318,0.30891796160634044,0.3085436245154916,0.30891796148174444,Japan
133,0.462343666768438,0.23470811971764882,0.24098450256859977,0.49906632262402073,0.3020251623238147,0.3029478344305039,0.3020251622151441,Japan
134,0.48164737524256196,0.24971125708040362,0.2584755627931569,0.49773026541076065,0.31915076434762873,0.3174851363018477,0.319150764252848,Japan
135,0.5122081961157902,0.27270158089757257,0.2795865906986559,0.5405645620814876,0.3464379730105762,0.3438870532766066,0.34643797292791,Japan
136,0.5385588216407883,0.29302319980208147,0.3008078749113998,0.5786572893607064,0.369246455330162,0.3650056375291136,0.3692464552580619,Japan
137,0.5914864965506026,0.3361576122836769,0.3445028394163191,0.6469711756251857,0.4149630213662793,0.4096677005425586,0.4149630213033948,Japan
138,0.6695943121857024,0.4036878799661095,0.41526201718341016,0.7289201003144833,0.4838046345573471,0.4752901357774846,0.4838046345025003,Japan
139,0.7497285515929172,0.4727115613385404,0.48947742193383265,0.8051021129832898,0.5553990740619306,0.5460802761751962,0.555399074014094,Japan
140,0.726387708242229,0.4374266276521312,0.45023524560519695,0.762982883587785,0.5202592624826424,0.5117977214462699,0.5202592624409201,Japan
141,0.7563238274053108,0.45894355782469004,0.47014099273371474,0.7692290225663905,0.5419653662861963,0.5332289462363027,0.5419653662498068,Japan
142,0.7668877853776734,0.4648339179531693,0.4777421093677684,0.7650593786646831,0.5483280272796902,0.5397850586268572,0.5483280272479519,Japan
143,0.8201826179106662,0.5144137712370427,0.5287471384706346,0.7950127348608194,0.5968136372841586,0.5886279975758865,0.596813637256477,Japan
144,0.8255700686563956,0.5180760386095999,0.5358440637567462,0.7957967586752633,0.6014413190013603,0.5927330743428598,0.6014413189772169,Japan
145,0.8196060195770348,0.5093903555520628,0.5299060738707121,0.7751845242501044,0.5932117249091756,0.5850778327699073,0.593211724888118,Japan
146,0.8372696142478793,0.5241627248484837,0.5446593209962924,0.789701554605097,0.6095862992264343,0.601501192434098,0.6095862992080683,Japan
147,0.777684521209633,0.46589326679764964,0.4831901470309808,0.7568709088707558,0.5534566197892543,0.5459124791193795,0.5534566197732358,Japan
148,0.7757947293588976,0.46279906673486515,0.48573185691217974,0.777222852136882,0.5525197295701837,0.5430771845153527,0.5525197295562126,Japan
149,0.7248951789143594,0.4149654281976435,0.44577242271501827,0.7180153403997604,0.5047411227322299,0.4973838700277601,0.5047411227200447,Japan
150,0.6667486374246459,0.3686385744918702,0.39415871432464383,0.6798824557347849,0.4504615369905909,0.44315090745035063,0.4504615369799631,Japan
151,0.6431784315029633,0.3457772616003999,0.3682007622778831,0.6590361126289548,0.42934809221017917,0.4233508696808771,0.4293480922009098,Japan
152,0.6739608525368421,0.3799357667225489,0.40188940098877246,0.6906220134076206,0.4654790341222238,0.45914260644950317,0.4654790341141392,Japan
153,0.6805470649318961,0.40316509617083196,0.41597231452734224,0.6821886527235694,0.47856201067437987,0.47417176056761173,0.4785620106673286,Japan
154,0.6905053111613771,0.4177633040322624,0.43489029397540335,0.6878276148672212,0.4955605326870431,0.49240254476322337,0.4955605326808931,Japan
155,0.6786551880346721,0.4092989327558052,0.4329286670636556,0.6777990899294671,0.49053777596116793,0.4871913259030915,0.49053777595580406,Japan
156,0.69145304503802,0.42638648108794275,0.4550022302471831,0.6870790984776203,0.5096338275105317,0.5081219449245775,0.5096338275058534,Japan
157,0.6739461549564358,0.4124741194834294,0.44307622395233515,0.6814617983082979,0.49762012109437503,0.49796499681366846,0.49762012109029474,Japan
158,0.6277754983747511,0.3700110121883613,0.40251278084642705,0.6462335097611414,0.4568129902209247,0.4587773005763687,0.4568129902173659,Japan
159,0.6170921986261416,0.36625759533023544,0.3980027500981996,0.6505937595486553,0.45218157396452013,0.4517911553230948,0.45218157396141617,Japan
160,0.6177263064030131,0.37266484190739835,0.39931220010744,0.6690606644762309,0.4583230206975612,0.4580725965695369,0.458323020694854,Japan
161,0.5963238850482044,0.35856853868071714,0.3759627050150053,0.679917974029856,0.44424283351843874,0.4445892941369731,0.4442428335160776,Japan
162,0.6493127764556292,0.4165883709907268,0.42904077375063726,0.7254781739785661,0.5022441565272544,0.5014078244614322,0.502244156525195,Japan
163,0.5561042373814281,0.33873020248355923,0.3454730848274044,0.6502993942097525,0.4175290881434973,0.4172099166933164,0.4175290881417012,Japan
164,0.5654720088345755,0.3578725167954569,0.36593140836425125,0.6627016409302942,0.43086997042885494,0.429718609130777,0.4308699704272884,Japan
165,0.6330919389101077,0.4323597917227858,0.44346310318490806,0.7330195182882044,0.5058479085709776,0.5049303713844785,0.5058479085696113,Japan
166,0.6160024341609457,0.4235361976654001,0.43177411627866763,0.7041077559011221,0.49380203683366286,0.4953148939412888,0.49380203683247115,Japan
167,0.6187105141715217,0.4223402087275988,0.43626286063664965,0.6998386832115081,0.49678738346086404,0.4986330365531093,0.49678738345982465,Japan
168,0.5555468653610592,0.3497153263424774,0.3702465708767134,0.6233764871469687,0.42791198285723286,0.43042925729004533,0.42791198285632626,Japan
169,0.531886584997387,0.3165756351388255,0.34093677870940714,0.5856644295427689,0.39720915037511245,0.4000874365211491,0.3972091503743217,Japan
170,0.5602034630209569,0.3299061014365578,0.35310408912725333,0.5782102198169232,0.41320106498789216,0.4141210431531319,0.4132010649872025,Japan
171,0.5854551276344886,0.34118366770881303,0.3607218582359987,0.5703202614703546,0.42403935428574463,0.42453881555128725,0.4240393542851431,Japan
172,0.5488727187565161,0.2885131357090425,0.3095164860197098,0.5435910286631718,0.3723670100128995,0.37302889375844406,0.3723670100123749,Japan
173,0.5380472705214573,0.2620165821861554,0.2809385117877904,0.549203591656509,0.34586154159778854,0.34558797752881226,0.34586154159733096,Japan
174,0.5527328233774857,0.26017795239762936,0.2816416456218529,0.570538907556675,0.34549733093376983,0.345528131188216,0.3454973309333707,Japan
175,0.5794239729684281,0.2721591364739625,0.2981122823307028,0.5641918690203593,0.3583753681480899,0.3590798611221426,0.3583753681477418,Japan
176,0.5533719452798704,0.23356843730801718,0.25896155601537385,0.5261470211236775,0.32004678289316696,0.32151112209628635,0.32004678289286337,Japan
177,0.5624988385243868,0.23677558985695119,0.25504143131468615,0.515680001392052,0.31800829306763473,0.31978513616278115,0.31800829306736994,Japan
178,0.548620576229551,0.2108215591245955,0.23088126652428345,0.48461782019468386,0.29462074762368473,0.29687197657583414,0.29462074762345375,Japan
179,0.507853955718387,0.1593995432588984,0.17981413062344162,0.4300794966522061,0.24510231614087874,0.24766307917829766,0.2451023161406773,Japan
180,0.4737499713427751,0.1178077951779126,0.13728564023802528,0.38128537872357987,0.20290717580545528,0.20557301315619803,0.2029071758052796,Japan
181,0.47849199871358133,0.11670943344971119,0.13717658281452022,0.3757141492808633,0.2008212113118776,0.20174892349244894,0.20082121131172437,Japan
182,0.4948184350209536,0.1253272745964148,0.14723961927549875,0.3867617695393305,0.21073441564511608,0.21115648122177924,0.21073441564498244,Japan
183,0.5156664617259961,0.13761999792229967,0.1626168479307988,0.41907060469028945,0.22507298962480884,0.22299322421956685,0.2250729896246923,Japan
184,0.47939539189689384,0.10160519957142011,0.11878516085582677,0.40256808024037666,0.1835824477903778,0.17903594004686177,0.18358244779027613,Japan
185,0.5090267387928682,0.12553041133836912,0.13732374002984493,0.4510956289155078,0.2075165363273955,0.1998892960760968,0.20751653632730682,Japan
186,0.5373085477024908,0.14731971348576617,0.15164100676343195,0.46945385487285385,0.23014233696481362,0.2188724414102819,0.23014233696473627,Japan
187,0.5491908195390331,0.15781992469892425,0.15510469128217153,0.4885720799348072,0.2361755943714765,0.2250281332347563,0.23617559437140906,Japan
188,0.5180594560109173,0.12013569428542548,0.1244056674273894,0.45332568941107493,0.19948484719238593,0.18989698430146756,0.1994848471923271,Japan
189,0.45414805486407517,0.05653436010191576,0.057619439202229616,0.37054252228566315,0.1316405765936767,0.12382773372327269,0.13164057659362538,Japan
190,0.44357276366945364,0.047718088645124224,0.048893430005822525,0.33630718160792467,0.11740611629984193,0.11215179357663163,0.11740611629979719,Japan
191,0.4480200129313288,0.046084440700135176,0.05419569755861031,0.32808904371496556,0.11728799440512439,0.11345918233639968,0.11728799440508536,Japan
192,0.45200525423011206,0.051740754009315826,0.05481339928735918,0.320507769401711,0.11706240882286995,0.111585387099287,0.11706240882283592,Japan
193,0.4483695672196801,0.046125130736794695,0.044714178579928376,0.3025530943532677,0.10952512272817949,0.10530910975741864,0.10952512272814985,Japan
194,0.4479707765859429,0.04192556566277328,0.036218017703921246,0.29014362227200485,0.1034335821451779,0.10143449803100196,0.10343358214515203,Japan
195,0.42659922025495217,0.011649707449290614,0.00877003612182109,0.25605452032247056,0.07847080406432655,0.07699202027080143,0.07847080406430396,Japan
196,0.41799654219977794,-0.003140130421127929,-0.013077533456390178,0.27197180743370286,0.06604896888775852,0.06464455499341215,0.06604896888773881,Japan
197,0.41697445263708877,-0.005156738926225368,-0.021844205538856076,0.280663807984726,0.06146688828581409,0.06089419976393878,0.06146688828579688,Japan
198,0.43959898435051126,0.010485817025226774,0.0005467160899024215,0.32267244671735995,0.08167340470651152,0.08165369995191141,0.08167340470649653,Japan
199,0.43478948468286244,0.0013830580491523137,0.003624763168559947,0.30491981637328236,0.07521291874936939,0.07551659527413626,0.07521291874935629,Japan
200,0.3712575941735026,-0.06837670512891332,-0.05483337181842625,0.24740957129308183,0.008867161729224166,0.010480094417426242,0.008867161729212744,Japan
201,0.38119375248022935,-0.06288000517566944,-0.04328768114462722,0.2515425490333054,0.01795199778986145,0.019135872073346438,0.01795199778985146,Japan
202,0.41270591608338364,-0.03557410726868532,-0.01376655839096752,0.2720693986761954,0.04895063568334701,0.04786269290337625,0.048950635683338295,Japan
203,0.4208654665219884,-0.027767219141756116,-0.0015844368739135195,0.2690379153146084,0.05780721637238151,0.056370866124675845,0.057807216372373904,Japan
204,0.42838900795341345,-0.02124772283629489,0.0056536103999464404,0.2654425784625029,0.06570971252427049,0.06331604948381941,0.06570971252426383,Japan
205,0.4496200277539965,-0.0034518127638125673,0.021614117383198184,0.27811685027618094,0.0852103961576835,0.08189957119556257,0.08521039615767767,Japan
206,0.47195784578744615,0.021291167768531016,0.04911603387204358,0.30338807022551145,0.11016075162436922,0.10588702139267986,0.11016075162436414,Japan
207,0.526655926085487,0.07616976700514155,0.10559494553123133,0.3740122386073715,0.1657635420131799,0.1595027914602059,0.16576354201317545,Japan
208,0.5834147243614547,0.13509531568175115,0.16310864963353,0.42922577933941797,0.22560125201130543,0.21915261776131073,0.22560125201130155,Japan
209,0.626756560467453,0.1809599881122934,0.20766313681144355,0.4606287318155838,0.2709415137915844,0.2667330523561766,0.27094151379158105,Japan
210,0.5952309156915109,0.14910257628740073,0.18118621682007668,0.448589783457565,0.24047191219196162,0.2378166647754978,0.2404719121919587,Japan
211,0.6180771254228146,0.1731627275998815,0.2123528985044419,0.49388565969820736,0.2653841048319978,0.2594816782480019,0.26538410483199526,Japan
212,0.5693052954177272,0.12915391902133697,0.16985991222995664,0.44102188714226437,0.21910114323988997,0.21481429914881797,0.21910114323988775,Japan
0,0.32483470882438503,0.32483470882438503,0.32483470882438503,0.32483470882438503,0.31481507809658815,0.32483470882438503,0.32483470882438503,Spain
1,0.4081247035675848,0.40749836507300197,0.39810456738566946,0.40764679548700156,0.40079170236720707,0.41163699830964273,0.4073729825078985,Spain
2,0.45314511252674916,0.45260295037733406,0.4358353557113812,0.4525062120978942,0.44795265381252125,0.4558440209153899,0.45227549259440347,Spain
3,0.49952841323460107,0.4956140795366173,0.4792221129848613,0.4954620301792287,0.4923592006647355,0.49989900803612836,0.4951986080041383,Spain
4,0.5936792198468895,0.5892818644689447,0.5741407565109985,0.5892465688904881,0.5870909017067578,0.5953146021356017,0.5889559340259933,Spain
5,0.6544968589718477,0.6487298324695898,0.6296315211041872,0.6487958549316499,0.6471625131215766,0.6525538954631291,0.6483875383243798,Spain
6,0.6940930982580245,0.6894410708353743,0.6651344046274497,0.6895277477846854,0.6881480352661675,0.6908898546976794,0.6889526790956739,Spain
7,0.8034021456315432,0.797975396913728,0.773683912322283,0.7981028569129853,0.7968661751170745,0.7969287810595973,0.7973946962371962,Spain
8,0.9158212286611157,0.9091244490807315,0.8858168003213367,0.9092735034622581,0.908145406221742,0.9070130138481372,0.9084925592901822,Spain
9,0.9901914472867381,0.9837758099013166,0.9613518836872256,0.9839614209377496,0.9828945077033274,0.98075395608443,0.9831225312360479,Spain
10,0.9920948804461275,0.9828756519358295,0.9576145801160785,0.9829513405704542,0.9820399215056563,0.9800137873713684,0.982189696161856,Spain
11,0.92826116279975,0.9183241418658201,0.8836295212335226,0.9184467639170644,0.9175222118973092,0.9156771170475558,0.9176205896716207,Spain
12,0.8736030411592628,0.8625094650183618,0.8218747111257336,0.8627214538583934,0.861663096879822,0.8588718471088,0.8617277151985956,Spain
13,0.8081042795539424,0.796534397529405,0.7635435954076844,0.79688345899649,0.7957513370054647,0.7914479531661358,0.7957937808109925,Spain
14,0.7557200559681416,0.7400023031238626,0.7145011395409728,0.7403333051358165,0.7393372349196552,0.7362850036496423,0.7393651136491218,Spain
15,0.7420125683866647,0.7251421147118462,0.7022135024745748,0.7253792303302509,0.7244862097372373,0.7223996645783748,0.72450452156265,Spain
16,0.7363653264233105,0.7198262399215927,0.697565302952986,0.7200220312544933,0.7192154297355877,0.7180217554888556,0.7192274576492107,Spain
17,0.7945441808675665,0.7760217528405765,0.7554919209645266,0.776129802160345,0.7753863957456932,0.774038111264286,0.7753942961435434,Spain
18,0.8919843399499539,0.8734597694503564,0.8524758203763171,0.8737868323060702,0.8730111383352552,0.8708911216553263,0.8730163276214562,Spain
19,0.9343771076601745,0.914958966403946,0.8846417695414053,0.9152501869382784,0.9143975660269253,0.910769314115862,0.9144009745503676,Spain
20,0.9050137682772179,0.8865077523728452,0.8530858856617414,0.8867818785724602,0.8858766658023743,0.882526412552034,0.8858789046521134,Spain
21,0.8376064700884998,0.8185569260378042,0.7857141940221993,0.8187724782341055,0.8178951325748707,0.814612877545063,0.8178966031377812,Spain
22,0.7922759364484614,0.7709617205059011,0.7347637529242652,0.7711674060770024,0.7703081165512016,0.7692035814570775,0.7703090824736734,Spain
23,0.7386917907797612,0.7136364512154315,0.6756056092597467,0.7139411586789821,0.7129866629914611,0.7132424266240931,0.7129872974466175,Spain
24,0.7299204139000153,0.7037679192153992,0.6683247336323396,0.7043381562415085,0.7032639201776614,0.7027406097652658,0.7032643369122931,Spain
25,0.7712167105357988,0.7446676898382623,0.7176105200404082,0.7454606191764328,0.7443111834825846,0.7432715762028286,0.7443114572099734,Spain
26,0.6817464529851742,0.6544145164480777,0.6334069965298257,0.6550739765832483,0.6539256301698433,0.6549824637181668,0.653925809964556,Spain
27,0.6923001046348284,0.6659907268329524,0.6453952689757081,0.666466845865938,0.6653815223591186,0.6679776742290713,0.6653816404552246,Spain
28,0.696649302438761,0.6690635704917435,0.6481703925906133,0.66949460339212,0.6684440439196233,0.6702473256313778,0.6684441214897032,Spain
29,0.6580941101352904,0.6285641609259193,0.6020883909409107,0.6288981470449289,0.6279161314143908,0.6305691022055304,0.627916182365413,Spain
30,0.6318016150254362,0.5994937941730836,0.5705079877765593,0.5996326997932264,0.5988244354252151,0.6023178630174162,0.5988244688918127,Spain
31,0.4947164363230546,0.4616840539208718,0.4379524261768537,0.4616473452144879,0.461028215147761,0.466346713363037,0.46102823712991386,Spain
32,0.39542941791243813,0.3631035589801396,0.34074449726450573,0.3628737399941554,0.3624017387795728,0.37075150972164683,0.36240175321829926,Spain
33,0.2857337117991401,0.251109500920316,0.23346305159504482,0.25088865352916256,0.25050887846254966,0.2565972769741854,0.2505088879464624,Spain
34,0.21412104224167694,0.17860775307960308,0.1620329953518122,0.17846882062269862,0.17820475429095317,0.18295960758998675,0.17820476052035308,Spain
35,0.1597225822976143,0.12423230181287365,0.11032116582613631,0.12390142975904643,0.12372798080147954,0.12841164459141996,0.12372798489318981,Spain
36,0.14015231765281252,0.10276486536289076,0.0894409593111816,0.1023652611370981,0.10222697414855123,0.1059217506281917,0.10222697683614446,Spain
37,0.15441934249701167,0.11506377541153642,0.10153015444552305,0.11458441151715065,0.11447409207072184,0.12011606555607618,0.1144740938360368,Spain
38,0.1908676469604912,0.14897314087664304,0.13658015180146305,0.14857627623577957,0.14846806212581679,0.15617876601694794,0.1484680632853438,Spain
39,0.2659606562147421,0.22480036271311626,0.21139392101633445,0.22435516131908598,0.22420413300176023,0.22984696891912332,0.2242041337633823,Spain
40,0.32965598401800794,0.28822097739061425,0.2712778405101879,0.28774403852712793,0.2875701274355712,0.2930649661279724,0.2875701279358339,Spain
41,0.40738194097025954,0.36353024411557894,0.34158062400480027,0.3630360642631904,0.36282460234203684,0.37190119225715323,0.36282460267062877,Spain
42,0.47463847777788704,0.428415404953198,0.4025860503746216,0.42789602827817574,0.42770605330260303,0.4355655318926889,0.4277060535184349,Spain
43,0.4313825272563685,0.3853988031283917,0.361218565438523,0.38502837818988733,0.3847693573863801,0.3936498111939304,0.3847693575281468,Spain
44,0.41162487251210467,0.36430938746952,0.33676248815647564,0.3640243593346889,0.36371795926821004,0.3719832717746308,0.3637179593613279,Spain
45,0.4172103846427286,0.37086929225583526,0.335065476630387,0.37067537577202936,0.37033299347178367,0.38045329129345723,0.3703329935329471,Spain
46,0.40054827840892915,0.35379410638621644,0.311913647880376,0.3535287934732643,0.35321953547739554,0.36457740185804605,0.35321953551757,Spain
47,0.390630091362664,0.34178184582086,0.2993172183890726,0.34179672393816707,0.3411806792930393,0.3511241839377475,0.3411806793194274,Spain
48,0.3222750360622116,0.27186493405120166,0.2356761565323684,0.27205610620667925,0.27124358135439974,0.2820684443385122,0.27124358137173243,Spain
49,0.3180806236759952,0.2671573403849346,0.23462301612585804,0.26758286664163244,0.2666216883990107,0.2755341366393366,0.26662168841039546,Spain
50,0.38098313889207835,0.329113085246575,0.29779883885880293,0.32926570757842855,0.3285026562494392,0.33860169307212273,0.3285026562569171,Spain
51,0.44436099326788325,0.392101791980106,0.3619449562240774,0.392101658450678,0.3914562354236282,0.40197721688839316,0.3914562354285399,Spain
52,0.5203692188009499,0.46827463629051913,0.43874235866350075,0.4681851565484594,0.4676232117555756,0.478364687638771,0.4676232117588018,Spain
53,0.6262158984387963,0.573337985536968,0.5476710311630302,0.573218780143919,0.5726630847221876,0.5803231849164534,0.5726630847243067,Spain
54,0.776521466003496,0.7227655773298013,0.7013922764841904,0.7227576775419194,0.7221016546413956,0.7269247269895349,0.7221016546427875,Spain
55,0.819347162230539,0.7649991623300018,0.7467322715713167,0.7650706082734179,0.7644380946848288,0.764519786277071,0.764438094685743,Spain
56,0.7342008631745376,0.6794295205786254,0.6617703020706995,0.6794198448788936,0.6788023700083188,0.6758341583692848,0.6788023700089194,Spain
57,0.6588594183925822,0.605325468936834,0.5831513269298251,0.6053116645821293,0.6046356372468388,0.6069421058253746,0.6046356372472332,Spain
58,0.6068893195031537,0.5531469192929042,0.5292208520951207,0.5531030984137346,0.5525636471315718,0.5566025104690155,0.5525636471318309,Spain
59,0.5365546876590359,0.48268270469949986,0.4610998330710955,0.4826348005362309,0.4819830670648575,0.4885352117571826,0.4819830670650277,Spain
60,0.6689042309709307,0.6152529991569617,0.592431480434751,0.615343593207307,0.6145015747614914,0.616430184278433,0.6145015747616032,Spain
61,0.762037697126356,0.7081183571592555,0.6847585728110172,0.708294755833133,0.707299725489423,0.706872281037926,0.7072997254894964,Spain
62,0.7681413125309624,0.713247375518967,0.6905486383882007,0.7137141912083661,0.7126593892532792,0.7104156084779831,0.7126593892533274,Spain
63,0.7361789439926489,0.6807379204535633,0.6617691679200379,0.6810959203741793,0.6801479552356964,0.6790562871011898,0.680147955235728,Spain
64,0.7363268905033364,0.6812174936503488,0.6596534845561486,0.6816774446755205,0.6807464821026734,0.6818998554025922,0.6807464821026942,Spain
65,0.6543203211629673,0.5994847191851145,0.5743798436538894,0.5997272850263156,0.5988849433594843,0.6009821974548899,0.5988849433594979,Spain
66,0.5263676971294606,0.4716045190594753,0.4517084565132106,0.47180683243629895,0.4709907442612211,0.4727871673261702,0.47099074426123,Spain
67,0.3728784469012648,0.31852041140119003,0.3035362375344117,0.318537446223434,0.31789275341525536,0.3244473218568807,0.31789275341526124,Spain
68,0.28110065524357797,0.22677323515974165,0.21012506877713097,0.22653861731217342,0.2260957280191884,0.23323638849514167,0.22609572801919225,Spain
69,0.24196604531427057,0.1876344141767071,0.16909156178693288,0.18734512541814013,0.18694785032621153,0.19237220797846796,0.18694785032621408,Spain
70,0.17467626667962238,0.11995293640405717,0.10570165820991018,0.11995759472273874,0.11934664473862053,0.12370041171622936,0.1193466447386222,Spain
71,0.20271670772084052,0.1483588458513206,0.13555572562253676,0.14853797220791642,0.1477315066236985,0.15111716786151053,0.1477315066236996,Spain
72,0.365064255129653,0.3098921896319768,0.29778237407985825,0.3099894922381625,0.3092426995946798,0.3160033388048705,0.30924269959468054,Spain
73,0.5449571737895568,0.4893162951559449,0.47576514823031457,0.48965251829646705,0.4888254708827501,0.4931383565385184,0.4888254708827506,Spain
74,0.6600461259058178,0.6052383034910551,0.586802185387935,0.6057424332798773,0.6048034760008817,0.6034386792148827,0.604803476000882,Spain
75,0.6567618329657166,0.6019524815393068,0.5834347343117103,0.6024222077615526,0.6014730712413101,0.6004901360431091,0.6014730712413103,Spain
76,0.633118026598748,0.5776806389671698,0.5589250463718873,0.5779798833025975,0.5770410112445268,0.5791574908798289,0.5770410112445268,Spain
77,0.6702285896259477,0.6139403195911181,0.5908115311466569,0.6143337149511832,0.6134160433002709,0.6162796375479,0.6134160433002709,Spain
78,0.6338243169946913,0.5777716307211629,0.5518282997388879,0.5781243702422325,0.5773417313246512,0.58041091259178,0.5773417313246512,Spain
79,0.5720675123786007,0.5165805716663157,0.48838256162869936,0.5169050765778691,0.5162812235937586,0.5202983710683993,0.5162812235937586,Spain
80,0.6257912648108626,0.5704719874064159,0.5393821273968076,0.5706001141579715,0.5701554557321565,0.5740387601181007,0.5701554557321565,Spain
81,0.6238465406698633,0.5683825840854617,0.5414190897567388,0.5682629335273476,0.5679444865422077,0.5714310923314425,0.5679444865422077,Spain
82,0.5719570829093945,0.5160263245472589,0.488942945596591,0.5158399600105683,0.5155117727912264,0.5179270313292098,0.5155117727912264,Spain
83,0.46321874445153416,0.4081764178088514,0.37943010331526855,0.40793351757060786,0.4076092884891373,0.4095377573544867,0.4076092884891373,Spain
84,0.3708088143428938,0.3147932423043097,0.2878658144471994,0.3145443673767886,0.3142847288717749,0.31642985033608356,0.3142847288717749,Spain
85,0.32722291690619193,0.2703310205447442,0.24398779625390013,0.2700196798559764,0.2697485003489528,0.27203802378783926,0.2697485003489528,Spain
86,0.36523763459145786,0.3077777950585552,0.28126757193920054,0.30757123604709197,0.30716606343331965,0.30990984918996717,0.30716606343331965,Spain
87,0.3820114583659866,0.3251211440630163,0.3038087137980851,0.3250133231532316,0.32451581826633885,0.33006682305011636,0.32451581826633885,Spain
88,0.41575925640055783,0.35905056378031663,0.33786861829054315,0.35903883289105776,0.358430542550371,0.3637127879991806,0.358430542550371,Spain
89,0.4198864445422539,0.3642922481154002,0.34062054293604427,0.36419967218616284,0.36355927439141733,0.36761471270519464,0.36355927439141733,Spain
90,0.3496269835901473,0.2938959668083147,0.27316302027868267,0.293726893720325,0.2931589607059559,0.2990444494450019,0.2931589607059559,Spain
91,0.3789014197878685,0.32250929346631063,0.3038889188832947,0.3224340040095874,0.32185598693639617,0.32727227287152616,0.32185598693639617,Spain
92,0.624215057844699,0.5677798495169026,0.5541060718416605,0.5676812765070197,0.5671461498991017,0.5687376638202475,0.5671461498991017,Spain
93,0.8162801272797773,0.7598137574001718,0.7489825422628473,0.7595554188198382,0.7590807911562034,0.7596955463666003,0.7590807911562034,Spain
94,0.9292455267252062,0.8741961910159807,0.8625306177247515,0.8739532233223144,0.8733736320790073,0.8726919355410024,0.8733736320790073,Spain
95,0.9326750556236927,0.8783581045476414,0.860900893708962,0.8781605976958273,0.8776478014181192,0.8769933019465124,0.8776478014181192,Spain
96,0.8827051236020486,0.8285472125976796,0.803204905080379,0.8284495839884725,0.8278288728077356,0.8270073389417951,0.8278288728077356,Spain
97,0.9155798731965699,0.8608479141975376,0.8312147709531097,0.8611314928969105,0.8602866023058531,0.8588685603100996,0.8602866023058531,Spain
98,0.93756644302596,0.8820977243684291,0.8586032469360267,0.882520759088256,0.8816721089250936,0.8790031469580208,0.8816721089250936,Spain
99,0.8764866694461781,0.8210598846030795,0.801716701481174,0.8214534382715113,0.8205564980025541,0.8159317091414908,0.8205564980025541,Spain
100,0.8370361123447629,0.7819853079248538,0.7598320535583719,0.7823233528356447,0.7813822260529606,0.7764654390887058,0.7813822260529606,Spain
101,0.8209805142925164,0.7658882905228575,0.7362658481285851,0.7661994284662621,0.7652349777633184,0.7611399030344731,0.7652349777633184,Spain
102,0.817656988116581,0.7625852892792295,0.7230047487360697,0.7630198608809446,0.762085970500058,0.758088678100906,0.762085970500058,Spain
103,0.8118774569319813,0.7566899135008949,0.7155197655324268,0.7571164423713599,0.7562101907774785,0.7531638891022291,0.7562101907774785,Spain
104,0.889017052679102,0.8338688343823798,0.7972522067389693,0.834107375002323,0.8332436394083849,0.8299405091430676,0.8332436394083849,Spain
105,0.8584282279292874,0.8024524810863516,0.7609290185930705,0.8026897957262749,0.8018270046864098,0.7976815477137832,0.8018270046864098,Spain
106,0.8233404878289287,0.7676435438690825,0.7295128266170285,0.7677814641383129,0.7670157330419982,0.7633556817183699,0.7670157330419982,Spain
107,0.8238739580310114,0.7679120091694027,0.7277953872618402,0.7680132322103429,0.7672150940118125,0.7625423880574338,0.7672150940118125,Spain
108,0.7886513733377705,0.7324099444740249,0.6875755657519036,0.7328367912750379,0.731878607432435,0.7273007228500743,0.731878607432435,Spain
109,0.7727313573879169,0.716583818165496,0.6777350920983671,0.716939148353049,0.7159868957265803,0.7114025794345525,0.7159868957265803,Spain
110,0.7340747828029147,0.6781248292889459,0.6476532090997944,0.6784661218001327,0.6774395281108561,0.6731901989619868,0.6774395281108561,Spain
111,0.7169764538888919,0.660617654304849,0.6372311047681632,0.6610805027089554,0.6600357089235614,0.6552229458632943,0.6600357089235614,Spain
112,0.6482684160285868,0.5914016769523447,0.5704702922032769,0.5918574602770379,0.5908126880622571,0.5867779557535997,0.5908126880622571,Spain
113,0.5287031393640126,0.4726057703043097,0.4547170115052727,0.47292474972832504,0.4719568450750846,0.46958637604604936,0.4719568450750846,Spain
114,0.4773136667527753,0.4213422668541946,0.4044057823528539,0.42148702761229195,0.42067688615566756,0.4209828235226505,0.42067688615566756,Spain
115,0.5081025057752294,0.45150578271241804,0.43508246630050607,0.45152431877321303,0.45083955038639745,0.452295536329646,0.45083955038639745,Spain
116,0.34364138740437034,0.28735286677668537,0.27491595610513697,0.2873907279762074,0.28670382542804407,0.29139673390062876,0.28670382542804407,Spain
117,0.22252169962996518,0.16643972357689774,0.1564190488662125,0.16650328225168304,0.1657978686045905,0.17239242555223808,0.1657978686045905,Spain
118,0.1384510375189865,0.0827967150600339,0.07497573454839969,0.08287715282829189,0.08215958037704031,0.09000321343173315,0.08215958037704031,Spain
119,0.06466024931916681,0.008530267732708235,0.003028418399731253,0.008590232436420486,0.008070732805983916,0.014112688737404677,0.008070732805983916,Spain
120,0.09620161037563374,0.0404558622614663,0.03284600120266884,0.040252208710981785,0.03990123769734266,0.04509908897603587,0.03990123769734266,Spain
121,0.18695374396499456,0.13029065880731228,0.11707038743233308,0.1301143464819892,0.12987894337162845,0.13527748784974558,0.12987894337162845,Spain
122,0.1832062478631768,0.12658351196005507,0.11177437694073461,0.12637144033342135,0.12606046567092483,0.13570748098741725,0.12606046567092483,Spain
123,0.2083502658395347,0.151556663100419,0.1380382009575694,0.1513702185050231,0.150971754183723,0.15870822720238692,0.150971754183723,Spain
124,0.2533132537787695,0.19634051297099295,0.18325790005284784,0.1961003601221462,0.19564067766523385,0.20391828835857453,0.19564067766523385,Spain
125,0.3221168467471782,0.2653346685111626,0.25329835716669225,0.2650854724209758,0.26462879024839864,0.2722805825200737,0.26462879024839864,Spain
126,0.44539857378104597,0.38798299753290716,0.3721735814837612,0.387723085891161,0.3872673679770776,0.39361464504513927,0.3872673679770776,Spain
127,0.5618469657020494,0.5050401953470115,0.4848420995424601,0.5049718133803034,0.5043248319110472,0.5092685835913513,0.5043248319110472,Spain
128,0.6527783135214067,0.5963381044404519,0.5770906056834526,0.596345318657217,0.595656565869661,0.5965192159603401,0.595656565869661,Spain
129,0.6240297150225813,0.5678924914949426,0.5474798726211771,0.5679112397409739,0.5671844111618353,0.5704461991928964,0.5671844111618353,Spain
130,0.7273520966866823,0.6715972303568547,0.6470352372003156,0.6716380366811217,0.6708836777377251,0.6726087841101187,0.6708836777377251,Spain
131,0.810439076764308,0.7548083353992847,0.7283244563652654,0.7548037919895971,0.7540474957216392,0.7547820621517601,0.7540474957216392,Spain
132,0.8867756522134651,0.8321303342753007,0.8051832724261803,0.832193939333738,0.8313978176846851,0.831321438150713,0.8313978176846851,Spain
133,0.8724971045602868,0.8178337076703723,0.7803987411716584,0.8180798304710966,0.8171125606393923,0.816145675698952,0.8171125606393923,Spain
134,0.8393685693988677,0.7843563770508326,0.7461777361418285,0.7849272306518286,0.7838826998503006,0.7829393528998478,0.7838826998503006,Spain
135,0.8047875377540399,0.749922451412538,0.7171261988527906,0.7505840419399057,0.7495724086869462,0.7477239935694611,0.7495724086869462,Spain
136,0.7872417180584412,0.7328132602129781,0.7064771106541876,0.7333209412230112,0.7323250143753772,0.7281731709280805,0.7323250143753772,Spain
137,0.7571730563690138,0.7024216277800381,0.6783436356627779,0.7027663770782444,0.7018286907639669,0.6952240218751211,0.7018286907639669,Spain
138,0.707754398248553,0.6525533371381478,0.6221786793998827,0.652835028353979,0.6519127789524464,0.6468857616272331,0.6519127789524464,Spain
139,0.658787198154936,0.6037086845151781,0.5693848785804636,0.6039921084929921,0.6030666620161179,0.5973436247127399,0.6030666620161179,Spain
140,0.5780027491422306,0.5225669868317235,0.49173261894687226,0.5228555839922558,0.5219128625276169,0.5194868334821079,0.5219128625276169,Spain
141,0.5906367483728548,0.5349536236629249,0.5017827033068973,0.5350875729036855,0.5342704684529481,0.5382077464940846,0.5342704684529481,Spain
142,0.7339425999394401,0.678051010056631,0.6506294409081648,0.6780277447690235,0.6773590447190319,0.6797713845891575,0.6773590447190319,Spain
143,0.7896129437223165,0.7338915386472251,0.7093724277584749,0.7338399104228095,0.7331669206374638,0.7338230440918498,0.7331669206374638,Spain
144,0.7278392846245245,0.6719099113128726,0.6482807640376866,0.6720192066410121,0.6711797449285106,0.670768252105559,0.6711797449285106,Spain
145,0.6586285870218131,0.6030679752164522,0.5837052561019671,0.6033450236222662,0.6024549119745881,0.6017143954166266,0.6024549119745881,Spain
146,0.5986158561517425,0.5438345507857552,0.5261734155651321,0.5439519958012706,0.5431740684363905,0.5396934185691646,0.5431740684363905,Spain
147,0.635083175227142,0.5803313084524704,0.5609883398969763,0.5804142367409513,0.5796612084277174,0.576688094787291,0.5796612084277174,Spain
148,0.6628928136342658,0.6080124866618026,0.5916519368418363,0.6082125160238794,0.6074121817470185,0.6034626278486401,0.6074121817470185,Spain
149,0.6678479067639167,0.6132878205294978,0.5982889124732463,0.6134270065342875,0.6125985487146526,0.6086671784041527,0.6125985487146526,Spain
150,0.6657697453437057,0.6100110147150152,0.5943164308617866,0.610159643842756,0.6093038133572785,0.6061246497601454,0.6093038133572785,Spain
151,0.658696616530938,0.6026345849875658,0.5859713215323759,0.6028661895940023,0.6020301226789383,0.5983999623737499,0.6020301226789383,Spain
152,0.6896257951960854,0.6336533923838014,0.6196411725345682,0.6338702021763385,0.6330099421106911,0.6288568401359373,0.6330099421106911,Spain
153,0.6297144825875676,0.5745018743240387,0.5553285804911992,0.574593165327695,0.5737793594617933,0.5704336995107334,0.5737793594617933,Spain
154,0.5867597292451749,0.53103454629855,0.5032790639452248,0.5311278500439789,0.5302612579700126,0.5299048223423841,0.5302612579700126,Spain
155,0.5685035585357965,0.5122285590180734,0.48415918505501215,0.5124030180854755,0.5115274775686162,0.510521892532364,0.5115274775686162,Spain
156,0.5137345033959179,0.4571652767893898,0.43057031611094504,0.4574471053257936,0.4564828979442623,0.452197282794082,0.4564828979442623,Spain
157,0.38699288979950597,0.3302486785245933,0.30727738439029134,0.3306160295330522,0.32956030923337626,0.32803450277535323,0.32956030923337626,Spain
158,0.2933693951372298,0.23696484643125848,0.21831020974993937,0.23738837189985573,0.23627254238386594,0.23655948478168776,0.23627254238386594,Spain
159,0.2584338448253806,0.2018754540340851,0.18558506680659345,0.20230359672305584,0.20132620595473064,0.2042951572743821,0.20132620595473064,Spain
160,0.3421879853332175,0.2860619522397643,0.26581914988340793,0.2863031711585318,0.28547030936239637,0.2899629697224537,0.28547030936239637,Spain
161,0.39227041680848296,0.3362712716284456,0.3149407381884728,0.33655689443304226,0.3357910467575962,0.34051232506699847,0.3357910467575962,Spain
162,0.4607931368122541,0.40550038645767494,0.38488676126127946,0.4057046421035379,0.40493152032314517,0.41058413581460457,0.40493152032314517,Spain
163,0.5353309355816191,0.48018668578478274,0.45619687632454514,0.4804830546079186,0.47963822416626906,0.48374809435132554,0.47963822416626906,Spain
164,0.5061003047240649,0.45072470778973595,0.42608988021252436,0.4508898337652888,0.4500406534616913,0.4542860442450216,0.4500406534616913,Spain
165,0.35680716307683036,0.3017168065809759,0.28361234655774414,0.30185619087060095,0.30103770840621913,0.3084282138353291,0.30103770840621913,Spain
166,0.2912807572964918,0.23593257526758435,0.22193996711796024,0.23620916549771168,0.23542137429146465,0.24151792808653813,0.23542137429146465,Spain
167,0.4581770160868812,0.4027636312902104,0.389014018649547,0.40283757759711664,0.40230560344605537,0.4122605397603904,0.40230560344605537,Spain
168,0.5306585014227181,0.4752179779656205,0.45649093607599556,0.47515476991541894,0.4747016931261788,0.4812444697892607,0.4747016931261788,Spain
169,0.5796702796531064,0.524559544208285,0.49991026207087724,0.5246896508019852,0.5240294613623799,0.5269567934968276,0.5240294613623799,Spain
170,0.7147835642489127,0.6600434620076582,0.6350144977459387,0.6603440058868689,0.6594770641222719,0.6594883108527053,0.6594770641222719,Spain
171,0.7496105201048444,0.6947323062507758,0.6709768673983372,0.695158775555665,0.6941769392259245,0.6918169041181006,0.6941769392259245,Spain
172,0.6652984926754582,0.6109592316115813,0.5902269643035167,0.6114140005373236,0.6103926727566333,0.6060679661799564,0.6103926727566333,Spain
173,0.6084284540460381,0.5542797189809088,0.5379748636996097,0.5546906958315595,0.5536514264084473,0.5505486747722905,0.5536514264084473,Spain
174,0.5329285476732485,0.4786282288716792,0.46400545092417567,0.4790254813548667,0.4779928068604101,0.47571903020426276,0.4779928068604101,Spain
175,0.4556574731025108,0.40050001760857695,0.3842605640437413,0.4008568131830444,0.39984025634158527,0.3997177020111642,0.39984025634158527,Spain
176,0.4347272072026791,0.37949227876522484,0.3604890218139879,0.3798048716144059,0.378830993402127,0.38337119810713033,0.378830993402127,Spain
177,0.4595275504754015,0.40449105678690717,0.3829042637472221,0.4048280075831675,0.40385538340707633,0.408883275378568,0.40385538340707633,Spain
178,0.3610025721891786,0.30504163253188776,0.2824934978770286,0.30536597065220894,0.3043962682695929,0.3099963830441125,0.3043962682695929,Spain
179,0.30255351330420366,0.2468163679839139,0.22148651384453127,0.24710185355434172,0.24612158713279514,0.25333042546663337,0.24612158713279514,Spain
180,0.3181183396010363,0.2622525008829275,0.23372830052279184,0.2626058250005877,0.26166226259844994,0.2675234284005694,0.26166226259844994,Spain
181,0.22409293332470415,0.1687766594713213,0.14280445236046277,0.16901761538276494,0.1681395299421332,0.1740310014724853,0.1681395299421332,Spain
182,0.1439286701359133,0.08822110044963885,0.06597949549710097,0.08862818298415942,0.08765595879249638,0.09274370669367626,0.08765595879249638,Spain
183,0.15556864968261652,0.0993740075160057,0.07748721334643788,0.09955457664533574,0.09885079950260361,0.108368305198771,0.09885079950260361,Spain
184,0.1972767511827005,0.14135576218156876,0.12016005903167895,0.14153355586511904,0.1409580247453963,0.14909597252161227,0.1409580247453963,Spain
185,0.2767815349711659,0.22130672941276372,0.20299073476292243,0.221382923290746,0.2208187755453003,0.2282574893495401,0.2208187755453003,Spain
186,0.30231366112438274,0.24708768299421033,0.23313370467953515,0.24707634590360564,0.24653333002655176,0.2533586046718592,0.24653333002655176,Spain
187,0.228702649391406,0.17437358048458704,0.16398087907170886,0.1743385756465824,0.17379783818871264,0.18016709889417185,0.17379783818871264,Spain
188,0.14358708018989969,0.08948953462395458,0.08062366384945013,0.08952363493819011,0.08906065001273272,0.09631898704849853,0.08906065001273272,Spain
189,0.1082538251376638,0.05407914928056523,0.03822215350308111,0.053889453684667576,0.05354260382476389,0.06203841030153978,0.05354260382476389,Spain
190,0.16116749365665906,0.10714341590012227,0.07918987494704599,0.10672984084710219,0.10647950027141123,0.11677847658946372,0.10647950027141123,Spain
191,0.24838425821322185,0.19465049692863223,0.16102982470204263,0.1941931996394114,0.19397284492764974,0.20674704729465876,0.19397284492764974,Spain
192,0.31788489237032147,0.26412076737863155,0.23230683863165535,0.26370599690956903,0.2634678764801349,0.2780579180702428,0.2634678764801349,Spain
193,0.5375101866664058,0.4834294204156441,0.45846852646441405,0.48319424755007334,0.4829038914642645,0.4894085514144493,0.4829038914642645,Spain
194,0.6620381484779339,0.6074929507295331,0.5837880133346532,0.6073259019441218,0.6068888503562913,0.6097779514836109,0.6068888503562913,Spain
195,0.7410284517043998,0.6871038647572458,0.6659363440027177,0.6872344188503775,0.6864959480227406,0.6862746979982342,0.6864959480227406,Spain
196,0.7879051485027195,0.7337451999687389,0.7141383828549371,0.7339384766764866,0.7331673570344746,0.7305719080048554,0.7331673570344746,Spain
197,0.7638068649424125,0.7093143079012092,0.6919622556275666,0.7094170435520836,0.7086397134834628,0.7045361436235662,0.7086397134834628,Spain
198,0.6918696793398775,0.6367525083085063,0.6173174948979478,0.6368293626882414,0.636064550428499,0.6330618787289641,0.636064550428499,Spain
199,0.654979307378049,0.6005261311770045,0.57550234696363,0.6007090960837528,0.5999358351337929,0.5967557990080993,0.5999358351337929,Spain
200,0.6666200287554824,0.612105854064328,0.5843486823921189,0.6122292265694312,0.6114148745929848,0.6102819630087344,0.6114148745929848,Spain
201,0.6494891937395408,0.5952864968919902,0.5703961033248122,0.5954517904475614,0.5945731060610107,0.5924204795511795,0.5945731060610107,Spain
202,0.46336347193049626,0.40860707594246254,0.38715766716745675,0.40877345241734014,0.4078937941429052,0.4093284487827848,0.4078937941429052,Spain
203,0.3191993249324747,0.26426466714833763,0.2441319291718077,0.26435226653496013,0.2634632101277221,0.26858722392315093,0.2634632101277221,Spain
204,0.19338336971883588,0.1384001713575772,0.12297910103732712,0.13869372945982766,0.1377488334314542,0.14228304282702287,0.1377488334314542,Spain
205,0.15848849366747514,0.10357656961866424,0.08763831483341294,0.10394701572588122,0.1029237808132869,0.10740077825533023,0.1029237808132869,Spain
206,0.1944174577039208,0.1389870150542042,0.12213474754988132,0.13929491603910124,0.138320742824928,0.1435413060014551,0.138320742824928,Spain
207,0.12914452617939898,0.07446808122890708,0.05976514355715776,0.07460231925880956,0.07380384165289255,0.08330329102242301,0.07380384165289255,Spain
208,0.16647977539065206,0.11207564227122635,0.0963789591286287,0.11217101054250822,0.11139354122282963,0.12314397483210282,0.11139354122282963,Spain
209,0.2526460723760401,0.19853061188971094,0.18030198011270723,0.1986896787973294,0.19784778715587722,0.20668694926041917,0.19784778715587722,Spain
210,0.3269239608021802,0.2732333373871092,0.2527853155530499,0.2734477931899443,0.27255116342858715,0.27917474402620535,0.27255116342858715,Spain
211,0.3673018465788284,0.3134588990434501,0.29159023989996113,0.3136869158906237,0.31274549916425015,0.32051801542009295,0.31274549916425015,Spain
212,0.37998735870164646,0.32603209291717816,0.3011499623069991,0.32629532482687196,0.3253334236893447,0.33305752724666193,0.3253334236893447,Spain
