time,lwe_thickness,hotspot,tp,t2m,Cropland area,Population,EVI,discharge
April 2002,0.6905401647730364,USHighPlain,0.512315270935904,0.768472906403941,0.7044334975369457,0.9753694581280788,0.1477832512315271,0.09852216748768473
May 2002,0.7445663829284033,USHighPlain,0.3645320197044335,0.29556650246305394,0.5369458128078818,0.9655172413793104,0.13793103448275862,0.029556650246305417
June 2002,999.0,USHighPlain,0.18226600985221675,0.8571428571428572,0.4088669950738916,0.9605911330049262,0.08866995073891626,0.0049261083743842365
July 2002,999.0,USHighPlain,0.28078817733990147,0.6650246305418719,0.3054187192118227,0.9507389162561577,0.009852216748768473,0.024630541871921183
August 2002,0.4492246409649898,USHighPlain,0.6650246305418719,0.4827586206896552,0.22660098522167488,0.940886699507389,0.029556650246305417,0.2660098522167488
September 2002,0.5202924881030904,USHighPlain,0.04926108374384237,0.4975369458128079,0.12807881773399016,0.9359605911330049,0.2660098522167488,0.26108374384236455
October 2002,0.507394384165678,USHighPlain,0.7536945812807881,0.009852216748768473,0.034482758620689655,0.9261083743842364,0.5714285714285714,0.6354679802955665
November 2002,0.7308277105766744,USHighPlain,0.2857142857142857,0.270935960591133,0.014778325123152709,0.9162561576354681,0.4630541871921182,0.7044334975369456
December 2002,0.5764830504866254,USHighPlain,0.5911330049261084,0.6551724137931034,0.0,0.9064039408866995,0.8719211822660099,0.5123152709359606
January 2003,0.46370158324726773,USHighPlain,0.4433497536945813,0.6699507389162561,0.0049261083743842365,0.896551724137931,0.8423645320197046,0.37438423645320196
February 2003,0.41829635581890673,USHighPlain,0.6945812807881774,0.15763546798029557,0.009852216748768473,0.8866995073891626,0.7931034482758621,0.4482758620689655
March 2003,0.5073888706760763,USHighPlain,0.5862068965517238,0.45812807881773887,0.019704433497536946,0.8768472906403941,0.7487684729064039,0.39408866995073893
April 2003,0.4597832148410106,USHighPlain,0.7832512315270936,0.7192118226600985,0.024630541871921183,0.8719211822660078,0.9507389162561577,0.41379310344827586
May 2003,0.4285714285714286,USHighPlain,0.5270935960591133,0.33497536945812806,0.029556650246305417,0.8620689655172414,0.9852216748768473,0.3497536945812808
June 2003,999.0,USHighPlain,0.9655172413793104,0.059113300492610835,0.03940886699507389,0.8522167487684729,0.7783251231527087,0.3694581280788177
July 2003,0.3940333425791242,USHighPlain,0.07389162561576355,0.7536945812807881,0.04433497536945813,0.8423645320197047,0.12807881773398996,0.21182266009852216
August 2003,0.27915240186688145,USHighPlain,0.5320197044334976,0.7931034482758621,0.09359605911330049,0.8374384236453202,0.034482758620689655,0.1330049261083744
September 2003,0.3869160015001978,USHighPlain,0.14285714285714285,0.10837438423645321,0.15763546798029557,0.8275862068965517,0.26108374384236455,0.5960591133004918
October 2003,0.3153112703952052,USHighPlain,0.014778325123152709,0.7438423645320197,0.18226600985221675,0.8177339901477833,0.6059113300492607,0.17733990147783252
November 2003,0.33336357306951586,USHighPlain,0.5714285714285714,0.33990147783251234,0.2019704433497537,0.8078817733990148,0.6305418719211823,0.2019704433497537
December 2003,0.2937344870206387,USHighPlain,0.5960591133004922,0.7832512315270936,0.23645320197044334,0.8029556650246306,0.7733990147783252,0.28078817733990147
January 2004,0.3247881600194226,USHighPlain,0.7044334975369457,0.6059113300492611,0.28078817733990147,0.7931034482758621,0.6896551724137931,0.2561576354679803
February 2004,0.30279361785379594,USHighPlain,0.8226600985221669,0.15270935960591134,0.33004926108374383,0.7832512315270936,0.16748768472906403,0.32019704433497537
March 2004,0.3504361222731131,USHighPlain,0.7586206896551724,0.9359605911330049,0.3842364532019705,0.7783251231526779,0.5172413793103449,0.7438423645320197
April 2004,0.3448372064388466,USHighPlain,0.6403940886699507,0.6403940886699507,0.45320197044334976,0.7635467980295566,0.768472906403941,0.1724137931034483
May 2004,0.22122258186356028,USHighPlain,0.14778325123152344,0.8522167487684729,0.5123152709359606,0.7586206896551724,0.5320197044334976,0.08374384236453201
June 2004,0.2708868378240873,USHighPlain,0.9458128078817734,0.09359605911330042,0.58128078817734,0.7487684729064038,0.12315270935960591,0.1625615763546798
July 2004,0.44824482730841164,USHighPlain,0.9211822660098522,0.08374384236453201,0.6748768472906407,0.7389162561576355,0.6699507389162561,0.6945812807881774
August 2004,0.46815556803543557,USHighPlain,0.38916256157635454,0.054187192118226604,0.8078817733990148,0.729064039408867,0.7389162561576355,0.3004926108374384
September 2004,0.4227757579800664,USHighPlain,0.15763546798029557,0.7142857142857143,0.8620689655172414,0.7241379310344829,0.45320197044334976,0.645320197044335
October 2004,0.43874042844171723,USHighPlain,0.16748768472906403,0.47783251231527096,0.9064039408866995,0.7142857142857143,0.6995073891625616,0.5270935960591133
November 2004,0.6976287456848936,USHighPlain,0.9753694581280788,0.4876847290640394,0.9655172413793104,0.7044334975369457,0.5812807881773401,0.6502463054187192
December 2004,0.5956092336797351,USHighPlain,0.32019704433497537,0.8078817733990148,1.0,0.6945812807881774,0.8374384236453202,0.6650246305418719
January 2005,0.7518806447046814,USHighPlain,0.8620689655172414,0.43842364532019706,0.9950738916256158,0.6896551724137931,0.43349753694581283,0.7536945812807881
February 2005,0.7618676545412856,USHighPlain,0.7635467980295566,0.9113300492610837,0.9901477832512313,0.6798029556650247,0.9211822660098522,0.768472906403941
March 2005,0.5223026575510965,USHighPlain,0.4975369458128079,0.6157635467980296,0.9802955665024631,0.6699507389162561,0.9408866995073889,0.4039408866995074
April 2005,0.6240936788533149,USHighPlain,0.6009852216748769,0.6009852216748768,0.9704433497536946,0.6650246305418719,0.9901477832512315,0.22167487684729065
May 2005,0.30987499100795846,USHighPlain,0.30049261083743845,0.4039408866995074,0.9556650246305419,0.6551724137931028,0.8669950738916257,0.12315270935960591
June 2005,0.3981525391930959,USHighPlain,0.896551724137931,0.45320197044334976,0.9458128078817734,0.645320197044335,0.7586206896551724,0.8275862068965517
July 2005,0.2969639947745369,USHighPlain,0.4039408866995074,0.49261083743842365,0.9359605911330049,0.6403940886699507,0.35467980295566504,0.2955665024630542
August 2005,0.33989925744952226,USHighPlain,0.9113300492610837,0.32019704433497537,0.9211822660098522,0.6305418719211823,0.33004926108374383,0.5665024630541872
September 2005,0.3252067183957215,USHighPlain,0.009852216748768473,0.8768472906403941,0.9113300492610837,0.6206896551724138,0.3842364532019705,0.4975369458128079
October 2005,0.27098534177341915,USHighPlain,0.11330049261083744,0.43349753694581283,0.896551724137931,0.6059113300492611,0.33990147783251234,0.5320197044334976
November 2005,0.25029040267674924,USHighPlain,0.5221674876847291,0.8817733990147784,0.8866995073891626,0.6009852216748768,0.5369458128078818,0.3054187192118227
December 2005,0.22556250450267565,USHighPlain,0.33990147783251234,0.2512315270935958,0.8719211822660099,0.58128078817734,0.6157635467980296,0.6009852216748768
January 2006,0.20747417333776333,USHighPlain,0.4827586206896552,0.9950738916256158,0.842364532019705,0.5714285714285714,0.9704433497536946,0.4876847290640394
February 2006,0.12544739857040627,USHighPlain,0.25123152709359603,0.5714285714285714,0.7733990147783252,0.5615763546798029,0.9458128078817734,0.2857142857142857
March 2006,0.09368177156366289,USHighPlain,0.8423645320197088,0.645320197044335,0.6650246305418719,0.5467980295566502,0.45812807881773415,0.4729064039408867
April 2006,0.23196252318759694,USHighPlain,0.47783251231527096,0.9753694581280788,0.5911330049261082,0.5320197044334976,0.49261083743842365,0.33497536945812806
May 2006,0.08363254203923241,USHighPlain,0.059113300492610835,0.812807881773399,0.5320197044334976,0.5221674876847291,0.14285714285714285,0.034482758620689655
June 2006,0.052812504724733735,USHighPlain,0.18719211822660098,0.8275862068965517,0.4827586206896552,0.5123152709359604,0.054187192118226604,0.019704433497536946
July 2006,0.034674496123311506,USHighPlain,0.35467980295566504,0.7783251231527094,0.4236453201970443,0.502463054187189,0.06403940886699508,0.059113300492610835
August 2006,0.09165467205219845,USHighPlain,0.9310344827586207,0.4433497536945813,0.3694581280788177,0.4876847290640394,0.18226600985221675,0.35960591133004927
September 2006,0.18612853862354778,USHighPlain,0.19704433497536947,0.04433497536945813,0.3251231527093596,0.47783251231527096,0.6847290640394089,0.7192118226600985
October 2006,0.19567931831196003,USHighPlain,0.09359605911330049,0.2019704433497537,0.2857142857142857,0.46798029556650245,0.7192118226600985,0.29064039408866993
November 2006,0.21389790679859746,USHighPlain,0.3103448275862069,0.6896551724137931,0.2512315270935961,0.45320197044334976,0.645320197044335,0.23645320197044334
December 2006,0.23737434415883354,USHighPlain,0.9852216748768473,0.8177339901477833,0.21182266009852216,0.4433497536945813,0.3251231527093596,0.4187192118226601
January 2007,0.35792088919851556,USHighPlain,0.7192118226600985,0.09852216748768473,0.26108374384236455,0.43349753694581283,0.014778325123152709,0.7832512315270936
February 2007,0.3671943343112873,USHighPlain,0.6157635467980296,0.14778325123152702,0.3103448275862069,0.4236453201970443,0.10344827586206896,0.8472906403940886
March 2007,0.2857142857142857,USHighPlain,0.9605911330049262,0.9852216748768473,0.3497536945812808,0.4088669950738916,0.9261083743842364,0.8768472906403941
April 2007,0.5840511492986757,USHighPlain,0.8325123152709359,0.12315270935960591,0.41379310344827586,0.4039408866995074,0.9655172413793104,0.9704433497536946
May 2007,0.49438644584202085,USHighPlain,0.9014778325123153,0.6206896551724138,0.47783251231527096,0.39901477832512317,1.0,0.9802955665024631
June 2007,0.6657011925084271,USHighPlain,0.8177339901477833,0.23645320197044334,0.5517241379310345,0.3891625615763547,0.9802955665024631,0.9310344827586207
July 2007,0.7279812194071367,USHighPlain,0.4482758620689655,0.3251231527093596,0.6157635467980296,0.3842364532019705,0.6748768472906419,0.7339901477832512
August 2007,0.5714285714285714,USHighPlain,0.645320197044335,0.8029556650246306,0.748768472906402,0.3743842364532019,0.4975369458128079,0.9458128078817734
September 2007,0.6203936636266173,USHighPlain,0.04433497536945813,0.6502463054187192,0.8325123152709359,0.3645320197044335,0.4236453201970443,0.7389162561576355
October 2007,0.6836379733692509,USHighPlain,0.22167487684729065,0.7980295566502478,0.8817733990147784,0.35960591133004927,0.5517241379310345,0.8522167487684729
November 2007,0.5649401867267272,USHighPlain,0.21182266009852216,0.7339901477832512,0.9310344827586207,0.3497536945812808,0.6551724137931033,0.46798029556650245
December 2007,0.6429388305349082,USHighPlain,0.9064039408866995,0.07389162561576355,0.9852216748768473,0.33990147783251234,0.0049261083743842365,0.5862068965517242
January 2008,0.631421894794619,USHighPlain,0.4285714285714286,0.4285714285714286,0.9753694581280788,0.33497536945812806,0.07389162561576355,0.6995073891625616
February 2008,0.5352549665280506,USHighPlain,0.6305418719211823,0.37438423645320196,0.9605911330049262,0.33004926108374383,0.46798029556650245,0.6206896551724138
March 2008,0.6550929132753364,USHighPlain,0.5073891625615764,0.5073891625615315,0.9507389162561577,0.31527093596059114,0.39901477832512333,0.4827586206896552
April 2008,0.6018071595333496,USHighPlain,0.7980295566502464,0.1625615763546798,0.9408866995073887,0.3054187192118227,0.2512315270935959,0.5714285714285714
May 2008,0.5606967458854112,USHighPlain,0.8768472906403941,0.35467980295566504,0.9261083743842364,0.29064039408866993,0.4285714285714286,0.45320197044334976
June 2008,0.7914251094467362,USHighPlain,0.7339901477832512,0.4236453201970443,0.916256157635468,0.28078817733990147,0.2857142857142857,0.9014778325123153
July 2008,0.7377663462720575,USHighPlain,0.43842364532019706,0.41379310344827586,0.9014778325123153,0.2660098522167488,0.270935960591133,0.6059113300492611
August 2008,0.7192178701175945,USHighPlain,0.7438423645320197,0.20689655172413793,0.8916256157635468,0.2561576354679803,0.5615763546798029,0.729064039408867
September 2008,0.8736057363517405,USHighPlain,0.31527093596059114,0.14285714285714285,0.8768472906403941,0.2512315270935961,0.7881773399014779,0.8177339901477833
October 2008,0.8275379849614317,USHighPlain,0.8275862068965517,0.28078817733990147,0.8669950738916257,0.2315270935960591,0.4482758620689655,0.9753694581280788
November 2008,0.9006459729784108,USHighPlain,0.4187192118226601,0.5911330049261084,0.8571428571428572,0.22660098522167488,0.5123152709359606,0.916256157635468
December 2008,0.819996395922805,USHighPlain,0.4729064039408867,0.21182266009852216,0.8522167487684729,0.2019704433497537,0.625615763546798,0.7783251231527075
January 2009,0.8571428571428572,USHighPlain,0.3842364532019705,0.7093596059113301,0.8472906403940886,0.19211822660098524,0.7980295566502468,0.6157635467980296
February 2009,0.7142857142857143,USHighPlain,0.46798029556650245,0.9261083743842364,0.8275862068965517,0.19704433497536947,0.8029556650246306,0.6699507389162561
March 2009,0.6473940156058285,USHighPlain,0.43349753694581283,0.7044334975369457,0.822660098522167,0.14285714285714285,0.4433497536945813,0.31527093596059114
April 2009,0.838804851941377,USHighPlain,0.9359605911330049,0.22660098522167488,0.8029556650246306,0.1477832512315271,0.2019704433497537,0.812807881773399
May 2009,0.7849892051245415,USHighPlain,0.13793103448275862,0.3694581280788177,0.7832512315270936,0.11822660098522167,0.5566502463054187,0.541871921182266
June 2009,0.8470813816473,USHighPlain,0.9507389162561577,0.35960591133004927,0.7586206896551724,0.13793103448275862,0.9359605911330049,0.8374384236453202
July 2009,0.7683314905982577,USHighPlain,0.7142857142857143,0.12807881773399013,0.7389162561576355,0.10344827586206896,0.9162561576354681,0.7980295566502463
August 2009,0.8099090427755571,USHighPlain,0.7931034482758621,0.16748768472906403,0.7192118226600985,0.11330049261083744,0.9064039408866995,0.8669950738916257
September 2009,0.8920770855951363,USHighPlain,0.09852216748768473,0.11330049261083744,0.6847290640394089,0.12807881773399016,0.5763546798029556,0.7586206896551724
October 2009,0.9458213796832814,USHighPlain,0.8866995073891626,0.0,0.6600985221674877,0.09359605911330049,0.19704433497536947,0.9655172413793104
November 2009,0.9653893539772203,USHighPlain,0.3793103448275862,0.8669950738916257,0.6354679802955665,0.10837438423645321,0.22167487684729065,0.9950738916256158
December 2009,0.9828424333770829,USHighPlain,0.7783251231527092,0.0049261083743842365,0.6206896551724138,0.07389162561576355,0.04433497536945813,0.9211822660098522
January 2010,0.9922495712748016,USHighPlain,0.6206896551724138,0.10344827586206896,0.625615763546798,0.08374384236453201,0.10837438423645321,0.8916256157635469
February 2010,1.0,USHighPlain,0.6699507389162561,0.024630541871921183,0.6403940886699507,0.12315270935960591,0.07881773399014778,0.8423645320197045
March 2010,0.9879215795081542,USHighPlain,0.6748768472906406,0.5024630541871922,0.6551724137931033,0.059113300492610835,0.29064039408866993,0.9901477832512308
April 2010,0.9762819244838206,USHighPlain,0.6502463054187192,0.8325123152709359,0.6699507389162561,0.06896551724137931,0.8177339901477833,0.9359605911330049
May 2010,0.9354430982520833,USHighPlain,0.6108374384236454,0.2413793103448276,0.6945812807881774,0.06403940886699508,0.8275862068965517,0.8620689655172414
June 2010,0.9300261140935278,USHighPlain,0.8719211822660098,0.7487684729064032,0.7093596059113301,0.09852216748768473,0.8916256157635474,1.0
July 2010,0.9583291726940539,USHighPlain,0.8817733990147784,0.3448275862068966,0.724137931034483,0.08866995073891626,0.9753694581280788,0.9852216748768473
August 2010,0.9693874069885962,USHighPlain,0.37438423645320007,0.7586206896551724,0.7438423645320197,0.1330049261083744,0.6403940886699507,0.9113300492610837
September 2010,0.9533042847852536,USHighPlain,0.08866995073891626,0.6600985221674877,0.7536945812807881,0.1625615763546798,0.2561576354679803,0.8719211822660099
October 2010,0.8631876054316252,USHighPlain,0.0049261083743842365,0.7635467980295566,0.768472906403941,0.15270935960591134,0.3793103448275862,0.5172413793103449
November 2010,0.9046032178546376,USHighPlain,0.5763546798029556,0.5221674876847291,0.7881773399014779,0.17733990147783252,0.47783251231527096,0.5763546798029562
December 2010,0.803946899017323,USHighPlain,0.33497536945812806,0.3990147783251233,0.7931034482758621,0.16748768472906403,0.7339901477832512,0.4285714285714286
January 2011,999.0,USHighPlain,0.5615763546798029,0.11822660098522167,0.6896551724137931,0.18719211822660098,0.09359605911330049,0.5073891625615763
February 2011,0.833324862151349,USHighPlain,0.6551724137931033,0.13793103448275862,0.5960591133004927,0.21674876847290642,0.6502463054187192,0.7487684729064038
March 2011,0.7798197787750635,USHighPlain,0.2561576354679803,0.6354679802955665,0.5467980295566502,0.18226600985221675,0.3497536945812808,0.5615763546798029
April 2011,0.8474416738417571,USHighPlain,0.5665024630541872,0.6108374384236454,0.49261083743842365,0.20689655172413793,0.1724137931034483,0.49261083743842365
May 2011,0.6744730068783638,USHighPlain,0.7389162561576355,0.30049261083743845,0.43842364532019706,0.22167487684729065,0.059113300492610835,0.7093596059113301
June 2011,999.0,USHighPlain,0.17733990147783252,0.8374384236453202,0.3793103448275862,0.2413793103448276,0.1330049261083744,0.9507389162561577
July 2011,0.7971149812213257,USHighPlain,0.23645320197044334,0.9211822660098522,0.33497536945812806,0.24630541871921183,0.3054187192118227,0.9556650246305419
August 2011,0.6787898513729587,USHighPlain,0.4630541871921182,0.8620689655172414,0.29064039408867,0.26108374384236455,0.32019704433497537,0.8029556650246306
September 2011,0.6603546097136664,USHighPlain,0.0,0.2660098522167488,0.25615763546798004,0.27586206896551724,0.1625615763546798,0.6108374384236454
October 2011,0.4095918708451044,USHighPlain,0.08374384236453201,0.5615763546798029,0.21674876847290642,0.2857142857142857,0.20689655172413793,0.5911330049261084
November 2011,0.4043862782548126,USHighPlain,0.768472906403941,0.5862068965517241,0.17733990147783252,0.30049261083743845,0.33497536945812806,0.6896551724137931
December 2011,999.0,USHighPlain,0.8669950738916257,0.38916256157635404,0.14778325123152583,0.3103448275862069,0.5960591133004927,0.6748768472906413
January 2012,0.5407031296071374,USHighPlain,0.35960591133004927,0.9655172413793104,0.13793103448275862,0.3251231527093596,0.8522167487684729,0.5566502463054187
January 2012,0.5877783307194951,USHighPlain,0.3497536945812808,0.9605911330049262,0.1330049261083744,0.0,0.8472906403940886,0.5517241379310345
February 2012,0.47543803208803403,USHighPlain,0.8522167487684729,0.6945812807881774,0.12315270935960591,0.009852216748768473,0.5467980295566502,0.6551724137931033
March 2012,0.5485915035018143,USHighPlain,0.541871921182266,1.0,0.11330049261083744,0.0049261083743842365,0.8620689655172414,0.3251231527093596
April 2012,0.5006522102956047,USHighPlain,0.7487684729064039,0.9408866995073878,0.10837438423645321,0.014778325123152709,0.9950738916256158,0.11822660098522167
May 2012,999.0,USHighPlain,0.03940886699507389,0.9162561576354682,0.09852216748768473,0.019704433497536946,0.3645320197044335,0.014778325123152709
June 2012,0.25554125302067865,USHighPlain,0.06896551724137931,0.9064039408866995,0.08866995073891626,0.024630541871921183,0.08374384236453201,0.0
July 2012,0.10000055925022726,USHighPlain,0.054187192118226604,0.9310344827586207,0.07881773399014778,0.029556650246305417,0.019704433497536946,0.009852216748768473
August 2012,0.07017103274165139,USHighPlain,0.295566502463054,0.5123152709359606,0.07389162561576355,0.034482758620689655,0.0,0.03940886699507389
September 2012,0.07574207398344704,USHighPlain,0.019704433497536946,0.5517241379310345,0.06896551724137931,0.03940886699507389,0.024630541871921183,0.07389162561576355
October 2012,999.0,USHighPlain,0.029556650246305417,0.17733990147783252,0.059113300492610835,0.04433497536945813,0.09852216748768473,0.06403940886699508
November 2012,0.0330607453231807,USHighPlain,0.22660098522167488,0.9014778325123153,0.054187192118226604,0.04926108374384237,0.15270935960591134,0.08866995073891626
December 2012,0.0,USHighPlain,0.581280788177341,0.7389162561576355,0.04926108374384237,0.054187192118226604,0.4088669950738916,0.12807881773399016
January 2013,0.005722112444864703,USHighPlain,0.5566502463054187,0.6748768472906403,0.06403940886699508,0.07881773399014778,0.4876847290640394,0.18226600985221675
February 2013,0.012060423997672385,USHighPlain,0.8472906403940886,0.39408866995073893,0.08374384236453201,0.1724137931034483,0.5221674876847291,0.16748768472906403
March 2013,999.0,USHighPlain,0.270935960591133,0.19704433497536947,0.10344827586206896,0.15763546798029557,0.2315270935960591,0.15763546798029557
April 2013,0.0672614998648461,USHighPlain,0.6847290640394089,0.034482758620689655,0.11822660098522167,0.21182266009852216,0.04926108374384237,0.1477832512315271
May 2013,0.060629381516656776,USHighPlain,0.41379310344827586,0.3497536945812808,0.14285714285714285,0.23645320197044334,0.06896551724137931,0.19704433497536947
June 2013,0.15979870309123234,USHighPlain,0.19211822660098524,0.5763546798029568,0.15270935960591134,0.270935960591133,0.24630541871921183,0.10837438423645321
July 2013,0.04375506940805069,USHighPlain,0.6995073891625616,0.27586206896551724,0.1625615763546798,0.2955665024630541,0.3103448275862069,0.10344827586206896
August 2013,999.0,USHighPlain,0.7881773399014779,0.33004926108374383,0.16748768472906403,0.32019704433497537,0.9310344827586207,0.43842364532019706
September 2013,999.0,USHighPlain,0.07881773399014778,0.8423645320197045,0.1724137931034483,0.3448275862068966,0.6798029556650247,0.4236453201970443
October 2013,0.15589217733858182,USHighPlain,0.21674876847290642,0.18719211822660095,0.1871921182266009,0.35467980295566504,0.8078817733990148,0.8325123152709359
November 2013,0.1784532245084373,USHighPlain,0.4088669950738916,0.22167487684729065,0.19211822660098524,0.3694581280788177,0.5665024630541872,0.6847290640394089
December 2013,0.1887420129799109,USHighPlain,0.3694581280788177,0.06896551724137931,0.19704433497536947,0.3793103448275862,0.6354679802955665,0.5467980295566502
January 2014,0.14285714285714285,USHighPlain,0.3251231527093596,0.5369458128078818,0.20689655172413793,0.39408866995073893,0.8817733990147784,0.4630541871921182
February 2014,999.0,USHighPlain,0.49261083743842365,0.019704433497536946,0.22167487684729065,0.4187192118226601,0.729064039408867,0.47783251231527096
March 2014,0.044872874832770276,USHighPlain,0.12315270935960591,0.24630541871921183,0.2315270935960591,0.41379310344827586,0.4039408866995074,0.25123152709359603
April 2014,0.019356664616898972,USHighPlain,0.2315270935960591,0.4482758620689655,0.2413793103448276,0.4285714285714286,0.21182266009852216,0.054187192118226604
May 2014,0.021374673560434043,USHighPlain,0.11822660098522167,0.4630541871921182,0.24630541871921183,0.43842364532019706,0.11822660098522167,0.07881773399014778
June 2014,0.11328035957230513,USHighPlain,0.9901477832512314,0.31527093596059114,0.2660098522167488,0.4630541871921182,0.7044334975369457,0.7635467980295566
July 2014,999.0,USHighPlain,0.33004926108374383,0.08866995073891626,0.270935960591133,0.4729064039408867,0.8571428571428572,0.43349753694581283
August 2014,0.16676985258440877,USHighPlain,0.7733990147783252,0.3842364532019705,0.27586206896551724,0.49261083743842365,0.7635467980295566,0.5369458128078818
September 2014,0.24500276745907018,USHighPlain,0.1330049261083744,0.2857142857142857,0.29556650246305405,0.5073891625615764,0.9556650246305419,0.7881773399014779
October 2014,0.1726785199431465,USHighPlain,0.06403940886699508,0.625615763546798,0.30049261083743845,0.5270935960591133,0.7438423645320197,0.5024630541871922
November 2014,0.20361415135062214,USHighPlain,0.29064039408867,0.06403940886699505,0.31527093596059114,0.5369458128078818,0.5911330049261083,0.270935960591133
December 2014,999.0,USHighPlain,0.6798029556650247,0.4729064039408867,0.32019704433497537,0.5517241379310345,0.28078817733990147,0.4088669950738916
January 2015,0.13677822930892544,USHighPlain,0.5467980295566502,0.5467980295566502,0.33990147783251234,0.5665024630541872,0.3448275862068966,0.45812807881773404
February 2015,0.14957724700062147,USHighPlain,0.45320197044334976,0.18226600985221675,0.3448275862068966,0.5862068965517242,0.541871921182266,0.38916256157635454
March 2015,0.13188110425610275,USHighPlain,0.10837438423645321,0.8916256157635488,0.35467980295566504,0.596059113300491,0.41379310344827586,0.14285714285714285
April 2015,0.1076707202814485,USHighPlain,0.729064039408867,0.729064039408867,0.3645320197044335,0.6157635467980296,0.3004926108374384,0.04926108374384237
April 2015,0.11835271448264803,USHighPlain,0.7241379310344837,0.7241379310344835,0.35960591133004927,0.4482758620689655,0.2955665024630542,0.04433497536945813
May 2015,999.0,USHighPlain,1.0,0.07881773399014778,0.3743842364532016,0.4581280788177341,0.4729064039408867,0.8078817733990148
June 2015,999.0,USHighPlain,0.6354679802955665,0.3793103448275862,0.3891625615763537,0.4827586206896552,0.9113300492610837,0.896551724137931
July 2015,0.5538413775444408,USHighPlain,0.8374384236453202,0.2906403940886702,0.39408866995073893,0.4975369458128079,0.8866995073891626,0.9064039408866995
August 2015,0.43447780834680366,USHighPlain,0.6896551724137931,0.2315270935960591,0.4039408866995074,0.5172413793103449,0.812807881773399,0.5812807881773399
September 2015,0.26258978254508053,USHighPlain,0.034482758620689655,0.8866995073891626,0.4187192118226601,0.541871921182266,0.35960591133004927,0.3842364532019705
October 2015,999.0,USHighPlain,0.1724137931034483,0.6798029556650247,0.43349753694581283,0.5566502463054187,0.3694581280788177,0.2315270935960591
November 2015,999.0,USHighPlain,0.9704433497536946,0.6847290640394089,0.4482758620689655,0.5763546798029556,0.39408866995073893,0.6403940886699507
December 2015,0.8870985159215491,USHighPlain,0.9408866995073891,0.7733990147783252,0.4630541871921182,0.5911330049261084,0.4187192118226601,0.8817733990147784
January 2016,0.8690037357369331,USHighPlain,0.4236453201970443,0.5566502463054187,0.4876847290640394,0.6108374384236454,0.23645320197044334,0.7733990147783252
February 2016,0.8810004190959357,USHighPlain,0.458128078817734,0.9556650246305419,0.5073891625615763,0.625615763546798,0.6108374384236454,0.8226600985221674
March 2016,0.7538679385143919,USHighPlain,0.27586206896551724,0.9802955665024631,0.5270935960591133,0.6354679802955665,0.8768472906403941,0.4433497536945813
April 2016,999.0,USHighPlain,0.9950738916256158,0.6305418719211823,0.5615763546798029,0.6502463054187192,0.8325123152709359,0.6798029556650247
May 2016,0.7736605811367092,USHighPlain,0.625615763546798,0.1330049261083744,0.5714285714285714,0.6600985221674877,0.8226600985221674,0.9605911330049262
June 2016,0.8164578386835484,USHighPlain,0.10344827586206896,0.8472906403940886,0.6009852216748768,0.6748768472906405,0.5862068965517241,0.3793103448275862
July 2016,0.48273370860595666,USHighPlain,0.812807881773399,0.46798029556650245,0.6305418719211823,0.6847290640394089,0.6945812807881774,0.6600985221674877
August 2016,0.6061069547847496,USHighPlain,0.8916256157635468,0.2561576354679803,0.6798029556650247,0.6995073891625616,0.7093596059113301,0.3448275862068966
September 2016,999.0,USHighPlain,0.12807881773399016,0.5270935960591133,0.729064039408867,0.7093596059113301,0.7142857142857143,0.7241379310344828
October 2016,999.0,USHighPlain,0.024630541871921183,0.896551724137931,0.7783251231527093,0.7192118226600985,0.5024630541871922,0.21674876847290642
November 2016,0.6122750798237184,USHighPlain,0.39901477832512317,0.9704433497536946,0.8177339901477833,0.7339901477832512,0.5073891625615761,0.24630541871921183
December 2016,0.4877338066009646,USHighPlain,0.5172413793103449,0.21674876847290642,0.8374384236453202,0.7438423645320197,0.7536945812807881,0.3645320197044335
January 2017,0.5315788061856278,USHighPlain,0.8571428571428572,0.6995073891625616,0.812807881773399,0.7536945812807881,0.6009852216748769,0.5221674876847291
February 2017,999.0,USHighPlain,0.3448275862068966,0.990147783251221,0.7635467980295566,0.768472906403941,0.7241379310344829,0.35467980295566504
March 2017,0.36376184187740884,USHighPlain,0.6600985221674877,0.9458128078817734,0.7142857142857143,0.7733990147783252,0.5270935960591133,0.20689655172413793
April 2017,0.7088619302266825,USHighPlain,0.9802955665024631,0.5172413793103449,0.6502463054187192,0.7881773399014779,0.6600985221674877,0.1871921182266009
May 2017,0.6371407852231272,USHighPlain,0.7093596059113301,0.1724137931034483,0.6059113300492611,0.7980295566502467,0.31527093596059114,0.625615763546798
June 2017,0.7000789040777242,USHighPlain,0.15270935960591134,0.5665024630541872,0.5763546798029556,0.812807881773399,0.18719211822660098,0.06896551724137931
July 2017,999.0,USHighPlain,0.26108374384236455,0.5812807881773399,0.5566502463054187,0.8226600985221671,0.27586206896551724,0.11330049261083744
August 2017,999.0,USHighPlain,0.9556650246305419,0.03940886699507389,0.5221674876847291,0.8325123152709359,0.9014778325123153,0.6305418719211823
September 2017,999.0,USHighPlain,0.1625615763546798,0.5960591133004922,0.4975369458128079,0.8472906403940886,0.6206896551724138,0.33004926108374383
October 2017,999.0,USHighPlain,0.3054187192118227,0.3054187192118227,0.46798029556650245,0.8571428571428572,0.4827586206896552,0.8866995073891626
November 2017,999.0,USHighPlain,0.20689655172413793,0.8226600985221667,0.4433497536945813,0.8669950738916257,0.3891625615763547,0.27586206896551724
December 2017,999.0,USHighPlain,0.2660098522167488,0.5320197044334976,0.3990147783251243,0.8817733990147784,0.43842364532019706,0.22660098522167488
January 2018,999.0,USHighPlain,0.502463054187192,0.4187192118226601,0.4285714285714286,0.8916256157635468,0.19211822660098524,0.33990147783251234
February 2018,999.0,USHighPlain,0.5517241379310345,0.19211822660098524,0.45812807881773404,0.9014778325123153,0.22660098522167488,0.2413793103448276
March 2018,999.0,USHighPlain,0.2413793103448276,0.7881773399014779,0.4729064039408867,0.9113300492610837,0.17733990147783252,0.19211822660098524
April 2018,999.0,USHighPlain,0.2019704433497537,0.014778325123152709,0.5024630541871921,0.9211822660098522,0.03940886699507389,0.13793103448275862
May 2018,999.0,USHighPlain,0.39408866995073893,0.9507389162561577,0.5172413793103449,0.9310344827586207,0.2413793103448276,0.09359605911330049
June 2018,0.3794089551113889,USHighPlain,0.6059113300492609,0.8719211822660097,0.541871921182266,0.9458128078817734,0.7832512315270936,0.15270935960591134
July 2018,0.3778867534091943,USHighPlain,0.8078817733990148,0.3103448275862069,0.5665024630541872,0.9556650246305419,0.9605911330049262,0.3103448275862069
August 2018,999.0,USHighPlain,0.8029556650246306,0.26108374384236455,0.5862068965517241,0.9704433497536946,0.896551724137931,0.3990147783251234
September 2018,999.0,USHighPlain,0.24630541871921183,0.4088669950738916,0.6108374384236454,0.9802955665024631,0.6650246305418719,0.7142857142857143
October 2018,0.917761275308114,USHighPlain,0.916256157635469,0.04926108374384237,0.645320197044335,0.9852216748768473,0.21674876847290642,0.9408866995073889
November 2018,0.9224808718259175,USHighPlain,0.4876847290640394,0.029556650246305417,0.6995073891625616,0.9901477832512314,0.11330049261083744,0.7931034482758621
December 2018,0.907743015428217,USHighPlain,0.9261083743842364,0.3645320197044335,0.7339901477832512,0.9950738916256158,0.15763546798029557,0.9261083743842364
January 2019,0.9407247556236135,USHighPlain,0.5369458128078818,0.541871921182266,0.7980295566502464,1.0,0.3743842364532019,0.8571428571428572
April 2002,0.04248366948231123,Greece,0.9359605911330049,0.2857142857142857,0.9655172413793104,0.5024630541871922,0.33990147783251234,0.10837438423645321
May 2002,0.12329253476778002,Greece,0.3251231527093596,0.5615763546798029,0.9507389162561577,0.4630541871921182,0.7635467980295566,0.12315270935960591
June 2002,999.0,Greece,0.3054187192118227,0.8719211822660098,0.9359605911330049,0.43349753694581283,0.3054187192118227,0.1477832512315271
July 2002,999.0,Greece,0.9211822660098522,0.8078817733990148,0.9261083743842364,0.3990147783251233,0.270935960591133,0.5566502463054187
August 2002,0.20509352777057013,Greece,0.7832512315270936,0.15763546798029557,0.9162561576354681,0.35960591133004927,0.9064039408866995,0.625615763546798
September 2002,0.8747236360204237,Greece,0.7586206896551724,0.09359605911330049,0.8916256157635473,0.33497536945812806,0.9753694581280788,0.8472906403940886
October 2002,0.8571428571428572,Greece,0.07881773399014778,0.5073891625615764,0.8669950738916257,0.29556650246305416,0.9852216748768473,0.896551724137931
November 2002,0.9459020278155044,Greece,0.2955665024630542,0.8325123152709359,0.8423645320197051,0.2660098522167488,0.8522167487684729,0.6354679802955665
December 2002,0.9276787038014735,Greece,0.9950738916256158,0.30049261083743845,0.8275862068965517,0.2512315270935957,0.41379310344827586,0.9507389162561577
January 2003,0.8627260075998043,Greece,0.9507389162561577,0.9605911330049262,0.7931034482758621,0.21182266009852216,0.896551724137931,0.9852216748768473
February 2003,0.89979161831342,Greece,0.8275862068965517,0.0,0.768472906403941,0.2413793103448276,0.06403940886699504,0.9655172413793104
March 2003,0.7007688986042301,Greece,0.15763546798029557,0.03940886699507389,0.7438423645320197,0.28078817733990147,0.14778325123152708,0.8620689655172414
April 2003,0.7251547176744283,Greece,0.5369458128078818,0.04926108374384237,0.7192118226600985,0.3103448275862069,0.03940886699507389,0.7635467980295566
May 2003,0.5714285714285714,Greece,0.605911330049261,0.9507389162561577,0.6945812807881774,0.33990147783251234,0.25615763546798026,0.6945812807881774
June 2003,999.0,Greece,0.4482758620689655,0.9261083743842364,0.6354679802955665,0.37438423645320196,0.724137931034483,0.5960591133004927
July 2003,0.5949579241952281,Greece,0.4975369458128079,0.7241379310344831,0.5665024630541872,0.4187192118226601,0.6206896551724138,0.5221674876847291
August 2003,0.4650913512128172,Greece,0.5665024630541872,0.8571428571428572,0.5270935960591133,0.4482758620689655,0.35467980295566504,0.5615763546798029
September 2003,0.2698337191218084,Greece,0.17733990147783252,0.1477832512315271,0.5024630541871921,0.4827586206896552,0.45320197044334976,0.4581280788177346
October 2003,0.3619336769360488,Greece,0.7635467980295566,0.7044334975369444,0.47783251231527096,0.5320197044334976,0.33004926108374383,0.7438423645320197
November 2003,0.7440232232198349,Greece,0.19211822660098524,0.8177339901477833,0.4581280788177348,0.5467980295566502,0.625615763546798,0.19211822660098524
December 2003,0.5478652079527375,Greece,0.6896551724137931,0.3448275862068966,0.43842364532019706,0.5714285714285714,0.5270935960591133,0.35467980295566504
January 2004,0.6551524698049728,Greece,0.9014778325123153,0.18226600985221675,0.4285714285714286,0.5862068965517242,0.4630541871921182,0.5812807881773399
February 2004,0.7377250415024087,Greece,0.09359605911330049,0.4827586206896552,0.4187192118226601,0.6009852216748764,0.3645320197044335,0.2019704433497537
March 2004,0.4408018026460076,Greece,0.43842364532019706,0.6403940886699507,0.4039408866995074,0.6108374384236454,0.27586206896551724,0.29064039408866993
April 2004,0.4192169942607396,Greece,0.5763546798029557,0.5172413793103449,0.39408866995073893,0.6206896551724138,0.8029556650246306,0.21182266009852216
May 2004,0.8503204704074174,Greece,0.6108374384236454,0.06403940886699508,0.3793103448275862,0.6305418719211823,0.8177339901477833,0.33004926108374383
June 2004,0.5343800370207127,Greece,0.7389162561576355,0.3497536945812808,0.3694581280788177,0.6650246305418719,0.6650246305418719,0.6995073891625616
July 2004,0.5417943960656446,Greece,0.5320197044334976,0.4088669950738916,0.35960591133004927,0.6896551724137931,0.7881773399014779,0.4088669950738916
August 2004,0.5845966648754124,Greece,0.49261083743842365,0.3103448275862069,0.33497536945812806,0.7093596059113301,0.7389162561576355,0.4630541871921182
September 2004,0.43652798829278155,Greece,0.11822660098522167,0.3891625615763546,0.3251231527093596,0.7536945812807881,0.6847290640394089,0.3842364532019705
October 2004,0.3078066810308766,Greece,0.04926108374384237,0.9162561576354682,0.3103448275862069,0.8226600985221625,0.23645320197044334,0.3743842364532019
November 2004,0.32096664589533946,Greece,0.35467980295566504,0.47783251231527096,0.3004926108374384,0.8325123152709359,0.2857142857142857,0.33990147783251234
December 2004,0.22144627921369686,Greece,0.6354679802955665,0.8669950738916257,0.2857142857142857,0.8620689655172414,0.4433497536945813,0.1625615763546798
January 2005,0.34608698983990266,Greece,0.6945812807881774,0.5812807881773399,0.26108374384236455,0.8817733990147784,0.2019704433497537,0.21674876847290642
February 2005,0.5109387137843945,Greece,0.896551724137931,0.054187192118226604,0.23645320197044334,0.8669950738916257,0.014778325123152709,0.7980295566502466
March 2005,0.8919957852535556,Greece,0.5172413793103449,0.5123152709359606,0.21674876847290642,0.8866995073891626,0.14285714285714285,0.7832512315270936
April 2005,0.3154800475022104,Greece,0.1625615763546798,0.33990147783251234,0.18226600985221675,0.8768472906403941,0.08866995073891626,0.4729064039408867
May 2005,0.620321248578327,Greece,0.6551724137931031,0.7142857142857143,0.14285714285714285,0.8719211822660093,0.3103448275862069,0.605911330049261
June 2005,0.6900243122372927,Greece,0.5123152709359595,0.22167487684729065,0.10837438423645321,0.8522167487684729,0.6108374384236454,0.591133004926108
July 2005,0.4817449331347988,Greece,0.6157635467980296,0.5763546798029563,0.08374384236453201,0.8472906403940886,0.43349753694581283,0.7487684729064038
August 2005,0.7505575860589737,Greece,0.6600985221674877,0.3054187192118227,0.059113300492610835,0.8275862068965517,0.6403940886699507,0.7093596059113301
September 2005,0.6306275520885691,Greece,0.25615763546798,0.4630541871921182,0.04433497536945813,0.8177339901477833,0.4236453201970443,0.6305418719211823
October 2005,0.792664075905469,Greece,0.034482758620689655,0.17733990147783252,0.029556650246305417,0.8078817733990148,0.3694581280788177,0.4433497536945813
November 2005,0.4704539915872457,Greece,0.8029556650246306,0.10344827586206896,0.014778325123152709,0.7832512315270936,0.4039408866995074,0.47783251231527096
December 2005,0.6384226763441527,Greece,0.9113300492610837,0.4285714285714286,0.0,0.768472906403941,0.1871921182266008,0.8029556650246306
January 2006,0.916634321970029,Greece,0.6995073891625616,0.059113300492610835,0.0049261083743842365,0.7241379310344856,0.16748768472906403,0.8275862068965517
February 2006,0.5272268933512917,Greece,0.9408866995073888,0.13793103448275862,0.009852216748768473,0.7044334975369457,0.054187192118226604,0.8325123152709359
March 2006,1.0,Greece,0.7881773399014779,0.5714285714285714,0.019704433497536946,0.7438423645320197,0.20689655172413793,0.9211822660098522
April 2006,0.8439531950196315,Greece,0.5960591133004921,0.729064039408867,0.024630541871921183,0.7192118226600985,0.08374384236453201,0.8423645320197045
May 2006,0.9654435487368561,Greece,0.22167487684729065,0.5369458128078818,0.034482758620689655,0.7142857142857143,0.7783251231527092,0.5665024630541872
June 2006,0.6984428149162137,Greece,0.6009852216748768,0.3694581280788177,0.03940886699507389,0.6995073891625616,0.4975369458128079,0.6502463054187192
July 2006,0.7205149321621075,Greece,0.8078817733990148,0.16748768472906403,0.04926108374384237,0.6945812807881774,0.8866995073891626,0.6600985221674877
August 2006,0.8413560362197257,Greece,0.4630541871921182,0.7093596059113301,0.054187192118226604,0.6847290640394089,0.7832512315270936,0.5517241379310345
September 2006,0.7587817364494109,Greece,0.3842364532019705,0.35467980295566504,0.06403940886699508,0.6798029556650247,0.768472906403941,0.6206896551724138
October 2006,0.7978819758401439,Greece,0.2019704433497537,0.5270935960591133,0.06896551724137931,0.6748768472906408,0.7536945812807881,0.6009852216748767
November 2006,0.8029723120710828,Greece,0.09852216748768473,0.08866995073891626,0.07389162561576355,0.6502463054187192,0.4827586206896552,0.16748768472906403
December 2006,0.14285714285714285,Greece,0.03940886699507389,0.4187192118226601,0.08866995073891626,0.6403940886699507,0.6945812807881774,0.014778325123152709
January 2007,0.2406480298494908,Greece,0.054187192118226604,0.9655172413793104,0.09359605911330049,0.625615763546798,0.8374384236453202,0.0049261083743842365
February 2007,0.030373576426998658,Greece,0.33004926108374383,0.7931034482758621,0.10344827586206896,0.6699507389162561,0.9556650246305419,0.0
March 2007,0.08912929778165168,Greece,0.38916256157635465,0.7733990147783252,0.11822660098522167,0.7339901477832512,0.8620689655172414,0.009852216748768473
April 2007,0.12236084403814233,Greece,0.2413793103448276,0.5960591133004925,0.12315270935960591,0.7980295566502463,0.49261083743842365,0.029556650246305417
May 2007,0.053931477828741595,Greece,0.8226600985221675,0.812807881773399,0.1330049261083744,0.8374384236453202,0.2413793103448276,0.26108374384236455
June 2007,0.059249088606628135,Greece,0.5812807881773399,0.9014778325123153,0.13793103448275862,0.8571428571428572,0.2660098522167488,0.3694581280788177
July 2007,0.045728863532221775,Greece,0.2660098522167488,0.9359605911330049,0.15270935960591134,0.8916256157635469,0.10344827586206896,0.15763546798029557
August 2007,0.1528502250008179,Greece,0.6798029556650247,0.7881773399014779,0.1625615763546798,0.9014778325123153,0.12807881773399016,0.43842364532019706
September 2007,0.1070896464635765,Greece,0.11330049261083744,0.1724137931034483,0.1724137931034483,0.9113300492610837,0.10837438423645321,0.4236453201970443
October 2007,0.19523114647036025,Greece,0.2315270935960591,0.5221674876847291,0.17733990147783252,0.9162561576354682,0.19211822660098524,0.5270935960591133
November 2007,0.26211730689721807,Greece,0.8571428571428572,0.19211822660098524,0.19211822660098524,0.9211822660098522,0.21182266009852216,0.8768472906403941
December 2007,0.506901765155174,Greece,0.21674876847290642,0.08374384236453201,0.2019704433497537,0.9310344827586207,0.11822660098522167,0.46798029556650245
January 2008,0.2857142857142857,Greece,0.04433497536945813,0.6009852216748769,0.2660098522167488,0.9359605911330049,0.6059113300492606,0.18719211822660098
February 2008,0.08304402067624925,Greece,0.06896551724137931,0.458128078817734,0.33990147783251234,0.9064039408866995,0.5369458128078818,0.06403940886699508
March 2008,0.09459795078080503,Greece,0.41379310344827586,0.9408866995073889,0.41379310344827586,0.8423645320197044,0.9261083743842364,0.03940886699507389
April 2008,0.11311295126635791,Greece,0.625615763546798,0.7389162561576355,0.4630541871921182,0.655172413793103,0.9507389162561577,0.1280788177339901
May 2008,0.012594670776695637,Greece,0.19704433497536947,0.5320197044334976,0.4876847290640394,0.5911330049261083,0.4482758620689655,0.08866995073891626
June 2008,0.023326376452914268,Greece,0.4088669950738916,0.7832512315270936,0.5320197044334976,0.541871921182266,0.32019704433497537,0.18226600985221675
July 2008,0.07850325540944281,Greece,0.4236453201970443,0.6305418719211823,0.6009852216748769,0.4729064039408867,0.15763546798029557,0.23645320197044334
August 2008,0.016478956055391174,Greece,0.39408866995073893,0.8768472906403941,0.6995073891625616,0.38916256157635465,0.06896551724137931,0.25615763546798015
September 2008,0.03539487561909184,Greece,0.4187192118226601,0.2660098522167488,0.7339901477832512,0.3054187192118227,0.034482758620689655,0.5320197044334976
October 2008,0.1010358353851521,Greece,0.0049261083743842365,0.45320197044334976,0.7783251231527093,0.24630541871921183,0.29064039408866993,0.2315270935960591
November 2008,0.008364977537580904,Greece,0.270935960591133,0.7192118226600985,0.8177339901477833,0.1724137931034483,0.6600985221674877,0.09359605911330049
December 2008,0.0,Greece,0.645320197044335,0.541871921182266,0.9113300492610837,0.12807881773399016,0.5123152709359599,0.28078817733990147
January 2009,0.18850259251859824,Greece,0.9556650246305419,0.8620689655172414,0.9014778325123153,0.08374384236453201,0.5221674876847291,0.9014778325123153
February 2009,0.18703946698993804,Greece,0.46798029556650245,0.21674876847290642,0.896551724137931,0.08866995073891626,0.9408866995073889,0.812807881773399
March 2009,0.1623306252886364,Greece,0.8866995073891626,0.27586206896551724,0.8866995073891626,0.09852216748768473,0.7733990147783252,0.8669950738916257
April 2009,0.34980879405010284,Greece,0.4729064039408867,0.43349753694581283,0.8768472906403941,0.10837438423645321,0.8275862068965517,0.6108374384236454
May 2009,0.3052944699183024,Greece,0.3645320197044335,0.768472906403941,0.8719211822660095,0.12315270935960591,0.8078817733990148,0.39408866995073893
June 2009,0.3859390528131605,Greece,0.6847290640394089,0.46798029556650245,0.8620689655172414,0.1330049261083744,0.33497536945812806,0.43349753694581283
July 2009,0.4985256956874098,Greece,0.5566502463054187,0.5517241379310345,0.8571428571428572,0.13793103448275862,0.3251231527093596,0.5172413793103449
August 2009,0.6489996074781402,Greece,0.6502463054187192,0.32019704433497537,0.8472906403940886,0.14778325123152708,0.4187192118226601,0.4187192118226601
September 2009,0.6111096120009025,Greece,0.23645320197044334,0.2019704433497537,0.8374384236453202,0.15763546798029557,0.295566502463054,0.4482758620689655
October 2009,0.6254785640787593,Greece,0.5467980295566502,0.4433497536945813,0.8325123152709359,0.1625615763546798,0.5172413793103449,0.6650246305418719
November 2009,0.9812648557718459,Greece,0.33497536945812806,0.6206896551724138,0.8226600985221675,0.17733990147783252,0.47783251231527096,0.8571428571428572
December 2009,0.7836565522283856,Greece,0.9458128078817734,0.9556650246305419,0.812807881773399,0.19704433497536947,0.7438423645320197,0.9064039408866995
January 2010,0.9895270662010307,Greece,0.7438423645320197,0.6502463054187192,0.7980295566502468,0.20689655172413793,0.7142857142857143,0.7586206896551724
February 2010,0.9407556955596745,Greece,0.9605911330049262,0.7783251231527093,0.7881773399014779,0.23645320197044334,0.7192118226600985,0.9901477832512314
March 2010,0.9518224989698072,Greece,0.5714285714285714,0.6108374384236454,0.7733990147783252,0.2857142857142857,0.729064039408867,0.9802955665024631
April 2010,0.5901611578570785,Greece,0.20689655172413793,0.6600985221674877,0.7536945812807881,0.33004926108374383,0.9704433497536946,0.9162561576354681
May 2010,0.601165997636334,Greece,0.5862068965517241,0.625615763546798,0.7389162561576355,0.3694581280788177,0.3448275862068966,0.7389162561576355
June 2010,0.6415556386838456,Greece,0.7783251231527094,0.3251231527093596,0.7241379310344829,0.4039408866995074,0.43842364532019706,0.7044334975369458
July 2010,0.6841198244547059,Greece,0.812807881773399,0.35960591133004927,0.7044334975369458,0.45320197044334976,0.5862068965517241,0.7241379310344831
August 2010,0.4581876898745788,Greece,0.32019704433497537,0.9211822660098522,0.6896551724137931,0.4975369458128079,0.5615763546798029,0.4285714285714286
September 2010,0.3377175396156529,Greece,0.3103448275862069,0.2906403940886708,0.6502463054187192,0.5369458128078818,0.46798029556650245,0.5467980295566502
October 2010,0.7334340529342372,Greece,0.9704433497536946,0.06896551724137931,0.6157635467980296,0.5615763546798029,0.26108374384236455,0.9310344827586207
November 2010,0.9353840469946478,Greece,0.47783251231527096,0.9802955665024631,0.5763546798029563,0.5812807881773399,0.6699507389162561,0.8177339901477833
December 2010,0.9918710799375544,Greece,0.22660098522167488,0.7980295566502463,0.541871921182266,0.6059113300492611,0.9655172413793104,0.8226600985221666
January 2011,999.0,Greece,0.2512315270935961,0.6650246305418719,0.5566502463054187,0.645320197044335,0.9605911330049262,0.49261083743842365
February 2011,0.3692248319844739,Greece,0.7241379310344829,0.39901477832512317,0.5615763546798029,0.5665024630541872,0.12315270935960591,0.3645320197044335
March 2011,0.45217870743509075,Greece,0.5221674876847291,0.24630541871921183,0.5812807881773399,0.5073891625615764,0.6305418719211823,0.3251231527093596
April 2011,0.5269011961271913,Greece,0.45812807881773443,0.12315270935960591,0.5862068965517242,0.3842364532019705,0.45812807881773404,0.24630541871921183
May 2011,0.7579704895889994,Greece,0.8325123152709359,0.09852216748768473,0.5960591133004925,0.27586206896551724,0.6502463054187192,0.3990147783251234
June 2011,999.0,Greece,0.5517241379310345,0.270935960591133,0.6108374384236454,0.18719211822660098,0.9310344827586207,0.30049261083743845
July 2011,0.47699432975143885,Greece,0.29064039408867,0.645320197044335,0.625615763546798,0.11330049261083744,0.6551724137931033,0.27586206896551724
August 2011,0.4186872979749381,Greece,0.4827586206896552,0.4975369458128079,0.6403940886699507,0.06896551724137931,0.645320197044335,0.3793103448275862
September 2011,0.2927956484417565,Greece,0.08866995073891626,0.9113300492610837,0.645320197044335,0.04926108374384237,0.5566502463054187,0.31527093596059114
October 2011,0.35924833099608844,Greece,0.08374384236453201,0.034482758620689655,0.6650246305418719,0.029556650246305417,0.6896551724137931,0.5024630541871921
November 2011,0.2318140382240236,Greece,0.019704433497536946,0.009852216748768473,0.6748768472906405,0.009852216748768473,0.22167487684729065,0.019704433497536946
December 2011,999.0,Greece,0.3793103448275862,0.2955665024630542,0.6847290640394089,0.0049261083743842365,0.059113300492610835,0.04926108374384237
January 2012,0.17786409906161182,Greece,0.18719211822660098,0.029556650246305417,0.6600985221674877,0.0,0.07881773399014778,0.059113300492610835
January 2012,0.24304494058844464,Greece,0.18226600985221675,0.024630541871921183,0.6798029556650247,0.014778325123152709,0.07389162561576355,0.054187192118226604
February 2012,0.6601010590847332,Greece,0.9753694581280788,0.014778325123152709,0.6551724137931024,0.019704433497536946,0.0,0.2955665024630542
March 2012,0.8869220473936458,Greece,0.1477832512315271,0.5665024630541872,0.6305418719211823,0.024630541871921183,0.019704433497536946,0.09852216748768473
April 2012,0.7142857142857143,Greece,0.8620689655172414,0.6354679802955665,0.5911330049261084,0.034482758620689655,0.3743842364531994,0.2413793103448276
May 2012,999.0,Greece,0.8719211822660083,0.3645320197044335,0.5714285714285714,0.03940886699507389,0.8669950738916257,0.6847290640394089
June 2012,0.8337691752253247,Greece,0.16748768472906403,0.9310344827586207,0.5467980295566502,0.04433497536945813,0.7339901477832512,0.20689655172413793
July 2012,0.40397598472926843,Greece,0.28078817733990147,0.9901477832512307,0.5369458128078818,0.054187192118226604,0.2315270935960591,0.17733990147783252
August 2012,0.32679816730098643,Greece,0.5073891625615764,0.8866995073891626,0.5123152709359606,0.059113300492610835,0.17733990147783252,0.270935960591133
September 2012,0.374978543195357,Greece,0.26108374384236455,0.8226600985221674,0.5073891625615763,0.06403940886699507,0.35960591133004927,0.3103448275862069
October 2012,999.0,Greece,0.12315270935960591,0.9753694581280788,0.49261083743842365,0.07389162561576246,0.8817733990147784,0.33497536945812806
November 2012,0.27937161876011,Greece,0.43349753694581283,0.8916256157635476,0.4827586206896552,0.07881773399014778,0.8472906403940886,0.22660098522167488
December 2012,0.667953162765911,Greece,0.8522167487684729,0.15270935960591134,0.46798029556650245,0.09359605911330043,0.9014778325123153,0.8522167487684729
January 2013,0.8093977113595869,Greece,0.7733990147783252,0.6798029556650247,0.4975369458128079,0.10344827586206896,0.916256157635468,0.8719211822660098
February 2013,0.5592352395971938,Greece,0.9802955665024631,0.7487684729064015,0.5172413793103449,0.11822660098522167,0.8423645320197045,0.9605911330049262
March 2013,999.0,Greece,0.7536945812807881,0.7339901477832512,0.5517241379310345,0.14285714285714285,0.9458128078817734,0.9408866995073887
April 2013,0.6794332356240874,Greece,0.2857142857142857,0.8817733990147784,0.605911330049261,0.15270935960591134,0.8768472906403941,0.9359605911330049
May 2013,0.6725369488831892,Greece,0.4039408866995074,0.9064039408866995,0.6699507389162561,0.16748768472906403,0.18226600985221675,0.729064039408867
June 2013,0.5648622484198176,Greece,0.5911330049261084,0.4039408866995074,0.7093596059113301,0.19211822660098524,0.21674876847290642,0.7536945812807881
July 2013,0.4285714285714286,Greece,0.4433497536945813,0.37438423645320196,0.729064039408867,0.2019704433497537,0.22660098522167488,0.5763546798029558
August 2013,999.0,Greece,0.30049261083743845,0.7536945812807881,0.7586206896551724,0.21674876847290642,0.09852216748768473,0.3891625615763547
September 2013,999.0,Greece,0.06403940886699508,0.5467980295566502,0.7832512315270936,0.2315270935960591,0.1625615763546798,0.3497536945812808
October 2013,0.33490986109668974,Greece,0.024630541871921183,0.5566502463054187,0.8078817733990148,0.2561576354679803,0.09359605911330048,0.2857142857142857
November 2013,0.22598443708880586,Greece,0.8916256157635493,0.8029556650246306,0.8522167487684729,0.270935960591133,0.3891625615763547,0.6157635467980296
December 2013,0.2970606162916561,Greece,0.13793103448275862,0.10837438423645321,0.9064039408866995,0.29064039408867,0.31527093596059114,0.2512315270935961
January 2014,0.2484131610575787,Greece,0.4876847290640394,0.9704433497536946,0.9211822660098522,0.31527093596059114,0.6009852216748769,0.1724137931034483
February 2014,999.0,Greece,0.15270935960591134,0.9458128078817734,0.9310344827586207,0.3251231527093596,0.9113300492610837,0.08374384236453201
March 2014,0.13647705125686066,Greece,0.7044334975369448,0.8423645320197046,0.940886699507376,0.3448275862068966,0.891625615763547,0.4039408866995074
April 2014,0.14980386720038494,Greece,0.9261083743842364,0.3842364532019705,0.9458128078817734,0.35467980295566504,0.812807881773399,0.5714285714285714
May 2014,0.38091061251650987,Greece,0.502463054187192,0.14285714285714285,0.9556650246305419,0.3793103448275862,0.58128078817734,0.4827586206896552
June 2014,0.49479152864819514,Greece,0.6305418719211823,0.2512315270935961,0.9704433497536946,0.39408866995073893,0.3497536945812808,0.7192118226600985
July 2014,999.0,Greece,0.6206896551724138,0.22660098522167488,0.9753694581280788,0.4088669950738916,0.3793103448275862,0.5862068965517242
August 2014,0.7682924856868967,Greece,0.5270935960591133,0.5911330049261082,0.9802955665024631,0.4236453201970443,0.6157635467980296,0.4876847290640394
September 2014,0.8216193284688791,Greece,0.6748768472906403,0.1330049261083744,0.9852216748768473,0.4285714285714286,0.7487684729063825,0.8817733990147784
October 2014,0.9571538232451879,Greece,0.31527093596059114,0.2561576354679803,0.9901477832512314,0.4433497536945813,0.7586206896551724,0.7142857142857143
November 2014,0.868556768954221,Greece,0.3743842364532019,0.502463054187192,0.9950738916256158,0.45812807881773404,0.4729064039408867,0.541871921182266
December 2014,999.0,Greece,0.9064039408866995,0.7586206896551724,1.0,0.47783251231527096,0.9211822660098522,0.9261083743842364
January 2015,0.41011704944480404,Greece,0.7487684729064036,0.4482758620689655,0.9605911330049262,0.49261083743842365,0.7980295566502464,0.9458128078817734
February 2015,0.6087048760074142,Greece,0.8817733990147784,0.18719211822660098,0.8817733990147784,0.4876847290640394,0.4285714285714286,1.0
March 2015,0.9758548166149804,Greece,0.9655172413793104,0.1625615763546798,0.8029556650246306,0.5221674876847291,0.15270935960591134,0.9950738916256158
April 2015,0.9700643380609975,Greece,0.3497536945812808,0.11822660098522167,0.7487684729064038,0.5172413793103449,0.029556650246305417,0.9753694581280788
April 2015,0.8175084823034281,Greece,0.3448275862068966,0.11330049261083744,0.7635467980295566,0.729064039408867,0.024630541871921183,0.9704433497536946
May 2015,999.0,Greece,0.33990147783251234,0.6847290640394089,0.7142857142857143,0.7487684729064039,0.4088669950738916,0.8916256157635472
June 2015,999.0,Greece,0.916256157635468,0.07389162561576351,0.6206896551724138,0.7389162561576355,0.5665024630541872,0.8374384236453202
July 2015,0.9231002851794519,Greece,0.3990147783251232,0.6896551724137931,0.5221674876847291,0.7733990147783252,0.7093596059113301,0.6403940886699507
August 2015,0.8813531882560545,Greece,0.7339901477832512,0.49261083743842365,0.4729064039408867,0.7635467980295566,0.6798029556650247,0.6699507389162561
September 2015,0.9063953409505641,Greece,0.6650246305418719,0.8374384236453202,0.4433497536945813,0.7586206896551724,0.6748768472906403,0.768472906403941
October 2015,999.0,Greece,0.4285714285714286,0.33004926108374383,0.35467980295566504,0.7881773399014779,0.9802955665024631,0.9113300492610837
November 2015,999.0,Greece,0.1724137931034483,0.8522167487684729,0.25615763546798026,0.7783251231527094,0.8226600985221671,0.645320197044335
December 2015,0.9065013262322453,Greece,0.0,0.31527093596059114,0.16748768472906403,0.8029556650246306,0.8719211822660097,0.07881773399014778
January 2016,0.3990134218042277,Greece,0.7093596059113301,0.6059113300492609,0.20689655172413793,0.7931034482758621,0.8571428571428572,0.6748768472906405
February 2016,0.3921931663081617,Greece,0.27586206896551724,1.0,0.22167487684729065,0.6600985221674877,0.9950738916256158,0.32019704433497537
March 2016,0.7091760909243885,Greece,0.9310344827586207,0.6945812807881774,0.2413793103448276,0.6157635467980296,0.9901477832512313,0.6896551724137931
April 2016,999.0,Greece,0.1280788177339901,0.9852216748768473,0.270935960591133,0.5763546798029571,1.0,0.45320197044334976
May 2016,0.5775913976462392,Greece,0.8669950738916257,0.12807881773399016,0.29064039408866993,0.5517241379310345,0.39901477832512317,0.7783251231527094
June 2016,0.8258418530199891,Greece,0.541871921182266,0.7635467980295566,0.32019704433497537,0.5270935960591133,0.24630541871921183,0.5073891625615763
July 2016,0.5198694337968626,Greece,0.3694581280788177,0.6699507389162561,0.3448275862068966,0.46798029556650245,0.25123152709359586,0.35960591133004927
August 2016,0.48803562344021667,Greece,0.6403940886699507,0.39408866995073893,0.37438423645320185,0.41379310344827586,0.28078817733990147,0.41379310344827586
September 2016,999.0,Greece,0.6699507389162561,0.19704433497536947,0.3990147783251232,0.3497536945812808,0.5911330049261083,0.6551724137931016
October 2016,999.0,Greece,0.14285714285714285,0.28078817733990147,0.4236453201970443,0.32019704433497537,0.5763546798029556,0.5369458128078818
November 2016,0.7735131123853867,Greece,0.5615763546798029,0.2315270935960591,0.4482758620689655,0.26108374384236455,0.4876847290640394,0.5123152709359606
December 2016,0.17242267002283262,Greece,0.014778325123152709,0.019704433497536946,0.45320197044334976,0.22167487684729065,0.541871921182266,0.04433497536945813
January 2017,0.20732452091292494,Greece,0.7931034482758621,0.0049261083743842365,0.43349753694581283,0.18226600985221675,0.009852216748768473,0.11822660098522167
February 2017,999.0,Greece,0.10837438423645321,0.6995073891625616,0.4088669950738916,0.22660098522167488,0.1724137931034483,0.06896551724137931
March 2017,0.06985691527005954,Greece,0.35960591133004927,0.896551724137931,0.3842364532019705,0.30049261083743845,0.5467980295566502,0.024630541871921183
April 2017,0.06789582904091496,Greece,0.21182266009852216,0.4236453201970443,0.3497536945812808,0.3645320197044335,0.7931034482758621,0.034482758620689655
May 2017,0.16744899208386466,Greece,0.7142857142857143,0.33497536945812806,0.3054187192118227,0.43842364532019706,0.19704433497536947,0.10344827586206896
June 2017,0.21244786254582118,Greece,0.7192118226600985,0.6551724137931033,0.28078817733990147,0.512315270935959,0.7044334975369458,0.19704433497536947
July 2017,999.0,Greece,0.8177339901477833,0.5862068965517242,0.251231527093596,0.5566502463054187,0.6354679802955665,0.3054187192118227
August 2017,999.0,Greece,0.45320197044334976,0.6748768472906403,0.22660098522167488,0.5960591133004925,0.5073891625615764,0.14285714285714285
September 2017,999.0,Greece,0.059113300492610835,0.43842364532019706,0.19704433497536947,0.6354679802955665,0.3842364532019705,0.1330049261083744
October 2017,999.0,Greece,0.029556650246305417,0.21182266009852216,0.1477832512315271,0.812807881773399,0.1330049261083744,0.13793103448275862
November 2017,999.0,Greece,0.8472906403940886,0.20689655172413793,0.11330049261083744,0.896551724137931,0.13793103448275862,0.3448275862068966
December 2017,999.0,Greece,0.768472906403941,0.41379310344827586,0.07881773399014778,0.9261083743842364,0.30049261083743845,0.6798029556650247
January 2018,999.0,Greece,0.24630541871921183,0.7438423645320197,0.09852216748768473,0.9408866995073891,0.5714285714285714,0.22167487684729065
February 2018,999.0,Greece,1.0,0.6157635467980296,0.12807881773399016,0.9458128078817734,0.5024630541871918,0.8866995073891626
March 2018,999.0,Greece,0.8423645320197044,0.8275862068965517,0.15763546798029557,0.9507389162561577,0.5517241379310345,0.9556650246305419
April 2018,999.0,Greece,0.07389162561576353,0.9950738916256158,0.18719211822660098,0.9556650246305419,0.9359605911330049,0.7733990147783252
May 2018,999.0,Greece,0.8374384236453202,0.8472906403940886,0.21182266009852216,0.9605911330049262,0.5320197044334976,0.7339901477832512
June 2018,0.5522224423907187,Greece,0.9901477832512264,0.26108374384236455,0.2315270935960591,0.9655172413793104,0.5960591133004925,0.7931034482758621
July 2018,0.782780565022277,Greece,0.8768472906403941,0.23645320197044334,0.24630541871921183,0.9704433497536946,0.6995073891625616,0.7881773399014779
August 2018,999.0,Greece,0.729064039408867,0.2413793103448276,0.27586206896551724,0.9753694581280788,0.8325123152709359,0.4975369458128079
September 2018,999.0,Greece,0.1330049261083744,0.3793103448275862,0.2955665024630538,0.9802955665024631,0.39408866995073893,0.2660098522167488
October 2018,0.27200669447261927,Greece,0.009852216748768473,0.4729064039408867,0.31527093596059114,0.9852216748768473,0.04433497536945813,0.11330049261083744
November 2018,0.13190565695807474,Greece,0.7980295566502494,0.4876847290640394,0.33004926108374383,0.9901477832512313,0.04926108374384237,0.15270935960591134
December 2018,0.2558542209791919,Greece,0.10344827586206896,0.07881773399014778,0.3645320197044335,0.9950738916256158,0.11330049261083744,0.07389162561576344
January 2019,0.4462195108168538,Greece,0.9852216748768473,0.04433497536945813,0.3891625615763547,1.0,0.0049261083743842365,0.8078817733990148
April 2002,0.7684392456045906,Sudan,0.43842364532019706,0.6699507389162561,0.7339901477832512,0.9408866995073889,0.7980295566502463,0.9458128078817734
May 2002,0.4052114312515278,Sudan,0.16748768472906403,0.8719211822660097,0.6354679802955665,0.9310344827586207,0.729064039408867,0.6650246305418719
June 2002,999.0,Sudan,0.2660098522167488,0.8374384236453202,0.5172413793103449,0.9261083743842364,0.8325123152709359,0.18226600985221675
July 2002,999.0,Sudan,0.2512315270935961,0.9852216748768473,0.33990147783251234,0.9162561576354685,0.10837438423645321,0.3448275862068966
August 2002,0.5885958097692328,Sudan,0.29064039408866993,0.7093596059113301,0.17733990147783252,0.9113300492610837,0.03940886699507389,0.1625615763546798
September 2002,0.024110201210489686,Sudan,0.12315270935960591,0.7389162561576355,0.06403940886699508,0.9014778325123153,0.034482758620689655,0.04433497536945813
October 2002,0.08304932901777845,Sudan,0.08374384236453201,0.8768472906403941,0.029556650246305417,0.896551724137931,0.11330049261083744,0.034482758620689655
November 2002,0.20895492603104843,Sudan,0.4729064039408867,0.8472906403940886,0.009852216748768473,0.8916256157635468,0.3990147783251233,0.11822660098522167
December 2002,0.10243574974285333,Sudan,0.6305418719211823,0.07881773399014778,0.0,0.8817733990147784,0.5467980295566502,0.5221674876847291
January 2003,0.5030246444594881,Sudan,0.7635467980295566,0.5862068965517242,0.0049261083743842365,0.8768472906403941,0.270935960591133,0.7339901477832512
February 2003,0.3988816481764525,Sudan,0.7093596059113301,0.6551724137931034,0.014778325123152709,0.8669950738916257,0.2660098522167488,0.7487684729064038
March 2003,0.35029236795855995,Sudan,0.6206896551724138,0.41379310344827586,0.034482758620689655,0.8571428571428572,0.4876847290640394,0.8226600985221675
April 2003,0.3745331008006867,Sudan,0.4088669950738916,0.6206896551724138,0.06896551724137931,0.8472906403940886,0.6995073891625616,0.6354679802955665
May 2003,0.1302059300020776,Sudan,0.2019704433497537,0.9507389162561577,0.1477832512315271,0.8423645320197044,0.645320197044335,0.21182266009852216
June 2003,999.0,Sudan,0.39408866995073893,0.541871921182266,0.26108374384236455,0.8325123152709359,0.6847290640394089,0.21674876847290642
July 2003,0.9526285779975181,Sudan,0.9950738916256158,0.13793103448275862,0.3842364532019705,0.8226600985221675,0.8817733990147784,0.8817733990147784
August 2003,0.9578921572472394,Sudan,0.9605911330049262,0.11822660098522167,0.5270935960591133,0.8177339901477833,0.9901477832512315,0.49261083743842365
September 2003,0.6315907916912923,Sudan,0.09359605911330049,0.38916256157635454,0.6157635467980296,0.8078817733990148,0.9802955665024631,0.9802955665024631
October 2003,0.3349736916737548,Sudan,0.06896551724137931,0.8423645320197045,0.6896551724137931,0.798029556650248,0.8866995073891626,0.9064039408866995
November 2003,0.6608121942362778,Sudan,0.5024630541871921,0.7339901477832512,0.768472906403941,0.7881773399014779,0.9359605911330049,0.17733990147783252
December 2003,0.8646972525832753,Sudan,0.6354679802955665,0.49261083743842365,0.8916256157635478,0.7832512315270936,0.8423645320197045,0.768472906403941
January 2004,0.7607726903942734,Sudan,0.7881773399014779,0.5172413793103449,0.8177339901477833,0.768472906403941,0.5862068965517242,0.7931034482758621
February 2004,0.7497734088475184,Sudan,0.7192118226600985,0.08374384236453201,0.7881773399014779,0.7733990147783252,0.6206896551724138,0.7536945812807881
March 2004,0.49552043622280423,Sudan,0.625615763546798,0.4433497536945813,0.7536945812807881,0.7586206896551724,0.768472906403941,0.6896551724137931
April 2004,0.8750244317243094,Sudan,0.6009852216748768,0.5320197044334976,0.7241379310344828,0.7635467980295566,0.8719211822660099,0.7142857142857143
May 2004,0.7556018427085887,Sudan,0.21182266009852216,0.9458128078817734,0.6995073891625616,0.7487684729064036,0.8275862068965517,0.46798029556650245
June 2004,0.5118786387261416,Sudan,0.605911330049261,0.33004926108374383,0.6650246305418719,0.7536945812807881,0.9261083743842364,0.15270935960591134
July 2004,0.933447873639186,Sudan,0.17733990147783252,0.768472906403941,0.6403940886699507,0.7339901477832512,0.7438423645320197,0.5467980295566502
August 2004,0.34571352577519854,Sudan,0.37438423645320196,0.5517241379310345,0.6059113300492611,0.7389162561576355,0.059113300492610835,0.14285714285714285
September 2004,0.0425516133601634,Sudan,0.04926108374384237,0.7192118226600985,0.576354679802956,0.7438423645320197,0.0,0.06896551724137931
October 2004,0.060475475953070595,Sudan,0.03940886699507389,0.812807881773399,0.541871921182266,0.7192118226600985,0.04433497536945813,0.029556650246305417
November 2004,0.16707708497457868,Sudan,0.5123152709359606,0.7487684729064039,0.47783251231527096,0.729064039408867,0.10344827586206896,0.09852216748768473
December 2004,0.2390487853419014,Sudan,0.645320197044335,0.31527093596059114,0.4236453201970443,0.7093596059113301,0.1724137931034483,0.3645320197044335
January 2005,0.11951007590419528,Sudan,0.7980295566502463,0.04926108374384237,0.45812807881773404,0.7142857142857143,0.1330049261083744,0.5665024630541872
February 2005,0.5714285714285714,Sudan,0.7389162561576355,0.9950738916256158,0.4827586206896552,0.7044334975369437,0.16748768472906403,0.5024630541871921
March 2005,0.5361028381590326,Sudan,0.6600985221674877,0.5566502463054187,0.5221674876847291,0.6896551724137931,0.3645320197044335,0.6798029556650247
April 2005,0.27969955886963044,Sudan,0.5517241379310345,0.9113300492610837,0.5467980295566502,0.6847290640394089,0.625615763546798,0.7438423645320197
May 2005,0.6405043218717259,Sudan,0.3497536945812808,0.3990147783251232,0.5615763546798029,0.6748768472906403,0.5960591133004924,0.23645320197044334
June 2005,0.22143877769292863,Sudan,0.5763546798029558,0.4039408866995074,0.5812807881773399,0.6650246305418719,0.6354679802955665,0.09359605911330045
July 2005,0.3866188315707382,Sudan,0.5911330049261083,0.22167487684729065,0.5911330049261084,0.6551724137931034,0.8078817733990148,0.3103448275862069
August 2005,0.23157750389933274,Sudan,0.32019704433497537,0.4827586206896552,0.6108374384236454,0.645320197044335,0.9458128078817734,0.10344827586206896
September 2005,0.32079981556453485,Sudan,0.12807881773399013,0.4729064039408867,0.625615763546798,0.6403940886699507,0.8472906403940886,0.9310344827586207
October 2005,0.6544414640691746,Sudan,0.08866995073891626,0.6354679802955665,0.645320197044335,0.6305418719211823,0.6896551724137931,0.8472906403940886
November 2005,0.41194620902420476,Sudan,0.4236453201970443,0.5812807881773399,0.6551724137931018,0.6206896551724138,0.6551724137931034,0.4433497536945813
December 2005,0.3683577271624899,Sudan,0.6551724137931034,0.916256157635468,0.6699507389162561,0.6108374384236454,0.4827586206896552,0.47783251231527096
January 2006,0.448679268509364,Sudan,0.8029556650246306,0.8620689655172414,0.6798029556650247,0.6009852216748768,0.4285714285714286,0.3004926108374384
February 2006,0.4583347281480468,Sudan,0.7487684729064034,0.7438423645320197,0.6945812807881774,0.5960591133004927,0.32019704433497537,0.4236453201970443
March 2006,0.7142857142857143,Sudan,0.6403940886699507,0.22660098522167488,0.7044334975369458,0.5862068965517241,0.5320197044334976,0.6206896551724138
April 2006,0.6795209403388511,Sudan,0.41379310344827586,0.29064039408866993,0.7142857142857143,0.58128078817734,0.7389162561576355,0.7586206896551724
May 2006,0.3153942534359998,Sudan,0.4039408866995074,0.33497536945812806,0.729064039408867,0.5714285714285714,0.8374384236453202,0.4187192118226601
June 2006,0.3618133998179903,Sudan,0.2857142857142857,0.6995073891625616,0.748768472906403,0.5665024630541872,0.6403940886699507,0.2019704433497537
July 2006,0.4878328952102465,Sudan,0.43349753694581283,0.5369458128078818,0.7586206896551724,0.5517241379310345,0.2857142857142857,0.8029556650246306
August 2006,0.3928418376343078,Sudan,0.6896551724137931,0.23645320197044334,0.7733990147783252,0.5467980295566502,0.04926108374384237,0.8325123152709359
September 2006,0.2857142857142857,Sudan,0.15763546798029557,0.18226600985221675,0.7832512315270936,0.541871921182266,0.11822660098522167,0.9556650246305419
October 2006,0.29108039300584165,Sudan,0.14285714285714285,0.5073891625615763,0.7980295566502463,0.5270935960591133,0.7931034482758621,0.28078817733990147
November 2006,0.8571428571428572,Sudan,0.46798029556650245,0.09852216748768473,0.8078817733990148,0.5172413793103449,0.7635467980295566,0.8177339901477833
December 2006,0.638704384062567,Sudan,0.6699507389162561,0.009852216748768473,0.8226600985221675,0.5073891625615763,0.4975369458128079,0.9655172413793104
January 2007,0.7918850394228977,Sudan,0.8226600985221673,0.0,0.8275862068965517,0.4975369458128079,0.5270935960591133,0.9753694581280788
February 2007,0.6989899532102052,Sudan,0.7586206896551724,0.054187192118226604,0.8325123152709359,0.49261083743842365,0.6650246305418719,0.9507389162561577
March 2007,0.5178116748001839,Sudan,0.6502463054187192,0.3054187192118227,0.8374384236453202,0.47783251231527096,0.6699507389162561,0.9211822660098522
April 2007,0.4644631685285913,Sudan,0.5615763546798029,0.43349753694581283,0.8423645320197045,0.46798029556650245,0.7733990147783252,0.7980295566502463
May 2007,0.5412777611263003,Sudan,0.20689655172413793,0.9310344827586207,0.8522167487684729,0.45320197044334976,0.605911330049261,0.41379310344827586
June 2007,0.8142262233676163,Sudan,0.9704433497536946,0.19704433497536947,0.8571428571428572,0.4482758620689655,0.6798029556650247,0.5073891625615764
July 2007,1.0,Sudan,1.0,0.0049261083743842365,0.8620689655172414,0.43349753694581283,0.9753694581280788,0.8768472906403941
August 2007,0.9873251683155444,Sudan,0.4187192118226601,0.1280788177339899,0.8669950738916257,0.4236453201970443,0.9950738916256158,0.8719211822660092
September 2007,0.8967032596386466,Sudan,0.11330049261083744,0.16748768472906403,0.8719211822660098,0.41379310344827586,0.3842364532019705,0.9950738916256158
October 2007,0.7793461248284453,Sudan,0.059113300492610835,0.4876847290640394,0.8768472906403941,0.4088669950738916,0.4088669950738916,0.896551724137931
November 2007,0.8681869644643704,Sudan,0.5862068965517242,0.5270935960591133,0.8817733990147784,0.3990147783251233,0.6305418719211823,0.5517241379310345
December 2007,0.737973635936284,Sudan,0.6798029556650247,0.6157635467980296,0.8866995073891626,0.39408866995073893,0.6945812807881774,0.4975369458128079
January 2008,0.5532754294268951,Sudan,0.8522167487684729,0.2857142857142857,0.9014778325123153,0.3842364532019705,0.8522167487684729,0.541871921182266
February 2008,0.8952391864484743,Sudan,0.7733990147783252,0.07389162561576355,0.9064039408866995,0.3793103448275862,0.896551724137931,0.6305418719211823
March 2008,0.9404627179634305,Sudan,0.6650246305418719,0.7241379310344848,0.9162561576354681,0.3694581280788177,0.8916256157635469,0.6157635467980296
April 2008,0.9101732446348323,Sudan,0.9753694581280788,0.30049261083743845,0.9211822660098522,0.3645320197044335,0.9064039408866995,0.5960591133004924
May 2008,0.9755109377137438,Sudan,0.22167487684729065,0.5221674876847291,0.9359605911330049,0.35960591133004927,0.8571428571428572,0.9162561576354681
June 2008,0.9653148946275166,Sudan,0.270935960591133,0.4975369458128079,0.9458128078817734,0.35467980295566504,0.8620689655172414,1.0
July 2008,0.91765237616359,Sudan,0.29556650246305416,0.43842364532019706,0.9507389162561577,0.3448275862068966,0.5615763546798029,0.9605911330049262
August 2008,0.7972270028946226,Sudan,0.3990147783251232,0.37438423645320185,0.9605911330049262,0.33497536945812806,0.08374384236453201,0.24630541871921183
September 2008,0.7323422436589302,Sudan,0.15270935960591134,0.3103448275862069,0.9655172413793104,0.3251231527093596,0.8669950738916257,0.16748768472906403
October 2008,0.32706179375044586,Sudan,0.054187192118226604,0.270935960591133,0.9753694581280788,0.3054187192118227,0.5369458128078818,0.12315270935960591
November 2008,0.26200185402347825,Sudan,0.45320197044334976,0.3694581280788177,0.9802955665024631,0.29064039408866993,0.27586206896551724,0.8571428571428572
December 2008,0.8422551385502636,Sudan,0.6945812807881774,0.6403940886699507,0.9901477832512312,0.270935960591133,0.6748768472906408,0.8620689655172414
January 2009,0.8094369526495002,Sudan,0.8571428571428572,0.6650246305418719,0.9310344827586207,0.2561576354679803,0.8177339901477833,0.6502463054187192
February 2009,0.4481246900899052,Sudan,0.7832512315270936,0.8669950738916257,0.8029556650246306,0.2660098522167488,0.7192118226600985,0.5862068965517242
March 2009,0.8329031558130351,Sudan,0.6748768472906403,0.21182266009852216,0.7389162561576355,0.20689655172413793,0.7487684729064037,0.7093596059113301
April 2009,0.7220893179600739,Sudan,0.5073891625615763,0.7832512315270936,0.6600985221674877,0.22167487684729065,0.4630541871921182,0.5763546798029558
May 2009,0.7253521439985487,Sudan,0.1724137931034483,0.7931034482758621,0.5960591133004893,0.18226600985221675,0.458128078817734,0.6945812807881774
June 2009,0.17454267901842654,Sudan,0.2413793103448276,0.9359605911330049,0.4876847290640394,0.19704433497536947,0.3694581280788177,0.024630541871921183
July 2009,0.2260762891749752,Sudan,0.22660098522167488,0.6009852216748769,0.35960591133004927,0.16748768472906403,0.3103448275862069,0.0
August 2009,0.24953939670838132,Sudan,0.3251231527093596,0.7536945812807881,0.24630541871921183,0.17733990147783252,0.07881773399014778,0.03940886699507389
September 2009,0.07873173565224202,Sudan,0.009852216748768473,0.8866995073891626,0.13793103448275862,0.18719211822660098,0.014778325123152709,0.009852216748768473
October 2009,0.005673409742741584,Sudan,0.014778325123152709,0.8029556650246306,0.07389162561576355,0.15763546798029557,0.024630541871921183,0.054187192118226604
November 2009,0.030122586647281718,Sudan,0.4630541871921182,0.47783251231527096,0.03940886699507389,0.1724137931034483,0.07389162561576336,0.08866995073891626
December 2009,0.03556032260836819,Sudan,0.7142857142857143,0.20689655172413793,0.019704433497536946,0.14285714285714285,0.09852216748768473,0.12807881773399013
January 2010,0.12470733806658081,Sudan,0.8669950738916257,0.8522167487684729,0.024630541871921183,0.15270935960591134,0.17733990147783252,0.2561576354679803
February 2010,0.2558206273825207,Sudan,0.8177339901477833,0.7980295566502464,0.04433497536945813,0.21182266009852216,0.25615763546798026,0.645320197044335
March 2010,0.13754154684660327,Sudan,0.6847290640394089,0.4187192118226601,0.04926108374384237,0.1477832512315271,0.19211822660098524,0.4876847290640394
April 2010,0.20383805785104211,Sudan,0.4433497536945813,0.8325123152709359,0.07881773399014778,0.2019704433497537,0.33497536945812806,0.5566502463054187
May 2010,0.4285714285714286,Sudan,0.23645320197044334,0.7586206896551724,0.11330049261083744,0.2315270935960591,0.3793103448275862,0.31527093596059114
June 2010,0.1776585773244589,Sudan,0.33497536945812806,0.6600985221674877,0.15270935960591134,0.2413793103448276,0.21182266009852216,0.812807881773399
July 2010,0.5628064751716354,Sudan,0.5960591133004927,0.2413793103448276,0.20689655172413793,0.2512315270935961,0.4039408866995074,0.5615763546798029
August 2010,0.4356519409847722,Sudan,0.31527093596059114,0.26108374384236455,0.2561576354679803,0.27586206896551724,0.9162561576354702,0.059113300492610835
September 2010,0.05412611527125422,Sudan,0.10344827586206896,0.24630541871921183,0.31527093596059114,0.2955665024630542,0.9211822660098522,0.10837438423645321
October 2010,0.47105149547417063,Sudan,0.11822660098522167,0.5714285714285714,0.3743842364532019,0.30049261083743845,0.18226600985221675,0.06403940886699508
November 2010,0.14285714285714285,Sudan,0.5369458128078818,0.8226600985221675,0.43842364532019706,0.31527093596059114,0.18719211822660087,0.13793103448275862
December 2010,0.8431289361369599,Sudan,0.729064039408867,0.5024630541871922,0.5123152709359605,0.32019704433497537,0.15763546798029557,0.22660098522167488
January 2011,999.0,Sudan,0.8768472906403941,0.03940886699507389,0.45320197044334976,0.33990147783251234,0.20689655172413793,0.3497536945812808
February 2011,0.5613554982282386,Sudan,0.8078817733990148,0.5960591133004925,0.4088669950738916,0.33004926108374383,0.3497536945812808,0.3694581280788177
March 2011,0.4226334022999407,Sudan,0.7241379310344828,0.034482758620689655,0.3694581280788177,0.2857142857142857,0.5073891625615761,0.37438423645320196
April 2011,0.9057205863005512,Sudan,0.4975369458128079,0.5123152709359606,0.32019704433497537,0.28078817733990147,0.5221674876847291,0.20689655172413793
May 2011,0.6493502667958888,Sudan,0.3103448275862069,0.3497536945812808,0.29064039408866993,0.26108374384236455,0.5123152709359606,0.1330049261083744
June 2011,999.0,Sudan,0.26108374384236455,0.7783251231527084,0.2413793103448276,0.24630541871921183,0.5517241379310345,0.08374384236453201
July 2011,0.2435490950707114,Sudan,0.18226600985221675,0.896551724137931,0.21182266009852216,0.22660098522167488,0.09359605911330042,0.15763546798029557
August 2011,0.06411712835267874,Sudan,0.541871921182266,0.3645320197044335,0.1724137931034483,0.19211822660098524,0.054187192118226604,0.4482758620689655
September 2011,0.10755950225867482,Sudan,0.13793103448275862,0.2660098522167488,0.1330049261083744,0.1625615763546798,0.029556650246305417,0.7832512315270936
October 2011,0.15671067067461514,Sudan,0.10837438423645321,0.625615763546798,0.10837438423645321,0.13793103448275862,0.08866995073891626,0.5812807881773399
November 2011,0.5475278353423737,Sudan,0.4876847290640394,0.024630541871921183,0.08374384236453201,0.1330049261083744,0.13793103448275862,0.625615763546798
December 2011,999.0,Sudan,0.7438423645320197,0.2955665024630542,0.054187192118226604,0.12315270935960591,0.1477832512315271,0.7881773399014779
January 2012,0.26854020687937563,Sudan,0.8916256157635476,0.11330049261083744,0.08866995073891626,0.11822660098522167,0.25123152709359603,0.7044334975369457
January 2012,0.21293307807801803,Sudan,0.896551724137931,0.10837438423645321,0.09359605911330049,0.0049261083743842365,0.2413793103448276,0.6995073891625616
February 2012,0.0887279170410838,Sudan,0.8325123152709359,0.6847290640394089,0.11822660098522167,0.019704433497536946,0.22660098522167488,0.4729064039408867
March 2012,0.5008526281159988,Sudan,0.7044334975369458,0.10344827586206896,0.14285714285714285,0.0,0.22167487684729065,0.2857142857142857
April 2012,0.4398523991867452,Sudan,0.45812807881773404,0.27586206896551724,0.18226600985221675,0.014778325123152709,0.3448275862068966,0.45320197044334976
May 2012,999.0,Sudan,0.24630541871921183,0.7044334975369457,0.22167487684729065,0.009852216748768473,0.2315270935960591,0.18719211822660095
June 2012,0.4155888304104576,Sudan,0.3793103448275862,0.3793103448275862,0.270935960591133,0.029556650246305417,0.31527093596059114,0.26108374384236455
July 2012,0.6847210971278199,Sudan,0.4482758620689655,0.1477832512315271,0.3054187192118227,0.024630541871921183,0.5812807881773401,0.5369458128078818
August 2012,0.7440480032294553,Sudan,0.35960591133004927,0.17733990147783252,0.3448275862068966,0.034482758620689655,0.9605911330049262,0.6748768472906407
September 2012,0.881189192038318,Sudan,0.06403940886699508,0.3842364532019705,0.3891625615763547,0.04433497536945813,0.541871921182266,0.9261083743842364
October 2012,999.0,Sudan,0.04433497536945813,0.6108374384236454,0.4482758620689655,0.03940886699507389,0.41379310344827586,0.6551724137931033
November 2012,0.5947075788247366,Sudan,0.6157635467980296,0.28078817733990147,0.4975369458128079,0.054187192118226604,0.35467980295566504,0.7241379310344829
December 2012,0.6676203447233297,Sudan,0.7536945812807881,0.2561576354679802,0.5566502463054187,0.04926108374384237,0.47783251231527096,0.7192118226600985
January 2013,0.6111523588178287,Sudan,0.9113300492610837,0.6798029556650247,0.49261083743842365,0.059113300492610835,0.4236453201970443,0.729064039408867
February 2013,0.38160971178504627,Sudan,0.8472906403940886,0.8078817733990148,0.4433497536945813,0.06896551724137931,0.33004926108374383,0.7389162561576355
March 2013,999.0,Sudan,0.7339901477832512,0.605911330049261,0.4039408866995074,0.06403940886699508,0.28078817733990147,0.5911330049261083
April 2013,0.8272531085304755,Sudan,0.4285714285714286,0.15270935960591134,0.3497536945812808,0.07389162561576355,0.4433497536945813,0.2660098522167488
May 2013,0.8039216839717491,Sudan,0.19211822660098524,0.7635467980295566,0.3103448275862069,0.07881773399014778,0.2955665024630542,0.6403940886699507
June 2013,0.6225361104736084,Sudan,0.3694581280788177,0.45320197044334976,0.27586206896551724,0.08374384236453201,0.4187192118226601,0.891625615763547
July 2013,0.0951237300320748,Sudan,0.1625615763546798,0.6896551724137931,0.2315270935960591,0.08866995073891626,0.12315270935960591,0.29556650246305394
August 2013,999.0,Sudan,0.9901477832512313,0.019704433497536946,0.18719211822660092,0.09359605911330046,0.12807881773399016,0.07881773399014778
September 2013,999.0,Sudan,0.07881773399014778,0.35467980295566504,0.15763546798029557,0.09852216748768473,0.19704433497536947,0.14778325123152705
October 2013,0.1848607586887316,Sudan,0.09852216748768473,0.39408866995073893,0.12315270935960591,0.10344827586206896,0.5566502463054187,0.19211822660098524
November 2013,0.11263155127417268,Sudan,0.5714285714285714,0.33990147783251234,0.09852216748768473,0.10837438423645321,0.4729064039408867,0.6108374384236454
December 2013,0.07218974687509792,Sudan,0.768472906403941,0.04433497536945813,0.059113300492610835,0.11330049261083744,0.29064039408867,0.270935960591133
January 2014,0.2742628484733677,Sudan,0.9211822660098522,0.35960591133004927,0.10344827586206896,0.12807881773399016,0.43349753694581283,0.27586206896551724
February 2014,999.0,Sudan,0.8620689655172414,0.059113300492610835,0.1280788177339901,0.21674876847290642,0.46798029556650245,0.3251231527093596
March 2014,0.585386258887984,Sudan,0.9359605911330049,0.4581280788177341,0.1625615763546798,0.23645320197044334,0.5911330049261072,0.43842364532019706
April 2014,0.35945715058845873,Sudan,0.9655172413793104,0.32019704433497537,0.2019704433497537,0.3103448275862069,0.39408866995073893,0.4039408866995074
May 2014,0.6205092624482538,Sudan,0.33990147783251234,0.21674876847290642,0.23645320197044334,0.3497536945812808,0.6108374384236454,0.9113300492610837
June 2014,0.19588735152507153,Sudan,0.35467980295566504,0.5911330049261084,0.2857142857142857,0.37438423645320185,0.37438423645320185,0.6847290640394089
July 2014,999.0,Sudan,0.9852216748768473,0.2512315270935961,0.3251231527093596,0.3891625615763547,0.7093596059113301,0.1724137931034483
August 2014,0.29573101176728445,Sudan,0.27586206896551724,0.06403940886699508,0.3793103448275862,0.4039408866995074,0.9556650246305419,0.11330049261083744
September 2014,0.7847410020816402,Sudan,0.1330049261083744,0.15763546798029557,0.41379310344827586,0.4285714285714286,0.9852216748768473,0.8374384236453202
October 2014,0.9943393076926353,Sudan,0.28078817733990147,0.06896551724137931,0.4729064039408867,0.4433497536945813,0.9655172413793104,0.9901477832512311
November 2014,0.6711387837988745,Sudan,0.5172413793103449,0.4285714285714286,0.5320197044334976,0.4630541871921182,0.9014778325123153,0.7733990147783252
December 2014,999.0,Sudan,0.7783251231527094,0.7733990147783252,0.5714285714285714,0.4827586206896552,0.7881773399014779,0.5320197044334976
January 2015,0.30285686630351705,Sudan,0.9261083743842364,0.1330049261083744,0.5517241379310345,0.5024630541871918,0.7832512315270936,0.5714285714285714
February 2015,0.18786174221577764,Sudan,0.8719211822660097,0.9211822660098522,0.5024630541871922,0.5221674876847291,0.7536945812807881,0.33497536945812806
March 2015,0.3102948805178996,Sudan,0.9014778325123153,0.9408866995073821,0.4630541871921182,0.5369458128078818,0.6157635467980296,0.33990147783251234
April 2015,0.6896645642112098,Sudan,0.47783251231527096,0.19211822660098524,0.4187192118226601,0.5615763546798029,0.5763546798029556,0.35960591133004927
April 2015,0.5295045706480833,Sudan,0.4827586206896552,0.18719211822660098,0.43349753694581283,0.4187192118226601,0.5665024630541872,0.35467980295566504
May 2015,999.0,Sudan,0.2315270935960591,0.7881773399014779,0.39901477832512317,0.43842364532019706,0.6600985221674877,0.4088669950738916
June 2015,999.0,Sudan,0.3842364532019705,0.5665024630541872,0.35467980295566504,0.45812807881773404,0.7044334975369458,0.19704433497536947
July 2015,0.014436994850789382,Sudan,0.18719211822660095,0.9704433497536946,0.33004926108374383,0.4729064039408867,0.1625615763546798,0.019704433497536946
August 2015,0.0,Sudan,0.21674876847290642,0.9014778325123153,0.29556650246305416,0.4876847290640394,0.0049261083743842365,0.0049261083743842365
September 2015,0.1487522673031549,Sudan,0.0049261083743842365,0.9753694581280788,0.2660098522167488,0.5123152709359605,0.009852216748768473,0.04926108374384237
October 2015,999.0,Sudan,0.14778325123152708,0.9261083743842364,0.22660098522167488,0.5320197044334976,0.06896551724137931,0.014778325123152709
November 2015,999.0,Sudan,0.5320197044334976,0.729064039408867,0.19704433497536947,0.5566502463054187,0.15270935960591134,0.07389162561576353
December 2015,0.045505468299478435,Sudan,0.9064039408866995,0.014778325123152709,0.16748768472906403,0.5763546798029556,0.24630541871921183,0.43349753694581283
January 2016,0.015480196363917545,Sudan,0.9408866995073881,0.029556650246305417,0.19211822660098524,0.5911330049261083,0.35960591133004927,0.7783251231527087
February 2016,0.5262334175557929,Sudan,0.8817733990147784,0.4630541871921182,0.21674876847290642,0.605911330049261,0.33990147783251234,0.6009852216748768
March 2016,0.6086312828778029,Sudan,0.8374384236453202,1.0,0.2512315270935959,0.6157635467980296,0.23645320197044334,0.3793103448275862
April 2016,999.0,Sudan,0.5566502463054187,0.6502463054187192,0.28078817733990147,0.625615763546798,0.30049261083743845,0.25123152709359603
May 2016,0.9472966424044506,Sudan,0.3448275862068966,0.4088669950738916,0.30049261083743845,0.6354679802955665,0.3251231527093596,0.9014778325123153
June 2016,0.7015129794286137,Sudan,0.3645320197044335,0.6305418719211823,0.33497536945812806,0.6502463054187192,0.21674876847290642,0.9408866995073891
July 2016,0.9270487126375693,Sudan,0.9802955665024631,0.1724137931034483,0.3645320197044335,0.6600985221674877,0.724137931034483,0.7635467980295566
August 2016,0.9688554953123241,Sudan,0.33004926108374383,0.2315270935960591,0.39408866995073893,0.6699507389162561,0.7783251231527094,0.5270935960591133
September 2016,999.0,Sudan,0.0,0.891625615763547,0.4285714285714286,0.6798029556650247,0.9507389162561577,0.8078817733990148
October 2016,999.0,Sudan,0.024630541871921183,0.9605911330049262,0.46798029556650245,0.6945812807881774,0.5172413793103449,0.8522167487684729
November 2016,0.6012264778216929,Sudan,0.5467980295566502,0.8817733990147784,0.5073891625615665,0.6995073891625616,0.38916256157635415,0.4827586206896552
December 2016,0.33500858037792036,Sudan,0.812807881773399,0.8571428571428572,0.5369458128078818,0.7241379310344893,0.8226600985221675,0.22167487684729065
January 2017,0.9221511312288823,Sudan,0.9458128078817734,0.9802955665024631,0.5665024630541872,0.7783251231527093,0.9310344827586207,0.2413793103448276
February 2017,999.0,Sudan,0.9310344827586207,0.09359605911330042,0.586206896551724,0.7931034482758621,0.9113300492610837,0.2315270935960591
March 2017,0.577303318043792,Sudan,0.7931034482758621,0.46798029556650245,0.6009852216748768,0.8029556650246306,0.8029556650246306,0.38916256157635415
April 2017,0.8222196120023296,Sudan,0.6108374384236454,0.8177339901477833,0.6206896551724138,0.812807881773399,0.43842364532019706,0.39408866995073893
May 2017,0.7735953139645925,Sudan,0.6995073891625616,0.14285714285714285,0.6305418719211823,0.8275862068965517,0.7339901477832512,0.3842364532019705
June 2017,0.4762387996718674,Sudan,0.3004926108374384,0.6945812807881774,0.6502463054187192,0.8374384236453202,0.6502463054187192,0.8275862068965517
July 2017,999.0,Sudan,0.25615763546797976,0.645320197044335,0.6748768472906403,0.8522167487684729,0.2019704433497537,0.6600985221674877
August 2017,999.0,Sudan,0.19704433497536947,0.5615763546798029,0.6847290640394089,0.8620689655172414,0.019704433497536946,0.8669950738916257
September 2017,999.0,Sudan,0.029556650246305417,0.6748768472906406,0.7093596059113301,0.8719211822660099,0.06403940886699505,0.9852216748768473
October 2017,999.0,Sudan,0.019704433497536946,0.9556650246305419,0.7192118226600985,0.8866995073891626,0.14285714285714285,0.9359605911330049
November 2017,999.0,Sudan,0.5270935960591133,0.7142857142857143,0.7438423645320197,0.9064039408866995,0.26108374384236455,0.6699507389162561
December 2017,999.0,Sudan,0.8275862068965517,0.9064039408866995,0.7635467980295566,0.9211822660098522,0.5024630541871922,0.5172413793103449
January 2018,999.0,Sudan,0.9507389162561577,0.08866995073891626,0.7783251231527093,0.9359605911330049,0.7586206896551724,0.39901477832512317
February 2018,999.0,Sudan,0.9162561576354687,0.9901477832512315,0.7931034482758621,0.9458128078817734,0.5714285714285714,0.32019704433497537
March 2018,999.0,Sudan,0.8866995073891626,0.5763546798029556,0.812807881773399,0.9507389162561577,0.4482758620689655,0.33004926108374383
April 2018,999.0,Sudan,0.49261083743842365,0.2019704433497537,0.8472906403940886,0.9556650246305419,0.3054187192118227,0.5123152709359597
May 2018,999.0,Sudan,0.3054187192118227,0.4236453201970443,0.896551724137931,0.9605911330049262,0.45320197044334976,0.3054187192118227
June 2018,0.8870567640405604,Sudan,0.38916256157635465,0.1625615763546798,0.9113300492610837,0.9655172413793104,0.49261083743842365,0.8866995073891626
July 2018,0.15951708019913804,Sudan,0.5221674876847291,0.3448275862068966,0.9261083743842364,0.9704433497536946,0.9408866995073889,0.8423645320197046
August 2018,999.0,Sudan,0.5812807881773399,0.12315270935960591,0.9408866995073891,0.9753694581280788,1.0,0.4630541871921182
September 2018,999.0,Sudan,0.07389162561576355,0.3251231527093596,0.9556650246305419,0.9802955665024631,0.9704433497536946,0.9704433497536946
October 2018,0.8512858042596659,Sudan,0.034482758620689655,0.8275862068965517,0.9704433497536946,0.9852216748768473,0.6009852216748769,0.4285714285714286
November 2018,0.9830378470257175,Sudan,0.5665024630541872,0.5467980295566502,0.9852216748768473,0.9901477832512314,0.7142857142857143,0.6059113300492611
December 2018,0.706465100173011,Sudan,0.8423645320197044,0.4482758620689655,0.9950738916256158,0.9950738916256158,0.812807881773399,0.4581280788177341
January 2019,0.4823148649827183,Sudan,0.9556650246305419,0.9655172413793104,1.0,1.0,0.8768472906403941,0.29064039408866993
April 2002,0.24074385417961613,Indus,0.5763546798029557,0.8719211822660099,0.0,0.9753694581280788,0.5517241379310345,0.25123152709359603
May 2002,0.423403962376787,Indus,0.4876847290640394,0.8916256157635468,0.0049261083743842365,0.9655172413793104,0.35960591133004927,0.19211822660098524
June 2002,999.0,Indus,0.6699507389162561,0.5024630541871915,0.009852216748768473,0.9605911330049262,0.5615763546798029,0.2857142857142857
July 2002,999.0,Indus,0.0,0.8620689655172414,0.014778325123152709,0.9507389162561577,0.019704433497536946,0.15763546798029557
August 2002,0.131286769275223,Indus,0.4975369458128079,0.7586206896551724,0.019704433497536946,0.940886699507389,0.009852216748768473,0.019704433497536946
September 2002,0.21423720522167244,Indus,0.20689655172413793,0.019704433497536946,0.024630541871921183,0.9310344827586207,0.09359605911330049,0.07881773399014778
October 2002,0.34996138263215054,Indus,0.11822660098522167,0.7142857142857143,0.029556650246305417,0.9211822660098522,0.33004926108374383,0.21674876847290642
November 2002,0.3047363525005783,Indus,0.5221674876847291,0.8325123152709359,0.034482758620689655,0.9162561576354681,0.729064039408867,0.3251231527093596
December 2002,0.5910048413149838,Indus,0.625615763546798,0.7536945812807881,0.03940886699507389,0.9064039408866995,0.5369458128078818,0.4285714285714286
January 2003,0.32065441312516557,Indus,0.3743842364532019,0.7783251231527089,0.04433497536945813,0.896551724137931,0.029556650246305417,0.4482758620689655
February 2003,0.2654249042345301,Indus,0.9852216748768473,0.5517241379310345,0.059113300492610835,0.8866995073891626,0.2413793103448276,0.6009852216748769
March 2003,0.5664137626979988,Indus,0.6896551724137931,0.23645320197044334,0.07389162561576355,0.8768472906403941,0.3054187192118227,0.8177339901477833
April 2003,0.4880804218159246,Indus,0.7241379310344829,0.6798029556650247,0.09359605911330046,0.8669950738916257,0.5024630541871921,0.5467980295566502
May 2003,0.7581152861946487,Indus,0.704433497536945,0.059113300492610835,0.11330049261083744,0.8620689655172414,0.3694581280788177,0.7438423645320197
June 2003,999.0,Indus,0.3990147783251233,0.5369458128078818,0.13793103448275862,0.8522167487684729,0.21674876847290642,0.5862068965517242
July 2003,0.8031136294046032,Indus,0.9113300492610837,0.13793103448275862,0.23645320197044334,0.8423645320197046,0.9408866995073888,0.625615763546798
August 2003,0.6401649213979745,Indus,0.4630541871921182,0.3251231527093596,0.29556650246305416,0.8325123152709359,0.8177339901477833,0.7192118226600985
September 2003,0.6306226317346483,Indus,0.18226600985221675,0.32019704433497537,0.33497536945812806,0.8275862068965517,0.5123152709359606,0.7733990147783252
October 2003,0.8272079002600915,Indus,0.059113300492610835,0.3694581280788177,0.3793103448275862,0.8177339901477833,0.45320197044334976,0.6600985221674877
November 2003,0.6663935082779604,Indus,0.7142857142857143,0.12315270935960591,0.4236453201970443,0.8078817733990148,0.7093596059113301,0.5714285714285714
December 2003,0.7979238200615992,Indus,0.6847290640394089,0.39901477832512317,0.47783251231527096,0.7980295566502471,0.5960591133004927,0.605911330049261
January 2004,0.5914017083582004,Indus,0.8325123152709359,0.7192118226600985,0.45812807881773404,0.7931034482758621,0.6995073891625616,0.6305418719211823
February 2004,0.6980874471296342,Indus,0.28078817733990147,0.7438423645320197,0.43842364532019706,0.7832512315270936,0.7586206896551724,0.6354679802955665
March 2004,0.202079853839473,Indus,0.07881773399014778,0.9950738916256158,0.4088669950738916,0.7733990147783252,0.2561576354679803,0.3743842364532016
April 2004,0.08986570263321153,Indus,0.7980295566502463,0.9605911330049262,0.39408866995073893,0.7635467980295566,0.3990147783251234,0.11822660098522167
May 2004,0.11860220210045536,Indus,0.3497536945812808,0.591133004926108,0.3743842364532017,0.7536945812807881,0.4187192118226601,0.23645320197044334
June 2004,0.26604672803524687,Indus,0.5615763546798029,0.26108374384236455,0.35467980295566504,0.7487684729064036,0.6502463054187192,0.25615763546798026
July 2004,0.10460372361348626,Indus,0.009852216748768473,0.7241379310344828,0.33990147783251234,0.7389162561576355,0.33990147783251234,0.1625615763546798
August 2004,0.04681080985963341,Indus,0.1871921182266009,0.4630541871921182,0.31527093596059114,0.729064039408867,0.3448275862068966,0.10344827586206896
September 2004,0.03963571675269435,Indus,0.019704433497536946,0.7339901477832512,0.3004926108374384,0.7241379310344828,0.10837438423645321,0.034482758620689655
October 2004,0.09586773701111194,Indus,0.5862068965517242,0.0,0.27586206896551724,0.7142857142857143,0.26108374384236455,0.33990147783251234
November 2004,0.18709377966625665,Indus,0.6108374384236454,0.6206896551724138,0.25615763546798026,0.7044334975369456,0.5467980295566502,0.43842364532019706
December 2004,0.1365906907344232,Indus,0.8472906403940886,0.842364532019707,0.22660098522167488,0.6945812807881774,0.7733990147783252,0.4729064039408867
January 2005,0.20877806236189816,Indus,0.6551724137931033,0.10837438423645321,0.2512315270935957,0.6896551724137931,0.9507389162561577,0.6699507389162561
February 2005,0.7519300492207771,Indus,0.9950738916256158,0.09852216748768473,0.270935960591133,0.6798029556650247,1.0,0.8522167487684729
March 2005,0.9110782809725457,Indus,0.812807881773399,0.4236453201970443,0.29064039408866993,0.6699507389162561,0.9950738916256158,0.8916256157635469
April 2005,0.7604667158969186,Indus,0.6945812807881774,0.06403940886699508,0.3054187192118227,0.6600985221674877,0.8916256157635468,0.8472906403940886
May 2005,0.916287309797915,Indus,0.7733990147783252,0.0049261083743842365,0.32019704433497537,0.6502463054187192,0.7142857142857143,0.6945812807881774
June 2005,0.9754996313496704,Indus,0.5172413793103449,0.37438423645320185,0.33004926108374383,0.645320197044335,0.270935960591133,0.7832512315270936
July 2005,0.9621545689205058,Indus,0.35960591133004927,0.21674876847290642,0.3497536945812808,0.6354679802955665,0.5566502463054187,0.8571428571428572
August 2005,0.5608706929000634,Indus,0.024630541871921183,0.645320197044335,0.3645320197044335,0.625615763546798,0.15270935960591134,0.09852216748768473
September 2005,0.4464533190686957,Indus,0.2019704433497537,0.6354679802955665,0.3842364532019705,0.6206896551724138,0.7783251231527089,0.07389162561576355
October 2005,0.620616092449719,Indus,0.11330049261083744,0.5320197044334976,0.39901477832512317,0.6108374384236454,0.8226600985221675,0.29064039408867015
November 2005,0.541831908424915,Indus,0.5369458128078818,0.4088669950738916,0.41379310344827586,0.6059113300492602,0.541871921182266,0.3842364532019705
December 2005,0.5236578259612836,Indus,0.3103448275862069,0.2857142857142857,0.4285714285714286,0.5911330049261077,0.04433497536945813,0.45320197044334976
January 2006,0.4956165175156381,Indus,0.8571428571428572,0.6305418719211823,0.4433497536945813,0.5812807881773399,0.014778325123152709,0.541871921182266
February 2006,0.35810594885253183,Indus,0.4729064039408867,1.0,0.45320197044334976,0.5665024630541872,0.32019704433497537,0.4187192118226601
March 2006,0.2559627070704318,Indus,0.46798029556650245,0.30049261083743845,0.4630541871921182,0.5467980295566502,0.19211822660098524,0.270935960591133
April 2006,0.24430400779881703,Indus,0.4039408866995074,0.5665024630541872,0.4729064039408867,0.541871921182266,0.2857142857142857,0.13793103448275862
May 2006,0.15607359279293917,Indus,0.38916256157635404,0.9556650246305419,0.4827586206896552,0.5270935960591133,0.29064039408867004,0.24630541871921183
June 2006,0.3984259518196051,Indus,0.6995073891625616,0.21182266009852216,0.49261083743842365,0.5172413793103449,0.2512315270935961,0.2315270935960591
July 2006,0.2264075923402113,Indus,0.6305418719211823,0.6945812807881774,0.4975369458128079,0.507389162561576,0.3645320197044335,0.3448275862068966
August 2006,0.3619954357162736,Indus,0.9802955665024631,0.17733990147783252,0.5073891625615762,0.49261083743842365,0.6206896551724138,0.7044334975369454
September 2006,0.6017106142767501,Indus,0.15763546798029557,0.3497536945812808,0.5123152709359606,0.4827586206896552,0.3251231527093596,0.6748768472906403
October 2006,0.5177437341491461,Indus,0.1625615763546798,0.8374384236453202,0.5221674876847291,0.46798029556650245,0.7536945812807881,0.49261083743842365
November 2006,0.5845105283405926,Indus,0.8177339901477833,0.6502463054187192,0.5320197044334976,0.4630541871921182,0.8768472906403941,0.6403940886699507
December 2006,0.9813489882982059,Indus,0.8817733990147784,0.19704433497536947,0.5369458128078818,0.4482758620689655,0.8669950738916257,0.8620689655172414
January 2007,0.8571428571428572,Indus,0.19704433497536947,0.605911330049261,0.5517241379310345,0.43842364532019706,0.5763546798029558,0.7142857142857143
February 2007,0.7789289346872477,Indus,0.9704433497536946,0.8177339901477833,0.5665024630541872,0.43349753694581283,0.9113300492610837,0.7635467980295566
March 2007,0.9703236919995051,Indus,0.8916256157635468,0.11822660098522167,0.5763546798029557,0.4236453201970443,0.9852216748768473,0.8817733990147784
April 2007,0.9033217990479641,Indus,0.21182266009852216,0.9704433497536946,0.5911330049261084,0.41379310344827586,0.9310344827586207,0.9507389162561577
May 2007,0.708007282379984,Indus,0.5123152709359606,0.7931034482758621,0.6403940886699507,0.4088669950738916,0.7980295566502464,0.4088669950738916
June 2007,0.9317027114707338,Indus,0.9655172413793104,0.45812807881773404,0.6896551724137931,0.3990147783251234,0.9261083743842364,0.31527093596059114
July 2007,0.9598586915145485,Indus,0.10344827586206896,0.541871921182266,0.7142857142857143,0.3891625615763546,0.9802955665024631,0.7487684729063987
August 2007,0.6609552004943618,Indus,0.2561576354679803,0.7389162561576355,0.7586206896551724,0.3842364532019705,0.8078817733990148,0.12807881773399016
September 2007,0.4746807970359591,Indus,0.08374384236453201,0.6650246305418719,0.7980295566502467,0.37438423645320196,0.46798029556650245,0.04433497536945813
October 2007,0.5059517270323634,Indus,0.04926108374384237,0.43349753694581283,0.8472906403940886,0.3694581280788177,0.5073891625615758,0.14285714285714285
November 2007,0.4285714285714286,Indus,0.4433497536945813,0.9753694581280788,0.8916256157635486,0.35960591133004927,0.4876847290640394,0.2660098522167488
December 2007,0.3081446350457221,Indus,0.5270935960591133,0.29064039408866993,1.0,0.3497536945812808,0.4236453201970443,0.38916256157635093
January 2008,0.3925464294394708,Indus,0.896551724137931,0.08866995073891626,0.9655172413793104,0.3448275862068966,0.03940886699507389,0.5960591133004924
February 2008,0.4055137235128812,Indus,0.3448275862068966,0.07881773399014778,0.9261083743842364,0.33497536945812806,0.0049261083743842365,0.4236453201970443
March 2008,0.22076075588139052,Indus,0.06403940886699508,0.9655172413793104,0.9211822660098522,0.3251231527093596,0.1477832512315271,0.2413793103448276
April 2008,0.18786475091568486,Indus,0.8522167487684729,0.2660098522167488,0.9064039408866995,0.32019704433497537,0.4827586206896552,0.33497536945812806
May 2008,0.15843692131468481,Indus,0.6748768472906406,0.4039408866995074,0.896551724137931,0.3103448275862069,0.45812807881773404,0.21182266009852216
June 2008,0.38518308708437776,Indus,0.9605911330049262,0.3054187192118227,0.8817733990147784,0.3054187192118227,0.6748768472906409,0.6896551724137931
July 2008,0.3159186505093724,Indus,0.2413793103448276,0.5467980295566502,0.8768472906403941,0.2955665024630496,0.41379310344827586,0.8078817733990148
August 2008,0.3384282626224397,Indus,0.7931034482758621,0.2019704433497537,0.8719211822660087,0.28078817733990147,0.7192118226600985,0.8669950738916257
September 2008,0.16745247011546402,Indus,0.09852216748768473,0.1625615763546798,0.8571428571428572,0.270935960591133,0.33497536945812806,0.8275862068965517
October 2008,0.3284658169314488,Indus,0.15270935960591134,0.7733990147783252,0.8522167487684729,0.2561576354679803,0.16748768472906403,0.39901477832512317
November 2008,0.2857142857142857,Indus,0.5467980295566502,0.7881773399014779,0.8374384236453202,0.2413793103448276,0.23645320197044334,0.3793103448275862
December 2008,0.482170510713608,Indus,0.8620689655172414,0.8768472906403941,0.8275862068965517,0.22660098522167488,0.645320197044335,0.6798029556650247
January 2009,0.41042853749231556,Indus,0.8029556650246306,0.9162561576354683,0.8177339901477833,0.20689655172413793,0.9901477832511352,0.8029556650246306
February 2009,0.44040485007836666,Indus,0.7586206896551724,0.9064039408866995,0.812807881773399,0.21182266009852216,0.896551724137931,0.8374384236453202
March 2009,0.34654306270635815,Indus,0.30049261083743845,0.7635467980295566,0.7931034482758621,0.18226600985221675,0.10344827586206896,0.6157635467980296
April 2009,0.5474713681400772,Indus,0.7635467980295566,0.3103448275862069,0.7832512315270936,0.18719211822660098,0.4088669950738916,0.8325123152709359
May 2009,0.5714285714285714,Indus,0.5024630541871922,0.5221674876847291,0.7733990147783252,0.16748768472906403,0.43349753694581283,0.7980295566502463
June 2009,0.5319967800997991,Indus,0.3694581280788177,0.15763546798029557,0.7635467980295566,0.1724137931034483,0.19704433497536947,0.6502463054187192
July 2009,0.5320814409145695,Indus,0.14285714285714285,0.6551724137931016,0.7487684729064037,0.1477832512315271,0.07881773399014778,0.19704433497536947
August 2009,0.06430734472411999,Indus,0.17733990147783252,0.812807881773399,0.7389162561576355,0.15270935960591134,0.4729064039408867,0.0
September 2009,0.05372231401983964,Indus,0.07389162561576355,0.4482758620689655,0.729064039408867,0.15763546798029557,0.7438423645320197,0.04926108374384237
October 2009,0.1010411880803885,Indus,0.09359605911330049,0.5073891625615764,0.7192118226600985,0.12807881773399016,0.5221674876847291,0.12315270935960591
November 2009,0.14959000860639535,Indus,0.7783251231527092,0.2413793103448276,0.7044334975369457,0.1330049261083744,0.21182266009852216,0.32019704433497537
December 2009,0.27379440395739507,Indus,0.4285714285714286,0.5763546798029557,0.6945812807881774,0.10344827586206896,0.06896551724137931,0.41379310344827586
January 2010,0.14285714285714285,Indus,0.3054187192118227,0.9310344827586207,0.7093596059113301,0.11822660098522167,0.22660098522167488,0.35467980295566504
February 2010,0.17247340037813177,Indus,0.8719211822660095,0.8472906403940886,0.7339901477832512,0.12315270935960591,0.1724137931034483,0.46798029556650245
March 2010,0.07078169044322266,Indus,0.19211822660098524,0.9901477832512315,0.7438423645320197,0.04926108374384237,0.06403940886699508,0.5172413793103449
April 2010,0.038897771624183584,Indus,0.43349753694581283,0.9802955665024631,0.768472906403941,0.06403940886699508,0.12807881773399013,0.22660098522167488
May 2010,0.07878874991847648,Indus,0.7832512315270936,0.8078817733990148,0.7881773399014779,0.054187192118226604,0.1625615763546798,0.3004926108374384
June 2010,0.6213775146655327,Indus,0.7487684729064039,0.054187192118226604,0.8029556650246306,0.06896551724137931,0.24630541871921183,0.3054187192118227
July 2010,0.36898293176362684,Indus,0.9753694581280788,0.25615763546798026,0.8226600985221673,0.059113300492610835,0.1871921182266009,0.645320197044335
August 2010,0.8919407615622712,Indus,0.9901477832512315,0.16748768472906403,0.8423645320197048,0.07389162561576355,0.7931034482758621,1.0
September 2010,0.7753842297146605,Indus,0.4482758620689655,0.12807881773399013,0.8669950738916257,0.08866995073891626,0.8325123152709359,0.9950738916256158
October 2010,0.8362826753022943,Indus,0.1330049261083744,0.7093596059113301,0.8866995073891626,0.07881773399014778,0.7044334975369456,0.9064039408866995
November 2010,0.7266897727318128,Indus,0.4088669950738916,0.6847290640394089,0.9162561576354681,0.09359605911330049,0.7389162561576355,0.7536945812807881
December 2010,0.719374781104979,Indus,0.43842364532019706,0.5172413793103449,0.9310344827586207,0.08374384236453201,0.3103448275862069,0.58128078817734
January 2011,999.0,Indus,0.2857142857142857,0.1724137931034483,0.9359605911330049,0.09852216748768473,0.30049261083743845,0.4876847290640394
February 2011,0.8623984169535108,Indus,0.9507389162561577,0.47783251231527096,0.9458128078817734,0.14285714285714285,0.8620689655172414,0.7586206896551724
March 2011,0.7386478110107259,Indus,0.33004926108374383,0.6157635467980296,0.9408866995073891,0.11330049261083744,0.8029556650246306,0.5911330049261084
April 2011,0.8378083141202974,Indus,0.7093596059113301,0.06896551724137931,0.9507389162561577,0.1625615763546798,0.6354679802955665,0.5566502463054187
May 2011,0.6146152119026117,Indus,0.39408866995073893,0.8275862068965517,0.9556650246305419,0.17733990147783252,0.5812807881773399,0.6995073891625616
June 2011,999.0,Indus,0.7339901477832512,0.35467980295566504,0.9605911330049262,0.19704433497536947,0.6798029556650247,0.3497536945812808
July 2011,0.6438321170653278,Indus,0.08866995073891626,0.3645320197044335,0.9704433497536946,0.2019704433497537,0.6305418719211823,0.39408866995073893
August 2011,0.4151147746475777,Indus,0.9261083743842364,0.29556650246305416,0.9753694581280788,0.2315270935960591,0.9458128078817734,0.2955665024630541
September 2011,0.9003288985881994,Indus,0.9064039408866995,0.11330049261083744,0.9802955665024631,0.23645320197044334,0.9556650246305419,0.9556650246305419
October 2011,0.9305569636610315,Indus,0.16748768472906403,0.4285714285714286,0.9852216748768473,0.2512315270935961,0.9064039408866995,0.940886699507389
November 2011,0.95382084286667,Indus,0.5665024630541872,0.9507389162561577,0.9901477832512315,0.2660098522167488,0.9014778325123153,0.729064039408867
December 2011,999.0,Indus,0.35467980295566504,0.4827586206896552,0.9950738916256158,0.27586206896551724,0.37438423645320196,0.5369458128078818
January 2012,0.8463023230158299,Indus,0.6650246305418719,0.029556650246305417,0.9113300492610837,0.2857142857142857,0.059113300492610835,0.5024630541871921
January 2012,0.8101377985792497,Indus,0.6600985221674877,0.034482758620689655,0.9014778325123153,0.0,0.04926108374384237,0.4975369458128079
February 2012,0.7031152017145592,Indus,0.6798029556650247,0.009852216748768473,0.8620689655172414,0.0049261083743842365,0.0,0.4630541871921182
March 2012,0.6897734985927825,Indus,0.3251231527093596,0.24630541871921183,0.8325123152709359,0.009852216748768473,0.1330049261083744,0.3694581280788177
April 2012,0.5521196504001045,Indus,0.6403940886699507,0.18226600985221675,0.8078817733990148,0.014778325123152709,0.5270935960591133,0.7241379310344829
May 2012,999.0,Indus,0.4187192118226601,0.28078817733990147,0.7783251231527093,0.019704433497536946,0.39408866995073893,0.768472906403941
June 2012,0.46343933302430185,Indus,0.2660098522167488,0.3448275862068966,0.7536945812807881,0.024630541871921183,0.054187192118226604,0.3103448275862069
July 2012,0.17752250783315288,Indus,0.0049261083743842365,0.8226600985221674,0.7241379310344833,0.029556650246305417,0.024630541871921183,0.1477832512315271
August 2012,0.08103457510400608,Indus,0.7192118226600985,0.6108374384236454,0.6995073891625616,0.034482758620689655,0.35467980295566504,0.06403940886699502
September 2012,0.5788111687903992,Indus,0.9211822660098522,0.08374384236453201,0.6847290640394089,0.03940886699507389,0.9704433497536946,0.8423645320197056
October 2012,999.0,Indus,0.12807881773399016,0.09359605911330049,0.6600985221674877,0.04433497536945813,0.9211822660098522,0.9014778325123153
November 2012,0.6549420825696632,Indus,0.5320197044334976,0.5615763546798029,0.625615763546798,0.10837438423645321,0.6650246305418719,0.5615763546798029
December 2012,0.4982817673620346,Indus,0.8078817733990148,0.33004926108374383,0.5960591133004906,0.13793103448275862,0.2660098522167488,0.5221674876847291
January 2013,0.47118654024981327,Indus,0.4236453201970443,0.1477832512315271,0.6009852216748768,0.19211822660098524,0.11822660098522167,0.5320197044334976
February 2013,0.6454101064756059,Indus,1.0,0.27586206896551724,0.605911330049261,0.22167487684729065,0.6551724137931022,0.7931034482758621
March 2013,999.0,Indus,0.3645320197044335,0.4433497536945813,0.6108374384236454,0.21674876847290642,0.9605911330049262,0.8719211822660098
April 2013,0.43579560757573765,Indus,0.41379310344827586,0.15270935960591134,0.6206896551724138,0.24630541871921183,0.812807881773399,0.8768472906403941
May 2013,0.45299041092357656,Indus,0.45320197044334976,0.46798029556650245,0.6305418719211823,0.26108374384236455,0.6847290640394089,0.9162561576354683
June 2013,0.875645085900734,Indus,0.9310344827586207,0.22167487684729065,0.6354679802955665,0.29064039408866993,0.7881773399014779,0.812807881773399
July 2013,0.6794460633559088,Indus,0.12315270935960591,0.5714285714285714,0.645320197044335,0.30049261083743845,0.8719211822660099,0.5517241379310345
August 2013,999.0,Indus,0.9458128078817734,0.20689655172413793,0.6551724137931031,0.31527093596059114,0.8423645320197044,0.9458128078817734
September 2013,999.0,Indus,0.029556650246305417,0.6896551724137931,0.6650246305418719,0.33004926108374383,0.4482758620689655,0.9753694581280788
October 2013,0.6723702935116933,Indus,0.1724137931034483,0.9113300492610837,0.6699507389162561,0.33990147783251234,0.8817733990147784,0.6206896551724138
November 2013,0.7642606955975805,Indus,0.6009852216748769,0.1330049261083744,0.6748768472906405,0.35467980295566504,0.7241379310344828,0.7339901477832512
December 2013,0.6060482506401613,Indus,0.458128078817734,0.5123152709359597,0.6798029556650247,0.3645320197044335,0.5172413793103449,0.5270935960591133
January 2014,0.33450600780023154,Indus,0.31527093596059114,0.3842364532019705,0.6502463054187192,0.3793103448275862,0.6945812807881774,0.43349753694581283
February 2014,999.0,Indus,0.729064039408867,0.07389162561576355,0.6157635467980296,0.39408866995073893,0.9359605911330049,0.6847290640394089
March 2014,0.37699805706437034,Indus,0.8866995073891626,0.04926108374384237,0.5862068965517242,0.4039408866995074,0.8866995073891626,0.9113300492610837
April 2014,0.2937119623198791,Indus,0.6502463054187192,0.03940886699507389,0.5812807881773399,0.4187192118226601,0.8275862068965517,0.9359605911330049
May 2014,0.7902448087204829,Indus,0.8226600985221655,0.024630541871921183,0.5714285714285714,0.4285714285714286,0.8472906403940886,0.822660098522167
June 2014,0.8800413279273639,Indus,0.32019704433497537,0.5862068965517242,0.5615763546798029,0.4433497536945813,0.3842364532019705,0.7093596059113301
July 2014,999.0,Indus,0.06896551724137931,0.6748768472906405,0.5566502463054187,0.45320197044334976,0.31527093596059114,0.33004926108374383
August 2014,0.23378718512074942,Indus,0.034482758620689655,0.6995073891625616,0.5467980295566502,0.4729064039408867,0.29556650246305416,0.014778325123152709
September 2014,0.29618666404951477,Indus,0.7438423645320197,0.39408866995073893,0.541871921182266,0.4876847290640394,0.6600985221674877,0.896551724137931
October 2014,0.7320595996916323,Indus,0.2315270935960591,0.5566502463054187,0.5270935960591133,0.5024630541871922,0.7487684729064039,0.9802955665024631
November 2014,0.7439045707011712,Indus,0.605911330049261,0.41379310344827586,0.5172413793103449,0.5221674876847291,0.47783251231527096,0.7389162561576355
December 2014,999.0,Indus,0.33497536945812806,0.33497536945812806,0.5024630541871922,0.5320197044334976,0.28078817733990147,0.47783251231527096
January 2015,0.5120655709346683,Indus,0.49261083743842365,0.625615763546798,0.4876847290640394,0.5517241379310345,0.3497536945812808,0.4433497536945813
February 2015,0.4583098271159364,Indus,0.9014778325123153,0.8522167487684729,0.46798029556650245,0.5615763546798029,0.8522167487684729,0.5665024630541872
March 2015,0.7142857142857143,Indus,0.9408866995073891,0.10344827586206896,0.4482758620689655,0.5763546798029557,0.7339901477832512,0.9655172413793104
April 2015,0.9395438193658064,Indus,0.8423645320197044,0.22660098522167488,0.43349753694581283,0.5960591133004925,0.6108374384236454,0.9901477832512137
April 2015,0.8216841707967575,Indus,0.8374384236453202,0.2315270935960591,0.4187192118226601,0.45812807881773426,0.6059113300492611,0.9852216748768473
May 2015,999.0,Indus,0.5812807881773399,0.33990147783251234,0.4039408866995074,0.47783251231527096,0.6896551724137931,0.9704433497536946
June 2015,999.0,Indus,0.7881773399014779,0.014778325123152709,0.38916256157635465,0.4975369458128079,0.6009852216748757,0.8866995073891626
July 2015,0.9932039378251379,Indus,0.9556650246305419,0.14285714285714285,0.3694581280788177,0.5123152709359606,0.6157635467980296,0.9310344827586207
August 2015,1.0,Indus,0.21674876847290642,0.270935960591133,0.35960591133004927,0.5369458128078818,0.49261083743842365,0.9605911330049262
September 2015,0.9253812515102783,Indus,0.1477832512315271,0.25123152709359603,0.3448275862068966,0.5566502463054187,0.18226600985221675,0.18719211822660098
October 2015,999.0,Indus,0.270935960591133,0.49261083743842365,0.3251231527093596,0.5714285714285714,0.43842364532019706,0.7783251231527093
November 2015,999.0,Indus,0.768472906403941,0.4975369458128079,0.3103448275862069,0.5862068965517242,0.4285714285714286,0.9211822660098522
December 2015,0.8157277685287248,Indus,0.5073891625615752,0.31527093596059114,0.2857142857142857,0.6009852216748769,0.4630541871921182,0.7881773399014779
January 2016,0.9891400359812481,Indus,0.33990147783251234,0.8817733990147784,0.28078817733990147,0.6157635467980296,0.9655172413793104,0.6650246305418719
February 2016,0.867804078215118,Indus,0.22167487684729065,0.7832512315270936,0.2660098522167488,0.6305418719211823,0.5714285714285714,0.45812807881773404
March 2016,0.8482396735978055,Indus,0.8768472906403941,0.7487684729064036,0.26108374384236455,0.6403940886699507,0.4433497536945813,0.6551724137931031
April 2016,999.0,Indus,0.5517241379310345,0.6699507389162561,0.24630541871921183,0.6551724137931019,0.4975369458128079,0.9261083743842364
May 2016,0.7865277977057746,Indus,0.4827586206896552,0.8571428571428572,0.2413793103448276,0.6650246305418719,0.5665024630541872,0.6108374384236454
June 2016,0.9462684484744279,Indus,0.6354679802955665,0.729064039408867,0.2315270935960591,0.6748768472906407,0.5320197044334976,0.5763546798029556
July 2016,0.8883748263241387,Indus,0.2512315270935916,0.6009852216748768,0.22167487684729065,0.6847290640394089,0.7832512315270936,0.5073891625615763
August 2016,0.6846101603013675,Indus,0.5714285714285714,0.35960591133004927,0.21674876847290642,0.6995073891625616,0.8571428571428572,0.20689655172413793
September 2016,999.0,Indus,0.014778325123152709,0.8029556650246306,0.19704433497536947,0.7093596059113301,0.3793103448275862,0.059113300492610835
October 2016,999.0,Indus,0.054187192118226604,0.9261083743842364,0.17733990147783252,0.7192118226600985,0.07389162561576355,0.08866995073891626
November 2016,0.1963667006672145,Indus,0.47783251231527096,0.9458128078817734,0.15270935960591134,0.7339901477832512,0.13793103448275862,0.1724137931034483
December 2016,0.24636427451723658,Indus,0.29064039408867,0.9852216748768473,0.12807881773399016,0.7438423645320197,0.5862068965517241,0.26108374384236455
January 2017,0.3820242977284365,Indus,0.9359605911330049,0.6403940886699507,0.1330049261083744,0.7586206896551724,0.9753694581280788,0.3645320197044335
February 2017,999.0,Indus,0.5911330049261083,0.9014778325123153,0.14285714285714285,0.768472906403941,0.625615763546798,0.4827586206896552
March 2017,0.12609536598353985,Indus,0.26108374384236455,0.5960591133004925,0.1477832512315271,0.7783251231527092,0.08374384236453201,0.17733990147783252
April 2017,0.06200106285501121,Indus,0.7536945812807881,0.896551724137931,0.15763546798029557,0.7881773399014779,0.2019704433497537,0.4039408866995074
May 2017,0.11319550216907688,Indus,0.541871921182266,0.768472906403941,0.16748768472906403,0.8029556650246306,0.4039408866995074,0.15270935960591134
June 2017,0.2805381856569637,Indus,0.916256157635468,0.19211822660098524,0.1724137931034483,0.812807881773399,0.7635467980295566,0.16748768472906403
July 2017,999.0,Indus,0.5566502463054187,0.3793103448275862,0.18226600985221675,0.8226600985221674,0.9162561576354681,0.2019704433497537
August 2017,999.0,Indus,0.24630541871921183,0.6600985221674877,0.18719211822660098,0.8374384236453202,0.5911330049261083,0.009852216748768473
September 2017,999.0,Indus,0.03940886699507389,0.4876847290640394,0.19211822660098524,0.8472906403940886,0.3891625615763547,0.0049261083743842365
October 2017,999.0,Indus,0.04433497536945813,0.9359605911330049,0.2019704433497537,0.8571428571428572,0.2315270935960591,0.024630541871921183
November 2017,999.0,Indus,0.645320197044335,0.7044334975369455,0.20689655172413793,0.871921182266005,0.034482758620689655,0.11330049261083744
December 2017,999.0,Indus,0.6206896551724138,0.5812807881773399,0.21182266009852216,0.8817733990147784,0.15763546798029557,0.22167487684729065
January 2018,999.0,Indus,0.22660098522167488,0.8866995073891626,0.1625615763546798,0.8916256157635468,0.768472906403941,0.18226600985221675
February 2018,999.0,Indus,0.29556650246305416,0.9211822660098522,0.12315270935960591,0.9014778325123153,0.6403940886699507,0.1330049261083744
March 2018,999.0,Indus,0.23645320197044334,0.9408866995073889,0.11822660098522167,0.9113300492610837,0.14285714285714285,0.09359605911330049
April 2018,999.0,Indus,0.5960591133004914,0.8669950738916257,0.10837438423645321,0.9261083743842364,0.17733990147783252,0.03940886699507389
May 2018,999.0,Indus,0.6157635467980296,0.4729064039408867,0.10344827586206896,0.9359605911330049,0.27586206896551724,0.06896551724137931
June 2018,0.01812392709162521,Indus,0.8275862068965517,0.43842364532019706,0.09852216748768473,0.9458128078817734,0.22167487684729065,0.08374384236453201
July 2018,0.004986695658839668,Indus,0.3842364532019705,0.5270935960591133,0.08866995073891626,0.9556650246305419,0.08866995073891626,0.10837438423645321
August 2018,999.0,Indus,0.10837438423645321,0.7980295566502463,0.08374384236453201,0.9704433497536946,0.09852216748768473,0.054187192118226604
September 2018,999.0,Indus,0.27586206896551724,0.45320197044334976,0.07881773399014778,0.9802955665024631,0.11330049261083744,0.029556650246305417
October 2018,0.021745756011045354,Indus,0.13793103448275862,0.04433497536945813,0.06896551724137931,0.9852216748768473,0.12315270935960591,0.35960591133004927
November 2018,0.030012534148837255,Indus,0.7389162561576355,0.4187192118226601,0.06403940886699508,0.9901477832512314,0.20689655172413793,0.5123152709359604
December 2018,0.01373023478793631,Indus,0.3793103448275862,0.1871921182266008,0.054187192118226604,0.9950738916256158,0.6699507389162561,0.28078817733990147
January 2019,0.0,Indus,0.8669950738916257,0.3891625615763535,0.04926108374384237,1.0,0.8374384236453202,0.27586206896551724
April 2002,0.7349285239733605,Ganges,0.812807881773399,0.4236453201970443,0.03940886699507389,0.9753694581280788,0.7733990147783252,0.7733990147783252
May 2002,0.7680445702966087,Ganges,0.9162561576354682,0.3103448275862069,0.034482758620689655,0.9655172413793104,0.8325123152709359,0.625615763546798
June 2002,999.0,Ganges,0.7586206896551724,0.16748768472906403,0.029556650246305417,0.9605911330049262,0.43842364532019706,0.3842364532019705
July 2002,999.0,Ganges,0.024630541871921183,0.9655172413793104,0.024630541871921183,0.9507389162561577,0.009852216748768473,0.20689655172413793
August 2002,0.11832558445168194,Ganges,0.5960591133004927,0.43349753694581283,0.019704433497536946,0.940886699507389,0.0049261083743842365,0.08866995073891626
September 2002,0.053130319341400715,Ganges,0.1625615763546798,0.3497536945812808,0.014778325123152709,0.9310344827586207,0.04433497536945813,0.0049261083743842365
October 2002,0.08300939036699054,Ganges,0.054187192118226604,0.5369458128078818,0.009852216748768473,0.9261083743842364,0.49261083743842365,0.09852216748768473
November 2002,0.12472968844113799,Ganges,0.7931034482758621,0.6305418719211823,0.0049261083743842365,0.9162561576354681,0.8669950738916257,0.21182266009852216
December 2002,0.21446026870292292,Ganges,0.6551724137931034,0.8275862068965517,0.0,0.9064039408866995,0.29064039408866993,0.30049261083743845
January 2003,0.2857142857142857,Ganges,0.5517241379310345,0.034482758620689655,0.04433497536945813,0.896551724137931,0.03940886699507389,0.35467980295566504
February 2003,0.37939404447108216,Ganges,0.8078817733990148,0.4187192118226601,0.04926108374384237,0.8866995073891626,0.4039408866995074,0.7142857142857143
March 2003,0.3987466285180124,Ganges,0.729064039408867,0.07881773399014778,0.054187192118226604,0.8768472906403941,0.7931034482758621,0.729064039408867
April 2003,0.4285714285714286,Ganges,0.5911330049261083,0.6059113300492611,0.059113300492610835,0.8669950738916257,0.8620689655172414,0.5073891625615763
May 2003,0.36886731952590046,Ganges,0.1330049261083744,0.4876847290640394,0.06403940886699507,0.8620689655172414,0.32019704433497537,0.270935960591133
June 2003,999.0,Ganges,0.9852216748768473,0.33497536945812806,0.06896551724137931,0.8522167487684729,0.21182266009852216,0.21674876847290642
July 2003,0.7446041501939672,Ganges,0.5172413793103449,0.21674876847290642,0.12315270935960591,0.8423645320197045,0.9950738916256158,0.9014778325123153
August 2003,0.4335642314106444,Ganges,0.16748768472906403,0.4975369458128079,0.18719211822660087,0.8325123152709359,0.4876847290640394,0.2660098522167488
September 2003,0.8670027479938877,Ganges,0.9261083743842364,0.15270935960591134,0.25123152709359414,0.8275862068965517,0.5517241379310345,0.9113300492610837
October 2003,0.92499718302945,Ganges,0.5221674876847291,0.22167487684729065,0.39901477832512317,0.8177339901477833,0.9014778325123153,0.9359605911330049
November 2003,0.873966429310566,Ganges,0.3251231527093596,0.2512315270935961,0.5862068965517241,0.8078817733990148,0.8472906403940886,0.768472906403941
December 2003,0.8945025670478336,Ganges,0.7044334975369454,0.39408866995073893,0.9310344827586207,0.7980295566502467,0.5221674876847291,0.6403940886699507
January 2004,0.9099383507159902,Ganges,0.7093596059113301,0.11822660098522167,0.916256157635468,0.7881773399014779,0.5467980295566502,0.6748768472906407
February 2004,0.8869136276419085,Ganges,0.270935960591133,0.4088669950738916,0.9014778325123153,0.7832512315270936,0.7142857142857143,0.6600985221674877
March 2004,0.6789045558845579,Ganges,0.37438423645320196,0.9802955665024631,0.8916256157635468,0.7733990147783252,0.43349753694581283,0.5862068965517242
April 2004,0.760144960600703,Ganges,0.9704433497536946,0.4729064039408867,0.8817733990147784,0.7635467980295566,0.7389162561576355,0.8620689655172414
May 2004,0.8031741001330126,Ganges,0.24630541871921183,0.6206896551724138,0.8719211822660093,0.7536945812807881,0.5763546798029557,0.9261083743842364
June 2004,0.9467572344464865,Ganges,0.8669950738916257,0.06403940886699508,0.8620689655172414,0.7487684729064037,0.8029556650246306,0.7635467980295566
July 2004,0.9530971202746787,Ganges,0.6354679802955665,0.5172413793103449,0.8472906403940886,0.7389162561576355,0.1477832512315271,0.9852216748768473
August 2004,0.6546665081063378,Ganges,0.22167487684729065,0.3842364532019705,0.8226600985221675,0.729064039408867,0.15763546798029557,0.034482758620689655
September 2004,0.43890866912731963,Ganges,0.10837438423645321,0.645320197044335,0.812807881773399,0.7241379310344828,0.07389162561576355,0.03940886699507389
October 2004,0.7085614896542017,Ganges,0.6108374384236454,0.09359605911330049,0.8029556650246306,0.7142857142857143,0.13793103448275862,0.1724137931034483
November 2004,0.6348720292355676,Ganges,0.3448275862068966,0.4285714285714286,0.7931034482758621,0.7044334975369457,0.3251231527093596,0.25123152709359586
December 2004,0.5536887369275479,Ganges,0.4827586206896552,0.7881773399014779,0.729064039408867,0.6945812807881774,0.6650246305418719,0.4285714285714286
January 2005,0.4473651217122808,Ganges,0.7192118226600985,0.38916256157635465,0.7389162561576355,0.6896551724137931,0.6945812807881774,0.5123152709359606
February 2005,0.6901274166189885,Ganges,0.6059113300492611,0.7536945812807881,0.7487684729064039,0.6798029556650247,0.5960591133004927,0.7093596059113301
March 2005,0.7548643693668137,Ganges,0.9064039408866995,0.7142857142857143,0.7339901477832512,0.6699507389162561,0.5615763546798029,0.724137931034483
April 2005,0.6434356931251495,Ganges,0.26108374384236455,0.18226600985221675,0.7438423645320197,0.6650246305418719,0.5270935960591133,0.7536945812807881
May 2005,0.6169750112023551,Ganges,0.21182266009852216,0.19211822660098524,0.7536945812807881,0.6551724137931029,0.39408866995073893,0.6354679802955665
June 2005,0.3933047095484696,Ganges,0.04926108374384237,0.9458128078817734,0.7586206896551724,0.645320197044335,0.12315270935960591,0.14285714285714285
July 2005,0.6983251731955298,Ganges,0.7881773399014779,0.23645320197044334,0.7635467980295566,0.6403940886699507,0.541871921182266,0.9162561576354686
August 2005,0.466197516462736,Ganges,0.029556650246305417,0.729064039408867,0.768472906403941,0.6305418719211823,0.21674876847290642,0.5714285714285714
September 2005,0.2069679152058091,Ganges,0.1477832512315271,0.7093596059113301,0.7733990147783252,0.6206896551724138,0.6551724137931023,0.014778325123152709
October 2005,0.41759539480854474,Ganges,0.5467980295566502,0.4433497536945813,0.7783251231527094,0.6108374384236454,0.896551724137931,0.22660098522167488
November 2005,0.5173782262444587,Ganges,0.31527093596059114,0.27586206896551724,0.7832512315270936,0.6009852216748769,0.9113300492610837,0.7044334975369458
December 2005,0.5287557137102101,Ganges,0.5073891625615764,0.22660098522167488,0.7881773399014779,0.5911330049261081,0.46798029556650245,0.4039408866995074
January 2006,0.33430811486650003,Ganges,0.3054187192118227,0.812807881773399,0.7980295566502466,0.5714285714285714,0.10837438423645321,0.4876847290640394
February 2006,0.3153092558383349,Ganges,0.3842364532019705,1.0,0.8078817733990148,0.5665024630541872,0.034482758620689655,0.4088669950738916
March 2006,0.35550931622359666,Ganges,0.5714285714285714,0.4827586206896552,0.8177339901477833,0.5467980295566502,0.2512315270935961,0.5369458128078818
April 2006,0.1673002834405314,Ganges,0.5615763546798029,0.47783251231527096,0.8275862068965517,0.5369458128078818,0.4975369458128079,0.6551724137931034
May 2006,0.15696269627610696,Ganges,0.8325123152709359,0.28078817733990147,0.8423645320197044,0.5221674876847291,0.8374384236453202,0.25615763546798026
June 2006,0.7915352675924913,Ganges,0.15763546798029557,0.12315270935960591,0.8571428571428572,0.5172413793103449,0.9408866995073891,0.896551724137931
July 2006,0.3277290182439144,Ganges,0.3004926108374384,0.4482758620689655,0.8669950738916257,0.5024630541871922,0.7093596059113301,0.059113300492610835
August 2006,0.07810008751214005,Ganges,0.08374384236453201,0.5467980295566502,0.8768472906403941,0.49261083743842365,0.9852216748768473,0.009852216748768473
September 2006,0.13254143734624435,Ganges,0.034482758620689655,0.6699507389162561,0.8866995073891626,0.4827586206896552,0.4630541871921182,0.04433497536945813
October 2006,0.0640427603133472,Ganges,0.009852216748768473,0.9064039408866995,0.896551724137931,0.4729064039408867,0.6206896551724138,0.07389162561576354
November 2006,0.14285714285714285,Ganges,0.5369458128078818,0.84236453201971,0.9064039408866995,0.4630541871921182,0.6699507389162561,0.2019704433497537
December 2006,0.32146506679642467,Ganges,0.5123152709359605,0.871921182266005,0.9261083743842364,0.4482758620689655,0.6748768472906406,0.35960591133004927
January 2007,0.09038034196006171,Ganges,0.33990147783251234,0.6945812807881774,0.8374384236453202,0.4433497536945813,0.22167487684729065,0.32019704433497537
February 2007,0.36325804093830544,Ganges,0.9507389162561577,0.41379310344827586,0.7192118226600985,0.43349753694581283,0.4088669950738916,0.6059113300492611
March 2007,0.6084027241755237,Ganges,0.5665024630541872,0.08374384236453201,0.7044334975369453,0.4236453201970443,0.6502463054187192,0.7339901477832512
April 2007,0.4581864771584202,Ganges,0.8275862068965517,0.6798029556650247,0.6847290640394089,0.4187192118226601,0.8423645320197044,0.5467980295566502
May 2007,0.5015465870184587,Ganges,0.17733990147783252,0.49261083743842365,0.6551724137931034,0.4088669950738916,0.8866995073891626,0.3103448275862069
June 2007,0.8092868241037827,Ganges,0.9605911330049262,0.3054187192118227,0.625615763546798,0.4039408866995074,0.7881773399014779,0.8522167487684729
July 2007,0.6705812204733657,Ganges,0.9753694581280788,0.35960591133004927,0.5960591133004925,0.39408866995073893,0.5123152709359605,0.10837438423645321
August 2007,0.751981576771959,Ganges,0.2512315270935957,0.6847290640394089,0.5714285714285714,0.3842364532019705,0.35467980295566504,0.9802955665024631
September 2007,0.561078012011038,Ganges,0.7339901477832512,0.5615763546798029,0.5566502463054187,0.3793103448275862,0.4187192118226601,0.9064039408866995
October 2007,0.4042833930868959,Ganges,0.1724137931034483,0.5270935960591133,0.5320197044334976,0.3694581280788177,0.2315270935960591,0.24630541871921183
November 2007,0.3026564875397296,Ganges,0.6798029556650247,0.8226600985221675,0.5172413793103449,0.3645320197044335,0.3694581280788177,0.33990147783251234
December 2007,0.5248776862920435,Ganges,0.4876847290640394,0.46798029556650245,0.4975369458128079,0.35467980295566504,0.16748768472906403,0.4236453201970443
January 2008,0.345410250300969,Ganges,0.6847290640394089,0.6403940886699507,0.4876847290640394,0.3497536945812808,0.06403940886699504,0.47783251231527096
February 2008,0.38662180761611364,Ganges,0.45812807881773415,0.019704433497536946,0.4827586206896552,0.33990147783251234,0.09359605911330006,0.5270935960591133
March 2008,0.41160108274084506,Ganges,0.6009852216748764,0.8522167487684729,0.4729064039408867,0.33004926108374383,0.7192118226600985,0.5665024630541872
April 2008,0.2680286107813771,Ganges,0.22660098522167488,0.541871921182266,0.46798029556650245,0.3251231527093596,0.5566502463054187,0.5763546798029561
May 2008,0.1905129260963216,Ganges,0.27586206896551724,0.20689655172413793,0.45812807881773404,0.31527093596059114,0.39901477832512317,0.39901477832512333
June 2008,0.8199193144630569,Ganges,1.0,0.0,0.4482758620689655,0.3103448275862069,0.8817733990147784,0.8719211822660098
July 2008,1.0,Ganges,0.9359605911330049,0.12807881773398996,0.4433497536945813,0.2955665024630541,0.8571428571428572,0.9901477832512305
August 2008,0.9702696030038069,Ganges,0.896551724137931,0.33990147783251234,0.43842364532019706,0.28078817733990147,0.19211822660098524,0.9950738916256158
September 2008,0.7333138483999224,Ganges,0.08866995073891626,0.6009852216748768,0.4236453201970443,0.27586206896551724,0.2413793103448276,0.4630541871921182
October 2008,0.5662667496314449,Ganges,0.10344827586206896,0.7832512315270936,0.4187192118226601,0.2561576354679802,0.059113300492610835,0.29064039408867015
November 2008,0.49436470780463443,Ganges,0.3497536945812808,0.798029556650253,0.41379310344827586,0.2413793103448276,0.33004926108374383,0.5221674876847291
December 2008,0.541778620265772,Ganges,0.47783251231527096,0.9753694581280788,0.4088669950738916,0.22660098522167488,0.5024630541871913,0.4581280788177341
January 2009,0.5470692640648066,Ganges,0.4039408866995074,0.9852216748768473,0.43349753694581283,0.22167487684729065,0.4236453201970443,0.4482758620689655
February 2009,0.471953728687944,Ganges,0.3103448275862069,0.9704433497536946,0.4630541871921182,0.18719211822660098,0.029556650246305417,0.4827586206896552
March 2009,0.42357516617697843,Ganges,0.4187192118226601,0.8669950738916257,0.49261083743842365,0.15270935960591134,0.04926108374384237,0.43842364532019706
April 2009,0.3100830471520254,Ganges,0.18719211822660095,0.7931034482758621,0.5073891625615764,0.14285714285714285,0.2019704433497537,0.4433497536945813
May 2009,0.2559774185587374,Ganges,0.7389162561576355,0.3645320197044335,0.5221674876847291,0.11822660098522167,0.38916256157635454,0.1625615763546798
June 2009,0.236741338484757,Ganges,0.0,0.9359605911330049,0.5369458128078818,0.10837438423645321,0.14285714285714285,0.06896551724137931
July 2009,0.012370048735819214,Ganges,0.11330049261083744,0.7044334975369458,0.5517241379310345,0.08866995073891626,0.9211822660098522,0.019704433497536946
August 2009,0.03956288788154069,Ganges,0.8866995073891626,0.7487684729064038,0.5665024630541872,0.07389162561576355,0.8078817733990148,0.12807881773399016
September 2009,0.02422860696484301,Ganges,0.15270935960591134,0.8571428571428572,0.5812807881773401,0.054187192118226604,0.7980295566502464,0.024630541871921183
October 2009,0.03578248319686343,Ganges,0.49261083743842365,0.4039408866995074,0.6059113300492611,0.034482758620689655,0.45320197044334976,0.17733990147783252
November 2009,0.13589357108098907,Ganges,0.7783251231527091,0.6157635467980296,0.6305418719211823,0.019704433497536946,0.729064039408867,0.2857142857142857
December 2009,0.2614553403901871,Ganges,0.58128078817734,0.768472906403941,0.6502463054187192,0.0049261083743842365,0.6995073891625616,0.33004926108374383
January 2010,0.29872314720157206,Ganges,0.35960591133004927,0.5960591133004927,0.6798029556650247,0.0,0.3497536945812808,0.2955665024630541
February 2010,0.23199949682672102,Ganges,0.46798029556650245,0.9261083743842364,0.6995073891625616,0.014778325123152709,0.20689655172413793,0.3645320197044335
March 2010,0.0640185970464838,Ganges,0.7241379310344828,0.9950738916256158,0.7142857142857143,0.009852216748768473,0.06896551724137931,0.39408866995073893
April 2010,0.1131626837446639,Ganges,0.8817733990147784,0.990147783251231,0.8325123152709359,0.024630541871921183,0.18719211822660056,0.9211822660098522
May 2010,0.19690409394521233,Ganges,0.8177339901477833,0.8374384236453202,0.9113300492610837,0.03940886699507389,0.1724137931034483,0.8916256157635492
June 2010,0.35195384005060104,Ganges,0.20689655172413793,0.9014778325123153,0.9408866995073875,0.06403940886699508,0.1330049261083744,0.7783251231527093
July 2010,0.032262851965119285,Ganges,0.18226600985221675,0.7586206896551724,0.9507389162561577,0.07881773399014778,0.7635467980295566,0.09359605911330042
August 2010,0.01687396438568597,Ganges,0.43349753694581283,0.6995073891625616,0.9605911330049262,0.09852216748768473,0.916256157635468,0.11330049261083744
September 2010,0.1607114644981412,Ganges,0.4729064039408867,0.3448275862068966,0.9704433497536946,0.12315270935960591,0.7044334975369445,0.9753694581280788
October 2010,0.18474784735495406,Ganges,0.21674876847290642,0.8325123152709359,0.9802955665024631,0.1330049261083744,0.7832512315270936,0.9704433497536946
November 2010,0.24852048598181145,Ganges,0.8029556650246306,0.916256157635468,0.9901477832512315,0.15763546798029557,0.8177339901477833,0.8177339901477833
December 2010,0.504045850381295,Ganges,0.6945812807881774,0.21182266009852216,1.0,0.16748768472906403,0.6009852216748758,0.6945812807881774
January 2011,999.0,Ganges,0.4088669950738916,0.07389162561576355,0.9950738916256158,0.19704433497536947,0.3054187192118227,0.5172413793103449
February 2011,0.24540655075723028,Ganges,0.4433497536945813,0.6748768472906406,0.9852216748768473,0.21182266009852216,0.7339901477832512,0.5517241379310345
March 2011,0.27348011669784833,Ganges,0.6403940886699507,0.6502463054187192,0.9753694581280788,0.18226600985221675,0.8275862068965517,0.6699507389162561
April 2011,0.10095910482150083,Ganges,0.2660098522167488,0.08866995073891626,0.9655172413793104,0.2019704433497537,0.768472906403941,0.5615763546798029
May 2011,0.20389062467499133,Ganges,0.7733990147783252,0.3793103448275862,0.9556650246305419,0.20689655172413793,0.6896551724137931,0.23645320197044334
June 2011,999.0,Ganges,0.9950738916256158,0.059113300492610835,0.9458128078817734,0.2315270935960591,0.8226600985221671,0.16748768472906403
July 2011,0.7881241430182702,Ganges,0.19211822660098524,0.2413793103448276,0.9359605911330049,0.23645320197044334,0.9556650246305419,0.9655172413793104
August 2011,0.9342143612483996,Ganges,0.9901477832512314,0.2660098522167488,0.9211822660098522,0.24630541871921183,0.6108374384236454,1.0
September 2011,0.9040067138350577,Ganges,0.6650246305418719,0.33004926108374383,0.8522167487684729,0.26108374384236455,0.458128078817734,0.9408866995073886
October 2011,0.7737553720342019,Ganges,0.014778325123152709,0.7635467980295566,0.7241379310344864,0.2660098522167488,0.4433497536945813,0.8571428571428572
November 2011,0.9560718818352368,Ganges,0.3645320197044335,0.8029556650246306,0.7093596059113301,0.2857142857142857,0.5172413793103449,0.7192118226600985
December 2011,999.0,Ganges,0.5270935960591133,0.5714285714285714,0.6945812807881774,0.29064039408866993,0.22660098522167488,0.7389162561576355
January 2012,0.9178263089172356,Ganges,0.7536945812807881,0.054187192118226604,0.6896551724137931,0.3054187192118227,0.6403940886699507,0.7980295566502463
January 2012,0.8810743425764617,Ganges,0.7635467980295566,0.04926108374384237,0.6748768472906413,0.029556650246305417,0.6305418719211823,0.7931034482758621
February 2012,0.8571428571428572,Ganges,0.3891625615763547,0.3251231527093596,0.6699507389162561,0.04926108374384237,0.26108374384236455,0.6009852216748769
March 2012,0.700218323667792,Ganges,0.25615763546798026,0.31527093596059114,0.6650246305418719,0.04433497536945813,0.3448275862068966,0.5024630541871922
April 2012,0.7142857142857143,Ganges,0.8522167487684729,0.2019704433497537,0.6600985221674877,0.059113300492610835,0.58128078817734,0.5566502463054187
May 2012,999.0,Ganges,0.07389162561576348,0.7783251231527093,0.645320197044335,0.06896551724137931,0.19704433497536947,0.3497536945812808
June 2012,0.4876927477092501,Ganges,0.09359605911330049,0.9605911330049262,0.6403940886699507,0.08374384236453201,0.019704433497536946,0.7881773399014779
July 2012,0.22159906980055386,Ganges,0.768472906403941,0.5665024630541872,0.6354679802955665,0.09359605911330049,0.024630541871921183,0.19211822660098524
August 2012,0.5122573531700761,Ganges,0.9014778325123153,0.30049261083743845,0.6206896551724138,0.10344827586206896,0.9064039408866995,0.12315270935960591
September 2012,0.8274696854585969,Ganges,0.2857142857142857,0.3694581280788177,0.6157635467980296,0.11330049261083744,0.9605911330049262,0.9458128078817734
October 2012,999.0,Ganges,0.06896551724137931,0.270935960591133,0.6108374384236454,0.12807881773399016,0.4729064039408867,0.9556650246305419
November 2012,0.5348610152211237,Ganges,0.6699507389162561,0.1330049261083744,0.6009852216748768,0.13793103448275862,0.3004926108374384,0.6108374384236454
December 2012,0.6134604241110326,Ganges,0.5566502463054187,0.35467980295566504,0.5911330049261084,0.1477832512315271,0.31527093596059114,0.645320197044335
January 2013,0.6649862608370497,Ganges,0.4482758620689655,0.06896551724137931,0.5763546798029556,0.1625615763546798,0.270935960591133,0.596059113300492
February 2013,0.7199538134174797,Ganges,0.8423645320197045,0.29064039408867,0.5615763546798029,0.17733990147783252,0.8719211822660086,0.7586206896551724
March 2013,999.0,Ganges,0.29064039408867004,0.51231527093596,0.5467980295566502,0.1724137931034483,0.7536945812807881,0.6995073891625616
April 2013,0.48268999271777396,Ganges,0.4236453201970443,0.14285714285714285,0.541871921182266,0.19211822660098524,0.5714285714285714,0.541871921182266
May 2013,0.6650453065567489,Ganges,0.9556650246305419,0.32019704433497537,0.5270935960591133,0.21674876847290642,0.3645320197044335,0.5911330049261084
June 2013,0.9262024196475552,Ganges,0.8768472906403941,0.024630541871921183,0.5123152709359606,0.2512315270935961,0.9359605911330049,0.22167487684729065
July 2013,0.9860176317538816,Ganges,0.23645320197044334,0.1477832512315271,0.5024630541871921,0.270935960591133,1.0,0.9605911330049262
August 2013,999.0,Ganges,0.8226600985221675,0.18719211822660098,0.47783251231527096,0.30049261083743845,0.4482758620689655,0.9507389162561577
September 2013,999.0,Ganges,0.019704433497536946,0.6600985221674877,0.45320197044334976,0.32019704433497537,0.5073891625615764,0.8768472906403941
October 2013,0.9407999613550635,Ganges,0.8916256157635469,0.19704433497536947,0.4285714285714286,0.33497536945812806,0.9802955665024631,0.8669950738916257
November 2013,0.9809263166023816,Ganges,0.32019704433497537,0.04433497536945813,0.4039408866995074,0.3448275862068966,0.6798029556650247,0.8866995073891626
December 2013,0.9776354166146439,Ganges,0.576354679802956,0.3743842364532019,0.39408866995073893,0.35960591133004927,0.6847290640394089,0.812807881773399
January 2014,0.9642209583404154,Ganges,0.7980295566502463,0.10837438423645321,0.38916256157635465,0.3743842364531982,0.9704433497536946,0.7832512315270936
February 2014,999.0,Ganges,0.9113300492610837,0.014778325123152709,0.3842364532019705,0.3891625615763547,0.9901477832512312,0.8374384236453202
March 2014,0.9945520418882037,Ganges,0.33004926108374383,0.029556650246305417,0.3793103448275862,0.39901477832512317,0.9655172413793104,0.8029556650246306
April 2014,0.8669621826015792,Ganges,0.12807881773399013,0.4630541871921182,0.3743842364532019,0.41379310344827586,0.7241379310344828,0.31527093596059114
May 2014,0.8520481002385428,Ganges,0.2315270935960591,0.29556650246305416,0.3694581280788177,0.4285714285714286,0.5665024630541872,0.37438423645320196
June 2014,0.8429376242554953,Ganges,0.12315270935960591,0.8817733990147784,0.3645320197044335,0.43842364532019706,0.35960591133004927,0.1330049261083744
July 2014,999.0,Ganges,0.07881773399014778,0.8078817733990148,0.35960591133004927,0.45812807881773404,0.07881773399014778,0.06403940886699508
August 2014,0.6845390557083032,Ganges,0.39901477832512333,0.6551724137931031,0.35467980295566504,0.47783251231527096,0.41379310344827586,0.19704433497536947
September 2014,0.5786434478917074,Ganges,0.11822660098522167,0.43842364532019706,0.3497536945812808,0.4975369458128079,0.9310344827586207,0.054187192118226604
October 2014,0.6016903223566912,Ganges,0.06403940886699486,0.625615763546798,0.3448275862068966,0.5123152709359605,0.6157635467980296,0.08374384236453201
November 2014,0.5825892715791411,Ganges,0.33497536945812806,0.7389162561576355,0.33990147783251234,0.5320197044334976,0.28078817733990147,0.2315270935960591
December 2014,999.0,Ganges,0.6896551724137931,0.10344827586206896,0.33497536945812806,0.541871921182266,0.5369458128078818,0.45320197044334976
January 2015,0.6470776413241244,Ganges,0.7832512315270936,0.15763546798029557,0.33004926108374383,0.5566502463054187,0.9261083743842364,0.6502463054187192
February 2015,0.6249889849113874,Ganges,0.645320197044335,0.7733990147783252,0.3251231527093596,0.576354679802956,0.9458128078817734,0.5812807881773399
March 2015,0.7788531328154938,Ganges,0.8719211822660076,0.03940886699507389,0.32019704433497537,0.5862068965517242,0.7438423645320197,0.7487684729064039
April 2015,0.8150204822905028,Ganges,0.9408866995073891,0.009852216748768473,0.31527093596059114,0.6059113300492608,0.7586206896551724,0.6896551724137931
April 2015,0.8335467806598509,Ganges,0.9458128078817734,0.0049261083743842365,0.3103448275862069,0.45320197044334976,0.7487684729064028,0.6847290640394089
May 2015,999.0,Ganges,0.19704433497536947,0.5073891625615764,0.3054187192118227,0.46798029556650245,0.5911330049261083,0.3448275862068966
June 2015,999.0,Ganges,0.7487684729064036,0.24630541871921183,0.3004926108374384,0.4876847290640394,0.3103448275862069,0.9310344827586207
July 2015,0.8992511771149697,Ganges,0.9802955665024631,0.26108374384236455,0.29556650246305416,0.5073891625615762,0.8916256157635477,0.18226600985221675
August 2015,0.8402624470242277,Ganges,0.2413793103448276,0.5763546798029556,0.29064039408867,0.5270935960591133,0.8768472906403941,0.14778325123152702
September 2015,0.5907527088851489,Ganges,0.0049261083743842365,0.896551724137931,0.2857142857142857,0.5517241379310345,0.18226600985221675,0.07881773399014778
October 2015,999.0,Ganges,0.059113300492610835,0.9310344827586207,0.28078817733990147,0.5615763546798029,0.12807881773398996,0.029556650246305417
November 2015,999.0,Ganges,0.41379310344827586,0.9556650246305419,0.27586206896551724,0.5812807881773399,0.10344827586206896,0.15763546798029557
December 2015,0.09805867949320875,Ganges,0.6305418719211823,0.5862068965516982,0.270935960591133,0.5960591133004927,0.054187192118226604,0.3054187192118227
January 2016,0.07016012486719812,Ganges,0.6206896551724138,0.7192118226600985,0.2660098522167488,0.6157635467980296,0.15270935960591134,0.33497536945812806
February 2016,0.2912269300970128,Ganges,0.625615763546798,0.9507389162561577,0.26108374384236455,0.625615763546798,0.11330049261083744,0.4187192118226601
March 2016,0.17247512768650164,Ganges,0.7438423645320197,0.8768472906403941,0.25615763546798026,0.6354679802955665,0.11822660098522167,0.46798029556650245
April 2016,999.0,Ganges,0.8374384236453202,0.9408866995073889,0.24630541871921183,0.6502463054187192,0.08866995073891626,0.8275862068965517
May 2016,0.17753584867940847,Ganges,0.8620689655172414,0.2561576354679803,0.2413793103448276,0.6600985221674877,0.24630541871921183,0.8078817733990148
June 2016,0.3391962135511662,Ganges,0.09852216748768473,0.5320197044334976,0.23645320197044334,0.6748768472906405,0.605911330049261,0.15270935960591134
July 2016,0.6355177871677616,Ganges,0.9655172413793104,0.17733990147783252,0.2315270935960591,0.6847290640394089,0.08374384236453201,0.8325123152709359
August 2016,0.7974013000903009,Ganges,0.8472906403940886,0.5517241379310345,0.22660098522167488,0.6995073891625616,0.625615763546798,0.8472906403940886
September 2016,999.0,Ganges,0.35467980295566504,0.6108374384236454,0.22167487684729065,0.7093596059113301,0.6600985221674877,0.28078817733990147
October 2016,999.0,Ganges,0.2019704433497537,0.7339901477832512,0.21674876847290642,0.7192118226600985,0.27586206896551724,0.26108374384236455
November 2016,0.5924440224188767,Ganges,0.6502463054187192,0.6650246305418719,0.21182266009852216,0.7339901477832512,0.1625615763546798,0.6157635467980296
December 2016,0.45266177621905973,Ganges,0.4630541871921182,0.8866995073891626,0.20689655172413793,0.7438423645320197,0.5320197044334976,0.6798029556650247
January 2017,0.7254686063987229,Ganges,0.5862068965517241,0.7241379310344872,0.2019704433497537,0.7586206896551724,0.9507389162561577,0.6305418719211823
February 2017,999.0,Ganges,0.3694581280788177,0.8916256157635468,0.19704433497536947,0.768472906403941,0.6354679802955665,0.6206896551724138
March 2017,0.22597420219906375,Ganges,0.8571428571428572,0.09852216748768473,0.19211822660098524,0.7783251231527092,0.3793103448275862,0.6650246305418719
April 2017,0.4743554100780483,Ganges,0.9211822660098522,0.5221674876847291,0.18226600985221675,0.7931034482758621,0.4285714285714286,0.8423645320197044
May 2017,0.5714285714285714,Ganges,0.29556650246305416,0.45320197044334976,0.17733990147783252,0.8029556650246306,0.5862068965517241,0.7438423645320197
June 2017,0.3782693435529152,Ganges,0.4285714285714286,0.2857142857142857,0.1724137931034483,0.812807881773399,0.4827586206896552,0.8226600985221675
July 2017,999.0,Ganges,0.9310344827586207,0.13793103448275862,0.16748768472906403,0.8226600985221675,0.23645320197044334,0.43349753694581283
August 2017,999.0,Ganges,0.4975369458128079,0.6354679802955665,0.1625615763546798,0.8374384236453202,0.9753694581280788,0.18719211822660098
September 2017,999.0,Ganges,0.13793103448275862,0.8472906403940886,0.15763546798029557,0.8472906403940886,0.645320197044335,0.0
October 2017,999.0,Ganges,0.28078817733990147,0.9113300492610837,0.15270935960591134,0.8571428571428572,0.33497536945812806,0.11822660098522167
November 2017,999.0,Ganges,0.45320197044334976,0.5911330049261084,0.14778325123152708,0.8719211822660092,0.47783251231527096,0.2413793103448276
December 2017,999.0,Ganges,0.7142857142857143,0.8177339901477833,0.14285714285714285,0.8817733990147784,0.8522167487684729,0.3891625615763547
January 2018,999.0,Ganges,0.3793103448275862,0.2315270935960591,0.13793103448275862,0.8916256157635468,0.2857142857142857,0.3793103448275862
February 2018,999.0,Ganges,0.43842364532019706,0.9211822660098522,0.1330049261083744,0.9014778325123153,0.29556650246305416,0.4729064039408867
March 2018,999.0,Ganges,0.5320197044334976,0.8620689655172414,0.12807881773398963,0.9113300492610837,0.17733990147783252,0.5320197044334976
April 2018,999.0,Ganges,0.6995073891625616,0.1625615763546798,0.11822660098522167,0.9211822660098522,0.3743842364532019,0.3694581280788177
May 2018,999.0,Ganges,0.6157635467980296,0.1724137931034483,0.11330049261083744,0.9359605911330049,0.2660098522167488,0.3251231527093596
June 2018,0.2805266273145777,Ganges,0.14285714285714285,0.6896551724137931,0.10837438423645321,0.9458128078817734,0.09852216748768473,0.13793103448275862
July 2018,0.0056171806956902045,Ganges,0.6748768472906409,0.5812807881773503,0.10344827586206896,0.9556650246305419,0.0,0.04926108374384237
August 2018,999.0,Ganges,0.5024630541871922,0.5566502463054187,0.09852216748768473,0.9704433497536946,0.014778325123152709,0.49261083743842365
September 2018,999.0,Ganges,0.03940886699507389,0.458128078817734,0.09359605911330046,0.9802955665024631,0.812807881773399,0.8817733990147784
October 2018,0.0,Ganges,0.04433497536945813,0.5024630541871921,0.08866995073891626,0.9852216748768473,0.2561576354679803,0.10344827586206896
November 2018,0.048626753431467454,Ganges,0.39408866995073893,0.7438423645320197,0.08374384236453201,0.9901477832512314,0.3842364532019705,0.27586206896551724
December 2018,0.14948392449247705,Ganges,0.6600985221674877,0.11330049261083744,0.07881773399014778,0.9950738916256158,0.33990147783251234,0.4975369458128079
January 2019,0.10622394499087864,Ganges,0.541871921182266,0.3990147783251248,0.07389162561576355,1.0,0.7783251231527091,0.41379310344827586
April 2002,0.2170078165769747,Turkey,0.9408866995073891,0.2512315270935961,1.0,0.9950738916256158,0.08374384236453201,0.38916256157635454
May 2002,0.5004593172047191,Turkey,0.29064039408866993,0.35467980295566504,0.9901477832512312,0.9852216748768473,0.5911330049261082,0.19704433497536947
June 2002,999.0,Turkey,0.4876847290640394,0.6157635467980296,0.9605911330049262,0.9753694581280788,0.6748768472906413,0.29064039408866993
July 2002,999.0,Turkey,0.8522167487684729,0.6847290640394089,0.9359605911330049,0.9655172413793104,0.7487684729064039,0.4975369458128079
August 2002,0.3869939050686682,Turkey,0.7881773399014779,0.300492610837438,0.8719211822660098,0.9556650246305419,0.7881773399014779,0.5517241379310345
September 2002,0.5526098585967794,Turkey,0.2315270935960591,0.4729064039408867,0.812807881773399,0.9458128078817734,0.812807881773399,0.5911330049261084
October 2002,0.5410677150626104,Turkey,0.054187192118226604,0.7438423645320197,0.729064039408867,0.9359605911330049,0.8620689655172414,0.3694581280788177
November 2002,0.4440385286256346,Turkey,0.28078817733990147,0.8571428571428572,0.6748768472906403,0.9261083743842364,0.8768472906403941,0.21182266009852216
December 2002,0.46914554372225337,Turkey,0.39901477832512383,0.034482758620689655,0.6108374384236454,0.916256157635468,0.17733990147783252,0.09359605911330049
January 2003,0.2857142857142857,Turkey,0.2955665024630542,0.9802955665024631,0.6403940886699507,0.9014778325123153,0.9507389162561577,0.2561576354679802
February 2003,0.2911984859964983,Turkey,0.9802955665024631,0.054187192118226604,0.6600985221674877,0.8916256157635477,0.054187192118226604,0.7093596059113301
March 2003,0.5064946014897957,Turkey,0.8325123152709359,0.03940886699507389,0.6798029556650247,0.8817733990147784,0.04433497536945813,0.5665024630541872
April 2003,0.5480656388814237,Turkey,0.9162561576354684,0.19704433497536947,0.7093596059113301,0.8768472906403941,0.09852216748768473,1.0
May 2003,0.5714285714285714,Turkey,0.3497536945812808,0.8817733990147784,0.7389162561576355,0.8669950738916257,0.45320197044334976,0.8472906403940886
June 2003,999.0,Turkey,0.3054187192118227,0.6403940886699507,0.768472906403941,0.8571428571428572,0.7142857142857143,0.8817733990147784
July 2003,0.3746204943631332,Turkey,0.5960591133004925,0.4581280788177341,0.7980295566502463,0.8472906403940886,0.6305418719211823,0.729064039408867
August 2003,0.5628385244035942,Turkey,0.5073891625615763,0.6502463054187192,0.8325123152709359,0.8374384236453202,0.6009852216748761,0.7044334975369456
September 2003,0.6307427188112186,Turkey,0.1477832512315271,0.2315270935960591,0.8522167487684729,0.8275862068965517,0.6798029556650247,0.7192118226600985
October 2003,0.48208989109055655,Turkey,0.2660098522167488,0.7931034482758621,0.8817733990147784,0.8177339901477833,0.6699507389162561,0.6502463054187192
November 2003,0.6897954002068084,Turkey,0.3103448275862069,0.4187192118226601,0.9113300492610837,0.8078817733990148,0.5369458128078818,0.8029556650246306
December 2003,0.7632358556471746,Turkey,0.729064039408867,0.3743842364532019,0.9310344827586207,0.7980295566502464,0.47783251231527096,0.7733990147783252
January 2004,0.8867519094218215,Turkey,1.0,0.4975369458128079,0.9162561576354681,0.7881773399014779,0.4975369458128079,0.9310344827586207
February 2004,0.988303782111446,Turkey,0.6847290640394089,0.31527093596059114,0.9064039408866995,0.7783251231527093,0.3251231527093596,0.9261083743842364
March 2004,0.9614981572587932,Turkey,0.11330049261083744,0.8177339901477833,0.8768472906403941,0.768472906403941,0.4236453201970443,0.9753694581280788
April 2004,0.7241850187715675,Turkey,0.5024630541871915,0.4039408866995074,0.8620689655172414,0.7586206896551724,0.19704433497536947,0.33004926108374383
May 2004,0.7895603303167965,Turkey,0.645320197044335,0.2955665024630542,0.8472906403940886,0.7487684729064039,0.5615763546798029,0.812807881773399
June 2004,0.8931712976079352,Turkey,0.5320197044334976,0.502463054187191,0.8275862068965517,0.7389162561576355,0.6896551724137931,0.7339901477832512
July 2004,0.837992011911905,Turkey,0.5369458128078818,0.3990147783251233,0.8078817733990148,0.7339901477832512,0.6059113300492611,0.6896551724137931
August 2004,0.7446298014037883,Turkey,0.7339901477832512,0.41379310344827586,0.7783251231527093,0.7241379310344828,0.6502463054187192,0.655172413793102
September 2004,0.7513789752497548,Turkey,0.04926108374384237,0.5812807881773399,0.7635467980295566,0.7142857142857143,0.5763546798029562,0.43842364532019706
October 2004,0.512263910602725,Turkey,0.014778325123152709,0.8620689655172414,0.7438423645320197,0.7044334975369456,0.4876847290640394,0.24630541871921183
November 2004,0.583321794797561,Turkey,0.9507389162561577,0.3054187192118227,0.7241379310344829,0.6945812807881774,0.07881773399014778,0.49261083743842365
December 2004,0.7664117981080862,Turkey,0.06896551724137931,0.13793103448275862,0.7044334975369417,0.6847290640394089,0.06403940886699508,0.1330049261083744
January 2005,0.4405915961685045,Turkey,0.4039408866995074,0.7733990147783252,0.6305418719211823,0.6748768472906407,0.29064039408867,0.09852216748768473
February 2005,0.35210870362961183,Turkey,0.7733990147783252,0.32019704433497537,0.5123152709359602,0.6650246305418719,0.19211822660098524,0.17733990147783252
March 2005,0.47682693642689405,Turkey,0.8078817733990148,0.5566502463054187,0.45812807881773404,0.6600985221674877,0.08866995073891626,0.6798029556650247
April 2005,0.601667627514358,Turkey,0.37438423645320196,0.5960591133004927,0.3891625615763546,0.6502463054187192,0.10344827586206896,0.27586206896551724
May 2005,0.6415717977809233,Turkey,0.541871921182266,0.5517241379310345,0.31527093596059114,0.6403940886699507,0.1330049261083744,0.22660098522167488
June 2005,0.8448391115426847,Turkey,0.625615763546798,0.29064039408866993,0.24630541871921183,0.6305418719211823,0.5566502463054187,0.4039408866995074
July 2005,0.4126407970437521,Turkey,0.6798029556650247,0.7142857142857143,0.19704433497536947,0.6206896551724138,0.4630541871921182,0.35467980295566504
August 2005,0.5172711609731291,Turkey,0.7487684729064029,0.6995073891625616,0.13793103448275862,0.6108374384236454,0.4433497536945813,0.2413793103448276
September 2005,0.6130116239641004,Turkey,0.13793103448275862,0.3251231527093596,0.10344827586206896,0.6009852216748769,0.49261083743842365,0.2315270935960591
October 2005,0.7142857142857143,Turkey,0.17733990147783252,0.09359605911330035,0.08374384236453201,0.5911330049261084,0.4827586206896552,0.2857142857142857
November 2005,0.703609606475951,Turkey,0.7980295566502723,0.11822660098522167,0.059113300492610835,0.58128078817734,0.41379310344827586,0.3497536945812808
December 2005,0.3451890256510144,Turkey,0.20689655172413793,0.8472906403940886,0.03940886699507389,0.5714285714285714,0.5862068965517242,0.1477832512315271
January 2006,0.6061786867987451,Turkey,0.4581280788177375,0.1625615763546798,0.054187192118226604,0.5566502463054187,0.3793103448275862,0.13793103448275862
February 2006,0.4881126928628905,Turkey,0.8916256157635472,0.5320197044334976,0.07389162561576355,0.541871921182266,0.18719211822660098,0.645320197044335
March 2006,0.4671768970312552,Turkey,0.7241379310344839,0.7980295566502463,0.09852216748768473,0.5270935960591133,0.625615763546798,0.8423645320197044
April 2006,0.45218871151929235,Turkey,0.7931034482758621,0.7093596059113301,0.11330049261083744,0.5172413793103449,0.8226600985221673,0.2955665024630542
May 2006,0.5797822588712139,Turkey,0.33497536945812806,0.5615763546798029,0.14285714285714285,0.5073891625615763,0.7832512315270936,0.26108374384236455
June 2006,0.4581999836846488,Turkey,0.3842364532019705,0.8719211822660099,0.18226600985221675,0.4975369458128079,0.4039408866995074,0.270935960591133
July 2006,0.326271396608889,Turkey,0.7635467980295566,0.33004926108374383,0.23645320197044334,0.4876847290640394,0.43842364532019706,0.4482758620689655
August 2006,0.23210820093704043,Turkey,0.47783251231527096,0.9556650246305419,0.28078817733990147,0.47783251231527096,0.3497536945812808,0.35960591133004927
September 2006,0.2683896163228728,Turkey,0.18719211822660095,0.39408866995073893,0.3497536945812808,0.46798029556650245,0.5123152709359605,0.39901477832512344
October 2006,0.35736786686250105,Turkey,0.8571428571428572,0.541871921182266,0.41379310344827586,0.4581280788177347,0.7339901477832512,0.7586206896551724
November 2006,0.9243232779616958,Turkey,0.5467980295566502,0.07881773399014778,0.46798029556650245,0.4482758620689655,0.7980295566502463,0.9113300492610837
December 2006,0.6786643636650562,Turkey,0.009852216748768473,0.15270935960591134,0.5073891625615764,0.4433497536945813,0.8374384236453202,0.14285714285714285
January 2007,0.24616887402863372,Turkey,0.15763546798029557,0.4285714285714286,0.4827586206896552,0.43349753694581283,0.5517241379310345,0.12807881773398586
February 2007,0.12074078859433933,Turkey,0.3694581280788177,0.5172413793103449,0.4482758620689655,0.4236453201970443,0.30049261083743833,0.2019704433497537
March 2007,0.20207480019658622,Turkey,0.5172413793103449,0.645320197044335,0.4187192118226601,0.41379310344827586,0.541871921182266,0.12315270935960591
April 2007,0.13783351374665956,Turkey,0.6600985221674877,0.04926108374384237,0.39408866995073893,0.4088669950738916,0.10837438423645321,0.41379310344827586
May 2007,0.12859669456589073,Turkey,0.35467980295566504,0.9014778325123153,0.35467980295566504,0.3990147783251232,0.22660098522167488,0.6059113300492608
June 2007,0.19187710841821157,Turkey,0.4236453201970443,0.8226600985221657,0.33004926108374383,0.3891625615763547,0.20689655172413793,0.5615763546798029
July 2007,0.08967272823531902,Turkey,0.5566502463054187,0.7832512315270936,0.2857142857142857,0.3842364532019705,0.22167487684729065,0.541871921182266
August 2007,0.1016336029872031,Turkey,0.7536945812807881,0.7536945812807881,0.26108374384236455,0.37438423645320185,0.26108374384236455,0.5221674876847291
September 2007,0.14285714285714285,Turkey,0.059113300492610835,0.6798029556650247,0.22167487684729065,0.3645320197044335,0.33004926108374383,0.31527093596059114
October 2007,0.10707925110675054,Turkey,0.08866995073891626,0.7389162561576355,0.20689655172413793,0.35467980295566504,0.38916256157635465,0.18719211822660098
November 2007,0.24646394549464964,Turkey,0.9261083743842364,0.22660098522167488,0.17733990147783252,0.3497536945812808,0.39408866995073893,0.7142857142857143
December 2007,0.6383040521997029,Turkey,0.5911330049261084,0.12807881773399016,0.1477832512315271,0.33990147783251234,0.4285714285714286,0.8226600985221674
January 2008,0.21653320277904062,Turkey,0.1330049261083744,0.029556650246305417,0.1280788177339901,0.33004926108374383,0.3103448275862069,0.18226600985221675
February 2008,0.12759227465574455,Turkey,0.15270935960591134,0.07389162561576353,0.10837438423645321,0.3251231527093596,0.034482758620689655,0.07881773399014778
March 2008,0.0618346433929048,Turkey,0.1724137931034483,0.9852216748768473,0.09359605911330049,0.31527093596059114,0.21182266009852216,0.10837438423645321
April 2008,0.017948096440195464,Turkey,0.1625615763546798,0.9408866995073889,0.07881773399014778,0.3103448275862069,0.2857142857142857,0.0049261083743842365
May 2008,0.011369284188431812,Turkey,0.30049261083743845,0.2660098522167488,0.06403940886699508,0.3004926108374384,0.07389162561576355,0.019704433497536946
June 2008,0.05081307023883534,Turkey,0.33990147783251234,0.6699507389162561,0.04926108374384237,0.295566502463054,0.11330049261083744,0.029556650246305417
July 2008,0.0081121961131638,Turkey,0.45320197044334976,0.6059113300492611,0.034482758620689655,0.2857142857142857,0.12807881773399016,0.04926108374384237
August 2008,0.0346225599001333,Turkey,0.6059113300492587,0.8275862068965517,0.029556650246305417,0.28078817733990147,0.13793103448275862,0.059113300492610835
September 2008,0.023447918759700245,Turkey,0.4088669950738916,0.43842364532019706,0.019704433497536946,0.270935960591133,0.29556650246305416,0.15763546798029557
October 2008,0.09580595840891583,Turkey,0.03940886699507389,0.3103448275862069,0.014778325123152709,0.2660098522167488,0.7192118226600985,0.11822660098522167
November 2008,0.03117608786702692,Turkey,0.39408866995073893,0.7783251231527083,0.0049261083743842365,0.2561576354679802,0.9014778325123153,0.06403940886699508
December 2008,0.06432102045177535,Turkey,0.18226600985221675,0.24630541871921183,0.0,0.24630541871921183,0.7586206896551724,0.03940886699507389
January 2009,0.0833299401631892,Turkey,0.5123152709359605,0.6305418719211823,0.009852216748768473,0.2413793103448276,0.8817733990147784,0.1625615763546798
February 2009,0.0708299318505991,Turkey,0.9556650246305419,0.7881773399014779,0.024630541871921183,0.2315270935960591,0.8669950738916257,0.6305418719211823
March 2009,0.1620222391581945,Turkey,0.8768472906403941,0.23645320197044334,0.04433497536945813,0.22660098522167488,0.8719211822660099,0.8669950738916257
April 2009,0.20869437493600737,Turkey,0.5517241379310345,0.19211822660098524,0.06896551724137931,0.21674876847290642,0.916256157635468,0.4187192118226601
May 2009,0.26170342927508916,Turkey,0.4433497536945813,0.26108374384236455,0.08866995073891626,0.20689655172413793,0.8571428571428572,0.5714285714285714
June 2009,0.25606993384893145,Turkey,0.49261083743842365,0.6354679802955665,0.12315270935960591,0.2019704433497537,0.6108374384236454,0.6009852216748767
July 2009,0.27955100809750877,Turkey,0.8472906403940886,0.28078817733990147,0.16748768472906403,0.19211822660098524,0.4482758620689655,0.7931034482758621
August 2009,0.33794195583402653,Turkey,0.4827586206896552,0.14285714285714285,0.2315270935960591,0.18719211822660098,0.4187192118226601,0.4433497536945813
September 2009,0.29949385293416486,Turkey,0.3448275862068966,0.08374384236453201,0.2955665024630542,0.17733990147783252,0.5714285714285714,0.5812807881773399
October 2009,0.2738282785941951,Turkey,0.12807881773399013,0.8522167487684729,0.37438423645320196,0.15763546798029557,0.4729064039408867,0.3004926108374379
November 2009,0.6655024696238491,Turkey,0.8866995073891626,0.33497536945812806,0.4630541871921182,0.12807881773399016,0.645320197044335,0.9359605911330049
December 2009,0.7975488312196811,Turkey,0.8719211822660099,0.9113300492610837,0.5270935960591133,0.09359605911330049,0.9408866995073888,0.9408866995073872
January 2010,0.9681571739943837,Turkey,0.9605911330049262,0.9359605911330049,0.5320197044334976,0.054187192118226604,0.9753694581280788,0.9852216748768473
February 2010,0.8691387722631602,Turkey,0.8423645320197045,0.9655172413793104,0.5369458128078818,0.06896551724137931,1.0,0.9950738916256158
March 2010,0.8052124580212229,Turkey,0.3251231527093596,0.9605911330049262,0.541871921182266,0.059113300492610835,0.9950738916256158,0.9655172413793104
April 2010,0.6201263407591797,Turkey,0.6896551724137931,0.5369458128078818,0.5467980295566502,0.07881773399014778,0.896551724137931,0.7487684729064038
May 2010,0.662123941067952,Turkey,0.32019704433497537,0.6896551724137931,0.5517241379310345,0.08866995073891626,0.270935960591133,0.8768472906403941
June 2010,0.7371662508917539,Turkey,0.8669950738916257,0.6206896551724138,0.5615763546798029,0.10344827586206896,0.15763546798029557,0.896551724137931
July 2010,0.5367341607623057,Turkey,0.6650246305418719,0.7635467980295566,0.5665024630541872,0.11330049261083744,0.37438423645320124,0.8719211822660096
August 2010,0.3807550097802097,Turkey,0.43349753694581283,0.9507389162561577,0.5714285714285714,0.11822660098522167,0.35467980295566504,0.7389162561576355
September 2010,0.41563939385444115,Turkey,0.07881773399014778,0.8916256157635468,0.5763546798029557,0.13793103448275862,0.458128078817734,0.5862068965517242
October 2010,0.7330920923892682,Turkey,0.6108374384236454,0.33990147783251234,0.58128078817734,0.14285714285714285,0.655172413793103,0.8571428571428572
November 2010,0.787647033496834,Turkey,0.029556650246305417,1.0,0.5862068965517242,0.15270935960591134,0.8275862068965517,0.16748768472906403
December 2010,0.6847140912562131,Turkey,0.7438423645320197,0.9753694581280788,0.5960591133004914,0.1625615763546798,0.9211822660098522,0.3842364532019705
January 2011,999.0,Turkey,0.26108374384236455,0.6551724137931032,0.625615763546798,0.1724137931034483,0.9310344827586207,0.20689655172413793
February 2011,0.3683398969368685,Turkey,0.4630541871921182,0.3842364532019705,0.6650246305418719,0.16748768472906403,0.7389162561576355,0.3251231527093596
March 2011,0.5947864912203646,Turkey,0.3645320197044335,0.35960591133004927,0.6945812807881774,0.1330049261083744,0.5812807881773399,0.23645320197044334
April 2011,0.5886742586114354,Turkey,0.9852216748768473,0.10837438423645321,0.7536945812807881,0.12315270935960591,0.6945812807881774,0.8177339901477833
May 2011,0.9467388983937604,Turkey,0.9014778325123153,0.08866995073891626,0.7881773399014779,0.10837438423645321,0.9556650246305419,0.8620689655172414
June 2011,999.0,Turkey,0.7832512315270936,0.21182266009852216,0.8423645320197044,0.09852216748768473,0.9605911330049262,0.9014778325123153
July 2011,0.9087238200838026,Turkey,0.6206896551724138,0.6600985221674877,0.8866995073891626,0.07389162561576355,0.7783251231527094,0.8275862068965517
August 2011,0.8815064484381823,Turkey,0.5615763546798029,0.3497536945812808,0.9211822660098522,0.06403940886699508,0.7635467980295566,0.6945812807881774
September 2011,0.6969244419438447,Turkey,0.12315270935960591,0.4630541871921182,0.9458128078817734,0.04926108374384237,0.6995073891625616,0.5270935960591133
October 2011,0.9165077435391284,Turkey,0.21674876847290642,0.06896551724137931,0.9655172413793104,0.04433497536945813,0.6157635467980296,0.6108374384236454
November 2011,0.8080059937716241,Turkey,0.22660098522167488,0.0,0.9852216748768473,0.03940886699507389,0.15270935960591134,0.28078817733990147
December 2011,999.0,Turkey,0.21182266009852216,0.21674876847290642,0.9950738916256158,0.029556650246305417,0.12315270935960591,0.15270935960591134
January 2012,0.3928832551361957,Turkey,0.9704433497536946,0.10344827586206896,0.9753694581280788,0.024630541871921183,0.03940886699507389,0.7783251231527094
January 2012,0.817173151889828,Turkey,0.9655172413793104,0.09852216748768473,0.9704433497536946,0.0,0.029556650246305417,0.7832512315270936
February 2012,0.9280223436973681,Turkey,0.9211822660098522,0.014778325123152709,0.9408866995073889,0.0049261083743842365,0.0049261083743842365,0.7241379310344835
March 2012,0.9944715878592515,Turkey,0.2019704433497537,0.019704433497536946,0.891625615763547,0.009852216748768473,0.0,0.5320197044334976
April 2012,0.9544308712872573,Turkey,0.22167487684729065,0.7339901477832512,0.8177339901477833,0.014778325123152709,0.04926108374384237,0.9556650246305419
May 2012,999.0,Turkey,0.8817733990147784,0.3891625615763546,0.7339901477832512,0.019704433497536946,0.5467980295566502,0.7438423645320197
June 2012,0.9818843054819464,Turkey,0.33004926108374383,0.8423645320197046,0.6699507389162561,0.034482758620689655,0.7044334975369458,0.6847290640394089
July 2012,0.8513218605842515,Turkey,0.6157635467980296,0.7192118226600985,0.6009852216748769,0.08374384236453201,0.6206896551724138,0.6748768472906403
August 2012,0.7239528701723253,Turkey,0.7093596059113301,0.4482758620689655,0.4975369458128079,0.1477832512315271,0.5270935960591133,0.5172413793103449
September 2012,0.6489490296751329,Turkey,0.034482758620689655,0.7586206896551724,0.43842364532019706,0.18226600985221675,0.43349753694581283,0.3448275862068966
October 2012,999.0,Turkey,0.14285714285714285,0.812807881773399,0.3990147783251232,0.19704433497536947,0.5172413793103449,0.33497536945812806
November 2012,0.8275016001226543,Turkey,0.6502463054187192,0.8669950738916257,0.33990147783251234,0.21182266009852216,0.8472906403940886,0.4630541871921182
December 2012,0.96046172109791,Turkey,0.9753694581280788,0.6009852216748761,0.270935960591133,0.22167487684729065,0.8866995073891626,0.9704433497536946
January 2013,1.0,Turkey,0.8374384236453202,0.5665024630541872,0.3103448275862069,0.23645320197044334,0.8522167487684729,0.9507389162561577
February 2013,0.9403171194654969,Turkey,0.6945812807881774,0.9064039408866995,0.35960591133004927,0.2512315270935961,0.9704433497536946,0.9458128078817734
March 2013,999.0,Turkey,0.27586206896551724,0.7044334975369458,0.4088669950738916,0.26108374384236455,0.9852216748768473,0.9802955665024631
April 2013,0.9757405339801084,Turkey,0.3891625615763547,0.6650246305418719,0.43349753694581283,0.27586206896551724,0.9655172413793104,0.7881773399014779
May 2013,0.8621477216352245,Turkey,0.4482758620689655,0.8078817733990148,0.47783251231527096,0.29064039408867015,0.8078817733990148,0.8522167487684729
June 2013,0.9338589860094818,Turkey,0.35960591133004927,0.5270935960591133,0.5221674876847291,0.3054187192118227,0.3694581280788177,0.7980295566502464
July 2013,0.6736141019943137,Turkey,0.4729064039408867,0.270935960591133,0.6059113300492611,0.32019704433497537,0.27586206896551724,0.8078817733990148
August 2013,999.0,Turkey,0.4285714285714286,0.3645320197044335,0.6502463054187192,0.33497536945812806,0.33497536945812806,0.625615763546798
September 2013,999.0,Turkey,0.10837438423645321,0.18719211822660084,0.6995073891625616,0.3448275862068966,0.31527093596059114,0.6157635467980296
October 2013,0.8571428571428572,Turkey,0.07389162561576355,0.04433497536945813,0.7586206896551724,0.35960591133004927,0.2019704433497537,0.4876847290640394
November 2013,0.5302490439277708,Turkey,0.31527093596059114,0.8325123152709359,0.8226600985221674,0.3694581280788177,0.25615763546798026,0.1724137931034483
December 2013,0.31527304843645143,Turkey,0.08374384236453201,0.009852216748768473,0.8669950738916257,0.3793103448275862,0.09359605911330049,0.054187192118226604
January 2014,0.1533419374216321,Turkey,0.19211822660098524,0.9211822660098522,0.7832512315270936,0.39408866995073893,0.7931034482758621,0.08866995073891626
February 2014,999.0,Turkey,0.024630541871921183,0.896551724137931,0.7192118226600985,0.4039408866995074,0.8177339901477833,0.04433497536945813
March 2014,0.04879317657449029,Turkey,0.7044334975369444,0.8768472906403941,0.645320197044335,0.4187192118226601,0.8029556650246306,0.034482758620689655
April 2014,0.0,Turkey,0.24630541871921183,0.729064039408867,0.591133004926108,0.4285714285714286,0.5024630541871922,0.0
May 2014,0.04330480751546581,Turkey,0.7142857142857143,0.46798029556650245,0.4876847290640394,0.43842364532019706,0.2413793103448276,0.014778325123152709
June 2014,0.1837434729966548,Turkey,0.8177339901477833,0.2857142857142857,0.4236453201970443,0.45320197044334976,0.16748768472906403,0.06896551724137931
July 2014,999.0,Turkey,0.6403940886699507,0.5714285714285714,0.3694581280788177,0.4630541871921182,0.25123152709359603,0.07389162561576332
August 2014,0.16583450058252233,Turkey,0.6699507389162561,0.7487684729064039,0.3004926108374383,0.4729064039408867,0.2660098522167488,0.11330049261083744
September 2014,0.18012599947593733,Turkey,0.5812807881773449,0.2413793103448276,0.2413793103448276,0.4827586206896552,0.33990147783251234,0.4088669950738916
October 2014,0.3029593689141694,Turkey,0.2413793103448276,0.18226600985221675,0.2019704433497537,0.49261083743842365,0.7093596059113301,0.5073891625615763
November 2014,0.43449996178458256,Turkey,0.5270935960591133,0.1330049261083744,0.15270935960591134,0.5024630541871921,0.7241379310344829,0.4581280788177344
December 2014,999.0,Turkey,0.6354679802955665,0.9261083743842364,0.11822660098522167,0.5123152709359605,0.9261083743842364,0.6206896551724138
January 2015,0.8218407232853867,Turkey,0.812807881773399,0.3448275862068966,0.1625615763546798,0.5221674876847291,0.768472906403941,0.8916256157635499
February 2015,0.5603404745848096,Turkey,0.9113300492610837,0.4876847290640394,0.21182266009852216,0.5369458128078818,0.8423645320197045,0.916256157635468
March 2015,0.7544353887729597,Turkey,0.9310344827586207,0.5073891625615764,0.2660098522167488,0.5517241379310345,0.9458128078817734,0.9064039408866995
April 2015,0.774989579262292,Turkey,0.5714285714285714,0.06403940886699508,0.33497536945812806,0.5665024630541872,0.9113300492610837,0.6354679802955665
April 2015,0.7784795498604192,Turkey,0.5665024630541872,0.059113300492610835,0.32019704433497537,0.5320197044334976,0.9064039408866995,0.6403940886699507
May 2015,999.0,Turkey,0.5221674876847291,0.43349753694581283,0.3793103448275862,0.5467980295566502,0.891625615763547,0.6650246305418719
June 2015,999.0,Turkey,0.896551724137931,0.16748768472906403,0.4433497536945813,0.5615763546798029,0.7438423645320197,0.8866995073891626
July 2015,0.8741368666701076,Turkey,0.3793103448275862,0.45320197044334976,0.5024630541871922,0.5763546798029556,0.6847290640394089,0.7536945812807881
August 2015,0.9000101428972461,Turkey,0.768472906403941,0.591133004926021,0.6206896551724138,0.5862068965517241,0.6354679802955665,0.8325123152709359
September 2015,0.8329703509555808,Turkey,0.10344827586206896,0.9162561576354684,0.6847290640394089,0.5960591133004925,0.5320197044334976,0.6995073891625616
October 2015,999.0,Turkey,0.46798029556650245,0.5221674876847291,0.7733990147783252,0.605911330049261,0.6403940886699507,0.9211822660098522
November 2015,999.0,Turkey,0.19704433497536947,0.5862068965517242,0.8571428571428572,0.6157635467980296,0.5960591133004927,0.5960591133004925
December 2015,0.4047218547837353,Turkey,0.0,0.15763546798029557,0.9261083743842364,0.625615763546798,0.5665024630541872,0.19211822660098524
January 2016,0.6543535271533113,Turkey,0.9458128078817734,0.17733990147783252,0.896551724137931,0.6354679802955665,0.1724137931034483,0.8374384236453202
February 2016,0.4285714285714286,Turkey,0.23645320197044334,0.9950738916256158,0.8374384236453202,0.645320197044335,0.6600985221674877,0.7635467980295566
March 2016,0.5241705632191326,Turkey,0.7586206896551724,0.8029556650246306,0.7931034482758621,0.6551724137931034,0.7536945812807881,0.5467980295566502
April 2016,999.0,Turkey,0.11822660098522167,0.9458128078817734,0.7487684729064036,0.6699507389162561,0.729064039408867,0.024630541871921183
May 2016,0.3210996623818484,Turkey,0.8275862068965517,0.2561576354679803,0.6896551724137931,0.6798029556650247,0.1625615763546798,0.3103448275862069
June 2016,0.7065571505578335,Turkey,0.6995073891625616,0.625615763546798,0.6551724137930999,0.6896551724137931,0.3448275862068966,0.5369458128078818
July 2016,0.6243741604710547,Turkey,0.5763546798029556,0.5123152709359606,0.6157635467980296,0.6995073891625616,0.3054187192118227,0.6600985221674877
August 2016,0.310332893614735,Turkey,0.6551724137931034,0.724137931034483,0.5566502463054187,0.7093596059113301,0.24630541871921183,0.6699507389162561
September 2016,999.0,Turkey,0.16748768472906403,0.12315270935960591,0.49261083743842365,0.7192118226600985,0.21674876847290642,0.768472906403941
October 2016,999.0,Turkey,0.019704433497536946,0.47783251231527096,0.4729064039408867,0.729064039408867,0.11822660098522167,0.576354679802956
November 2016,0.39878597513689484,Turkey,0.270935960591133,0.1724137931034483,0.4285714285714286,0.7438423645320197,0.06896551724137931,0.3645320197044335
December 2016,0.36410877904754124,Turkey,0.9064039408866995,0.0049261083743842365,0.4039408866995074,0.7536945812807881,0.014778325123152709,0.4285714285714286
January 2017,0.33481172331789005,Turkey,0.6305418719211823,0.024630541871921183,0.3645320197044335,0.7635467980295566,0.009852216748768473,0.4236453201970443
February 2017,999.0,Turkey,0.0049261083743842365,0.14778325123152708,0.3448275862068966,0.7733990147783252,0.024630541871921183,0.10344827586206896
March 2017,0.11277309335527781,Turkey,0.6748768472906406,0.6108374384236454,0.3251231527093596,0.7832512315270936,0.019704433497536946,0.21674876847290642
April 2017,0.07656135081166304,Turkey,0.7192118226600985,0.22167487684729065,0.29064039408866993,0.7931034482758621,0.059113300492610835,0.08374384236453201
May 2017,0.14886428189803674,Turkey,0.8620689655172414,0.20689655172413793,0.27586206896551724,0.8029556650246306,0.35960591133004927,0.2512315270935961
June 2017,0.42192742670883593,Turkey,0.4975369458128079,0.4236453201970443,0.2561576354679799,0.812807881773399,0.7733990147783252,0.33990147783251234
July 2017,999.0,Turkey,0.41379310344827586,0.6945812807881774,0.22660098522167488,0.8226600985221675,0.5073891625615756,0.39408866995073893
August 2017,999.0,Turkey,0.7389162561576355,0.5763546798029565,0.21674876847290642,0.8325123152709359,0.4088669950738916,0.502463054187192
September 2017,999.0,Turkey,0.04433497536945813,0.8866995073891626,0.18719211822660098,0.842364532019706,0.28078817733990147,0.4729064039408867
October 2017,999.0,Turkey,0.09359605911330049,0.11330049261083744,0.1724137931034483,0.8522167487684729,0.23645320197044334,0.5123152709359606
November 2017,999.0,Turkey,0.43842364532019706,0.2019704433497537,0.15763546798029557,0.8620689655172414,0.18226600985221675,0.32019704433497537
December 2017,999.0,Turkey,0.2512315270935961,0.8374384236453202,0.1330049261083744,0.8719211822660099,0.6650246305418719,0.22167487684729065
January 2018,999.0,Turkey,0.8029556650246306,0.768472906403941,0.19211822660098524,0.8866995073891626,0.8325123152709359,0.5566502463054187
February 2018,999.0,Turkey,0.2857142857142857,0.9704433497536946,0.2512315270935961,0.896551724137931,0.9802955665024631,0.4827586206896552
March 2018,999.0,Turkey,0.4187192118226601,0.9901477832512315,0.3054187192118227,0.9064039408866995,0.9901477832512315,0.3054187192118227
April 2018,999.0,Turkey,0.06403940886699508,0.9310344827586207,0.3842364532019705,0.9113300492610837,0.9359605911330049,0.009852216748768473
May 2018,999.0,Turkey,0.9359605911330049,0.6748768472906407,0.45320197044334976,0.9211822660098522,0.3645320197044335,0.2660098522167488
June 2018,0.2383759792246048,Turkey,0.8226600985221675,0.4088669950738916,0.5172413793103449,0.9310344827586207,0.3842364532019705,0.45320197044334976
July 2018,0.19335784811857348,Turkey,0.6009852216748769,0.4827586206896552,0.6354679802955665,0.940886699507389,0.5221674876847291,0.43349753694581283
August 2018,999.0,Turkey,0.5862068965517169,0.4433497536945813,0.7142857142857143,0.9507389162561577,0.46798029556650245,0.37438423645320185
September 2018,999.0,Turkey,0.09852216748768473,0.5467980295566502,0.8029556650246306,0.9605911330049262,0.32019704433497537,0.3793103448275862
October 2018,0.22648443553241548,Turkey,0.25615763546797987,0.49261083743842365,0.9014778325123153,0.9704433497536946,0.14285714285714285,0.47783251231527096
November 2018,0.17275329569277723,Turkey,0.7783251231527074,0.3694581280788177,0.9507389162561577,0.9802955665024631,0.3990147783251236,0.46798029556650245
December 2018,0.49302372162759844,Turkey,0.9950738916256158,0.3793103448275862,0.9802955665024631,0.9901477832512311,0.2315270935960591,0.9605911330049262
January 2019,0.9051179885363391,Turkey,0.9901477832512314,0.27586206896551724,0.9556650246305419,1.0,0.14778325123152705,0.9901477832512314
April 2002,0.32070691124612466,Italy,0.7733990147783252,0.5812807881773399,0.8275862068965517,0.9802955665024631,0.3054187192118227,0.09852216748768473
May 2002,0.29128133985004245,Italy,0.8916256157635472,0.645320197044335,0.7832512315270936,0.9704433497536946,0.7635467980295566,0.8423645320197046
June 2002,999.0,Italy,0.45320197044334976,0.896551724137931,0.7339901477832512,0.9605911330049262,0.7389162561576355,0.645320197044335
July 2002,999.0,Italy,0.9162561576354681,0.33497536945812806,0.6847290640394089,0.9507389162561577,0.896551724137931,0.5960591133004927
August 2002,0.5664088269728427,Italy,0.9261083743842364,0.1330049261083744,0.6354679802955665,0.9458128078817734,0.9310344827586207,0.7733990147783252
September 2002,0.9684745200422473,Italy,0.2413793103448276,0.04433497536945813,0.5911330049261084,0.9359605911330049,0.9064039408866995,0.5763546798029558
October 2002,0.9213552132417865,Italy,0.059113300492610835,0.41379310344827586,0.5123152709359606,0.9261083743842364,0.8226600985221659,0.4827586206896552
November 2002,0.8571428571428572,Italy,0.8620689655172414,0.9359605911330049,0.43842364532019706,0.9162561576354682,0.5024630541871922,0.9458128078817734
December 2002,0.7847374398559369,Italy,0.8029556650246306,0.8522167487684729,0.3793103448275862,0.9064039408866995,0.8768472906403941,0.9064039408866995
January 2003,0.8267601528342865,Italy,0.8866995073891626,0.6600985221674877,0.33990147783251234,0.896551724137931,0.9704433497536946,0.9211822660098522
February 2003,0.6308568282790771,Italy,0.18226600985221675,0.009852216748768473,0.3004926108374384,0.8916256157635468,0.5960591133004925,0.8571428571428572
March 2003,0.41743159719413303,Italy,0.06896551724137931,0.4729064039408867,0.270935960591133,0.8768472906403941,0.21182266009852216,0.33990147783251234
April 2003,0.35118006789514333,Italy,0.4827586206896552,0.2561576354679803,0.22660098522167488,0.8719211822660088,0.0049261083743842365,0.22167487684729065
May 2003,0.16735300847898724,Italy,0.1724137931034483,0.990147783251231,0.19211822660098524,0.8620689655172414,0.2857142857142857,0.15763546798029557
June 2003,999.0,Italy,0.3103448275862069,1.0,0.1625615763546798,0.8522167487684729,0.25615763546798015,0.08866995073891626
July 2003,0.17241795256597103,Italy,0.33004926108374383,0.9211822660098522,0.1330049261083744,0.8423645320197046,0.23645320197044334,0.3793103448275862
August 2003,0.08979187938583823,Italy,0.43349753694581283,0.9950738916256158,0.10344827586206896,0.8325123152709359,0.054187192118226604,0.29064039408867
September 2003,0.20202817001748516,Italy,0.06403940886699497,0.270935960591133,0.06896551724137931,0.8275862068965517,0.08374384236453201,0.19704433497536947
October 2003,0.26744797420140565,Italy,0.5615763546798029,0.23645320197044334,0.03940886699507389,0.8177339901477833,0.3694581280788177,0.3004926108374311
November 2003,0.40405149105969956,Italy,0.5221674876847291,0.8177339901477833,0.009852216748768473,0.8078817733990148,0.43842364532019706,0.6059113300492609
December 2003,0.4972578056201688,Italy,0.7586206896551724,0.39408866995073893,0.0,0.7980295566502468,0.7980295566502466,0.43842364532019706
January 2004,0.45296210349118976,Italy,0.41379310344827586,0.2315270935960591,0.029556650246305417,0.7881773399014779,0.7536945812807881,0.4630541871921182
February 2004,0.5033215673768089,Italy,0.5812807881773405,0.5862068965517241,0.08866995073891626,0.7832512315270936,0.5123152709359605,0.5123152709359606
March 2004,0.7935166557946642,Italy,0.5369458128078818,0.251231527093596,0.14285714285714285,0.7733990147783252,0.6995073891625616,0.8374384236453202
April 2004,0.6627097039129042,Italy,0.812807881773399,0.4876847290640394,0.20689655172413793,0.7635467980295566,0.8719211822660093,0.6995073891625616
May 2004,0.7310353158599767,Italy,0.768472906403941,0.034482758620689655,0.26108374384236455,0.7536945812807881,0.4975369458128079,0.729064039408867
June 2004,0.8174338227537319,Italy,0.6847290640394089,0.3891625615763547,0.3251231527093596,0.748768472906403,0.8522167487684729,0.4729064039408867
July 2004,0.7748749165375043,Italy,0.5320197044334976,0.49261083743842365,0.4088669950738916,0.7389162561576355,0.7783251231527083,0.3990147783251233
August 2004,0.7930544616967282,Italy,0.3743842364532018,0.5665024630541872,0.4975369458128079,0.729064039408867,0.7733990147783252,0.3497536945812808
September 2004,0.6651246378806785,Italy,0.10344827586206896,0.4975369458128079,0.6157635467980296,0.7192118226600985,0.26108374384236455,0.3251231527093596
October 2004,0.5241445847578291,Italy,0.10837438423645321,0.9408866995073885,0.6748768472906403,0.7093596059113301,0.29064039408866993,0.3645320197044335
November 2004,0.8976205557992198,Italy,0.7389162561576355,0.45320197044334976,0.729064039408867,0.7044334975369455,0.8078817733990148,0.541871921182266
December 2004,0.6124983647539277,Italy,0.9064039408866995,0.8275862068965517,0.7980295566502464,0.6945812807881774,0.6403940886699507,0.7881773399014779
January 2005,0.5291009192086005,Italy,0.32019704433497537,0.10837438423645321,0.7635467980295566,0.6847290640394089,0.31527093596059114,0.7339901477832512
February 2005,0.5175156538283227,Italy,0.5714285714285714,0.0049261083743842365,0.7192118226600985,0.6798029556650247,0.019704433497536946,0.6354679802955665
March 2005,0.5417318285575434,Italy,0.25123152709359586,0.22660098522167488,0.6995073891625616,0.6699507389162561,0.029556650246305417,0.6551724137931034
April 2005,0.5543293283104104,Italy,0.6896551724137931,0.32019704433497537,0.6600985221674877,0.6600985221674877,0.014778325123152709,0.4187192118226601
May 2005,0.5846803103021807,Italy,0.29556650246305416,0.8472906403940886,0.6305418719211823,0.6502463054187192,0.6945812807881774,0.2315270935960591
June 2005,0.46324891417649355,Italy,0.3990147783251232,0.7241379310344829,0.5862068965517242,0.645320197044335,0.7044334975369444,0.06403940886699508
July 2005,0.6255731110733213,Italy,0.5073891625615763,0.6403940886699507,0.5320197044334976,0.6354679802955665,0.5615763546798029,0.4236453201970443
August 2005,0.641802597682213,Italy,0.7881773399014779,0.07389162561576355,0.46798029556650245,0.625615763546798,0.6551724137931034,0.5615763546798029
September 2005,0.7787238273492033,Italy,0.27586206896551724,0.3251231527093596,0.4236453201970443,0.6157635467980296,0.9458128078817734,0.5073891625615762
October 2005,0.8344656668347679,Italy,0.1625615763546798,0.3694581280788177,0.37438423645320196,0.6108374384236454,0.8669950738916257,0.7931034482758621
November 2005,0.5473273883194182,Italy,0.6108374384236454,0.26108374384236455,0.3448275862068966,0.6009852216748763,0.768472906403941,0.32019704433497537
December 2005,0.5584771687083324,Italy,0.8669950738916257,0.04926108374384237,0.3103448275862069,0.586206896551724,0.3891625615763543,0.812807881773399
January 2006,0.8505556852542617,Italy,0.5024630541871922,0.07881773399014778,0.28078817733990147,0.5665024630541872,0.25123152709359575,0.7586206896551724
February 2006,0.6740242406807259,Italy,0.6995073891625616,0.20689655172413793,0.2413793103448276,0.5615763546798029,0.034482758620689655,0.4876847290640394
March 2006,0.8380559431537066,Italy,0.541871921182266,0.15270935960591134,0.22167487684729065,0.5467980295566502,0.04926108374384237,0.6699507389162561
April 2006,0.8781155842220313,Italy,0.4433497536945813,0.7635467980295566,0.19704433497536947,0.5320197044334976,0.06896551724137931,0.6502463054187192
May 2006,0.5907154623619473,Italy,0.20689655172413793,0.7339901477832512,0.17733990147783252,0.5172413793103449,0.3645320197044335,0.35467980295566504
June 2006,0.4478863537959514,Italy,0.3251231527093596,0.6354679802955665,0.15270935960591134,0.5123152709359605,0.7586206896551724,0.1724137931034483
July 2006,0.43421022373856444,Italy,0.4236453201970443,0.8571428571428572,0.12315270935960591,0.4975369458128079,0.2660098522167488,0.3103448275862069
August 2006,0.47211151395917966,Italy,0.7536945812807881,0.059113300492610835,0.10837438423645321,0.4876847290640394,0.5517241379310345,0.6600985221674877
September 2006,0.36928813089858525,Italy,0.270935960591133,0.6699507389162561,0.07881773399014778,0.47783251231527096,0.6108374384236454,0.5024630541871922
October 2006,0.5122779920570061,Italy,0.0049261083743842365,0.8423645320197044,0.054187192118226604,0.4630541871921182,0.8472906403940886,0.07389162561576355
November 2006,0.19688580314252682,Italy,0.014778325123152709,0.6551724137931034,0.024630541871921183,0.458128078817734,0.5911330049261084,0.0
December 2006,0.11329920421429535,Italy,0.6157635467980296,0.812807881773399,0.014778325123152709,0.4482758620689655,0.5566502463054187,0.059113300492610835
January 2007,0.19042542415138647,Italy,0.19704433497536947,0.9753694581280788,0.04926108374384237,0.43842364532019706,0.8817733990147784,0.03940886699507389
February 2007,0.03880466486315581,Italy,0.5270935960591133,0.9310344827586207,0.07389162561576355,0.43349753694581283,0.9802955665024631,0.15270935960591134
March 2007,0.02965268400743799,Italy,0.7635467980295566,0.7586206896551724,0.11330049261083744,0.4187192118226601,1.0,0.27586206896551724
April 2007,0.013939486858491671,Italy,0.21674876847290642,0.9556650246305419,0.1477832512315271,0.41379310344827586,0.9556650246305419,0.2512315270935961
May 2007,0.015701899538579187,Italy,0.6502463054187192,0.8029556650246306,0.18226600985221675,0.4039408866995074,0.645320197044335,0.054187192118226604
June 2007,0.23210138666172245,Italy,0.7044334975369457,0.7733990147783252,0.21674876847290642,0.39408866995073893,0.3842364532019705,0.2413793103448276
July 2007,0.13122271358429377,Italy,0.2561576354679803,0.768472906403941,0.2561576354679801,0.38916256157635426,0.24630541871921183,0.28078817733990147
August 2007,0.09737817273240715,Italy,0.46798029556650245,0.4482758620689655,0.29556650246305416,0.3793103448275862,0.13793103448275862,0.4482758620689655
September 2007,0.05998029878146785,Italy,0.08374384236453201,0.10344827586206896,0.33004926108374383,0.37438423645320174,0.07881773399014778,0.39408866995073893
October 2007,0.05362078428083981,Italy,0.07881773399014778,0.19211822660098524,0.3842364532019705,0.3645320197044335,0.1477832512315271,0.12807881773399016
November 2007,0.07726706256726029,Italy,0.17733990147783252,0.06896551724137931,0.43349753694581283,0.35467980295566504,0.059113300492610835,0.029556650246305417
December 2007,0.14863883583290408,Italy,0.2660098522167488,0.12315270935960591,0.4876847290640394,0.3448275862068966,0.04433497536945813,0.009852216748768473
January 2008,0.14285714285714285,Italy,0.4187192118226601,0.8719211822660098,0.5812807881773399,0.33497536945812806,0.15763546798029557,0.14778325123152705
February 2008,0.10393620236282122,Italy,0.09852216748768473,0.5960591133004922,0.6551724137931015,0.33004926108374383,0.6699507389162561,0.11822660098522167
March 2008,0.0,Italy,0.8275862068965517,0.5221674876847291,0.7044334975369453,0.32019704433497537,0.9113300492610837,0.21674876847290642
April 2008,0.2626540582925377,Italy,0.6206896551724138,0.5123152709359606,0.7536945812807881,0.31527093596059114,0.9359605911330049,0.3842364532019705
May 2008,0.1554698527546829,Italy,0.7487684729064036,0.625615763546798,0.8078817733990148,0.3054187192118227,0.541871921182266,0.7980295566502476
June 2008,0.23842086108183447,Italy,0.7339901477832512,0.5911330049261084,0.8620689655172414,0.3004926108374384,0.4876847290640394,0.8177339901477833
July 2008,0.1851263604091115,Italy,0.5665024630541872,0.5320197044334976,0.9014778325123153,0.29064039408867,0.5812807881773401,0.7142857142857143
August 2008,0.30840661987804013,Italy,0.31527093596059114,0.7487684729064039,0.9310344827586207,0.2857142857142857,0.18226600985221675,0.5665024630541872
September 2008,0.24449476768411907,Italy,0.11330049261083744,0.16748768472906403,0.9507389162561577,0.28078817733990147,0.11822660098522167,0.4285714285714286
October 2008,0.08303666631122547,Italy,0.04926108374384237,0.6502463054187192,0.9655172413793104,0.2660098522167488,0.09359605911330049,0.2019704433497537
November 2008,0.16181861653741497,Italy,0.9014778325123153,0.43349753694581283,0.9852216748768473,0.2512315270935961,0.1724137931034483,0.6896551724137931
December 2008,0.844640789434846,Italy,1.0,0.3054187192118227,1.0,0.2315270935960591,0.11330049261083744,0.9359605911330049
January 2009,0.4980624038347834,Italy,0.9852216748768473,0.5024630541871921,0.9950738916256158,0.21674876847290642,0.1625615763546798,0.9507389162561577
February 2009,0.755808889520854,Italy,0.5566502463054187,0.08866995073891626,0.9901477832512312,0.22660098522167488,0.18719211822660095,0.9655172413793104
March 2009,0.6012818055562863,Italy,0.8571428571428572,0.29064039408866993,0.9802955665024631,0.1724137931034483,0.14285714285714285,0.916256157635468
April 2009,0.7065190990180344,Italy,0.896551724137931,0.6847290640394089,0.9753694581280788,0.18226600985221675,0.4285714285714286,0.9901477832512315
May 2009,0.6847282482691631,Italy,0.1330049261083744,0.9014778325123153,0.9704433497536946,0.15763546798029557,0.46798029556650245,0.8226600985221674
June 2009,0.5917085447154632,Italy,0.7980295566502464,0.33990147783251234,0.9605911330049262,0.1625615763546798,0.6798029556650247,0.47783251231527096
July 2009,0.7683041654118532,Italy,0.4630541871921182,0.5763546798029573,0.9556650246305419,0.12315270935960591,0.6009852216748767,0.5467980295566502
August 2009,0.41186262643286436,Italy,0.33990147783251234,0.8325123152709359,0.9458128078817734,0.12807881773399016,0.33990147783251234,0.3694581280788177
September 2009,0.3450732726846417,Italy,0.3448275862068966,0.541871921182266,0.940886699507389,0.14285714285714285,0.3448275862068966,0.49261083743842365
October 2009,0.33861379277495973,Italy,0.08866995073891626,0.11822660098522167,0.9359605911330049,0.09852216748768473,0.7241379310344828,0.24630541871921183
November 2009,0.31609607251550187,Italy,0.26108374384236455,0.6059113300492601,0.9261083743842364,0.10344827586206896,0.8029556650246306,0.17733990147783252
December 2009,0.4391645486699738,Italy,0.8522167487684729,0.47783251231527096,0.9211822660098522,0.08374384236453201,0.7931034482758621,0.6798029556650247
January 2010,0.8692302860258966,Italy,0.8817733990147784,0.2019704433497537,0.9064039408866995,0.08866995073891626,0.8866995073891626,0.8866995073891626
February 2010,0.7604008405946853,Italy,0.8719211822660098,0.35960591133004927,0.8916256157635469,0.10837438423645321,0.916256157635468,0.9014778325123153
March 2010,0.6500782311145888,Italy,0.7093596059113301,0.2413793103448276,0.8768472906403941,0.054187192118226604,0.8325123152709359,0.9310344827586207
April 2010,0.5359052019992665,Italy,0.4482758620689655,0.5467980295566502,0.8669950738916257,0.06403940886699508,0.625615763546798,0.6748768472906407
May 2010,0.7029224612543422,Italy,0.9113300492610837,0.1724137931034483,0.8472906403940886,0.059113300492610835,0.35467980295566504,0.7438423645320197
June 2010,0.7198039094356404,Italy,0.729064039408867,0.2660098522167488,0.8325123152709359,0.07881773399014778,0.39408866995073893,0.6847290640394089
July 2010,0.8756895183388776,Italy,0.43842364532019706,0.7192118226600985,0.812807881773399,0.07389162561576355,0.5270935960591133,0.3448275862068966
August 2010,0.6086781601416591,Italy,0.6650246305418719,0.28078817733990147,0.7931034482758621,0.09359605911330049,0.7339901477832512,0.6945812807881774
September 2010,0.6543217411056271,Italy,0.3497536945812808,0.09359605911330049,0.7783251231527034,0.11822660098522167,0.812807881773399,0.7536945812807881
October 2010,0.6896576230116758,Italy,0.5123152709359605,0.06403940886699508,0.7487684729064039,0.11330049261083744,0.41379310344827586,0.5270935960591133
November 2010,0.9462132441954025,Italy,0.990147783251231,0.43842364532019706,0.7438423645320197,0.1477832512315271,0.2955665024630542,0.9802955665024631
December 2010,0.9371885091339041,Italy,0.6798029556650247,0.08374384236453201,0.7142857142857143,0.1330049261083744,0.5714285714285714,0.9753694581280788
January 2011,999.0,Italy,0.3842364532019705,0.35467980295566504,0.6945812807881774,0.16748768472906403,0.4433497536945813,0.8768472906403941
February 2011,0.36066694157333073,Italy,0.5911330049261084,0.3497536945812808,0.6650246305418719,0.19211822660098524,0.4236453201970443,0.6403940886699507
March 2011,0.7510651372791713,Italy,0.8768472906403941,0.24630541871921183,0.645320197044335,0.13793103448275862,0.07389162561576355,0.8916256157635473
April 2011,0.48771384594121286,Italy,0.22660098522167488,0.8078817733990148,0.6206896551724138,0.17733990147783252,0.5862068965517241,0.5812807881773399
May 2011,0.47664084815276025,Italy,0.38916256157635465,0.5369458128078818,0.5960591133004923,0.18719211822660098,0.4039408866995074,0.16748768472906403
June 2011,999.0,Italy,0.7142857142857143,0.4433497536945813,0.5517241379310345,0.19704433497536947,0.9014778325123153,0.5320197044334976
July 2011,0.6355900508289419,Italy,0.7192118226600985,0.14285714285714285,0.5024630541871922,0.2019704433497537,0.6059113300492611,0.5369458128078818
August 2011,0.697897560506703,Italy,0.21182266009852216,0.7536945812807881,0.45320197044334976,0.22167487684729065,0.21674876847290642,0.33497536945812806
September 2011,0.38083751178583025,Italy,0.054187192118226604,0.9162561576354681,0.4285714285714286,0.23645320197044334,0.09852216748768473,0.5566502463054187
October 2011,0.22067978264986873,Italy,0.029556650246305417,0.18719211822660092,0.39408866995073893,0.2413793103448276,0.10344827586206896,0.2955665024630542
November 2011,0.21443777326469027,Italy,0.16748768472906403,0.5073891625615763,0.35960591133004927,0.2561576354679803,0.19211822660098524,0.08374384236453201
December 2011,999.0,Italy,0.19211822660098524,0.6650246305418719,0.33497536945812806,0.26108374384236455,0.19704433497536947,0.024630541871921183
January 2012,0.2857142857142857,Italy,0.15763546798029557,0.22167487684729065,0.3891625615763546,0.270935960591133,0.3251231527093596,0.019704433497536946
January 2012,0.3019895454847489,Italy,0.15270935960591134,0.21674876847290642,0.4039408866995074,0.0,0.32019704433497537,0.014778325123152709
February 2012,0.24869770346230738,Italy,0.8226600985221675,0.0,0.458128078817734,0.0049261083743842365,0.0,0.10344827586206896
March 2012,0.3305214379827639,Italy,0.07389162561576355,0.8817733990147784,0.5369458128078818,0.009852216748768473,0.17733990147783252,0.06896551724137931
April 2012,0.1779177126502641,Italy,0.8423645320197048,0.4630541871921182,0.6108374384236454,0.014778325123152709,0.7438423645320197,0.23645320197044334
May 2012,999.0,Italy,0.5763546798029556,0.3103448275862069,0.6502463054187192,0.019704433497536946,0.8916256157635472,0.2660098522167488
June 2012,0.20757330244213407,Italy,0.23645320197044334,0.9113300492610837,0.6798029556650247,0.024630541871921183,0.7832512315270936,0.25615763546797876
July 2012,0.2265142163542043,Italy,0.645320197044335,0.8226600985221675,0.7241379310344829,0.029556650246305417,0.10837438423645321,0.591133004926108
August 2012,0.13750931473427927,Italy,0.24630541871921183,0.9261083743842364,0.768472906403941,0.034482758620689655,0.024630541871921183,0.4039408866995074
September 2012,0.2997972985246049,Italy,0.35960591133004927,0.5172413793103449,0.8177339901477833,0.03940886699507389,0.22167487684729065,0.7783251231527089
October 2012,999.0,Italy,0.3054187192118227,0.7389162561576355,0.8522167487684729,0.04433497536945813,0.6206896551724138,0.6009852216748769
November 2012,0.48247016533528775,Italy,0.9310344827586207,0.8669950738916257,0.8866995073891626,0.04926108374384237,0.8571428571428572,0.9605911330049262
December 2012,0.45819263177758535,Italy,0.2315270935960591,0.12807881773399016,0.9162561576354686,0.06896551724137931,0.8620689655172414,0.7389162561576355
January 2013,0.8053510204195741,Italy,0.7241379310344829,0.5615763546798029,0.9113300492610837,0.15270935960591134,0.6847290640394089,0.8325123152709359
February 2013,0.7439119441453107,Italy,0.7783251231527094,0.029556650246305417,0.896551724137931,0.21182266009852216,0.39901477832512317,0.8719211822660098
March 2013,999.0,Italy,0.9655172413793104,0.29556650246305416,0.8817733990147784,0.20689655172413793,0.5221674876847291,0.9704433497536946
April 2013,0.9359294426647742,Italy,0.39408866995073893,0.7980295566502463,0.8719211822660098,0.24630541871921183,0.2315270935960591,0.9852216748768473
May 2013,0.9811539810855618,Italy,0.9605911330049262,0.15763546798029557,0.8571428571428572,0.27586206896551724,0.28078817733990147,0.9408866995073891
June 2013,0.9787806455958136,Italy,0.4088669950738916,0.1477832512315271,0.8423645320197078,0.29556650246305416,0.15270935960591134,0.8522167487684729
July 2013,0.905754792112556,Italy,0.45812807881773476,0.4236453201970443,0.8374384236453202,0.3103448275862069,0.45320197044334976,0.38916256157635437
August 2013,999.0,Italy,0.49261083743842365,0.6108374384236454,0.8226600985221673,0.3251231527093596,0.7142857142857143,0.41379310344827586
September 2013,999.0,Italy,0.034482758620689655,0.4285714285714286,0.8029556650246306,0.33990147783251234,0.5073891625615763,0.31527093596059114
October 2013,0.8874523182311174,Italy,0.09359605911330049,0.8374384236453202,0.7881773399014779,0.3497536945812808,0.5665024630541872,0.5862068965517242
November 2013,0.8206612300636322,Italy,0.9556650246305419,0.4039408866995074,0.7733990147783252,0.35960591133004927,0.6157635467980296,0.7192118226600985
December 2013,0.727878454138806,Italy,0.4876847290640394,0.45812807881773404,0.7586206896551724,0.3694581280788177,0.6305418719211823,0.768472906403941
January 2014,0.809188350567983,Italy,0.9704433497536946,0.9064039408866995,0.7389162561576355,0.3842364532019705,0.7881773399014779,0.9556650246305419
February 2014,999.0,Italy,0.9950738916256158,0.9605911330049262,0.7093596059113301,0.3990147783251238,0.9901477832512305,1.0
March 2014,0.9649012040423671,Italy,0.5862068965517235,0.6009852216748769,0.6896551724137931,0.4088669950738916,0.9753694581280788,0.9950738916256158
April 2014,0.9163468470693045,Italy,0.6551724137931034,0.6206896551724138,0.6699507389162561,0.4236453201970443,0.9408866995073871,0.8817733990147784
May 2014,0.8626005239741021,Italy,0.47783251231527096,0.11330049261083744,0.6403940886699507,0.4285714285714286,0.37438423645320196,0.6650246305418719
June 2014,0.8921865152240818,Italy,0.6945812807881774,0.3793103448275862,0.625615763546798,0.4433497536945813,0.4827586206896552,0.8472906403940886
July 2014,999.0,Italy,0.9458128078817734,0.03940886699507389,0.6009852216748768,0.45320197044334976,0.9261083743842364,0.7832512315270936
August 2014,0.9948920633201378,Italy,0.6305418719211823,0.1625615763546798,0.5615763546798029,0.4729064039408867,0.9507389162561577,0.8078817733990148
September 2014,0.9866956759597227,Italy,0.12315270935960591,0.30049261083743845,0.5172413793103449,0.49261083743842365,0.729064039408867,0.6157635467980296
October 2014,0.9545064397421649,Italy,0.019704433497536946,0.7881773399014779,0.4729064039408867,0.5073891625615755,0.16748768472906403,0.18226600985221675
November 2014,1.0,Italy,0.8325123152709359,0.9507389162561577,0.4433497536945813,0.5270935960591133,0.27586206896551724,0.9261083743842364
December 2014,999.0,Italy,0.3694581280788177,0.6945812807881774,0.41379310344827586,0.5369458128078818,0.6896551724137931,0.625615763546798
January 2015,0.9292494620571933,Italy,0.6059113300492611,0.6305418719211823,0.3645320197044335,0.5517241379310345,0.4581280788177341,0.4581280788177343
February 2015,0.9562314173537949,Italy,0.9408866995073883,0.18226600985221675,0.32019704433497537,0.5714285714285714,0.4482758620689655,0.8620689655172414
March 2015,0.911281946611814,Italy,0.9211822660098522,0.3743842364532011,0.29064039408867,0.5812807881773399,0.5320197044334976,0.896551724137931
April 2015,0.7382050218423033,Italy,0.14285714285714285,0.4187192118226601,0.2512315270935961,0.5960591133004927,0.4187192118226601,0.7093596059113301
April 2015,0.7142857142857143,Italy,0.13793103448275862,0.4088669950738916,0.27586206896551724,0.46798029556650245,0.4088669950738916,0.7044334975369458
May 2015,999.0,Italy,0.4729064039408867,0.7783251231527036,0.23645320197044334,0.4827586206896552,0.3497536945812808,0.4975369458128079
June 2015,999.0,Italy,0.5467980295566502,0.5566502463054187,0.2019704433497537,0.5024630541871922,0.49261083743842365,0.35960591133004927
July 2015,0.38791110740848206,Italy,0.3793103448275862,0.9852216748768473,0.16748768472906403,0.5221674876847291,0.35960591133004927,0.21182266009852216
August 2015,0.4225487619094494,Italy,0.5960591133004923,0.6798029556650247,0.12807881773399016,0.541871921182266,0.47783251231527096,0.43349753694581283
September 2015,0.37493657358571264,Italy,0.14778325123152694,0.4827586206896552,0.09852216748768473,0.5566502463054187,0.5467980295566502,0.5517241379310345
October 2015,999.0,Italy,0.7832512315270936,0.2857142857142857,0.06403940886699508,0.5763546798029557,0.8275862068965517,0.8029556650246306
November 2015,999.0,Italy,0.04433497536945813,0.7093596059113301,0.034482758620689655,0.5911330049261084,0.8423645320197045,0.10837438423645321
December 2015,0.005158289544939072,Italy,0.009852216748768473,0.7931034482758621,0.0049261083743842365,0.6059113300492611,0.8374384236453202,0.0049261083743842365
January 2016,0.06536456200007217,Italy,0.3645320197044335,0.7832512315270936,0.019704433497536946,0.6206896551724138,0.8177339901477833,0.07881773399014778
February 2016,0.27435195004306756,Italy,0.9507389162561577,0.9802955665024631,0.04433497536945813,0.6305418719211823,0.9950738916256158,0.6305418719211823
March 2016,0.35884767201882645,Italy,0.7931034482758621,0.3645320197044335,0.059113300492610835,0.6403940886699507,0.9655172413793104,0.8669950738916257
April 2016,999.0,Italy,0.22167487684729065,0.8866995073891626,0.08374384236453201,0.6551724137931033,0.9852216748768473,0.6206896551724138
May 2016,0.39885608732919936,Italy,0.8078817733990148,0.17733990147783252,0.09359605911330049,0.6650246305418719,0.270935960591133,0.5221674876847291
June 2016,0.5714285714285714,Italy,0.8177339901477833,0.31527093596059114,0.11822660098522167,0.6748768472906417,0.33004926108374383,0.7241379310344828
July 2016,0.6768526294000892,Italy,0.6403940886699507,0.6748768472906403,0.13793103448275862,0.6896551724137931,0.43349753694581283,0.46798029556650245
August 2016,0.6191294569287961,Italy,0.6354679802955665,0.21182266009852216,0.15763546798029557,0.6995073891625616,0.7487684729064038,0.5172413793103449
September 2016,999.0,Italy,0.2857142857142857,0.3448275862068966,0.1724137931034483,0.7142857142857143,0.4729064039408867,0.3054187192118227
October 2016,999.0,Italy,0.2019704433497537,0.27586206896551724,0.18719211822660098,0.7241379310344828,0.5369458128078818,0.22660098522167488
November 2016,0.5763999918464744,Italy,0.5517241379310345,0.5517241379310345,0.21182266009852216,0.7339901477832512,0.3793103448275862,0.33004926108374383
December 2016,0.10204414792083819,Italy,0.03940886699507389,0.46798029556650245,0.2315270935960591,0.7438423645320197,0.4630541871921182,0.04926108374384237
January 2017,0.07110869600398607,Italy,0.6699507389162561,0.014778325123152709,0.24630541871921183,0.7586206896551724,0.12315270935960591,0.12315270935960591
February 2017,999.0,Italy,0.5172413793103449,0.8620689655172414,0.2660098522167488,0.768472906403941,0.22660098522167488,0.3743842364532017
March 2017,0.024532592010441154,Italy,0.12807881773399002,0.8768472906403941,0.2857142857142857,0.7783251231527093,0.6600985221674877,0.18719211822660098
April 2017,0.046295357272301024,Italy,0.33497536945812806,0.5714285714285714,0.3054187192118227,0.7931034482758621,0.6502463054187192,0.04433497536945813
May 2017,0.2785596588138544,Italy,0.28078817733990147,0.6995073891625616,0.31527093596059114,0.8029556650246306,0.2413793103448276,0.14285714285714285
June 2017,0.11847988732136767,Italy,0.35467980295566504,0.9655172413793104,0.3497536945812808,0.812807881773399,0.08866995073891626,0.1625615763546798
July 2017,999.0,Italy,0.4039408866995074,0.7438423645320197,0.35467980295566504,0.8226600985221674,0.06403940886699508,0.2857142857142857
August 2017,999.0,Italy,0.30049261083743845,0.9458128078817734,0.3694581280788177,0.8374384236453202,0.009852216748768473,0.45320197044334976
September 2017,999.0,Italy,0.6009852216748769,0.054187192118226604,0.39901477832512317,0.8472906403940886,0.20689655172413793,0.7487684729064039
October 2017,999.0,Italy,0.0,0.33004926108374383,0.4187192118226601,0.8571428571428572,0.3004926108374383,0.034482758620689655
November 2017,999.0,Italy,0.6748768472906403,0.13793103448275862,0.4482758620689655,0.8669950738916257,0.1330049261083744,0.09359605911330049
December 2017,999.0,Italy,0.625615763546798,0.09852216748768473,0.4630541871921182,0.8817733990147784,0.03940886699507389,0.11330049261083744
January 2018,999.0,Italy,0.29064039408866993,0.891625615763547,0.47783251231527096,0.8866995073891626,0.2019704433497537,0.270935960591133
February 2018,999.0,Italy,0.9802955665024631,0.024630541871921183,0.4827586206896552,0.9014778325123153,0.12807881773399013,0.4088669950738916
March 2018,999.0,Italy,0.9753694581280788,0.19704433497536947,0.49261083743842365,0.9113300492610837,0.33497536945812806,0.8275862068965517
April 2018,999.0,Italy,0.18719211822660098,0.9704433497536946,0.5073891625615745,0.9211822660098522,0.5172413793103449,0.9113300492610837
May 2018,999.0,Italy,0.9359605911330049,0.7142857142857143,0.5221674876847291,0.9310344827586207,0.6650246305418719,0.6108374384236454
June 2018,0.4285714285714286,Italy,0.7438423645320197,0.3842364532019705,0.5270935960591133,0.9408866995073891,0.5763546798029557,0.1330049261083744
July 2018,0.39234758282054166,Italy,0.4285714285714286,0.6157635467980296,0.541871921182266,0.9556650246305419,0.9211822660098522,0.26108374384236455
August 2018,999.0,Italy,0.8374384236453202,0.5270935960591133,0.5467980295566502,0.9655172413793104,0.9605911330049262,0.4433497536945813
September 2018,999.0,Italy,0.024630541871921183,0.6896551724137931,0.5566502463054187,0.9753694581280788,0.7192118226600985,0.20689655172413793
October 2018,0.12323467197351133,Italy,0.8472906403940886,0.7044334975369454,0.5665024630541872,0.9852216748768473,0.6354679802955665,0.5714285714285714
November 2018,0.25595548082387165,Italy,0.6600985221674877,0.729064039408867,0.5714285714285714,0.9901477832512314,0.6748768472906403,0.7635467980295566
December 2018,0.33001743904141845,Italy,0.11822660098522167,0.39901477832512317,0.5763546798029561,0.9950738916256158,0.7093596059113301,0.19211822660098524
January 2019,0.0399862033051755,Italy,0.4975369458128079,0.019704433497536946,0.6059113300492611,1.0,0.3103448275862069,0.13793103448275862
April 2002,0.08358665020525746,California,0.33497536945812806,0.7093596059113301,0.0,0.9704433497536946,0.1477832512315271,0.15270935960591134
May 2002,0.15324415581643544,California,0.3990147783251234,0.3891625615763547,0.009852216748768473,0.9655172413793104,0.11822660098522167,0.2512315270935954
June 2002,999.0,California,0.4236453201970443,0.7980295566502467,0.024630541871921183,0.9556650246305419,0.2315270935960591,0.26108374384236455
July 2002,999.0,California,0.541871921182266,0.7783251231527094,0.029556650246305417,0.9458128078817734,0.38916256157635465,0.33004926108374383
August 2002,0.1593907052880475,California,0.46798029556650245,0.4039408866995074,0.04433497536945813,0.9408866995073856,0.29064039408867,0.37438423645320196
September 2002,0.09028006001321198,California,0.15270935960591134,0.625615763546798,0.059113300492610835,0.9310344827586207,0.24630541871921183,0.3793103448275862
October 2002,0.04144675917687087,California,0.04433497536945813,0.3103448275862069,0.06403940886699508,0.9211822660098522,0.14285714285714285,0.31527093596059114
November 2002,0.16738879566375736,California,0.8078817733990148,0.7733990147783252,0.08374384236453201,0.9113300492610837,0.2955665024630542,0.43349753694581283
December 2002,0.20860133213464904,California,0.9802955665024631,0.49261083743842365,0.09852216748768473,0.9014778325123153,0.8768472906403941,0.9605911330049262
January 2003,0.35553645187004984,California,0.09359605911330039,0.9852216748768473,0.12315270935960591,0.896551724137931,0.9458128078817734,0.45320197044334976
February 2003,0.25035020428834714,California,0.2955665024630542,0.4285714285714286,0.1477832512315271,0.8866995073891626,0.940886699507389,0.04433497536945813
March 2003,0.17774171632187952,California,0.37438423645320185,0.7241379310369213,0.1724137931034483,0.8768472906403941,0.8522167487684729,0.12807881773399016
April 2003,0.12734141748791764,California,0.9408866995073887,0.014778325123152709,0.2019704433497537,0.8669950738916257,0.9014778325123153,0.896551724137931
May 2003,0.4884859840273968,California,0.7142857142857143,0.4236453201970443,0.22660098522167488,0.8571428571428572,0.6206896551724138,0.7733990147783252
June 2003,999.0,California,0.41379310344827586,0.7339901477832512,0.3251231527093596,0.8522167487684729,0.33004926108374383,0.5320197044334976
July 2003,0.2857142857142857,California,0.645320197044335,0.896551724137931,0.4088669950738916,0.8423645320197045,0.4975369458128079,0.5467980295566502
August 2003,0.19171264331104315,California,0.8029556650246306,0.33990147783251234,0.43349753694581283,0.8325123152709359,0.6108374384236454,0.5714285714285714
September 2003,0.17264676274951504,California,0.13793103448275862,0.9064039408866995,0.45812807881773404,0.8275862068965517,0.5369458128078818,0.4876847290640394
October 2003,0.30134186280931863,California,0.04926108374384237,0.9753694581280788,0.4827586206896552,0.8177339901477833,0.35467980295566504,0.35960591133004927
November 2003,0.28034395729648176,California,0.49261083743842365,0.04926108374384237,0.5073891625615762,0.8078817733990148,0.20689655172413793,0.3103448275862069
December 2003,0.3693420042129784,California,0.9064039408866995,0.5024630541871922,0.596059113300492,0.8029556650246306,0.059113300492610835,0.8866995073891626
January 2004,0.4767154434635753,California,0.21182266009852216,0.3694581280788177,0.5862068965517242,0.7931034482758621,0.10837438423645321,0.2906403940886703
February 2004,0.3154454194029275,California,0.9310344827586207,0.13793103448275862,0.58128078817734,0.7832512315270936,0.5615763546798029,0.9310344827586207
March 2004,0.33856712887251056,California,0.10837438423645321,0.9950738916256158,0.5763546798029557,0.7733990147783252,0.5172413793103449,0.19704433497536947
April 2004,0.21584868889727785,California,0.30049261083743817,0.9113300492610837,0.5714285714285714,0.7635467980295566,0.08374384236453201,0.21182266009852216
May 2004,0.25561685015162494,California,0.4088669950738916,0.7142857142857143,0.5665024630541872,0.7586206896551724,0.12807881773399016,0.2660098522167488
June 2004,0.10787803451852646,California,0.5073891625615762,0.5960591133004927,0.5615763546798029,0.7487684729064038,0.39408866995073893,0.33990147783251234
July 2004,0.11329570365795343,California,0.5714285714285714,0.458128078817734,0.5517241379310345,0.7389162561576355,0.4876847290640394,0.4236453201970443
August 2004,0.15154076904612615,California,0.5320197044334976,0.39408866995073893,0.5467980295566502,0.7339901477832512,0.4187192118226601,0.4581280788177341
September 2004,0.1312132402605381,California,0.14285714285714285,0.35467980295566504,0.5320197044334976,0.7241379310344829,0.28078817733990147,0.4482758620689655
October 2004,0.26185403969551796,California,0.8669950738916257,0.08866995073891626,0.5270935960591133,0.7142857142857143,0.5911330049261084,0.812807881773399
November 2004,0.6317291135975617,California,0.2857142857142857,0.0935960591133004,0.5221674876847291,0.7044334975369458,0.9802955665024631,0.3694581280788177
December 2004,0.38435990358516947,California,0.9211822660098522,0.5812807881773399,0.5172413793103449,0.6995073891625616,0.9605911330049262,0.46798029556650245
January 2005,0.8131969533939324,California,0.8768472906403941,0.4975369458128079,0.6157635467980296,0.6896551724137931,0.916256157635468,0.9261083743842364
February 2005,0.7920826836448625,California,0.729064039408867,0.5270935960591133,0.6403940886699507,0.6847290640394089,1.0,0.21674876847290642
March 2005,0.8759833647517181,California,0.7980295566502467,0.6650246305418719,0.6699507389162561,0.6699507389162561,0.9950738916256158,0.8078817733990148
April 2005,0.8969730543575256,California,0.6847290640394089,0.2413793103448276,0.6995073891625616,0.6650246305418719,0.9359605911330049,0.6896551724137931
May 2005,0.8432918607933445,California,0.891625615763547,0.3990147783251267,0.729064039408867,0.6551724137931033,0.8620689655172414,0.9556650246305419
June 2005,0.9165370096744759,California,0.7931034482758621,0.034482758620689655,0.768472906403941,0.6502463054187192,0.7142857142857143,0.8325123152709359
July 2005,0.8795922375070007,California,0.5665024630541872,0.8768472906403941,0.7980295566502468,0.6403940886699507,0.7339901477832512,0.6650246305418719
August 2005,0.8267883083535955,California,0.6206896551724138,0.6305418719211823,0.8817733990147784,0.6354679802955665,0.7832512315270936,0.6009852216748769
September 2005,0.733711174248394,California,0.19211822660098524,0.10344827586206896,0.9113300492610837,0.625615763546798,0.7881773399014779,0.5812807881773399
October 2005,0.7252861956506882,California,0.1625615763546798,0.2857142857142857,0.9310344827586207,0.6157635467980296,0.6157635467980296,0.4827586206896552
November 2005,0.7347989036148506,California,0.4630541871921182,0.812807881773399,0.9507389162561577,0.6059113300492609,0.2512315270935961,0.4975369458128079
December 2005,0.7609783203714892,California,0.9852216748768473,0.8522167487684729,1.0,0.5960591133004911,0.10344827586206896,0.9655172413793104
January 2006,0.9773824420362585,California,0.7733990147783252,0.5763546798029557,0.9950738916256158,0.5763546798029557,0.16748768472906403,0.9753694581280788
February 2006,0.8226265815694304,California,0.3103448275862069,0.6157635467980296,0.9901477832512314,0.5714285714285714,0.18719211822660095,0.3990147783251232
March 2006,0.8520398444267383,California,0.9556650246305419,0.0049261083743842365,0.9852216748768473,0.5566502463054187,0.49261083743842365,0.9901477832512309
April 2006,0.9938089528751164,California,0.9655172413793104,0.12315270935960591,0.9802955665024631,0.541871921182266,0.8423645320197054,1.0
May 2006,0.8870974633627179,California,0.5960591133004927,0.8669950738916257,0.9753694581280788,0.5270935960591133,0.8571428571428572,0.9408866995073891
June 2006,1.0,California,0.6009852216748751,0.9458128078817734,0.9704433497536946,0.5221674876847291,0.5517241379310345,0.8817733990147784
July 2006,0.9330785197232779,California,0.6354679802955665,0.9507389162561577,0.9655172413793104,0.5073891625615763,0.6650246305418719,0.8374384236453202
August 2006,0.8672925542064138,California,0.4975369458128079,0.31527093596059114,0.9605911330049262,0.4975369458128079,0.7635467980295566,0.7980295566502467
September 2006,0.7867109032353958,California,0.12315270935960591,0.45320197044334976,0.9556650246305419,0.49261083743842365,0.7487684729064039,0.7438423645320197
October 2006,0.7734769699103641,California,0.09852216748768473,0.18226600985221675,0.9458128078817734,0.47783251231527096,0.5073891625615764,0.625615763546798
November 2006,0.7142857142857143,California,0.45812807881773426,0.6600985221674877,0.940886699507389,0.4729064039408867,0.15763546798029557,0.47783251231527096
December 2006,0.8103770794303576,California,0.3645320197044335,0.47783251231527096,0.9359605911330049,0.458128078817734,0.09359605911330032,0.3497536945812808
January 2007,0.6430277926258119,California,0.019704433497536946,0.1625615763546798,0.9211822660098522,0.4482758620689655,0.019704433497536946,0.014778325123152709
February 2007,0.39405364192518366,California,0.8620689655172414,0.5467980295566502,0.8669950738916257,0.43842364532019706,0.0049261083743842365,0.2019704433497537
March 2007,0.5552235460459539,California,0.06896551724137931,0.9704433497536946,0.7783251231527094,0.4187192118226601,0.07389162561576335,0.03940886699507389
April 2007,0.5937532916501889,California,0.4482758620689655,0.7536945812807881,0.7389162561576355,0.41379310344827586,0.13793103448275862,0.1330049261083744
May 2007,0.267518073900842,California,0.3694581280788177,0.8916256157635468,0.6945812807881774,0.4039408866995074,0.12315270935960591,0.20689655172413793
June 2007,0.4229796843936053,California,0.5024630541871922,0.6699507389162561,0.645320197044335,0.39408866995073893,0.270935960591133,0.270935960591133
July 2007,0.374485875281912,California,0.6748768472906405,0.5714285714285714,0.6009852216748769,0.3891625615763545,0.32019704433497537,0.4088669950738916
August 2007,0.53161713533655,California,0.5566502463054187,0.6059113300492608,0.5024630541871922,0.3793103448275862,0.3743842364532017,0.4729064039408867
September 2007,0.48226494431148326,California,0.2413793103448276,0.11822660098522167,0.47783251231527096,0.3743842364532019,0.4433497536945813,0.5270935960591133
October 2007,0.5714285714285714,California,0.25123152709359575,0.09852216748768473,0.43842364532019706,0.3645320197044335,0.3251231527093596,0.645320197044335
November 2007,0.5901044121741961,California,0.12807881773399016,0.9310344827586207,0.41379310344827586,0.35960591133004927,0.1625615763546798,0.22167487684729065
December 2007,0.4942551692575316,California,0.4187192118226601,0.12807881773399016,0.27586206896551724,0.3497536945812808,0.029556650246305417,0.11330049261083744
January 2008,0.46545011966156047,California,0.9704433497536946,0.10837438423645321,0.2857142857142857,0.3448275862068966,0.009852216748768473,0.6847290640394089
February 2008,0.6601071540719518,California,0.4285714285714286,0.27586206896551724,0.29064039408867604,0.33990147783251234,0.11330049261083744,0.30049261083743845
March 2008,0.6728864663760173,California,0.07881773399014778,0.541871921182266,0.30049261083743845,0.32019704433497537,0.5270935960591133,0.034482758620689655
April 2008,0.4394152008662214,California,0.23645320197044334,0.4088669950738916,0.32019704433497537,0.3103448275862069,0.1330049261083744,0.09852216748768473
May 2008,0.18346798150329358,California,0.5172413793103449,0.4630541871921182,0.33004926108374383,0.3004926108374374,0.22167487684729065,0.24630541871921183
June 2008,0.4285714285714286,California,0.4433497536945813,0.7487684729064039,0.33990147783251234,0.2857142857142857,0.43349753694581283,0.2857142857142857
July 2008,0.4477911559215559,California,0.5862068965517242,0.5517241379310345,0.3448275862068966,0.27586206896551724,0.6009852216748769,0.41379310344827586
August 2008,0.5663482554514279,California,0.5270935960591133,0.6995073891625616,0.35467980295566504,0.2660098522167488,0.541871921182266,0.5024630541871921
September 2008,0.532043544522106,California,0.11822660098522167,0.729064039408867,0.3645320197044335,0.26108374384236455,0.5221674876847291,0.5073891625615761
October 2008,0.5175177096547238,California,0.11330049261083744,0.5615763546798029,0.37438423645320196,0.24630541871921183,0.43842364532019706,0.4433497536945813
November 2008,0.4686354961096809,California,0.4827586206896552,0.9014778325123153,0.3842364532019705,0.2315270935960591,0.625615763546798,0.3645320197044335
December 2008,0.2735262005177699,California,0.43349753694581283,0.19211822660098524,0.3891625615763547,0.22167487684729065,0.5566502463054187,0.06896551724137931
January 2009,0.29080858155727357,California,0.054187192118226604,0.8325123152709359,0.3793103448275862,0.2019704433497537,0.3990147783251232,0.019704433497536946
February 2009,0.24497949794047302,California,0.9113300492610837,0.22167487684729065,0.35960591133004927,0.21182266009852216,0.6403940886699507,0.27586206896551724
March 2009,0.3098075496951015,California,0.38916256157635465,0.3448275862068966,0.3497536945812808,0.15763546798029557,0.645320197044335,0.23645320197044334
April 2009,0.219128943308374,California,0.29064039408867,0.3497536945812808,0.33497536945812806,0.1724137931034483,0.18226600985221675,0.12315270935960591
May 2009,0.23423422938705202,California,0.7832512315270936,0.9655172413793104,0.3103448275862069,0.13793103448275862,0.33990147783251234,0.3891625615763542
June 2009,0.3642231577593246,California,0.8177339901477833,0.06896551724137931,0.2955665024630481,0.1477832512315271,0.5862068965517241,0.3842364532019705
July 2009,0.5069928283799253,California,0.5763546798029556,0.6206896551724138,0.28078817733990147,0.11330049261083744,0.3694581280788177,0.4285714285714286
August 2009,0.39702357392596954,California,0.6157635467980296,0.3251231527093596,0.270935960591133,0.12807881773399016,0.3103448275862069,0.5123152709359606
September 2009,0.4586716315289748,California,0.1477832512315271,0.8817733990147784,0.26108374384236455,0.14285714285714285,0.35960591133004927,0.5172413793103449
October 2009,0.4053308104160969,California,0.3054187192118227,0.054187192118226604,0.25615763546798026,0.10837438423645321,0.7389162561576355,0.7142857142857143
November 2009,0.32480943183482514,California,0.21674876847290642,0.4827586206896552,0.251231527093596,0.11822660098522167,0.812807881773399,0.2413793103448276
December 2009,0.41672697690848837,California,0.3842364532019705,0.1330049261083744,0.2413793103448276,0.08374384236453201,0.5960591133004927,0.09359605911330043
January 2010,0.43371097016179894,California,0.9507389162561577,0.6009852216748769,0.39408866995073893,0.09852216748768473,0.9211822660098522,0.7586206896551724
February 2010,0.6551613461527306,California,0.7192118226600985,0.33497536945812806,0.4187192118226601,0.1330049261083744,0.9852216748768473,0.1724137931034483
March 2010,0.6356642475382056,California,0.3251231527093596,0.2955665024630542,0.4433497536945813,0.06403940886699508,0.9901477832512305,0.1625615763546798
April 2010,0.6844595747729512,California,0.896551724137931,0.019704433497536946,0.4630541871921182,0.07881773399014778,0.9556650246305419,0.8571428571428572
May 2010,0.7014828613607377,California,0.7635467980295566,0.0,0.49261083743842365,0.07389162561576355,0.9113300492610837,0.7241379310344828
June 2010,0.8053080262222152,California,0.6059113300492611,0.21674876847290642,0.5369458128078818,0.10344827586206896,0.6847290640394089,0.7093596059113301
July 2010,0.6973955118005607,California,0.5615763546798029,0.3793103448275862,0.6206896551724138,0.09359605911330049,0.7438423645320197,0.5960591133004924
August 2010,0.6684956749725729,California,0.5467980295566502,0.20689655172413793,0.6502463054187192,0.12315270935960591,0.8078817733990148,0.6206896551724138
September 2010,0.6018246497045484,California,0.18226600985221675,0.46798029556650245,0.6896551724137931,0.1625615763546798,0.8177339901477833,0.6108374384236454
October 2010,0.6497031212353243,California,0.7093596059113301,0.28078817733990147,0.7241379310344828,0.15270935960591134,0.8275862068965517,0.8029556650246306
November 2010,0.8637252843258834,California,0.7339901477832512,0.14285714285714285,0.7635467980295566,0.18226600985221675,0.6600985221674877,0.7192118226600985
December 2010,0.9078426828844786,California,0.9901477832512314,0.645320197044335,0.8078817733990148,0.17733990147783252,0.9064039408866995,0.9704433497536946
January 2011,999.0,California,0.059113300492610835,0.5221674876847291,0.812807881773399,0.19211822660098524,0.8866995073891626,0.17733990147783252
February 2011,0.7683965386484223,California,0.7881773399014779,0.04433497536945813,0.8177339901477833,0.21674876847290642,0.6748768472906418,0.14285714285714285
March 2011,0.9703445779186847,California,0.9753694581280788,0.1724137931034483,0.8226600985221674,0.18719211822660098,0.768472906403941,0.9802955665024631
April 2011,0.9810306552748792,California,0.4039408866995074,0.14778325123152705,0.8325123152709359,0.20689655172413793,0.7980295566502464,0.9211822660098522
May 2011,0.9642988812585415,California,0.8226600985221674,0.009852216748768473,0.8423645320197045,0.22660098522167488,0.6059113300492607,0.8768472906403941
June 2011,999.0,California,0.8472906403940886,0.029556650246305417,0.8472906403940886,0.2413793103448276,0.6354679802955665,0.9064039408866995
July 2011,0.9879859167590864,California,0.6798029556650247,0.11330049261083744,0.8522167487684729,0.251231527093596,0.8029556650246306,0.8177339901477833
August 2011,0.940855479700116,California,0.5221674876847291,0.3842364532019705,0.8571428571428572,0.270935960591133,0.8226600985221674,0.7832512315270936
September 2011,0.9459378216785815,California,0.18719211822660098,0.8078817733990148,0.8620689655172414,0.28078817733990147,0.8472906403940886,0.7487684729064038
October 2011,0.9559474761147734,California,0.24630541871921183,0.35960591133004927,0.8719211822660097,0.29064039408866993,0.8325123152709359,0.7881773399014779
November 2011,0.9255600766671183,California,0.3497536945812808,0.07389162561576353,0.8768472906403941,0.3054187192118227,0.7783251231527093,0.5369458128078818
December 2011,999.0,California,0.014778325123152709,0.3054187192118227,0.8916256157635474,0.31527093596059114,0.25615763546798026,0.04926108374384237
January 2012,0.5594109855247772,California,0.270935960591133,0.8620689655172414,0.7931034482758621,0.33004926108374383,0.034482758620689655,0.07881773399014778
January 2012,0.547495870274848,California,0.27586206896551724,0.8571428571428572,0.8029556650246306,0.0,0.03940886699507389,0.08374384236453201
February 2012,0.4497154498668742,California,0.10344827586206896,0.3645320197044335,0.7586206896551724,0.009852216748768473,0.024630541871921183,0.009852216748768473
March 2012,0.5792080792186677,California,0.9014778325123153,0.2512315270935961,0.7192118226600985,0.0049261083743842365,0.04926108374384237,0.2561576354679803
April 2012,0.7786490847310643,California,0.842364532019705,0.4187192118226601,0.6847290640394089,0.014778325123152709,0.4482758620689655,0.5566502463054187
May 2012,999.0,California,0.32019704433497537,0.7192118226600985,0.6551724137931033,0.019704433497536946,0.4827586206896552,0.3251231527093596
June 2012,0.7566859623420711,California,0.6995073891625616,0.270935960591133,0.625615763546798,0.024630541871921183,0.4236453201970443,0.4187192118226601
July 2012,0.7495312847479915,California,0.6945812807881774,0.15763546798029557,0.5566502463054187,0.029556650246305417,0.6305418719211823,0.5763546798029556
August 2012,0.7206802825048741,California,0.625615763546798,0.7931034482758621,0.4975369458128079,0.034482758620689655,0.7241379310344829,0.6502463054187192
September 2012,0.7449574064530567,California,0.15763546798029557,0.8374384236453202,0.4729064039408867,0.03940886699507389,0.7192118226600985,0.6403940886699507
October 2012,999.0,California,0.19704433497536947,0.4876847290640394,0.4482758620689655,0.04433497536945813,0.6502463054187192,0.6305418719211823
November 2012,0.691403656479638,California,0.8817733990147784,0.6108374384236454,0.4236453201970443,0.04926108374384237,0.5467980295566502,0.6798029556650247
December 2012,0.8571428571428572,California,0.9458128078817734,0.23645320197044334,0.3990147783251232,0.054187192118226604,0.6551724137931034,0.9458128078817734
January 2013,0.9063808282308735,California,0.03940886699507389,0.03940886699507389,0.3694581280788177,0.059113300492610835,0.21674876847290642,0.13793103448275862
February 2013,0.7076675893811006,California,0.029556650246305417,0.19704433497536947,0.3054187192118227,0.08866995073891626,0.19211822660098524,0.029556650246305417
March 2013,999.0,California,0.17733990147783252,0.9556650246305419,0.2660098522167488,0.06896551724137931,0.22660098522167488,0.06403940886699508
April 2013,0.3455248282462072,California,0.28078817733990147,0.9162561576354682,0.24630541871921183,0.16748768472906403,0.09852216748768473,0.18719211822660095
May 2013,0.22555202323200355,California,0.4876847290640394,0.6847290640394089,0.2315270935960591,0.19704433497536947,0.2413793103448276,0.2315270935960591
June 2013,0.5117197540845383,California,0.6502463054187192,0.7586206896551724,0.22167487684729065,0.23645320197044334,0.4729064039408867,0.35467980295566504
July 2013,0.5416323159677745,California,0.7044334975369458,0.6403940886699507,0.21674876847290642,0.2561576354679803,0.4630541871921182,0.541871921182266
August 2013,999.0,California,0.7487684729064039,0.21182266009852216,0.20689655172413793,0.2955665024630542,0.4581280788177348,0.6354679802955665
September 2013,999.0,California,0.2660098522167488,0.17733990147783252,0.19704433497536947,0.3251231527093596,0.41379310344827586,0.6699507389162561
October 2013,0.5269121826418524,California,0.07389162561576355,0.06403940886699508,0.19211822660098524,0.33497536945812806,0.3842364532019705,0.5517241379310345
November 2013,0.4100718174150974,California,0.22660098522167488,0.5123152709359604,0.18719211822660017,0.35467980295566504,0.17733990147783252,0.3054187192118227
December 2013,0.3523150846188226,California,0.024630541871921183,0.24630541871921183,0.17733990147783252,0.3694581280788177,0.07881773399014778,0.059113300492610835
January 2014,0.07167948890781448,California,0.009852216748768473,0.9802955665024631,0.1625615763546798,0.3842364532019705,0.014778325123152709,0.0
February 2014,999.0,California,0.8325123152709359,0.8866995073891626,0.15270935960591134,0.4088669950738916,0.0,0.08866995073891626
March 2014,0.07587966215966166,California,0.6650246305418719,0.9211822660098522,0.13793103448275862,0.3990147783251241,0.054187192118226604,0.07389162561576344
April 2014,0.034615012091092495,California,0.3793103448275862,0.8029556650246306,0.12807881773399016,0.4236453201970443,0.33497536945812806,0.15763546798029557
May 2014,0.030361125409593574,California,0.39408866995073893,0.8275862068965517,0.11330049261083744,0.43349753694581283,0.26108374384236455,0.19211822660098524
June 2014,0.14285714285714285,California,0.4729064039408867,0.6896551724137931,0.10344827586206896,0.45320197044334976,0.21182266009852216,0.2955665024630538
July 2014,999.0,California,0.724137931034483,0.5911330049261083,0.08866995073891626,0.4630541871921182,0.27586206896551724,0.49261083743842365
August 2014,0.060103702896229724,California,0.768472906403941,0.25615763546798,0.06896551724137931,0.4876847290640394,0.2857142857142857,0.605911330049261
September 2014,0.06468400521985883,California,0.26108374384236455,0.5566502463054187,0.04926108374384237,0.5024630541871922,0.3054187192118227,0.6995073891625616
October 2014,0.11823480857977631,California,0.2019704433497537,0.8423645320197044,0.034482758620689655,0.5172413793103449,0.3793103448275862,0.6945812807881774
November 2014,0.10021023245027232,California,0.33990147783251234,0.6551724137931034,0.014778325123152709,0.5369458128078818,0.5812807881773399,0.43842364532019706
December 2014,999.0,California,0.9261083743842364,0.6354679802955665,0.0049261083743842365,0.5517241379310345,0.9507389162561577,0.9113300492610837
January 2015,0.09397359237266693,California,0.0,0.9359605911330049,0.019704433497536946,0.5615763546798029,0.9753694581280788,0.054187192118226604
February 2015,0.04831017885726389,California,0.31527093596059114,0.9901477832512309,0.03940886699507389,0.5862068965517242,0.9704433497536946,0.16748768472906403
March 2015,0.004949600902742154,California,0.08374384236453201,1.0,0.054187192118226604,0.5911330049261084,0.4285714285714286,0.024630541871921183
April 2015,0.05361405964043665,California,0.35467980295566504,0.6798029556650247,0.07389162561576355,0.6108374384236454,0.06403940886699508,0.10344827586206896
April 2015,0.01195317872877764,California,0.35960591133004927,0.6748768472906406,0.07881773399014778,0.4285714285714286,0.06896551724137931,0.10837438423645321
May 2015,999.0,California,0.7536945812807881,0.16748768472906403,0.09359605911330049,0.4433497536945813,0.3448275862068966,0.22660098522167488
June 2015,999.0,California,0.6305418719211823,0.9261083743842364,0.10837438423645321,0.46798029556650245,0.4088669950738916,0.3448275862068966
July 2015,0.0,California,0.8374384236453202,0.07881773399014778,0.11822660098522167,0.4827586206896552,0.31527093596059114,0.5615763546798029
August 2015,0.02437460964027455,California,0.5517241379310345,0.4433497536945813,0.1330049261083744,0.51231527093596,0.19704433497536947,0.6551724137931024
September 2015,0.01823501604909644,California,0.22167487684729065,0.5369458128078818,0.14285714285714285,0.5320197044334976,0.1724137931034483,0.6600985221674877
October 2015,999.0,California,0.20689655172413793,0.8226600985221675,0.15763546798029557,0.5467980295566502,0.30049261083743845,0.5911330049261081
November 2015,999.0,California,0.3448275862068966,0.024630541871921183,0.16748768472906403,0.5665024630541872,0.45320197044334976,0.4039408866995074
December 2015,0.13473869568305624,California,0.8522167487684729,0.08374384236453201,0.18226600985221675,0.58128078817734,0.2660098522167488,0.5221674876847291
January 2016,0.3000704035677793,California,0.9359605911330049,0.30049261083743845,0.21182266009852216,0.6009852216748769,0.8719211822660093,0.9162561576354681
February 2016,0.49804512268586937,California,0.06403940886699508,0.940886699507389,0.23645320197044334,0.6206896551724138,0.9655172413793104,0.1477832512315271
March 2016,0.5818808330533112,California,0.916256157635468,0.7635467980295566,0.31527093596059114,0.6305418719211823,0.8817733990147784,0.9359605911330049
April 2016,999.0,California,0.6551724137931024,0.7832512315270936,0.4039408866995074,0.645320197044335,0.7586206896551724,0.5665024630541872
May 2016,0.23691354044397542,California,0.7586206896551724,0.2660098522167488,0.4285714285714286,0.6600985221674877,0.5665024630541872,0.6157635467980296
June 2016,0.3252771736233258,California,0.6108374384236454,0.8719211822660081,0.45320197044334976,0.6748768472906403,0.5714285714285714,0.729064039408867
July 2016,0.19661681822938679,California,0.5812807881773401,0.37438423645320196,0.46798029556650245,0.6798029556650247,0.4039408866995074,0.768472906403941
August 2016,0.20209480247151723,California,0.5369458128078818,0.4729064039408867,0.4876847290640394,0.6945812807881774,0.3497536945812808,0.7783251231527042
September 2016,999.0,California,0.1724137931034483,0.2315270935960591,0.5123152709359606,0.7093596059113301,0.3645320197044335,0.7536945812807881
October 2016,999.0,California,0.8719211822660097,0.18719211822660073,0.6059113300492608,0.7192118226600985,0.7093596059113301,0.9014778325123153
November 2016,0.6103617052076336,California,0.47783251231527096,0.5665024630541872,0.6354679802955665,0.729064039408867,0.8669950738916257,0.8472906403940886
December 2016,0.7973152984701081,California,0.812807881773399,0.2019704433497537,0.6650246305418719,0.7438423645320197,0.8916256157635473,0.8423645320197044
January 2017,0.8325374068455493,California,1.0,0.059113300492610835,0.6798029556650247,0.7536945812807881,0.6945812807881774,0.9852216748768473
February 2017,999.0,California,0.9950738916256158,0.33004926108374383,0.7044334975369455,0.768472906403941,0.9261083743842364,0.9950738916256158
March 2017,0.8416901365838446,California,0.45320197044334976,0.7881773399014779,0.7142857142857143,0.778325123152706,0.9310344827586207,0.8916256157635468
April 2017,0.8940887271839446,California,0.8571428571428572,0.32019704433497537,0.7438423645320197,0.7881773399014779,0.896551724137931,0.9507389162561577
May 2017,0.9262925562765751,California,0.43842364532019706,0.5320197044334976,0.7487684729064039,0.7980295566502481,0.729064039408867,0.8669950738916257
June 2017,0.9545100335197789,California,0.6600985221674877,0.768472906403941,0.7733990147783252,0.812807881773399,0.6995073891625616,0.8719211822660099
July 2017,999.0,California,0.6699507389162561,0.7389162561576355,0.7881773399014779,0.8226600985221674,0.6699507389162561,0.8620689655172414
August 2017,999.0,California,0.6896551724137931,0.7044334975369451,0.8374384236453202,0.8374384236453202,0.7044334975369455,0.8522167487684729
September 2017,999.0,California,0.2315270935960591,0.22660098522167488,0.8866995073891626,0.8472906403940886,0.7733990147783252,0.8275862068965517
October 2017,999.0,California,0.08866995073891626,0.4482758620689655,0.9014778325123153,0.8620689655172414,0.6798029556650247,0.7931034482758621
November 2017,999.0,California,0.8275862068965517,0.7438423645320197,0.9162561576354681,0.8719211822660098,0.5123152709359605,0.8226600985221663
December 2017,999.0,California,0.0049261083743842365,0.8177339901477833,0.9261083743842364,0.8817733990147784,0.23645320197044334,0.11822660098522167
January 2018,999.0,California,0.33004926108374383,0.9605911330049262,0.9064039408866995,0.8916256157635488,0.15270935960591134,0.18226600985221675
February 2018,999.0,California,0.034482758620689655,0.41379310344827586,0.896551724137931,0.9064039408866995,0.04433497536945813,0.0049261083743842365
March 2018,999.0,California,0.9605911330049262,0.15270935960591134,0.8275862068965517,0.916256157635468,0.08866995073891626,0.33497536945812806
April 2018,999.0,California,0.7783251231527093,0.6502463054187192,0.7832512315270936,0.9261083743842364,0.7536945812807881,0.39408866995073893
May 2018,999.0,California,0.6403940886699507,0.43349753694581283,0.7536945812807881,0.9359605911330049,0.7931034482758621,0.32019704433497537
June 2018,0.6248872336641801,California,0.5123152709359606,0.5862068965517241,0.7339901477832512,0.9507389162561577,0.5763546798029593,0.4630541871921182
July 2018,0.6114100026359881,California,0.7389162561576355,0.8472906403940886,0.7093596059113301,0.9605911330049262,0.46798029556650245,0.6748768472906407
August 2018,999.0,California,0.5911330049261073,0.5073891625615764,0.6748768472906411,0.9753694581280788,0.5024630541871921,0.7339901477832512
September 2018,999.0,California,0.16748768472906403,0.43842364532019706,0.6600985221674877,0.9802955665024631,0.47783251231527096,0.7389162561576355
October 2018,0.6166046952261315,California,0.1330049261083744,0.26108374384236455,0.6305418719211823,0.9852216748768473,0.5320197044334976,0.7044334975369455
November 2018,0.3336233422801189,California,0.7438423645320197,0.6945812807881774,0.6108374384236454,0.9901477832512314,0.2019704433497537,0.5862068965517242
December 2018,0.38383362307144964,California,0.25615763546798026,0.29064039408866993,0.541871921182266,0.9950738916256158,0.6896551724137931,0.28078817733990147
January 2019,0.6760462834639642,California,0.8866995073891626,0.5172413793103449,0.5911330049261084,1.0,0.8374384236453202,0.7635467980295566
April 2002,0.04162381086182837,Mexico,0.5221674876847291,0.9064039408866995,0.06403940886699508,0.9408866995073881,0.12315270935960591,0.5024630541871921
May 2002,0.19698786615541666,Mexico,0.39901477832512317,0.8522167487684729,0.08866995073891626,0.9310344827586207,0.07389162561576355,0.4236453201970443
June 2002,999.0,Mexico,0.4039408866995074,0.768472906403941,0.10344827586206896,0.9261083743842364,0.6502463054187192,0.3054187192118227
July 2002,999.0,Mexico,0.7389162561576355,0.45320197044334976,0.11330049261083744,0.9162561576354684,0.6650246305418719,0.5960591133004921
August 2002,0.06685241739522506,Mexico,0.06896551724137931,0.7536945812807881,0.12807881773399013,0.9113300492610837,0.5566502463054187,0.1477832512315271
September 2002,0.05950052966397508,Mexico,0.16748768472906403,0.6354679802955665,0.14285714285714285,0.9014778325123153,0.5665024630541872,0.5812807881773402
October 2002,0.030631688264825655,Mexico,0.07881773399014778,0.39408866995073893,0.15763546798029557,0.896551724137931,0.645320197044335,0.46798029556650245
November 2002,0.21668022859252384,Mexico,0.9211822660098522,0.2660098522167488,0.16748768472906403,0.8916256157635468,0.7536945812807881,0.8423645320197046
December 2002,0.24907722745230354,Mexico,0.4236453201970443,0.08866995073891626,0.18226600985221675,0.8817733990147784,0.7093596059113301,0.5615763546798029
January 2003,0.4053594896394237,Mexico,0.3793103448275862,0.940886699507389,0.22167487684729065,0.8768472906403941,0.7832512315270936,0.4187192118226601
February 2003,0.3637835715134252,Mexico,0.8325123152709359,0.5911330049261084,0.2955665024630542,0.8669950738916257,0.7192118226600985,0.4827586206896552
March 2003,0.16613487345120345,Mexico,0.5320197044334976,0.4482758620689655,0.43349753694581283,0.8620689655172414,0.5615763546798029,0.5517241379310345
April 2003,0.15652803362103093,Mexico,0.5812807881773399,0.47783251231527096,0.605911330049261,0.8522167487684729,0.4088669950738916,0.5123152709359604
May 2003,0.17434392868850176,Mexico,0.32019704433497537,0.9852216748768473,0.6995073891625616,0.8472906403940886,0.12807881773399016,0.43842364532019706
June 2003,999.0,Mexico,0.7832512315270936,0.3694581280788177,0.7487684729064039,0.8423645320197044,0.812807881773399,0.6650246305418719
July 2003,0.22656769192176834,Mexico,0.33497536945812806,0.5960591133004924,0.7980295566502466,0.8325123152709359,0.6945812807881774,0.8029556650246306
August 2003,0.10167754698079881,Mexico,0.6551724137931025,0.5467980295566502,0.9064039408866995,0.8275862068965517,0.6847290640394089,0.8374384236453202
September 2003,0.2749299764352095,Mexico,0.9310344827586207,0.35960591133004927,0.9359605911330049,0.8177339901477833,0.7438423645320197,0.9802955665024631
October 2003,0.7323830511296878,Mexico,0.15763546798029557,0.6206896551724138,0.9704433497536946,0.812807881773399,0.9014778325123153,0.9852216748768473
November 2003,0.8667566046966508,Mexico,0.49261083743842365,0.704433497536945,0.990147783251231,0.8078817733990148,0.8817733990147784,0.8817733990147784
December 2003,0.5776509988796606,Mexico,0.18226600985221675,0.3054187192118227,1.0,0.7980295566502464,0.6896551724137931,0.7881773399014779
January 2004,0.6375359647788031,Mexico,0.9064039408866995,0.16748768472906403,0.9950738916256158,0.7931034482758621,0.5714285714285714,0.8472906403940886
February 2004,0.6114196978708429,Mexico,0.5665024630541872,0.0049261083743842365,0.9852216748768473,0.7832512315270936,0.5862068965517224,0.6354679802955665
March 2004,0.630578579102035,Mexico,0.8719211822660097,0.9605911330049262,0.9753694581280788,0.7783251231527093,0.7783251231527093,0.7093596059113301
April 2004,0.6773839099082918,Mexico,0.7980295566502463,0.06896551724137931,0.9605911330049262,0.7733990147783252,0.9556650246305419,0.7536945812807881
May 2004,0.7968195751548717,Mexico,0.6995073891625616,0.46798029556650245,0.9458128078817734,0.7635467980295566,0.9064039408866995,0.6995073891625616
June 2004,0.92300940427851,Mexico,0.9408866995073885,0.11822660098522167,0.9261083743842364,0.7586206896551724,0.9802955665024631,0.9458128078817734
July 2004,0.6551386075700646,Mexico,0.1330049261083744,0.4975369458128079,0.916256157635468,0.7487684729064038,0.9359605911330049,0.29064039408867
August 2004,0.6723324991404873,Mexico,0.09852216748768473,0.6551724137931033,0.896551724137931,0.7438423645320197,0.625615763546798,0.8078817733990148
September 2004,0.5012069603955402,Mexico,0.147783251231527,0.21182266009852216,0.8177339901477833,0.7339901477832512,0.3103448275862069,0.8669950738916257
October 2004,0.7142857142857143,Mexico,0.07389162561576355,0.49261083743842365,0.7832512315270936,0.729064039408867,0.21674876847290642,0.7733990147783252
November 2004,0.7438674356726193,Mexico,0.6502463054187192,0.054187192118226604,0.7536945812807881,0.7192118226600985,0.14285714285714285,0.8226600985221673
December 2004,0.7925317025509659,Mexico,0.6059113300492609,0.19704433497536947,0.7241379310344834,0.7142857142857143,0.2413793103448276,0.7142857142857143
January 2005,0.7866416179015461,Mexico,0.7881773399014779,0.8620689655172414,0.7044334975369458,0.7044334975369457,0.3054187192118227,0.6502463054187192
February 2005,0.8571428571428572,Mexico,0.9655172413793104,0.26108374384236455,0.6699507389162561,0.6995073891625616,0.5024630541871918,0.8325123152709359
March 2005,0.8670433790910876,Mexico,0.7142857142857143,0.07881773399014778,0.6354679802955665,0.6896551724137931,0.8029556650246306,0.7241379310344829
April 2005,0.8744051352470289,Mexico,0.35467980295566504,0.625615763546798,0.5911330049261079,0.6847290640394089,0.47783251231527096,0.6108374384236454
May 2005,0.6845045472394894,Mexico,0.5714285714285714,0.458128078817734,0.5517241379310345,0.6748768472906406,0.43349753694581283,0.645320197044335
June 2005,0.48261193102983335,Mexico,0.054187192118226604,0.8374384236453202,0.43842364532019706,0.6699507389162561,0.0049261083743842365,0.04433497536945813
July 2005,0.3346115242036146,Mexico,0.891625615763547,0.8669950738916257,0.3743842364532019,0.6600985221674877,0.014778325123152709,0.4039408866995074
August 2005,0.6012230258943289,Mexico,0.8029556650246306,0.3842364532019705,0.32019704433497537,0.6551724137931032,0.9458128078817734,0.4433497536945813
September 2005,0.31723205246129044,Mexico,0.0049261083743842365,0.896551724137931,0.2660098522167488,0.645320197044335,0.6748768472906403,0.034482758620689655
October 2005,0.23487052726073923,Mexico,0.1625615763546798,0.5517241379310345,0.23645320197044334,0.6403940886699507,0.4433497536945813,0.7783251231527094
November 2005,0.18392898640007524,Mexico,0.2660098522167488,0.812807881773399,0.21182266009852216,0.6305418719211823,0.3842364532019705,0.2019704433497537
December 2005,0.13174003917518506,Mexico,0.22167487684729065,0.8275862068965517,0.19211822660098524,0.625615763546798,0.3497536945812808,0.27586206896551724
January 2006,0.16086080330341454,Mexico,0.20689655172413793,0.9113300492610837,0.2019704433497537,0.6157635467980296,0.3743842364532019,0.2413793103448276
February 2006,0.07457803700199041,Mexico,0.24630541871921183,0.9507389162561577,0.21674876847290642,0.6108374384236454,0.29064039408867,0.26108374384236455
March 2006,0.02377114408832388,Mexico,0.5517241379310345,0.5763546798029557,0.22660098522167488,0.6009852216748769,0.18226600985221675,0.4088669950738916
April 2006,0.14285714285714285,Mexico,0.45320197044334976,0.8817733990147784,0.2315270935960591,0.5960591133004925,0.1330049261083744,0.39901477832512333
May 2006,0.2911529878247084,Mexico,0.6847290640394089,0.6847290640394089,0.25123152709359603,0.5911330049261079,0.3251231527093596,0.5763546798029556
June 2006,0.3567912828566343,Mexico,0.23645320197044334,0.7487684729064038,0.26108374384236455,0.58128078817734,0.5270935960591133,0.07389162561576355
July 2006,0.261422762039242,Mexico,0.7487684729064039,0.6995073891625616,0.2857142857142857,0.5763546798029556,0.07881773399014778,0.019704433497536946
August 2006,0.48796169226820724,Mexico,0.8768472906403941,0.27586206896551724,0.3103448275862069,0.5665024630541872,0.4729064039408867,0.21674876847290642
September 2006,0.3884985813932553,Mexico,0.19211822660098524,0.23645320197044334,0.33497536945812806,0.5615763546798029,0.7044334975369458,0.6059113300492611
October 2006,0.49276339884918496,Mexico,0.5615763546798029,0.3103448275862069,0.3645320197044335,0.5517241379310345,0.8177339901477833,0.7438423645320197
November 2006,0.6254032043659034,Mexico,0.541871921182266,0.6108374384236454,0.39408866995073893,0.5467980295566502,0.8275862068965517,0.6847290640394089
December 2006,0.7492579812998362,Mexico,0.6748768472906403,0.10344827586206896,0.4236453201970443,0.5369458128078818,0.6059113300492611,0.6945812807881774
January 2007,0.6601206785895815,Mexico,0.6798029556650247,0.024630541871921183,0.4285714285714286,0.5270935960591133,0.6354679802955665,0.5467980295566502
February 2007,0.5573193373023394,Mexico,0.6157635467980296,0.3004926108374383,0.4482758620689655,0.5221674876847291,0.6995073891625616,0.7044334975369452
March 2007,0.44400575556542077,Mexico,0.4729064039408867,0.891625615763547,0.45812807881773415,0.5123152709359606,0.7586206896551724,0.5172413793103449
April 2007,0.4632197971218092,Mexico,0.645320197044335,0.14285714285714285,0.4729064039408867,0.5073891625615762,0.7389162561576355,0.6551724137931031
May 2007,0.6436202766149972,Mexico,0.5369458128078818,0.4187192118226601,0.4827586206896552,0.4975369458128079,0.6551724137931025,0.6305418719211823
June 2007,0.7387229542556684,Mexico,0.8078817733990148,0.4088669950738916,0.4876847290640394,0.49261083743842365,0.729064039408867,0.7339901477832512
July 2007,0.608502500160468,Mexico,0.9605911330049262,0.21674876847290642,0.49261083743842365,0.4827586206896552,0.9507389162561577,0.768472906403941
August 2007,0.5714285714285714,Mexico,0.916256157635468,0.3497536945812808,0.5073891625615761,0.47783251231527096,0.8423645320197064,0.9310344827586207
September 2007,0.8518133932649007,Mexico,0.10344827586206896,0.2857142857142857,0.5172413793103449,0.4630541871921182,0.7635467980295566,0.8866995073891626
October 2007,0.5470006582978767,Mexico,0.029556650246305417,0.4827586206896552,0.5320197044334976,0.458128078817734,0.23645320197044334,0.5073891625615764
November 2007,0.5303718136397686,Mexico,0.6206896551724138,0.7783251231527087,0.541871921182266,0.4433497536945813,0.22660098522167488,0.458128078817734
December 2007,0.41464314828178905,Mexico,0.6896551724137931,0.43349753694581283,0.5566502463054187,0.43349753694581283,0.2561576354679803,0.49261083743842365
January 2008,0.6192167261686404,Mexico,0.46798029556650245,0.3448275862068966,0.6157635467980296,0.4236453201970443,0.31527093596059114,0.3103448275862069
February 2008,0.37441215043263115,Mexico,0.31527093596059114,0.8325123152709359,0.6748768472906403,0.4187192118226601,0.33497536945812806,0.33004926108374383
March 2008,0.3816353764380357,Mexico,0.29064039408866993,0.4876847290640394,0.7142857142857143,0.4039408866995074,0.1871921182266006,0.35467980295566504
April 2008,0.32041081836942203,Mexico,0.6108374384236454,0.8226600985221674,0.7438423645320197,0.39408866995073893,0.11822660098522167,0.4630541871921182
May 2008,0.3980759321734585,Mexico,0.4827586206896552,0.32019704433497537,0.7733990147783252,0.3891625615763542,0.2955665024630542,0.38916256157635415
June 2008,0.582149506193267,Mexico,0.7438423645320197,0.5369458128078818,0.8029556650246306,0.3793103448275862,0.1477832512315271,0.3251231527093596
July 2008,0.886866233702879,Mexico,0.9950738916256158,0.014778325123152709,0.8916256157635469,0.3694581280788177,0.8571428571428572,0.9753694581280788
August 2008,0.9292359293236134,Mexico,0.9901477832512314,0.06403940886699508,0.9113300492610837,0.3645320197044335,0.9655172413793104,0.891625615763552
September 2008,1.0,Mexico,0.4088669950738916,0.09359605911330049,0.9310344827586207,0.35467980295566504,0.9113300492610837,0.9901477832512313
October 2008,0.986546269328141,Mexico,0.03940886699507389,0.43842364532019706,0.9507389162561577,0.3448275862068966,0.45320197044334976,0.9064039408866995
November 2008,0.9537440135771915,Mexico,0.3694581280788177,0.5566502463054187,0.9655172413793104,0.33990147783251234,0.2315270935960591,0.7586206896551724
December 2008,0.8436922316103435,Mexico,0.2857142857142857,0.581280788177341,0.9802955665024631,0.33004926108374383,0.3891625615763547,0.6403940886699507
January 2009,0.881229298044595,Mexico,0.25123152709359603,0.990147783251231,0.9556650246305419,0.32019704433497537,0.541871921182266,0.5369458128078818
February 2009,0.8051024556591245,Mexico,0.3251231527093596,0.9556650246305419,0.9408866995073887,0.31527093596059114,0.49261083743842365,0.47783251231527096
March 2009,0.6946196841405958,Mexico,0.3743842364532019,0.8029556650246306,0.9211822660098522,0.3054187192118227,0.4039408866995074,0.4975369458128079
April 2009,0.6496551106002115,Mexico,0.3891625615763547,0.38916256157635465,0.9014778325123153,0.3004926108374384,0.15270935960591134,0.41379310344827586
May 2009,0.7660927391507557,Mexico,0.7783251231527093,0.7881773399014779,0.7931034482758621,0.29064039408867004,0.2019704433497537,0.541871921182266
June 2009,0.8405361703854122,Mexico,0.7635467980295566,0.2019704433497537,0.7635467980295566,0.2857142857142857,0.30049261083743845,0.11330049261083744
July 2009,0.5069176840756047,Mexico,0.06403940886699508,0.9162561576354681,0.729064039408867,0.27586206896551724,0.09359605911330046,0.024630541871921183
August 2009,0.2438200400358717,Mexico,0.09359605911330049,0.8768472906403941,0.6847290640394089,0.270935960591133,0.009852216748768473,0.0049261083743842365
September 2009,0.3272913758657688,Mexico,0.12315270935960591,0.5665024630541872,0.6108374384236454,0.26108374384236455,0.5467980295566502,0.14285714285714285
October 2009,0.5117441790124115,Mexico,0.35960591133004927,0.28078817733990147,0.5123152709359606,0.2561576354679802,0.9211822660098522,0.20689655172413793
November 2009,0.5362979507778678,Mexico,0.3497536945812808,0.33990147783251234,0.3694581280788177,0.24630541871921183,0.7980295566502479,0.09359605911330049
December 2009,0.7202548340801277,Mexico,0.7586206896551724,0.034482758620689655,0.270935960591133,0.23645320197044334,0.6009852216748768,0.3645320197044335
January 2010,0.8275054042810264,Mexico,0.896551724137931,0.08374384236453201,0.29064039408867,0.22660098522167488,0.4876847290640394,0.5221674876847291
February 2010,0.9754420096258778,Mexico,0.9852216748768473,0.0,0.3054187192118227,0.22167487684729065,0.7142857142857143,0.9261083743842364
March 2010,0.9406049381886378,Mexico,0.39408866995073893,0.04433497536945813,0.33004926108374383,0.21182266009852216,0.9261083743842364,0.4876847290640394
April 2010,0.9033732985561702,Mexico,0.8177339901477833,0.019704433497536946,0.33990147783251234,0.20689655172413793,0.9753694581280788,0.7832512315270936
May 2010,0.8965491509492429,Mexico,0.2413793103448276,0.5123152709359605,0.35960591133004927,0.19704433497536947,0.940886699507389,0.3448275862068966
June 2010,0.910417791209029,Mexico,0.26108374384236455,0.6650246305418719,0.3842364532019705,0.19211822660098524,0.28078817733990147,0.08866995073891626
July 2010,0.9838294944524761,Mexico,1.0,0.13793103448275862,0.3990147783251233,0.18226600985221675,0.896551724137931,1.0
August 2010,0.9948467211440696,Mexico,0.724137931034483,0.7142857142857143,0.41379310344827586,0.17733990147783252,0.8916256157635472,0.7980295566502463
September 2010,0.9649056789862167,Mexico,0.7339901477832512,0.5221674876847291,0.4433497536945813,0.1724137931034483,0.724137931034487,0.8719211822660099
October 2010,0.9166171959670227,Mexico,0.0,0.2413793103448276,0.47783251231527096,0.1625615763546798,0.5369458128078818,0.059113300492610835
November 2010,0.8327849133068324,Mexico,0.13793103448275862,0.1330049261083744,0.5024630541871922,0.15270935960591134,0.1625615763546798,0.10837438423645321
December 2010,0.8088958213061478,Mexico,0.2019704433497537,0.5270935960591133,0.5369458128078818,0.1477832512315271,0.21182266009852216,0.1724137931034483
January 2011,999.0,Mexico,0.17733990147783252,0.5024630541871922,0.3497536945812808,0.13793103448275862,0.33004926108374383,0.18719211822660098
February 2011,0.517695335072734,Mexico,0.2315270935960591,0.12315270935960591,0.2413793103448276,0.14285714285714285,0.2512315270935954,0.17733990147783252
March 2011,0.4589071140307834,Mexico,0.3054187192118227,0.9704433497536946,0.19704433497536947,0.12315270935960591,0.19704433497536947,0.24630541871921183
April 2011,0.5415281835071519,Mexico,0.2955665024630542,0.9655172413793104,0.1724137931034483,0.12807881773399016,0.11330049261083744,0.2660098522167488
May 2011,0.5656418494970129,Mexico,0.14285714285714285,0.7093596059113301,0.15270935960591134,0.11330049261083744,0.04926108374384237,0.19704433497536947
June 2011,999.0,Mexico,0.4630541871921182,0.7931034482758621,0.1330049261083744,0.11822660098522167,0.0,0.12315270935960591
July 2011,0.7741198092364934,Mexico,0.9556650246305419,0.2512315270935961,0.11822660098522167,0.09852216748768473,0.1724137931034483,0.9605911330049262
August 2011,0.4285714285714286,Mexico,0.5566502463054187,0.7980295566502466,0.09359605911330048,0.10344827586206896,0.41379310344827586,0.1625615763546798
September 2011,0.217014396454119,Mexico,0.009852216748768473,0.8078817733990148,0.06896551724137931,0.10837438423645321,0.059113300492610835,0.0
October 2011,0.0834686020990178,Mexico,0.034482758620689655,0.6699507389162561,0.04433497536945813,0.08374384236453201,0.03940886699507389,0.029556650246305417
November 2011,0.13659929645514557,Mexico,0.6945812807881774,0.22660098522167488,0.024630541871921183,0.08866995073891626,0.06896551724137931,0.04926108374384237
December 2011,999.0,Mexico,0.4433497536945813,0.07389162561576355,0.0,0.07389162561576355,0.08866995073891626,0.13793103448275862
January 2012,0.11825416145770642,Mexico,0.21674876847290642,0.9359605911330049,0.0049261083743842365,0.07881773399014778,0.270935960591133,0.10344827586206896
January 2012,0.09005002155502108,Mexico,0.21182266009852216,0.9310344827586207,0.009852216748768473,0.0,0.2660098522167488,0.09852216748768473
February 2012,0.14781638210429807,Mexico,0.8866995073891626,0.17733990147783252,0.014778325123152709,0.0049261083743842365,0.5073891625615764,0.6600985221674877
March 2012,0.052678768812294226,Mexico,0.47783251231527096,0.6896551724137931,0.019704433497536946,0.009852216748768473,0.768472906403941,0.2561576354679803
April 2012,0.27934754952495744,Mexico,0.5073891625615763,0.541871921182266,0.029556650246305417,0.014778325123152709,0.6305418719211823,0.39408866995073893
May 2012,999.0,Mexico,0.45812807881773404,0.8177339901477833,0.034482758620689655,0.019704433497536946,0.15763546798029557,0.22660098522167488
June 2012,0.2857142857142857,Mexico,0.5911330049261084,0.6157635467980296,0.03940886699507389,0.024630541871921183,0.024630541871921183,0.06896551724137931
July 2012,0.23654856943841707,Mexico,0.7733990147783252,0.14778325123152702,0.04926108374384237,0.029556650246305417,0.3694581280788177,0.12807881773399016
August 2012,0.26669589672455457,Mexico,0.8522167487684729,0.4729064039408867,0.054187192118226604,0.034482758620689655,0.6157635467980296,0.21182266009852216
September 2012,0.17761499132512415,Mexico,0.024630541871921183,0.4039408866995074,0.059113300492610835,0.03940886699507389,0.27586206896551724,0.014778325123152709
October 2012,999.0,Mexico,0.014778325123152709,0.8571428571428572,0.07389162561576355,0.04433497536945813,0.034482758620689655,0.009852216748768473
November 2012,0.0729597226474902,Mexico,0.4482758620689655,0.8719211822660086,0.07881773399014778,0.04926108374384237,0.029556650246305417,0.054187192118226604
December 2012,0.009259939756510294,Mexico,0.3645320197044335,0.842364532019705,0.08374384236453201,0.054187192118226604,0.13793103448275862,0.08374384236453201
January 2013,0.01813413069551414,Mexico,0.7536945812807881,0.11330049261083744,0.09852216748768473,0.059113300492610835,0.22167487684729065,0.15763546798029557
February 2013,0.010229365934369825,Mexico,0.19704433497536947,0.5862068965517222,0.10837438423645321,0.06403940886699508,0.20689655172413793,0.11822660098522167
March 2013,999.0,Mexico,0.3103448275862069,0.7389162561576355,0.12315270935960591,0.06896551724137931,0.06403940886699508,0.18226600985221675
April 2013,0.0,Mexico,0.33990147783251234,0.5320197044334976,0.13793103448275862,0.09359605911330049,0.019704433497536946,0.19211822660098524
May 2013,0.04748529382294579,Mexico,0.5270935960591133,0.35467980295566504,0.1477832512315271,0.1330049261083744,0.054187192118226604,0.270935960591133
June 2013,0.12388975365286149,Mexico,0.270935960591133,0.7635467980295566,0.1625615763546798,0.15763546798029557,0.09852216748768473,0.07881773399014778
July 2013,0.09535882179005782,Mexico,0.9359605911330049,0.12807881773399016,0.17733990147783252,0.16748768472906403,0.5123152709359605,0.22167487684729065
August 2013,999.0,Mexico,0.7093596059113301,0.3793103448275862,0.18719211822660092,0.18719211822660098,0.3645320197044335,0.35960591133004927
September 2013,999.0,Mexico,0.9753694581280788,0.10837438423645321,0.20689655172413793,0.2019704433497537,0.3448275862068966,0.9950738916256158
October 2013,0.5236338544244299,Mexico,0.04926108374384237,0.24630541871921183,0.24630541871921183,0.21674876847290642,0.8522167487684729,0.8571428571428572
November 2013,0.5956874157384036,Mexico,0.9458128078817734,0.15270935960591134,0.30049261083743845,0.2315270935960591,0.9310344827586207,0.9359605911330049
December 2013,0.7606328784512493,Mexico,0.8817733990147784,0.20689655172413793,0.3891625615763547,0.2413793103448276,0.8866995073891626,0.8620689655172414
January 2014,0.8965589065857913,Mexico,0.22660098522167488,0.4630541871921182,0.4187192118226601,0.2512315270935961,0.8374384236453202,0.748768472906402
February 2014,999.0,Mexico,0.1724137931034483,0.9950738916256158,0.4630541871921182,0.2660098522167488,0.8768472906403941,0.4285714285714286
March 2014,0.4769266546030621,Mexico,0.5862068965517241,0.7438423645320197,0.4975369458128079,0.28078817733990147,0.8669950738916257,0.5911330049261084
April 2014,0.4699275218228601,Mexico,0.33004926108374383,0.7192118226600985,0.5467980295566502,0.2955665024630542,0.7487684729064038,0.3743842364532019
May 2014,0.5893949590818063,Mexico,0.8669950738916257,0.22167487684729065,0.5665024630541872,0.3103448275862069,0.7733990147783252,0.5665024630541872
June 2014,0.7583552174641097,Mexico,0.9507389162561577,0.5714285714285714,0.5812807881773399,0.3251231527093596,0.9704433497536946,0.7192118226600985
July 2014,999.0,Mexico,0.625615763546798,0.1625615763546798,0.6009852216748769,0.33497536945812806,0.8078817733990148,0.31527093596059114
August 2014,0.35026506611925345,Mexico,0.5123152709359606,0.29064039408867004,0.6305418719211823,0.3497536945812808,0.26108374384236455,0.2955665024630542
September 2014,0.442408138668675,Mexico,0.8620689655172414,0.19211822660098524,0.6502463054187192,0.35960591133004927,0.4187192118226601,0.9704433497536946
October 2014,0.45290249465053994,Mexico,0.08866995073891626,0.7339901477832512,0.6551724137931034,0.3743842364532017,0.8325123152709359,0.896551724137931
November 2014,0.69444271374119,Mexico,0.8472906403940886,0.059113300492610835,0.6798029556650247,0.3842364532019705,0.7881773399014779,0.8522167487684729
December 2014,999.0,Mexico,0.4285714285714286,0.645320197044335,0.6945812807881774,0.39901477832512317,0.5221674876847291,0.6896551724137931
January 2015,0.8173613390601031,Mexico,0.7192118226600985,0.5073891625615763,0.6650246305418719,0.4088669950738916,0.5911330049261084,0.586206896551724
February 2015,0.8183288299607931,Mexico,0.8226600985221675,0.5615763546798029,0.6403940886699507,0.4285714285714286,0.5960591133004925,0.7389162561576355
March 2015,0.9704094648746332,Mexico,0.9802955665024631,0.1724137931034483,0.6206896551724138,0.4482758620689655,0.9605911330049262,0.9014778325123153
April 2015,0.9565429498413073,Mexico,0.8423645320197044,0.33497536945812806,0.5763546798029561,0.46798029556650245,1.0,0.6798029556650247
April 2015,0.9458688817899646,Mexico,0.8374384236453202,0.33004926108374383,0.5960591133004925,0.41379310344827586,0.9950738916256158,0.6699507389162561
May 2015,999.0,Mexico,0.8571428571428572,0.009852216748768473,0.5714285714285714,0.43842364532019706,0.9901477832512315,0.7635467980295566
June 2015,999.0,Mexico,0.9261083743842364,0.2315270935960591,0.5221674876847291,0.45320197044334976,0.9852216748768473,0.8177339901477833
July 2015,0.9343045517260592,Mexico,0.2561576354679803,0.15763546798029557,0.45320197044334976,0.4729064039408867,0.8620689655172414,0.4729064039408867
August 2015,0.4130919571873873,Mexico,0.10837438423645321,0.7241379310344829,0.4039408866995074,0.4876847290640394,0.17733990147783252,0.15270935960591134
September 2015,0.3060862854847005,Mexico,0.11330049261083744,0.4433497536945813,0.35467980295566504,0.5024630541871922,0.08374384236453201,0.03940886699507389
October 2015,999.0,Mexico,0.3842364532019705,0.6945812807881774,0.3251231527093596,0.5172413793103449,0.19211822660098524,0.1330049261083744
November 2015,999.0,Mexico,0.7931034482758621,0.6059113300492611,0.28078817733990147,0.5320197044334976,0.581280788177341,0.625615763546798
December 2015,0.7789346294272103,Mexico,0.3448275862068966,0.4285714285714286,0.2561576354679803,0.541871921182266,0.6600985221674877,0.45320197044334976
January 2016,0.7267088103850319,Mexico,0.43842364532019706,0.04926108374384237,0.27586206896551724,0.5566502463054187,0.6206896551724138,0.2857142857142857
February 2016,0.7078728753847446,Mexico,0.15270935960591134,0.9753694581280788,0.31527093596059114,0.5714285714285714,0.32019704433497537,0.16748768472906403
March 2016,0.7037855347296276,Mexico,0.729064039408867,0.6009852216748768,0.3448275862068966,0.5862068965517242,0.4285714285714286,0.4482758620689655
April 2016,999.0,Mexico,0.6305418719211823,0.41379310344827586,0.3793103448275862,0.6059113300492609,0.6798029556650247,0.3694581280788177
May 2016,0.3925228141243767,Mexico,0.6699507389162561,0.2955665024630541,0.4088669950738916,0.6206896551724138,0.7931034482758621,0.43349753694581283
June 2016,0.6669438031438334,Mexico,0.8275862068965517,0.37438423645320196,0.46798029556650245,0.6354679802955665,0.9162561576354682,0.812807881773399
July 2016,0.18915429578118362,Mexico,0.43349753694581283,0.6403940886699507,0.5270935960591133,0.6502463054187192,0.5172413793103449,0.28078817733990147
August 2016,0.3694173938417801,Mexico,0.9113300492610837,0.270935960591133,0.5615763546798029,0.6650246305418719,0.6108374384236454,0.9655172413793104
September 2016,999.0,Mexico,0.08374384236453201,0.31527093596059114,0.5862068965517242,0.6798029556650247,0.4236453201970443,0.729064039408867
October 2016,999.0,Mexico,0.019704433497536946,0.9261083743842364,0.625615763546798,0.6945812807881774,0.16748768472906403,0.6009852216748754
November 2016,0.30441137263417767,Mexico,0.768472906403941,0.7733990147783252,0.645320197044335,0.7093596059113301,0.2857142857142857,0.8275862068965517
December 2016,0.5559364542355668,Mexico,0.6403940886699507,0.8866995073891626,0.6600985221674877,0.7241379310344828,0.5320197044334976,0.6206896551724138
January 2017,0.29854582865717216,Mexico,0.4975369458128079,0.6798029556650247,0.6896551724137931,0.7389162561576355,0.4630541871921182,0.32019704433497537
February 2017,999.0,Mexico,0.5467980295566502,0.9458128078817734,0.7093596059113301,0.7536945812807881,0.4581280788177427,0.2512315270935961
March 2017,0.11329764589122217,Mexico,0.6009852216748769,0.9802955665024631,0.7192118226600985,0.768472906403941,0.5763546798029556,0.5270935960591133
April 2017,0.20710527229039544,Mexico,0.28078817733990147,0.7832512315270936,0.7339901477832512,0.7881773399014779,0.39408866995073893,0.3793103448275862
May 2017,0.25608489318014377,Mexico,0.5172413793103449,0.3990147783251233,0.7389162561576355,0.8029556650246306,0.24630541871921183,0.2315270935960591
June 2017,0.03525505271876809,Mexico,0.11822660098522167,0.7586206896551724,0.7586206896551724,0.8226600985221673,0.04433497536945813,0.06403940886699432
July 2017,999.0,Mexico,0.9014778325123153,0.18719211822660087,0.768472906403941,0.8374384236453202,0.10837438423645321,0.33990147783251234
August 2017,999.0,Mexico,0.576354679802956,0.6305418719211823,0.7783251231527094,0.8571428571428572,0.33990147783251234,0.5320197044334976
September 2017,999.0,Mexico,0.18719211822660098,0.18226600985221675,0.7881773399014779,0.8719211822660098,0.4975369458128079,0.9408866995073885
October 2017,999.0,Mexico,0.04433497536945813,0.8472906403940886,0.812807881773399,0.8866995073891626,0.6699507389162561,0.9211822660098522
November 2017,999.0,Mexico,0.12807881773399016,1.0,0.8423645320197044,0.9064039408866995,0.5517241379310345,0.6157635467980296
December 2017,999.0,Mexico,0.5024630541871921,0.6502463054187192,0.8866995073891626,0.9211822660098522,0.35960591133004927,0.5714285714285714
January 2018,999.0,Mexico,0.30049261083743667,0.674876847290641,0.8817733990147784,0.9359605911330049,0.3793103448275862,0.33497536945812806
February 2018,999.0,Mexico,0.7044334975369457,0.9014778325123153,0.8768472906403941,0.9458128078817734,0.3990147783251232,0.3004926108374384
March 2018,999.0,Mexico,0.27586206896551724,0.9211822660098522,0.8719211822660098,0.9507389162561577,0.4482758620689655,0.23645320197044334
April 2018,999.0,Mexico,0.6354679802955665,0.729064039408867,0.8669950738916257,0.9556650246305419,0.35467980295566504,0.3842364532019705
May 2018,999.0,Mexico,0.5960591133004924,0.5172413793103449,0.8620689655172414,0.9605911330049262,0.8472906403940886,0.5566502463054187
June 2018,0.202165305315128,Mexico,0.9704433497536946,0.2561576354679803,0.8571428571428572,0.9655172413793104,0.8719211822660092,0.9113300492610837
July 2018,0.10670483936911467,Mexico,0.059113300492610835,0.6600985221674877,0.8522167487684729,0.9704433497536946,0.43842364532019706,0.3497536945812808
August 2018,999.0,Mexico,0.4876847290640394,0.3251231527093596,0.8472906403940886,0.9753694581280788,0.10344827586206896,0.6748768472906405
September 2018,999.0,Mexico,0.6650246305418719,0.3645320197044335,0.8374384236453202,0.9802955665024631,0.46798029556650245,0.9556650246305419
October 2018,0.3393395102738001,Mexico,0.812807881773399,0.029556650246305417,0.8325123152709359,0.9852216748768473,0.8226600985221674,0.9507389162561577
November 2018,0.4347777876771666,Mexico,0.6600985221674877,0.03940886699507389,0.8275862068965517,0.9901477832512314,0.7339901477832512,0.9162561576354684
December 2018,0.34509083195516255,Mexico,0.41379310344827586,0.09852216748768473,0.8226600985221675,0.9950738916256158,0.6403940886699507,0.8768472906403941
January 2019,0.42223650858047196,Mexico,0.4187192118226601,0.4236453201970443,0.8078817733990148,1.0,0.4827586206896552,0.7931034482758621
April 2002,0.9639796555578277,Chile,0.3891625615763547,0.04926108374384237,0.12807881773399016,0.9753694581280788,0.9901477832512308,0.3793103448275862
May 2002,0.7624842552021265,Chile,0.9261083743842364,0.3891625615763547,0.1330049261083744,0.9655172413793104,0.9113300492610837,0.8226600985221673
June 2002,999.0,Chile,0.46798029556650245,0.08374384236453201,0.14285714285714285,0.9605911330049262,0.6995073891625616,0.9064039408866995
July 2002,999.0,Chile,0.24630541871921183,0.5615763546798029,0.15270935960591134,0.9507389162561577,0.4187192118226601,0.18226600985221675
August 2002,0.9704297333223406,Chile,0.9950738916256158,0.7783251231527093,0.15763546798029557,0.940886699507389,0.7881773399014779,1.0
September 2002,0.9753792588626138,Chile,0.3448275862068966,0.5320197044334976,0.16748768472906403,0.9310344827586207,0.916256157635468,0.9753694581280788
October 2002,0.9932001546653177,Chile,0.8571428571428572,0.3448275862068966,0.17733990147783252,0.9261083743842364,0.4482758620689655,0.9852216748768473
November 2002,0.9886209251204852,Chile,0.6847290640394089,0.10837438423645321,0.18226600985221675,0.9162561576354681,0.5467980295566502,0.9359605911330049
December 2002,1.0,Chile,0.4433497536945813,0.2857142857142857,0.18719211822660098,0.9064039408866995,0.6650246305418719,0.7438423645320197
January 2003,0.9340403598319703,Chile,0.5862068965517241,0.6009852216748769,0.2315270935960591,0.896551724137931,0.6699507389162561,0.6059113300492608
February 2003,0.843498630804446,Chile,0.2955665024630541,0.39901477832512317,0.28078817733990147,0.8916256157635468,0.7339901477832512,0.33990147783251234
March 2003,0.7439388744034907,Chile,0.30049261083743845,0.9064039408866995,0.33004926108374383,0.8817733990147784,0.541871921182266,0.30049261083743845
April 2003,0.5474554401945618,Chile,0.16748768472906403,0.6305418719211823,0.3842364532019705,0.8719211822660097,0.3743842364532013,0.20689655172413793
May 2003,0.39891918293551715,Chile,0.12315270935960591,0.7044334975369456,0.4285714285714286,0.8620689655172414,0.019704433497536946,0.024630541871921183
June 2003,999.0,Chile,0.9162561576354681,0.9901477832512315,0.47783251231527096,0.8522167487684729,0.09852216748768473,0.3448275862068966
July 2003,0.7194089835961304,Chile,0.08866995073891626,0.3793103448275862,0.5665024630541872,0.8423645320197054,0.3793103448275862,0.019704433497536946
August 2003,0.44677920848907493,Chile,0.034482758620689655,0.7339901477832512,0.5911330049261083,0.8374384236453202,0.3842364532019705,0.0049261083743842365
September 2003,0.3448700142397863,Chile,0.2413793103448276,0.7733990147783252,0.6108374384236454,0.8275862068965517,0.6798029556650247,0.13793103448275862
October 2003,0.25084515797333606,Chile,0.19704433497536947,0.9310344827586207,0.6354679802955665,0.8177339901477833,0.896551724137931,0.19704433497536947
November 2003,0.26626530216752214,Chile,0.8325123152709359,0.6995073891625616,0.6551724137931032,0.8078817733990148,0.8571428571428572,0.3694581280788177
December 2003,0.30354375473784,Chile,0.4630541871921182,0.09359605911329985,0.6798029556650247,0.7980295566502495,0.8719211822660099,0.2413793103448276
January 2004,0.2857142857142857,Chile,0.33497536945812806,0.8472906403940886,0.6995073891625616,0.7931034482758621,0.4088669950738916,0.25615763546798026
February 2004,0.32712390911051803,Chile,0.37438423645320135,0.6896551724137931,0.7093596059113301,0.7832512315270936,0.28078817733990147,0.2660098522167488
March 2004,0.12875925205225783,Chile,0.7832512315270936,0.7241379310344828,0.7142857142857143,0.7733990147783252,0.4630541871921182,0.4187192118226601
April 2004,0.5570883884153754,Chile,0.9408866995073891,0.11330049261083744,0.7241379310344832,0.7635467980295566,0.8817733990147784,0.916256157635468
May 2004,0.5714285714285714,Chile,0.0049261083743842365,0.33004926108374383,0.7586206896551724,0.7586206896551724,0.8866995073891626,0.029556650246305417
June 2004,0.3649305345672584,Chile,0.2315270935960591,0.7536945812807881,0.7980295566502467,0.7487684729064037,0.9753694581280788,0.059113300492610835
July 2004,0.4349374473442746,Chile,0.7881773399014779,0.7980295566502464,0.8275862068965517,0.7389162561576355,0.9655172413793104,0.270935960591133
August 2004,0.31015895156915463,Chile,0.12807881773399016,0.6157635467980296,0.8472906403940886,0.729064039408867,0.8472906403940886,0.24630541871921183
September 2004,0.263993897838307,Chile,0.2857142857142857,0.8177339901477833,0.8669950738916257,0.7192118226600985,0.6551724137931034,0.3251231527093596
October 2004,0.24515746267406466,Chile,0.35960591133004927,0.374384236453199,0.8866995073891626,0.7142857142857143,0.9507389162561577,0.4236453201970443
November 2004,0.3813583866973831,Chile,0.8669950738916257,0.22660098522167488,0.9064039408866995,0.7044334975369456,0.7931034482758621,0.6157635467980296
December 2004,0.2756963968784121,Chile,0.5714285714285714,0.4975369458128079,0.9261083743842364,0.6945812807881774,0.8078817733990148,0.4482758620689655
January 2005,0.12731053067614667,Chile,0.4236453201970443,0.4088669950738916,0.9211822660098522,0.6847290640394089,0.5911330049261083,0.31527093596059114
February 2005,0.21353369155052157,Chile,0.3103448275862069,0.9458128078817734,0.9113300492610837,0.6798029556650247,0.4285714285714286,0.2955665024630542
March 2005,0.07592203547783509,Chile,0.5615763546798029,0.28078817733990147,0.9014778325123153,0.6699507389162561,0.251231527093596,0.3497536945812808
April 2005,0.04359213515733594,Chile,0.2019704433497537,0.3645320197044335,0.896551724137931,0.6600985221674877,0.18226600985221675,0.21674876847290642
May 2005,0.25576976101595156,Chile,0.9901477832512314,0.024630541871921183,0.8817733990147784,0.6502463054187192,0.03940886699507389,0.8768472906403941
June 2005,0.7508637385920671,Chile,0.9655172413793104,0.8226600985221675,0.8719211822660097,0.6403940886699507,0.09359605911330035,0.9901477832512241
July 2005,0.8518778040985943,Chile,0.45320197044334976,0.768472906403941,0.8571428571428572,0.6305418719211823,0.4433497536945813,0.9655172413793104
August 2005,0.9173132057165543,Chile,0.9753694581280788,0.7832512315270936,0.8522167487684729,0.625615763546798,0.35960591133004927,0.9802955665024631
September 2005,0.9840656675106079,Chile,0.06896551724137931,0.18719211822660098,0.8374384236453202,0.6157635467980296,0.024630541871921183,0.8177339901477833
October 2005,0.940544268958156,Chile,0.11822660098522167,0.49261083743842365,0.8325123152709359,0.6059113300492611,0.04433497536945813,0.29064039408866993
November 2005,0.8711682222782452,Chile,0.7931034482758621,0.58128078817734,0.8226600985221674,0.5960591133004927,0.20689655172413793,0.8423645320197048
December 2005,0.8621525299640653,Chile,0.5566502463054187,0.4039408866995074,0.812807881773399,0.5862068965517242,0.7389162561576355,0.6748768472906403
January 2006,0.7284010295716713,Chile,0.4975369458128079,0.6748768472906403,0.8078817733990148,0.5763546798029561,0.8374384236453202,0.5615763546798029
February 2006,0.5298590682879629,Chile,0.4827586206896552,0.8078817733990148,0.8029556650246306,0.5714285714285714,0.6600985221674877,0.41379310344827586
March 2006,0.5822558809281555,Chile,0.3694581280788177,0.1477832512315271,0.7931034482758621,0.5566502463054187,0.43349753694581283,0.39901477832512333
April 2006,0.5174457129780926,Chile,0.7635467980295566,0.5714285714285714,0.7881773399014779,0.5467980295566502,0.2857142857142857,0.43842364532019706
May 2006,0.49556770867196215,Chile,0.20689655172413793,0.9162561576354681,0.7832512315270936,0.5270935960591133,0.39408866995073893,0.07881773399014778
June 2006,0.6064570260887934,Chile,0.9507389162561577,0.9704433497536946,0.7733990147783252,0.5221674876847291,0.8275862068965517,0.9458128078817734
July 2006,0.9307893945151587,Chile,0.9852216748768473,0.9556650246305419,0.768472906403941,0.5073891625615763,0.7438423645320197,0.9950738916256158
August 2006,0.9005117551057248,Chile,0.8817733990147784,0.7438423645320197,0.7635467980295566,0.49261083743842365,0.7241379310344828,0.9556650246305419
September 2006,0.7843531910003204,Chile,0.18719211822660098,0.6502463054187192,0.7536945812807881,0.4827586206896552,0.7783251231527087,0.6995073891625616
October 2006,0.8167049636325046,Chile,0.6305418719211823,0.4876847290640394,0.7438423645320197,0.4729064039408867,0.9802955665024631,0.8719211822660099
November 2006,0.8571428571428572,Chile,0.3251231527093596,0.47783251231527096,0.7389162561576355,0.4630541871921182,0.9359605911330049,0.5073891625615764
December 2006,0.5228786445593142,Chile,0.7389162561576355,0.21674876847290642,0.7339901477832512,0.45320197044334976,0.8916256157635469,0.645320197044335
January 2007,0.6501415693753799,Chile,0.49261083743842365,0.576354679802956,0.6945812807881774,0.43842364532019706,0.9605911330049262,0.5221674876847291
February 2007,0.666126152515244,Chile,0.8226600985221674,0.03940886699507389,0.6650246305418719,0.43349753694581283,0.9556650246305419,0.7192118226600985
March 2007,0.7034324943953083,Chile,0.6206896551724138,0.35960591133004927,0.6403940886699507,0.4236453201970443,0.9211822660098522,0.502463054187192
April 2007,0.6509026477708502,Chile,0.43842364532019706,0.14285714285714285,0.6157635467980296,0.41379310344827586,0.9014778325123153,0.43349753694581283
May 2007,0.5558749765307552,Chile,0.019704433497536946,0.09852216748768473,0.5960591133004927,0.4039408866995074,0.645320197044335,0.014778325123152709
June 2007,0.4821642309220803,Chile,0.07881773399014778,0.019704433497536946,0.5812807881773399,0.39408866995073893,0.1477832512315271,0.0
July 2007,0.5123033993159234,Chile,0.729064039408867,0.059113300492610835,0.49261083743842365,0.3891625615763543,0.009852216748768473,0.12315270935960591
August 2007,0.4393520987620945,Chile,0.22167487684729065,0.0,0.4433497536945813,0.3793103448275862,0.0049261083743842365,0.1625615763546798
September 2007,0.10255966846156409,Chile,0.054187192118226604,0.2315270935960591,0.39901477832512317,0.3694581280788177,0.014778325123152709,0.10344827586206896
October 2007,0.3917013332998532,Chile,0.10837438423645321,0.4187192118226601,0.3497536945812808,0.3645320197044335,0.034482758620689655,0.1724137931034483
November 2007,0.3346544922388968,Chile,0.31527093596059114,0.4236453201970443,0.3004926108374382,0.35467980295566504,0.12315270935960591,0.23645320197044334
December 2007,0.04709554993066181,Chile,0.47783251231527096,0.5172413793103449,0.24630541871921183,0.3448275862068966,0.10344827586206896,0.2857142857142857
January 2008,0.07373258953026979,Chile,0.4482758620689655,0.8522167487684729,0.26108374384236455,0.33497536945812806,0.21674876847290642,0.3645320197044335
February 2008,0.1876762064018589,Chile,0.5221674876847291,0.8719211822660088,0.29064039408867204,0.33004926108374383,0.1625615763546798,0.4088669950738916
March 2008,0.1581894985450645,Chile,0.5270935960591133,0.5960591133004925,0.31527093596059114,0.32019704433497537,0.11330049261083744,0.45320197044334976
April 2008,0.09480389264680458,Chile,0.7044334975369455,0.32019704433497537,0.33990147783251234,0.31527093596059114,0.04926108374384237,0.39408866995073893
May 2008,0.4285714285714286,Chile,1.0,0.24630541871921183,0.35960591133004927,0.3054187192118227,0.054187192118226604,0.9704433497536946
June 2008,0.809704318440689,Chile,0.06403940886699508,0.2413793103448276,0.3891625615763545,0.2955665024630542,0.029556650246305417,0.7536945812807881
July 2008,0.6730649117824157,Chile,0.3497536945812808,0.8374384236453202,0.4088669950738916,0.29064039408866993,0.7635467980295566,0.35960591133004927
August 2008,0.8275489183977398,Chile,0.9605911330049262,0.19211822660098524,0.43349753694581283,0.28078817733990147,0.2660098522167488,0.9408866995073889
September 2008,0.6793685243000457,Chile,0.07389162561576355,0.6108374384236454,0.458128078817734,0.270935960591133,0.5566502463054187,0.6600985221674877
October 2008,0.7058539422800767,Chile,0.09852216748768473,0.625615763546798,0.46798029556650245,0.2660098522167488,0.5320197044334976,0.26108374384236455
November 2008,0.4682390759329318,Chile,0.32019704433497537,0.9753694581280788,0.4975369458128079,0.2561576354679798,0.1330049261083744,0.45812807881773404
December 2008,0.6228890066138065,Chile,0.4187192118226601,0.940886699507389,0.5615763546798029,0.24630541871921183,0.22167487684729065,0.4039408866995074
January 2009,0.6017849357673514,Chile,0.4285714285714286,0.8620689655172414,0.5566502463054187,0.2315270935960591,0.33990147783251234,0.49261083743842365
February 2009,0.35339380924226266,Chile,0.5665024630541872,0.5270935960591133,0.5517241379310345,0.21182266009852216,0.24630541871921183,0.5467980295566502
March 2009,0.15711220747757804,Chile,0.35467980295566504,0.9507389162561577,0.5467980295566502,0.18719211822660098,0.11822660098522167,0.5123152709359569
April 2009,0.11227291455520325,Chile,0.21674876847290642,1.0,0.541871921182266,0.1724137931034483,0.07389162561576355,0.27586206896551724
May 2009,0.059320282914762164,Chile,0.6108374384236454,0.8866995073891626,0.5369458128078818,0.15270935960591134,0.08374384236453201,0.33497536945812806
June 2009,0.06598822187297185,Chile,0.6354679802955665,0.6945812807881774,0.5320197044334976,0.12807881773399016,0.26108374384236455,0.21182266009852216
July 2009,0.1784113442858558,Chile,0.14285714285714285,0.19704433497536947,0.5270935960591133,0.10344827586206896,0.2019704433497537,0.15270935960591134
August 2009,0.18660014715316472,Chile,0.9211822660098522,0.6650246305418719,0.5221674876847291,0.08866995073891626,0.3251231527093596,0.729064039408867
September 2009,0.5765226353413294,Chile,0.4088669950738916,0.07389162561576355,0.5172413793103449,0.06403940886699508,0.13793103448275862,0.6896551724137931
October 2009,0.3755013990735147,Chile,0.43349753694581283,0.4630541871921182,0.5123152709359605,0.04433497536945813,0.6009852216748768,0.541871921182266
November 2009,0.4180834190503618,Chile,0.8275862068965517,0.0049261083743842365,0.5073891625615763,0.029556650246305417,0.7832512315270936,0.6798029556650247
December 2009,0.42246454302660347,Chile,0.3990147783251232,0.16748768472906403,0.5024630541871922,0.014778325123152709,0.7586206896551724,0.5270935960591133
January 2010,0.5924944723164803,Chile,0.4876847290640394,0.5665024630541872,0.4827586206896552,0.0,0.625615763546798,0.5960591133004927
February 2010,0.4589208091215628,Chile,0.7192118226600985,0.11822660098522167,0.4630541871921182,0.009852216748768473,0.7192118226600985,0.7142857142857143
March 2010,0.21977338274338146,Chile,0.3842364532019705,0.7487684729064039,0.45320197044334976,0.0049261083743842365,0.7536945812807881,0.5517241379310345
April 2010,0.05357006092906828,Chile,0.18226600985221675,0.3842364532019705,0.43842364532019706,0.019704433497536946,0.5960591133004927,0.3103448275862069
May 2010,0.01748642361961041,Chile,0.04926108374384237,0.35467980295566504,0.4236453201970443,0.024630541871921183,0.31527093596059114,0.08374384236453201
June 2010,0.0,Chile,0.7241379310344828,0.507389162561575,0.4039408866995074,0.034482758620689655,0.5615763546798029,0.034482758620689655
July 2010,0.03637396308432356,Chile,0.3645320197044335,0.014778325123152709,0.3793103448275862,0.03940886699507389,0.15270935960591134,0.16748768472906403
August 2010,0.021450521718797133,Chile,0.22660098522167488,0.1625615763546798,0.3645320197044335,0.04926108374384237,0.14285714285714285,0.06896551724137931
September 2010,0.014244782760854061,Chile,0.03940886699507389,0.26108374384236455,0.3448275862068966,0.059113300492610835,0.06403940886699505,0.10837438423645321
October 2010,0.0065464589308604085,Chile,0.19211822660098524,0.4285714285714286,0.3251231527093596,0.06896551724137931,0.2315270935960591,0.22167487684729065
November 2010,0.029779406878006662,Chile,0.625615763546798,0.27586206896551724,0.3054187192118227,0.08374384236453201,0.23645320197044334,0.4729064039408867
December 2010,0.17253848336458083,Chile,0.7487684729064036,0.029556650246305417,0.2857142857142857,0.09359605911330049,0.4876847290640394,0.5369458128078818
January 2011,999.0,Chile,0.768472906403941,0.3054187192118227,0.270935960591133,0.10837438423645321,0.605911330049261,0.6403940886699507
February 2011,0.1065845893437039,Chile,0.6502463054187192,0.4729064039408867,0.25615763546798026,0.12315270935960591,0.6945812807881774,0.6009852216748769
March 2011,0.19699848529620584,Chile,0.7438423645320197,0.12315270935960591,0.2413793103448276,0.11822660098522167,0.6896551724137931,0.6847290640394089
April 2011,0.29208336367193527,Chile,0.8472906403940886,0.1330049261083744,0.22167487684729065,0.13793103448275862,0.7733990147783252,0.7487684729064037
May 2011,0.23162758115026041,Chile,0.009852216748768473,0.5566502463054187,0.21182266009852216,0.14285714285714285,0.8177339901477833,0.11822660098522167
June 2011,999.0,Chile,0.270935960591133,0.22167487684729065,0.2019704433497537,0.15763546798029557,0.8669950738916257,0.03940886699507389
July 2011,0.08094301743267196,Chile,0.23645320197044334,0.034482758620689655,0.19211822660098524,0.16748768472906403,0.43842364532019706,0.08866995073891626
August 2011,0.11929063760420186,Chile,0.9458128078817734,0.07881773399014778,0.1625615763546798,0.18226600985221675,0.41379310344827586,0.6551724137931029
September 2011,0.22652864174749068,Chile,0.1330049261083744,0.6551724137931032,0.13793103448275862,0.19704433497536947,0.6108374384236454,0.6305418719211823
October 2011,0.14285714285714285,Chile,0.09359605911330049,0.41379310344827586,0.11822660098522167,0.2019704433497537,0.19704433497536947,0.35467980295566504
November 2011,0.2959246805437644,Chile,0.6009852216748744,0.4827586206896552,0.10344827586206896,0.21674876847290642,0.5517241379310345,0.4630541871921182
December 2011,999.0,Chile,0.39408866995073893,0.9261083743842364,0.09359605911330049,0.22660098522167488,0.5024630541871921,0.4433497536945813
January 2012,0.20831025204394069,Chile,0.6748768472906408,0.6699507389162561,0.08374384236453201,0.2413793103448276,0.17733990147783252,0.5665024630541872
January 2012,0.23744337284615885,Chile,0.6798029556650247,0.6600985221674877,0.07881773399014778,0.054187192118226604,0.1724137931034483,0.5714285714285714
February 2012,0.386943143156824,Chile,0.9014778325123153,0.43842364532019706,0.07389162561576355,0.07389162561576355,0.3497536945812808,0.7881773399014779
March 2012,0.3644720764936542,Chile,0.41379310344827586,0.8768472906403941,0.06403940886699508,0.07881773399014778,0.5812807881773399,0.6354679802955665
April 2012,0.16716225337866084,Chile,0.3054187192118227,0.5467980295566502,0.059113300492610835,0.09852216748768473,0.270935960591133,0.37438423645320196
May 2012,999.0,Chile,0.8029556650246306,0.8275862068965517,0.04926108374384237,0.11330049261083744,0.16748768472906403,0.2512315270935961
June 2012,0.47757696503183783,Chile,0.8620689655172414,0.8817733990147784,0.04433497536945813,0.1330049261083744,0.3990147783251232,0.46798029556650245
July 2012,0.4045824148956247,Chile,0.014778325123152709,0.29064039408866993,0.034482758620689655,0.1477832512315271,0.18719211822660095,0.04926108374384237
August 2012,0.20204763826344446,Chile,0.29064039408866993,0.33497536945812806,0.029556650246305417,0.1625615763546798,0.30049261083743845,0.17733990147783252
September 2012,0.09055269473928415,Chile,0.029556650246305417,0.896551724137931,0.019704433497536946,0.17733990147783252,0.5073891625615763,0.11330049261083744
October 2012,999.0,Chile,0.4039408866995074,0.21182266009852216,0.014778325123152709,0.19211822660098524,0.6206896551724138,0.3891625615763545
November 2012,0.13792627211213168,Chile,0.6600985221674877,0.645320197044335,0.0049261083743842365,0.20689655172413793,0.45812807881773404,0.5911330049261083
December 2012,0.3153490867033745,Chile,0.9556650246305419,0.009852216748768473,0.0,0.22167487684729065,0.9458128078817734,0.8916256157635469
January 2013,0.5052061145737312,Chile,0.5911330049261084,0.8571428571428572,0.009852216748768473,0.23645320197044334,0.9261083743842364,0.6650246305418719
February 2013,0.4643867434128581,Chile,0.8177339901477833,0.5221674876847291,0.024630541871921183,0.2512315270935961,0.8522167487684729,0.7044334975369446
March 2013,999.0,Chile,0.5123152709359605,0.23645320197044334,0.03940886699507389,0.26108374384236455,0.6748768472906405,0.6502463054187192
April 2013,0.5349370873237675,Chile,0.25123152709359603,0.605911330049261,0.054187192118226604,0.27586206896551724,0.5221674876847291,0.4827586206896552
May 2013,0.497871056650108,Chile,0.8768472906403941,0.2512315270935961,0.06896551724137931,0.2857142857142857,0.33497536945812806,0.22660098522167488
June 2013,0.4519087207979917,Chile,0.08374384236453201,0.5911330049261083,0.08866995073891626,0.30049261083743845,0.35467980295566504,0.054187192118226604
July 2013,0.33913477798930713,Chile,0.1625615763546798,0.6847290640394089,0.09852216748768473,0.3103448275862069,0.768472906403941,0.09359605911330043
August 2013,999.0,Chile,0.33004926108374383,0.31527093596059114,0.10837438423645321,0.3251231527093596,0.47783251231527096,0.19211822660098524
September 2013,999.0,Chile,0.25615763546798026,0.1724137931034483,0.11330049261083744,0.33990147783251234,0.08866995073891626,0.1871921182266009
October 2013,0.27681416048027063,Chile,0.15270935960591134,0.6403940886699507,0.12315270935960591,0.3497536945812808,0.0,0.2315270935960591
November 2013,0.4878564586442849,Chile,0.5073891625615763,0.45320197044334976,0.1477832512315271,0.35960591133004927,0.059113300492610835,0.3842364532019705
December 2013,0.14787704493759019,Chile,0.3793103448275862,0.9211822660098522,0.1724137931034483,0.37438423645320135,0.10837438423645321,0.4876847290640394
January 2014,0.3209920503041913,Chile,0.6403940886699507,0.7093596059113301,0.19704433497536947,0.3842364532019705,0.15763546798029557,0.6699507389162561
February 2014,999.0,Chile,0.6059113300492611,0.15270935960591134,0.20689655172413793,0.39901477832512317,0.3448275862068966,0.7093596059113301
March 2014,0.7142857142857143,Chile,0.812807881773399,0.17733990147783252,0.22660098522167488,0.4088669950738916,0.4039408866995074,0.7832512315270936
April 2014,0.6613772088229248,Chile,0.28078817733990147,0.12807881773399016,0.25123152709359603,0.4187192118226601,0.27586206896551724,0.6108374384236454
May 2014,0.641799434365934,Chile,0.5763546798029565,0.39408866995073893,0.2660098522167488,0.4285714285714286,0.6847290640394089,0.4285714285714286
June 2014,0.7672158884147044,Chile,0.8423645320197056,0.15763546798029557,0.2955665024630542,0.4433497536945813,0.6502463054187192,0.5320197044334976
July 2014,999.0,Chile,0.6650246305418719,0.541871921182266,0.3103448275862069,0.4482758620689655,0.6305418719211823,0.04433497536945813
August 2014,0.6395506895426653,Chile,0.5517241379310345,0.8423645320197074,0.33497536945812806,0.45812807881773443,0.9064039408866995,0.8029556650246306
September 2014,0.5663583550005945,Chile,0.9064039408866995,0.45812807881773415,0.35467980295566504,0.46798029556650245,0.8620689655172414,0.7586206896551724
October 2014,0.6307022171252945,Chile,0.13793103448275862,0.9113300492610837,0.3743842364532019,0.47783251231527096,0.6354679802955665,0.4975369458128079
November 2014,0.6132335445212925,Chile,0.541871921182266,0.2660098522167488,0.39408866995073893,0.4876847290640394,0.29064039408867004,0.5566502463054187
December 2014,999.0,Chile,0.6551724137931021,0.13793103448275862,0.4187192118226601,0.5024630541871912,0.3103448275862069,0.625615763546798
January 2015,0.7299340839168701,Chile,0.458128078817734,0.8669950738916257,0.4729064039408867,0.5123152709359606,0.5763546798029556,0.6945812807881774
February 2015,0.6844906893310114,Chile,0.5369458128078818,0.7142857142857143,0.5763546798029558,0.5320197044334976,0.4729064039408867,0.7339901477832512
March 2015,0.8394280288175596,Chile,0.5024630541871921,0.9802955665024631,0.6009852216748766,0.541871921182266,0.45320197044334976,0.7389162561576355
April 2015,0.7792697171102507,Chile,0.26108374384236455,0.9655172413793104,0.6305418719211823,0.5615763546798029,0.3054187192118227,0.5763546798029557
April 2015,0.7978425157326489,Chile,0.2660098522167488,0.9605911330049262,0.625615763546798,0.4975369458128079,0.2955665024630542,0.58128078817734
May 2015,999.0,Chile,0.024630541871921183,0.7389162561576355,0.6502463054187192,0.5172413793103449,0.5714285714285714,0.1330049261083744
June 2015,999.0,Chile,0.059113300492610835,0.8325123152709359,0.6847290640394089,0.5369458128078818,0.2413793103448276,0.06403940886699508
July 2015,0.3568093649864401,Chile,0.9310344827586207,0.6206896551724138,0.7487684729064039,0.5517241379310345,0.06896551724137931,0.3054187192118227
August 2015,0.5418275004828,Chile,0.9704433497536946,0.7635467980295566,0.8768472906403941,0.5665024630541872,0.21182266009852216,0.9605911330049262
September 2015,0.620097754888649,Chile,0.6157635467980296,0.33990147783251234,0.9359605911330049,0.5812807881773399,0.7487684729064038,0.896551724137931
October 2015,999.0,Chile,0.8866995073891626,0.054187192118226604,0.9605911330049262,0.5911330049261081,0.5172413793103449,0.9261083743842364
November 2015,999.0,Chile,0.7536945812807881,0.06403940886699508,0.9802955665024631,0.6009852216748768,0.8768472906403941,0.7783251231527093
December 2015,0.8326615343821138,Chile,0.5320197044334976,0.3103448275862069,1.0,0.6108374384236454,0.5862068965517242,0.8078817733990148
January 2016,0.7905115839594129,Chile,0.7142857142857143,0.5862068965517239,0.9950738916256158,0.6206896551724138,0.9310344827586207,0.812807881773399
February 2016,0.7383229774421033,Chile,0.5172413793103449,0.812807881773399,0.9901477832512314,0.6354679802955665,0.5270935960591133,0.7931034482758621
March 2016,0.8032341756836271,Chile,0.4729064039408867,0.9359605911330049,0.9852216748768473,0.645320197044335,0.4975369458128079,0.7733990147783252
April 2016,999.0,Chile,0.9802955665024631,0.04433497536945813,0.9753694581280788,0.6551724137931033,0.822660098522167,0.9310344827586207
May 2016,0.9577492441201166,Chile,0.1477832512315271,0.729064039408867,0.9704433497536946,0.6650246305418719,0.9950738916256158,0.5172413793103449
June 2016,0.7548285298239023,Chile,0.0,0.3251231527093596,0.9655172413793104,0.6748768472906442,1.0,0.009852216748768473
July 2016,0.6901725757998849,Chile,0.891625615763547,0.7192118226600985,0.9556650246305419,0.6896551724137931,0.9852216748768473,0.2019704433497537
August 2016,0.590933714541209,Chile,0.15763546798029557,0.9014778325123153,0.9507389162561577,0.6995073891625616,0.9704433497536946,0.14285714285714285
September 2016,999.0,Chile,0.04433497536945813,0.9950738916256158,0.9458128078817734,0.7093596059113301,0.8423645320197075,0.15763546798029557
October 2016,999.0,Chile,0.7093596059113301,0.7586206896551724,0.9408866995073849,0.7241379310344828,0.38916256157635454,0.47783251231527096
November 2016,0.7773512493495253,Chile,0.5960591133004927,0.8916256157635468,0.9310344827586207,0.7339901477832512,0.7093596059113301,0.6206896551724138
December 2016,0.6961505036567611,Chile,0.7980295566502463,0.46798029556650245,0.9162561576354681,0.7438423645320197,0.07881773399014778,0.7241379310344833
January 2017,0.4110773579146777,Chile,0.5812807881773399,0.9852216748768473,0.8916256157635475,0.7536945812807881,0.5123152709359605,0.7635467980295566
February 2017,999.0,Chile,0.7783251231527073,0.7931034482758621,0.8620689655172414,0.768472906403941,0.19211822660098524,0.8275862068965517
March 2017,0.8743269158490866,Chile,0.7586206896551724,0.3694581280788177,0.8423645320197044,0.7783251231527092,0.12807881773399016,0.8325123152709359
April 2017,0.908791698272559,Chile,0.6896551724137931,0.25615763546798015,0.8177339901477833,0.7881773399014779,0.22660098522167488,0.798029556650247
May 2017,0.8953968358169311,Chile,0.33990147783251234,0.08866995073891626,0.7783251231527092,0.8029556650246306,0.6403940886699507,0.5862068965517241
June 2017,0.9213683362172733,Chile,0.8719211822660099,0.29556650246305416,0.729064039408867,0.812807881773399,0.940886699507389,0.32019704433497537
July 2017,999.0,Chile,0.11330049261083744,0.4433497536945813,0.7192118226600985,0.8226600985221674,0.812807881773399,0.1477832512315271
August 2017,999.0,Chile,0.9359605911330049,0.18226600985221675,0.7044334975369458,0.8325123152709359,0.7142857142857143,0.9113300492610837
September 2017,999.0,Chile,0.27586206896551724,0.4482758620689655,0.6896551724137931,0.8472906403940886,0.4827586206896552,0.768472906403941
October 2017,999.0,Chile,0.6945812807881774,0.10344827586206896,0.6748768472906408,0.8571428571428572,0.5369458128078818,0.9507389162561577
November 2017,999.0,Chile,0.8522167487684729,0.270935960591133,0.6699507389162561,0.8669950738916257,0.8029556650246306,0.9014778325123153
December 2017,999.0,Chile,0.5467980295566502,0.6354679802955665,0.6600985221674877,0.8768472906403941,0.7980295566502464,0.8522167487684729
January 2018,999.0,Chile,0.6995073891625616,0.5369458128078818,0.645320197044335,0.8866995073891626,0.3694581280788177,0.8472906403940886
February 2018,999.0,Chile,0.645320197044335,0.8029556650246306,0.6206896551724138,0.9014778325123153,0.49261083743842365,0.8620689655172414
March 2018,999.0,Chile,0.8374384236453202,0.20689655172413793,0.6059113300492611,0.9113300492610837,0.46798029556650245,0.8866995073891626
April 2018,999.0,Chile,0.8078817733990148,0.5123152709359605,0.5862068965517242,0.9211822660098522,0.8325123152709359,0.8817733990147784
May 2018,999.0,Chile,0.21182266009852216,0.6798029556650247,0.5714285714285714,0.9359605911330049,0.729064039408867,0.28078817733990147
June 2018,0.9525669029033322,Chile,0.10344827586206896,0.06896551724137931,0.4876847290640394,0.9458128078817734,0.4236453201970443,0.09852216748768473
July 2018,0.8870887342185142,Chile,0.1724137931034483,0.3004926108374384,0.4482758620689655,0.9556650246305419,0.25615763546798026,0.12807881773398982
August 2018,999.0,Chile,0.17733990147783252,0.5517241379310345,0.41379310344827586,0.9704433497536946,0.33004926108374383,0.07389162561576353
September 2018,999.0,Chile,0.9113300492610837,0.7881773399014779,0.3694581280788177,0.9802955665024631,0.32019704433497537,0.33004926108374383
October 2018,0.8200759343960858,Chile,0.7339901477832512,0.2019704433497537,0.32019704433497537,0.9852216748768473,0.7044334975369458,0.8669950738916257
November 2018,0.9025053503400745,Chile,0.896551724137931,0.43349753694581283,0.27586206896551724,0.9901477832512314,0.6157635467980296,0.9211822660098522
December 2018,0.8804490449506868,Chile,0.6699507389162561,0.3497536945812808,0.23645320197044334,0.9950738916256158,0.5665024630541872,0.8374384236453202
January 2019,0.9459522196912923,Chile,0.7733990147783252,0.5024630541871922,0.21674876847290642,1.0,0.3645320197044335,0.8571428571428572
April 2002,0.005052881103630605,Iran,0.9852216748768473,0.2512315270935961,0.0,1.0,0.16748768472906403,0.9458128078817734
May 2002,0.0210683661994644,Iran,0.4827586206896552,0.5566502463054187,0.0049261083743842365,0.9950738916256158,0.7586206896551724,0.7192118226600985
June 2002,999.0,Iran,0.45320197044334976,0.41379310344827586,0.009852216748768473,0.9901477832512314,0.8275862068965517,0.32019704433497537
July 2002,999.0,Iran,0.6059113300492611,0.35467980295566504,0.019704433497536946,0.9852216748768473,0.8719211822660098,0.4187192118226601
August 2002,0.04790707462859744,Iran,0.6108374384236454,0.6847290640394089,0.08866995073891626,0.9802955665024631,0.7980295566502471,0.38916256157605883
September 2002,0.0,Iran,0.024630541871921183,0.812807881773399,0.12315270935960591,0.9753694581280788,0.7931034482758621,0.33990147783251234
October 2002,0.0390034633282996,Iran,0.014778325123152709,0.9359605911330049,0.23645320197044334,0.9704433497536946,0.8325123152709359,0.2857142857142857
November 2002,0.05362799443569631,Iran,0.3891625615763547,0.5517241379310345,0.35960591133004927,0.9605911330049262,0.8177339901477833,0.23645320197044334
December 2002,0.013043305574027945,Iran,0.9113300492610837,0.08374384236453201,0.4088669950738916,0.9507389162561577,0.10344827586206896,0.2561576354679803
January 2003,0.031276155285724604,Iran,0.35467980295566504,0.8177339901477833,0.4236453201970443,0.9359605911330049,0.19704433497536947,0.21182266009852216
February 2003,0.01944581716927245,Iran,0.7487684729064039,0.8078817733990148,0.43842364532019706,0.9261083743842364,0.14778325123152686,0.2660098522167488
March 2003,0.06666265216439426,Iran,0.8078817733990148,0.3054187192118227,0.45320197044334976,0.9113300492610837,0.08374384236453201,0.6847290640394089
April 2003,0.10565474484874153,Iran,0.8916256157635477,0.5911330049261083,0.4827586206896552,0.9014778325123153,0.15763546798029557,0.9556650246305419
May 2003,0.08285943270098886,Iran,0.4285714285714286,0.11330049261083744,0.5024630541871921,0.8916256157635468,0.6305418719211823,0.7980295566502463
June 2003,999.0,Iran,0.5911330049261083,0.29556650246305416,0.5369458128078818,0.8768472906403941,0.9113300492610837,0.6108374384236454
July 2003,0.19589473754819586,Iran,0.5517241379310345,0.6108374384236454,0.5665024630541872,0.8669950738916257,0.8571428571428572,0.4482758620689655
August 2003,0.11293345155495224,Iran,0.5665024630541872,0.5221674876847291,0.6009852216748769,0.8522167487684729,0.8029556650246306,0.4630541871921182
September 2003,0.1031115193991799,Iran,0.07389162561576355,0.33990147783251234,0.6551724137930962,0.8423645320197044,0.7536945812807881,0.4827586206896552
October 2003,0.0894678005750025,Iran,0.019704433497536946,0.8719211822660099,0.6945812807881774,0.8275862068965517,0.7635467980295566,0.35467980295566504
November 2003,0.155800298055418,Iran,0.43349753694581283,0.28078817733990147,0.7241379310344871,0.8177339901477833,0.6748768472906537,0.270935960591133
December 2003,0.4709261930083756,Iran,0.8571428571428572,0.4236453201970443,0.7733990147783252,0.8029556650246306,0.43349753694581283,0.4039408866995074
January 2004,0.5417337611886388,Iran,0.9802955665024631,0.9261083743842364,0.7931034482758621,0.7931034482758621,0.6995073891625616,0.9950738916256158
February 2004,0.6955761280786079,Iran,0.23645320197044334,0.9605911330049262,0.7980295566502467,0.7832512315270936,0.8522167487684729,0.9605911330049262
March 2004,0.24190164309166462,Iran,0.2413793103448276,0.9802955665024631,0.8078817733990148,0.768472906403941,0.5763546798029558,0.14285714285714285
April 2004,0.6661480701684536,Iran,0.9064039408866995,0.1724137931034483,0.8226600985221671,0.7586206896551724,0.33004926108374383,0.26108374384236455
May 2004,0.4527610366651821,Iran,0.6502463054187192,0.3891625615763543,0.8325123152709359,0.7487684729064001,0.6798029556650247,0.6995073891625616
June 2004,0.7014536328864854,Iran,0.5221674876847291,0.45812807881773404,0.8374384236453202,0.7339901477832512,0.8866995073891626,0.5073891625615763
July 2004,0.6727525275589715,Iran,0.768472906403941,0.09359605911330048,0.8522167487684729,0.7241379310344829,0.7438423645320197,0.5714285714285714
August 2004,0.3514836453192884,Iran,0.5369458128078818,0.5960591133004927,0.8620689655172414,0.7142857142857143,0.6699507389162561,0.43349753694581283
September 2004,0.3745430145639354,Iran,0.059113300492610835,0.33004926108374383,0.871921182266009,0.6995073891625616,0.6157635467980296,0.458128078817734
October 2004,0.26645945723920883,Iran,0.009852216748768473,0.5369458128078818,0.8768472906403941,0.6896551724137931,0.5123152709359605,0.3251231527093596
November 2004,0.5652210673847601,Iran,0.8719211822660096,0.7389162561576355,0.8866995073891626,0.674876847290642,0.3990147783251232,0.4975369458128079
December 2004,0.7632004045752443,Iran,0.9901477832512312,0.03940886699507389,0.896551724137931,0.6650246305418719,0.07881773399014778,0.8423645320197046
January 2005,0.9356149434636881,Iran,0.8768472906403941,0.1625615763546798,0.8423645320197045,0.6551724137930965,0.029556650246305417,0.9211822660098522
February 2005,0.970309082982603,Iran,0.7339901477832512,0.04433497536945813,0.7881773399014779,0.6403940886699507,0.04433497536945813,0.916256157635468
March 2005,1.0,Iran,0.7832512315270936,0.6945812807881774,0.7586206896551724,0.6305418719211823,0.5073891625615764,0.9852216748768473
April 2005,0.8999505562626184,Iran,0.27586206896551724,0.7733990147783252,0.7142857142857143,0.6206896551724138,0.17733990147783252,0.46798029556650245
May 2005,0.9511994476976324,Iran,0.729064039408867,0.15270935960591134,0.6798029556650247,0.6108374384236454,0.4285714285714286,0.5172413793103449
June 2005,0.9758206741408679,Iran,0.5615763546798029,0.39408866995073893,0.645320197044335,0.6009852216748706,0.7783251231527094,0.541871921182266
July 2005,0.9401400562615,Iran,0.5172413793103449,0.6551724137931033,0.6059113300492611,0.5812807881773401,0.7093596059113301,0.5369458128078818
August 2005,0.8869116243552698,Iran,0.6650246305418719,0.4187192118226601,0.5763546798029556,0.5665024630541872,0.7044334975369458,0.5665024630541872
September 2005,0.8513162483579473,Iran,0.09359605911329993,0.6995073891625616,0.5467980295566502,0.5517241379310345,0.6354679802955665,0.5517241379310345
October 2005,0.8936949974467431,Iran,0.0049261083743842365,0.625615763546798,0.5172413793103449,0.541871921182266,0.5862068965517242,0.39408866995073893
November 2005,0.8236174172489653,Iran,0.6600985221674877,0.26108374384236455,0.49261083743842365,0.5320197044334976,0.5911330049261077,0.33497536945812806
December 2005,0.7142857142857143,Iran,0.3251231527093596,0.9458128078817734,0.47783251231527096,0.5172413793103449,0.8916256157635468,0.19704433497536947
January 2006,0.8461068887160987,Iran,0.8522167487684729,0.10344827586206896,0.4876847290640394,0.5073891625615764,0.08866995073891626,0.7586206896551724
February 2006,0.98787934603661,Iran,0.8866995073891626,0.9753694581280788,0.5123152709359595,0.4975369458128079,0.7192118226600985,1.0
March 2006,0.9651564579427643,Iran,0.22660098522167488,0.8866995073891626,0.5270935960591133,0.4876847290640394,0.4482758620689655,0.8669950738916257
April 2006,0.9112100320167418,Iran,0.6157635467980296,0.7931034482758621,0.5517241379310345,0.47783251231527096,0.645320197044335,0.2955665024630542
May 2006,0.6935037744313348,Iran,0.33990147783251234,0.8669950738916257,0.5615763546798029,0.46798029556650245,0.896551724137931,0.29064039408866993
June 2006,0.9281407820462392,Iran,0.3842364532019705,0.729064039408867,0.5862068965517242,0.45812807881773404,0.7142857142857143,0.31527093596059114
July 2006,0.7438519132694603,Iran,0.5714285714285714,0.5073891625615763,0.6206896551724138,0.4482758620689655,0.6108374384236454,0.5221674876847291
August 2006,0.6844343557915373,Iran,0.43842364532019706,0.645320197044335,0.6403940886699507,0.43842364532019706,0.625615763546798,0.5024630541871922
September 2006,0.5614744460292692,Iran,0.10837438423645321,0.27586206896551724,0.6650246305418719,0.4236453201970443,0.6650246305418719,0.5270935960591133
October 2006,0.6550223095503744,Iran,0.15763546798029557,0.8817733990147784,0.7044334975369451,0.41379310344827586,0.7339901477832512,0.6896551724137931
November 2006,0.8626437755395148,Iran,0.6551724137931029,0.19211822660098524,0.7192118226600985,0.4039408866995074,0.768472906403941,0.8029556650246306
December 2006,0.8712775383114767,Iran,0.9507389162561577,0.0049261083743842365,0.7536945812807881,0.39408866995073893,0.024630541871921183,0.3990147783251232
January 2007,0.9460333117426492,Iran,0.270935960591133,0.12807881773399016,0.778325123152708,0.3793103448275862,0.059113300492610835,0.24630541871921183
February 2007,0.9164680812148045,Iran,0.7733990147783252,0.7044334975369452,0.8275862068965517,0.3743842364532,0.18719211822660092,0.8078817733990148
March 2007,0.8163225448173923,Iran,0.9704433497536946,0.14285714285714285,0.8669950738916257,0.3645320197044335,0.19211822660098524,0.7487684729064037
April 2007,0.9809916588142453,Iran,0.9408866995073889,0.4433497536945813,0.9064039408866995,0.35467980295566504,0.4433497536945813,0.9802955665024631
May 2007,0.9021617356772889,Iran,0.39901477832512317,0.6798029556650247,0.9261083743842364,0.3448275862068966,0.9064039408866995,0.9310344827586207
June 2007,0.994178028367284,Iran,0.8226600985221673,0.5665024630541872,0.9408866995073888,0.33497536945812806,0.8768472906403941,0.8522167487684729
July 2007,0.9589051629666981,Iran,0.7241379310344829,0.23645320197044334,0.9458128078817734,0.3251231527093596,0.7881773399014779,0.7635467980295566
August 2007,0.9219655003150451,Iran,0.6403940886699507,0.37438423645320185,0.9605911330049262,0.31527093596059114,0.7241379310344829,0.7044334975369457
September 2007,0.7665226815615611,Iran,0.04926108374384237,0.33497536945812806,0.9704433497536946,0.3054187192118227,0.6847290640394089,0.645320197044335
October 2007,0.8776364691561521,Iran,0.0,0.24630541871921183,0.9753694581280788,0.29064039408867004,0.5960591133004925,0.5320197044334976
November 2007,0.8081210072039713,Iran,0.29064039408866993,0.8571428571428572,0.9852216748768473,0.28078817733990147,0.5024630541871922,0.25123152709359603
December 2007,0.822630073963031,Iran,0.3743842364532019,0.18226600985221675,0.9950738916256158,0.270935960591133,0.14285714285714285,0.2019704433497537
January 2008,0.876351685997868,Iran,0.8472906403940886,0.0,0.9556650246305419,0.26108374384236455,0.0,0.12315270935960591
February 2008,0.7951667858606126,Iran,0.21182266009852216,0.054187192118226604,0.9014778325123153,0.2512315270935961,0.014778325123152709,0.024630541871921183
March 2008,0.5869294617892762,Iran,0.034482758620689655,1.0,0.748768472906403,0.23645320197044334,0.09359605911330049,0.009852216748768473
April 2008,0.27335458571631643,Iran,0.1724137931034483,0.9556650246305419,0.6305418719211823,0.22167487684729065,0.09852216748768473,0.0
May 2008,0.09422657917834579,Iran,0.32019704433497537,0.768472906403941,0.5320197044334976,0.2019704433497537,0.04926108374384237,0.029556650246305417
June 2008,0.46484148531074077,Iran,0.5073891625615763,0.6650246305418719,0.458128078817734,0.19211822660098524,0.11330049261083744,0.22167487684729065
July 2008,0.3826504338823802,Iran,0.5812807881773399,0.4876847290640394,0.41379310344827586,0.17733990147783252,0.22660098522167488,0.3054187192118227
August 2008,0.4176352196401395,Iran,0.5763546798029558,0.4039408866995074,0.3694581280788177,0.1625615763546798,0.270935960591133,0.3645320197044335
September 2008,0.23153746709411127,Iran,0.1280788177339901,0.5862068965517236,0.2413793103448276,0.15270935960591134,0.29064039408867004,0.4285714285714286
October 2008,0.3346805235398601,Iran,0.15270935960591134,0.6305418719211823,0.11822660098522167,0.14285714285714285,0.3793103448275862,0.5566502463054187
November 2008,0.48975039731973263,Iran,0.45812807881773415,0.1330049261083744,0.08374384236453201,0.12807881773399016,0.6009852216748768,0.3103448275862069
December 2008,0.5068218425621581,Iran,0.26108374384236455,0.3103448275862069,0.014778325123152709,0.11330049261083744,0.7733990147783252,0.13793103448275862
January 2009,0.2857142857142857,Iran,0.2315270935960591,0.45320197044334976,0.024630541871921183,0.09359605911330049,0.6600985221674877,0.034482758620689655
February 2009,0.1326206796320018,Iran,0.4187192118226601,0.9655172413793104,0.029556650246305417,0.08866995073891626,0.8374384236453202,0.014778325123152709
March 2009,0.07291382776412317,Iran,0.4482758620689655,0.896551724137931,0.034482758620689655,0.07881773399014778,0.5566502463054187,0.0049261083743842365
April 2009,0.16015725744724027,Iran,0.9310344827586207,0.014778325123152709,0.03940886699507389,0.06896551724137931,0.22167487684729065,0.03940886699507389
May 2009,0.13463216812239973,Iran,0.3497536945812808,0.7142857142857143,0.04433497536945813,0.059113300492610835,0.5172413793103449,0.09852216748768473
June 2009,0.32521599480342317,Iran,0.7586206896551724,0.07881773399014778,0.04926108374384237,0.054187192118226604,0.3448275862068966,0.28078817733990147
July 2009,0.4926466292423295,Iran,0.4876847290640394,0.4975369458128079,0.054187192118226604,0.04433497536945813,0.2413793103448276,0.3793103448275862
August 2009,0.2999564071082676,Iran,0.6995073891625616,0.5714285714285714,0.059113300492610835,0.03940886699507389,0.32019704433497537,0.4876847290640394
September 2009,0.3387837382961029,Iran,0.16748768472906403,0.17733990147783252,0.06403940886699508,0.029556650246305417,0.4729064039408867,0.5812807881773401
October 2009,0.25600934052200797,Iran,0.054187192118226604,0.30049261083743845,0.06896551724137931,0.024630541871921183,0.4975369458128079,0.4088669950738916
November 2009,0.5861461636956404,Iran,0.9014778325123153,0.4285714285714286,0.07389162561576355,0.009852216748768473,0.4039408866995074,0.8177339901477833
December 2009,0.7803312696546437,Iran,0.8374384236453202,0.6206896551724138,0.07881773399014778,0.0049261083743842365,0.7832512315270936,0.8620689655172414
January 2010,0.6779133484145368,Iran,0.19704433497536947,0.9852216748768473,0.09359605911330048,0.0,0.9901477832512314,0.33004926108374383
February 2010,0.3912819554658074,Iran,0.812807881773399,0.9507389162561577,0.1625615763546798,0.014778325123152709,0.9950738916256158,0.4729064039408867
March 2010,0.3693574291222946,Iran,0.2660098522167488,0.990147783251231,0.26108374384236455,0.019704433497536946,1.0,0.1330049261083744
April 2010,0.3561754246967271,Iran,0.6896551724137931,0.7881773399014779,0.3497536945812808,0.034482758620689655,0.9852216748768473,0.11822660098522167
May 2010,0.4108347684856454,Iran,0.8029556650246306,0.5615763546798029,0.39408866995073893,0.04926108374384237,0.9359605911330049,0.8374384236453202
June 2010,0.7859746706089736,Iran,0.6305418719211823,0.7339901477832512,0.43349753694581283,0.06403940886699508,0.6945812807881774,0.5615763546798029
July 2010,0.7261775451960768,Iran,0.49261083743842365,0.7093596059113301,0.4630541871921182,0.07389162561576355,0.6403940886699507,0.6059113300492606
August 2010,0.5117401415664196,Iran,0.6847290640394089,0.2413793103448276,0.5221674876847291,0.08374384236453201,0.7389162561576355,0.6354679802955665
September 2010,0.20297316566790835,Iran,0.06896551724137931,0.3694581280788177,0.5960591133004923,0.09852216748768473,0.6896551724137931,0.5911330049261083
October 2010,0.44507917893958254,Iran,0.029556650246305417,0.9014778325123153,0.6847290640394089,0.10344827586206896,0.6502463054187192,0.5123152709359606
November 2010,0.3152836006269746,Iran,0.18226600985221675,0.6354679802955665,0.768472906403941,0.10837438423645321,0.6551724137931034,0.22660098522167488
December 2010,0.1242686877410759,Iran,0.1477832512315271,0.9211822660098522,0.916256157635468,0.11822660098522167,0.8423645320197045,0.06896551724137931
January 2011,999.0,Iran,0.7931034482758621,0.58128078817734,0.8177339901477833,0.12315270935960591,0.06896551724137931,0.059113300492610835
February 2011,0.18367703416778897,Iran,0.9261083743842364,0.2019704433497537,0.7339901477832512,0.1330049261083744,0.034482758620689655,0.19211822660098524
March 2011,0.21491620248895768,Iran,0.35960591133004927,0.4482758620689655,0.6699507389162561,0.13793103448275862,0.06403940886699507,0.3004926108374364
April 2011,0.25098874372343677,Iran,0.3793103448275862,0.7438423645320197,0.6157635467980296,0.1477832512315271,0.054187192118226604,0.11330049261083744
May 2011,0.2907379590340082,Iran,0.6699507389162561,0.7832512315270936,0.5566502463054187,0.15763546798029557,0.5467980295566502,0.3694581280788177
June 2011,999.0,Iran,0.6354679802955665,0.7487684729064038,0.5073891625615764,0.16748768472906403,0.7487684729064037,0.49261083743842365
July 2011,0.5471795385935493,Iran,0.541871921182266,0.4827586206896552,0.4729064039408867,0.1724137931034483,0.5714285714285714,0.576354679802957
August 2011,0.36327215800364193,Iran,0.8423645320197046,0.4630541871921182,0.4433497536945813,0.18226600985221675,0.45812807881773415,0.6798029556650247
September 2011,0.47442305879992014,Iran,0.11330049261083744,0.31527093596059114,0.4187192118226601,0.19704433497536947,0.541871921182266,0.6699507389162561
October 2011,0.6135805046329287,Iran,0.18719211822660095,0.20689655172413793,0.3891625615763547,0.20689655172413793,0.49261083743842365,0.6945812807881774
November 2011,0.6451839696041338,Iran,0.9753694581280788,0.009852216748768473,0.37438423645320096,0.21674876847290642,0.12807881773399016,0.9014778325123153
December 2011,999.0,Iran,0.12315270935960591,0.13793103448275862,0.3103448275862069,0.2315270935960591,0.4236453201970443,0.2315270935960591
January 2012,0.5714285714285714,Iran,0.2955665024630542,0.6059113300492603,0.29064039408867004,0.2413793103448276,0.4876847290640394,0.08374384236453201
January 2012,0.6305951641323551,Iran,0.300492610837434,0.6009852216748766,0.30049261083743845,0.18719211822660098,0.47783251231527096,0.08866995073891626
February 2012,0.5311944148469709,Iran,0.896551724137931,0.024630541871921183,0.28078817733990147,0.21182266009852216,0.019704433497536946,0.20689655172413793
March 2012,0.6604764660336191,Iran,0.3054187192118227,0.04926108374384237,0.2660098522167488,0.22660098522167488,0.009852216748768473,0.06403940886699508
April 2012,0.45818418970664815,Iran,0.4039408866995074,0.5270935960591133,0.22660098522167488,0.24630541871921183,0.1724137931034483,0.09359605911330049
May 2012,999.0,Iran,0.46798029556650245,0.7241379310344835,0.21182266009852216,0.2561576354679803,0.5517241379310345,0.17733990147783252
June 2012,0.4285714285714286,Iran,0.7192118226600985,0.18719211822660095,0.19211822660098524,0.2660098522167488,0.6059113300492611,0.35960591133004927
July 2012,0.6456596136413918,Iran,0.6945812807881774,0.2660098522167488,0.17733990147783252,0.27586206896551724,0.6206896551724138,0.6157635467980296
August 2012,0.3025421290497734,Iran,0.5862068965517242,0.43349753694581283,0.15763546798029557,0.2857142857142857,0.5221674876847291,0.6206896551724138
September 2012,0.3452618595544384,Iran,0.10344827586206896,0.21674876847290642,0.13793103448275862,0.2955665024630541,0.46798029556650245,0.6551724137931033
October 2012,999.0,Iran,0.11822660098522167,0.3793103448275862,0.11330049261083744,0.30049261083743845,0.4187192118226601,0.5960591133004927
November 2012,0.6070478693474763,Iran,0.9605911330049262,0.43842364532019706,0.10344827586206896,0.3103448275862069,0.5615763546798029,0.8226600985221669
December 2012,0.48268375282429804,Iran,0.8177339901477833,0.3251231527093596,0.09852216748768473,0.32019704433497537,0.8669950738916257,0.9261083743842364
January 2013,0.8068861638758699,Iran,0.39408866995073893,0.8325123152709359,0.10837438423645321,0.33004926108374383,0.9556650246305419,0.8916256157635472
February 2013,0.7561138293412601,Iran,0.28078817733990147,0.9113300492610837,0.1330049261083744,0.33990147783251234,0.9704433497536946,0.6403940886699507
March 2013,999.0,Iran,0.2857142857142857,0.8916256157635483,0.1477832512315271,0.3497536945812808,0.9458128078817734,0.15763546798029557
April 2013,0.43439557980966703,Iran,0.6009852216748768,0.29064039408867,0.1724137931034483,0.35960591133004927,0.8620689655172414,0.04433497536945813
May 2013,0.31031144045262005,Iran,0.8275862068965517,0.08866995073891626,0.19704433497536947,0.3694581280788177,0.2955665024630541,0.27586206896551724
June 2013,0.7918284199856532,Iran,0.5467980295566502,0.2857142857142857,0.21674876847290642,0.3842364532019705,0.43842364532019706,0.47783251231527096
July 2013,0.6199613209590576,Iran,0.5320197044334976,0.49261083743842365,0.2561576354679803,0.3891625615763547,0.4630541871921182,0.586206896551724
August 2013,999.0,Iran,0.7389162561576355,0.11822660098522167,0.27586206896551724,0.39901477832512333,0.58128078817734,0.6748768472906403
September 2013,999.0,Iran,0.09852216748768473,0.6157635467980296,0.3054187192118227,0.4088669950738916,0.4827586206896552,0.625615763546798
October 2013,0.42286045164390873,Iran,0.03940886699507389,0.16748768472906403,0.3251231527093596,0.4187192118226601,0.3645320197044335,0.5467980295566502
November 2013,0.601084599969778,Iran,0.9655172413793104,0.32019704433497537,0.33990147783251234,0.4285714285714286,0.5270935960591133,0.6009852216748768
December 2013,0.7086344449150913,Iran,0.4975369458128079,0.06403940886699508,0.3645320197044335,0.43349753694581283,0.11822660098522167,0.3842364532019705
January 2014,0.7493672102218265,Iran,0.47783251231527096,0.3448275862068966,0.3448275862068966,0.4433497536945813,0.07389162561576355,0.41379310344827586
February 2014,999.0,Iran,0.20689655172413793,0.034482758620689655,0.33004926108374383,0.45320197044334976,0.39408866995073893,0.15270935960591134
March 2014,0.3988754686622688,Iran,0.8620689655172414,0.4729064039408867,0.32019704433497537,0.4630541871921182,0.4088669950738916,0.16748768472906403
April 2014,0.44139981073984785,Iran,0.3448275862068966,0.6403940886699507,0.2955665024630541,0.4729064039408867,0.27586206896551724,0.07881773399014778
May 2014,0.22659910402452654,Iran,0.5566502463054187,0.5467980295566502,0.270935960591133,0.4827586206896552,0.3103448275862069,0.1724137931034483
June 2014,0.7743823687237631,Iran,0.6798029556650247,0.47783251231527096,0.24630541871921183,0.49261083743842365,0.2512315270935961,0.45320197044334976
July 2014,999.0,Iran,0.6206896551724138,0.3645320197044335,0.22167487684729065,0.5024630541871921,0.2660098522167488,0.6305418719211823
August 2014,0.19039503891461296,Iran,0.5270935960591133,0.5320197044334976,0.2019704433497537,0.5123152709359604,0.2561576354679803,0.6600985221674877
September 2014,0.14285714285714285,Iran,0.07881773399014778,0.6699507389162561,0.18719211822660087,0.5221674876847291,0.26108374384236455,0.6502463054187192
October 2014,0.625186794708922,Iran,0.19211822660098524,0.12315270935960591,0.16748768472906403,0.5270935960591133,0.5320197044334976,0.8817733990147784
November 2014,0.839518039549506,Iran,0.9162561576354682,0.019704433497536946,0.14285714285714285,0.5369458128078818,0.3054187192118227,0.896551724137931
December 2014,999.0,Iran,0.17733990147783252,0.6748768472906411,0.12807881773399016,0.5467980295566502,0.9162561576354681,0.3743842364532019
January 2015,0.24028707822484574,Iran,0.21674876847290642,0.9162561576354681,0.15270935960591134,0.5566502463054187,0.9802955665024631,0.18719211822660092
February 2015,0.07775763200136998,Iran,0.7783251231527094,0.9310344827586207,0.18226600985221675,0.5615763546798029,0.9261083743842364,0.1477832512315271
March 2015,0.1187973804364664,Iran,0.8669950738916257,0.2561576354679798,0.20689655172413793,0.5763546798029556,0.9014778325123153,0.12807881773399016
April 2015,0.059356749169507624,Iran,0.24630541871921183,0.8472906403940886,0.2315270935960591,0.5911330049261083,0.812807881773399,0.10344827586206896
April 2015,0.03942163435639348,Iran,0.2512315270935961,0.8423645320197078,0.2512315270935961,0.5714285714285714,0.8078817733990148,0.10837438423645321
May 2015,999.0,Iran,0.41379310344827586,0.8029556650246306,0.2857142857142857,0.5862068965517241,0.15270935960591134,0.21674876847290642
June 2015,999.0,Iran,0.4630541871921182,0.798029556650247,0.31527093596059114,0.5960591133004927,0.12315270935960591,0.4433497536945813
July 2015,0.2804106024100003,Iran,0.7438423645320197,0.35960591133004927,0.33497536945812806,0.6059113300492611,0.20689655172413793,0.6650246305418719
August 2015,0.1724566490554356,Iran,0.7044334975369432,0.39901477832512416,0.35467980295566504,0.6157635467980296,0.2315270935960591,0.7093596059113301
September 2015,0.3234285414280342,Iran,0.1330049261083744,0.10837438423645321,0.3793103448275862,0.625615763546798,0.2857142857142857,0.7241379310344828
October 2015,999.0,Iran,0.33497536945812806,0.6896551724137931,0.3842364532019705,0.6354679802955665,0.31527093596059114,0.8866995073891626
November 2015,999.0,Iran,0.7980295566502476,0.07389162561576355,0.39901477832512317,0.645320197044335,0.5369458128078818,0.9507389162561577
December 2015,0.7314382812401711,Iran,0.8325123152709359,0.06896551724137931,0.4039408866995074,0.6502463054187192,0.1330049261083744,0.9359605911330049
January 2016,0.5006283039424418,Iran,0.4236453201970443,0.8620689655172414,0.4285714285714286,0.6600985221674877,0.9310344827586207,0.9704433497536946
February 2016,0.5559233901397884,Iran,0.2019704433497537,0.9408866995073891,0.4482758620689655,0.6699507389162561,0.9753694581280788,0.43842364532019706
March 2016,0.20812227038645495,Iran,0.7093596059113301,0.8522167487684729,0.46798029556650245,0.6798029556650247,0.9605911330049262,0.2413793103448276
April 2016,999.0,Iran,0.7881773399014779,0.22167487684729065,0.4975369458128079,0.6847290640394089,0.9507389162561577,0.9408866995073891
May 2016,0.4052305449378884,Iran,0.5960591133004927,0.7635467980295566,0.541871921182266,0.6945812807881774,0.729064039408867,0.8719211822660098
June 2016,0.8334602555459811,Iran,0.7142857142857143,0.19704433497536947,0.58128078817734,0.7044334975369455,0.3842364532019705,0.8275862068965517
July 2016,0.8571428571428572,Iran,0.7536945812807881,0.3842364532019705,0.6354679802955665,0.7093596059113301,0.35467980295566504,0.812807881773399
August 2016,0.7211470059680221,Iran,0.4729064039408867,0.2315270935960591,0.6896551724137931,0.7192118226600985,0.3891625615763547,0.7832512315270936
September 2016,999.0,Iran,0.13793103448275862,0.576354679802956,0.7438423645320197,0.729064039408867,0.35960591133004927,0.7881773399014779
October 2016,999.0,Iran,0.06403940886699508,0.21182266009852216,0.812807881773399,0.7389162561576355,0.23645320197044334,0.7389162561576355
November 2016,0.5763960211938554,Iran,0.31527093596059114,0.09852216748768473,0.8916256157635472,0.7438423645320197,0.21182266009852216,0.3497536945812808
December 2016,0.5234037398705611,Iran,0.7635467980295566,0.7586206896551724,0.9310344827586207,0.7536945812807881,0.1625615763546798,0.3448275862068966
January 2017,0.6373766940369914,Iran,0.3103448275862069,0.7783251231527093,0.9211822660098522,0.7635467980295566,0.3694581280788177,0.18226600985221675
February 2017,999.0,Iran,1.0,0.029556650246305417,0.8817733990147784,0.7733990147783252,0.0049261083743842365,0.7142857142857143
March 2017,0.17982725763768442,Iran,0.9556650246305419,0.4088669950738916,0.8472906403940886,0.7783251231527094,0.03940886699507389,0.9113300492610837
April 2017,0.16699324871964188,Iran,0.33004926108374383,0.7192118226600985,0.8029556650246306,0.7881773399014779,0.10837438423645321,0.8768472906403941
May 2017,0.21824797269319615,Iran,0.4088669950738916,0.8374384236453202,0.7635467980295566,0.7980295566502464,0.24630541871921183,0.729064039408867
June 2017,0.5181636803707195,Iran,0.4433497536945813,0.6502463054187192,0.729064039408867,0.8078817733990148,0.33990147783251234,0.7733990147783252
July 2017,999.0,Iran,0.645320197044335,0.3497536945812808,0.7093596059113301,0.812807881773399,0.33497536945812806,0.8472906403940886
August 2017,999.0,Iran,0.5024630541871922,0.270935960591133,0.6748768472906416,0.8226600985221674,0.3497536945812808,0.8571428571428572
September 2017,999.0,Iran,0.08374384236453201,0.46798029556650245,0.6502463054187192,0.8325123152709359,0.3251231527093596,0.8325123152709359
October 2017,999.0,Iran,0.04433497536945813,0.5024630541871922,0.625615763546798,0.8374384236453202,0.28078817733990147,0.768472906403941
November 2017,999.0,Iran,0.3694581280788177,0.6600985221674877,0.5911330049261084,0.8472906403940886,0.45320197044334976,0.4236453201970443
December 2017,999.0,Iran,0.1625615763546798,0.8275862068965517,0.5714285714285714,0.8571428571428572,0.8817733990147784,0.1625615763546798
January 2018,999.0,Iran,0.22167487684729065,0.8768472906403941,0.6108374384236454,0.8620689655172414,0.9408866995073885,0.054187192118226604
February 2018,999.0,Iran,0.9458128078817734,0.9704433497536946,0.6600985221674877,0.8719211822660098,0.8226600985221675,0.07389162561576347
March 2018,999.0,Iran,0.14285714285714285,0.9950738916256158,0.6995073891625616,0.8817733990147784,0.8472906403940886,0.019704433497536946
April 2018,999.0,Iran,0.8817733990147784,0.22660098522167488,0.7389162561576355,0.8866995073891626,0.30049261083743845,0.04926108374384237
May 2018,999.0,Iran,0.9359605911330049,0.059113300492610835,0.7832512315270936,0.896551724137931,0.5665024630541872,0.9064039408866995
June 2018,0.5340279719817828,Iran,0.6748768472906405,0.5123152709359605,0.8571428571428572,0.9064039408866995,0.3743842364532019,0.7931034482758621
July 2018,0.2616285363379958,Iran,0.5123152709359604,0.7536945812807881,0.9113300492610837,0.916256157635468,0.18226600985221675,0.7339901477832512
August 2018,999.0,Iran,0.625615763546798,0.5172413793103449,0.9359605911330049,0.9211822660098522,0.13793103448275862,0.7536945812807881
September 2018,999.0,Iran,0.08866995073891626,0.541871921182266,0.9507389162561577,0.9310344827586207,0.2019704433497537,0.7438423645320197
October 2018,0.1515779317339317,Iran,0.2561576354679799,0.15763546798029557,0.9655172413793104,0.9408866995073889,0.21674876847290642,0.7783251231527094
November 2018,0.38564464627741835,Iran,0.9950738916256158,0.14778325123152705,0.9802955665024631,0.9458128078817734,0.41379310344827586,0.9655172413793104
December 2018,0.5942363865676639,Iran,0.3645320197044335,0.8226600985221671,0.9901477832512314,0.9556650246305419,0.9211822660098522,0.9753694581280788
January 2019,0.7388449871799608,Iran,0.9211822660098522,0.9064039408866995,1.0,0.9655172413793104,0.9655172413793104,0.9901477832512308
April 2002,0.27488520653435206,Vietnam,0.19704433497536947,0.8669950738916257,0.0,0.9704433497536946,0.29064039408867,0.49261083743842365
May 2002,0.6135523604412808,Vietnam,0.4876847290640394,0.768472906403941,0.0049261083743842365,0.9605911330049262,0.35960591133004927,0.32019704433497537
June 2002,999.0,Vietnam,0.5270935960591133,0.6403940886699507,0.009852216748768473,0.9556650246305419,0.22660098522167488,0.7389162561576355
July 2002,999.0,Vietnam,0.3004926108374384,0.7881773399014779,0.014778325123152709,0.9458128078817734,0.270935960591133,0.916256157635468
August 2002,0.993586790227971,Vietnam,0.896551724137931,0.20689655172413793,0.019704433497536946,0.9359605911330049,0.43349753694581283,0.9655172413793104
September 2002,1.0,Vietnam,0.45320197044334976,0.26108374384236455,0.024630541871921183,0.9310344827586207,0.5566502463054187,0.9113300492610837
October 2002,0.976123261590384,Vietnam,0.024630541871921183,0.6551724137931025,0.03940886699507389,0.9211822660098522,0.8866995073891626,0.20689655172413793
November 2002,0.970041229646952,Vietnam,0.7832512315270936,0.4975369458128079,0.07389162561576355,0.9113300492610837,0.39408866995073893,0.541871921182266
December 2002,0.8686818944837262,Vietnam,0.7487684729064039,0.9310344827586207,0.10837438423645321,0.9014778325123153,0.9556650246305419,0.5714285714285714
January 2003,0.8460908411986575,Vietnam,0.4482758620689655,0.2512315270935959,0.11330049261083744,0.891625615763548,0.9802955665024631,0.6699507389162561
February 2003,0.9356794486548256,Vietnam,0.605911330049261,0.9261083743842364,0.11822660098522167,0.8866995073891626,0.9704433497536946,0.6502463054187192
March 2003,0.7142857142857143,Vietnam,0.6699507389162561,0.6206896551724138,0.12807881773399013,0.8768472906403941,0.7586206896551724,0.6305418719211823
April 2003,0.6846726510462382,Vietnam,0.19211822660098524,0.9211822660098522,0.1330049261083744,0.8669950738916257,0.6157635467980296,0.5123152709359606
May 2003,0.7312176274933112,Vietnam,0.8571428571428572,0.5024630541871922,0.14285714285714285,0.8620689655172414,0.2315270935960591,0.5911330049261082
June 2003,999.0,Vietnam,0.29064039408867043,0.541871921182266,0.1477832512315271,0.8522167487684729,0.9950738916256158,0.43842364532019706
July 2003,0.7736199589160673,Vietnam,0.6009852216748768,0.5123152709359355,0.1625615763546798,0.8423645320197046,1.0,0.21674876847290642
August 2003,0.7488891724899424,Vietnam,0.3990147783251232,0.6354679802955665,0.1724137931034483,0.8374384236453202,0.7733990147783252,0.09359605911330049
September 2003,0.9628226425626011,Vietnam,0.20689655172413793,0.4729064039408867,0.19704433497536947,0.8275862068965517,0.9113300492610837,0.9064039408866995
October 2003,0.8645672788453515,Vietnam,0.12315270935960591,0.5172413793103449,0.27586206896551724,0.8177339901477833,0.812807881773399,0.29556650246305416
November 2003,0.6311204921957865,Vietnam,0.1330049261083744,0.8571428571428572,0.3103448275862069,0.812807881773399,0.7931034482758621,0.07389162561576355
December 2003,0.2916562496674144,Vietnam,0.46798029556650245,0.27586206896551724,0.3448275862068966,0.8029556650246306,0.5270935960591133,0.1477832512315271
January 2004,0.2964974412859526,Vietnam,0.5221674876847291,0.8029556650246306,0.3645320197044335,0.7931034482758621,0.2413793103448276,0.2660098522167488
February 2004,0.5358855840581148,Vietnam,0.4285714285714286,0.22167487684729065,0.3842364532019705,0.7832512315270936,0.19211822660098524,0.3842364532019705
March 2004,0.5932259290541333,Vietnam,0.4729064039408867,0.5517241379310345,0.4187192118226601,0.7783251231527074,0.04926108374384237,0.35467980295566504
April 2004,0.45212412488279363,Vietnam,0.6403940886699507,0.5862068965517242,0.4285714285714286,0.7635467980295566,0.2857142857142857,0.38916256157635465
May 2004,0.49968434293897496,Vietnam,0.6798029556650247,0.3645320197044335,0.45320197044334976,0.7586206896551724,0.5369458128078818,0.4088669950738916
June 2004,0.873622402536803,Vietnam,0.6157635467980296,0.21182266009852216,0.4729064039408867,0.7487684729064037,0.6847290640394089,0.8029556650246306
July 2004,0.8815835363459332,Vietnam,0.7931034482758621,0.23645320197044334,0.5024630541871922,0.7389162561576355,0.6206896551724138,0.18226600985221675
August 2004,0.8515708832435502,Vietnam,0.3842364532019705,0.4630541871921182,0.5369458128078818,0.729064039408867,0.5172413793103449,0.812807881773399
September 2004,0.9112983479716994,Vietnam,0.019704433497536946,0.47783251231527096,0.5763546798029557,0.7241379310344828,0.8916256157635468,0.6108374384236454
October 2004,0.18745618800692024,Vietnam,0.0,0.4187192118226601,0.605911330049261,0.7142857142857143,0.5517241379310345,0.04433497536945813
November 2004,0.05915032339917401,Vietnam,0.11330049261083744,0.8325123152709359,0.645320197044335,0.7044334975369455,0.22167487684729065,0.03940886699507389
December 2004,0.054131576312386145,Vietnam,0.15270935960591134,0.6157635467980296,0.6847290640394089,0.6945812807881774,0.3251231527093596,0.14285714285714285
January 2005,0.019266062196827416,Vietnam,0.31527093596059114,0.6059113300492606,0.7339901477832512,0.6847290640394089,0.06403940886699504,0.2019704433497537
February 2005,0.06639115630591587,Vietnam,0.4236453201970443,0.9901477832512304,0.7586206896551724,0.6798029556650247,0.03940886699507389,0.26108374384236455
March 2005,0.04442512405215411,Vietnam,0.5024630541871922,0.11330049261083744,0.7881773399014779,0.6699507389162561,0.024630541871921183,0.2906403940886703
April 2005,0.036011179785821246,Vietnam,0.2019704433497537,0.6699507389162561,0.8817733990147784,0.6600985221674877,0.019704433497536946,0.27586206896551724
May 2005,0.01242916794366396,Vietnam,0.15763546798029557,0.896551724137931,0.9014778325123153,0.6551724137931031,0.06896551724137931,0.2315270935960591
June 2005,0.005528042821277735,Vietnam,0.22167487684729065,0.7931034482758621,0.9162561576354719,0.645320197044335,0.11330049261083744,0.15270935960591134
July 2005,0.029753008164406933,Vietnam,0.8817733990147784,0.3448275862068966,0.9408866995073889,0.6403940886699507,0.6798029556650247,0.11330049261083744
August 2005,0.24395650640806393,Vietnam,0.6502463054187192,0.4433497536945813,0.9556650246305419,0.6305418719211823,0.19704433497536947,0.940886699507389
September 2005,0.2506891233108623,Vietnam,0.6551724137931033,0.4876847290640394,0.9704433497536946,0.625615763546798,0.7339901477832512,0.9211822660098522
October 2005,0.3395446825254374,Vietnam,0.10344827586206896,0.5665024630541872,0.9852216748768473,0.6157635467980296,0.07881773399014778,0.7438423645320197
November 2005,0.09047410964452804,Vietnam,0.5615763546798029,0.729064039408867,0.9950738916256158,0.6108374384236454,0.24630541871921183,0.4285714285714286
December 2005,0.4149320643779691,Vietnam,0.9852216748768473,0.059113300492610835,1.0,0.6009852216748767,0.08866995073891626,0.8423645320197056
January 2006,0.13062508543221804,Vietnam,0.5467980295566502,0.6748768472907112,0.9901477832512314,0.5911330049261084,0.8029556650246306,0.6650246305418719
February 2006,0.25481081045588083,Vietnam,0.7093596059113301,0.6995073891625616,0.9802955665024631,0.5812807881773404,0.23645320197044334,0.605911330049261
March 2006,0.4395693870637649,Vietnam,0.625615763546798,0.29064039408867,0.9605911330049262,0.5665024630541872,0.7093596059113301,0.58128078817734
April 2006,0.23156294974195518,Vietnam,0.6650246305418719,0.49261083743842365,0.9359605911330049,0.5615763546798029,0.7142857142857143,0.5665024630541872
May 2006,0.16019797559138363,Vietnam,0.4827586206896552,0.1724137931034483,0.9113300492610837,0.541871921182266,0.5665024630541872,0.5566502463054187
June 2006,0.0731561761448254,Vietnam,0.33497536945812806,0.5911330049261082,0.8916256157635468,0.5320197044334976,0.3645320197044335,0.19211822660098524
July 2006,0.405992235722697,Vietnam,0.8866995073891626,0.43842364532019706,0.7832512315270936,0.5172413793103449,0.3448275862068966,0.8325123152709359
August 2006,0.6356883677757046,Vietnam,0.9211822660098522,0.14285714285714285,0.7438423645320197,0.5073891625615763,0.729064039408867,0.9852216748768473
September 2006,0.20492559038881228,Vietnam,0.37438423645320196,0.3793103448275862,0.6995073891625616,0.49261083743842365,0.5714285714285714,0.4630541871921182
October 2006,0.6205996547318832,Vietnam,0.06403940886699507,0.7536945812807881,0.6206896551724138,0.4827586206896552,0.6403940886699507,0.8916256157635473
November 2006,0.21607618266111983,Vietnam,0.04926108374384237,0.9852216748768473,0.5467980295566502,0.46798029556650245,0.43842364532019706,0.08866995073891626
December 2006,0.21993475882180655,Vietnam,0.5172413793103449,0.8423645320197047,0.47783251231527096,0.45812807881773404,0.4187192118226601,0.24630541871921183
January 2007,0.08322725461925731,Vietnam,0.729064039408867,0.33990147783251234,0.4975369458128079,0.4482758620689655,0.6551724137931026,0.4729064039408867
February 2007,0.09466859503507813,Vietnam,0.43842364532019706,0.9408866995073888,0.5172413793103449,0.4433497536945813,0.32019704433497537,0.4039408866995074
March 2007,0.4285714285714286,Vietnam,0.8275862068965517,0.7093596059113301,0.5320197044334976,0.4285714285714286,0.6059113300492611,0.5320197044334976
April 2007,0.39879212946331277,Vietnam,0.5862068965517241,0.1625615763546798,0.5615763546798029,0.4236453201970443,0.17733990147783252,0.37438423645320196
May 2007,0.582567708991551,Vietnam,0.8522167487684729,0.06403940886699508,0.5862068965517235,0.41379310344827586,0.7438423645320197,0.7536945812807881
June 2007,0.35053239426562177,Vietnam,0.38916256157635465,0.645320197044335,0.6009852216748768,0.4039408866995074,0.5960591133004927,0.22660098522167488
July 2007,0.4718061533226575,Vietnam,0.47783251231527096,0.5467980295566502,0.625615763546798,0.39901477832512317,0.5320197044334976,0.47783251231527096
August 2007,0.46358192152677646,Vietnam,0.8472906403940886,0.3251231527093596,0.6502463054187192,0.3842364532019705,0.4039408866995074,0.8472906403940886
September 2007,0.4219995456721124,Vietnam,0.18226600985221675,0.46798029556650245,0.6650246305418719,0.3793103448275862,0.6009852216748768,0.12807881773399016
October 2007,0.6605326832877932,Vietnam,0.9556650246305419,0.32019704433497537,0.6896551724137931,0.3694581280788177,0.5615763546798029,0.9704433497536946
November 2007,0.7871329541225852,Vietnam,0.9507389162561577,0.034482758620689655,0.7044334975369458,0.35467980295566504,0.20689655172413793,0.9310344827586207
December 2007,0.5559355232335942,Vietnam,0.23645320197044334,0.916256157635468,0.729064039408867,0.3448275862068966,0.4088669950738916,0.4827586206896552
January 2008,0.30944823923716597,Vietnam,0.778325123152709,0.35960591133004927,0.7093596059113301,0.33497536945812806,0.16748768472906403,0.6748768472906449
February 2008,0.5472081730209543,Vietnam,0.7241379310344829,0.0049261083743842365,0.6945812807881774,0.3251231527093596,0.12807881773398977,0.6354679802955665
March 2008,0.5907652494728562,Vietnam,0.6847290640394089,0.07389162561576337,0.6748768472906406,0.31527093596059114,0.3743842364532019,0.645320197044335
April 2008,0.6712158530625216,Vietnam,0.541871921182266,0.3054187192118227,0.6600985221674877,0.3054187192118227,0.5467980295566502,0.6009852216748768
May 2008,0.7974970367938322,Vietnam,0.9458128078817734,0.03940886699507389,0.6354679802955665,0.2955665024630542,0.5763546798029556,0.8275862068965517
June 2008,0.768457953221655,Vietnam,0.3694581280788177,0.2019704433497537,0.6157635467980296,0.2857142857142857,0.5812807881773399,0.8620689655172414
July 2008,0.7905949314973001,Vietnam,0.3793103448275862,0.3497536945812808,0.5911330049261084,0.270935960591133,0.3497536945812808,0.3251231527093596
August 2008,0.6231808802881208,Vietnam,0.270935960591133,0.35467980295566504,0.58128078817734,0.2660098522167488,0.6748768472906403,0.6403940886699507
September 2008,0.3853746351922397,Vietnam,0.39408866995073893,0.45812807881773404,0.5566502463054187,0.2561576354679803,0.2561576354679803,0.06896551724137931
October 2008,0.5067498517334705,Vietnam,0.35467980295566504,0.7487684729064036,0.541871921182266,0.24630541871921183,0.1330049261083744,0.729064039408867
November 2008,0.9271586782392987,Vietnam,0.9408866995073862,0.11822660098522167,0.5270935960591133,0.2413793103448276,0.10344827586206896,0.9359605911330049
December 2008,0.7598301499301026,Vietnam,0.812807881773399,0.15763546798029557,0.5073891625615748,0.22660098522167488,0.6502463054187192,0.7931034482758621
January 2009,0.3745074167622848,Vietnam,0.5320197044334976,0.019704433497536946,0.46798029556650245,0.2019704433497537,0.8571428571428572,0.7881773399014779
February 2009,0.4935197253964387,Vietnam,0.5073891625615764,0.9802955665024631,0.43842364532019706,0.21182266009852216,0.7536945812807881,0.6896551724137931
March 2009,0.5116498330044452,Vietnam,0.6995073891625616,0.6600985221674877,0.41379310344827586,0.1330049261083744,0.9753694581280788,0.625615763546798
April 2009,0.7219027159386062,Vietnam,0.9704433497536946,0.10837438423645321,0.37438423645320185,0.15270935960591134,0.7241379310344828,0.7192118226600985
May 2009,0.822191043604935,Vietnam,0.9014778325123153,0.029556650246305417,0.3497536945812808,0.13793103448275862,0.9064039408866995,0.8866995073891626
June 2009,0.7560282530732542,Vietnam,0.06896551724137931,0.5763546798029563,0.32019704433497537,0.15763546798029557,0.9162561576354682,0.4975369458128079
July 2009,0.8038163697036385,Vietnam,0.768472906403941,0.3891625615763542,0.29556650246305194,0.1477832512315271,0.1724137931034483,0.46798029556650245
August 2009,0.6971008346192332,Vietnam,0.1625615763546798,0.6945812807881774,0.23645320197044334,0.16748768472906403,0.7832512315270936,0.07881773399014778
September 2009,0.7018932006813371,Vietnam,1.0,0.5221674876847291,0.19211822660098524,0.18226600985221675,0.541871921182266,0.6798029556650247
October 2009,0.6487713069408824,Vietnam,0.059113300492610835,0.7142857142857143,0.18226600985221675,0.1724137931034483,0.46798029556650245,0.6945812807881774
November 2009,0.43475435355118475,Vietnam,0.2660098522167488,0.4088669950738916,0.16748768472906403,0.19211822660098524,0.49261083743842365,0.1330049261083744
December 2009,0.3587841377974949,Vietnam,0.13793103448275862,0.8817733990147784,0.15763546798029557,0.17733990147783252,0.2512315270935961,0.1625615763546798
January 2010,0.14842415974862916,Vietnam,0.8078817733990148,0.8916256157635495,0.17733990147783252,0.19704433497536947,0.7044334975369457,0.3054187192118227
February 2010,0.38377587236397515,Vietnam,0.35960591133004927,0.9950738916256158,0.2019704433497537,0.18719211822660098,0.9655172413793104,0.3448275862068966
March 2010,0.27833458520507687,Vietnam,0.33990147783251234,0.8719211822660097,0.2857142857142857,0.11822660098522167,0.3054187192118227,0.33004926108374383
April 2010,0.10805514244446211,Vietnam,0.3645320197044335,0.8226600985221675,0.33497536945812806,0.11330049261083744,0.0935960591133003,0.28078817733990147
May 2010,0.11281629227326151,Vietnam,0.09852216748768473,0.9655172413793104,0.3793103448275862,0.10837438423645321,0.35467980295566504,0.19704433497536947
June 2010,0.07512033782344708,Vietnam,0.43349753694581283,0.8522167487684729,0.4433497536945813,0.09852216748768473,0.4975369458128079,0.11822660098522167
July 2010,0.02365811431080401,Vietnam,0.7881773399014779,0.7339901477832512,0.4876847290640394,0.08374384236453201,0.4285714285714286,0.0049261083743842365
August 2010,0.1655025253100592,Vietnam,0.9261083743842364,0.25615763546798026,0.5714285714285714,0.07881773399014778,0.7635467980295566,0.009852216748768473
September 2010,0.043984084824144766,Vietnam,0.054187192118226604,0.7733990147783252,0.6551724137931032,0.07389162561576355,0.6108374384236454,0.014778325123152709
October 2010,0.1269322586819451,Vietnam,0.9753694581280788,0.22660098522167488,0.7241379310344831,0.059113300492610835,0.4433497536945813,0.9556650246305419
November 2010,0.41226825478805795,Vietnam,0.9901477832512314,0.16748768472906403,0.768472906403941,0.04926108374384237,0.15270935960591134,0.9950738916256158
December 2010,0.2686611222172467,Vietnam,0.32019704433497537,0.6502463054187192,0.812807881773399,0.034482758620689655,0.8423645320197047,0.5270935960591133
January 2011,999.0,Vietnam,0.7044334975369227,0.009852216748768473,0.8177339901477833,0.029556650246305417,0.009852216748768473,0.5615763546798029
February 2011,0.36283204652252216,Vietnam,0.3251231527093596,0.2315270935960591,0.8226600985221671,0.054187192118226604,0.054187192118226604,0.5073891625615764
March 2011,0.10116750139481978,Vietnam,0.9310344827586207,0.0,0.8275862068965517,0.03940886699507389,0.059113300492610835,0.5172413793103449
April 2011,0.179460106327745,Vietnam,0.4581280788177341,0.024630541871921183,0.8325123152709359,0.06403940886699508,0.08374384236453201,0.50246305418719
May 2011,0.3154837219747475,Vietnam,0.7635467980295566,0.07881773399014778,0.8374384236453202,0.06896551724137931,0.6600985221674877,0.4236453201970443
June 2011,999.0,Vietnam,0.7389162561576355,0.270935960591133,0.8423645320197044,0.09359605911330049,0.45320197044334976,0.3004926108374384
July 2011,0.8142663259633263,Vietnam,0.6600985221674877,0.3103448275862069,0.8472906403940886,0.10344827586206896,0.8177339901477833,0.3103448275862069
August 2011,0.9242716610486724,Vietnam,0.2315270935960591,0.31527093596059114,0.8522167487684729,0.12315270935960591,0.7783251231527094,0.8817733990147784
September 2011,0.8335413739988223,Vietnam,0.8669950738916257,0.28078817733990147,0.8571428571428572,0.14285714285714285,0.0,0.9605911330049262
October 2011,0.91627744192888,Vietnam,0.2955665024630537,0.21674876847290642,0.8620689655172414,0.1625615763546798,0.47783251231527096,0.9901477832512314
November 2011,0.9821893625137478,Vietnam,0.6748768472906403,0.7586206896551724,0.8669950738916257,0.21674876847290642,0.4482758620689655,0.896551724137931
December 2011,999.0,Vietnam,0.645320197044335,0.06896551724137931,0.8768472906403941,0.22167487684729065,0.029556650246305417,0.8226600985221675
January 2012,0.8982055592885195,Vietnam,0.7586206896551724,0.33497536945812806,0.7980295566502467,0.2315270935960591,0.11822660098522167,0.7832512315270936
January 2012,0.7079043670059058,Vietnam,0.7536945812807881,0.33004926108374383,0.8029556650246306,0.0,0.10837438423645321,0.7783251231527094
February 2012,0.8272376633241741,Vietnam,0.6108374384236454,0.37438423645320196,0.7783251231527093,0.0049261083743842365,0.3891625615763547,0.7487684729064035
March 2012,0.7791250075291127,Vietnam,0.7438423645320197,0.3842364532019705,0.7635467980295566,0.009852216748768473,0.6945812807881774,0.7142857142857143
April 2012,0.9462014766865857,Vietnam,0.8374384236453202,0.3694581280788177,0.7389162561576355,0.014778325123152709,0.8472906403940886,0.7635467980295566
May 2012,999.0,Vietnam,0.7142857142857143,0.4236453201970443,0.7142857142857143,0.019704433497536946,0.45812807881773726,0.6551724137931034
June 2012,0.677747813048155,Vietnam,0.5517241379310345,0.39901477832512317,0.6798029556650247,0.024630541871921183,0.3793103448275862,0.5763546798029556
July 2012,0.7386763214039684,Vietnam,0.4975369458128079,0.30049261083743845,0.6403940886699507,0.04433497536945813,0.625615763546798,0.2561576354679803
August 2012,0.6683468451795898,Vietnam,0.21182266009852216,0.5320197044334976,0.5960591133004886,0.08866995073891626,0.6305418719211823,0.054187192118226604
September 2012,0.5575961284887081,Vietnam,0.5566502463054187,0.13793103448275862,0.5517241379310345,0.12807881773399016,0.33004926108374383,0.8768472906403941
October 2012,999.0,Vietnam,0.014778325123152709,0.6847290640394089,0.5221674876847291,0.20689655172413793,0.7389162561576355,0.06403940886699508
November 2012,0.14285714285714285,Vietnam,0.08866995073891626,0.9458128078817734,0.4827586206896552,0.23645320197044334,0.896551724137931,0.08374384236453201
December 2012,0.34487778765510996,Vietnam,0.21674876847290642,0.9704433497536946,0.45812807881773404,0.2512315270935953,0.4876847290640394,0.16748768472906403
January 2013,0.18711536785292335,Vietnam,0.5763546798029557,0.41379310344827586,0.4482758620689655,0.26108374384236455,0.15763546798029557,0.31527093596059114
February 2013,0.2857142857142857,Vietnam,0.5812807881773399,0.9359605911330049,0.4236453201970443,0.28078817733990147,0.2660098522167488,0.3645320197044335
March 2013,999.0,Vietnam,0.5665024630541872,0.9113300492610837,0.4088669950738916,0.27586206896551724,0.8374384236453202,0.3497536945812808
April 2013,0.5305512320165214,Vietnam,0.8423645320197045,0.4039408866995074,0.38916256157635454,0.29064039408866993,0.41379310344827586,0.3694581280788177
May 2013,0.4764275154781452,Vietnam,0.5960591133004927,0.6009852216748769,0.3694581280788177,0.3004926108374384,0.8768472906403941,0.270935960591133
June 2013,0.13649046692823344,Vietnam,0.8620689655172414,0.19211822660098524,0.35467980295566504,0.3103448275862069,0.9014778325123153,0.2413793103448276
July 2013,0.65499789195164,Vietnam,0.9162561576354681,0.08866995073891626,0.33990147783251234,0.32019704433497537,0.4827586206896552,0.15763546798029557
August 2013,999.0,Vietnam,0.49261083743842365,0.24630541871921183,0.3251231527093596,0.33004926108374383,0.8669950738916257,0.458128078817734
September 2013,999.0,Vietnam,0.9113300492610837,0.18226600985221675,0.3054187192118227,0.33990147783251234,0.09852216748768473,0.8374384236453202
October 2013,0.7445143116604731,Vietnam,0.12807881773399016,0.17733990147783252,0.29064039408867104,0.3497536945812808,0.8325123152709359,0.9753694581280788
November 2013,0.7249227428744812,Vietnam,0.7980295566502463,0.5566502463054187,0.28078817733990147,0.35960591133004927,0.1625615763546798,0.7980295566502464
December 2013,0.5417934642711512,Vietnam,0.14778325123152708,0.014778325123152709,0.20689655172413793,0.3645320197044335,0.6354679802955665,0.4482758620689655
January 2014,0.5663446293080923,Vietnam,0.2512315270935961,0.04433497536945813,0.21182266009852216,0.37438423645320196,0.768472906403941,0.6600985221674877
February 2014,999.0,Vietnam,0.26108374384236455,0.12315270935960591,0.21674876847290642,0.3891625615763546,0.034482758620689655,0.5862068965517242
March 2014,0.6061389369358561,Vietnam,0.2857142857142857,0.6108374384236454,0.22167487684729065,0.39408866995073893,0.04433497536945813,0.5221674876847291
April 2014,0.8093346902182351,Vietnam,0.8325123152709359,0.5270935960591133,0.22660098522167488,0.4088669950738916,0.14285714285714285,0.5517241379310345
May 2014,0.6013757136934981,Vietnam,0.09359605911330049,0.8177339901477833,0.2315270935960591,0.4187192118226601,0.8719211822660099,0.2857142857142857
June 2014,0.4468569799412913,Vietnam,0.8029556650246306,0.625615763546798,0.2413793103448276,0.43349753694581283,0.39901477832512317,0.33990147783251234
July 2014,999.0,Vietnam,0.8719211822660097,0.2413793103448276,0.24630541871921183,0.43842364532019706,0.4729064039408867,0.9507389162561577
August 2014,0.8383832958703039,Vietnam,0.5714285714285714,0.43349753694581283,0.2512315270935961,0.45320197044334976,0.33990147783251234,0.9014778325123153
September 2014,0.5770450733718978,Vietnam,0.034482758620689655,0.6798029556650247,0.2561576354679803,0.4630541871921182,0.9211822660098522,0.17733990147783252
October 2014,0.48240885873477485,Vietnam,0.029556650246305417,0.6305418719211823,0.26108374384236455,0.47783251231527096,0.7980295566502466,0.10344827586206896
November 2014,0.3692974647978941,Vietnam,0.10837438423645321,0.8620689655172414,0.2660098522167488,0.4975369458128079,0.7192118226600985,0.13793103448275862
December 2014,999.0,Vietnam,0.8177339901477833,0.12807881773399016,0.270935960591133,0.5123152709359605,0.6699507389162561,0.6206896551724138
January 2015,0.689862088477874,Vietnam,0.4630541871921182,0.10344827586206896,0.3004926108374384,0.5270935960591133,0.7881773399014779,0.4876847290640394
February 2015,0.4592273333892516,Vietnam,0.41379310344827586,0.39408866995073893,0.33004926108374383,0.5467980295566502,0.2955665024630542,0.45320197044334976
March 2015,0.20690115460180564,Vietnam,0.3103448275862069,0.8275862068965517,0.35960591133004927,0.5517241379310345,0.8078817733990148,0.43349753694581283
April 2015,0.5174035375828806,Vietnam,0.18719211822658852,0.45320197044334976,0.39408866995073893,0.5714285714285714,0.6995073891625616,0.39901477832512317
April 2015,0.3220703488598611,Vietnam,0.17733990147783252,0.4482758620689655,0.4039408866995074,0.4729064039408867,0.6896551724137931,0.39408866995073893
May 2015,999.0,Vietnam,0.07389162561576355,0.9605911330049262,0.43349753694581283,0.4876847290640394,0.31527093596059114,0.21182266009852216
June 2015,999.0,Vietnam,0.2413793103448276,0.8472906403940886,0.4630541871921182,0.5024630541871922,0.5221674876847291,0.10837438423645321
July 2015,0.11862983393633675,Vietnam,0.6206896551724138,0.4285714285714286,0.5123152709359604,0.5221674876847291,0.2019704433497537,0.04926108374384237
August 2015,0.2630747874878876,Vietnam,0.27586206896551724,0.5960591133004927,0.5665024630541872,0.5369458128078818,0.9408866995073888,0.024630541871921183
September 2015,0.325828328607329,Vietnam,0.08374384236453201,0.7832512315270936,0.6108374384236454,0.5566502463054187,0.9261083743842364,0.029556650246305417
October 2015,999.0,Vietnam,0.03940886699507389,0.7635467980295566,0.6699507389162561,0.5763546798029556,0.9359605911330049,0.0
November 2015,999.0,Vietnam,0.16748768472906403,0.9753694581280788,0.7192118226600985,0.5862068965517239,0.9852216748768473,0.09852216748768473
December 2015,0.3343888170766629,Vietnam,0.4433497536945813,0.9014778325123153,0.7536945812807881,0.5960591133004925,0.9901477832512315,0.18719211822660084
January 2016,0.5227602328351761,Vietnam,0.6305418719211823,0.9556650246305419,0.7733990147783252,0.6059113300492611,0.5862068965517242,0.33497536945812806
February 2016,0.48798200852014567,Vietnam,0.4039408866995074,0.04926108374384237,0.7931034482758621,0.6206896551724138,0.8275862068965517,0.4187192118226601
March 2016,0.39130505757747186,Vietnam,0.14285714285714285,0.5369458128078818,0.8078817733990148,0.6354679802955665,0.21674876847290642,0.3793103448275862
April 2016,999.0,Vietnam,0.07881773399014778,1.0,0.8866995073891626,0.6502463054187192,0.21182266009852216,0.2512315270935961
May 2016,0.23931277529584027,Vietnam,0.24630541871921183,0.8866995073891626,0.896551724137931,0.6650246305418719,0.18226600985221675,0.23645320197044334
June 2016,0.0,Vietnam,0.33004926108374383,0.7192118226600985,0.9064039408866995,0.674876847290641,0.5024630541871922,0.1724137931034483
July 2016,0.19695565938714316,Vietnam,0.2561576354679799,0.6896551724137931,0.9211822660098522,0.6896551724137931,0.9507389162561577,0.22167487684729065
August 2016,0.17268561292262993,Vietnam,0.5369458128078818,0.7389162561576355,0.9310344827586207,0.6995073891625616,0.3004926108374384,0.019704433497536946
September 2016,999.0,Vietnam,0.28078817733990147,0.7241379310344828,0.9458128078817734,0.7093596059113301,0.3842364532019705,0.35960591133004927
October 2016,999.0,Vietnam,0.6896551724137931,0.812807881773399,0.9507389162561577,0.7192118226600985,0.4236453201970443,0.8078817733990148
November 2016,0.2265102932059848,Vietnam,0.7192118226600985,0.7980295566502464,0.9655172413793104,0.7339901477832512,0.9310344827586207,0.8571428571428572
December 2016,0.8867386443261207,Vietnam,0.9950738916256158,0.8078817733990148,0.9753694581280788,0.7438423645320197,0.3694581280788177,0.9802955665024631
January 2017,0.9519562862383083,Vietnam,0.8768472906403941,0.8374384236453202,0.9261083743842364,0.7536945812807881,0.6650246305418719,0.8522167487684729
February 2017,999.0,Vietnam,0.7339901477832512,0.08374384236453201,0.8719211822660099,0.768472906403941,0.9458128078817734,0.8177339901477833
March 2017,0.9397256057875034,Vietnam,0.7733990147783252,0.2660098522167488,0.7487684729064037,0.7733990147783252,0.8817733990147784,0.7093596059113301
April 2017,0.9595004194777169,Vietnam,0.6945812807881774,0.1330049261083744,0.6305418719211823,0.7881773399014779,0.5911330049261079,0.7044334975369458
May 2017,0.8571428571428572,Vietnam,0.9359605911330049,0.09852216748768473,0.49261083743842365,0.7980295566502464,0.645320197044335,0.6157635467980296
June 2017,0.9866057871115622,Vietnam,0.1724137931034483,0.5073891625615764,0.3990147783251232,0.8078817733990148,0.12315270935960591,0.4433497536945813
July 2017,999.0,Vietnam,0.9655172413793104,0.09359605911330043,0.31527093596059114,0.8226600985221673,0.13793103448275862,0.8669950738916257
August 2017,999.0,Vietnam,0.3497536945812808,0.5615763546798029,0.18719211822660098,0.8325123152709359,0.33497536945812806,0.768472906403941
September 2017,999.0,Vietnam,0.009852216748768473,0.8768472906403941,0.15270935960591134,0.8472906403940886,0.4630541871921182,0.12315270935960591
October 2017,999.0,Vietnam,0.3448275862068966,0.4827586206896552,0.13793103448275862,0.8571428571428572,0.28078817733990147,0.5369458128078818
November 2017,999.0,Vietnam,0.9605911330049262,0.6650246305418719,0.12315270935960591,0.8719211822660097,0.07389162561576355,0.8719211822660098
December 2017,999.0,Vietnam,0.822660098522167,0.1477832512315271,0.10344827586206896,0.8817733990147784,0.18719211822660062,0.7339901477832512
January 2018,999.0,Vietnam,0.6354679802955665,0.7438423645320197,0.09852216748768473,0.896551724137931,0.26108374384236455,0.724137931034483
February 2018,999.0,Vietnam,0.3054187192118227,0.054187192118226604,0.09359605911330046,0.9064039408866995,0.8620689655172414,0.6847290640394089
March 2018,999.0,Vietnam,0.5123152709359605,0.19704433497536947,0.08866995073891626,0.9162561576354681,0.9605911330049262,0.6995073891625616
April 2018,999.0,Vietnam,0.4088669950738916,0.15270935960591134,0.08374384236453201,0.9261083743842364,0.5123152709359569,0.5467980295566502
May 2018,999.0,Vietnam,0.22660098522167488,0.5714285714285714,0.07881773399014778,0.9408866995073888,0.8522167487684729,0.41379310344827586
June 2018,0.9030635883008785,Vietnam,0.4187192118226601,0.2857142857142857,0.06896551724137931,0.9507389162561577,0.014778325123152709,0.5960591133004927
July 2018,0.8946842645345087,Vietnam,0.9802955665024631,0.18719211822660087,0.06403940886699508,0.9655172413793104,0.0049261083743842365,0.9458128078817734
August 2018,999.0,Vietnam,0.8916256157635485,0.2955665024630541,0.059113300492610835,0.9753694581280788,0.14778325123152705,1.0
September 2018,999.0,Vietnam,0.04433497536945813,0.5812807881773399,0.054187192118226604,0.9802955665024631,0.8226600985221675,0.9261083743842364
October 2018,0.15443774988253506,Vietnam,0.0049261083743842365,0.704433497536945,0.04926108374384237,0.9852216748768473,0.5073891625615764,0.034482758620689655
November 2018,0.305099603408126,Vietnam,0.11822660098522167,0.9064039408866995,0.04433497536945813,0.9901477832512314,0.7487684729064029,0.059113300492610835
December 2018,0.5714285714285714,Vietnam,0.9064039408866995,0.9507389162561577,0.034482758620689655,0.9950738916256158,0.3103448275862069,0.7586206896551724
January 2019,0.6440682309590607,Vietnam,0.5911330049261084,0.7783251231527093,0.029556650246305417,1.0,0.27586206896551724,0.7733990147783252
April 2002,0.2955886989296404,Thailand,0.32019704433497537,0.7438423645320197,0.0,0.9704433497536946,0.13793103448275862,0.4285714285714286
May 2002,0.3634397925335139,Thailand,0.9753694581280788,0.18719211822660073,0.014778325123152709,0.9605911330049262,0.9408866995073882,0.5073891625615751
June 2002,999.0,Thailand,0.2561576354679803,0.5615763546798029,0.024630541871921183,0.9507389162561577,0.33990147783251234,0.4039408866995074
July 2002,999.0,Thailand,0.20689655172413793,0.6354679802955665,0.03940886699507389,0.9408866995073891,0.024630541871921183,0.4975369458128079
August 2002,0.7501284422166893,Thailand,0.8275862068965517,0.31527093596059114,0.04926108374384237,0.9359605911330049,0.12807881773399016,0.724137931034483
September 2002,0.9625238558837246,Thailand,0.7733990147783252,0.270935960591133,0.059113300492610835,0.9261083743842364,0.2857142857142857,0.9802955665024631
October 2002,0.9531494245217736,Thailand,0.08866995073891626,0.5665024630541872,0.07389162561576354,0.9162561576354681,0.4039408866995074,0.35960591133004927
November 2002,0.9458153328939464,Thailand,0.8226600985221673,0.5862068965517242,0.08374384236453201,0.9064039408866995,0.6847290640394089,0.8275862068965517
December 2002,0.9930366140487038,Thailand,0.768472906403941,0.9162561576354683,0.18226600985221675,0.896551724137931,0.8719211822660099,0.812807881773399
January 2003,0.9754237090248143,Thailand,0.5911330049261084,0.19211822660098524,0.16748768472906403,0.8916256157635468,0.9655172413793104,0.7733990147783252
February 2003,0.8091767248355457,Thailand,0.5024630541871922,0.43349753694581283,0.15763546798029557,0.8817733990147784,0.9310344827586207,0.7142857142857143
March 2003,0.9304212593054841,Thailand,0.9211822660098522,0.059113300492610835,0.14285714285714285,0.8719211822660096,0.9704433497536946,0.6305418719211823
April 2003,0.9050569494255086,Thailand,0.21182266009852216,0.768472906403941,0.13793103448275862,0.8620689655172414,0.9507389162561577,0.5221674876847291
May 2003,0.851925539374139,Thailand,0.18719211822660092,0.6748768472906405,0.1330049261083744,0.8522167487684729,0.7881773399014779,0.3743842364532019
June 2003,999.0,Thailand,0.4039408866995074,0.4433497536945813,0.12315270935960591,0.8472906403940886,0.625615763546798,0.2413793103448276
July 2003,0.8815998128734163,Thailand,0.5960591133004927,0.5714285714285714,0.11822660098522167,0.8374384236453202,0.9950738916256158,0.39408866995073893
August 2003,0.7568173217722899,Thailand,0.2019704433497537,0.6995073891625616,0.11330049261083744,0.8275862068965517,0.4975369458128079,0.034482758620689655
September 2003,0.8917667431951093,Thailand,0.26108374384236455,0.46798029556650245,0.10837438423645321,0.8177339901477833,0.8817733990147784,0.054187192118226604
October 2003,0.8396128884163787,Thailand,0.14285714285714285,0.6699507389162561,0.10344827586206896,0.8078817733990148,0.5615763546798029,0.06403940886699508
November 2003,0.5660222227207741,Thailand,0.09852216748768473,0.9261083743842364,0.09852216748768473,0.8029556650246306,0.41379310344827586,0.07389162561576355
December 2003,0.7625435974667493,Thailand,0.38916256157635465,0.49261083743842365,0.09359605911330049,0.7931034482758621,0.1330049261083744,0.22660098522167488
January 2004,0.5898401294840762,Thailand,0.4630541871921182,0.7881773399014779,0.12807881773399016,0.7832512315270936,0.11330049261083744,0.15270935960591134
February 2004,0.6011145053249366,Thailand,0.5812807881773399,0.1724137931034483,0.18719211822660084,0.7733990147783252,0.18719211822660098,0.270935960591133
March 2004,0.17248582860089906,Thailand,0.3103448275862069,0.8866995073891626,0.2315270935960591,0.7635467980295566,0.09852216748768473,0.2512315270935961
April 2004,0.46347435161312955,Thailand,0.33004926108374383,0.891625615763547,0.28078817733990147,0.7586206896551724,0.04926108374384237,0.26108374384236455
May 2004,0.6306971284202241,Thailand,0.8817733990147784,0.1477832512315271,0.3251231527093596,0.7487684729064037,0.645320197044335,0.3251231527093596
June 2004,0.9814571372721121,Thailand,0.8866995073891626,0.23645320197044334,0.3694581280788177,0.7389162561576355,0.7635467980295566,0.7536945812807881
July 2004,0.9598708578224887,Thailand,0.41379310344827586,0.35960591133004927,0.39901477832512317,0.7339901477832512,0.768472906403941,0.46798029556650245
August 2004,1.0,Thailand,0.1477832512315271,0.5024630541871922,0.4187192118226601,0.7241379310344829,0.6650246305418719,0.47783251231527096
September 2004,0.9880314777425786,Thailand,0.06896551724137931,0.47783251231527096,0.45812807881773415,0.7142857142857143,0.3645320197044335,0.729064039408867
October 2004,0.9102997986502396,Thailand,0.0,0.7142857142857143,0.4975369458128079,0.7044334975369458,0.11822660098522167,0.07881773399014778
November 2004,0.6148549252748651,Thailand,0.11330049261083744,0.9211822660098522,0.5369458128078818,0.6995073891625616,0.08374384236453201,0.04433497536945813
December 2004,0.48788023028438127,Thailand,0.2315270935960591,0.3891625615763544,0.5862068965517241,0.6896551724137931,0.06896551724137931,0.09359605911330045
January 2005,0.13179165834088558,Thailand,0.35960591133004927,0.8571428571428572,0.6108374384236454,0.6798029556650247,0.054187192118226604,0.10344827586206896
February 2005,0.13741524664938212,Thailand,0.3497536945812808,0.9852216748768473,0.6354679802955665,0.6748768472906406,0.06403940886699508,0.2019704433497537
March 2005,0.3241777727754602,Thailand,0.46798029556650245,0.3793103448275862,0.6551724137931032,0.6650246305418719,0.15270935960591134,0.27586206896551724
April 2005,0.18106879206700005,Thailand,0.5320197044334976,0.39408866995073893,0.6798029556650247,0.6600985221674877,0.5024630541871922,0.31527093596059114
May 2005,0.03594303417695969,Thailand,0.22660098522167488,0.812807881773399,0.7044334975369435,0.6502463054187192,0.2019704433497537,0.13793103448275862
June 2005,0.2857142857142857,Thailand,0.6798029556650247,0.4729064039408867,0.7241379310344828,0.645320197044335,0.07881773399014778,0.19211822660098524
July 2005,0.2684872565207373,Thailand,0.8177339901477833,0.5566502463054187,0.7487684729064038,0.6354679802955665,0.541871921182266,0.32019704433497537
August 2005,0.10826918627123472,Thailand,0.6650246305418719,0.5073891625615722,0.7635467980295566,0.6305418719211823,0.019704433497536946,0.43842364532019706
September 2005,0.23209756744452867,Thailand,0.4876847290640394,0.6009852216748769,0.7931034482758621,0.6206896551724138,0.5566502463054187,0.9310344827586207
October 2005,0.21503774925962751,Thailand,0.09359605911330035,0.6650246305418719,0.8177339901477833,0.6157635467980296,0.2955665024630542,0.7389162561576355
November 2005,0.4815744846560934,Thailand,0.8029556650246306,0.6502463054187192,0.8423645320197044,0.6059113300492611,0.5763546798029568,0.7339901477832512
December 2005,0.35521818719198694,Thailand,0.9852216748768473,0.26108374384236455,0.8571428571428572,0.6009852216748767,0.6600985221674877,0.9162561576354681
January 2006,0.47735208937176477,Thailand,0.43349753694581283,0.5960591133004925,0.8325123152709359,0.5911330049261084,0.4827586206896552,0.6995073891625616
February 2006,0.4226607014587462,Thailand,0.6995073891625616,0.645320197044335,0.8029556650246306,0.5812807881773407,0.43349753694581283,0.6847290640394089
March 2006,0.40460359573722576,Thailand,0.6699507389162561,0.7536945812807881,0.7832512315270936,0.5714285714285714,0.4433497536945813,0.541871921182266
April 2006,0.3278003185642946,Thailand,0.9359605911330049,0.06403940886699495,0.7586206896551724,0.5665024630541872,0.5714285714285714,0.5270935960591133
May 2006,0.5949742553044257,Thailand,0.9655172413793104,0.04433497536945813,0.7192118226600985,0.5517241379310345,0.8472906403940886,0.6748768472906405
June 2006,0.6499911808395273,Thailand,0.576354679802956,0.3103448275862069,0.6945812807881774,0.541871921182266,0.7241379310344828,0.8029556650246306
July 2006,0.6180464837696155,Thailand,0.8571428571428572,0.2413793103448276,0.6600985221674877,0.5320197044334976,0.8177339901477833,0.9261083743842364
August 2006,0.39176565704078803,Thailand,0.8078817733990148,0.3004926108374382,0.6403940886699507,0.5172413793103449,0.9605911330049262,0.9655172413793104
September 2006,0.44966256744731153,Thailand,0.22167487684729065,0.3497536945812808,0.5960591133004927,0.5024630541871922,0.31527093596059114,0.9753694581280788
October 2006,0.5418655275191728,Thailand,0.19704433497536947,0.6108374384236454,0.5714285714285714,0.4975369458128079,0.23645320197044334,0.9852216748768473
November 2006,0.3812745317775841,Thailand,0.054187192118226604,0.9556650246305419,0.5270935960591133,0.4827586206896552,0.2315270935960591,0.7093596059113301
December 2006,0.3986672807320651,Thailand,0.270935960591133,0.8226600985221673,0.5024630541871921,0.46798029556650245,0.21674876847290642,0.6157635467980296
January 2007,0.2767897800212088,Thailand,0.5270935960591133,0.591133004926107,0.5615763546798029,0.4581280788177348,0.25123152709359187,0.6945812807881774
February 2007,0.30516311384341516,Thailand,0.3645320197044335,0.4630541871921182,0.605911330049261,0.45320197044334976,0.19704433497536947,0.6798029556650247
March 2007,0.2428064840325162,Thailand,0.4285714285714286,0.7931034482758621,0.645320197044335,0.4433497536945813,0.14285714285714285,0.5566502463054187
April 2007,0.14820161414242472,Thailand,0.7487684729064038,0.3645320197044335,0.6896551724137931,0.43349753694581283,0.270935960591133,0.5172413793103449
May 2007,0.6408696408611613,Thailand,0.9950738916256158,0.019704433497536946,0.729064039408867,0.4285714285714286,0.458128078817734,0.8620689655172414
June 2007,0.5050520862877723,Thailand,0.541871921182266,0.7044334975369458,0.7783251231527093,0.4187192118226601,0.9901477832512314,0.6206896551724138
July 2007,0.3389243895187312,Thailand,0.6600985221674877,0.4482758620689655,0.8226600985221669,0.41379310344827586,0.9802955665024631,0.7586206896551724
August 2007,0.18932613396169584,Thailand,0.6305418719211823,0.5369458128078818,0.8620689655172414,0.4039408866995074,0.9359605911330049,0.15763546798029557
September 2007,0.02456444684999353,Thailand,0.11822660098522167,0.5517241379310345,0.8866995073891626,0.3990147783251232,0.5221674876847291,0.12315270935960591
October 2007,0.22574892970951732,Thailand,0.8325123152709359,0.2955665024630542,0.9113300492610837,0.38916256157635465,0.17733990147783252,0.8522167487684729
November 2007,0.07665701917353816,Thailand,0.47783251231527096,0.10344827586206896,0.9458128078817734,0.3793103448275862,0.3004926108374381,0.4482758620689655
December 2007,0.12453138366854001,Thailand,0.3054187192118227,0.9310344827586207,0.9704433497536946,0.37438423645320185,0.2660098522167488,0.33990147783251234
January 2008,0.14285714285714285,Thailand,0.5123152709359605,0.7783251231527094,0.9507389162561577,0.3645320197044335,0.1724137931034483,0.4088669950738916
February 2008,0.11051979713077473,Thailand,0.7438423645320197,0.07881773399014778,0.9211822660098522,0.35467980295566504,0.591133004926107,0.4729064039408867
March 2008,0.35428513607870965,Thailand,0.5615763546798029,0.14285714285714285,0.9014778325123153,0.3497536945812808,0.7389162561576355,0.38916256157635176
April 2008,0.3746916583179139,Thailand,0.9802955665024631,0.06896551724137931,0.8768472906403941,0.33990147783251234,0.812807881773399,0.3694581280788177
May 2008,0.7387252902010679,Thailand,0.8374384236453202,0.014778325123152709,0.8472906403940886,0.33497536945812806,0.9064039408866995,0.605911330049261
June 2008,0.724029164698706,Thailand,0.5369458128078818,0.17733990147783252,0.812807881773399,0.3251231527093596,0.7783251231527091,0.5763546798029558
July 2008,0.6390602277367089,Thailand,0.7931034482758621,0.16748768472906403,0.7733990147783252,0.31527093596059114,0.3743842364532019,0.2660098522167488
August 2008,0.2948388509484024,Thailand,0.35467980295566504,0.4187192118226601,0.7389162561576355,0.3054187192118227,0.5812807881773399,0.4433497536945813
September 2008,0.18413987113298638,Thailand,0.04926108374384237,0.5123152709359606,0.6995073891625616,0.3004926108374383,0.4482758620689655,0.18226600985221675
October 2008,0.0835634687040914,Thailand,0.31527093596059114,0.7093596059113301,0.6650246305418719,0.270935960591133,0.26108374384236455,0.3448275862068966
November 2008,0.20764706596608543,Thailand,0.8620689655172414,0.09852216748768473,0.625615763546798,0.2561576354679803,0.09359605911330049,0.896551724137931
December 2008,0.15526067478393135,Thailand,0.5221674876847291,0.08374384236453201,0.5911330049261079,0.23645320197044334,0.3054187192118227,0.6551724137931032
January 2009,0.2398874714741045,Thailand,0.39408866995073893,0.034482758620689655,0.5665024630541872,0.20689655172413793,0.3990147783251234,0.6108374384236454
February 2009,0.16084824687963878,Thailand,0.3743842364532019,0.9064039408866995,0.5566502463054187,0.21182266009852216,0.4187192118226601,0.4630541871921182
March 2009,0.2020122239785663,Thailand,0.8669950738916257,0.21182266009852216,0.5320197044334976,0.17733990147783252,0.7733990147783252,0.45320197044334976
April 2009,0.4586960092526727,Thailand,0.7536945812807881,0.08866995073891626,0.5172413793103449,0.18226600985221675,0.7438423645320197,0.49261083743842365
May 2009,0.3152869075899381,Thailand,0.9556650246305419,0.07389162561576355,0.5123152709359604,0.16748768472906403,0.6699507389162561,0.39901477832512317
June 2009,0.5186159623350837,Thailand,0.3448275862068966,0.2857142857142857,0.4876847290640394,0.1724137931034483,0.9556650246305419,0.3842364532019705
July 2009,0.30952563561250956,Thailand,0.5714285714285714,0.33497536945812806,0.4827586206896552,0.14285714285714285,0.6403940886699507,0.45812807881773465
August 2009,0.10234362808610833,Thailand,0.16748768472906403,0.8472906403940886,0.4630541871921182,0.1477832512315271,0.8866995073891626,0.3793103448275862
September 2009,0.04254935873051091,Thailand,0.10344827586206896,0.7733990147783252,0.45320197044334976,0.15270935960591134,0.33004926108374383,0.024630541871921183
October 2009,0.08891842094555208,Thailand,0.12315270935960591,0.8177339901477833,0.4433497536945813,0.12807881773399016,0.49261083743842365,0.28078817733990147
November 2009,0.05955100122633296,Thailand,0.1625615763546798,0.6600985221674877,0.4236453201970443,0.1330049261083744,0.32019704433497537,0.18719211822660098
December 2009,0.07128241199234141,Thailand,0.25123152709359414,0.896551724137931,0.41379310344827586,0.11822660098522167,0.15763546798029557,0.10837438423645321
January 2010,0.09455638073218789,Thailand,0.7142857142857143,0.9458128078817734,0.47783251231527096,0.12315270935960591,0.3251231527093596,0.2561576354679803
February 2010,0.11895574118357431,Thailand,0.3793103448275862,0.9408866995073891,0.5467980295566502,0.1625615763546798,0.6206896551724138,0.3054187192118227
March 2010,0.1663274845977242,Thailand,0.3004926108374384,0.8669950738916257,0.6157635467980296,0.13793103448275862,0.10837438423645321,0.2857142857142857
April 2010,0.05359111851476337,Thailand,0.13793103448275862,0.9802955665024631,0.6748768472906406,0.19211822660098524,0.04433497536945813,0.3497536945812808
May 2010,0.01571458904021441,Thailand,0.019704433497536946,0.9950738916256158,0.7339901477832512,0.19704433497536947,0.03940886699507389,0.1724137931034483
June 2010,0.011498492555700115,Thailand,0.15763546798029557,0.9605911330049262,0.7980295566502463,0.21674876847290642,0.18226600985221675,0.08866995073891626
July 2010,0.0,Thailand,0.4433497536945813,0.8275862068965517,0.8522167487684729,0.22660098522167488,0.39408866995073893,0.04926108374384237
August 2010,0.008651677598652504,Thailand,0.896551724137931,0.4827586206896552,0.896551724137931,0.2413793103448276,0.9113300492610837,0.11330049261083744
September 2010,0.029586655381786016,Thailand,0.08374384236453201,0.6206896551724138,0.9310344827586207,0.2512315270935961,0.5960591133004925,0.7438423645320197
October 2010,0.06738259352480334,Thailand,0.729064039408867,0.33990147783251234,0.9655172413793104,0.2660098522167488,0.8374384236453202,0.9704433497536946
November 2010,0.04706986569627613,Thailand,0.7586206896551724,0.4088669950738916,0.9901477832512311,0.27586206896551724,0.3793103448275862,0.9113300492610837
December 2010,0.21968440000358924,Thailand,0.9458128078817734,0.8522167487684729,1.0,0.2857142857142857,0.4630541871921182,0.8078817733990148
January 2011,999.0,Thailand,0.6551724137931034,0.11822660098522167,0.9852216748768473,0.2955665024630542,0.729064039408867,0.768472906403941
February 2011,0.25100178887269836,Thailand,0.4482758620689655,0.3448275862068966,0.9556650246305419,0.28078817733990147,0.7339901477832512,0.6502463054187192
March 2011,0.53541816711233,Thailand,1.0,0.0,0.9261083743842364,0.24630541871921183,0.9753694581280788,0.8916256157635808
April 2011,0.5714285714285714,Thailand,0.9507389162561577,0.0049261083743842365,0.8817733990147784,0.2315270935960591,1.0,0.8374384236453202
May 2011,0.7440585470990737,Thailand,0.9113300492610837,0.03940886699507389,0.8374384236453202,0.2019704433497537,0.8275862068965517,0.7980295566502463
June 2011,999.0,Thailand,0.6896551724137931,0.12315270935960591,0.768472906403941,0.15763546798029557,0.3448275862068966,0.8719211822660096
July 2011,0.803322776322077,Thailand,0.8423645320197045,0.29064039408866993,0.7142857142857143,0.11330049261083744,0.9852216748768473,0.9507389162561577
August 2011,0.8571428571428572,Thailand,0.7980295566502464,0.2561576354679803,0.6502463054187192,0.10344827586206896,0.5123152709359606,0.9901477832512314
September 2011,0.9214859304974571,Thailand,0.7389162561576355,0.2660098522167488,0.5812807881773399,0.09359605911330049,0.029556650246305417,1.0
October 2011,0.7734292163353244,Thailand,0.059113300492610835,0.37438423645320157,0.5073891625615763,0.08866995073891626,0.1625615763546798,0.9950738916256158
November 2011,0.88750522726102,Thailand,0.12807881773399013,0.6059113300492611,0.43842364532019706,0.07881773399014778,0.16748768472906403,0.8866995073891626
December 2011,999.0,Thailand,0.49261083743842365,0.3990147783251232,0.38916256157635437,0.06896551724137931,0.20689655172413793,0.8325123152709359
January 2012,0.6067443484760423,Thailand,0.9310344827586207,0.729064039408867,0.3793103448275862,0.059113300492610835,0.5467980295566502,0.9064039408866995
January 2012,0.6703080994639234,Thailand,0.9261083743842364,0.7241379310344828,0.37438423645320185,0.0,0.5320197044334976,0.9014778325123153
February 2012,0.7242699770513025,Thailand,0.645320197044335,0.7980295566502463,0.3645320197044335,0.0049261083743842365,0.7980295566502463,0.8177339901477833
March 2012,0.8723792744373289,Thailand,0.7635467980295566,0.2315270935960591,0.35467980295566504,0.009852216748768473,0.5517241379310345,0.6896551724137931
April 2012,0.817686274584508,Thailand,0.6206896551724138,0.2019704433497537,0.3448275862068966,0.014778325123152709,0.7931034482758621,0.6354679802955665
May 2012,999.0,Thailand,0.7192118226600985,0.13793103448275862,0.33497536945812806,0.019704433497536946,0.6009852216748769,0.6403940886699507
June 2012,0.8636341067125907,Thailand,0.21674876847290642,0.27586206896551724,0.33004926108374383,0.024630541871921183,0.1477832512315271,0.7832512315270936
July 2012,0.7305431104156508,Thailand,0.5467980295566502,0.18226600985221675,0.31527093596059114,0.029556650246305417,0.07389162561576355,0.8768472906403941
August 2012,0.7680283604990584,Thailand,0.19211822660098524,0.3251231527093596,0.3054187192118227,0.034482758620689655,0.08866995073891626,0.7881773399014779
September 2012,0.6621022653117847,Thailand,0.2857142857142857,0.3842364532019705,0.3004926108374384,0.03940886699507389,0.27586206896551724,0.9408866995073881
October 2012,999.0,Thailand,0.009852216748768473,0.7586206896551724,0.29064039408867004,0.04433497536945813,0.45320197044334976,0.35467980295566504
November 2012,0.5566938925466562,Thailand,0.7832512315270936,0.9655172413793104,0.2857142857142857,0.04926108374384237,0.4285714285714286,0.24630541871921183
December 2012,0.684728061168966,Thailand,0.625615763546798,0.9753694581280788,0.270935960591133,0.054187192118226604,0.8571428571428572,0.5615763546798029
January 2013,0.7838927330892796,Thailand,0.5665024630541872,0.7635467980295566,0.26108374384236455,0.06403940886699508,0.748768472906403,0.5123152709359605
February 2013,0.7928943997253137,Thailand,0.7241379310344828,0.9113300492610837,0.2512315270935961,0.07389162561576355,0.8029556650246306,0.5812807881773405
March 2013,999.0,Thailand,0.4088669950738916,0.43842364532019706,0.2413793103448276,0.08374384236453201,0.8669950738916257,0.43349753694581283
April 2013,0.52902086072193,Thailand,0.5172413793103449,0.7339901477832512,0.23645320197044334,0.09852216748768473,0.22167487684729065,0.4187192118226601
May 2013,0.411448207235618,Thailand,0.06403940886699508,0.8029556650246306,0.22167487684729065,0.10837438423645321,0.2413793103448276,0.3103448275862069
June 2013,0.4285714285714286,Thailand,0.5073891625615761,0.3694581280788177,0.21674876847290642,0.18719211822660098,0.8078817733990148,0.2955665024630541
July 2013,0.43441705848043954,Thailand,0.9408866995073891,0.15763546798029557,0.20689655172413793,0.22167487684729065,0.3497536945812808,0.7635467980295566
August 2013,999.0,Thailand,0.23645320197044334,0.32019704433497537,0.2019704433497537,0.26108374384236455,0.9458128078817734,0.5024630541871922
September 2013,999.0,Thailand,0.39901477832512317,0.35467980295566504,0.19211822660098524,0.2906403940886701,0.38916256157635465,0.9211822660098522
October 2013,0.5768855597056018,Thailand,0.15270935960591134,0.21674876847290642,0.17733990147783252,0.3103448275862069,0.3842364532019705,0.8669950738916257
November 2013,0.6251203227449096,Thailand,0.7044334975369457,0.7389162561576355,0.1625615763546798,0.32019704433497537,0.5369458128078818,0.7931034482758621
December 2013,0.6786108964678008,Thailand,0.45812807881773415,0.009852216748768473,0.15270935960591134,0.33004926108374383,0.9014778325123153,0.7192118226600985
January 2014,0.8714123299969855,Thailand,0.2660098522167488,0.024630541871921183,0.1724137931034483,0.3448275862068966,0.6305418719211823,0.5862068965517229
February 2014,999.0,Thailand,0.27586206896551724,0.24630541871921183,0.19704433497536947,0.35960591133004927,0.4876847290640394,0.5517241379310345
March 2014,0.512077442445293,Thailand,0.2413793103448276,0.6551724137931033,0.21182266009852216,0.3694581280788177,0.29064039408867,0.4236453201970443
April 2014,0.5565340743670608,Thailand,0.4975369458128079,0.4236453201970443,0.22660098522167488,0.3842364532019705,0.33497536945812806,0.41379310344827586
May 2014,0.44790540572213033,Thailand,0.1724137931034483,0.7832512315270936,0.24630541871921183,0.39408866995073893,0.5665024630541872,0.30049261083743845
June 2014,0.33139999211316085,Thailand,0.28078817733990147,0.6847290640394089,0.2561576354679803,0.4088669950738916,0.3103448275862069,0.14285714285714285
July 2014,999.0,Thailand,0.6748768472906406,0.4581280788177341,0.27586206896551724,0.4236453201970443,0.28078817733990147,0.23645320197044334
August 2014,0.2725576247309675,Thailand,0.586206896551724,0.33004926108374383,0.29556650246305416,0.43842364532019706,0.6502463054187192,0.06896551724137931
September 2014,0.388500835949929,Thailand,0.0049261083743842365,0.5812807881773399,0.3103448275862069,0.4482758620689655,0.8226600985221674,0.019704433497536946
October 2014,0.3686079906698109,Thailand,0.07881773399014778,0.5221674876847291,0.32019704433497537,0.4630541871921182,0.6551724137931026,0.009852216748768473
November 2014,0.5225297135240893,Thailand,0.6502463054187192,0.8078817733990148,0.33990147783251234,0.4729064039408867,0.674876847290641,0.09852216748768473
December 2014,999.0,Thailand,0.6354679802955665,0.8423645320197044,0.3497536945812808,0.4876847290640394,0.4088669950738916,0.2315270935960591
January 2015,0.4419393041892801,Thailand,0.7093596059113301,0.04926108374384237,0.3842364532019705,0.5073891625615763,0.2561576354679803,0.20689655172413793
February 2015,0.6955764319287091,Thailand,0.29064039408866993,0.1625615763546798,0.39408866995073893,0.5221674876847291,0.21182266009852216,0.21182266009852216
March 2015,0.6662614395650698,Thailand,0.45320197044334976,0.625615763546798,0.4088669950738916,0.5369458128078818,0.22660098522167488,0.19704433497536947
April 2015,0.49353635730216594,Thailand,0.5566502463054187,0.1330049261083744,0.43349753694581283,0.5566502463054187,0.4729064039408867,0.22167487684729065
April 2015,0.4699768731939432,Thailand,0.5517241379310345,0.12807881773399016,0.4285714285714286,0.47783251231527096,0.46798029556650245,0.21674876847290642
May 2015,999.0,Thailand,0.034482758620689655,0.8768472906403941,0.4482758620689655,0.49261083743842365,0.12315270935960591,0.1330049261083744
June 2015,999.0,Thailand,0.29556650246305416,0.8719211822660097,0.4729064039408867,0.5123152709359605,0.35960591133004927,0.059113300492610835
July 2015,0.5016355384874785,Thailand,0.8522167487684729,0.4975369458128079,0.49261083743842365,0.5270935960591133,0.034482758620689655,0.029556650246305417
August 2015,0.4154770455060542,Thailand,0.33990147783251234,0.4876847290640394,0.5221674876847291,0.5467980295566502,0.47783251231527096,0.014778325123152709
September 2015,0.19701320108196102,Thailand,0.029556650246305417,0.6896551724137931,0.5517241379310345,0.5615763546798029,0.6798029556650247,0.0049261083743842365
October 2015,999.0,Thailand,0.04433497536945813,0.6157635467980296,0.5763546798029611,0.5763546798029556,0.896551724137931,0.0
November 2015,999.0,Thailand,0.6009852216748768,0.9507389162561577,0.6009852216748768,0.5862068965517236,0.9211822660098522,0.03940886699507389
December 2015,0.2620514736517616,Thailand,0.6157635467980296,0.9359605911330049,0.6305418719211823,0.5960591133004925,0.6995073891625616,0.08374384236453201
January 2016,0.5845581964195736,Thailand,0.605911330049261,0.28078817733990147,0.6699507389162561,0.6108374384236454,0.3694581280788177,0.11822660098522167
February 2016,0.689703108026851,Thailand,0.4187192118226601,0.09359605911330046,0.7093596059113301,0.625615763546798,0.19211822660098524,0.17733990147783252
March 2016,0.3452387640123476,Thailand,0.17733990147783252,0.9014778325123153,0.7536945812807881,0.6403940886699507,0.10344827586206896,0.1477832512315271
April 2016,999.0,Thailand,0.024630541871921183,1.0,0.7881773399014779,0.6551724137931032,0.014778325123152709,0.1625615763546798
May 2016,0.25594542408910803,Thailand,0.18226600985221675,0.9901477832512154,0.8275862068965517,0.6699507389162561,0.0049261083743842365,0.12807881773399016
June 2016,0.7949112530117952,Thailand,0.6403940886699507,0.4285714285714286,0.8719211822660092,0.6847290640394089,0.059113300492610835,0.16748768472906403
July 2016,0.6544358110855385,Thailand,0.7339901477832512,0.4039408866995074,0.8916256157635469,0.6945812807881774,0.8916256157635469,0.5665024630541872
August 2016,0.5470149396946975,Thailand,0.24630541871921183,0.6305418719211823,0.916256157635468,0.7093596059113301,0.6059113300492611,0.3645320197044335
September 2016,999.0,Thailand,0.10837438423645321,0.5467980295566502,0.9408866995073891,0.7192118226600985,0.9162561576354685,0.5911330049261083
October 2016,999.0,Thailand,0.3694581280788177,0.7192118226600985,0.9605911330049262,0.729064039408867,0.8325123152709359,0.8472906403940886
November 2016,0.9358565767339504,Thailand,0.6847290640394089,0.8374384236453202,0.9802955665024631,0.7438423645320197,0.6354679802955665,0.5714285714285714
December 2016,0.8182381639226004,Thailand,0.9014778325123153,0.8817733990147784,0.9950738916256158,0.7536945812807881,0.6945812807881774,0.8423645320197047
January 2017,0.9174046653515914,Thailand,0.9901477832512303,0.5172413793103449,0.9753694581280788,0.768472906403941,0.8768472906403941,0.9556650246305419
February 2017,999.0,Thailand,0.3842364532019705,0.22167487684729065,0.9359605911330049,0.7783251231527094,0.7142857142857143,0.6650246305418719
March 2017,0.834204040677554,Thailand,0.43842364532019706,0.5320197044334976,0.9064039408866995,0.7881773399014779,0.6108374384236454,0.5467980295566502
April 2017,0.7142857142857143,Thailand,0.91625615763547,0.054187192118226604,0.8669950738916257,0.7980295566502497,0.6157635467980296,0.5960591133004927
May 2017,0.7064650796848796,Thailand,0.9704433497536946,0.20689655172413793,0.8078817733990148,0.812807881773399,0.4236453201970443,0.7044334975369456
June 2017,0.8448880235152685,Thailand,0.1330049261083744,0.41379310344827586,0.7438423645320197,0.8226600985221674,0.8522167487684729,0.625615763546798
July 2017,999.0,Thailand,0.9605911330049262,0.22660098522167488,0.6847290640394089,0.8325123152709359,0.7044334975369457,0.8571428571428572
August 2017,999.0,Thailand,0.33497536945812806,0.541871921182266,0.6206896551724138,0.8423645320200283,0.9261083743842364,0.7487684729064008
September 2017,999.0,Thailand,0.03940886699507389,0.8325123152709359,0.541871921182266,0.8571428571428572,0.43842364532019706,0.645320197044335
October 2017,999.0,Thailand,0.4729064039408867,0.5763546798029556,0.46798029556650245,0.8669950738916257,0.35467980295566504,0.9458128078817734
November 2017,999.0,Thailand,0.8768472906403941,0.6798029556650247,0.4039408866995074,0.8768472906403941,0.7832512315270936,0.8817733990147784
December 2017,999.0,Thailand,0.6945812807881774,0.45320197044334976,0.35960591133004927,0.8866995073891626,0.24630541871921183,0.8226600985221671
January 2018,999.0,Thailand,0.7783251231527093,0.5270935960591133,0.2660098522167488,0.9014778325123153,0.7586206896551724,0.7783251231527093
February 2018,999.0,Thailand,0.4827586206896552,0.10837438423645321,0.1477832512315271,0.9113300492610837,0.7536945812807881,0.6699507389162561
March 2018,999.0,Thailand,0.4236453201970443,0.15270935960591134,0.08866995073891626,0.9211822660098522,0.8423645320197045,0.5369458128078818
April 2018,999.0,Thailand,0.8472906403940886,0.029556650246305417,0.07881773399014778,0.9310344827586207,0.6896551724137931,0.4827586206896552
May 2018,999.0,Thailand,0.6108374384236454,0.11330049261083744,0.06896551724137931,0.9458128078817734,0.8620689655172414,0.4876847290640394
June 2018,0.9704272078754453,Thailand,0.8916256157635468,0.19704433497536947,0.06403940886699498,0.9556650246305419,0.5270935960591133,0.5320197044334976
July 2018,0.9407263352855484,Thailand,0.8719211822660097,0.3054187192118227,0.054187192118226604,0.9655172413793104,0.0,0.9605911330049262
August 2018,999.0,Thailand,0.9064039408866995,0.25123152709359603,0.04433497536945813,0.9753694581280788,0.009852216748768473,0.9359605911330049
September 2018,999.0,Thailand,0.014778325123152709,0.6403940886699507,0.034482758620689655,0.9802955665024631,0.5862068965517242,0.29064039408866993
October 2018,0.7037745552330287,Thailand,0.07389162561576355,0.6945812807881774,0.029556650246305417,0.9852216748768473,0.5172413793103449,0.33004926108374383
November 2018,0.8272355619432855,Thailand,0.3251231527093596,0.8620689655172414,0.019704433497536946,0.9901477832512314,0.5073891625615763,0.33497536945812806
December 2018,0.7826546388774235,Thailand,0.7881773399014779,0.9704433497536946,0.0049261083743842365,0.9950738916256158,0.7093596059113301,0.6009852216748761
January 2019,0.8980268100763172,Thailand,0.812807881773399,0.7487684729064039,0.009852216748768473,1.0,0.7192118226600985,0.6600985221674877
April 2002,0.9037371099615699,Australia,0.43349753694581283,0.8620689655172414,0.5960591133004925,1.0,0.7487684729064037,0.7093596059113301
May 2002,0.9262116786019595,Australia,0.3842364532019705,0.6206896551724138,0.4187192118226601,0.9950738916256158,0.5024630541871922,0.6896551724137931
June 2002,999.0,Australia,0.7783251231527094,0.5911330049261084,0.33004926108374383,0.9901477832512314,0.3497536945812808,0.5714285714285714
July 2002,999.0,Australia,0.28078817733990147,0.6305418719211823,0.2413793103448276,0.9852216748768473,0.03940886699507389,0.4581280788177341
August 2002,0.7790312953713172,Australia,0.14285714285714285,0.5566502463054187,0.15270935960591134,0.9802955665024631,0.0,0.13793103448275862
September 2002,0.8255651936566455,Australia,0.10837438423645321,0.6600985221674877,0.054187192118226604,0.9753694581280788,0.0049261083743842365,0.059113300492610835
October 2002,0.7301327392184335,Australia,0.06403940886699508,0.5221674876847291,0.03940886699507389,0.9704433497536946,0.059113300492610835,0.10344827586206896
November 2002,0.38680946011394285,Australia,0.3793103448275862,0.9507389162561577,0.019704433497536946,0.9655172413793104,0.3054187192118227,0.08866995073891626
December 2002,0.5418052298528037,Australia,0.5270935960591133,0.7586206896551724,0.0,0.9408866995073891,0.5566502463054187,0.21182266009852216
January 2003,0.7682212908608103,Australia,0.16748768472906403,0.7487684729064036,0.009852216748768473,0.896551724137931,0.5123152709359606,0.39408866995073893
February 2003,0.7389047307659131,Australia,0.6896551724137931,0.7980295566502463,0.029556650246305417,0.9014778325123153,0.4482758620689655,0.4827586206896552
March 2003,0.8029931539951418,Australia,0.3103448275862069,0.20689655172413793,0.04926108374384237,0.9064039408866995,0.33990147783251234,0.605911330049261
April 2003,0.6698617442480909,Australia,0.7635467980295566,0.4729064039408867,0.06896551724137931,0.9113300492610837,0.3694581280788177,0.6354679802955665
May 2003,0.8131276569705498,Australia,0.6305418719211823,0.6157635467980296,0.16748768472906403,0.9162561576354682,0.768472906403941,0.7339901477832512
June 2003,999.0,Australia,0.8423645320197044,0.7192118226600985,0.23645320197044334,0.9211822660098522,0.9064039408866995,0.6108374384236454
July 2003,0.7078614623255679,Australia,0.8275862068965517,0.4975369458128079,0.3103448275862069,0.9261083743842364,0.9014778325123153,0.6009852216748769
August 2003,0.8401234353296534,Australia,0.896551724137931,0.22660098522167488,0.39408866995073893,0.9310344827586207,0.9458128078817734,0.7733990147783252
September 2003,0.8869618415836669,Australia,0.17733990147783252,0.13793103448275862,0.4876847290640394,0.9359605911330049,0.9901477832512315,0.8226600985221674
October 2003,0.8990498055158054,Australia,0.270935960591133,0.0049261083743842365,0.6995073891625616,0.9458128078817734,1.0,0.6945812807881774
November 2003,0.7919110656488676,Australia,0.5517241379310345,0.5615763546798029,0.7931034482758621,0.9507389162561577,0.9113300492610837,0.645320197044335
December 2003,0.8677046328983624,Australia,0.9113300492610837,0.8669950738916257,0.8669950738916257,0.9556650246305419,0.7389162561576355,0.7487684729064037
January 2004,0.8662297963841974,Australia,0.3694581280788177,0.029556650246305417,0.8472906403940886,0.9605911330049262,0.729064039408867,0.6699507389162561
February 2004,0.6847214329706581,Australia,0.29556650246305405,0.7339901477832512,0.8275862068965517,0.8916256157635487,0.6600985221674877,0.7635467980295566
March 2004,0.6011670452817376,Australia,0.21674876847290642,0.46798029556650245,0.8177339901477833,0.8866995073891626,0.4827586206896552,0.6847290640394089
April 2004,0.39347289361103416,Australia,0.458128078817734,0.6699507389162561,0.7980295566502463,0.8817733990147784,0.41379310344827586,0.7536945812807881
May 2004,0.452743169690667,Australia,0.4187192118226601,0.19211822660098524,0.7733990147783252,0.8768472906403941,0.1625615763546798,0.5270935960591133
June 2004,0.6450030185950337,Australia,0.916256157635468,0.4827586206896552,0.7586206896551724,0.8669950738916257,0.16748768472906403,0.6502463054187192
July 2004,0.4041696424082386,Australia,0.4876847290640394,0.39901477832512317,0.7389162561576355,0.8374384236453202,0.21674876847290642,0.5073891625615763
August 2004,0.4649034800970934,Australia,0.645320197044335,0.5320197044334976,0.7093596059113301,0.8078817733990148,0.2955665024630542,0.3694581280788177
September 2004,0.6358876386143628,Australia,0.3054187192118227,0.39408866995073893,0.6650246305418719,0.729064039408867,0.8374384236453202,0.5763546798029557
October 2004,0.5662114070753936,Australia,0.034482758620689655,0.6995073891625616,0.5911330049261083,0.7093596059113301,0.7586206896551724,0.43349753694581283
November 2004,0.5355529900039994,Australia,0.9556650246305419,0.24630541871921183,0.541871921182266,0.6847290640394089,0.6502463054187192,0.7389162561576355
December 2004,0.7438448115835435,Australia,0.8522167487684729,0.21674876847290642,0.49261083743842365,0.6600985221674877,0.7832512315270936,0.7881773399014779
January 2005,0.7505613704066096,Australia,0.5467980295566502,0.270935960591133,0.5073891625615761,0.6502463054187192,0.7733990147783252,0.8719211822660099
February 2005,0.7565032155664709,Australia,0.9950738916256158,0.0,0.5172413793103449,0.6403940886699507,0.8817733990147784,0.896551724137931
March 2005,0.5714285714285714,Australia,0.30049261083743845,0.06403940886699508,0.5221674876847291,0.6305418719211823,0.812807881773399,0.5320197044334976
April 2005,0.6953052545679929,Australia,0.2660098522167488,0.9704433497536946,0.5369458128078818,0.6206896551724138,0.5862068965517242,0.4039408866995074
May 2005,0.5275248829489418,Australia,0.11822660098522167,0.625615763546798,0.5517241379310345,0.6108374384236454,0.17733990147783252,0.3251231527093596
June 2005,0.6086712424002069,Australia,0.9408866995073886,0.7881773399014779,0.5566502463054187,0.6009852216748763,0.024630541871921183,0.47783251231527096
July 2005,0.8125577784482911,Australia,0.5960591133004927,0.729064039408867,0.5714285714285714,0.5911330049261074,0.034482758620689655,0.6995073891625616
August 2005,0.720943190988858,Australia,0.8571428571428572,0.5812807881773409,0.5862068965517242,0.5763546798029557,0.22660098522167488,0.812807881773399
September 2005,0.7612444207740575,Australia,0.35960591133004927,0.45320197044334976,0.6108374384236454,0.5615763546798029,0.8620689655172414,0.674876847290641
October 2005,0.7977185466585259,Australia,0.6403940886699507,0.45812807881773426,0.6206896551724138,0.5517241379310345,0.9408866995073891,0.8374384236453202
November 2005,0.8222339504964326,Australia,0.6699507389162561,0.5862068965517233,0.6403940886699507,0.541871921182266,0.9211822660098522,0.9064039408866995
December 2005,0.7254986528831995,Australia,0.6059113300492603,0.6502463054187192,0.6600985221674877,0.5172413793103449,0.8029556650246306,0.8275862068965517
January 2006,0.4719033088201659,Australia,0.4088669950738916,0.9556650246305419,0.5467980295566502,0.4975369458128079,0.7536945812807881,0.6650246305418719
February 2006,0.4205999060615384,Australia,0.33004926108374383,0.3103448275862069,0.46798029556650245,0.4088669950738916,0.6059113300492608,0.5369458128078818
March 2006,0.3591452537048491,Australia,0.33990147783251234,0.8571428571428572,0.4236453201970443,0.3743842364532019,0.5369458128078818,0.46798029556650245
April 2006,0.33778813408135994,Australia,0.6551724137931033,0.009852216748768473,0.3891625615763547,0.33990147783251234,0.5172413793103449,0.5566502463054187
May 2006,0.39898174858324476,Australia,0.23645320197044334,0.1330049261083744,0.35467980295566504,0.2660098522167488,0.6699507389162561,0.5467980295566502
June 2006,0.33431952485491595,Australia,0.1625615763546798,0.09359605911330049,0.31527093596059114,0.2512315270935961,0.15270935960591134,0.26108374384236455
July 2006,0.29160161286397784,Australia,0.4630541871921182,0.6551724137931033,0.28078817733990147,0.2413793103448276,0.07389162561576355,0.29064039408867
August 2006,0.2379102055775514,Australia,0.11330049261083744,0.6354679802955665,0.25615763546798015,0.22660098522167488,0.04433497536945813,0.09359605911330049
September 2006,0.2654265916047605,Australia,0.07389162561576337,0.8325123152709359,0.20689655172413793,0.21182266009852216,0.07881773399014778,0.014778325123152709
October 2006,0.2536141564817128,Australia,0.0,0.916256157635468,0.18226600985221675,0.19704433497536947,0.009852216748768473,0.009852216748768473
November 2006,0.14786742493514907,Australia,0.26108374384236455,0.8719211822660031,0.13793103448275862,0.15763546798029557,0.18226600985221675,0.034482758620689655
December 2006,0.09616183842536932,Australia,0.18719211822660095,0.6650246305418719,0.08866995073891626,0.10837438423645321,0.4581280788177341,0.12315270935960591
January 2007,0.09951323580003522,Australia,0.6502463054187192,0.6748768472906407,0.1477832512315271,0.07389162561576355,0.3645320197044335,0.2561576354679803
February 2007,0.1838274746955899,Australia,0.4827586206896552,0.9753694581280788,0.18719211822660098,0.06896551724137931,0.2315270935960591,0.3645320197044335
March 2007,0.2511542320130766,Australia,0.7733990147783252,0.6009852216748769,0.22167487684729065,0.06403940886699508,0.21182266009852216,0.35960591133004927
April 2007,0.12687488907578484,Australia,0.5172413793103449,0.8226600985221674,0.26108374384236455,0.059113300492610835,0.12315270935960591,0.5123152709359606
May 2007,0.23168572165917176,Australia,0.9458128078817734,0.9113300492610837,0.29064039408867,0.04926108374384237,0.7192118226600985,0.5960591133004919
June 2007,0.2738640417788516,Australia,0.46798029556650245,0.12315270935960591,0.33990147783251234,0.04433497536945813,0.896551724137931,0.5812807881773401
July 2007,0.3499634216571912,Australia,0.6798029556650247,0.27586206896551724,0.3645320197044335,0.03940886699507389,0.8522167487684729,0.6403940886699507
August 2007,0.3013866966560765,Australia,0.12315270935960591,0.8374384236453202,0.4088669950738916,0.029556650246305417,0.7931034482758621,0.2512315270935959
September 2007,0.2661632464733981,Australia,0.054187192118226604,0.4876847290640394,0.45812807881773404,0.024630541871921183,0.23645320197044334,0.04926108374384237
October 2007,0.20747117012074345,Australia,0.04433497536945813,0.768472906403941,0.5123152709359606,0.014778325123152709,0.04926108374384237,0.024630541871921183
November 2007,0.1970097917861217,Australia,0.7536945812807881,0.9802955665024631,0.625615763546798,0.009852216748768473,0.14285714285714285,0.14285714285714285
December 2007,0.29887549488370685,Australia,0.9064039408866995,0.7832512315270936,0.729064039408867,0.0049261083743842365,0.2857142857142857,0.4630541871921182
January 2008,0.30995650437374234,Australia,0.7192118226600985,0.812807881773399,0.7241379310344828,0.0,0.5763546798029557,0.8325123152709359
February 2008,0.3154011220085498,Australia,0.41379310344827586,0.014778325123152709,0.7142857142857143,0.019704433497536946,0.6847290640394089,0.768472906403941
March 2008,0.21907996085967923,Australia,0.47783251231527096,0.8817733990147784,0.7044334975369455,0.034482758620689655,0.4187192118226601,0.7241379310344837
April 2008,0.243243489081106,Australia,0.35467980295566504,0.11330049261083744,0.6945812807881774,0.054187192118226604,0.28078817733990147,0.5221674876847291
May 2008,0.14285714285714285,Australia,0.3251231527093596,0.23645320197044334,0.6847290640394089,0.07881773399014778,0.2413793103448276,0.38916256157635465
June 2008,0.1543651945250975,Australia,0.4285714285714286,0.9211822660098522,0.6699507389162561,0.08374384236453201,0.20689655172413793,0.27586206896551724
July 2008,0.1083336080755805,Australia,0.7438423645320197,0.33004926108374383,0.6502463054187192,0.08866995073891626,0.18719211822660098,0.32019704433497537
August 2008,0.08327244587788372,Australia,0.4236453201970443,0.07881773399014778,0.6354679802955665,0.09359605911330049,0.2019704433497537,0.1330049261083744
September 2008,0.06672567698203763,Australia,0.014778325123152709,0.5763546798029558,0.6157635467980296,0.09852216748768473,0.12807881773399016,0.04433497536945813
October 2008,0.08899724166047461,Australia,0.0049261083743842365,0.9064039408866995,0.6009852216748768,0.10344827586206896,0.029556650246305417,0.08374384236453201
November 2008,0.11082626642849991,Australia,0.8866995073891626,0.2857142857142857,0.58128078817734,0.11330049261083744,0.11822660098522167,0.20689655172413793
December 2008,0.13039750948833584,Australia,0.8325123152709359,0.03940886699507389,0.5665024630541872,0.11822660098522167,0.6009852216748769,0.4975369458128079
January 2009,0.03603819233327158,Australia,0.22167487684729065,0.891625615763547,0.6748768472906403,0.12315270935960591,0.4876847290640394,0.541871921182266
February 2009,0.046378463342732525,Australia,0.15270935960591134,0.8029556650246306,0.7339901477832512,0.12807881773399016,0.29064039408866993,0.37438423645320196
March 2009,0.07411448513748793,Australia,0.6157635467980296,0.3645320197044335,0.7536945812807881,0.1330049261083744,0.19211822660098524,0.5517241379310345
April 2009,0.053365981989890954,Australia,0.7586206896551724,0.2413793103448276,0.7832512315270936,0.13793103448275862,0.10837438423645321,0.4236453201970443
May 2009,0.029676649033880176,Australia,0.15763546798029557,0.5665024630541872,0.812807881773399,0.14285714285714285,0.10344827586206896,0.4729064039408867
June 2009,0.07380766994178989,Australia,0.6995073891625616,0.43349753694581283,0.8325123152709359,0.1477832512315271,0.3793103448275862,0.43842364532019706
July 2009,0.024384444434037134,Australia,0.43842364532019706,0.5172413793103449,0.8620689655172414,0.15270935960591134,0.8325123152709359,0.4433497536945813
August 2009,0.04264564278172879,Australia,0.6650246305418719,0.7536945812807881,0.8817733990147784,0.1625615763546798,0.8916256157635468,0.11330049261083744
September 2009,0.0,Australia,0.2561576354679803,0.5270935960591133,0.896551724137931,0.16748768472906403,0.6798029556650247,0.07881773399014778
October 2009,0.05961792411404688,Australia,0.09852216748768473,0.28078817733990147,0.916256157635468,0.1724137931034483,0.4729064039408867,0.19211822660098524
November 2009,0.013946738209903161,Australia,0.7931034482758621,1.0,0.9211822660098522,0.17733990147783252,0.24630541871921183,0.15763546798029557
December 2009,0.005458184968637442,Australia,0.3497536945812808,0.6798029556650247,0.9261083743842364,0.18226600985221675,0.35960591133004927,0.4088669950738916
January 2010,0.01629585012363185,Australia,0.4039408866995074,0.7142857142857143,0.9359605911330049,0.18719211822660078,0.5270935960591133,0.3842364532019705
February 2010,0.11864769221353397,Australia,0.9507389162561577,0.7635467980295566,0.940886699507389,0.19211822660098524,0.5960591133004925,0.8472906403940886
March 2010,0.2141959203883631,Australia,0.9753694581280788,0.4039408866995074,0.9458128078817734,0.2019704433497537,0.8768472906403941,0.9113300492610837
April 2010,0.16731517067980842,Australia,0.7487684729064038,0.6896551724137931,0.9556650246305419,0.20689655172413793,0.8866995073891626,0.9162561576354691
May 2010,0.18880708041408734,Australia,0.5221674876847291,0.4482758620689655,0.9605911330049262,0.21674876847290642,0.7339901477832512,0.7586206896551724
June 2010,0.28045933783516996,Australia,0.5369458128078818,0.3448275862068966,0.9655172413793104,0.22167487684729065,0.7438423645320197,0.625615763546798
July 2010,0.22656292031776734,Australia,0.6600985221674877,0.43842364532019706,0.9704433497536946,0.2315270935960591,0.6945812807881774,0.6157635467980296
August 2010,0.3466031771994711,Australia,0.9261083743842364,0.11822660098522167,0.9802955665024631,0.23645320197044334,0.7142857142857143,0.8669950738916257
September 2010,0.4881884870487949,Australia,0.2413793103448276,0.08374384236453201,0.9852216748768473,0.24630541871921183,0.8078817733990148,0.9507389162561577
October 2010,0.4987760547253247,Australia,0.9211822660098522,0.29064039408866993,0.9901477832512314,0.2561576354679796,0.9310344827586207,0.9458128078817734
November 2010,0.5927298517927512,Australia,0.9704433497536946,0.38916256157635465,0.9950738916256158,0.26108374384236455,0.9655172413793104,0.9655172413793104
December 2010,0.916292208693981,Australia,0.9359605911330049,0.04926108374384237,1.0,0.270935960591133,0.8275862068965517,0.9802955665024631
January 2011,999.0,Australia,0.9901477832512315,0.3054187192118227,0.9753694581280788,0.27586206896551724,0.8669950738916257,0.9901477832512314
February 2011,0.9818903217503834,Australia,1.0,0.04433497536945813,0.9507389162561577,0.28078817733990147,0.9852216748768473,0.9852216748768473
March 2011,0.9892617260174904,Australia,0.8177339901477833,0.034482758620689655,0.9310344827586207,0.2857142857142857,0.9556650246305419,0.9605911330049262
April 2011,0.9680880228809952,Australia,0.5665024630541872,0.07389162561576353,0.9064039408866995,0.29064039408866993,0.8423645320197048,0.9261083743842364
May 2011,0.9757413049997854,Australia,0.3448275862068966,0.054187192118226604,0.8522167487684729,0.2955665024630542,0.6650246305418719,0.8768472906403941
June 2011,999.0,Australia,0.29064039408867,0.4187192118226601,0.7783251231527093,0.30049261083743845,0.19704433497536947,0.778325123152709
July 2011,0.9482155930628672,Australia,0.5862068965517242,0.4285714285714286,0.6798029556650247,0.3054187192118227,0.06403940886699508,0.7980295566502467
August 2011,0.9518104980877415,Australia,0.4729064039408867,0.7931034482758621,0.4729064039408867,0.3103448275862069,0.054187192118226604,0.7192118226600985
September 2011,0.8945375095451132,Australia,0.21182266009852216,0.5714285714285714,0.3842364532019705,0.31527093596059114,0.06896551724137931,0.5024630541871913
October 2011,0.9255598444855244,Australia,0.059113300492610835,0.5073891625615764,0.3054187192118227,0.32019704433497537,0.4630541871921182,0.5615763546798029
November 2011,0.911280527308385,Australia,0.9655172413793104,0.8275862068965517,0.2315270935960591,0.3251231527093596,0.5911330049261082,0.7832512315270936
December 2011,999.0,Australia,0.6206896551724138,0.2512315270935961,0.1724137931034483,0.33004926108374383,0.6995073891625616,0.8522167487684729
January 2012,0.8786321814609057,Australia,0.7093596059113301,0.3842364532019705,0.1625615763546798,0.33497536945812806,0.7241379310344828,0.9408866995073714
January 2012,0.8747047624624362,Australia,0.7044334975369458,0.37438423645320196,0.15763546798029557,0.3448275862068966,0.7093596059113301,0.9359605911330049
February 2012,0.8513966506110644,Australia,0.9852216748768473,0.15270935960591134,0.14285714285714285,0.3497536945812808,0.6896551724137931,0.8866995073891626
March 2012,1.0,Australia,0.8916256157635468,0.024630541871921183,0.12807881773399016,0.35467980295566504,0.9359605911330049,0.9950738916256158
April 2012,0.9919379690540451,Australia,0.37438423645320157,0.33497536945812806,0.12315270935960591,0.35960591133004927,0.916256157635468,0.9556650246305419
May 2012,999.0,Australia,0.31527093596059114,0.10837438423645321,0.11330049261083744,0.3645320197044335,0.7635467980295566,0.8620689655172414
June 2012,0.9653131756046014,Australia,0.674876847290641,0.26108374384236455,0.10837438423645321,0.3694581280788177,0.39408866995073893,0.8423645320197045
July 2012,0.9568820762541204,Australia,0.6847290640394089,0.4236453201970443,0.10344827586206896,0.3793103448275862,0.11330049261083744,0.9014778325123153
August 2012,0.940839623175139,Australia,0.5714285714285714,0.21182266009852216,0.09359605911330049,0.3842364532019705,0.09359605911330043,0.8817733990147784
September 2012,0.9334120797343581,Australia,0.08866995073891626,0.4433497536945813,0.08374384236453201,0.38916256157635465,0.2660098522167488,0.5862068965517241
October 2012,999.0,Australia,0.04926108374384237,0.3251231527093596,0.07881773399014778,0.39408866995073893,0.6206896551724138,0.33497536945812806
November 2012,0.6234183114236145,Australia,0.20689655172413793,0.9014778325123153,0.07389162561576355,0.3990147783251232,0.43349753694581283,0.2660098522167488
December 2012,0.6113023499700897,Australia,0.3645320197044335,0.5369458128078818,0.06403940886699508,0.4039408866995074,0.5665024630541872,0.2315270935960591
January 2013,0.5510624827321299,Australia,0.19211822660098524,0.7389162561576355,0.09852216748768473,0.4729064039408867,0.4039408866995074,0.23645320197044334
February 2013,0.37989517731815997,Australia,0.7339901477832512,0.8423645320197045,0.1330049261083744,0.46798029556650245,0.3743842364532017,0.33990147783251234
March 2013,999.0,Australia,0.625615763546798,0.6847290640394089,0.17733990147783252,0.4630541871921182,0.39901477832512333,0.8078817733990148
April 2013,0.47342950401112166,Australia,0.18226600985221675,0.49261083743842365,0.19704433497536947,0.458128078817734,0.4285714285714286,0.7931034482758621
May 2013,0.44536786208888884,Australia,0.724137931034483,0.32019704433497537,0.21674876847290642,0.45320197044334976,0.15763546798029557,0.4187192118226601
June 2013,0.8454184876771449,Australia,0.6354679802955665,0.35960591133004927,0.24630541871921183,0.4482758620689655,0.22167487684729065,0.6305418719211823
July 2013,0.8571428571428572,Australia,0.8472906403940886,0.7438423645320197,0.270935960591133,0.4433497536945813,0.6551724137931028,0.5911330049261084
August 2013,999.0,Australia,0.8620689655172414,0.6403940886699507,0.2955665024630541,0.43842364532019706,0.7044334975369437,0.6798029556650247
September 2013,999.0,Australia,0.19704433497536947,0.9261083743842364,0.3251231527093596,0.43349753694581283,0.8571428571428572,0.41379310344827586
October 2013,0.6700742325229526,Australia,0.06896551724137931,0.17733990147783252,0.3497536945812808,0.4285714285714286,0.7980295566503688,0.3448275862068966
November 2013,0.48228175112135374,Australia,0.22660098522167488,0.1477832512315271,0.3694581280788177,0.4236453201970443,0.5615763546798029,0.1625615763546798
December 2013,0.45834432768388783,Australia,0.5911330049261082,0.5517241379310345,0.4039408866995074,0.4187192118226601,0.4433497536945813,0.270935960591133
January 2014,0.44161216580384577,Australia,0.32019704433497537,0.8472906403940886,0.41379310344827586,0.41379310344827586,0.45320197044334976,0.22167487684729065
February 2014,999.0,Australia,0.3891625615763547,0.7733990147783252,0.43842364532019706,0.47783251231527096,0.3842364532019705,0.24630541871921183
March 2014,0.4338544904122456,Australia,0.8226600985221674,0.5024630541871921,0.4482758620689655,0.4827586206896552,0.49261083743842365,0.3497536945812808
April 2014,0.5908461636071995,Australia,0.9014778325123153,0.3694581280788177,0.4630541871921182,0.4876847290640394,0.8719211822660099,0.7438423645320197
May 2014,0.7142857142857143,Australia,0.7389162561576355,0.8078817733990148,0.4827586206896552,0.49261083743842365,0.9753694581280788,0.8571428571428572
June 2014,0.7834323927502929,Australia,0.7832512315270936,0.7093596059113301,0.4975369458128079,0.5024630541871921,0.9950738916256158,0.6600985221674877
July 2014,999.0,Australia,0.5615763546798029,0.4630541871921182,0.5270935960591133,0.5073891625615763,0.9704433497536946,0.7044334975369454
August 2014,0.7024775902583662,Australia,0.07881773399014778,0.35467980295566504,0.5615763546798029,0.5123152709359605,0.7881773399014779,0.33004926108374383
September 2014,0.6898389853780273,Australia,0.10344827586206896,0.5960591133004924,0.6059113300492611,0.5221674876847291,0.4975369458128079,0.21674876847290642
October 2014,0.5203763158132536,Australia,0.029556650246305417,0.9310344827586207,0.6551724137931016,0.5270935960591133,0.35467980295566504,0.07389162561576355
November 2014,0.414516894202461,Australia,0.39408866995073893,0.8768472906403941,0.6896551724137931,0.5320197044334976,0.25615763546798026,0.06896551724137931
December 2014,999.0,Australia,0.5073891625615763,0.6059113300492607,0.7192118226600985,0.5369458128078818,0.43842364532019706,0.11822660098522167
January 2015,0.5232851385714228,Australia,0.812807881773399,0.1625615763546798,0.6305418719211823,0.5467980295566502,0.541871921182266,0.39901477832512317
February 2015,0.6517229839257895,Australia,0.6108374384236454,0.7783251231527066,0.5320197044334976,0.5566502463054187,0.5320197044334976,0.45320197044334976
March 2015,0.4285714285714286,Australia,0.1477832512315271,0.06896551724137931,0.47783251231527096,0.5665024630541872,0.3251231527093596,0.2857142857142857
April 2015,0.37481381817535175,Australia,0.8078817733990148,0.09852216748768473,0.4433497536945813,0.5714285714285714,0.27586206896551724,0.31527093596059114
April 2015,0.511555111084156,Australia,0.8029556650246306,0.08866995073891626,0.4285714285714286,0.5812807881773399,0.270935960591133,0.3054187192118227
May 2015,999.0,Australia,0.49261083743842365,0.2561576354679803,0.3990147783251232,0.5862068965517242,0.32019704433497537,0.5665024630541872
June 2015,999.0,Australia,0.2512315270935961,0.22167487684729065,0.35960591133004927,0.5960591133004927,0.33497536945812806,0.4285714285714286
July 2015,0.5828436517263668,Australia,0.6009852216748769,0.19704433497536947,0.3448275862068966,0.6059113300492611,0.30049261083743845,0.4482758620689655
August 2015,0.4958313919150082,Australia,0.27586206896551724,0.2315270935960591,0.30049261083743845,0.6157635467980296,0.4236453201970443,0.35467980295566504
September 2015,0.5778346026218453,Australia,0.019704433497536946,0.30049261083743833,0.27586206896551724,0.625615763546798,0.3448275862068966,0.2019704433497537
October 2015,999.0,Australia,0.024630541871921183,0.9950738916256158,0.25123152709359603,0.6354679802955665,0.08374384236453201,0.019704433497536946
November 2015,999.0,Australia,0.6945812807881774,0.8177339901477833,0.21182266009852216,0.645320197044335,0.1330049261083744,0.12807881773399016
December 2015,0.3693751158278554,Australia,0.2857142857142857,0.9852216748768473,0.19211822660098524,0.6551724137931032,0.3891625615763544,0.1477832512315271
January 2016,0.36192901417697537,Australia,0.8817733990147784,0.3793103448275862,0.22660098522167488,0.6650246305418719,0.507389162561576,0.19704433497536947
February 2016,0.3233912014004834,Australia,0.1330049261083744,0.5123152709359605,0.2857142857142857,0.6699507389162561,0.47783251231527096,0.5172413793103449
March 2016,0.3258763895530099,Australia,0.4975369458128079,0.9458128078817734,0.33497536945812806,0.6748768472906405,0.3103448275862069,0.2955665024630542
April 2016,999.0,Australia,0.4433497536945813,0.8522167487684729,0.37438423645320185,0.6798029556650247,0.26108374384236455,0.17733990147783252
May 2016,0.41363019569462217,Australia,0.8719211822660098,0.6945812807881774,0.43349753694581283,0.6896551724137931,0.6748768472906406,0.4876847290640394
June 2016,0.5062867285012176,Australia,0.9310344827586207,0.33990147783251234,0.5024630541871921,0.6945812807881774,0.8177339901477833,0.729064039408867
July 2016,0.6499472156807897,Australia,0.8768472906403941,0.7241379310344837,0.645320197044335,0.6995073891625616,0.9802955665024631,0.9211822660098522
August 2016,0.6325161262799021,Australia,0.7142857142857143,0.41379310344827586,0.7487684729064037,0.7044334975369458,0.9507389162561577,0.9310344827586207
September 2016,999.0,Australia,0.9802955665024631,0.2660098522167488,0.8029556650246306,0.7142857142857143,0.9605911330049262,0.9704433497536946
October 2016,999.0,Australia,0.24630541871921183,0.019704433497536946,0.8423645320197044,0.7192118226600985,0.9261083743842364,1.0
November 2016,0.6792533508566464,Australia,0.5763546798029557,0.14285714285714285,0.8866995073891626,0.7241379310344831,0.8226600985221674,0.9753694581280788
December 2016,0.8335558995458825,Australia,0.768472906403941,0.645320197044335,0.9113300492610837,0.7339901477832512,0.6403940886699507,0.8916256157635468
January 2017,0.5587540622602133,Australia,0.5123152709359606,0.541871921182266,0.9014778325123153,0.7389162561576355,0.5714285714285714,0.7142857142857143
February 2017,999.0,Australia,0.729064039408867,0.10344827586206896,0.8916256157635469,0.7438423645320197,0.6157635467980296,0.6206896551724138
March 2017,0.660200778005771,Australia,0.5566502463054187,0.9408866995073889,0.8768472906403941,0.7487684729064039,0.5467980295566502,0.30049261083743833
April 2017,0.6203479451798448,Australia,0.8669950738916257,0.2955665024630542,0.8719211822660096,0.7536945812807881,0.625615763546798,0.8029556650246306
May 2017,0.7779706713658257,Australia,0.45320197044334976,0.1871921182266007,0.8571428571428572,0.7586206896551724,0.8472906403940886,0.8177339901477833
June 2017,0.5518321693348907,Australia,0.09359605911330049,0.059113300492610835,0.8374384236453202,0.7635467980295566,0.7783251231527093,0.49261083743842365
July 2017,999.0,Australia,0.3990147783251232,0.1724137931034483,0.8226600985221675,0.768472906403941,0.5517241379310345,0.16748768472906403
August 2017,999.0,Australia,0.7980295566502467,0.12807881773399016,0.8078817733990148,0.7733990147783252,0.645320197044335,0.3793103448275862
September 2017,999.0,Australia,0.08374384236453201,0.18226600985221675,0.7881773399014779,0.7783251231527094,0.6108374384236454,0.10837438423645321
October 2017,999.0,Australia,0.12807881773399016,0.7044334975369457,0.768472906403941,0.7832512315270936,0.6305418719211823,0.03940886699507389
November 2017,999.0,Australia,0.58128078817734,0.9655172413793104,0.7635467980295566,0.7881773399014779,0.46798029556650245,0.3103448275862069
December 2017,999.0,Australia,0.9605911330049262,0.6108374384236454,0.7438423645320197,0.7931034482758621,0.5812807881773399,0.6551724137931034
January 2018,999.0,Australia,0.5024630541871922,0.896551724137931,0.5763546798029556,0.7980295566502463,0.6354679802955665,0.2413793103448276
February 2018,999.0,Australia,0.1724137931034483,0.5467980295566502,0.45320197044334976,0.8029556650246306,0.5221674876847291,0.18719211822660098
March 2018,999.0,Australia,0.2315270935960591,0.47783251231527096,0.3793103448275862,0.812807881773399,0.33004926108374383,0.15270935960591134
April 2018,999.0,Australia,0.2019704433497537,0.9359605911330049,0.32019704433497537,0.8177339901477833,0.251231527093596,0.28078817733990147
May 2018,999.0,Australia,0.4482758620689655,0.4088669950738916,0.2660098522167488,0.8226600985221674,0.1724137931034483,0.22660098522167488
June 2018,0.20223050045664384,Australia,0.5320197044334976,0.16748768472906403,0.2019704433497537,0.8275862068965517,0.09852216748768473,0.1724137931034483
July 2018,0.17247956854560823,Australia,0.33497536945812806,0.3497536945812808,0.11822660098522167,0.8325123152709359,0.1477832512315271,0.06403940886699508
August 2018,999.0,Australia,0.541871921182266,0.15763546798029557,0.059113300492610835,0.8423645320197044,0.08866995073891626,0.029556650246305417
September 2018,999.0,Australia,0.009852216748768473,0.2019704433497537,0.04433497536945813,0.8472906403940886,0.014778325123152709,0.0
October 2018,0.16134433563231707,Australia,0.03940886699507389,0.8866995073891626,0.034482758620689655,0.8522167487684729,0.019704433497536946,0.0049261083743842365
November 2018,0.13672598710188222,Australia,0.7881773399014779,0.31527093596059114,0.024630541871921183,0.8571428571428572,0.13793103448275862,0.054187192118226604
December 2018,0.2857142857142857,Australia,0.8374384236453202,0.9605911330049262,0.0049261083743842365,0.8620689655172414,0.31527093596059114,0.18226600985221675
January 2019,0.17959724852582404,Australia,0.13793103448275862,0.9901477832512314,0.014778325123152709,0.8719211822660058,0.4088669950738916,0.09852216748768473
April 2002,0.0,ArabianPeninsula,0.8571428571428572,0.18226600985221675,0.10344827586206896,0.9556650246305419,0.9950738916256158,0.3743842364532018
May 2002,0.005970902087231297,ArabianPeninsula,0.4729064039408867,0.6108374384236454,0.11330049261083744,0.9458128078817734,0.7783251231527094,0.11330049261083744
June 2002,999.0,ArabianPeninsula,0.6551724137931034,0.39408866995073893,0.1871921182266004,0.9408866995073889,0.5123152709359605,0.5320197044334976
July 2002,999.0,ArabianPeninsula,0.5615763546798029,0.7093596059113301,0.2413793103448276,0.9310344827586207,0.6551724137931034,0.7241379310344829
August 2002,0.0296472866062314,ArabianPeninsula,0.7832512315270936,0.26108374384236455,0.28078817733990147,0.9261083743842364,0.11330049261083744,0.6157635467980296
September 2002,0.012047505104028982,ArabianPeninsula,0.15270935960591134,0.4876847290640394,0.3103448275862069,0.9162561576354681,0.11822660098522167,0.729064039408867
October 2002,0.08349891932912247,ArabianPeninsula,0.14285714285714285,0.812807881773399,0.33990147783251234,0.9113300492610837,0.2019704433497537,0.7389162561576355
November 2002,0.22619773988527403,ArabianPeninsula,0.43349753694581283,0.41379310344827586,0.3694581280788177,0.9014778325123153,0.26108374384236455,0.4236453201970443
December 2002,0.03611786864964849,ArabianPeninsula,0.6108374384236454,0.6650246305418719,0.39408866995073893,0.8916256157635474,0.20689655172413793,0.5615763546798029
January 2003,0.09913473901156251,ArabianPeninsula,0.37438423645320196,0.6206896551724138,0.3842364532019705,0.8866995073891626,0.33990147783251234,0.4088669950738916
February 2003,0.04842603057558991,ArabianPeninsula,0.41379310344827586,0.9704433497536946,0.3645320197044335,0.8768472906403941,0.9014778325123153,0.29064039408866993
March 2003,0.06007739752397376,ArabianPeninsula,0.29064039408866993,0.3743842364532014,0.3497536945812808,0.8669950738916257,0.9310344827586207,0.11822660098522167
April 2003,0.0531877964456914,ArabianPeninsula,0.6009852216748768,0.8226600985221504,0.33004926108374383,0.8620689655172414,0.7635467980295566,0.034482758620689655
May 2003,0.04318677732719465,ArabianPeninsula,0.5172413793103449,0.6847290640394089,0.31527093596059114,0.8522167487684729,0.3103448275862069,0.09852216748768473
June 2003,999.0,ArabianPeninsula,0.7093596059113301,0.6354679802955665,0.3054187192118227,0.8472906403940886,0.37438423645320196,0.41379310344827586
July 2003,0.5529793064387556,ArabianPeninsula,0.5270935960591133,0.27586206896551724,0.2955665024630541,0.8374384236453202,0.2857142857142857,0.645320197044335
August 2003,0.20746440686748435,ArabianPeninsula,0.8866995073891626,0.768472906403941,0.27586206896551724,0.8275862068965517,0.17733990147783252,0.8177339901477833
September 2003,0.23173487790082967,ArabianPeninsula,0.019704433497536946,0.1724137931034483,0.26108374384236455,0.822660098522167,0.29064039408866993,0.7192118226600985
October 2003,0.08869750492321891,ArabianPeninsula,0.07389162561576355,0.6798029556650247,0.2315270935960591,0.812807881773399,0.3497536945812808,0.6896551724137931
November 2003,0.22068887665353207,ArabianPeninsula,0.8177339901477833,0.591133004926108,0.2019704433497537,0.8029556650246306,0.22167487684729065,0.43349753694581283
December 2003,0.6700362006680841,ArabianPeninsula,0.9113300492610837,0.8177339901477833,0.12315270935960591,0.7980295566502464,0.21674876847290642,0.9458128078817734
January 2004,0.7788564944707537,ArabianPeninsula,0.9704433497536946,0.9753694581280788,0.12807881773399016,0.7881773399014779,0.8374384236453202,0.9211822660098522
February 2004,0.6320118598934089,ArabianPeninsula,0.270935960591133,0.45812807881773415,0.1330049261083744,0.7832512315270936,0.9802955665024631,0.3251231527093596
March 2004,0.2020897601472446,ArabianPeninsula,0.18719211822660098,0.8374384236453202,0.13793103448275862,0.7733990147783252,0.9753694581280788,0.14778325123152522
April 2004,0.6412373311685138,ArabianPeninsula,0.9852216748768473,0.14285714285714285,0.14285714285714285,0.7635467980295566,0.9605911330049262,0.9901477832512315
May 2004,0.2857142857142857,ArabianPeninsula,0.4187192118226601,0.29556650246305416,0.1477832512315271,0.7586206896551724,0.7093596059113301,0.6502463054187192
June 2004,0.9173003922539805,ArabianPeninsula,0.6896551724137931,0.2561576354679803,0.15270935960591134,0.7487684729064039,0.7438423645320197,0.7093596059113301
July 2004,0.9237623730350613,ArabianPeninsula,0.5960591133004927,0.6305418719211823,0.15763546798029557,0.7438423645320197,0.812807881773399,0.8374384236453202
August 2004,0.350990511475305,ArabianPeninsula,0.4876847290640394,0.33497536945812806,0.1625615763546798,0.7339901477832512,0.4236453201970443,0.7881773399014779
September 2004,0.29345753640977135,ArabianPeninsula,0.13793103448275862,0.24630541871921183,0.16748768472906403,0.724137931034483,0.6206896551724138,0.8226600985221667
October 2004,0.1860839654835978,ArabianPeninsula,0.10344827586206896,0.704433497536945,0.1724137931034483,0.7142857142857143,0.5862068965517236,0.812807881773399
November 2004,0.8571428571428572,ArabianPeninsula,0.33990147783251234,0.8275862068965517,0.17733990147783252,0.7093596059113301,0.270935960591133,0.6995073891625616
December 2004,0.8921424199417108,ArabianPeninsula,0.9211822660098522,0.06403940886699508,0.18226600985221675,0.6995073891625616,0.1477832512315271,0.8275862068965517
January 2005,0.8207416830477493,ArabianPeninsula,0.9556650246305419,0.19704433497536947,0.19211822660098524,0.6896551724137931,0.014778325123152709,0.9556650246305419
February 2005,0.9491189774754492,ArabianPeninsula,0.9458128078817734,0.6009852216748768,0.19704433497536947,0.6847290640394089,0.35960591133004927,0.940886699507389
March 2005,0.9758151606396983,ArabianPeninsula,0.8817733990147784,0.5714285714285714,0.20689655172413793,0.6748768472906406,0.9852216748768473,0.8916256157635473
April 2005,0.6366825763156831,ArabianPeninsula,0.8275862068965517,0.7487684729064038,0.21182266009852216,0.6650246305418719,0.9556650246305419,0.3793103448275862
May 2005,0.8878179182924543,ArabianPeninsula,0.45320197044334976,0.10837438423645321,0.21674876847290642,0.6600985221674877,0.7931034482758621,0.9605911330049262
June 2005,1.0,ArabianPeninsula,0.6945812807881774,0.3842364532019705,0.22660098522167488,0.6502463054187192,0.5073891625615764,0.9359605911330049
July 2005,0.935190312441882,ArabianPeninsula,0.541871921182266,0.5024630541871917,0.23645320197044334,0.645320197044335,0.45812807881773404,0.9162561576354681
August 2005,0.7438635220825078,ArabianPeninsula,0.7389162561576355,0.4236453201970443,0.24630541871921183,0.6354679802955665,0.19704433497536947,0.896551724137931
September 2005,0.7306634188808102,ArabianPeninsula,0.06403940886699508,0.21182266009852216,0.25123152709359603,0.6305418719211823,0.15270935960591134,0.9310344827586207
October 2005,0.8672044136047251,ArabianPeninsula,0.009852216748768473,0.3103448275862069,0.2561576354679803,0.6206896551724138,0.18719211822660098,0.8817733990147784
November 2005,0.84005418230936,ArabianPeninsula,0.30049261083743845,0.6600985221674877,0.2660098522167488,0.6108374384236454,0.19211822660098524,0.7044334975369456
December 2005,0.816590763049945,ArabianPeninsula,0.29556650246305416,0.9605911330049262,0.270935960591133,0.6059113300492601,0.12807881773399016,0.5566502463054187
January 2006,0.8088051971852122,ArabianPeninsula,0.24630541871921183,0.7980295566502464,0.29064039408867,0.5960591133004925,0.12315270935960591,0.45812807881773404
February 2006,0.8042384183042594,ArabianPeninsula,0.9064039408866995,0.8768472906403941,0.30049261083743845,0.5862068965517242,0.8275862068965517,0.6354679802955665
March 2006,0.9374480774875863,ArabianPeninsula,0.7241379310344828,0.35467980295566504,0.3251231527093596,0.576354679802956,0.8325123152709359,0.15763546798029557
April 2006,0.8437218262388277,ArabianPeninsula,0.812807881773399,0.17733990147783252,0.3448275862068966,0.5714285714285714,0.9064039408866995,0.9507389162561577
May 2006,0.3938605360643693,ArabianPeninsula,0.7783251231527093,0.6748768472906403,0.35960591133004927,0.5615763546798029,0.23645320197044334,0.5714285714285714
June 2006,0.9678572736786422,ArabianPeninsula,0.6699507389162561,0.7832512315270936,0.3793103448275862,0.5517241379310345,0.1625615763546798,0.8029556650246306
July 2006,0.5586148865873206,ArabianPeninsula,0.49261083743842365,0.29064039408867015,0.3990147783251232,0.5467980295566502,0.21182266009852216,0.7931034482758621
August 2006,0.23993114874818425,ArabianPeninsula,0.6748768472906408,0.7635467980295566,0.41379310344827586,0.5369458128078818,0.13793103448275862,0.8325123152709359
September 2006,0.14285714285714285,ArabianPeninsula,0.054187192118226604,0.23645320197044334,0.4236453201970443,0.5320197044334976,0.2561576354679799,0.7832512315270936
October 2006,0.24875538200668998,ArabianPeninsula,0.12315270935960591,0.8719211822660098,0.43349753694581283,0.5172413793103449,0.2413793103448276,0.7733990147783252
November 2006,0.6620037173797539,ArabianPeninsula,0.9014778325123153,0.2857142857142857,0.4433497536945813,0.5073891625615763,0.38916256157635454,0.768472906403941
December 2006,0.7630490504708897,ArabianPeninsula,0.9261083743842364,0.0,0.45320197044334976,0.4975369458128079,0.5369458128078818,0.8669950738916257
January 2007,0.8635287504077503,ArabianPeninsula,0.6305418719211823,0.029556650246305417,0.4581280788177341,0.4827586206896552,0.2955665024630542,0.5123152709359606
February 2007,0.6795059371865623,ArabianPeninsula,0.7339901477832512,0.8916256157635468,0.4630541871921182,0.4729064039408867,0.9211822660098522,0.7339901477832512
March 2007,0.471387789455021,ArabianPeninsula,0.4236453201970443,0.43842364532019706,0.46798029556650245,0.4630541871921182,0.9507389162561577,0.1625615763546798
April 2007,0.5285568197914698,ArabianPeninsula,0.3891625615763546,0.7192118226600985,0.47783251231527096,0.45320197044334976,0.8916256157635468,0.2315270935960591
May 2007,0.4285714285714286,ArabianPeninsula,0.5320197044334976,0.7881773399014779,0.4827586206896552,0.4433497536945813,0.4482758620689655,0.15270935960591134
June 2007,0.9513099922759545,ArabianPeninsula,0.7438423645320197,0.5369458128078818,0.4876847290640394,0.43842364532019706,0.5221674876847291,0.8768472906403941
July 2007,0.57889492876399,ArabianPeninsula,0.6650246305418719,0.13793103448275862,0.49261083743842365,0.4285714285714286,0.8226600985221675,0.7536945812807881
August 2007,0.37510739400988924,ArabianPeninsula,0.5467980295566502,0.45320197044334976,0.4975369458128079,0.4187192118226601,0.4876847290640394,0.6551724137931034
September 2007,0.09831048961781029,ArabianPeninsula,0.07881773399014778,0.541871921182266,0.5024630541871921,0.4088669950738916,0.3793103448275862,0.7635467980295566
October 2007,0.2957876679613612,ArabianPeninsula,0.034482758620689655,0.39901477832512317,0.5073891625615763,0.4039408866995074,0.6009852216748768,0.7142857142857143
November 2007,0.5714285714285714,ArabianPeninsula,0.19704433497536947,0.5517241379310345,0.5123152709359605,0.39408866995073893,0.31527093596059114,0.3842364532019705
December 2007,0.5649132714664481,ArabianPeninsula,0.2413793103448276,0.7339901477832512,0.5172413793103449,0.3842364532019705,0.09852216748768473,0.29556650246305416
January 2008,0.6971483745131706,ArabianPeninsula,0.9359605911330049,0.03940886699507389,0.5221674876847291,0.37438423645320196,0.04433497536945813,0.5467980295566502
February 2008,0.5246673863005639,ArabianPeninsula,0.28078817733990147,0.019704433497536946,0.5270935960591133,0.3694581280788177,0.019704433497536946,0.270935960591133
March 2008,0.7845418475824095,ArabianPeninsula,0.16748768472906403,0.9408866995073889,0.5369458128078818,0.35960591133004927,0.3251231527093596,0.08374384236453201
April 2008,0.39757043247666024,ArabianPeninsula,0.4088669950738916,0.7931034482758621,0.541871921182266,0.35467980295566504,0.2512315270935961,0.029556650246305417
May 2008,0.15738957059869418,ArabianPeninsula,0.47783251231527096,0.5763546798029557,0.5467980295566502,0.3448275862068966,0.41379310344827586,0.054187192118226604
June 2008,0.9042373146047418,ArabianPeninsula,0.7536945812807881,0.12807881773399013,0.5517241379310345,0.33990147783251234,0.6995073891625616,0.3694581280788177
July 2008,0.6488002263360553,ArabianPeninsula,0.4975369458128079,0.4482758620689655,0.5566502463054187,0.33004926108374383,0.6108374384236454,0.49261083743842365
August 2008,0.5478827832411188,ArabianPeninsula,0.4482758620689655,0.43349753694581283,0.5615763546798029,0.3251231527093596,0.24630541871921183,0.3645320197044335
September 2008,0.1301422778689572,ArabianPeninsula,0.09852216748768473,0.645320197044335,0.5665024630541872,0.31527093596059114,0.33004926108374383,0.5517241379310345
October 2008,0.213180952737621,ArabianPeninsula,0.15763546798029557,0.21674876847290642,0.5714285714285714,0.3054187192118227,0.45320197044334976,0.6600985221674877
November 2008,0.45841023981645523,ArabianPeninsula,0.9901477832512221,0.08866995073891626,0.5763546798029557,0.2955665024630542,0.8472906403940886,0.8571428571428572
December 2008,0.7015533509451682,ArabianPeninsula,0.23645320197044334,0.04433497536945813,0.5812807881773399,0.29064039408866993,0.9704433497536946,0.22167487684729065
January 2009,0.8764534272474208,ArabianPeninsula,0.3990147783251252,0.07881773399014778,0.5862068965517241,0.28078817733990147,0.8866995073891626,0.3004926108374384
February 2009,0.4825660788431183,ArabianPeninsula,0.27586206896551724,0.9802955665024631,0.5960591133004917,0.270935960591133,0.7881773399014779,0.22660098522167488
March 2009,0.6114480788309081,ArabianPeninsula,0.26108374384236455,0.3054187192118227,0.6009852216748768,0.26108374384236455,0.5172413793103449,0.08866995073891626
April 2009,0.5898575707463352,ArabianPeninsula,0.8669950738916257,0.270935960591133,0.605911330049261,0.2561576354679803,0.6748768472906403,0.019704433497536946
May 2009,0.475048166442982,ArabianPeninsula,0.7881773399014779,0.5467980295566502,0.6108374384236454,0.24630541871921183,0.6650246305418719,0.09359605911330046
June 2009,0.9589460759582896,ArabianPeninsula,0.8078817733990148,0.7241379310344832,0.6157635467980296,0.2413793103448276,0.46798029556650245,0.33497536945812806
July 2009,0.8518195607284613,ArabianPeninsula,0.4827586206896552,0.2019704433497537,0.6206896551724138,0.2315270935960591,0.5714285714285714,0.4827586206896552
August 2009,0.44091889702508863,ArabianPeninsula,0.6502463054187192,0.4975369458128079,0.625615763546798,0.22660098522167488,0.2660098522167488,0.3891625615763547
September 2009,0.40545397745879763,ArabianPeninsula,0.024630541871921183,0.35960591133004927,0.6305418719211823,0.21674876847290642,0.4088669950738916,0.5369458128078818
October 2009,0.45185643173499795,ArabianPeninsula,0.09359605911330049,0.28078817733990147,0.6403940886699507,0.20689655172413793,0.768472906403941,0.5073891625615762
November 2009,0.6695065101983574,ArabianPeninsula,0.6206896551724138,0.8029556650246306,0.645320197044335,0.2019704433497537,0.5763546798029556,0.3054187192118227
December 2009,0.7142857142857143,ArabianPeninsula,0.8719211822660091,0.8325123152709359,0.6502463054187192,0.19211822660098524,0.6847290640394089,0.4433497536945813
January 2010,0.92737063886731,ArabianPeninsula,0.21674876847290642,0.9458128078817734,0.6551724137931033,0.18226600985221675,0.8029556650246306,0.20689655172413793
February 2010,0.7526934473112011,ArabianPeninsula,0.3842364532019705,1.0,0.6650246305418719,0.17733990147783252,0.30049261083743845,0.18719211822660095
March 2010,0.607366592869657,ArabianPeninsula,0.3497536945812808,0.9556650246305419,0.6699507389162561,0.1724137931034483,0.1330049261083744,0.12315270935960591
April 2010,0.5952209478135093,ArabianPeninsula,0.768472906403941,0.8866995073891626,0.6798029556650247,0.1625615763546798,0.06403940886699508,0.10344827586206896
May 2010,0.7955454873653057,ArabianPeninsula,0.8620689655172414,0.5221674876847291,0.6847290640394089,0.15763546798029557,0.4285714285714286,0.1724137931034483
June 2010,0.9842898425286613,ArabianPeninsula,0.6995073891625616,0.8078817733990148,0.6896551724137931,0.14285714285714285,0.3990147783251232,0.33004926108374383
July 2010,0.898704355301186,ArabianPeninsula,0.8325123152709359,0.7733990147783252,0.7093596059113301,0.12807881773399016,0.6699507389162561,0.7980295566502464
August 2010,0.36879314983557054,ArabianPeninsula,0.5911330049261082,0.9113300492610837,0.7339901477832512,0.11822660098522167,0.6354679802955665,0.5812807881773425
September 2010,0.14781605077248475,ArabianPeninsula,0.03940886699507389,0.6403940886699507,0.7586206896551724,0.10344827586206896,0.4187192118226601,0.6108374384236454
October 2010,0.5016022716112427,ArabianPeninsula,0.06896551724137931,0.8620689655172414,0.7783251231527093,0.08866995073891626,0.5024630541871922,0.5911330049261084
November 2010,0.6249965875939798,ArabianPeninsula,0.18226600985221675,0.2315270935960591,0.8029556650246306,0.07389162561576355,0.5517241379310345,0.2660098522167488
December 2010,0.6012739722462802,ArabianPeninsula,0.35467980295566504,0.3793103448275862,0.8768472906403941,0.04926108374384237,0.22660098522167488,0.21182266009852216
January 2011,999.0,ArabianPeninsula,0.9605911330049262,0.47783251231527096,0.8669950738916257,0.04433497536945813,0.10837438423645321,0.4482758620689655
February 2011,0.43417636619854,ArabianPeninsula,0.3251231527093596,0.8522167487684729,0.8620689655172414,0.059113300492610835,0.10344827586206896,0.23645320197044334
March 2011,0.3153225494543595,ArabianPeninsula,0.4039408866995074,0.054187192118226604,0.8571428571428572,0.03940886699507389,0.15763546798029557,0.10837438423645321
April 2011,0.42315639570077324,ArabianPeninsula,0.5566502463054187,0.30049261083743845,0.8522167487684729,0.054187192118226604,0.1724137931034483,0.059113300492610835
May 2011,0.3102121751397014,ArabianPeninsula,0.6403940886699507,0.4433497536945813,0.8472906403940886,0.06403940886699508,0.35467980295566504,0.07389162561576355
June 2011,999.0,ArabianPeninsula,0.7192118226600985,0.5123152709359605,0.8423645320197046,0.07881773399014778,0.4729064039408867,0.4187192118226601
July 2011,0.5173855082026249,ArabianPeninsula,0.5665024630541872,0.5320197044334976,0.8374384236453202,0.08374384236453201,0.5812807881773404,0.6206896551724138
August 2011,0.3869155119216271,ArabianPeninsula,0.4630541871921182,0.5960591133004927,0.8275862068965517,0.09852216748768473,0.4039408866995074,0.6305418719211823
September 2011,0.3219527425398682,ArabianPeninsula,0.0049261083743842365,0.46798029556650245,0.8226600985221673,0.10837438423645321,0.7487684729064034,0.6650246305418719
October 2011,0.4468383694111705,ArabianPeninsula,0.04433497536945813,0.3448275862068966,0.8177339901477833,0.11330049261083744,0.7586206896551724,0.6009852216748768
November 2011,0.4927705037757316,ArabianPeninsula,0.8374384236453202,0.034482758620689655,0.812807881773399,0.1330049261083744,0.4827586206896552,0.35467980295566504
December 2011,999.0,ArabianPeninsula,0.22167487684729065,0.014778325123152709,0.8078817733990148,0.13793103448275862,0.18226600985221675,0.43842364532019706
January 2012,0.8794625150007667,ArabianPeninsula,0.20689655172413793,0.49261083743842365,0.7980295566502466,0.15270935960591134,0.09359605911330049,0.19211822660098524
January 2012,0.8275413358745729,ArabianPeninsula,0.21182266009852216,0.4827586206896552,0.7881773399014779,0.0,0.08866995073891626,0.19704433497536947
February 2012,0.7234949484096438,ArabianPeninsula,0.33004926108374383,0.20689655172413793,0.7832512315270936,0.0049261083743842365,0.009852216748768473,0.17733990147783252
March 2012,0.6905151955681841,ArabianPeninsula,0.2561576354679803,0.024630541871921183,0.7733990147783252,0.009852216748768473,0.03940886699507389,0.06896551724137931
April 2012,0.582247406952094,ArabianPeninsula,0.8522167487684729,0.2413793103448276,0.768472906403941,0.014778325123152709,0.27586206896551724,0.14285714285714285
May 2012,999.0,ArabianPeninsula,0.4433497536945813,0.8669950738916257,0.7536945812807881,0.019704433497536946,0.5270935960591133,0.03940886699507389
June 2012,0.9104830885642662,ArabianPeninsula,0.6600985221674877,0.5862068965517241,0.7438423645320197,0.024630541871921183,0.6798029556650247,0.3103448275862069
July 2012,0.7388611204059018,ArabianPeninsula,0.5862068965517241,0.896551724137931,0.7389162561576355,0.029556650246305417,0.6896551724137931,0.46798029556650245
August 2012,0.17958867675329956,ArabianPeninsula,0.45812807881773404,0.5270935960591133,0.729064039408867,0.034482758620689655,0.6305418719211823,0.3448275862068966
September 2012,0.11865961725501142,ArabianPeninsula,0.0,0.31527093596059114,0.7192118226600985,0.06896551724137931,0.7733990147783252,0.4876847290640394
October 2012,999.0,ArabianPeninsula,0.10837438423645321,0.58128078817734,0.7142857142857143,0.09359605911330049,0.7389162561576355,0.4729064039408867
November 2012,0.26156449333687604,ArabianPeninsula,0.8226600985221674,0.625615763546798,0.7044334975369457,0.12315270935960591,0.8571428571428572,0.25615763546798026
December 2012,0.1654684442952978,ArabianPeninsula,0.6354679802955665,0.7389162561576355,0.6945812807881774,0.1477832512315271,0.6157635467980296,0.25123152709359603
January 2013,0.512281777544212,ArabianPeninsula,0.43842364532019706,0.8472906403940886,0.7241379310344838,0.16748768472906403,0.16748768472906403,0.2019704433497537
February 2013,0.27326364343644616,ArabianPeninsula,0.2857142857142857,0.7142857142857143,0.7635467980295566,0.18719211822660098,0.08374384236453201,0.16748768472906403
March 2013,999.0,ArabianPeninsula,0.35960591133004927,0.7586206896551724,0.7931034482758621,0.19704433497536947,0.07389162561576355,0.06403940886699508
April 2013,0.25608216066442213,ArabianPeninsula,1.0,0.08374384236453201,0.8719211822660099,0.21182266009852216,0.3694581280788177,0.009852216748768473
May 2013,0.4635631343854611,ArabianPeninsula,0.8768472906403941,0.009852216748768473,0.8817733990147784,0.22167487684729065,0.729064039408867,0.9655172413793104
June 2013,0.9945398042181997,ArabianPeninsula,0.645320197044335,0.06896551724137931,0.896551724137931,0.23645320197044334,0.7832512315270936,0.45320197044334976
July 2013,0.7742437535262878,ArabianPeninsula,0.5714285714285714,0.4187192118226601,0.9014778325123153,0.2512315270935961,0.7142857142857143,0.6847290640394089
August 2013,999.0,ArabianPeninsula,0.7980295566502466,0.15763546798029557,0.9113300492610837,0.2660098522167488,0.896551724137931,0.502463054187192
September 2013,999.0,ArabianPeninsula,0.08374384236453201,0.22167487684729065,0.916256157635469,0.27586206896551724,0.9261083743842364,0.6748768472906406
October 2013,0.41629095337366306,ArabianPeninsula,0.11330049261083744,0.07389162561576354,0.9261083743842364,0.2857142857142857,0.9162561576354681,0.6798029556650247
November 2013,0.6546272435756586,ArabianPeninsula,0.9408866995073859,0.3891625615763547,0.9359605911330049,0.3004926108374382,0.8719211822660098,0.7487684729064038
December 2013,0.5415300126165273,ArabianPeninsula,0.3694581280788177,0.09359605911330046,0.9408866995073891,0.3103448275862069,0.8078817733990148,0.47783251231527096
January 2014,0.7247313606731032,ArabianPeninsula,0.8472906403940886,0.32019704433497537,0.9458128078817734,0.32019704433497537,0.6945812807881774,0.4285714285714286
February 2014,999.0,ArabianPeninsula,0.32019704433497537,0.09852216748768473,0.9507389162561577,0.33497536945812806,0.8620689655172414,0.24630541871921183
March 2014,0.7928632791108282,ArabianPeninsula,0.6059113300492611,0.6551724137931034,0.9556650246305419,0.3497536945812808,0.5566502463054187,0.13793103448275862
April 2014,0.24380972492328146,ArabianPeninsula,0.3448275862068966,0.9211822660098522,0.9605911330049262,0.3645320197044335,0.8522167487684729,0.014778325123152709
May 2014,0.3588744058684656,ArabianPeninsula,0.5763546798029561,0.22660098522167488,0.9655172413793104,0.3793103448275862,0.7241379310344828,0.04433497536945813
June 2014,0.9855385983262382,ArabianPeninsula,0.7142857142857143,0.11822660098522167,0.9704433497536946,0.38916256157635465,0.49261083743842365,0.3497536945812808
July 2014,999.0,ArabianPeninsula,0.5517241379310345,0.1625615763546798,0.9753694581280788,0.39901477832512383,0.43349753694581283,0.5172413793103449
August 2014,0.30268720729594306,ArabianPeninsula,0.5123152709359606,0.2660098522167488,0.9802955665024631,0.41379310344827586,0.3645320197044335,0.39901477832513443
September 2014,0.07874094359844734,ArabianPeninsula,0.08866995073891626,0.33990147783251234,0.9852216748768473,0.4236453201970443,0.5911330049261083,0.5763546798029556
October 2014,0.6194254194293339,ArabianPeninsula,0.1330049261083744,0.6945812807881774,0.9901477832512315,0.43349753694581283,0.645320197044335,0.625615763546798
November 2014,0.7679434317410749,ArabianPeninsula,0.7635467980295566,0.10344827586206896,0.9950738916256158,0.4482758620689655,0.39408866995073893,0.27586206896551724
December 2014,999.0,ArabianPeninsula,0.3793103448275862,0.7438423645320197,1.0,0.4581280788177341,0.6059113300492601,0.2413793103448276
January 2015,0.48852286020462676,ArabianPeninsula,0.2315270935960591,0.4285714285714286,0.9310344827586207,0.46798029556650245,0.14285714285714285,0.18226600985221675
February 2015,0.3800264827770759,ArabianPeninsula,0.3054187192118227,0.9655172413793104,0.9211822660098522,0.4876847290640394,0.04926108374384237,0.1330049261083744
March 2015,0.19699634239641733,ArabianPeninsula,0.8916256157635468,0.8571428571428572,0.9064039408866995,0.5024630541871922,0.054187192118226604,0.04926108374384237
April 2015,0.15953616489654057,ArabianPeninsula,0.1724137931034483,0.4088669950738916,0.8916256157635469,0.5221674876847291,0.07881773399014778,0.0
April 2015,0.12604351064504427,ArabianPeninsula,0.17733990147783252,0.4039408866995074,0.8866995073891626,0.47783251231527096,0.06896551724137931,0.0049261083743842365
May 2015,999.0,ArabianPeninsula,0.625615763546798,0.7783251231527089,0.8325123152709359,0.49261083743842365,0.5467980295566502,0.024630541871921183
June 2015,999.0,ArabianPeninsula,0.729064039408867,0.25123152709359603,0.7487684729064039,0.5123152709359605,0.625615763546798,0.26108374384236455
July 2015,0.7090012290516208,ArabianPeninsula,0.5073891625615762,0.5566502463054187,0.6995073891625616,0.5270935960591133,0.7192118226600985,0.35960591133004927
August 2015,0.5366740505400845,ArabianPeninsula,0.5024630541871922,0.7536945812807881,0.6748768472906489,0.541871921182266,0.4975369458128079,0.2857142857142857
September 2015,0.4104162983711926,ArabianPeninsula,0.11822660098522167,0.6157635467980296,0.6600985221674877,0.5566502463054187,0.4433497536945813,0.4039408866995074
October 2015,999.0,ArabianPeninsula,0.147783251231527,0.9507389162561577,0.6354679802955665,0.5665024630541872,0.3054187192118227,0.39408866995073893
November 2015,999.0,ArabianPeninsula,0.9310344827586207,0.6059113300492608,0.5911330049261084,0.5812807881773399,0.7536945812807881,0.31527093596059114
December 2015,0.33128007296443457,ArabianPeninsula,0.9655172413793104,0.059113300492610835,0.5320197044334976,0.5911330049261083,0.7980295566502463,0.5862068965517212
January 2016,0.32875813266440357,ArabianPeninsula,0.33497536945812806,0.33004926108374383,0.4729064039408867,0.6009852216748769,0.8669950738916257,0.541871921182266
February 2016,0.36201044930165416,ArabianPeninsula,0.4285714285714286,0.3497536945812808,0.4482758620689655,0.6157635467980296,0.32019704433497537,0.21674876847290642
March 2016,0.27891833598920773,ArabianPeninsula,0.7931034482758621,0.9359605911330049,0.43842364532019706,0.625615763546798,0.024630541871921183,0.12807881773399016
April 2016,999.0,ArabianPeninsula,0.9753694581280788,0.04926108374384237,0.4285714285714286,0.6403940886699507,0.5320197044334976,0.9950738916256158
May 2016,0.34483427623078067,ArabianPeninsula,0.6157635467980296,0.3694581280788177,0.4187192118226601,0.6551724137931031,0.9458128078817734,1.0
June 2016,0.9653985547172236,ArabianPeninsula,0.6798029556650247,0.4729064039408867,0.4088669950738916,0.6699507389162561,0.8423645320197045,0.8472906403940886
July 2016,0.8329009037703227,ArabianPeninsula,0.8029556650246306,0.6995073891625616,0.4039408866995074,0.6798029556650247,0.8817733990147784,0.9261083743842364
August 2016,0.1724973111393671,ArabianPeninsula,0.7044334975369458,0.6896551724137931,0.38916256157635454,0.6945812807881774,0.9655172413793104,0.9753694581280788
September 2016,999.0,ArabianPeninsula,0.04926108374384237,0.4630541871921182,0.3743842364532015,0.7044334975369457,0.9113300492610837,0.9113300492610837
October 2016,999.0,ArabianPeninsula,0.014778325123152709,0.12315270935960591,0.35467980295566504,0.7192118226600985,0.8177339901477833,0.8866995073891626
November 2016,0.10634942225278296,ArabianPeninsula,0.896551724137931,0.19211822660098524,0.33497536945812806,0.729064039408867,0.7044334975369458,0.8423645320197045
December 2016,0.5040374432179862,ArabianPeninsula,0.2660098522167488,0.8423645320197044,0.32019704433497537,0.7389162561576355,0.5615763546798029,0.9014778325123153
January 2017,0.7538618487796863,ArabianPeninsula,0.2019704433497537,0.9261083743842364,0.2857142857142857,0.7536945812807881,0.33497536945812806,0.5665024630541872
February 2017,999.0,ArabianPeninsula,0.9802955665024631,0.0049261083743842365,0.22167487684729065,0.768472906403941,0.059113300492610835,0.9802955665024631
March 2017,0.06965328349744909,ArabianPeninsula,0.9162561576354683,0.5073891625615763,0.11822660098522167,0.7783251231527094,0.3448275862068966,0.9704433497536946
April 2017,0.024323096667163164,ArabianPeninsula,0.22660098522167488,0.9162561576354692,0.10837438423645321,0.7931034482758621,0.47783251231527096,0.07881773399014778
May 2017,0.017097725938601722,ArabianPeninsula,0.7733990147783252,0.729064039408867,0.09852216748768473,0.8078817733990148,0.8768472906403941,0.9064039408866995
June 2017,0.1374855122018937,ArabianPeninsula,0.6847290640394089,0.6502463054187192,0.09359605911330048,0.8177339901477833,0.9408866995073889,0.8719211822660099
July 2017,999.0,ArabianPeninsula,0.5369458128078818,0.9310344827586207,0.08866995073891626,0.8325123152709359,0.43842364532019706,0.8620689655172414
August 2017,999.0,ArabianPeninsula,0.5221674876847291,0.8817733990147784,0.08374384236453201,0.8423645320197061,0.6403940886699507,0.8522167487684729
September 2017,999.0,ArabianPeninsula,0.059113300492610835,0.5172413793103449,0.07881773399014778,0.8571428571428572,0.7339901477832512,0.7783251231527093
October 2017,999.0,ArabianPeninsula,0.029556650246305417,0.5665024630541872,0.07389162561576354,0.8719211822660089,0.6600985221674877,0.7586206896551724
November 2017,999.0,ArabianPeninsula,0.3103448275862069,0.6699507389162561,0.06896551724137931,0.8817733990147784,0.5665024630541872,0.5270935960591133
December 2017,999.0,ArabianPeninsula,0.31527093596059114,0.11330049261083744,0.0049261083743842365,0.896551724137931,0.2315270935960591,0.4975369458128079
January 2018,999.0,ArabianPeninsula,0.19211822660098524,0.1330049261083744,0.009852216748768473,0.9064039408866995,0.029556650246305417,0.33990147783251234
February 2018,999.0,ArabianPeninsula,0.8423645320197045,0.9852216748768473,0.014778325123152709,0.9211822660098522,0.0049261083743842365,0.32019704433497537
March 2018,999.0,ArabianPeninsula,0.25123152709359603,0.9950738916256158,0.019704433497536946,0.9359605911330049,0.0,0.28078817733990147
April 2018,999.0,ArabianPeninsula,0.9507389162561577,0.16748768472906403,0.024630541871921183,0.9507389162561577,0.034482758620689655,0.5960591133004925
May 2018,999.0,ArabianPeninsula,0.7487684729064039,0.18719211822660098,0.029556650246305417,0.9605911330049262,0.28078817733990147,0.5221674876847291
June 2018,0.6842879564203326,ArabianPeninsula,0.7586206896551724,0.5615763546798029,0.034482758620689655,0.9655172413793104,0.6502463054187192,0.6059113300492611
July 2018,0.11317892503206797,ArabianPeninsula,0.5812807881773399,0.3251231527093596,0.03940886699507389,0.9704433497536946,0.3842364532019705,0.6945812807881774
August 2018,999.0,ArabianPeninsula,0.46798029556650245,0.1477832512315271,0.04433497536945813,0.9753694581280788,0.5960591133004927,0.6403940886699507
September 2018,999.0,ArabianPeninsula,0.12807881773399016,0.9064039408866995,0.04926108374384237,0.9802955665024631,0.541871921182266,0.6699507389162561
October 2018,0.06515166059669747,ArabianPeninsula,0.1625615763546798,0.3645320197044335,0.054187192118226604,0.9852216748768473,0.4630541871921182,0.8078817733990148
November 2018,0.3398956708042495,ArabianPeninsula,0.9950738916256158,0.15270935960591134,0.059113300492610835,0.9901477832512314,0.9359605911330049,0.9852216748768473
December 2018,0.2695865432117003,ArabianPeninsula,0.39408866995073893,0.9014778325123153,0.06403940886699508,0.9950738916256158,0.9901477832512315,0.7438423645320197
January 2019,0.1894210168363417,ArabianPeninsula,0.3645320197044335,0.9901477832512314,0.0,1.0,1.0,0.4630541871921182
April 2002,0.047634772872819364,China,0.9605911330049262,0.4630541871921182,0.0,0.9753694581280788,0.06403940886699507,0.7192118226600985
May 2002,0.2164151945462964,China,0.9852216748768473,0.09359605911330049,0.0049261083743842365,0.9655172413793104,0.019704433497536946,0.9753694581280788
June 2002,999.0,China,0.9310344827586207,0.5812807881773399,0.009852216748768473,0.9556650246305419,0.8620689655172414,0.9704433497536946
July 2002,999.0,China,0.04433497536945813,0.5320197044334976,0.014778325123152709,0.9458128078817734,0.1724137931034483,0.7832512315270936
August 2002,0.11837962687108788,China,0.18226600985221675,0.35467980295566504,0.019704433497536946,0.9408866995073888,0.2019704433497537,0.916256157635468
September 2002,0.0235303335014821,China,0.034482758620689655,0.45320197044334976,0.024630541871921183,0.9310344827586207,0.29556650246305405,0.10837438423645321
October 2002,0.0,China,0.15763546798029557,0.19704433497536947,0.029556650246305417,0.9211822660098522,0.33004926108374383,0.15763546798029557
November 2002,0.005177579807337052,China,0.33990147783251234,0.17733990147783252,0.034482758620689655,0.916256157635468,0.11822660098522167,0.26108374384236455
December 2002,0.013042844378482868,China,0.9704433497536946,0.18226600985221675,0.03940886699507389,0.9014778325123153,0.014778325123152709,0.5369458128078818
January 2003,0.03381439742364915,China,0.6206896551724138,0.43842364532019706,0.04433497536945813,0.896551724137931,0.23645320197044334,0.5615763546798029
February 2003,0.01714137006779728,China,0.8768472906403941,0.8669950738916257,0.04926108374384237,0.8866995073891626,0.13793103448275862,0.7142857142857143
March 2003,0.03456116458277569,China,0.9211822660098522,0.3251231527093596,0.054187192118226604,0.8768472906403941,0.16748768472906403,0.8275862068965517
April 2003,0.06018790965271681,China,0.8817733990147784,0.32019704433497537,0.059113300492610835,0.8669950738916257,0.1477832512315268,0.8620689655172414
May 2003,0.0835548358657961,China,0.3891625615763547,0.37438423645320196,0.06403940886699508,0.8620689655172414,0.6305418719211823,0.9261083743842364
June 2003,999.0,China,0.9802955665024631,0.31527093596059114,0.06896551724137931,0.8522167487684729,0.3251231527093596,0.8374384236453202
July 2003,0.2997964879356319,China,0.9507389162561577,0.18719211822660095,0.08866995073891626,0.8423645320197046,0.2857142857142857,0.9802955665024631
August 2003,0.14285714285714285,China,0.8571428571428572,0.2019704433497537,0.10344827586206896,0.8325123152709359,0.14285714285714285,0.940886699507387
September 2003,0.6018710805536851,China,0.2857142857142857,0.625615763546798,0.11822660098522167,0.8275862068965517,0.729064039408867,0.9901477832512314
October 2003,0.8571428571428572,China,0.3793103448275862,0.10837438423645321,0.1330049261083744,0.8177339901477833,0.6059113300492611,0.9852216748768473
November 2003,0.7142857142857143,China,0.8719211822660099,0.11330049261083744,0.15270935960591134,0.8078817733990148,0.12807881773399016,0.9556650246305419
December 2003,0.9389344556934022,China,0.6108374384236454,0.49261083743842365,0.16748768472906403,0.7980295566502477,0.10837438423645321,0.8768472906403941
January 2004,0.9578367306412512,China,0.6699507389162561,0.6551724137931008,0.19704433497536947,0.7931034482758621,0.43842364532019706,0.729064039408867
February 2004,0.8131004880322251,China,0.6305418719211823,0.9950738916256158,0.270935960591133,0.7832512315270936,0.625615763546798,0.6009852216748766
March 2004,0.8274277835007418,China,0.3251231527093596,0.8177339901477833,0.33497536945812806,0.7733990147783252,0.7192118226600985,0.5172413793103449
April 2004,0.5121347278777333,China,0.30049261083743833,0.9359605911330049,0.4088669950738916,0.7635467980295566,0.45320197044334976,0.2512315270935961
May 2004,0.44244013939286564,China,0.7339901477832512,0.4236453201970443,0.4729064039408867,0.7586206896551724,0.024630541871921183,0.33497536945812806
June 2004,0.8032337080122711,China,0.7931034482758621,0.22167487684729065,0.5467980295566502,0.7487684729064036,0.5320197044334976,0.19211822660098524
July 2004,0.5468375342097123,China,0.46798029556650245,0.3694581280788177,0.7339901477832512,0.7389162561576355,0.9901477832512311,0.13793103448275862
August 2004,0.9218806444034425,China,0.5960591133004927,0.07881773399014778,0.812807881773399,0.729064039408867,0.7931034482758621,0.5073891625615761
September 2004,0.8384599519981839,China,0.11822660098522167,0.3891625615763547,0.8423645320197045,0.7192118226600985,0.6798029556650247,0.768472906403941
October 2004,0.48201813356321666,China,0.0,0.35960591133004927,0.8719211822660078,0.7093596059113301,0.28078817733990147,0.24630541871921183
November 2004,0.8218285892681242,China,0.6600985221674877,0.8029556650246306,0.9507389162561577,0.7044334975369455,0.8719211822660099,0.33990147783251234
December 2004,0.8699957193778243,China,0.7536945812807881,0.7980295566502463,1.0,0.6945812807881774,0.7733990147783252,0.4039408866995074
January 2005,0.7928302775216763,China,0.4482758620689655,0.26108374384236455,0.9950738916256158,0.6847290640394089,0.7980295566502467,0.4827586206896552
February 2005,0.916585311643567,China,0.8078817733990148,0.019704433497536946,0.9901477832512314,0.6798029556650247,0.3448275862068966,0.6748768472906406
March 2005,0.7442781651676202,China,0.28078817733990147,0.16748768472906403,0.9852216748768473,0.6699507389162561,0.4827586206896552,0.5911330049261081
April 2005,0.6063169331085221,China,0.4236453201970443,0.9556650246305419,0.9802955665024631,0.6600985221674877,0.5221674876847291,0.39408866995073893
May 2005,0.6662573021548346,China,0.5566502463054187,0.4482758620689655,0.9753694581280788,0.6502463054187192,0.7142857142857143,0.4187192118226601
June 2005,0.7786370927876397,China,0.1625615763546798,0.9458128078817734,0.9704433497536946,0.645320197044335,0.35960591133004927,0.3251231527093596
July 2005,0.6131549924419606,China,0.4187192118226601,0.6108374384236454,0.9655172413793104,0.6354679802955665,0.8817733990147784,0.458128078817734
August 2005,0.9481471230525613,China,0.9014778325123153,0.13793103448275862,0.9605911330049262,0.625615763546798,0.7241379310344828,0.9310344827586207
September 2005,0.8749644510857014,China,0.6354679802955665,0.7586206896551724,0.9556650246305419,0.6206896551724138,0.4482758620689655,0.9211822660098522
October 2005,0.9914693254570479,China,0.059113300492610835,0.33990147783251234,0.9458128078817734,0.6108374384236454,0.5960591133004927,0.9507389162561577
November 2005,0.970172536399519,China,0.576354679802956,0.9507389162561577,0.940886699507389,0.6009852216748769,0.4975369458128079,0.822660098522167
December 2005,0.862515358220809,China,0.43842364532019706,0.04433497536945813,0.9359605911330049,0.5911330049261084,0.38916256157635465,0.6502463054187192
January 2006,0.7054386135298405,China,0.812807881773399,0.8472906403940886,0.9310344827586207,0.5862068965517241,0.21182266009852216,0.7586206896551724
February 2006,0.8922691116437941,China,0.6551724137931034,0.5517241379310345,0.9261083743842364,0.5714285714285714,0.4729064039408867,0.8029556650246306
March 2006,0.7970175386263963,China,0.2315270935960591,0.916256157635468,0.9211822660098522,0.5566502463054187,0.5467980295566502,0.7241379310344831
April 2006,0.719301141722456,China,0.5320197044334976,0.7783251231527092,0.9162561576354681,0.5467980295566502,0.24630541871921183,0.6551724137931033
May 2006,0.7271030962461393,China,0.7241379310344829,0.5369458128078818,0.9113300492610837,0.5369458128078818,0.3103448275862069,0.5566502463054187
June 2006,0.8875583222728832,China,0.1330049261083744,0.8768472906403941,0.9064039408866995,0.5221674876847291,0.4285714285714286,0.22660098522167488
July 2006,0.5563958980099403,China,0.20689655172413793,0.5270935960591133,0.9014778325123153,0.5123152709359603,0.9310344827586207,0.04926108374384237
August 2006,0.2857142857142857,China,0.17733990147783252,0.729064039408867,0.896551724137931,0.4975369458128079,0.6354679802955665,0.0049261083743842365
September 2006,0.261551418650406,China,0.009852216748768473,0.3103448275862069,0.8916256157635469,0.4876847290640394,0.12315270935960591,0.019704433497536946
October 2006,0.2073456975971712,China,0.029556650246305417,0.9802955665024631,0.8866995073891626,0.4729064039408867,0.7438423645320197,0.034482758620689655
November 2006,0.13370519293767752,China,0.7142857142857143,0.9064039408866995,0.8817733990147784,0.458128078817735,0.9458128078817734,0.059113300492610835
December 2006,0.18994921165643133,China,0.5665024630541872,0.6847290640394089,0.8768472906403941,0.45320197044334976,0.9556650246305419,0.19704433497536947
January 2007,0.4041848445536412,China,0.4285714285714286,0.8522167487684729,0.8669950738916257,0.4433497536945813,0.9605911330049262,0.270935960591133
February 2007,0.2801983777733203,China,0.7881773399014779,1.0,0.8620689655172414,0.43349753694581283,0.9950738916256158,0.2955665024630542
March 2007,0.9517546014560089,China,0.9408866995073891,0.7635467980295566,0.8571428571428572,0.4236453201970443,0.9802955665024631,0.5320197044334976
April 2007,0.6449478294981578,China,0.24630541871921183,0.4729064039408867,0.8522167487684729,0.41379310344827586,0.8522167487684729,0.2857142857142857
May 2007,0.16109983525841864,China,0.39408866995073893,0.940886699507389,0.8472906403940886,0.4088669950738916,0.3497536945812808,0.10344827586206896
June 2007,0.38497920315793444,China,0.2660098522167488,0.6354679802955665,0.8374384236453202,0.39408866995073893,0.5566502463054187,0.06896551724137931
July 2007,0.8978481715410033,China,0.8275862068965517,0.2906403940886714,0.8325123152709359,0.3891625615763546,0.8374384236453202,0.7536945812807881
August 2007,0.833576071141492,China,0.3694581280788177,0.5911330049261083,0.8275862068965517,0.3793103448275862,0.7783251231527093,0.9014778325123153
September 2007,0.7300543093761708,China,0.08374384236453201,0.5960591133004921,0.8226600985221674,0.3743842364532019,0.3054187192118227,0.8472906403940886
October 2007,0.6728627680077746,China,0.10837438423645321,0.43349753694581283,0.8177339901477833,0.3645320197044335,0.5369458128078818,0.4285714285714286
November 2007,0.4590362557477696,China,0.29064039408866993,0.541871921182266,0.8078817733990148,0.35960591133004927,0.458128078817734,0.25615763546798
December 2007,0.47581495350807135,China,0.6502463054187192,0.896551724137931,0.8029556650246306,0.3497536945812808,0.5123152709359605,0.3645320197044335
January 2008,0.7627231762962973,China,0.8522167487684729,0.06896551724137931,0.7980295566502464,0.33990147783251234,0.009852216748768473,0.43842364532019706
February 2008,0.6603033933889879,China,0.29556650246305416,0.054187192118226604,0.7931034482758621,0.33497536945812806,0.37438423645320185,0.4433497536945813
March 2008,0.5291355060217747,China,0.32019704433497537,0.9605911330049262,0.7881773399014779,0.3251231527093596,0.6206896551724138,0.30049261083743833
April 2008,0.7683970148224218,China,0.7389162561576355,0.6699507389162561,0.7832512315270936,0.32019704433497537,0.8768472906403941,0.31527093596059114
May 2008,0.5016488635551788,China,0.5123152709359606,0.6798029556650247,0.7783251231527093,0.3103448275862069,0.33497536945812806,0.1477832512315271
June 2008,0.5228080006903836,China,0.5812807881773399,0.14285714285714285,0.7733990147783252,0.3054187192118227,0.39408866995073893,0.054187192118226604
July 2008,0.3629356245604138,China,0.5073891625615764,0.2955665024630542,0.768472906403941,0.2955665024630542,0.8916256157635469,0.014778325123152709
August 2008,0.49461442427539615,China,0.891625615763547,0.2512315270935958,0.7635467980295566,0.29064039408866993,0.9014778325123153,0.33004926108374383
September 2008,0.4132561215871864,China,0.054187192118226604,0.5615763546798029,0.7586206896551724,0.28078817733990147,0.6650246305418719,0.4729064039408867
October 2008,0.5418686234931951,China,0.1871921182266009,0.7044334975369458,0.7536945812807881,0.27586206896551724,0.5172413793103449,0.3842364532019705
November 2008,0.8126594177291221,China,0.45320197044334976,0.5172413793103449,0.7487684729064038,0.2660098522167488,0.9162561576354681,0.7487684729064039
December 2008,0.3989193394535982,China,0.43349753694581283,0.6206896551724138,0.7438423645320197,0.24630541871921183,0.7536945812807881,0.5763546798029556
January 2009,0.22586986114992103,China,0.3645320197044335,0.6157635467980296,0.7389162561576355,0.2315270935960591,0.7487684729064007,0.5665024630541872
February 2009,0.25060361418377103,China,0.9458128078817734,0.9901477832512301,0.6009852216748764,0.22167487684729065,0.5862068965517235,0.49261083743842365
March 2009,0.43378320467648523,China,0.5270935960591133,0.7192118226600985,0.5763546798029556,0.2019704433497537,0.49261083743842365,0.5221674876847291
April 2009,0.3833529741368586,China,0.4088669950738916,0.7733990147783252,0.541871921182266,0.19211822660098524,0.5911330049261084,0.41379310344827586
May 2009,0.5567871151139032,China,0.5714285714285714,0.47783251231527096,0.5073891625615764,0.18226600985221675,0.6009852216748769,0.3448275862068966
June 2009,0.595756077224451,China,0.22167487684729065,0.8325123152709359,0.4876847290640394,0.17733990147783252,0.5073891625615763,0.09359605911330039
July 2009,0.29091321317606283,China,0.15270935960591134,0.4285714285714286,0.45812807881773404,0.15763546798029557,0.6699507389162561,0.024630541871921183
August 2009,0.5349568957110156,China,0.26108374384236455,0.2561576354679803,0.43349753694581283,0.15270935960591134,0.8029556650246306,0.20689655172413793
September 2009,0.41401804663214997,China,0.06403940886699508,0.4187192118226601,0.41379310344827586,0.14285714285714285,0.22660098522167488,0.11330049261083744
October 2009,0.17280867948128464,China,0.04926108374384237,0.8866995073891626,0.3842364532019705,0.11822660098522167,0.25615763546798026,0.07389162561576348
November 2009,0.3229643818000723,China,0.8472906403940886,0.0,0.35960591133004927,0.11330049261083744,0.034482758620689655,0.23645320197044334
December 2009,0.7560189878791292,China,0.6748768472906417,0.1625615763546798,0.33004926108374383,0.07881773399014778,0.054187192118226604,0.4236453201970443
January 2010,0.5714285714285714,China,0.47783251231527096,0.5221674876847291,0.3448275862068966,0.06896551724137931,0.07389162561576355,0.35960591133004927
February 2010,0.4641783717090509,China,0.9064039408866995,0.7536945812807881,0.3645320197044335,0.09359605911330049,0.029556650246305417,0.4088669950738916
March 2010,0.5767153455412911,China,0.8374384236453202,0.06403940886699508,0.3743842364532019,0.04926108374384237,0.07881773399014778,0.5862068965517242
April 2010,0.8460972548621462,China,0.4729064039408867,0.0049261083743842365,0.3891625615763546,0.059113300492610835,0.06896551724137931,0.6847290640394089
May 2010,0.9304639601609265,China,0.3842364532019705,0.3448275862068966,0.3990147783251233,0.054187192118226604,0.9359605911330049,0.6305418719211823
June 2010,0.9899780991607705,China,0.03940886699507389,0.41379310344827586,0.4187192118226601,0.07389162561576355,0.3990147783251233,0.27586206896551724
July 2010,0.9050301819015745,China,0.7438423645320197,0.6650246305418719,0.4285714285714286,0.06403940886699508,0.19704433497536947,0.8078817733990148
August 2010,0.8797527015537054,China,0.7192118226600985,0.4975369458128079,0.4433497536945813,0.08866995073891626,0.9753694581280788,0.6798029556650247
September 2010,1.0,China,0.6798029556650247,0.5073891625615763,0.45320197044334976,0.10837438423645321,0.9211822660098522,0.8866995073891626
October 2010,0.9623041283879838,China,0.07881773399014778,0.19211822660098524,0.46798029556650245,0.09852216748768473,0.7339901477832512,0.8669950738916257
November 2010,0.9109536248511518,China,0.2413793103448276,0.7487684729064021,0.47783251231527096,0.12807881773399016,0.5615763546798029,0.541871921182266
December 2010,0.7842377520639503,China,0.5862068965517242,0.7339901477832512,0.49261083743842365,0.12315270935960591,0.7093596059113301,0.5714285714285714
January 2011,999.0,China,0.3497536945812808,0.009852216748768473,0.5024630541871921,0.1330049261083744,0.5812807881773399,0.4975369458128079
February 2011,0.5660670612307512,China,0.6059113300492611,0.7438423645320197,0.5123152709359603,0.1625615763546798,0.18226600985221675,0.3891625615763547
March 2011,0.46881590826113817,China,0.23645320197044334,0.2857142857142857,0.5221674876847291,0.13793103448275862,0.04926108374384237,0.2660098522167488
April 2011,0.27012989987904396,China,0.12807881773399016,0.645320197044335,0.5270935960591133,0.16748768472906403,0.03940886699507389,0.08866995073891626
May 2011,0.1055854210888755,China,0.2512315270935961,0.3645320197044335,0.5369458128078818,0.1724137931034483,0.47783251231527096,0.03940886699507389
June 2011,999.0,China,0.9261083743842364,0.6502463054187192,0.5517241379310345,0.18719211822660098,0.10344827586206896,0.04433497536945813
July 2011,0.09291959677366551,China,0.19211822660098524,0.4433497536945813,0.5615763546798029,0.20689655172413793,0.21674876847290642,0.0
August 2011,0.1499807211138784,China,0.729064039408867,0.1724137931034483,0.5665024630541872,0.21674876847290642,0.9261083743842364,0.009852216748768473
September 2011,0.3547731865993469,China,0.22660098522167488,0.029556650246305417,0.58128078817734,0.22660098522167488,0.6847290640394089,0.06403940886699508
October 2011,0.4886062381388503,China,0.13793103448275862,0.3793103448275862,0.5862068965517242,0.23645320197044334,0.8325123152709359,0.3497536945812808
November 2011,0.6307890011397801,China,0.9556650246305419,0.8916256157635468,0.5960591133004927,0.2512315270935961,0.9852216748768473,0.4876847290640394
December 2011,999.0,China,0.5615763546798029,0.1330049261083744,0.7241379310344828,0.2561576354679803,0.9704433497536946,0.7044334975369458
January 2012,0.9817410978666673,China,0.4975369458128079,0.270935960591133,0.729064039408867,0.270935960591133,0.8669950738916257,0.645320197044335
January 2012,0.9352822097402222,China,0.5024630541871915,0.2660098522167488,0.6157635467980296,0.0,0.8571428571428572,0.6354679802955665
February 2012,0.6242183049836675,China,0.41379310344827586,0.03940886699507389,0.6354679802955665,0.009852216748768473,0.41379310344827586,0.5024630541871922
March 2012,0.7387753465001398,China,0.6896551724137931,0.10344827586206896,0.6059113300492611,0.0049261083743842365,0.09359605911330049,0.5517241379310345
April 2012,0.6485002574712897,China,0.4433497536945813,0.8571428571428572,0.6206896551724138,0.014778325123152709,0.9507389162561577,0.32019704433497537
May 2012,999.0,China,0.3103448275862069,0.812807881773399,0.6108374384236454,0.019704433497536946,0.9655172413793104,0.46798029556650245
June 2012,0.5816322468330425,China,0.16748768472906403,0.6059113300492417,0.6305418719211823,0.024630541871921183,0.19211822660098524,0.12807881773399005
July 2012,0.6176510236809251,China,0.3990147783251255,0.5665024630541872,0.625615763546798,0.029556650246305417,0.32019704433497537,0.6157635467980296
August 2012,0.9756130227887039,China,0.270935960591133,0.2413793103448276,0.6403940886699507,0.034482758620689655,0.6896551724137931,0.39901477832512317
September 2012,0.6902571663211846,China,0.21674876847290642,0.07389162561576355,0.6502463054187192,0.03940886699507389,1.0,0.7931034482758621
October 2012,999.0,China,0.09359605911330049,0.5467980295566502,0.645320197044335,0.04433497536945813,0.5763546798029557,0.28078817733990147
November 2012,0.5906191808171035,China,0.8029556650246306,0.024630541871921183,0.6600985221674877,0.08374384236453201,0.2512315270935961,0.5123152709359605
December 2012,0.6363734123838534,China,0.8620689655172414,0.014778325123152709,0.6551724137931034,0.10344827586206896,0.08866995073891626,0.6206896551724138
January 2013,0.6844880659265946,China,0.6009852216748619,0.4581280788177345,0.6650246305418719,0.1477832512315271,0.15763546798029557,0.58128078817734
February 2013,0.7491077722750016,China,0.6945812807881774,0.5714285714285714,0.6748768472906403,0.19704433497536947,0.1871921182266009,0.5467980295566502
March 2013,999.0,China,0.3448275862068966,0.8719211822659956,0.6699507389162561,0.21182266009852216,0.5665024630541872,0.3793103448275862
April 2013,0.30661901827669946,China,0.25615763546798004,0.09852216748768473,0.6798029556650247,0.2413793103448276,0.33990147783251234,0.21182266009852216
May 2013,0.4285714285714286,China,0.8669950738916257,0.7142857142857143,0.6847290640394089,0.26108374384236455,0.5714285714285714,0.3054187192118227
June 2013,0.7735194035616136,China,0.33497536945812806,0.3842364532019705,0.6896551724137931,0.2857142857142857,0.7389162561576355,0.2413793103448276
July 2013,0.8497876697649998,China,0.6650246305418719,0.6945812807881774,0.6945812807881774,0.3004926108374384,0.8275862068965517,0.16748768472906403
August 2013,999.0,China,0.024630541871921183,0.9261083743842364,0.6995073891625616,0.31527093596059114,0.3694581280788177,0.029556650246305417
September 2013,999.0,China,0.19704433497536947,0.4827586206896552,0.7044334975369458,0.33004926108374383,0.30049261083743845,0.08374384236453201
October 2013,0.11325031790278745,China,0.07389162561576355,0.5566502463054187,0.7093596059113301,0.3448275862068966,0.541871921182266,0.09852216748768473
November 2013,0.10194965672540639,China,0.5369458128078818,0.4039408866995074,0.7142857142857143,0.35467980295566504,0.7586206896551724,0.15270935960591134
December 2013,0.12446530225410614,China,0.4581280788177341,0.5123152709359605,0.7192118226600985,0.3694581280788177,0.7832512315270936,0.1724137931034483
January 2014,0.09428245587226484,China,0.4630541871921182,0.9852216748768473,0.5911330049255843,0.3842364532019705,0.812807881773399,0.1625615763546798
February 2014,999.0,China,0.8866995073891626,0.21182266009852216,0.5714285714285714,0.39901477832512317,0.6502463054187192,0.22167487684729065
March 2014,0.20464576817404886,China,0.35467980295566504,0.9704433497536946,0.5566502463054187,0.4039408866995074,0.896551724137931,0.18719211822660098
April 2014,0.1862001160287079,China,0.8325123152709359,0.7832512315270936,0.5320197044334976,0.4187192118226601,0.9113300492610837,0.21674876847290642
May 2014,0.5034736244311327,China,0.5911330049261081,0.6009852216748769,0.5172413793103449,0.4285714285714286,0.46798029556650245,0.2019704433497537
June 2014,0.3265734651166999,China,0.1477832512315271,0.23645320197044334,0.4975369458128079,0.43842364532019706,0.3793103448275862,0.11822660098522167
July 2014,999.0,China,0.019704433497536946,0.33004926108374383,0.4827586206896552,0.4482758620689655,0.20689655172413793,0.18226600985221675
August 2014,0.06419360548701199,China,0.3054187192118227,0.04926108374384237,0.4630541871921182,0.4630541871921182,0.09852216748768473,0.29064039408867054
September 2014,0.1327509995731943,China,0.7980295566502463,0.22660098522167488,0.4482758620689655,0.47783251231527096,0.43349753694581283,0.9359605911330049
October 2014,0.3337298814371495,China,0.2019704433497537,0.7241379310344834,0.43842364532019706,0.49261083743842365,0.6403940886699507,0.9064039408866995
November 2014,0.42304372359362175,China,0.7783251231527092,0.5024630541871922,0.4236453201970443,0.5024630541871922,0.768472906403941,0.9113300492610837
December 2014,999.0,China,0.4039408866995074,0.15763546798029557,0.4039408866995074,0.5172413793103449,0.8078817733990148,0.8522167487684729
January 2015,0.27185254188085883,China,0.625615763546798,0.9655172413793104,0.39408866995073893,0.5320197044334976,0.9064039408866995,0.6600985221674877
February 2015,0.17747147297808608,China,0.6847290640394089,0.8423645320197045,0.3793103448275862,0.5517241379310345,0.7635467980295566,0.4630541871921182
March 2015,0.19567711544348598,China,0.5467980295566502,0.8374384236453202,0.3694581280788177,0.5615763546798029,0.8423645320197044,0.4482758620689655
April 2015,0.3394849573107438,China,0.768472906403941,0.3054187192118227,0.35467980295566504,0.5763546798029557,0.7044334975369456,0.6108374384236454
April 2015,0.16605913941033495,China,0.7733990147783252,0.30049261083743845,0.3497536945812808,0.46798029556650245,0.6945812807881774,0.6059113300492611
May 2015,999.0,China,0.6403940886699507,0.4088669950738916,0.33990147783251234,0.4827586206896552,0.8472906403940886,0.3694581280788177
June 2015,999.0,China,1.0,0.12807881773399016,0.3251231527093596,0.5073891625615764,0.4876847290640394,0.6403940886699507
July 2015,0.39102740469316033,China,0.0049261083743842365,0.08866995073891626,0.32019704433497537,0.5270935960591133,0.04433497536945813,0.1330049261083744
August 2015,0.07399281329525727,China,0.1724137931034483,0.21674876847290642,0.31527093596059114,0.541871921182266,0.2660098522167488,0.07881773399014778
September 2015,0.040547049257051916,China,0.09852216748768473,0.33497536945812806,0.3054187192118227,0.5665024630541872,0.645320197044335,0.2315270935960591
October 2015,999.0,China,0.11330049261083744,0.5862068965517242,0.28078817733990147,0.5812807881773399,0.4088669950738916,0.35467980295566504
November 2015,999.0,China,0.9950738916256158,0.08374384236453201,0.24630541871921183,0.5960591133004922,0.0,0.7635467980295566
December 2015,0.3155978438252021,China,0.6157635467980296,0.6896551724137931,0.22167487684729065,0.6059113300492609,0.22167487684729065,0.8325123152709359
January 2016,0.05371533957998298,China,0.6995073891625616,0.14778325123152702,0.22660098522167488,0.6157635467980296,0.2906403940886702,0.8177339901477833
February 2016,0.23191611057385017,China,0.5221674876847291,0.7389162561576355,0.2315270935960591,0.6305418719211823,0.15270935960591134,0.7783251231527093
March 2016,0.1553480175959972,China,0.33004926108374383,0.8817733990147784,0.23645320197044334,0.6403940886699507,0.4039408866995074,0.6699507389162561
April 2016,999.0,China,0.8226600985221671,0.9113300492610837,0.2512315270935959,0.6551724137931032,0.8226600985221674,0.8423645320197045
May 2016,0.30268821511153643,China,0.8177339901477833,0.15270935960591134,0.2561576354679803,0.6650246305418719,0.8177339901477833,0.8916256157635474
June 2016,0.35384057863422874,China,0.9901477832512314,0.20689655172413793,0.26108374384236455,0.6748768472906421,0.5024630541871921,0.9605911330049262
July 2016,0.6966276812984036,China,0.9655172413793104,0.39901477832512333,0.2660098522167488,0.6896551724137931,0.6108374384236454,1.0
August 2016,0.3770112614303843,China,0.10344827586206896,0.6305418719211823,0.2857142857142857,0.6995073891625616,0.3645320197044335,0.6995073891625616
September 2016,999.0,China,0.08866995073891626,0.7931034482758621,0.29064039408866993,0.7142857142857143,0.11330049261083744,0.14285714285714285
October 2016,999.0,China,0.9359605911330049,0.39408866995073893,0.2955665024630542,0.7241379310344828,0.1625615763546798,0.7093596059113301
November 2016,0.7043117643243896,China,0.7832512315270936,0.24630541871921183,0.30049261083743845,0.7339901477832512,0.26108374384236455,0.9458128078817734
December 2016,0.45037115503871966,China,0.842364532019708,0.9211822660098522,0.3103448275862069,0.7438423645320197,0.5517241379310345,0.896551724137931
January 2017,0.6789144324383021,China,0.7487684729064039,0.9310344827586207,0.27586206896551724,0.7536945812807881,0.9408866995073891,0.8817733990147784
February 2017,999.0,China,0.5517241379310345,0.9014778325123153,0.2413793103448276,0.768472906403941,0.8866995073891626,0.7881773399014779
March 2017,0.3453395301396123,China,0.541871921182266,0.4876847290640394,0.21674876847290642,0.7783251231527091,0.6551724137931033,0.7438423645320197
April 2017,0.24523211373623896,China,0.5172413793103449,0.8078817733990148,0.21182266009852216,0.7881773399014779,0.6748768472906403,0.7980295566502463
May 2017,0.23753556706386414,China,0.27586206896551724,0.8620689655172414,0.20689655172413793,0.8029556650246306,0.6995073891625616,0.45320197044334976
June 2017,0.5181305275148789,China,0.49261083743842365,0.2315270935960591,0.2019704433497537,0.812807881773399,0.7881773399014779,0.3103448275862069
July 2017,999.0,China,0.12315270935960591,0.8275862068965517,0.19211822660098524,0.8226600985221674,0.4630541871921182,0.43349753694581283
August 2017,999.0,China,0.896551724137931,0.46798029556650245,0.18719211822660095,0.8374384236453202,0.4187192118226601,0.12315270935960591
September 2017,999.0,China,0.35960591133004927,0.6748768472906403,0.18226600985221675,0.8472906403940886,0.17733990147783252,0.6945812807881774
October 2017,999.0,China,0.645320197044335,0.059113300492610835,0.17733990147783252,0.8571428571428572,0.4433497536945813,0.9950738916256158
November 2017,999.0,China,0.31527093596059114,0.27586206896551724,0.1724137931034483,0.8719211822660093,0.1330049261083744,0.9655172413793104
December 2017,999.0,China,0.4876847290640394,0.5763546798029556,0.1625615763546798,0.8817733990147784,0.059113300492610835,0.8719211822660099
January 2018,999.0,China,0.9162561576354684,0.034482758620689655,0.15763546798029557,0.8916256157635469,0.0049261083743842365,0.8571428571428572
February 2018,999.0,China,0.4827586206896552,0.3497536945812808,0.1477832512315271,0.9064039408866995,0.08374384236453201,0.7733990147783252
March 2018,999.0,China,0.7044334975369457,0.9753694581280788,0.14285714285714285,0.9113300492610837,0.3842364532019705,0.812807881773399
April 2018,999.0,China,0.7635467980295566,0.8226600985221668,0.13793103448275862,0.9261083743842364,0.27586206896551724,0.6650246305418719
May 2018,999.0,China,0.9753694581280788,0.6600985221674877,0.12807881773399013,0.9359605911330049,0.35467980295566504,0.6896551724137931
June 2018,0.6548523643474788,China,0.14285714285714285,0.7093596059113301,0.12315270935960591,0.9507389162561577,0.6600985221674877,0.17733990147783252
July 2018,0.21774500246882578,China,0.21182266009852216,0.6995073891625616,0.11330049261083744,0.9605911330049262,0.6157635467980296,0.37438423645320046
August 2018,999.0,China,0.3743842364532019,0.7881773399014779,0.10837438423645321,0.9704433497536946,0.2315270935960591,0.5270935960591133
September 2018,999.0,China,0.06896551724137931,0.28078817733990147,0.09852216748768473,0.9802955665024631,0.270935960591133,0.625615763546798
October 2018,0.07384424646938847,China,0.014778325123152709,0.12315270935960591,0.09359605911330048,0.9852216748768473,0.2413793103448276,0.47783251231527096
November 2018,0.25600199435536464,China,0.7586206896551724,0.6403940886699507,0.08374384236453201,0.9901477832512314,0.4236453201970443,0.5960591133004927
December 2018,0.36927340044902135,China,0.9113300492610837,0.11822660098522167,0.07881773399014778,0.9950738916256158,0.31527093596059114,0.7389162561576355
January 2019,0.44718087428809095,China,0.7093596059113301,0.768472906403941,0.07389162561576355,1.0,0.5270935960591133,0.7339901477832512
April 2002,0.5945731395519956,Peru,0.9802955665024631,0.4187192118226601,1.0,0.9704433497536946,0.9802955665024631,0.9359605911330049
May 2002,1.0,Peru,0.6059113300492607,0.8620689655172414,0.9950738916256158,0.9605911330049262,0.9655172413793104,0.7536945812807881
June 2002,999.0,Peru,0.7881773399014779,0.5566502463054187,0.9901477832512314,0.9507389162561577,0.8916256157635468,0.768472906403941
July 2002,999.0,Peru,0.8423645320197047,0.5024630541871914,0.9852216748768473,0.9458128078817734,0.8817733990147784,0.8275862068965517
August 2002,0.876943736637831,Peru,0.6896551724137931,0.6108374384236454,0.9802955665024631,0.9359605911330049,0.8374384236453202,0.7881773399014779
September 2002,0.863297424889377,Peru,0.23645320197044334,0.6009852216748769,0.9753694581280788,0.9261083743842364,0.8078817733990148,0.7635467980295566
October 2002,0.8868742170568584,Peru,0.3103448275862069,0.8374384236453202,0.9704433497536946,0.916256157635469,0.5714285714285714,0.8177339901477833
November 2002,0.9933536784043774,Peru,0.9359605911330049,0.8817733990147784,0.9655172413793104,0.9064039408866995,0.8620689655172414,0.8916256157635472
December 2002,0.9887515981437941,Peru,0.896551724137931,0.9556650246305419,0.9605911330049262,0.9014778325123153,0.9704433497536946,0.8768472906403941
January 2003,0.517287591550264,Peru,0.6009852216748769,0.896551724137931,0.9556650246305419,0.891625615763547,0.8719211822660095,0.26108374384236455
February 2003,0.458290503032005,Peru,0.19704433497536947,0.8866995073891626,0.9507389162561577,0.8817733990147784,0.9014778325123153,0.10837438423645321
March 2003,0.7335202717980944,Peru,0.07881773399014778,0.8423645320197044,0.9458128078817734,0.8719211822660099,0.6748768472906408,0.029556650246305417
April 2003,0.719920000999378,Peru,0.22660098522167488,0.6403940886699507,0.940886699507389,0.8669950738916257,0.15270935960591134,0.034482758620689655
May 2003,0.7635309851536272,Peru,0.6354679802955665,0.5172413793103449,0.9359605911330049,0.8571428571428572,0.09852216748768473,0.12807881773399002
June 2003,999.0,Peru,0.7733990147783252,0.3793103448275862,0.9310344827586207,0.8472906403940886,0.26108374384236455,0.30049261083743845
July 2003,0.9043443251995075,Peru,0.7241379310344828,0.4088669950738916,0.9261083743842364,0.8423645320197045,0.4285714285714286,0.5320197044334976
August 2003,0.8274913383532027,Peru,0.6650246305418719,0.5467980295566502,0.9211822660098522,0.8325123152709359,0.4236453201970443,0.6551724137931032
September 2003,0.7528879128131385,Peru,0.12807881773399016,0.41379310344827586,0.896551724137931,0.8275862068965517,0.41379310344827586,0.625615763546798
October 2003,0.8920730868277419,Peru,0.15270935960591134,0.7536945812807881,0.8275862068965517,0.8177339901477833,0.5615763546798029,0.47783251231527096
November 2003,0.6234429000508396,Peru,0.778325123152709,0.812807881773399,0.7438423645320197,0.8078817733990148,0.3448275862068966,0.49261083743842365
December 2003,0.6746240130429614,Peru,0.729064039408867,0.7438423645320197,0.6798029556650247,0.8029556650246306,0.35960591133004927,0.3793103448275862
January 2004,0.3987363878689004,Peru,0.06896551724137931,0.625615763546798,0.6206896551724138,0.7931034482758621,0.7438423645320197,0.16748768472906403
February 2004,0.5581502028341566,Peru,0.5024630541871922,0.7635467980295566,0.4482758620689655,0.7832512315270936,0.22660098522167488,0.08866995073891626
March 2004,0.030045361612736448,Peru,0.09852216748768473,0.916256157635468,0.33497536945812806,0.7733990147783252,0.14285714285714285,0.0
April 2004,0.09729739210562813,Peru,0.20689655172413793,0.6748768472906427,0.24630541871921183,0.7635467980295566,0.03940886699507389,0.024630541871921183
May 2004,0.4384437683561424,Peru,0.45320197044334976,0.33004926108374383,0.19704433497536947,0.7586206896551724,0.029556650246305417,0.10344827586206896
June 2004,0.250762101866889,Peru,0.7487684729064038,0.1330049261083744,0.16748768472906403,0.7487684729064038,0.054187192118226604,0.22167487684729065
July 2004,0.8674961617670687,Peru,0.8620689655172414,0.11822660098522167,0.13793103448275862,0.7389162561576355,0.13793103448275862,0.4039408866995074
August 2004,0.6011848995059672,Peru,0.6748768472906405,0.19211822660098524,0.11822660098522167,0.7339901477832512,0.15763546798029557,0.5566502463054187
September 2004,0.6499594207101845,Peru,0.3448275862068966,0.32019704433497537,0.09852216748768473,0.7241379310344829,0.1871921182265992,0.6945812807881774
October 2004,0.6422142960232873,Peru,0.31527093596059114,0.5320197044334976,0.08374384236453201,0.7142857142857143,0.3645320197044335,0.6896551724137931
November 2004,0.48235274568949355,Peru,0.8866995073891626,0.6847290640394089,0.06403940886699508,0.7044334975369458,0.5665024630541872,0.8226600985221675
December 2004,0.4940853416629252,Peru,0.8374384236453202,0.7487684729064036,0.0,0.6945812807881774,0.6945812807881774,0.6650246305418719
January 2005,0.37653742701301013,Peru,0.16748768472906403,0.7832512315270936,0.0049261083743842365,0.6896551724137931,0.8177339901477833,0.21182266009852216
February 2005,0.08304982448144092,Peru,0.21182266009852216,0.7733990147783252,0.009852216748768473,0.6798029556650247,0.019704433497536946,0.11330049261083744
March 2005,0.05924196980544347,Peru,0.5911330049261084,0.4729064039408867,0.014778325123152709,0.6699507389162561,0.45812807881773404,0.7438423645320197
April 2005,0.06548044246758476,Peru,0.08866995073891626,0.9310344827586207,0.019704433497536946,0.6650246305418719,0.2413793103448276,0.06403940886699508
May 2005,0.02132054951578806,Peru,0.32019704433497537,0.37438423645320196,0.024630541871921183,0.655172413793103,0.10837438423645321,0.1330049261083744
June 2005,0.10081290477638295,Peru,0.5073891625615761,0.6059113300492611,0.029556650246305417,0.645320197044335,0.10344827586206896,0.270935960591133
July 2005,0.14285714285714285,Peru,0.5172413793103449,0.5073891625615763,0.034482758620689655,0.6354679802955665,0.12807881773399016,0.4482758620689655
August 2005,0.07072950274271027,Peru,0.5812807881773412,0.541871921182266,0.03940886699507389,0.6305418719211823,0.18226600985221675,0.5517241379310345
September 2005,0.08891384580603169,Peru,0.06403940886699508,0.2955665024630542,0.04433497536945813,0.6206896551724138,0.19211822660098524,0.5467980295566502
October 2005,0.11936933500521046,Peru,0.12315270935960591,0.15270935960591134,0.04926108374384237,0.6108374384236454,0.21674876847290642,0.729064039408867
November 2005,0.1363052588925287,Peru,0.3054187192118227,0.27586206896551724,0.054187192118226604,0.6009852216748769,0.3103448275862069,0.3645320197044335
December 2005,0.12831086849102982,Peru,0.4039408866995074,0.18226600985221675,0.059113300492610835,0.5911330049261084,0.09359605911330049,0.7044334975369454
January 2006,0.4285714285714286,Peru,0.2413793103448276,0.6551724137930657,0.06896551724137931,0.5862068965517238,0.17733990147783252,0.28078817733990147
February 2006,0.19475514433355817,Peru,0.9605911330049262,0.7093596059113301,0.07389162561576355,0.5763546798029556,0.7339901477832512,0.9064039408866995
March 2006,0.2216231769980346,Peru,0.940886699507389,0.4975369458128079,0.07881773399014778,0.5615763546798029,0.7635467980295566,0.9458128078817734
April 2006,0.42015500121339083,Peru,0.3497536945812808,0.22660098522167488,0.08866995073891626,0.5517241379310345,0.9113300492610837,0.9014778325123153
May 2006,0.21326114554100883,Peru,0.24630541871921183,0.2561576354679802,0.09359605911330048,0.5369458128078818,0.729064039408867,0.33004926108374383
June 2006,0.0,Peru,0.7536945812807881,0.3842364532019705,0.10344827586206896,0.5270935960591133,0.4876847290640394,0.7586206896551724
July 2006,0.2857142857142857,Peru,0.625615763546798,0.7881773399014779,0.10837438423645321,0.5123152709359605,0.4482758620689655,0.7192118226600985
August 2006,0.46935007426536113,Peru,0.7832512315270936,0.8669950738916257,0.11330049261083744,0.5024630541871917,0.5763546798029558,0.6995073891625616
September 2006,0.30970880278600843,Peru,0.17733990147783252,0.768472906403941,0.12315270935960591,0.4876847290640394,0.5467980295566502,0.7389162561576355
October 2006,0.15859421304762913,Peru,0.054187192118226604,0.8472906403940886,0.12807881773399013,0.4729064039408867,0.58128078817734,0.5172413793103449
November 2006,0.4091448224747275,Peru,0.9064039408866995,0.8275862068965517,0.1330049261083744,0.4630541871921182,0.33004926108374383,0.7832512315270936
December 2006,0.8988065132044638,Peru,0.8522167487684729,0.7783251231527094,0.14285714285714285,0.45320197044334976,0.5566502463054187,0.8325123152709359
January 2007,0.7927100122050715,Peru,0.8177339901477833,0.9704433497536946,0.14778325123152708,0.4482758620689655,0.7241379310344829,0.22660098522167488
February 2007,0.10936835139357211,Peru,0.0049261083743842365,0.8177339901477833,0.15270935960591134,0.43842364532019706,0.8275862068965517,0.04433497536945813
March 2007,0.2614131178394183,Peru,0.7389162561576355,0.5960591133004923,0.15763546798029557,0.4285714285714286,0.04433497536945813,0.13793103448275862
April 2007,0.7438830103049825,Peru,0.6945812807881774,0.45320197044334976,0.1625615763546798,0.4236453201970443,0.11330049261083744,0.14285714285714285
May 2007,0.5072503507196326,Peru,0.5566502463054187,0.2019704433497537,0.1724137931034483,0.41379310344827586,0.5172413793103449,0.1724137931034483
June 2007,0.3511893585209039,Peru,0.5615763546798029,0.11330049261083744,0.17733990147783252,0.4088669950738916,0.25123152709359603,0.31527093596059114
July 2007,0.15059908661465596,Peru,0.7044334975369456,0.12807881773399013,0.18226600985221675,0.3990147783251232,0.3004926108374379,0.45320197044334976
August 2007,0.4878942209967915,Peru,0.6305418719211823,0.019704433497536946,0.18719211822660095,0.39408866995073893,0.32019704433497537,0.6305418719211823
September 2007,0.22482953615562726,Peru,0.08374384236453201,0.16748768472906403,0.19211822660098524,0.3793103448275862,0.29064039408866993,0.5665024630541872
October 2007,0.3231121394784368,Peru,0.1724137931034483,0.034482758620689655,0.2019704433497537,0.37438423645320185,0.4088669950738916,0.5960591133004927
November 2007,0.9358665513553086,Peru,0.8669950738916257,0.2413793103448276,0.20689655172413793,0.3645320197044335,0.5320197044334976,0.8423645320197047
December 2007,0.6344338694875712,Peru,0.33004926108374383,0.0,0.21182266009852216,0.35960591133004927,0.2955665024630542,0.3990147783251236
January 2008,0.8571428571428572,Peru,0.9507389162561577,0.14285714285714285,0.2315270935960591,0.3497536945812808,0.1724137931034483,0.896551724137931
February 2008,0.3691295466096125,Peru,0.9458128078817734,0.10344827586206896,0.2561576354679803,0.3448275862068966,0.6502463054187192,0.9802955665024631
March 2008,0.9600172859448093,Peru,0.9556650246305419,0.12315270935960591,0.2857142857142857,0.33497536945812806,0.8472906403940886,0.9901477832512299
April 2008,0.6110153850712159,Peru,0.812807881773399,0.04926108374384237,0.3251231527093596,0.3251231527093596,0.9852216748768473,0.9852216748768473
May 2008,0.7142857142857143,Peru,0.6403940886699507,0.08374384236453201,0.3743842364532014,0.31527093596059114,0.7931034482758621,0.9605911330049262
June 2008,0.8458447906897033,Peru,0.7142857142857143,0.19704433497536947,0.4088669950738916,0.3103448275862069,0.8866995073891626,0.916256157635468
July 2008,0.80545128695039,Peru,0.6847290640394089,0.43349753694581283,0.4630541871921182,0.3004926108374384,0.7980295566502463,0.8866995073891626
August 2008,0.8768380458580152,Peru,0.7339901477832512,0.4630541871921182,0.5369458128078818,0.2906403940886703,0.812807881773399,0.8669950738916257
September 2008,0.6965703649964918,Peru,0.15763546798029557,0.5862068965517242,0.5960591133004927,0.2857142857142857,0.7733990147783252,0.8522167487684729
October 2008,0.4771211622528537,Peru,0.28078817733990147,0.4285714285714286,0.6403940886699507,0.27586206896551724,0.6108374384236454,0.8571428571428572
November 2008,0.512046947938641,Peru,0.7438423645320197,0.3891625615763546,0.6551724137931034,0.270935960591133,0.9507389162561577,0.812807881773399
December 2008,0.8175907323929585,Peru,0.2019704433497537,0.15763546798029557,0.6748768472907182,0.26108374384236455,0.9261083743842364,0.46798029556650245
January 2009,0.660659099105079,Peru,0.9852216748768473,0.13793103448275862,0.6995073891625616,0.25123152709359603,0.2660098522167488,0.9655172413793104
February 2009,0.7676251056574427,Peru,0.9655172413793104,0.2512315270935961,0.7044334975369458,0.24630541871921183,0.6798029556650247,0.9261083743842364
March 2009,0.6355834095865279,Peru,0.6995073891625616,0.2857142857142857,0.7241379310344828,0.2315270935960591,0.8226600985221674,0.9408866995073887
April 2009,0.9761130886099912,Peru,0.46798029556650245,0.5615763546798029,0.729064039408867,0.22660098522167488,0.7832512315270936,0.3497536945812808
May 2009,0.9631158642482033,Peru,0.7586206896551724,0.3251231527093596,0.7487684729064039,0.21182266009852216,0.8522167487684729,0.6847290640394089
June 2009,0.927252338115462,Peru,0.6551724137931031,0.6354679802955665,0.7635467980295566,0.19704433497536947,0.7586206896551724,0.645320197044335
July 2009,0.49990481777797036,Peru,0.7192118226600985,0.7586206896551724,0.7832512315270936,0.17733990147783252,0.6650246305418719,0.724137931034483
August 2009,0.6541621312803287,Peru,0.6798029556650247,0.7241379310344828,0.8029556650246306,0.16748768472906403,0.7487684729064037,0.7339901477832512
September 2009,0.9535967918100745,Peru,0.10344827586206896,0.7389162561576355,0.8226600985221673,0.15763546798029557,0.6551724137931034,0.6403940886699507
October 2009,0.46412260187998755,Peru,0.2512315270935959,0.8522167487684729,0.8472906403940886,0.13793103448275862,0.6699507389162561,0.4876847290640394
November 2009,0.6916989143063068,Peru,0.8768472906403941,0.8029556650246306,0.8669950738916257,0.12807881773399016,0.3251231527093596,0.4975369458128079
December 2009,0.530784130389314,Peru,0.5714285714285714,0.8719211822660097,0.8817733990147784,0.09852216748768473,0.7192118226600985,0.3842364532019705
January 2010,0.16725301212672974,Peru,0.2955665024630542,0.9113300492610837,0.8719211822660098,0.06403940886699508,0.896551724137931,0.20689655172413793
February 2010,0.3035158081999276,Peru,0.7635467980295566,0.9507389162561577,0.8620689655172414,0.08866995073891626,0.8768472906403941,0.18719211822660098
March 2010,0.1812438525883581,Peru,0.22167487684729065,0.9211822660098522,0.8571428571428572,0.034482758620689655,0.8423645320197045,0.03940886699507389
April 2010,0.1844130050401793,Peru,0.3793103448275862,0.9064039408866995,0.8423645320197054,0.04433497536945813,0.3694581280788177,0.08374384236453201
May 2010,0.3335836858738655,Peru,0.5467980295566502,0.7931034482758621,0.8325123152709359,0.03940886699507389,0.625615763546798,0.19704433497536947
June 2010,0.10822165383714359,Peru,0.541871921182266,0.4433497536945813,0.8177339901477833,0.054187192118226604,0.5270935960591133,0.35960591133004927
July 2010,0.33807500960827935,Peru,0.5369458128078818,0.1724137931034483,0.8078817733990148,0.04926108374384237,0.5369458128078818,0.5763546798029558
August 2010,0.31529627811196737,Peru,0.4088669950738916,0.30049261083743845,0.7980295566502468,0.059113300492610835,0.5073891625615764,0.6157635467980296
September 2010,0.25590488502656605,Peru,0.14285714285714285,0.14778325123152708,0.7931034482758621,0.07881773399014778,0.5862068965517241,0.5812807881773401
October 2010,0.2690033217034298,Peru,0.034482758620689655,0.09852216748768473,0.7783251231527093,0.06896551724137931,0.6059113300492611,0.29556650246305377
November 2010,0.03923665607774557,Peru,0.270935960591133,0.0049261083743842365,0.768472906403941,0.09359605911330049,0.28078817733990147,0.3251231527093596
December 2010,0.20839012014800595,Peru,0.3891625615763547,0.009852216748768473,0.7586206896551724,0.08374384236453201,0.06403940886699508,0.2906403940886701
January 2011,999.0,Peru,0.3842364532019705,0.07881773399014778,0.7339901477832512,0.10344827586206896,0.07881773399014778,0.2413793103448276
February 2011,0.6836226848148252,Peru,0.009852216748768473,0.1625615763546798,0.7093596059113301,0.11330049261083744,0.596059113300492,0.1625615763546798
March 2011,0.5874765744321337,Peru,0.0,0.07389162561576355,0.6945812807881774,0.10837438423645321,0.059113300492610835,0.009852216748768473
April 2011,0.2973653208795392,Peru,0.9261083743842364,0.10837438423645321,0.6699507389162561,0.11822660098522167,0.0,0.9211822660098522
May 2011,0.12799554061169344,Peru,0.2857142857142857,0.4236453201970443,0.6502463054187192,0.1330049261083744,0.46798029556650245,0.15270935960591134
June 2011,999.0,Peru,0.4975369458128079,0.6896551724137931,0.625615763546798,0.1477832512315271,0.23645320197044334,0.3103448275862069
July 2011,0.01948992575564551,Peru,0.5960591133004927,0.33990147783251234,0.5566502463054187,0.15270935960591134,0.20689655172413793,0.6059113300492608
August 2011,0.24243577702687505,Peru,0.4433497536945813,0.3645320197044335,0.4876847290640394,0.1625615763546798,0.3054187192118227,0.6206896551724138
September 2011,0.3274598505266246,Peru,0.19211822660098524,0.26108374384236455,0.4236453201970443,0.18226600985221675,0.4187192118226601,0.6502463054187192
October 2011,0.5360967401617884,Peru,0.014778325123152709,0.024630541871921183,0.3793103448275862,0.18719211822660098,0.39901477832512317,0.5862068965517233
November 2011,0.36114375381462727,Peru,0.6206896551724138,0.35467980295566504,0.3448275862068966,0.2019704433497537,0.22167487684729065,0.5911330049261084
December 2011,999.0,Peru,0.8325123152709359,0.22167487684729065,0.3004926108374384,0.20689655172413793,0.08866995073891626,0.4827586206896552
January 2012,0.07834311935865451,Peru,0.8078817733990148,0.21674876847290642,0.32019704433497537,0.22167487684729065,0.07389162561576355,0.9556650246305419
January 2012,0.18994289801206568,Peru,0.8029556650246306,0.21182266009852216,0.31527093596059114,0.0,0.06896551724137931,0.9507389162561577
February 2012,0.9459571688201497,Peru,0.9950738916256158,0.029556650246305417,0.3497536945812808,0.0049261083743842365,0.9310344827586207,1.0
March 2012,0.818587865618845,Peru,0.9113300492610837,0.49261083743842365,0.35960591133004927,0.009852216748768473,0.9458128078817734,0.9704433497536946
April 2012,0.57735389125628,Peru,0.8472906403940886,0.43842364532019706,0.38916256157635454,0.014778325123152709,0.9064039408866995,0.9310344827586207
May 2012,999.0,Peru,0.645320197044335,0.6600985221674877,0.4039408866995074,0.019704433497536946,0.8669950738916257,0.8817733990147784
June 2012,0.4470961257330478,Peru,0.5123152709359606,0.8226600985221673,0.43349753694581283,0.024630541871921183,0.7536945812807881,0.7783251231527093
July 2012,0.4528285201620506,Peru,0.45812807881773415,0.8325123152709359,0.4581280788177341,0.029556650246305417,0.7389162561576355,0.7733990147783252
August 2012,0.2028486088544116,Peru,0.4482758620689655,0.4876847290640394,0.5024630541871921,0.07389162561576355,0.645320197044335,0.7487684729062233
September 2012,0.2372257826391866,Peru,0.1330049261083744,0.5517241379310345,0.5320197044334976,0.12315270935960591,0.6206896551724138,0.6699507389162561
October 2012,999.0,Peru,0.2315270935960591,0.3054187192118227,0.5665024630541872,0.14285714285714285,0.47783251231527096,0.6600985221674877
November 2012,0.3569656046787376,Peru,0.8817733990147784,0.6945812807881774,0.6059113300492586,0.1724137931034483,0.8571428571428572,0.8374384236453202
December 2012,0.40715888506464465,Peru,0.43842364532019706,0.3497536945812808,0.6305418719211823,0.19211822660098524,0.768472906403941,0.4187192118226601
January 2013,0.3467066274510536,Peru,0.1625615763546798,0.8078817733990148,0.6157635467980296,0.21674876847290642,0.6403940886699507,0.15763546798029557
February 2013,0.27294900185261856,Peru,0.35960591133004927,0.6206896551724138,0.6108374384236454,0.23645320197044334,0.2019704433497537,0.06896551724137931
March 2013,999.0,Peru,0.6699507389162561,0.47783251231527096,0.5911330049261084,0.2413793103448276,0.3497536945812808,0.014778325123152709
April 2013,0.006642594989167739,Peru,0.029556650246305417,0.29064039408866993,0.5812807881773409,0.2561576354679803,0.8029556650246306,0.0049261083743842365
May 2013,0.15635472542177717,Peru,0.8916256157635473,0.054187192118226604,0.5763546798029556,0.2660098522167488,0.16748768472906403,0.12315270935960591
June 2013,0.04682698627687428,Peru,0.5517241379310345,0.06403940886699508,0.5517241379310345,0.28078817733990147,0.49261083743842365,0.24630541871921183
July 2013,0.23256548828003135,Peru,0.5862068965517213,0.03940886699507389,0.541871921182266,0.2955665024630538,0.5221674876847291,0.3694581280788177
August 2013,999.0,Peru,0.6502463054187192,0.014778325123152709,0.5221674876847291,0.3054187192118227,0.4630541871921182,0.4729064039408867
September 2013,999.0,Peru,0.019704433497536946,0.17733990147783252,0.5172413793103449,0.32019704433497537,0.6009852216748766,0.37438423645320185
October 2013,0.8328712240954068,Peru,0.2660098522167488,0.09359605911330049,0.5073891625615763,0.33004926108374383,0.5024630541871922,0.6108374384236454
November 2013,0.9166406207877055,Peru,0.26108374384236455,0.059113300492610835,0.4827586206896552,0.33990147783251234,0.7093596059113301,0.2512315270935947
December 2013,0.7734003654376713,Peru,0.5763546798029557,0.3103448275862069,0.4729064039408867,0.35467980295566504,0.6305418719211823,0.2315270935960591
January 2014,0.566198460768408,Peru,0.33990147783251234,0.6798029556650247,0.43842364532019706,0.3694581280788177,0.27586206896551724,0.11822660098522167
February 2014,999.0,Peru,0.13793103448275862,0.3990147783251232,0.41379310344827586,0.3842364532019705,0.0049261083743842365,0.09359605911330048
March 2014,0.6203763638894451,Peru,0.2906403940886704,0.24630541871921183,0.39408866995073893,0.3891625615763547,0.31527093596059114,0.059113300492610835
April 2014,0.5417737767212747,Peru,0.04926108374384237,0.5812807881773399,0.3645320197044335,0.4039408866995074,0.014778325123152709,0.019704433497536946
May 2014,0.6097945361717526,Peru,0.8275862068965517,0.6699507389162561,0.33990147783251234,0.4187192118226601,0.024630541871921183,0.43842364532019706
June 2014,0.7381318959463509,Peru,0.4729064039408867,0.9458128078817734,0.3103448275862069,0.43349753694581283,0.14778325123152705,0.35467980295566504
July 2014,999.0,Peru,0.49261083743842365,0.8768472906403941,0.29556650246305416,0.4433497536945813,0.2315270935960591,0.4236453201970443
August 2014,0.725254842163145,Peru,0.47783251231527096,0.5221674876847291,0.28078817733990147,0.458128078817734,0.270935960591133,0.5073891625615764
September 2014,0.552939817157762,Peru,0.21674876847290642,0.31527093596059114,0.26108374384236455,0.46798029556650245,0.21182266009852216,0.6798029556650247
October 2014,0.7961236349948176,Peru,0.18226600985221675,0.5714285714285714,0.2413793103448276,0.47783251231527096,0.4039408866995074,0.5714285714285714
November 2014,0.6776872717180441,Peru,0.6108374384236454,0.5123152709359606,0.22660098522167488,0.49261083743842365,0.4729064039408867,0.5369458128078818
December 2014,999.0,Peru,0.8571428571428572,0.5665024630541872,0.21674876847290642,0.5073891625615763,0.6157635467980296,0.2660098522167488
January 2015,0.27948768059614715,Peru,0.6157635467980296,0.458128078817734,0.22167487684729065,0.5221674876847291,0.25615763546798026,0.8029556650246306
February 2015,0.6655250988688475,Peru,0.3694581280788177,0.5369458128078818,0.23645320197044334,0.541871921182266,0.1330049261083744,0.04926108374384237
March 2015,0.17244479033676227,Peru,0.9704433497536946,0.46798029556650245,0.25123152709359603,0.5467980295566502,0.08374384236453201,0.3891625615763547
April 2015,0.9376616817380522,Peru,0.4285714285714286,0.7142857142857143,0.270935960591133,0.5665024630541872,0.6995073891625616,0.18226600985221675
April 2015,0.9241167575099144,Peru,0.4236453201970443,0.7044334975369458,0.2660098522167488,0.4827586206896552,0.6896551724137931,0.17733990147783252
May 2015,999.0,Peru,0.768472906403941,0.9261083743842364,0.27586206896551724,0.4975369458128079,0.6600985221674877,0.3054187192118227
June 2015,999.0,Peru,0.4827586206896552,0.9852216748768473,0.29064039408867,0.5172413793103449,0.8325123152709359,0.4285714285714286
July 2015,0.8398935636014746,Peru,0.4876847290640394,0.9605911330049262,0.3054187192118227,0.5320197044334976,0.7142857142857143,0.541871921182266
August 2015,0.851538262448818,Peru,0.3645320197044335,0.8916256157635468,0.33004926108374383,0.5566502463054187,0.6847290640394089,0.5615763546798029
September 2015,0.8084907884779825,Peru,0.059113300492610835,0.9753694581280788,0.35467980295566504,0.5714285714285714,0.5123152709359606,0.4433497536945813
October 2015,999.0,Peru,0.18719211822660095,0.9655172413793104,0.3694581280788177,0.5812807881773402,0.5517241379310345,0.33497536945812806
November 2015,999.0,Peru,0.916256157635468,0.9359605911330049,0.3842364532019705,0.5960591133004922,0.38916256157635465,0.5221674876847291
December 2015,0.010163773943838411,Peru,0.7980295566502484,1.0,0.39901477832512344,0.6059113300492605,0.7881773399014779,0.19211822660098524
January 2016,0.5858339784836505,Peru,0.33497536945812806,0.99014778325123,0.4187192118226601,0.6157635467980296,0.6354679802955665,0.27586206896551724
February 2016,0.9813302704828407,Peru,0.9310344827586207,0.9950738916256158,0.4285714285714286,0.625615763546798,0.12315270935960591,0.09852216748768473
March 2016,0.5225969085693665,Peru,0.7931034482758621,0.9802955665024631,0.4433497536945813,0.6403940886699507,0.9408866995073891,0.054187192118226604
April 2016,999.0,Peru,0.5665024630541872,0.9014778325123153,0.45320197044334976,0.6502463054187192,0.5911330049261084,0.07881773399014778
May 2016,0.2924376206446157,Peru,0.2561576354679803,0.9408866995073889,0.46798029556650245,0.6600985221674877,0.33990147783251234,0.1477832512315271
June 2016,0.05395688185549398,Peru,0.4630541871921182,0.6995073891625616,0.4975369458128079,0.6748768472906405,0.39408866995073893,0.2857142857142857
July 2016,0.418545309404158,Peru,0.35467980295566504,0.7192118226600985,0.5123152709359606,0.6847290640394089,0.35467980295566504,0.41379310344827586
August 2016,0.3927692718551448,Peru,0.39408866995073893,0.7980295566502479,0.5270935960591133,0.6995073891625616,0.3793103448275862,0.43349753694581283
September 2016,999.0,Peru,0.11822660098522167,0.7339901477832512,0.5467980295566502,0.7093596059113301,0.37438423645320196,0.6009852216748763
October 2016,999.0,Peru,0.04433497536945813,0.6157635467980296,0.5615763546798029,0.7192118226600985,0.45320197044334976,0.39408866995073893
November 2016,0.03961221937030224,Peru,0.11330049261083744,0.729064039408867,0.5862068965517233,0.729064039408867,0.1625615763546798,0.25615763546798026
December 2016,0.43802373603796696,Peru,0.9211822660098522,0.5911330049261083,0.6009852216748769,0.7438423645320197,0.04926108374384237,0.6354679802955665
January 2017,0.7085183458841433,Peru,0.9753694581280788,0.6305418719211823,0.645320197044335,0.7536945812807881,0.034482758620689655,0.7931034482758621
February 2017,999.0,Peru,0.9901477832512314,0.5763546798029557,0.6650246305418719,0.768472906403941,0.9556650246305419,0.8719211822660072
March 2017,0.3849916709858013,Peru,1.0,0.3694581280788177,0.6847290640394089,0.7783251231527082,0.9605911330049262,0.9950738916256158
April 2017,0.7833579239742673,Peru,0.8226600985221671,0.6502463054187192,0.7142857142857143,0.7881773399014779,1.0,0.9753694581280788
May 2017,0.9699554033060511,Peru,0.8719211822660099,0.5270935960591133,0.7389162561576355,0.7980295566502744,0.9901477832512305,0.9113300492610837
June 2017,0.911068929814628,Peru,0.43349753694581283,0.4827586206896552,0.7733990147783252,0.812807881773399,0.9950738916256158,0.8620689655172414
July 2017,999.0,Peru,0.30049261083743817,0.4039408866995074,0.812807881773399,0.8226600985221675,0.9753694581280788,0.8078817733990148
August 2017,999.0,Peru,0.4187192118226601,0.33497536945812806,0.8522167487684729,0.8374384236453202,0.9211822660098522,0.7980295566502464
September 2017,999.0,Peru,0.07389162561576355,0.35960591133004927,0.8866995073891626,0.8522167487684729,0.916256157635468,0.7142857142857143
October 2017,999.0,Peru,0.09359605911330042,0.4482758620689655,0.9014778325123153,0.8620689655172414,0.9359605911330049,0.7093596059113301
November 2017,999.0,Peru,0.41379310344827586,0.06896551724137931,0.9113300492610837,0.8768472906403941,0.7783251231527093,0.45812807881773426
December 2017,999.0,Peru,0.6600985221674877,0.2660098522167488,0.9162561576354689,0.8866995073891626,0.7044334975369457,0.6748768472906486
January 2018,999.0,Peru,0.3251231527093596,0.08866995073891626,0.9064039408866995,0.896551724137931,0.4827586206896552,0.5270935960591133
February 2018,999.0,Peru,0.10837438423645321,0.270935960591133,0.8916256157635487,0.9113300492610837,0.24630541871921183,0.21674876847290642
March 2018,999.0,Peru,0.03940886699507389,0.39408866995073893,0.8768472906403941,0.9211822660098522,0.009852216748768473,0.07389162561576355
April 2018,999.0,Peru,0.27586206896551724,0.23645320197044334,0.8374384236453202,0.9310344827586207,0.2857142857142857,0.2019704433497537
May 2018,999.0,Peru,0.7093596059113301,0.18719211822660098,0.7881773399014779,0.9408866995073891,0.11822660098522167,0.3448275862068966
June 2018,0.5474365070820386,Peru,0.3990147783251235,0.04433497536945813,0.7536945812807881,0.9556650246305419,0.43842364532019706,0.33990147783251234
July 2018,0.3826272099153454,Peru,0.3743842364532019,0.2315270935960591,0.7192118226600985,0.9655172413793104,0.3842364532019705,0.4088669950738916
August 2018,999.0,Peru,0.5221674876847291,0.20689655172413793,0.6896551724137931,0.9753694581280788,0.4975369458128079,0.5123152709359606
September 2018,999.0,Peru,0.024630541871921183,0.3448275862068966,0.6600985221674877,0.9802955665024631,0.4433497536945813,0.4630541871921182
October 2018,0.7550070640466142,Peru,0.1477832512315271,0.28078817733990147,0.6354679802955665,0.9852216748768473,0.33497536945812806,0.32019704433497537
November 2018,0.7022811624785252,Peru,0.9014778325123153,0.645320197044335,0.5714285714285714,0.9901477832512314,0.43349753694581283,0.8472906403940886
December 2018,0.5714285714285714,Peru,0.5270935960591133,0.6650246305418719,0.47783251231527096,0.9950738916256158,0.541871921182266,0.5024630541871918
January 2019,0.7825830660210487,Peru,0.5320197044334976,0.8571428571428572,0.49261083743842365,1.0,0.19704433497536947,0.23645320197044334
April 2002,0.10336057531749589,Nile,0.7783251231527092,0.22167487684729065,0.9605911330049262,0.9802955665024631,0.054187192118226604,0.8620689655172414
May 2002,0.046648836023932945,Nile,0.4729064039408867,0.29064039408867,0.9655172413793104,0.9704433497536946,0.28078817733990147,0.8719211822660081
June 2002,999.0,Nile,0.7980295566502466,0.2857142857142857,0.9704433497536946,0.9605911330049262,0.5615763546798029,0.8226600985221663
July 2002,999.0,Nile,0.7536945812807881,0.9310344827586207,0.9753694581280788,0.9507389162561577,0.47783251231527096,0.49261083743842365
August 2002,0.21050998975466398,Nile,0.7192118226600985,0.7142857142857143,0.9802955665024631,0.940886699507389,0.2561576354679803,0.3497536945812808
September 2002,0.08878936040382533,Nile,0.12807881773399016,0.9211822660098522,0.9852216748768473,0.9359605911330049,0.3103448275862069,0.5467980295566502
October 2002,0.30607768740574653,Nile,0.15270935960591134,0.729064039408867,0.9901477832512312,0.9211822660098522,0.4630541871921182,0.3891625615763545
November 2002,0.26638655542874534,Nile,0.270935960591133,0.8374384236453202,0.9950738916256158,0.916256157635468,0.2019704433497537,0.21182266009852216
December 2002,0.03960352645768279,Nile,0.43842364532019706,0.7733990147783252,1.0,0.9014778325123153,0.23645320197044334,0.22167487684729065
January 2003,0.09499369310368733,Nile,0.18226600985221675,0.9802955665024631,0.9556650246305419,0.8916256157635474,0.43842364532019706,0.16748768472906403
February 2003,0.030078294487934042,Nile,0.9014778325123153,0.18226600985221675,0.9507389162561577,0.8866995073891626,0.33004926108374383,0.1625615763546798
March 2003,0.015824038604794283,Nile,0.9556650246305419,0.009852216748768473,0.9458128078817734,0.8719211822660099,0.8916256157635468,0.39408866995073893
April 2003,0.02398677626951267,Nile,0.5320197044334976,0.37438423645320196,0.940886699507389,0.8669950738916257,0.9162561576354699,0.8177339901477833
May 2003,0.013396502399784427,Nile,0.47783251231527096,0.9014778325123153,0.9359605911330049,0.8571428571428572,0.5221674876847291,0.8571428571428572
June 2003,999.0,Nile,0.6748768472906409,0.5911330049261084,0.9261083743842364,0.8472906403940886,0.11330049261083744,0.8078817733990148
July 2003,0.1567016897157579,Nile,0.7438423645320197,0.3891625615763546,0.9064039408866995,0.8423645320197044,0.2857142857142857,0.5123152709359605
August 2003,0.1187359968961424,Nile,0.7881773399014779,0.43842364532019706,0.896551724137931,0.8325123152709359,0.6059113300492611,0.37438423645320185
September 2003,0.15015662270825322,Nile,0.10837438423645321,0.4236453201970443,0.8768472906403941,0.8275862068965517,0.5714285714285714,0.30049261083743845
October 2003,0.10617245778683843,Nile,0.0049261083743842365,0.7044334975369458,0.8571428571428572,0.8177339901477833,0.04433497536945813,0.458128078817734
November 2003,0.124139047668146,Nile,0.27586206896551724,0.7980295566502463,0.8374384236453202,0.8078817733990148,0.38916256157635454,0.8669950738916257
December 2003,0.3209315132804693,Nile,0.3251231527093596,0.5714285714285714,0.8177339901477833,0.7980295566502467,0.16748768472906403,0.7093596059113301
January 2004,0.3345838311161494,Nile,0.9802955665024631,0.5123152709359605,0.8029556650246306,0.7881773399014779,0.10837438423645321,0.8768472906403941
February 2004,0.18423863268216945,Nile,0.8078817733990148,0.6650246305418719,0.7931034482758621,0.7832512315270936,0.4827586206896552,0.5615763546798029
March 2004,0.07358492255847847,Nile,0.3103448275862069,0.778325123152709,0.7832512315270936,0.7733990147783252,0.7635467980295566,0.39901477832512317
April 2004,0.39901427431441716,Nile,0.768472906403941,0.21182266009852216,0.7733990147783252,0.7635467980295566,0.6798029556650247,0.8029556650246306
May 2004,0.18879096763204808,Nile,0.5960591133004927,0.3054187192118227,0.7586206896551724,0.7586206896551724,0.07389162561576353,0.8522167487684729
June 2004,0.17258870643295388,Nile,0.7339901477832512,0.10344827586206896,0.7438423645320197,0.7487684729064039,0.29064039408866993,0.7931034482758621
July 2004,0.3809646364873897,Nile,0.729064039408867,0.4285714285714286,0.7389162561576355,0.7438423645320197,0.9458128078817734,0.47783251231527096
August 2004,0.196659132194573,Nile,0.7142857142857143,0.27586206896551724,0.7241379310344828,0.7339901477832512,0.9408866995073891,0.3054187192118227
September 2004,0.2024155833169763,Nile,0.12315270935960591,0.3103448275862069,0.6995073891625616,0.7241379310344837,0.8078817733990148,0.20689655172413793
October 2004,0.15849895533781955,Nile,0.019704433497536946,0.7438423645320197,0.6157635467980296,0.7192118226600985,0.2413793103448276,0.12315270935960591
November 2004,0.5173683123219398,Nile,0.3694581280788177,0.8817733990147784,0.5615763546798029,0.7093596059113301,0.43349753694581283,0.09359605911330046
December 2004,0.37469638309663666,Nile,0.32019704433497537,0.5960591133004927,0.541871921182266,0.6995073891625616,0.04926108374384237,0.10837438423645321
January 2005,0.305319593888304,Nile,0.3842364532019705,0.8423645320197048,0.5320197044334976,0.6945812807881774,0.2660098522167488,0.1724137931034483
February 2005,0.7616370365140276,Nile,0.37438423645319824,0.41379310344827586,0.5123152709359586,0.6847290640394089,0.3793103448275862,0.1330049261083744
March 2005,0.8571428571428572,Nile,0.7832512315270936,0.6354679802955665,0.49261083743842365,0.6748768472906403,0.7389162561576355,0.32019704433497537
April 2005,0.5022411558252222,Nile,0.41379310344827586,0.30049261083743845,0.47783251231527096,0.6650246305418719,0.6896551724137931,0.7881773399014779
May 2005,0.8979418079100763,Nile,0.4630541871921182,0.15763546798029557,0.458128078817735,0.6551724137931034,0.5566502463054187,0.8472906403940886
June 2005,0.7668357706799659,Nile,0.6896551724137931,0.1724137931034483,0.4482758620689655,0.6502463054187192,0.4088669950738916,0.768472906403941
July 2005,0.601116866818844,Nile,0.7733990147783252,0.39901477832512444,0.4285714285714286,0.6403940886699507,0.9507389162561577,0.4630541871921182
August 2005,0.6547884427595287,Nile,0.7487684729064039,0.4876847290640394,0.4088669950738916,0.6305418719211823,0.9556650246305419,0.2315270935960591
September 2005,0.922620685077505,Nile,0.09359605911330049,0.6305418719211823,0.3842364532019705,0.6206896551724138,0.6551724137931033,0.08374384236453201
October 2005,0.9834543146052804,Nile,0.029556650246305417,0.2019704433497537,0.35467980295566504,0.6108374384236454,0.1330049261083744,0.08866995073891626
November 2005,0.8918029284204542,Nile,0.25123152709359603,0.13793103448275862,0.33990147783251234,0.6009852216748768,0.18226600985221675,0.25123152709359603
December 2005,0.7381616196652268,Nile,0.33497536945812806,0.7093596059113301,0.32019704433497537,0.5812807881773401,0.6354679802955665,0.35960591133004927
January 2006,0.6721228272389618,Nile,0.5566502463054187,0.4088669950738916,0.3103448275862069,0.5763546798029556,0.41379310344827586,0.5517241379310345
February 2006,0.8697783406963092,Nile,0.8325123152709359,0.6551724137931032,0.30049261083743845,0.5615763546798029,0.8620689655172414,0.3793103448275862
March 2006,1.0,Nile,0.3448275862068966,0.6945812807881774,0.2906403940886703,0.541871921182266,0.9310344827586207,0.33004926108374383
April 2006,0.9934029485344358,Nile,0.8817733990147784,0.45320197044334976,0.27586206896551724,0.5320197044334976,0.9655172413793104,0.7635467980295566
May 2006,0.4285714285714286,Nile,0.4827586206896552,0.054187192118226604,0.270935960591133,0.5221674876847291,0.645320197044335,0.8423645320197045
June 2006,0.8163335673155697,Nile,0.6108374384236454,0.2561576354679803,0.2660098522167488,0.5123152709359606,0.22660098522167488,0.7536945812807881
July 2006,0.6189875755702964,Nile,0.8226600985221675,0.21674876847290642,0.25123152709359603,0.502463054187192,0.9064039408866995,0.46798029556650245
August 2006,0.6306287970696373,Nile,0.7586206896551724,0.541871921182266,0.2413793103448276,0.49261083743842365,0.9211822660098522,0.2660098522167488
September 2006,0.5367996515545163,Nile,0.11822660098522167,0.6600985221674877,0.23645320197044334,0.4827586206896552,0.768472906403941,0.2413793103448276
October 2006,0.6073684673471657,Nile,0.08866995073891626,0.46798029556650245,0.21674876847290642,0.46798029556650245,0.35960591133004927,0.3251231527093596
November 2006,0.6994571619638217,Nile,0.29556650246305416,0.06403940886699508,0.21182266009852216,0.4581280788177351,0.3054187192118227,0.3842364532019705
December 2006,0.576391551917203,Nile,0.812807881773399,0.29556650246305416,0.2019704433497537,0.4482758620689655,0.7931034482758621,0.5270935960591133
January 2007,0.6243104086896409,Nile,0.21674876847290642,0.4729064039408867,0.1477832512315271,0.43842364532019706,0.6502463054187192,0.9064039408866995
February 2007,0.9460475007409835,Nile,0.9704433497536946,0.5024630541871917,0.10837438423645321,0.4285714285714286,0.7241379310344833,0.9950738916256158
March 2007,0.5233748510843156,Nile,0.3645320197044335,0.4433497536945813,0.09852216748768473,0.41379310344827586,0.7044334975369457,1.0
April 2007,0.5122905189673838,Nile,0.9458128078817734,0.04926108374384237,0.08866995073891626,0.4039408866995074,0.9753694581280788,0.8866995073891626
May 2007,0.8409865679852678,Nile,0.9113300492610837,0.6108374384236454,0.07389162561576355,0.39901477832512317,0.7192118226600985,0.8374384236453202
June 2007,0.9330890303263818,Nile,0.5911330049261084,0.39408866995073893,0.06403940886699508,0.3891625615763547,0.3448275862068966,0.7438423645320197
July 2007,0.38768096758540765,Nile,0.7241379310344874,0.4482758620689655,0.054187192118226604,0.3842364532019705,0.6157635467980296,0.4827586206896552
August 2007,0.5468179409898339,Nile,0.7093596059113301,0.3694581280788177,0.04433497536945813,0.3743842364532019,0.8768472906403941,0.625615763546798
September 2007,0.26293750092184964,Nile,0.11330049261083744,0.2660098522167488,0.029556650246305417,0.3694581280788177,0.8423645320197062,0.5566502463054187
October 2007,0.4096685484841896,Nile,0.009852216748768473,0.7389162561576355,0.019704433497536946,0.35960591133004927,0.6108374384236454,0.916256157635468
November 2007,0.5417616435025471,Nile,0.3054187192118227,0.7536945812807881,0.009852216748768473,0.35467980295566504,0.20689655172413793,0.9507389162561577
December 2007,0.47265641025951777,Nile,0.22167487684729065,0.5172413793103449,0.0,0.33990147783251234,0.019704433497536946,0.9605911330049262
January 2008,0.6379250975481536,Nile,0.9753694581280788,0.11330049261083744,0.0049261083743842365,0.33497536945812806,0.13793103448275862,0.9704433497536946
February 2008,0.49158288955972995,Nile,0.9507389162561577,0.04433497536945813,0.014778325123152709,0.33004926108374383,0.9359605911330049,0.9655172413793104
March 2008,0.8867615367399166,Nile,0.26108374384236455,0.9901477832512315,0.024630541871921183,0.3054187192118227,0.8669950738916257,0.6502463054187192
April 2008,0.8201986823425068,Nile,0.3891625615763547,0.6847290640394089,0.034482758620689655,0.3004926108374382,0.24630541871921183,0.7389162561576355
May 2008,0.5847354701210691,Nile,0.4285714285714286,0.2413793103448276,0.03940886699507389,0.28078817733990147,0.21182266009852216,0.8275862068965517
June 2008,0.6150464752830017,Nile,0.6305418719211823,0.7241379310344829,0.04926108374384237,0.270935960591133,0.09359605911330049,0.7241379310344828
July 2008,0.6636103219017767,Nile,0.7635467980295566,0.4039408866995074,0.059113300492610835,0.26108374384236455,0.5763546798029556,0.8817733990147784
August 2008,0.678560117854658,Nile,0.645320197044335,0.6798029556650247,0.06896551724137931,0.24630541871921183,0.9113300492610837,0.9261083743842364
September 2008,0.47334475726886993,Nile,0.09852216748768473,0.812807881773399,0.07881773399014778,0.23645320197044334,0.7438423645320197,0.4285714285714286
October 2008,0.3923401337621033,Nile,0.15763546798029557,0.18719211822660095,0.08374384236453201,0.2019704433497537,0.812807881773399,0.35467980295566504
November 2008,0.4039435155247678,Nile,0.2315270935960591,0.7931034482758621,0.09359605911330049,0.18719211822660098,0.33990147783251234,0.270935960591133
December 2008,0.8434552211298948,Nile,0.2561576354679803,0.8768472906403941,0.10344827586206896,0.09359605911330049,0.1625615763546798,0.3694581280788177
January 2009,0.6996303924151992,Nile,0.16748768472906403,0.896551724137931,0.11330049261083744,0.07881773399014778,0.33497536945812806,0.6009852216748769
February 2009,0.5027910125511283,Nile,0.9064039408866995,0.6748768472906422,0.1625615763546798,0.09852216748768473,0.6403940886699507,0.8325123152709359
March 2009,0.5661725236148009,Nile,0.35960591133004927,0.14285714285714285,0.19704433497536947,0.059113300492610835,0.8719211822660099,0.4876847290640394
April 2009,0.6903845578138054,Nile,0.39901477832512317,0.24630541871921183,0.2315270935960591,0.07389162561576355,0.8571428571428572,0.7192118226600985
May 2009,0.440478599235068,Nile,0.5024630541871914,0.08374384236453201,0.26108374384236455,0.06403940886699508,0.5073891625615764,0.812807881773399
June 2009,0.6650646485481277,Nile,0.6354679802955665,0.7635467980295566,0.2955665024630538,0.08866995073891626,0.06403940886699508,0.7044334975369458
July 2009,0.7555345151642205,Nile,0.6600985221674877,0.7339901477832512,0.31527093596059114,0.08374384236453201,0.4876847290640394,0.43349753694581283
August 2009,0.7065815238121901,Nile,0.6206896551724138,0.2512315270935961,0.33497536945812806,0.10344827586206896,0.7783251231527093,0.07881773399014778
September 2009,0.9162924161943342,Nile,0.13793103448275862,0.6009852216748768,0.3497536945812808,0.1625615763546798,0.7339901477832512,0.024630541871921183
October 2009,0.8506088851915314,Nile,0.06896551724137931,0.8719211822660098,0.3743842364532015,0.15270935960591134,0.3645320197044335,0.03940886699507389
November 2009,0.8334352918211173,Nile,0.4433497536945813,0.33990147783251234,0.39408866995073893,0.19704433497536947,0.3842364532019705,0.0049261083743842365
December 2009,0.8726547040367337,Nile,0.3497536945812808,0.8866995073891626,0.4187192118226601,0.19211822660098524,0.15270935960591134,0.059113300492610835
January 2010,0.9860452539662485,Nile,0.20689655172413793,0.9852216748768473,0.3990147783251232,0.20689655172413793,0.32019704433497537,0.06403940886699508
February 2010,0.9758546591994132,Nile,0.8768472906403941,1.0,0.3793103448275862,0.22660098522167488,0.029556650246305417,0.014778325123152709
March 2010,0.8817387453313924,Nile,0.22660098522167488,0.9655172413793104,0.35960591133004927,0.11822660098522167,0.0049261083743842365,0.27586206896551724
April 2010,0.7448398078489129,Nile,0.4039408866995074,0.58128078817734,0.3448275862068966,0.1477832512315271,0.059113300492610835,0.6995073891625616
May 2010,0.9703902407723541,Nile,0.4975369458128079,0.3793103448275862,0.33004926108374383,0.11330049261083744,0.19211822660098524,0.7980295566502473
June 2010,0.9407575171101974,Nile,0.5615763546798029,0.6059113300492609,0.3054187192118227,0.14285714285714285,0.5862068965517241,0.6896551724137931
July 2010,0.9113151244611499,Nile,0.6945812807881774,0.33497536945812806,0.2857142857142857,0.10837438423645321,0.5024630541871922,0.43842364532019706
August 2010,0.749945523261183,Nile,0.7044334975369458,0.8620689655172414,0.2561576354679803,0.13793103448275862,0.07881773399014778,0.22660098522167488
September 2010,0.36925713395745774,Nile,0.08374384236453201,0.8078817733990148,0.22660098522167488,0.17733990147783252,0.08866995073891626,0.06896551724137931
October 2010,0.7206234210532256,Nile,0.04433497536945813,0.9556650246305419,0.20689655172413793,0.12807881773399016,0.25123152709359475,0.019704433497536946
November 2010,0.7929684650938107,Nile,0.2413793103448276,0.9507389162561577,0.1724137931034483,0.1724137931034483,0.39408866995073893,0.054187192118226604
December 2010,0.952128577980319,Nile,0.2857142857142857,0.9113300492610837,0.11822660098522167,0.12315270935960591,0.35467980295566504,0.07389162561576355
January 2011,999.0,Nile,0.9605911330049262,0.7881773399014779,0.12315270935960591,0.16748768472906403,0.7142857142857143,0.21674876847290642
February 2011,0.7272784732501499,Nile,0.7389162561576355,0.8029556650246306,0.12807881773399016,0.21674876847290642,0.1477832512315271,0.24630541871921183
March 2011,0.49266840038671944,Nile,0.45320197044334976,0.11822660098522167,0.1330049261083744,0.15763546798029557,0.2315270935960591,0.33497536945812806
April 2011,0.7307542065832195,Nile,0.9950738916256158,0.09852216748768473,0.13793103448275862,0.21182266009852216,0.4236453201970443,0.6847290640394089
May 2011,0.7834659374145777,Nile,0.8472906403940886,0.09359605911330049,0.14285714285714285,0.22167487684729065,0.6945812807881774,0.7832512315270936
June 2011,999.0,Nile,0.5517241379310345,0.07881773399014778,0.15270935960591134,0.2413793103448276,0.18719211822660098,0.6699507389162561
July 2011,0.8651754569587935,Nile,0.6699507389162561,0.32019704433497537,0.15763546798029557,0.2561576354679803,0.15763546798029557,0.4187192118226601
August 2011,0.9615608697130806,Nile,0.6157635467980296,0.23645320197044334,0.16748768472906403,0.2660098522167488,0.8226600985221674,0.11822660098522167
September 2011,0.9288496656518868,Nile,0.14285714285714285,0.4827586206896552,0.17733990147783252,0.2857142857142857,0.8325123152709359,0.04433497536945813
October 2011,0.8040974338283092,Nile,0.024630541871921183,0.22660098522167488,0.18226600985221675,0.29064039408866993,0.1724137931034483,0.034482758620689655
November 2011,0.7965871914170245,Nile,0.9901477832512311,0.0,0.18719211822660098,0.3103448275862069,0.22167487684729065,0.11330049261083744
December 2011,999.0,Nile,0.18719211822660095,0.19704433497536947,0.19211822660098524,0.31527093596059114,0.11822660098522167,0.23645320197044334
January 2012,0.9592924216736441,Nile,0.9261083743842364,0.12807881773399007,0.24630541871921183,0.3251231527093596,0.625615763546798,0.5221674876847291
January 2012,0.7744070594740983,Nile,0.9211822660098522,0.12315270935960591,0.22167487684729065,0.0,0.6206896551724138,0.5172413793103449
February 2012,0.7142857142857143,Nile,0.8571428571428572,0.029556650246305417,0.28078817733990147,0.009852216748768473,0.8374384236453202,0.9359605911330049
March 2012,0.8273344879627184,Nile,0.8916256157635469,0.0049261083743842365,0.3251231527093596,0.0049261083743842365,1.0,0.9310344827586207
April 2012,0.6447208663266113,Nile,0.3793103448275862,0.5517241379310345,0.3645320197044335,0.014778325123152709,0.9901477832512244,0.6748768472906405
May 2012,999.0,Nile,0.4876847290640394,0.645320197044335,0.4039408866995074,0.019704433497536946,0.6650246305418719,0.7586206896551724
June 2012,0.5287428485902923,Nile,0.6403940886699507,0.5073891625615763,0.43842364532019706,0.024630541871921183,0.12315270935960591,0.6551724137931032
July 2012,0.5585252387502451,Nile,0.6551724137931034,0.7832512315270936,0.4630541871921182,0.029556650246305417,0.17733990147783252,0.4236453201970443
August 2012,0.363922667080991,Nile,0.5862068965517242,0.768472906403941,0.4876847290640394,0.034482758620689655,0.8866995073891626,0.2019704433497537
September 2012,0.5886521254474093,Nile,0.07881773399014778,0.3497536945812808,0.5172413793103449,0.03940886699507389,0.8817733990147784,0.12807881773399016
October 2012,999.0,Nile,0.04926108374384237,0.8226600985221671,0.5467980295566502,0.04433497536945813,0.729064039408867,0.15270935960591134
November 2012,0.4175869411444918,Nile,0.8029556650246306,0.8916256157635469,0.6009852216748768,0.04926108374384237,0.8029556650246306,0.26108374384236455
December 2012,0.4223031596978417,Nile,0.21182266009852216,0.7586206896551724,0.7142857142857143,0.054187192118226604,0.5812807881773403,0.4039408866995074
January 2013,0.6484502575443277,Nile,0.9852216748768473,0.5320197044334976,0.7339901477832512,0.06896551724137931,0.6009852216748769,0.8916256157635474
February 2013,0.4479863719279903,Nile,0.28078817733990147,0.7487684729064038,0.7536945812807881,0.18226600985221675,0.9014778325123153,0.9753694581280788
March 2013,999.0,Nile,0.19211822660098524,0.9408866995073889,0.7635467980295566,0.1330049261083744,0.21674876847290642,0.9852216748768473
April 2013,0.45259603140210397,Nile,0.45812807881773443,0.1330049261083744,0.7783251231527094,0.2315270935960591,0.3251231527093596,0.7733990147783252
May 2013,0.5550513418894586,Nile,0.8719211822660093,0.8325123152709359,0.7980295566502463,0.2512315270935961,0.4187192118226601,0.7487684729064038
June 2013,0.9044536446596623,Nile,0.625615763546798,0.3448275862068966,0.8078817733990148,0.27586206896551724,0.5911330049261083,0.645320197044335
July 2013,0.3564047795336737,Nile,0.6502463054187192,0.034482758620689655,0.8275862068965517,0.2955665024630542,0.5369458128078818,0.4975369458128079
August 2013,999.0,Nile,0.5714285714285714,0.28078817733990147,0.8472906403940886,0.32019704433497537,0.5960591133004924,0.29556650246305394
September 2013,999.0,Nile,0.10344827586206896,0.33004926108374383,0.8719211822660083,0.3448275862068966,0.541871921182266,0.18226600985221675
October 2013,0.2503939334029033,Nile,0.014778325123152709,0.06896551724137931,0.8866995073891626,0.3497536945812808,0.3004926108374376,0.09852216748768473
November 2013,0.2909209765234813,Nile,0.6995073891625616,0.8571428571428572,0.916256157635468,0.3645320197044335,0.7586206896551724,0.14285714285714285
December 2013,0.16700461251379756,Nile,0.7931034482758621,0.1625615763546798,0.9310344827586207,0.3793103448275862,0.5467980295566502,0.2857142857142857
January 2014,0.3260471302479513,Nile,0.2660098522167488,0.8275862068965517,0.9211822660098522,0.39408866995073893,0.7832512315270936,0.5073891625615763
February 2014,999.0,Nile,0.8620689655172414,0.6403940886699507,0.9113300492610837,0.4187192118226601,0.7536945812807881,0.896551724137931
March 2014,0.5714285714285714,Nile,0.33990147783251234,0.7192118226600985,0.9014778325123153,0.4088669950738916,0.49261083743842365,0.5763546798029557
April 2014,0.22642951223621036,Nile,0.4236453201970443,0.3842364532019705,0.8916256157635468,0.4236453201970443,0.5665024630541872,0.6403940886699507
May 2014,0.3464628387502953,Nile,0.9162561576354682,0.5270935960591133,0.8817733990147784,0.4433497536945813,0.4729064039408867,0.7339901477832512
June 2014,0.48227970940668735,Nile,0.6847290640394089,0.26108374384236455,0.8669950738916257,0.4630541871921182,0.4975369458128079,0.6206896551724138
July 2014,999.0,Nile,0.6650246305418719,0.15270935960591134,0.8620689655172414,0.47783251231527096,0.8472906403940886,0.4729064039408867
August 2014,0.29721504365982515,Nile,0.5763546798029556,0.4630541871921182,0.8522167487684729,0.4975369458128079,0.5270935960591133,0.3103448275862069
September 2014,0.21696119883843318,Nile,0.1330049261083744,0.5862068965517241,0.8423645320197044,0.5073891625615764,0.4482758620689655,0.1477832512315271
October 2014,0.4584442289634295,Nile,0.054187192118226604,0.270935960591133,0.8325123152709359,0.5270935960591133,0.6305418719211823,0.13793103448275862
November 2014,0.33649443428977066,Nile,0.8423645320197046,0.3645320197044335,0.8226600985221602,0.5467980295566502,0.896551724137931,0.31527093596059114
December 2014,999.0,Nile,0.2019704433497537,0.8522167487684729,0.812807881773399,0.5566502463054187,0.26108374384236455,0.541871921182266
January 2015,0.05966979213626875,Nile,0.31527093596059114,0.35960591133004927,0.7881773399014779,0.5714285714285714,0.3990147783251233,0.9211822660098522
February 2015,0.13740525367895134,Nile,0.43349753694581283,0.20689655172413793,0.768472906403941,0.5911330049261084,0.09852216748768473,0.9901477832512313
March 2015,0.0,Nile,0.4088669950738916,0.5467980295566502,0.7487684729064039,0.5960591133004925,0.270935960591133,0.9556650246305419
April 2015,0.08365486457031102,Nile,0.9359605911330049,0.019704433497536946,0.729064039408867,0.6157635467980296,0.458128078817734,0.6354679802955665
April 2015,0.07417906189669858,Nile,0.9310344827586207,0.014778325123152709,0.7192118226600985,0.43349753694581283,0.45320197044334976,0.6305418719211823
May 2015,999.0,Nile,0.8866995073891626,0.2315270935960591,0.6354679802955665,0.45320197044334976,0.7733990147783252,0.7142857142857143
June 2015,999.0,Nile,0.5270935960591133,0.024630541871921183,0.5517241379310345,0.4729064039408867,0.7093596059113301,0.6108374384236454
July 2015,0.2372343207843452,Nile,0.6059113300492611,0.17733990147783252,0.5221674876847291,0.4876847290640394,0.3497536945812808,0.4088669950738916
August 2015,0.2757917275327063,Nile,0.5172413793103449,0.9162561576354681,0.5024630541871917,0.5172413793103449,0.5123152709359596,0.10344827586206896
September 2015,0.27645174638549935,Nile,0.147783251231527,0.9753694581280788,0.4729064039408867,0.5369458128078818,0.46798029556650245,0.029556650246305417
October 2015,999.0,Nile,0.1625615763546798,0.8472906403940886,0.4433497536945813,0.5517241379310345,0.5172413793103449,0.0
November 2015,999.0,Nile,1.0,0.5566502463054187,0.41379310344827586,0.5665024630541872,0.7487684729064037,0.009852216748768473
December 2015,0.24305369443508948,Nile,0.9408866995073891,0.3251231527093596,0.3694581280788177,0.5862068965517241,0.7881773399014779,0.04926108374384237
January 2016,0.17965228334623107,Nile,0.8275862068965517,0.16748768472906403,0.3891625615763547,0.6059113300492611,0.9261083743842364,0.18719211822659879
February 2016,0.31757325051951757,Nile,0.17733990147783252,0.9458128078817734,0.4236453201970443,0.625615763546798,0.3694581280788177,0.45320197044334976
March 2016,0.6845344304425104,Nile,0.35467980295566504,0.8669950738916257,0.43349753694581283,0.6354679802955665,0.12807881773398966,0.6600985221674877
April 2016,999.0,Nile,0.4482758620689655,0.9704433497536946,0.45320197044334976,0.645320197044335,0.014778325123152709,0.6059113300492611
May 2016,0.595029956508527,Nile,0.4187192118226601,0.6157635467980296,0.46798029556650245,0.6600985221674877,0.03940886699507389,0.6945812807881774
June 2016,0.8085440368134482,Nile,0.5812807881773399,0.9359605911330049,0.4827586206896552,0.6699507389162561,0.9704433497536946,0.5911330049261084
July 2016,0.7817010132967399,Nile,0.6009852216748769,0.43349753694581283,0.4975369458128079,0.6798029556650247,0.6699507389162561,0.5665024630541872
August 2016,0.35041004396421466,Nile,0.5221674876847291,0.31527093596059114,0.5073891625615764,0.6896551724137931,0.024630541871921183,0.2906403940886701
September 2016,999.0,Nile,0.059113300492610835,0.4975369458128079,0.5270935960591133,0.7044334975369457,0.06896551724137931,0.15763546798029557
October 2016,999.0,Nile,0.034482758620689655,0.6699507389162561,0.5369458128078818,0.7142857142857143,0.6995073891625616,0.19211822660098524
November 2016,0.25593023747750476,Nile,0.24630541871921183,0.6206896551724138,0.5566502463054187,0.729064039408867,0.6748768472906403,0.2561576354679803
December 2016,0.4631148521576113,Nile,0.8374384236453202,0.03940886699507389,0.5862068965517242,0.7389162561576355,0.8522167487684729,0.4433497536945813
January 2017,0.4341276210767585,Nile,0.30049261083743845,0.059113300492610835,0.5960591133004927,0.7536945812807881,0.5517241379310345,0.7783251231527092
February 2017,999.0,Nile,0.39408866995073893,0.0738916256157633,0.6108374384236454,0.768472906403941,0.4285714285714286,0.9408866995073891
March 2017,0.129929695053842,Nile,0.33004926108374383,0.4187192118226601,0.6206896551724138,0.7783251231527086,0.6847290640394089,0.6157635467980296
April 2017,0.039183636756796085,Nile,0.8669950738916257,0.14778325123152708,0.6403940886699507,0.7931034482758621,0.2955665024630542,0.5960591133004906
May 2017,0.05377388549515188,Nile,0.46798029556650245,0.49261083743842365,0.6502463054187192,0.8029556650246306,0.5320197044334976,0.6798029556650247
June 2017,0.006190599677778827,Nile,0.5073891625615764,0.5369458128078818,0.6551724137931034,0.812807881773399,0.4433497536945813,0.58128078817734
July 2017,999.0,Nile,0.5467980295566502,0.8177339901477833,0.6650246305418719,0.8226600985221675,0.27586206896551724,0.4482758620689655
August 2017,999.0,Nile,0.5123152709359605,0.625615763546798,0.6748768472906405,0.8374384236453202,0.19704433497536947,0.28078817733990147
September 2017,999.0,Nile,0.06403940886699508,0.35467980295566504,0.6798029556650247,0.8522167487684729,0.31527093596059114,0.17733990147783252
October 2017,999.0,Nile,0.0,0.19211822660098524,0.6896551724137931,0.8620689655172414,0.6600985221674877,0.19704433497536947
November 2017,999.0,Nile,0.29064039408867,0.10837438423645321,0.7044334975369455,0.8768472906403941,0.8275862068965517,0.3645320197044335
December 2017,999.0,Nile,0.19704433497536947,0.9064039408866995,0.7093596059113301,0.8817733990147784,0.9950738916256158,0.5369458128078818
January 2018,999.0,Nile,0.896551724137931,0.5665024630541872,0.6945812807881774,0.896551724137931,0.7980295566502463,0.9113300492610837
February 2018,999.0,Nile,0.8177339901477833,0.9605911330049262,0.6847290640394089,0.9064039408866995,0.14285714285714285,0.9802955665024631
March 2018,999.0,Nile,0.23645320197044334,0.9950738916256158,0.6699507389162561,0.9113300492610837,0.009852216748768473,0.9014778325123153
April 2018,999.0,Nile,0.49261083743842365,0.6896551724137931,0.6600985221674877,0.9261083743842364,0.08374384236453201,0.586206896551724
May 2018,999.0,Nile,0.5665024630541872,0.9261083743842364,0.645320197044335,0.9310344827586207,0.4039408866995074,0.6650246305418719
June 2018,0.2857142857142857,Nile,0.6798029556650247,0.6502463054187192,0.625615763546798,0.9458128078817734,0.9852216748768473,0.5714285714285714
July 2018,0.14285714285714285,Nile,0.5369458128078818,0.5615763546798029,0.605911330049261,0.9556650246305419,0.034482758620689655,0.5024630541871922
August 2018,999.0,Nile,0.541871921182266,0.47783251231527096,0.5911330049261083,0.9655172413793104,0.0,0.41379310344827586
September 2018,999.0,Nile,0.07389162561576355,0.6995073891625616,0.58128078817734,0.9753694581280788,0.10344827586206896,0.3448275862068966
October 2018,0.21589241626688926,Nile,0.03940886699507389,0.5763546798029556,0.5763546798029557,0.9852216748768473,0.9802955665024631,0.33990147783251234
November 2018,0.23299155029634816,Nile,0.9655172413793104,0.5221674876847291,0.5714285714285714,0.9901477832512314,0.8177339901477833,0.5320197044334976
December 2018,0.11305596886302885,Nile,0.8522167487684729,0.458128078817734,0.5665024630541872,0.9950738916256158,0.9605911330049262,0.729064039408867
January 2019,0.0647825610405693,Nile,0.1724137931034483,0.08866995073891626,0.6305418719211823,1.0,0.37438423645320185,0.9458128078817734
April 2002,0.9511942238942852,Java,0.5270935960591133,0.5911330049261083,0.0,0.9704433497536946,0.6157635467980296,0.9014778325123153
May 2002,0.9948289882461123,Java,0.4482758620689655,0.6995073891625616,0.0049261083743842365,0.9605911330049262,0.5467980295566502,0.9605911330049262
June 2002,999.0,Java,0.3054187192118227,0.7438423645320197,0.009852216748768473,0.9507389162561577,0.18719211822660098,0.3793103448275862
July 2002,999.0,Java,0.5566502463054187,0.8768472906403941,0.014778325123152709,0.9458128078817734,0.18226600985221675,0.5665024630541872
August 2002,0.6422317632393962,Java,0.5073891625615764,0.27586206896551724,0.019704433497536946,0.9359605911330049,0.2315270935960591,0.5862068965517242
September 2002,0.4662979039624053,Java,0.1625615763546798,0.39901477832512977,0.024630541871921183,0.9261083743842364,0.07881773399014778,0.4433497536945813
October 2002,0.3154250831504839,Java,0.024630541871921183,0.9802955665024631,0.09359605911330049,0.9211822660098522,0.07389162561576355,0.22660098522167488
November 2002,0.3077284141625425,Java,0.18719211822660092,0.9704433497536946,0.11822660098522167,0.9064039408866995,0.03940886699507389,0.029556650246305417
December 2002,0.7496265169379216,Java,0.6945812807881774,0.9261083743842364,0.14778325123152705,0.9014778325123153,0.9310344827586207,0.07389162561576355
January 2003,0.774126303960009,Java,0.49261083743842365,0.8719211822660096,0.18226600985221675,0.891625615763547,0.8029556650246306,0.04433497536945813
February 2003,0.7906034739462,Java,0.9113300492610837,0.5960591133004925,0.21674876847290642,0.8866995073891626,0.8078817733990148,0.7881773399014779
March 2003,0.871047208075117,Java,0.2857142857142857,0.7142857142857143,0.2512315270935961,0.8719211822660099,0.9162561576354681,0.6009852216748764
April 2003,0.9645736054683846,Java,0.13793103448275862,0.9310344827586207,0.3004926108374384,0.8669950738916257,0.5566502463054187,0.10837438423645321
May 2003,0.9590274728186625,Java,0.4729064039408867,0.6206896551724138,0.3497536945812808,0.8571428571428572,0.33497536945812806,0.3842364532019705
June 2003,999.0,Java,0.2955665024630542,0.9014778325123153,0.3891625615763515,0.8472906403940886,0.29064039408866993,0.1724137931034483
July 2003,0.27267676107894623,Java,0.33497536945812806,0.60591133004926,0.5073891625615764,0.8423645320197044,0.16748768472906403,0.1625615763546798
August 2003,0.5244364789710048,Java,0.4975369458128079,0.541871921182266,0.5665024630541872,0.8325123152709359,0.029556650246305417,0.18226600985221675
September 2003,0.20772422896749992,Java,0.4236453201970443,0.39408866995073893,0.6157635467980296,0.8226600985221675,0.024630541871921183,0.28078817733990147
October 2003,0.6729026102697504,Java,0.6798029556650247,0.18226600985221675,0.6699507389162561,0.8177339901477833,0.41379310344827586,0.45812807881773404
November 2003,0.5853923117040905,Java,0.7733990147783252,0.43349753694581283,0.7438423645320197,0.8078817733990148,0.38916256157635465,0.3497536945812808
December 2003,0.9345771895234277,Java,0.7093596059113301,0.2660098522167488,0.7832512315270936,0.7980295566502467,0.8472906403940886,0.4729064039408867
January 2004,0.8571428571428572,Java,0.4581280788177341,0.8325123152709359,0.7881773399014779,0.7881773399014779,0.7142857142857143,0.12315270935960591
February 2004,0.9254659951265042,Java,0.5911330049261083,0.6108374384236454,0.7980295566502463,0.7832512315270936,0.5320197044334976,0.4876847290640394
March 2004,0.8790250723318733,Java,0.8571428571428572,0.5467980295566502,0.8029556650246306,0.7733990147783252,0.5073891625615763,0.7241379310344829
April 2004,0.8943538220452872,Java,0.10837438423645321,0.896551724137931,0.812807881773399,0.7635467980295566,0.5665024630541872,0.4088669950738916
May 2004,0.3618349532113246,Java,0.7783251231527069,0.4876847290640394,0.8177339901477833,0.7586206896551724,0.4630541871921182,0.625615763546798
June 2004,0.2910594465088478,Java,0.3103448275862069,0.054187192118226604,0.8226600985221675,0.7487684729064038,0.6059113300492608,0.5369458128078818
July 2004,0.5714285714285714,Java,0.605911330049261,0.6502463054187192,0.8374384236453202,0.7389162561576355,0.5024630541871921,0.5911330049261082
August 2004,0.5172981528772116,Java,0.4285714285714286,0.16748768472906403,0.8472906403940886,0.7339901477832512,0.30049261083743845,0.39901477832512333
September 2004,0.20199062705842982,Java,0.29064039408867,0.45320197044334976,0.8522167487684729,0.7241379310344829,0.3103448275862069,0.3448275862068966
October 2004,0.38194382909221203,Java,0.034482758620689655,0.8423645320197045,0.8571428571428572,0.7142857142857143,0.26108374384236455,0.15763546798029557
November 2004,0.304780782465207,Java,0.7931034482758621,0.8177339901477833,0.8669950738916257,0.7044334975369458,0.3793103448275862,0.32019704433497537
December 2004,0.40412337624656686,Java,0.8719211822660096,0.3793103448275862,0.8719211822660096,0.6995073891625616,0.7586206896551724,0.674876847290641
January 2005,0.6618968007331216,Java,0.2660098522167488,0.8078817733990148,0.7733990147783252,0.6896551724137931,0.9802955665024631,0.6305418719211823
February 2005,0.41684995358898025,Java,0.47783251231527096,0.9162561576354685,0.7339901477832512,0.6847290640394089,0.9704433497536946,0.5270935960591133
March 2005,0.41022834006804904,Java,0.5862068965517242,0.812807881773399,0.6798029556650247,0.6699507389162561,0.6748768472906406,0.7536945812807881
April 2005,0.8275355089433312,Java,0.5221674876847291,0.5665024630541872,0.6305418719211823,0.6650246305418719,0.6699507389162561,0.7931034482758621
May 2005,0.2857142857142857,Java,0.21182266009852216,0.7733990147783252,0.5911330049261083,0.6551724137931033,0.4482758620689655,0.49261083743842365
June 2005,0.23688456099101243,Java,0.812807881773399,0.8669950738916257,0.541871921182266,0.6502463054187192,0.33004926108374383,0.8472906403940886
July 2005,0.339610733254001,Java,0.6699507389162561,0.4630541871921182,0.502463054187192,0.6403940886699507,0.7931034482758621,0.8226600985221675
August 2005,0.7259225491618418,Java,0.6502463054187192,0.35467980295566504,0.3842364532019705,0.6305418719211823,0.8916256157635472,0.812807881773399
September 2005,0.34760947999501096,Java,0.39408866995073893,0.6650246305418719,0.35467980295566504,0.6206896551724138,0.8226600985221667,0.7783251231527094
October 2005,0.6547570004632287,Java,0.6009852216748766,0.1477832512315271,0.32019704433497537,0.6157635467980296,0.8866995073891626,0.8029556650246306
November 2005,0.7607403818922561,Java,0.2561576354679803,0.5221674876847291,0.28078817733990147,0.6059113300492611,0.7980295566502463,0.6157635467980296
December 2005,0.6490903551531539,Java,0.916256157635468,0.11822660098522167,0.23645320197044334,0.5960591133004927,0.009852216748768473,0.6847290640394089
January 2006,0.908870118898379,Java,0.8275862068965517,0.26108374384236455,0.26108374384236455,0.5862068965517239,0.19704433497536947,0.8817733990147784
February 2006,0.7797057712116546,Java,0.7389162561576355,0.5812807881773401,0.2857142857142857,0.5763546798029556,0.8325123152709359,0.7339901477832512
March 2006,0.7201702101611999,Java,0.6995073891625616,0.49261083743842365,0.3103448275862069,0.5566502463054187,0.28078817733990147,0.6502463054187192
April 2006,0.17795247812705148,Java,0.7832512315270936,0.07881773399014778,0.3251231527093596,0.5467980295566502,0.6847290640394089,0.5714285714285714
May 2006,0.765423125831181,Java,0.8029556650246306,0.06403940886699508,0.35960591133004927,0.5369458128078818,0.7044334975369456,0.645320197044335
June 2006,0.8739730349175266,Java,0.28078817733990147,0.03940886699507389,0.3793103448275862,0.5270935960591133,0.3054187192118227,0.43349753694581283
July 2006,0.7074621536312587,Java,0.3448275862068966,0.28078817733990147,0.4236453201970443,0.5123152709359605,0.1724137931034483,0.33990147783251234
August 2006,0.5510316265049839,Java,0.3694581280788177,0.04926108374384237,0.49261083743842365,0.5024630541871922,0.22660098522167488,0.29064039408867004
September 2006,0.5122895802485214,Java,0.06896551724137931,0.019704433497536946,0.5221674876847291,0.49261083743842365,0.059113300492610835,0.2315270935960591
October 2006,0.11930171519563992,Java,0.014778325123152709,0.7241379310344831,0.5517241379310345,0.47783251231527096,0.09359605911330046,0.06896551724137931
November 2006,0.0,Java,0.029556650246305417,1.0,0.58128078817734,0.4729064039408867,0.04433497536945813,0.0049261083743842365
December 2006,0.007261026292951089,Java,0.7339901477832512,0.9507389162561577,0.5960591133004927,0.4581280788177341,0.29556650246305416,0.019704433497536946
January 2007,0.012291528008852137,Java,0.0049261083743842365,0.9655172413793104,0.6059113300492611,0.45320197044334976,0.6403940886699507,0.0
February 2007,0.09826371877799099,Java,0.6896551724137931,0.5615763546798029,0.6206896551724138,0.43842364532019706,0.9753694581280788,0.7142857142857143
March 2007,0.13414269525299385,Java,0.7635467980295566,0.4088669950738916,0.625615763546798,0.4285714285714286,0.7389162561576355,0.3743842364532018
April 2007,0.3243745300165735,Java,0.8522167487684729,0.25615763546798026,0.6354679802955665,0.4236453201970443,0.5517241379310345,0.729064039408867
May 2007,0.3987417047766048,Java,0.576354679802956,0.5024630541871922,0.6502463054187192,0.41379310344827586,0.7536945812807881,0.5123152709359606
June 2007,0.45818618092934416,Java,0.6305418719211823,0.2857142857142857,0.6600985221674877,0.4039408866995074,0.6600985221674877,0.4630541871921182
July 2007,0.4233050878227675,Java,0.4039408866995074,0.46798029556650245,0.6650246305418719,0.3990147783251232,0.8374384236453202,0.4285714285714286
August 2007,0.4423132988428617,Java,0.5123152709359486,0.1724137931034483,0.6748768472906405,0.39408866995073893,0.4039408866995074,0.35960591133004927
September 2007,0.3939935300733024,Java,0.12315270935960591,0.17733990147783252,0.6896551724137931,0.3793103448275862,0.23645320197044334,0.24630541871921183
October 2007,0.26646537413620064,Java,0.11330049261083744,0.5369458128078818,0.6995073891625616,0.37438423645320185,0.10344827586206896,0.17733990147783252
November 2007,0.1005338154631672,Java,0.1724137931034483,0.32019704433497537,0.7044334975369457,0.3694581280788177,0.8522167487684729,0.4482758620689655
December 2007,0.5293041191276044,Java,0.9655172413793104,0.3743842364532019,0.7093596059113301,0.35960591133004927,0.32019704433497537,0.8669950738916257
January 2008,0.06519618523765316,Java,0.15270935960591134,0.6305418719211823,0.729064039408867,0.35467980295566504,0.9655172413793104,0.2660098522167488
February 2008,0.01894775523246886,Java,0.7142857142857143,0.10837438423645321,0.7487684729064037,0.3448275862068966,0.0,0.9064039408866995
March 2008,0.12418323845854173,Java,0.8472906403940886,0.06896551724137931,0.7536945812807881,0.33497536945812806,0.3497536945812808,0.9211822660098522
April 2008,0.11304839810643723,Java,0.5517241379310345,0.09852216748768473,0.7635467980295566,0.33004926108374383,0.6009852216748768,0.6995073891625616
May 2008,0.05385738218517078,Java,0.12807881773399016,0.009852216748768473,0.7783251231527091,0.3251231527093596,0.5270935960591133,0.33497536945812806
June 2008,0.35628638354994396,Java,0.30049261083743833,0.2413793103448276,0.7931034482758621,0.31527093596059114,0.35467980295566504,0.21182266009852216
July 2008,0.2181390679481377,Java,0.24630541871921183,0.21182266009852216,0.8275862068965517,0.3103448275862069,0.10837438423645321,0.251231527093596
August 2008,0.08869643478093159,Java,0.6157635467980296,0.6551724137931034,0.8620689655172414,0.30049261083743845,0.06896551724137931,0.2561576354679803
September 2008,0.21596999176313947,Java,0.1477832512315271,0.7536945812807881,0.8817733990147784,0.2955665024630542,0.27586206896551724,0.2413793103448276
October 2008,0.6321529322761141,Java,0.6108374384236454,0.5172413793103449,0.8866995073891626,0.29064039408866993,0.4876847290640394,0.3054187192118227
November 2008,0.9264668038129179,Java,0.896551724137931,0.08866995073891626,0.896551724137931,0.2857142857142857,0.8620689655172414,0.9359605911330049
December 2008,0.7583104489221656,Java,0.5320197044334976,0.24630541871921183,0.9064039408866995,0.27586206896551724,0.7832512315270936,0.8768472906403941
January 2009,0.18499884151507934,Java,0.4433497536945813,0.3842364532019705,0.9113300492610837,0.270935960591133,0.33990147783251234,0.7733990147783252
February 2009,0.4826306561258358,Java,0.8768472906403941,0.13793103448275862,0.9162561576354682,0.2660098522167488,0.1625615763546798,0.896551724137931
March 2009,0.2797107044841227,Java,0.2413793103448276,0.5270935960591133,0.9211822660098522,0.23645320197044334,0.39901477832512333,0.6403940886699507
April 2009,0.6112261906864203,Java,0.3793103448275862,0.6699507389162561,0.9261083743842364,0.2315270935960591,0.7339901477832512,0.3645320197044335
May 2009,0.13258246854825548,Java,0.768472906403941,0.3448275862068966,0.9310344827586207,0.20689655172413793,0.5221674876847291,0.7487684729064037
June 2009,0.07816018468105888,Java,0.43349753694581283,0.6798029556650247,0.9359605911330049,0.2019704433497537,0.6896551724137931,0.6945812807881774
July 2009,0.022385949051281804,Java,0.3842364532019705,0.4827586206896552,0.9408866995073889,0.18226600985221675,0.45812807881773465,0.5320197044334976
August 2009,0.15651274532891227,Java,0.33990147783251234,0.729064039408867,0.9458128078817734,0.17733990147783252,0.4236453201970443,0.35467980295566504
September 2009,0.06926635896743963,Java,0.1330049261083744,0.8029556650246306,0.9507389162561577,0.1724137931034483,0.45320197044334976,0.270935960591133
October 2009,0.04409040684757168,Java,0.18226600985221675,0.6403940886699507,0.9556650246305419,0.1330049261083744,0.4827586206896552,0.23645320197044334
November 2009,0.06047503069119849,Java,0.6403940886699507,0.8472906403940886,0.9655172413793104,0.12807881773399016,0.5911330049261075,0.26108374384236455
December 2009,0.03474140039759916,Java,0.08866995073891626,0.9605911330049262,0.9704433497536946,0.10837438423645321,0.37438423645320174,0.054187192118226604
January 2010,0.031676262805482254,Java,0.7881773399014779,0.6354679802955665,0.8325123152709359,0.10344827586206896,0.8719211822660097,0.5812807881773399
February 2010,0.2532000786091082,Java,0.8226600985221674,0.9458128078817734,0.7142857142857143,0.12315270935960591,0.9605911330049262,0.8719211822660097
March 2010,0.2995342374489479,Java,0.9064039408866995,0.8522167487684729,0.6403940886699507,0.07389162561576355,0.8275862068965517,0.9113300492610837
April 2010,0.08372549642248442,Java,0.8374384236453202,0.8817733990147784,0.5566502463054187,0.08866995073891626,0.3448275862068966,0.8275862068965517
May 2010,0.1905790915835097,Java,0.9852216748768473,0.8571428571428572,0.4630541871921182,0.08374384236453201,0.43842364532019706,0.9458128078817734
June 2010,0.3694138296948663,Java,0.9014778325123153,0.6896551724137931,0.3448275862068966,0.09852216748768473,0.7241379310344829,0.9704433497536946
July 2010,0.8352787217729534,Java,0.9211822660098522,0.645320197044335,0.270935960591133,0.09359605911330049,0.7881773399014779,0.940886699507388
August 2010,0.9867048440115262,Java,0.8817733990147784,0.7783251231527094,0.20689655172413793,0.11330049261083744,0.9901477832512314,0.9556650246305419
September 2010,1.0,Java,0.9950738916256158,0.04433497536945813,0.1625615763546798,0.1477832512315271,1.0,0.9901477832512315
October 2010,0.9813058603141237,Java,0.9261083743842364,0.0,0.12807881773399016,0.14285714285714285,0.9556650246305419,0.9950738916256158
November 2010,0.9464030818996475,Java,0.8423645320197044,0.059113300492610835,0.10837438423645321,0.1625615763546798,0.9458128078817734,0.9753694581280788
December 2010,0.32627300983645563,Java,0.8620689655172414,0.10344827586206896,0.08866995073891626,0.15270935960591134,0.21674876847290642,0.9852216748768473
January 2011,999.0,Java,0.4187192118226601,0.19704433497536947,0.08374384236453201,0.19211822660098524,0.014778325123152709,0.6108374384236454
February 2011,0.23340589999204378,Java,0.21674876847290642,0.43842364532019706,0.07881773399014778,0.21674876847290642,0.034482758620689655,0.059113300492610835
March 2011,0.6902458677724185,Java,0.5812807881773399,0.12807881773399016,0.07389162561576355,0.13793103448275862,0.20689655172413793,0.03940886699507389
April 2011,0.3498200536986776,Java,0.8177339901477833,0.034482758620689655,0.06896551724137931,0.16748768472906403,0.812807881773399,0.5221674876847291
May 2011,0.6363188836296894,Java,0.8078817733990148,0.07389162561576355,0.06403940886699508,0.15763546798029557,0.39408866995073893,0.8423645320197046
June 2011,999.0,Java,0.33004926108374383,0.1330049261083744,0.059113300492610835,0.19704433497536947,0.2561576354679802,0.7192118226600985
July 2011,0.5661353446800887,Java,0.38916256157635454,0.270935960591133,0.054187192118226604,0.18719211822660098,0.49261083743842365,0.5517241379310345
August 2011,0.6254093518589461,Java,0.27586206896551724,0.22660098522167488,0.04926108374384237,0.21182266009852216,0.6354679802955665,0.39408866995073893
September 2011,0.7142857142857143,Java,0.10344827586206896,0.18719211822660098,0.04433497536945813,0.2413793103448276,0.4285714285714286,0.33004926108374383
October 2011,0.2654260316274784,Java,0.22167487684729065,0.3251231527093596,0.03940886699507389,0.22660098522167488,0.2413793103448276,0.20689655172413793
November 2011,0.48770329553285174,Java,0.9458128078817734,0.029556650246305417,0.034482758620689655,0.2512315270935961,0.9408866995073889,0.6551724137931029
December 2011,999.0,Java,0.4827586206896552,0.7093596059113301,0.029556650246305417,0.24630541871921183,0.5862068965517242,0.4827586206896552
January 2012,0.551981629176669,Java,0.7586206896551724,0.2955665024630541,0.09852216748768473,0.2561576354679803,0.768472906403941,0.5467980295566502
January 2012,0.4443303381110299,Java,0.7536945812807881,0.29064039408867004,0.10344827586206896,0.0,0.7635467980295566,0.541871921182266
February 2012,0.8515717397363173,Java,0.43842364532019706,0.4482758620689655,0.11330049261083744,0.009852216748768473,0.6798029556650247,0.15270935960591134
March 2012,0.3850233483940219,Java,0.45320197044334976,0.21674876847290642,0.12315270935960591,0.0049261083743842365,0.2512315270935961,0.31527093596059114
April 2012,0.5403975418270561,Java,0.625615763546798,0.22167487684729065,0.1330049261083744,0.014778325123152709,0.5714285714285714,0.38916256157635465
May 2012,999.0,Java,0.41379310344827586,0.11330049261083744,0.15763546798029557,0.019704433497536946,0.7192118226600985,0.30049261083743845
June 2012,0.433672366479547,Java,0.3251231527093596,0.2019704433497537,0.18719211822660092,0.024630541871921183,0.5812807881773399,0.41379310344827586
July 2012,0.25104553523989226,Java,0.2512315270935961,0.12315270935960591,0.21182266009852216,0.029556650246305417,0.22167487684729065,0.21674876847290642
August 2012,0.4699382893087925,Java,0.26108374384236455,0.09359605911330049,0.24630541871921183,0.034482758620689655,0.17733990147783252,0.1477832512315271
September 2012,0.5949724663241832,Java,0.059113300492610835,0.3497536945812808,0.2906403940886701,0.03940886699507389,0.11330049261083744,0.1330049261083744
October 2012,999.0,Java,0.04926108374384237,0.7339901477832512,0.33004926108374383,0.04433497536945813,0.270935960591133,0.16748768472906403
November 2012,0.6019287765624183,Java,0.5172413793103449,0.6009852216748769,0.3743842364532019,0.04926108374384237,0.2857142857142857,0.18719211822660084
December 2012,0.5779892503077647,Java,0.9408866995073891,0.38916256157635465,0.47783251231527096,0.054187192118226604,0.019704433497536946,0.768472906403941
January 2013,0.4528295934572708,Java,0.8325123152709359,0.4236453201970443,0.4729064039408867,0.059113300492610835,0.6945812807881774,0.916256157635468
February 2013,0.9407760259262651,Java,0.5615763546798029,0.7487684729064032,0.46798029556650245,0.06896551724137931,0.7783251231527093,0.7586206896551724
March 2013,999.0,Java,0.502463054187192,0.7192118226600985,0.45320197044334976,0.06403940886699508,0.541871921182266,0.6699507389162561
April 2013,0.9062863404743823,Java,0.8916256157635468,0.5566502463054187,0.4482758620689655,0.07881773399014778,0.5172413793103449,0.8866995073891626
May 2013,0.8102033108803853,Java,0.8866995073891626,0.4433497536945813,0.4433497536945813,0.11822660098522167,0.7093596059113301,0.7980295566502468
June 2013,0.3746174504768941,Java,0.9753694581280788,0.4285714285714286,0.43842364532019706,0.22167487684729065,0.625615763546798,0.9310344827586207
July 2013,0.9776174840191353,Java,0.8669950738916257,0.014778325123152709,0.43349753694581283,0.26108374384236455,0.8423645320197047,0.9507389162561577
August 2013,999.0,Java,0.35960591133004927,0.15270935960591134,0.4187192118226601,0.28078817733990147,0.9113300492610837,0.8916256157635468
September 2013,999.0,Java,0.08374384236453201,0.31527093596059114,0.41379310344827586,0.3054187192118227,0.9014778325123153,0.7389162561576355
October 2013,0.7874001977765699,Java,0.054187192118226604,0.6748768472906403,0.4088669950738916,0.32019704433497537,0.8571428571428572,0.4039408866995074
November 2013,0.8029613267664152,Java,0.46798029556650245,0.2315270935960591,0.4039408866995074,0.33990147783251234,0.7733990147783252,0.2019704433497537
December 2013,0.6179890736317536,Java,0.9704433497536946,0.14285714285714285,0.39408866995073893,0.3497536945812808,0.6650246305418719,0.5024630541871922
January 2014,0.8382026319219615,Java,0.7044334975369434,0.024630541871921183,0.4285714285714286,0.3645320197044335,0.2019704433497537,1.0
February 2014,999.0,Java,0.4630541871921182,0.33497536945812806,0.45812807881773404,0.3842364532019705,0.4187192118226601,0.8078817733990148
March 2014,0.6791747330000093,Java,0.20689655172413793,0.5714285714285714,0.4827586206896552,0.38916256157635465,0.6108374384236454,0.6600985221674877
April 2014,0.8150235346179473,Java,0.6206896551724138,0.3694581280788177,0.4975369458128079,0.4088669950738916,0.35960591133004927,0.7044334975369458
May 2014,0.5873416387741532,Java,0.32019704433497537,0.8374384236453202,0.5123152709359596,0.4187192118226601,0.5123152709359606,0.6206896551724138
June 2014,0.6842051951895867,Java,0.6650246305418719,0.9359605911330049,0.5172413793103449,0.43349753694581283,0.7438423645320197,0.6798029556650247
July 2014,999.0,Java,0.6600985221674877,0.47783251231527096,0.5270935960591133,0.4433497536945813,0.729064039408867,0.8571428571428572
August 2014,0.7439109080383458,Java,0.35467980295566504,0.41379310344827586,0.5369458128078818,0.46798029556650245,0.896551724137931,0.8374384236453202
September 2014,0.7980069826636734,Java,0.04433497536945813,0.4039408866995074,0.5467980295566502,0.4827586206896552,0.6995073891625616,0.6354679802955665
October 2014,0.1487644200172433,Java,0.019704433497536946,0.8916256157635468,0.5615763546798029,0.4975369458128079,0.655172413793103,0.22167487684729065
November 2014,0.22649048358765253,Java,0.5467980295566502,0.7881773399014779,0.5763546798029556,0.5172413793103449,0.054187192118226604,0.13793103448275862
December 2014,999.0,Java,0.9359605911330049,0.35960591133004927,0.586206896551724,0.5320197044334976,0.3645320197044335,0.3694581280788177
January 2015,0.8443350003760168,Java,0.19704433497536947,0.3645320197044335,0.6108374384236454,0.5517241379310345,0.8768472906403941,0.19704433497536947
February 2015,0.9162830899526041,Java,0.6354679802955665,0.33990147783251234,0.655172413793103,0.5665024630541872,0.9507389162561577,0.6896551724137931
March 2015,0.9695878501292947,Java,0.6748768472906433,0.30049261083743845,0.6847290640394089,0.5714285714285714,0.5763546798029558,0.45320197044334976
April 2015,0.4285714285714286,Java,0.9605911330049262,0.1625615763546798,0.7192118226600985,0.5911330049261084,0.15270935960591134,0.5172413793103449
April 2015,0.4775840755126838,Java,0.9556650246305419,0.15763546798029557,0.7241379310344833,0.4482758620689655,0.1477832512315271,0.5073891625615763
May 2015,999.0,Java,0.16748768472906403,0.23645320197044334,0.7586206896551724,0.4630541871921182,0.3694581280788177,0.5960591133004927
June 2015,999.0,Java,0.14285714285714285,0.6600985221674877,0.8078817733990148,0.4876847290640394,0.4433497536945813,0.2857142857142857
July 2015,0.17271753068019088,Java,0.17733990147783252,0.9064039408866995,0.8768472906403941,0.5073891625615725,0.12315270935960591,0.14285714285714285
August 2015,0.19700525607737027,Java,0.2315270935960591,0.7389162561576355,0.9014778325123153,0.5221674876847291,0.13793103448275862,0.10344827586206896
September 2015,0.10418015807196568,Java,0.03940886699507389,0.7586206896551724,0.9753694581280788,0.541871921182266,0.08374384236453201,0.08866995073891626
October 2015,999.0,Java,0.0,0.9901477832512313,0.9852216748768473,0.5615763546798029,0.09852216748768473,0.024630541871921183
November 2015,999.0,Java,0.09359605911329752,0.9852216748768473,0.9950738916256158,0.58128078817734,0.11822660098522167,0.014778325123152709
December 2015,0.1602530844556369,Java,0.729064039408867,0.8620689655172414,1.0,0.60098522167484,0.7487684729063989,0.08374384236453201
January 2016,0.14285714285714285,Java,0.07881773399014778,0.9950738916256158,0.9901477832512315,0.6108374384236454,0.8817733990147784,0.009852216748768473
February 2016,0.045177029393590196,Java,0.9901477832512301,0.8226600985221675,0.9802955665024631,0.625615763546798,0.3842364532019705,0.27586206896551724
March 2016,0.3317990935322269,Java,0.5369458128078818,0.9753694581280788,0.9605911330049262,0.6354679802955665,0.645320197044335,0.3251231527093596
April 2016,999.0,Java,0.7487684729064039,0.9211822660098522,0.8916256157635469,0.645320197044335,0.47783251231527096,0.7832512315270936
May 2016,0.6981476610480278,Java,0.6847290640394089,0.9556650246305419,0.8423645320197045,0.6600985221674877,0.6502463054187192,0.7093596059113301
June 2016,0.2435759436041822,Java,0.7980295566502464,0.8275862068965517,0.768472906403941,0.6748768472906403,0.9211822660098522,0.7635467980295566
July 2016,0.5059748283900168,Java,0.7438423645320197,0.8866995073891626,0.7389162561576355,0.6798029556650247,0.9261083743842364,0.8522167487684729
August 2016,0.49980814356428144,Java,0.6551724137931034,0.7931034482758621,0.6945812807881774,0.6945812807881774,0.9852216748768473,0.8620689655172414
September 2016,999.0,Java,0.9507389162561577,0.4975369458128079,0.645320197044335,0.7093596059113301,0.9950738916256158,0.9655172413793104
October 2016,999.0,Java,1.0,0.0049261083743842365,0.6009852216748767,0.7192118226600985,0.9359605911330049,0.9802955665024631
November 2016,0.8632126657774737,Java,0.9310344827586207,0.20689655172413793,0.5714285714285714,0.729064039408867,0.8177339901477833,0.9261083743842364
December 2016,0.8877396193887845,Java,0.31527093596059114,0.5763546798029556,0.5320197044334976,0.7438423645320197,0.5960591133004927,0.8325123152709359
January 2017,0.8215803206716642,Java,0.645320197044335,0.6945812807881774,0.4876847290640394,0.7536945812807881,0.19211822660098524,0.29556650246305416
February 2017,999.0,Java,0.7192118226600985,0.25123152709359603,0.3990147783251233,0.768472906403941,0.1330049261083744,0.4187192118226601
March 2017,0.4932772173629328,Java,0.4876847290640394,0.6157635467980296,0.3645320197044335,0.7783251231527091,0.08866995073891626,0.5566502463054187
April 2017,0.665299506922052,Java,0.7241379310344828,0.3103448275862069,0.33990147783251234,0.7931034482758621,0.46798029556650245,0.5615763546798029
May 2017,0.7372224735289487,Java,0.3497536945812808,0.5123152709359606,0.3054187192118227,0.8029556650246306,0.5369458128078818,0.46798029556650245
June 2017,0.701720339318032,Java,0.541871921182266,0.5320197044334976,0.27586206896551724,0.812807881773399,0.4729064039408867,0.5763546798029556
July 2017,999.0,Java,0.4088669950738916,0.5862068965517242,0.2413793103448276,0.8275862068965517,0.6305418719211823,0.4975369458128079
August 2017,999.0,Java,0.23645320197044334,0.625615763546798,0.22660098522167488,0.8374384236453202,0.6206896551724138,0.43842364532019706
September 2017,999.0,Java,0.270935960591133,0.7635467980295566,0.19704433497536947,0.8522167487684729,0.4088669950738916,0.3103448275862069
October 2017,999.0,Java,0.3743842364532019,0.3054187192118227,0.17733990147783252,0.8620689655172414,0.9064039408866995,0.7438423645320197
November 2017,999.0,Java,0.9802955665024631,0.08374384236453201,0.15270935960591134,0.8768472906403941,0.2660098522167488,0.8177339901477833
December 2017,999.0,Java,0.09852216748768473,0.5517241379310345,0.13793103448275862,0.8817733990147784,0.8669950738916257,0.6059113300492611
January 2018,999.0,Java,0.5714285714285714,0.5073891625615762,0.14285714285714285,0.896551724137931,0.0049261083743842365,0.034482758620689655
February 2018,999.0,Java,0.5960591133004927,0.19211822660098524,0.16748768472906403,0.9113300492610837,0.31527093596059114,0.6650246305418719
March 2018,999.0,Java,0.3645320197044335,0.4187192118226601,0.1724137931034483,0.91625615763547,0.5615763546798029,0.47783251231527096
April 2018,999.0,Java,0.15763546798029557,0.7044334975369458,0.19211822660098524,0.9310344827586207,0.4975369458128079,0.4236453201970443
May 2018,999.0,Java,0.06403940886699508,0.7832512315270936,0.2019704433497537,0.9408866995073891,0.24630541871921183,0.07881773399014778
June 2018,0.5601659295395994,Java,0.2019704433497537,0.9113300492610837,0.22167487684729065,0.9556650246305419,0.21182266009852216,0.11330049261083744
July 2018,0.7336751815900407,Java,0.11822660098522167,0.4729064039408867,0.2315270935960591,0.9655172413793104,0.15763546798029557,0.12807881773399016
August 2018,999.0,Java,0.19211822660098524,0.33004926108374383,0.2561576354679786,0.9753694581280788,0.12807881773399016,0.11822660098522167
September 2018,999.0,Java,0.07389162561576355,0.458128078817734,0.2660098522167488,0.9802955665024631,0.14285714285714285,0.09852216748768473
October 2018,0.16665476048734704,Java,0.009852216748768473,0.9408866995073886,0.29556650246305405,0.9852216748768473,0.04926108374384237,0.04926108374384237
November 2018,0.536090004700592,Java,0.5665024630541872,0.6847290640394089,0.31527093596059114,0.9901477832512314,0.06403940886699508,0.09359605911330049
December 2018,0.8968760731160189,Java,0.22660098522167488,0.768472906403941,0.33497536945812806,0.9950738916256158,0.3251231527093596,0.19211822660098524
January 2019,0.6070803799986054,Java,0.3990147783251235,0.7980295566502467,0.3694581280788177,1.0,0.43349753694581283,0.06403940886699502
April 2002,0.09003207907376998,Japan,0.3497536945812808,0.9605911330049262,0.0,0.12807881773399013,0.9852216748768473,0.41379310344827586
May 2002,0.09474232666641956,Japan,0.33990147783251234,0.4630541871921182,0.0049261083743842365,0.14285714285714285,0.9901477832512309,0.3103448275862069
June 2002,999.0,Japan,0.13793103448275862,0.27586206896551724,0.009852216748768473,0.15270935960591134,0.17733990147783252,0.08374384236453201
July 2002,999.0,Japan,0.9113300492610837,0.729064039408867,0.014778325123152709,0.1724137931034483,0.4187192118226601,0.8177339901477833
August 2002,0.2803961390774441,Japan,0.270935960591133,0.23645320197044334,0.019704433497536946,0.19211822660098524,0.20689655172413793,0.4581280788177343
September 2002,0.31744414330310705,Japan,0.014778325123152709,0.31527093596059114,0.024630541871921183,0.2019704433497537,0.4482758620689655,0.034482758620689655
October 2002,0.3398563216261037,Japan,0.3694581280788177,0.3694581280788177,0.03940886699507389,0.21674876847290642,0.645320197044335,0.6206896551724138
November 2002,0.16530465614854478,Japan,0.625615763546798,0.0,0.10837438423645321,0.2315270935960591,0.06896551724137931,0.6847290640394089
December 2002,0.24403431483033666,Japan,0.6403940886699507,0.07881773399014778,0.33497536945812806,0.24630541871921183,0.270935960591133,0.5960591133004927
January 2003,0.20451965581715154,Japan,0.8817733990147784,0.32019704433497537,0.3645320197044335,0.270935960591133,0.6354679802955665,0.5862068965517242
February 2003,0.23155255891176307,Japan,0.3645320197044335,0.5123152709359605,0.4039408866995074,0.27586206896551724,0.6059113300492607,0.5073891625615761
March 2003,0.11174912117259377,Japan,0.7783251231527094,0.1724137931034483,0.43349753694581283,0.28078817733990147,0.35960591133004927,0.6502463054187192
April 2003,0.2477259265917189,Japan,0.8669950738916257,0.6502463054187192,0.4729064039408867,0.29064039408866993,0.3251231527093596,0.7881773399014779
May 2003,0.14809784678525173,Japan,0.6502463054187192,0.5911330049261083,0.5024630541871922,0.29556650246305416,0.47783251231527096,0.5517241379310345
June 2003,999.0,Japan,0.33497536945812806,0.5665024630541872,0.5270935960591133,0.3054187192118227,0.15270935960591134,0.3842364532019705
July 2003,0.09944957140311722,Japan,0.6798029556650247,0.009852216748768473,0.5517241379310345,0.3103448275862069,0.0049261083743842365,0.5911330049261081
August 2003,0.38701233851167366,Japan,0.9753694581280788,0.08374384236453201,0.5812807881773399,0.31527093596059114,0.541871921182266,0.9753694581280788
September 2003,0.4530191191053699,Japan,0.034482758620689655,0.39901477832512317,0.6059113300492609,0.3251231527093596,0.43349753694581283,0.33004926108374383
October 2003,0.3979659320958212,Japan,0.04433497536945813,0.16748768472906403,0.6305418719211823,0.33004926108374383,0.41379310344827586,0.15763546798029557
November 2003,0.6433979723882727,Japan,0.9704433497536946,0.9950738916256158,0.6600985221674877,0.33497536945812806,0.7093596059113301,0.8374384236453202
December 2003,0.5840979997923829,Japan,0.5615763546798029,0.6600985221674877,0.6798029556650247,0.35467980295566504,0.8275862068965517,0.8078817733990148
January 2004,0.8036345032190687,Japan,0.4630541871921182,0.4482758620689655,0.6748768472906403,0.35960591133004927,0.4876847290640394,0.6354679802955665
February 2004,0.6206203414541143,Japan,0.729064039408867,0.9458128078817734,0.6502463054187192,0.3743842364532019,0.5024630541871921,0.6798029556650247
March 2004,0.9460793376938799,Japan,0.3103448275862069,0.5714285714285714,0.645320197044335,0.3842364532019705,0.6502463054187192,0.4236453201970443
April 2004,0.563959913859991,Japan,0.5024630541871882,0.645320197044335,0.6206896551724138,0.39408866995073893,0.9655172413793104,0.23645320197044334
May 2004,0.8333604489804323,Japan,0.9852216748768473,0.8226600985221675,0.6157635467980296,0.4088669950738916,0.9605911330049262,0.8571428571428572
June 2004,0.7046122863254823,Japan,0.3743842364532018,0.8522167487684729,0.6009852216748769,0.4187192118226601,0.7783251231527093,0.625615763546798
July 2004,0.4581926917867618,Japan,0.11330049261083744,0.8275862068965517,0.5862068965517242,0.43842364532019706,0.9261083743842364,0.054187192118226604
August 2004,0.4998674576442359,Japan,0.8177339901477833,0.22167487684729065,0.5763546798029556,0.45320197044334976,0.26108374384236455,0.21674876847290642
September 2004,0.7911989064987249,Japan,0.45320197044334976,0.6847290640394089,0.5615763546798029,0.4729064039408867,0.19211822660098524,0.43842364532019706
October 2004,0.8388242945312685,Japan,0.9950738916256158,0.46798029556650245,0.541871921182266,0.4975369458128079,0.18226600985221675,1.0
November 2004,0.8995689044038384,Japan,0.4236453201970443,0.9901477832512314,0.5369458128078818,0.5221674876847291,0.6157635467980296,0.9556650246305419
December 2004,0.9704429714016363,Japan,0.9261083743842364,0.9310344827586207,0.5221674876847291,0.541871921182266,0.8916256157635469,0.9310344827586207
January 2005,0.8443492368097744,Japan,0.6699507389162561,0.5763546798029556,0.5123152709359605,0.5615763546798029,0.33990147783251234,0.8275862068965517
February 2005,0.9853059590617869,Japan,0.6847290640394089,0.25123152709359603,0.4975369458128079,0.5763546798029561,0.22660098522167488,0.7192118226600985
March 2005,0.9280076825461581,Japan,0.6650246305418719,0.19211822660098524,0.4827586206896552,0.6059113300492611,0.13793103448275862,0.7487684729064038
April 2005,0.9940230612686195,Japan,0.16748768472906403,0.5369458128078818,0.4630541871921182,0.625615763546798,0.04926108374384237,0.6600985221674877
May 2005,0.7671683483299507,Japan,0.1724137931034483,0.059113300492610835,0.4482758620689655,0.645320197044335,0.03940886699507389,0.3497536945812808
June 2005,0.48775405860253623,Japan,0.03940886699507389,0.891625615763547,0.4236453201970443,0.6650246305418719,0.07881773399014778,0.04926108374384237
July 2005,0.2403815974944864,Japan,0.6305418719211823,0.22660098522167488,0.4088669950738916,0.6798029556650247,0.768472906403941,0.4285714285714286
August 2005,0.21743156382179615,Japan,0.35960591133004927,0.5517241379310345,0.39408866995073893,0.7093596059113301,0.9310344827586207,0.3251231527093596
September 2005,0.5486935107345426,Japan,0.06896551724137931,0.7339901477832512,0.3694581280788177,0.7241379310344859,0.3793103448275862,0.29556650246305416
October 2005,0.5890733883540529,Japan,0.10344827586206896,0.8374384236453202,0.35467980295566504,0.7536945812807881,0.7832512315270936,0.03940886699507389
November 2005,0.594667086188123,Japan,0.4187192118226601,0.43349753694581283,0.33990147783251234,0.7783251231527089,0.729064039408867,0.21182266009852216
December 2005,0.5064577992865636,Japan,0.5123152709359606,0.0049261083743842365,0.28078817733990147,0.7980295566502463,0.059113300492610835,0.2019704433497537
January 2006,0.952443191325526,Japan,0.4433497536945813,0.35960591133004927,0.27586206896551724,0.8177339901477833,0.45320197044334976,0.2413793103448276
February 2006,0.886784563914801,Japan,0.8472906403940886,0.812807881773399,0.2660098522167488,0.7733990147783252,0.39901477832512333,0.6157635467980296
March 2006,0.9043093499875048,Japan,0.7044334975369458,0.4039408866995074,0.26108374384236455,0.7192118226600985,0.24630541871921183,0.7241379310344832
April 2006,0.9358419812728949,Japan,0.7832512315270936,0.06403940886699508,0.2512315270935961,0.6748768472906407,0.014778325123152709,0.768472906403941
May 2006,0.6844747440288171,Japan,0.7339901477832512,0.39408866995073893,0.24630541871921183,0.6354679802955665,0.024630541871921183,0.9211822660098522
June 2006,0.6327227531014904,Japan,0.35467980295566504,0.41379310344827586,0.23645320197044334,0.6009852216748766,0.18719211822660095,0.7339901477832512
July 2006,0.8111575012220757,Japan,0.9655172413793104,0.18226600985221675,0.2315270935960591,0.5517241379310345,0.04433497536945813,0.99014778325123
August 2006,0.8636517911488303,Japan,0.12315270935960591,0.7487684729062062,0.22167487684729065,0.5024630541871922,0.5665024630541872,0.5270935960591133
September 2006,0.7142857142857143,Japan,0.019704433497536946,0.2955665024630542,0.21674876847290642,0.46798029556650245,0.22167487684729065,0.19211822660098524
October 2006,0.6018934086820693,Japan,0.2857142857142857,0.6699507389162561,0.20689655172413793,0.4236453201970443,0.5566502463054187,0.8325123152709359
November 2006,0.3345398229637637,Japan,0.7931034482758621,0.8029556650246306,0.2019704433497537,0.4039408866995074,0.5812807881773406,0.6995073891625616
December 2006,0.8571428571428572,Japan,0.8423645320197045,0.8177339901477833,0.19211822660098524,0.3793103448275862,0.7142857142857143,0.8669950738916257
January 2007,0.9197207307820134,Japan,0.45812807881773415,0.9802955665024631,0.30049261083743845,0.3497536945812808,0.8374384236453202,0.8472906403940886
February 2007,0.19166478610517584,Japan,0.5221674876847291,1.0,0.3448275862068966,0.39901477832512317,0.9507389162561577,0.6551724137931034
March 2007,0.8519914838160559,Japan,0.46798029556650245,0.5960591133004924,0.3497536945812808,0.4433497536945813,0.6995073891625616,0.31527093596059114
April 2007,0.7439496645330015,Japan,0.23645320197044334,0.15270935960591134,0.35960591133004927,0.5123152709359606,0.1330049261083744,0.0049261083743842365
May 2007,0.3823910467967464,Japan,0.5270935960591133,0.2660098522167488,0.3793103448275862,0.5960591133004927,0.08374384236453201,0.17733990147783252
June 2007,0.35669912316256414,Japan,0.12807881773399016,0.6896551724137931,0.3990147783251232,0.6699507389162561,0.6699507389162561,0.09852216748768473
July 2007,0.517473522116443,Japan,0.9064039408866995,0.03940886699507389,0.41379310344827586,0.7487684729064039,0.23645320197044334,0.7931034482758621
August 2007,0.41478242644664226,Japan,0.15270935960591134,0.6748768472906409,0.4187192118226601,0.8226600985221674,0.8620689655172414,0.15270935960591134
September 2007,0.3254952489821236,Japan,0.0935960591133001,0.9359605911330049,0.4433497536945813,0.8768472906403941,0.4975369458128079,0.5369458128078818
October 2007,0.14285714285714285,Japan,0.06403940886699508,0.605911330049261,0.4581280788177341,0.9655172413793104,0.8472906403940886,0.11822660098522167
November 2007,0.606209123906089,Japan,0.20689655172413793,0.33004926108374383,0.46798029556650245,0.9753694581280788,0.7044334975369362,0.20689655172413793
December 2007,0.41352780703132036,Japan,0.7389162561576355,0.7881773399014779,0.4876847290640394,0.9901477832512312,0.5714285714285714,0.2561576354679803
January 2008,0.39265951695638673,Japan,0.43349753694581283,0.4876847290640394,0.5665024630541872,1.0,0.5221674876847291,0.4088669950738916
February 2008,0.17594768593097357,Japan,0.4876847290640394,0.1625615763546798,0.6354679802955665,0.9950738916256158,0.5517241379310345,0.26108374384236455
March 2008,0.16148228538524528,Japan,0.49261083743842365,0.9556650246305419,0.6995073891625616,0.9852216748768473,0.5073891625615762,0.43349753694581283
April 2008,0.4685014389906722,Japan,0.5911330049261084,0.7931034482758621,0.768472906403941,0.9802955665024631,0.9802955665024631,0.37438423645320196
May 2008,0.5118158784019583,Japan,0.7438423645320197,0.35467980295566504,0.8275862068965517,0.9704433497536946,0.9753694581280788,0.45320197044334976
June 2008,0.27411780684393605,Japan,0.3793103448275862,0.24630541871921183,0.8571428571428572,0.9605911330049262,0.5862068965517202,0.7142857142857143
July 2008,0.18441626901982283,Japan,0.029556650246305417,0.6798029556650247,0.8719211822660096,0.8866995073891626,0.8719211822660098,0.019704433497536946
August 2008,0.1956505206220959,Japan,0.5172413793103449,0.18719211822660098,0.8866995073891626,0.8620689655172414,0.6798029556650247,0.32019704433497537
September 2008,0.08143661899464102,Japan,0.054187192118226604,0.4827586206896552,0.896551724137931,0.8374384236453202,0.9704433497536946,0.16748768472906403
October 2008,0.26320018182668786,Japan,0.059113300492610835,0.7192118226600985,0.9113300492610837,0.7931034482758621,0.16748768472906403,0.059113300492610835
November 2008,0.6121664763321526,Japan,0.4975369458128079,0.3103448275862069,0.9261083743842364,0.7438423645320197,0.10344827586206896,0.14285714285714285
December 2008,0.4337375113591988,Japan,0.6108374384236454,0.9211822660098522,0.9408866995073891,0.6995073891625616,0.9162561576354684,0.35467980295566504
January 2009,0.3692572755162843,Japan,0.8078817733990148,0.9064039408866995,0.9458128078817734,0.6403940886699507,0.8078817733990148,0.6403940886699507
February 2009,0.5607666613379149,Japan,0.8275862068965517,0.9852216748768473,0.9507389162561577,0.6305418719211823,0.7536945812807881,0.7783251231527092
March 2009,0.6603034069614235,Japan,0.6896551724137931,0.7093596059113301,0.9556650246305419,0.6108374384236454,0.8522167487684729,0.7536945812807881
April 2009,0.6734340819947986,Japan,0.43842364532019706,0.58128078817734,0.9605911330049262,0.5862068965517242,0.8177339901477833,0.38916256157635465
May 2009,0.5290425087126458,Japan,0.21674876847290642,0.6995073891625616,0.9655172413793104,0.5665024630541872,0.7586206896551724,0.12807881773399016
June 2009,0.29751313856915335,Japan,0.2561576354679803,0.541871921182266,0.9704433497536946,0.5467980295566502,0.8768472906403941,0.1330049261083744
July 2009,0.5252470176082055,Japan,0.9556650246305419,0.21674876847290642,0.9753694581280788,0.5270935960591133,0.029556650246305417,0.5221674876847291
August 2009,0.7631730677678049,Japan,0.28078817733990147,0.14778325123152128,0.9802955665024631,0.5073891625615764,0.5615763546798029,0.5615763546798029
September 2009,0.7380976858284228,Japan,0.0,0.15763546798029557,0.9852216748768473,0.49261083743842365,0.5172413793103449,0.0
October 2009,0.48057893160192705,Japan,0.5566502463054187,0.3793103448275862,0.9901477832512313,0.47783251231527096,0.11330049261083744,0.18226600985221675
November 2009,0.6550549382836142,Japan,0.9211822660098522,0.5172413793103449,0.9950738916256158,0.45812807881773415,0.2315270935960591,0.6896551724137931
December 2009,0.822415803974658,Japan,0.6600985221674877,0.5320197044334976,1.0,0.4482758620689655,0.3448275862068966,0.5467980295566502
January 2010,0.7809275456893285,Japan,0.5369458128078818,0.7783251231527094,0.9359605911330049,0.4285714285714286,0.5763546798029556,0.4827586206896552
February 2010,0.9106038430496907,Japan,0.7980295566502464,0.8423645320197045,0.9310344827586207,0.4630541871921182,0.39408866995073893,0.7832512315270936
March 2010,0.8800177088048265,Japan,0.9310344827586207,0.4729064039408867,0.9211822660098522,0.4876847290640394,0.3842364532019705,0.8522167487684729
April 2010,1.0,Japan,0.9458128078817734,0.024630541871921183,0.916256157635468,0.5320197044334976,0.0935960591133003,0.9064039408866995
May 2010,0.7736087058682525,Japan,0.7241379310344828,0.12315270935960591,0.9064039408866995,0.5714285714285714,0.009852216748768473,0.9458128078817734
June 2010,0.9212683264070949,Japan,0.6748768472906405,0.8719211822660097,0.9014778325123153,0.6157635467980296,0.8866995073891626,0.8817733990147784
July 2010,0.8940205013410715,Japan,0.8768472906403941,0.768472906403941,0.8916256157635469,0.6502463054187192,0.9458128078817734,0.8866995073891626
August 2010,0.4956484125246372,Japan,0.11822660098522167,0.9655172413793104,0.8817733990147784,0.6896551724137931,0.9211822660098522,0.3054187192118227
September 2010,0.5714285714285714,Japan,0.08866995073891626,0.8620689655172414,0.8768472906403941,0.729064039408867,0.7192118226600985,0.18719211822660098
October 2010,0.464541299465252,Japan,0.2660098522167488,0.7438423645320197,0.8669950738916257,0.768472906403941,0.9064039408866995,0.3990147783251246
November 2010,0.8257197236002706,Japan,0.25123152709359603,0.43842364532019706,0.8620689655172414,0.8078817733990148,0.8423645320197047,0.5123152709359606
December 2010,0.4777903461941014,Japan,0.9408866995073891,0.8078817733990148,0.8522167487684729,0.8423645320197045,0.6403940886699507,0.9359605911330049
January 2011,999.0,Japan,0.22660098522167488,0.019704433497536946,0.8472906403940886,0.8669950738916257,0.33004926108374383,0.6009852216748769
February 2011,0.7197886541613994,Japan,0.5665024630541872,0.896551724137931,0.8423645320197045,0.7832512315270936,0.6551724137931032,0.6059113300492603
March 2011,0.017084482536848054,Japan,0.19211822660098524,0.029556650246305417,0.8374384236453202,0.6945812807881774,0.2955665024630542,0.29064039408867
April 2011,0.0,Japan,0.47783251231527096,0.11330049261083744,0.8177339901477833,0.58128078817734,0.054187192118226604,0.27586206896551724
May 2011,0.00926117968919042,Japan,0.9802955665024631,0.20689655172413793,0.8078817733990148,0.4827586206896552,0.0,0.9113300492610837
June 2011,999.0,Japan,0.8374384236453202,0.6354679802955665,0.7881773399014779,0.41379310344827586,0.7733990147783252,0.916256157635468
July 2011,0.07852701403603189,Japan,0.5714285714285714,0.6305418719211823,0.7733990147783252,0.3448275862068966,0.9408866995073887,0.4975369458128079
August 2011,0.024506626894101536,Japan,0.30049261083743845,0.458128078817734,0.7536945812807881,0.26108374384236455,0.5270935960591133,0.3694581280788177
September 2011,0.054082283387888085,Japan,0.9605911330049262,0.625615763546798,0.7339901477832512,0.22660098522167488,0.6600985221674877,0.9950738916256158
October 2011,0.029741658611563207,Japan,0.1477832512315271,0.4975369458128079,0.7192118226600985,0.17733990147783252,0.3645320197044335,0.729064039408867
November 2011,0.05923789244746514,Japan,0.6157635467980296,0.9408866995073889,0.7044334975369457,0.1330049261083744,0.5911330049261084,0.7044334975369454
December 2011,999.0,Japan,0.4827586206896552,0.11822660098522167,0.6945812807881774,0.10344827586206896,0.2857142857142857,0.5665024630541872
January 2012,0.03810505751751777,Japan,0.33004926108374383,0.14285714285714285,0.6699507389162561,0.07389162561576355,0.43842364532019706,0.3645320197044335
January 2012,0.03988454128805126,Japan,0.3251231527093596,0.13793103448275862,0.6650246305418719,0.06403940886699508,0.4285714285714286,0.35960591133004927
February 2012,0.010298621179201788,Japan,0.7487684729064039,0.04926108374384237,0.625615763546798,0.08866995073891626,0.458128078817734,0.49261083743842365
March 2012,0.13115949421546397,Japan,0.8866995073891626,0.3054187192118227,0.5911330049261084,0.09852216748768473,0.3054187192118227,0.8423645320197044
April 2012,0.36205538331832554,Japan,0.58128078817734,0.3743842364532016,0.5566502463054187,0.11822660098522167,0.7438423645320197,0.9507389162561577
May 2012,999.0,Japan,0.4039408866995074,0.3448275862068966,0.5172413793103449,0.13793103448275862,0.5369458128078818,0.8768472906403941
June 2012,0.3095910594442601,Japan,0.8571428571428572,0.2413793103448276,0.47783251231527096,0.16748768472906403,0.8325123152709359,0.8719211822660011
July 2012,0.3047593194142394,Japan,0.31527093596059114,0.47783251231527096,0.4285714285714286,0.18719211822660095,0.9556650246305419,0.645320197044335
August 2012,0.13414887727424873,Japan,0.09852216748768473,0.7142857142857143,0.3743842364532019,0.20689655172413793,0.9014778325123153,0.12315270935960591
September 2012,0.07113202114903067,Japan,0.10837438423645321,0.9753694581280788,0.32019704433497537,0.23645320197044334,0.9113300492610837,0.029556650246305417
October 2012,999.0,Japan,0.04926108374384237,0.5467980295566502,0.1477832512315271,0.25615763546798026,0.7881773399014779,0.11330049261083744
November 2012,0.1186388809900114,Japan,0.896551724137931,0.19704433497536947,0.11330049261083744,0.30049261083743845,0.3103448275862069,0.7093596059113301
December 2012,0.0480948364666326,Japan,0.9014778325123153,0.034482758620689655,0.09852216748768473,0.33990147783251234,0.38916256157635376,0.7980295566502467
January 2013,0.2666674911140505,Japan,0.4729064039408867,0.12807881773399016,0.09359605911330049,0.3891625615763541,0.5320197044334976,0.5763546798029556
February 2013,0.12751605650890027,Japan,0.6354679802955665,0.26108374384236455,0.08866995073891626,0.3645320197044335,0.27586206896551724,0.5172413793103449
March 2013,999.0,Japan,0.3054187192118227,0.7832512315270936,0.08374384236453201,0.32019704433497537,0.5123152709359606,0.46798029556650245
April 2013,0.3750403558411273,Japan,0.7536945812807881,0.1330049261083744,0.07881773399014778,0.2857142857142857,0.10837438423645321,0.6108374384236454
May 2013,0.2265947220571573,Japan,0.07881773399014778,0.270935960591133,0.06896551724137931,0.2512315270935961,0.019704433497536946,0.28078817733990147
June 2013,0.10835277749044851,Japan,0.27586206896551724,0.7044334975369458,0.06403940886699508,0.2413793103448276,0.4827586206896552,0.1477832512315271
July 2013,0.17740487108971303,Japan,0.19704433497536947,0.6551724137931034,0.059113300492610835,0.22167487684729065,0.5467980295566502,0.09359605911330049
August 2013,999.0,Japan,0.29064039408867004,0.6650246305418719,0.054187192118226604,0.19704433497536947,0.8571428571428572,0.024630541871921183
September 2013,999.0,Japan,0.32019704433497537,0.5221674876847291,0.04926108374384237,0.18226600985221675,0.6847290640394089,0.06403940886699508
October 2013,0.2918805772128948,Japan,0.9507389162561577,0.8768472906403941,0.04433497536945813,0.1625615763546798,0.6305418719211823,0.19704433497536947
November 2013,0.15355826566662203,Japan,0.5467980295566502,0.3004926108374383,0.034482758620689655,0.14778325123152058,0.8226600985221673,0.1625615763546798
December 2013,0.06488781472979076,Japan,0.6945812807881774,0.3842364532019705,0.029556650246305417,0.12315270935960591,0.29064039408867,0.1724137931034483
January 2014,0.21533701616962472,Japan,0.39408866995073893,0.3891625615763545,0.07389162561576355,0.10837438423645321,0.46798029556650245,0.22167487684729065
February 2014,999.0,Japan,0.8325123152709359,0.29064039408867,0.10344827586206896,0.09359605911330049,0.09852216748768473,0.30049261083743845
March 2014,0.3505357012119916,Japan,0.8719211822660098,0.4236453201970443,0.11822660098522167,0.08374384236453201,0.3004926108374383,0.25123152709357677
April 2014,0.44359123051055654,Japan,0.18226600985221675,0.2857142857142857,0.3054187192118227,0.06896551724137931,0.08866995073891626,0.009852216748768473
May 2014,0.2556170699297375,Japan,0.18719211822660092,0.5270935960591133,0.3891625615763534,0.059113300492610835,0.15763546798029557,0.014778325123152709
June 2014,0.34490296967223766,Japan,0.26108374384236455,0.6403940886699507,0.45320197044334976,0.04433497536945813,0.6896551724137931,0.33497536945812806
July 2014,999.0,Japan,0.17733990147783252,0.49261083743842365,0.5073891625615761,0.03940886699507389,0.7241379310344828,0.10837438423645321
August 2014,0.6482268818035275,Japan,0.9901477832512313,0.17733990147783252,0.5467980295566502,0.034482758620689655,0.147783251231527,0.940886699507389
September 2014,0.3202507482227041,Japan,0.0049261083743842365,0.054187192118226604,0.5960591133004923,0.024630541871921183,0.6945812807881774,0.07389162561576355
October 2014,0.53647321540961,Japan,0.5763546798029557,0.33990147783251234,0.6403940886699507,0.019704433497536946,0.32019704433497537,0.7635467980295566
November 2014,0.4285714285714286,Japan,0.5073891625615764,0.6945812807881774,0.6847290640394089,0.009852216748768473,0.33497536945812806,0.4039408866995074
December 2014,999.0,Japan,0.891625615763547,0.014778325123152709,0.7093596059113301,0.0049261083743842365,0.06403940886699508,0.7389162561576355
January 2015,0.6210076037094759,Japan,0.7635467980295566,0.7586206896551724,0.7241379310344828,0.0,0.251231527093596,0.6748768472906403
February 2015,0.404808326469508,Japan,0.4088669950738916,0.7241379310344837,0.729064039408867,0.014778325123152709,0.4729064039408867,0.4433497536945813
March 2015,0.552145787501661,Japan,0.7192118226600985,0.8817733990147784,0.7389162561576355,0.029556650246305417,0.19704433497536947,0.891625615763547
April 2015,0.41964257783735254,Japan,0.7142857142857143,0.8571428571428572,0.7487684729064034,0.054187192118226604,0.4630541871921182,0.9014778325123153
April 2015,0.20736160869571557,Japan,0.7093596059113301,0.8472906403940886,0.7438423645320197,0.04926108374384237,0.4433497536945813,0.896551724137931
May 2015,999.0,Japan,0.1625615763546798,0.8866995073891626,0.7635467980295566,0.07881773399014778,0.8669950738916257,0.2857142857142857
June 2015,999.0,Japan,0.768472906403941,0.25615763546798026,0.7783251231527085,0.11330049261083744,0.31527093596059114,0.4876847290640394
July 2015,0.6768244624572749,Japan,0.5960591133004924,0.4187192118226601,0.7832512315270936,0.15763546798029557,0.8029556650246306,0.4729064039408867
August 2015,0.44321296449858383,Japan,0.5517241379310345,0.21182266009852216,0.7931034482758621,0.21182266009852216,0.12315270935960591,0.2660098522167488
September 2015,0.5764093245957655,Japan,0.22167487684729065,0.07389162561576355,0.8029556650246306,0.2660098522167488,0.4039408866995074,0.9261083743842364
October 2015,999.0,Japan,0.009852216748768473,0.10837438423645321,0.812807881773399,0.3694581280788177,0.2413793103448276,0.10344827586206896
November 2015,999.0,Japan,0.9162561576354681,0.9162561576354687,0.822660098522167,0.43349753694581283,0.28078817733990147,0.5320197044334976
December 2015,0.6971451406396818,Japan,0.7586206896551724,0.9507389162561577,0.8325123152709359,0.5369458128078818,0.896551724137931,0.8226600985221668
January 2016,0.2857142857142857,Japan,0.6995073891625616,0.6009852216748769,0.7980295566502463,0.6600985221674877,0.35467980295566504,0.6945812807881774
February 2016,0.7296912043766401,Japan,0.6551724137931034,0.6157635467980296,0.7586206896551724,0.6847290640394089,0.6206896551724138,0.812807881773399
March 2016,0.7552613609871076,Japan,0.21182266009852216,0.7980295566502463,0.7142857142857143,0.7142857142857143,0.7980295566502466,0.502463054187192
April 2016,999.0,Japan,0.7733990147783252,0.8325123152709359,0.6896551724137931,0.7389162561576355,0.9950738916256158,0.3793103448275862
May 2016,0.8683901331055226,Japan,0.4482758620689655,0.9014778325123153,0.6551724137931034,0.7586206896551724,1.0,0.33990147783251234
June 2016,0.7848567711077127,Japan,0.8226600985221675,0.3645320197044335,0.6108374384236454,0.7881773399014779,0.37438423645320174,0.7438423645320197
July 2016,0.7508740227634968,Japan,0.2315270935960591,0.33497536945812806,0.5714285714285714,0.812807881773399,0.7931034482758621,0.22660098522167488
August 2016,0.7044066487950026,Japan,0.7881773399014779,0.6108374384236454,0.5320197044334976,0.8275862068965517,0.6108374384236454,0.8029556650246306
September 2016,999.0,Japan,0.645320197044335,0.7536945812807881,0.49261083743842365,0.8472906403940886,0.034482758620689655,0.9605911330049262
October 2016,999.0,Japan,0.08374384236453201,0.5073891625615762,0.43842364532019706,0.8571428571428572,0.2019704433497537,0.6305418719211823
November 2016,0.8137328369846907,Japan,0.5862068965517241,0.09359605911330049,0.3842364532019705,0.8817733990147784,0.14285714285714285,0.47783251231527096
December 2016,0.7287563562619843,Japan,0.8620689655172414,0.7389162561576355,0.33004926108374383,0.8916256157635468,0.7339901477832512,0.7586206896551724
January 2017,0.540671940339022,Japan,0.3842364532019705,0.4433497536945813,0.3251231527093596,0.9556650246305419,0.6009852216748769,0.6650246305418719
February 2017,999.0,Japan,0.541871921182266,0.5566502463054187,0.31527093596059114,0.9507389162561577,0.4236453201970443,0.5714285714285714
March 2017,0.6361662687592451,Japan,0.2019704433497537,0.2315270935960591,0.3103448275862069,0.9458128078817734,0.4088669950738916,0.13793103448275862
April 2017,0.6905354121750716,Japan,0.6009852216748768,0.45320197044334976,0.2955665024630542,0.9408866995073889,0.1625615763546798,0.4187192118226601
May 2017,0.6675473342434205,Japan,0.1330049261083744,0.7733990147783252,0.29064039408866993,0.9359605911330049,0.25615763546798026,0.06896551724137931
June 2017,0.7978801818072969,Japan,0.15763546798029557,0.08866995073891626,0.2857142857142857,0.9310344827586207,0.7635467980295566,0.04433497536945813
July 2017,999.0,Japan,0.29556650246305416,0.8669950738916257,0.270935960591133,0.9261083743842364,0.7487684729064037,0.08866995073891626
August 2017,999.0,Japan,0.3448275862068966,0.2019704433497537,0.2561576354679803,0.9211822660098522,0.1724137931034483,0.2315270935960591
September 2017,999.0,Japan,0.07389162561576355,0.09852216748768473,0.2413793103448276,0.9162561576354682,0.7389162561576355,0.07881773399014778
October 2017,999.0,Japan,1.0,0.28078817733990147,0.22660098522167488,0.9113300492610837,0.2660098522167488,0.9852216748768473
November 2017,999.0,Japan,0.4285714285714286,0.10344827586206896,0.21182266009852216,0.9064039408866995,0.11822660098522167,0.8620689655172414
December 2017,999.0,Japan,0.3990147783251232,0.04433497536945813,0.19704433497536947,0.9014778325123153,0.12807881773399002,0.5566502463054187
January 2018,999.0,Japan,0.605911330049261,0.3497536945812808,0.18719211822660098,0.896551724137931,0.21182266009852216,0.541871921182266
February 2018,999.0,Japan,0.38916256157635465,0.06896551724137931,0.18226600985221675,0.8719211822660099,0.21674876847290642,0.3448275862068966
March 2018,999.0,Japan,0.812807881773399,0.9704433497536946,0.17733990147783252,0.8522167487684729,0.625615763546798,0.9704433497536946
April 2018,999.0,Japan,0.41379310344827586,0.9261083743842364,0.1724137931034483,0.8325123152709359,0.812807881773399,0.6699507389162561
May 2018,999.0,Japan,0.8522167487684729,0.5615763546798029,0.16748768472906403,0.8029556650246306,0.9359605911330049,0.7733990147783252
June 2018,0.9851748894268545,Japan,0.24630541871921183,0.4285714285714286,0.1625615763546798,0.7635467980295566,0.6650246305418719,0.4482758620689655
July 2018,0.9652272657833417,Japan,0.8029556650246306,0.9113300492610837,0.15763546798029557,0.7339901477832512,0.8817733990147784,0.9655172413793104
August 2018,999.0,Japan,0.5320197044334976,0.4088669950738916,0.15270935960591134,0.704433497536945,0.6748768472906405,0.4630541871921182
September 2018,999.0,Japan,0.9359605911330049,0.3251231527093596,0.14285714285714285,0.6551724137931034,0.07389162561576355,0.9802955665024631
October 2018,0.8759020059057773,Japan,0.024630541871921183,0.5024630541871922,0.13793103448275862,0.6206896551724138,0.3497536945812808,0.5812807881773401
November 2018,0.9394679829630177,Japan,0.14285714285714285,0.7635467980295566,0.1330049261083744,0.5911330049261075,0.5960591133004925,0.24630541871921183
December 2018,0.9753694917806294,Japan,0.6206896551724138,0.5862068965517241,0.12315270935960591,0.5566502463054187,0.3694581280788177,0.39408866995073893
January 2019,0.9577419016828207,Japan,0.2413793103448276,0.6206896551724138,0.12807881773399016,0.5172413793103449,0.49261083743842365,0.270935960591133
April 2002,0.04893695432289606,Spain,0.729064039408867,0.6699507389162561,0.3103448275862069,0.9605911330049262,0.7192118226600985,0.14778325123152708
May 2002,0.20767993238809124,Spain,0.7536945812807881,0.29064039408866993,0.3645320197044335,0.9556650246305419,0.541871921182266,0.23645320197044334
June 2002,999.0,Spain,0.5467980295566502,0.8374384236453202,0.4236453201970443,0.9458128078817734,0.10837438423645321,0.28078817733990147
July 2002,999.0,Spain,0.5960591133004923,0.39901477832512317,0.4827586206896552,0.9359605911330049,0.24630541871921183,0.3793103448275862
August 2002,0.325661734364028,Spain,0.7635467980295566,0.15270935960591134,0.541871921182266,0.9310344827586207,0.33004926108374383,0.4975369458128079
September 2002,0.5541577817854504,Spain,0.2857142857142857,0.18226600985221675,0.6945812807881774,0.9261083743842364,0.5369458128078818,0.6009852216748768
October 2002,0.6319847058736424,Spain,0.15763546798029557,0.5123152709359605,0.7783251231527089,0.9113300492610837,0.9014778325123153,0.625615763546798
November 2002,0.6080283290190577,Spain,0.9014778325123153,0.6945812807881774,0.8522167487684729,0.9064039408866995,0.7241379310344829,0.7192118226600985
December 2002,0.6657374360488032,Spain,0.8719211822660099,0.9014778325123153,0.8768472906403941,0.896551724137931,0.6896551724137931,0.9113300492610837
January 2003,0.5191481053558697,Spain,0.8078817733990148,0.3103448275862069,0.8817733990147784,0.8916256157635468,0.7093596059113301,0.9605911330049262
February 2003,0.6957329824659625,Spain,0.8669950738916257,0.2019704433497537,0.8866995073891626,0.8817733990147784,0.39408866995073893,0.9753694581280788
March 2003,0.7016836172162393,Spain,0.58128078817734,0.7931034482758621,0.8916256157635469,0.8719211822660062,0.5911330049261082,0.9359605911330049
April 2003,0.8217081234130382,Spain,0.7093596059113301,0.5665024630541872,0.9014778325123153,0.8620689655172414,0.7389162561576355,0.8620689655172414
May 2003,0.7746821323680386,Spain,0.3842364532019705,0.8029556650246306,0.9064039408866995,0.8522167487684729,0.8325123152709359,0.7733990147783252
June 2003,999.0,Spain,0.3891625615763547,1.0,0.9113300492610837,0.8423645320197048,0.5763546798029556,0.6206896551724138
July 2003,0.4490485001769012,Spain,0.6157635467980296,0.645320197044335,0.9162561576354681,0.8325123152709359,0.5665024630541872,0.6059113300492602
August 2003,0.4478938018178767,Spain,0.6945812807881774,0.9605911330049262,0.9211822660098522,0.8275862068965517,0.5073891625615755,0.5763546798029556
September 2003,0.6831355544603934,Spain,0.14285714285714285,0.6206896551724138,0.9261083743842364,0.8177339901477833,0.4729064039408867,0.6650246305418719
October 2003,0.7306973540838807,Spain,0.9261083743842364,0.08866995073891626,0.9310344827586207,0.8078817733990148,0.6157635467980296,0.8275862068965517
November 2003,0.9512316418078237,Spain,0.8226600985221674,0.6305418719211823,0.9359605911330049,0.798029556650247,0.729064039408867,0.9014778325123153
December 2003,0.9854819419284833,Spain,0.5862068965517242,0.46798029556650245,1.0,0.7931034482758621,0.812807881773399,0.9261083743842364
January 2004,0.8782637225408775,Spain,0.21674876847290642,0.8571428571428572,0.9950738916256158,0.7783251231527093,0.9605911330049262,0.8029556650246306
February 2004,0.9471979911604994,Spain,0.6354679802955665,0.5763546798029561,0.9901477832512315,0.7733990147783252,0.9556650246305419,0.5024630541871922
March 2004,0.984824035046595,Spain,0.8423645320197044,0.2413793103448276,0.9852216748768473,0.7635467980295566,0.8226600985221661,0.5517241379310345
April 2004,0.9754600717877414,Spain,0.645320197044335,0.2512315270935961,0.9802955665024631,0.7586206896551724,0.7044334975369452,0.6551724137931034
May 2004,0.9704179118107119,Spain,0.896551724137931,0.034482758620689655,0.9753694581280788,0.7487684729064037,0.8916256157635477,0.7536945812807881
June 2004,0.7496836788591048,Spain,0.24630541871921183,0.9556650246305419,0.9704433497536946,0.7438423645320197,0.8817733990147784,0.4729064039408867
July 2004,0.7786985823786262,Spain,0.6403940886699507,0.5221674876847291,0.9655172413793104,0.7339901477832512,0.6699507389162561,0.49261083743842365
August 2004,0.9006907245301523,Spain,0.7980295566502468,0.41379310344827586,0.9605911330049262,0.729064039408867,0.6847290640394089,0.5615763546798029
September 2004,0.911292264199338,Spain,0.04433497536945813,0.7142857142857143,0.9556650246305419,0.7192118226600985,0.6206896551724138,0.5320197044334976
October 2004,0.6119327523404291,Spain,0.2660098522167488,0.6157635467980296,0.9507389162561577,0.7142857142857143,0.3448275862068966,0.5369458128078818
November 2004,0.591099776816392,Spain,0.024630541871921183,0.21182266009852216,0.9458128078817734,0.7044334975369458,0.14778325123152708,0.29064039408866993
December 2004,0.5714285714285714,Spain,0.28078817733990147,0.3054187192118227,0.9408866995073891,0.6995073891625616,0.11822660098522167,0.1724137931034483
January 2005,0.5314610608718509,Spain,0.03940886699507389,0.13793103448275862,0.896551724137931,0.6945812807881774,0.1330049261083744,0.04926108374384237
February 2005,0.21380021640764693,Spain,0.23645320197044334,0.0,0.8669950738916257,0.6847290640394089,0.014778325123152709,0.019704433497536946
March 2005,0.3041569058282714,Spain,0.21182266009852216,0.45812807881773426,0.7733990147783252,0.6798029556650247,0.009852216748768473,0.029556650246305417
April 2005,0.0775198441566132,Spain,0.2019704433497537,0.6896551724137931,0.6157635467980296,0.6748768472906403,0.059113300492610835,0.054187192118226604
May 2005,0.1131089332598962,Spain,0.2955665024630542,0.9211822660098522,0.49261083743842365,0.6650246305418719,0.024630541871921183,0.08374384236453201
June 2005,0.14285714285714285,Spain,0.27586206896551724,0.9901477832512314,0.4088669950738916,0.6600985221674877,0.07881773399014778,0.12807881773399016
July 2005,0.0644302587496287,Spain,0.5073891625615653,0.7241379310344828,0.32019704433497537,0.6502463054187192,0.14285714285714285,0.2413793103448276
August 2005,0.23344508009520362,Spain,0.5665024630541872,0.5812807881773399,0.17733990147783252,0.645320197044335,0.13793103448275862,0.3448275862068966
September 2005,0.16032450418937408,Spain,0.059113300492610835,0.3694581280788177,0.04926108374384237,0.6403940886699507,0.15270935960591134,0.39901477832512317
October 2005,0.10505921537542055,Spain,0.3990147783251233,0.5960591133004924,0.029556650246305417,0.6354679802955665,0.10344827586206896,0.43349753694581283
November 2005,0.22487186907279413,Spain,0.33004926108374383,0.10837438423645321,0.014778325123152709,0.625615763546798,0.30049261083743845,0.3842364532019705
December 2005,0.35001609367392195,Spain,0.2561576354679803,0.1477832512315271,0.0,0.6206896551724138,0.3054187192118227,0.21182266009852216
January 2006,0.20278958001847347,Spain,0.4827586206896552,0.12315270935960591,0.0049261083743842365,0.6157635467980296,0.32019704433497537,0.09359605911330049
February 2006,0.059302373882518626,Spain,0.6847290640394089,0.07881773399014778,0.009852216748768473,0.6009852216748769,0.09852216748768473,0.07389162561576355
March 2006,0.2975789250549313,Spain,0.768472906403941,0.6403940886699507,0.019704433497536946,0.5812807881773399,0.6502463054187192,0.22660098522167488
April 2006,0.2857142857142857,Spain,0.3793103448275862,0.8916256157635476,0.024630541871921183,0.5714285714285714,0.9211822660098522,0.19211822660098524
May 2006,0.1811507502210668,Spain,0.26108374384236455,0.9655172413793104,0.034482758620689655,0.5517241379310345,0.6305418719211823,0.1625615763546798
June 2006,0.15585712554896275,Spain,0.5123152709359606,0.8275862068965517,0.03940886699507389,0.5467980295566502,0.21182266009852216,0.21674876847290642
July 2006,0.09651339725267237,Spain,0.6699507389162561,0.9310344827586207,0.04433497536945813,0.5369458128078818,0.3103448275862069,0.32019704433497537
August 2006,0.1376284221381208,Spain,0.7241379310344828,0.39408866995073893,0.1330049261083744,0.5270935960591133,0.2955665024630542,0.4039408866995074
September 2006,0.1831213302488023,Spain,0.1871921182266009,0.7093596059113301,0.15763546798029557,0.5172413793103449,0.35960591133004927,0.5123152709359606
October 2006,0.4814315491098409,Spain,0.7832512315270936,0.8817733990147784,0.22167487684729065,0.4975369458128079,0.5615763546798029,0.7783251231527093
November 2006,0.6796937855782165,Spain,0.9507389162561577,0.9359605911330049,0.29064039408867,0.4876847290640394,0.9901477832512308,0.8374384236453202
December 2006,0.5766003020547369,Spain,0.18226600985221675,0.270935960591133,0.3251231527093596,0.46798029556650245,0.9852216748768473,0.7635467980295566
January 2007,0.3812798526294684,Spain,0.22660098522167488,0.5517241379310345,0.33990147783251234,0.4482758620689655,0.9458128078817734,0.20689655172413793
February 2007,0.1725840829941972,Spain,0.8325123152709359,0.8226600985221675,0.35467980295566504,0.458128078817734,0.9950738916256158,0.27586206896551724
March 2007,0.5228863262167144,Spain,0.35467980295566504,0.33004926108374383,0.3743842364532015,0.4285714285714286,0.9753694581280788,0.3251231527093596
April 2007,0.5584908637938473,Spain,0.9113300492610837,0.4975369458128079,0.3842364532019705,0.43349753694581283,0.9113300492610837,0.729064039408867
May 2007,0.5477689483353052,Spain,0.8177339901477833,0.4630541871921182,0.39901477832512344,0.41379310344827586,0.8423645320197046,0.7586206896551724
June 2007,0.435197208800032,Spain,0.6305418719211823,0.26108374384236455,0.4187192118226601,0.4187192118226601,0.768472906403941,0.6748768472906403
July 2007,0.3662187683608505,Spain,0.5172413793103449,0.35960591133004927,0.43349753694581283,0.39901477832512344,0.5172413793103449,0.5467980295566502
August 2007,0.45923203135238716,Spain,0.7931034482758621,0.17733990147783252,0.4482758620689655,0.4039408866995074,0.6009852216748766,0.541871921182266
September 2007,0.4777128821384329,Spain,0.12807881773399016,0.3743842364532005,0.4630541871921182,0.4088669950738916,0.4630541871921182,0.4630541871921182
October 2007,0.5912496700805013,Spain,0.034482758620689655,0.3448275862068966,0.4729064039408867,0.3842364532019705,0.5024630541871922,0.4187192118226601
November 2007,0.08912247563552718,Spain,0.1330049261083744,0.24630541871921183,0.4975369458128079,0.3891625615763547,0.1625615763546798,0.1330049261083744
December 2007,0.008857054939779115,Spain,0.07881773399014778,0.2660098522167488,0.5073891625615764,0.3645320197044335,0.06403940886699508,0.04433497536945813
January 2008,0.0834999345689933,Spain,0.37438423645320157,0.8325123152709359,0.502463054187192,0.3694581280788177,0.15763546798029557,0.024630541871921183
February 2008,0.03949976476602535,Spain,0.3251231527093596,0.8522167487684729,0.4876847290640394,0.35960591133004927,0.5714285714285714,0.0
March 2008,0.11894918621927714,Spain,0.20689655172413793,0.5024630541871918,0.46798029556650245,0.3448275862068966,0.8029556650246306,0.009852216748768473
April 2008,0.12796278096415406,Spain,0.9704433497536946,0.6502463054187192,0.458128078817735,0.33990147783251234,0.31527093596059114,0.18226600985221675
May 2008,0.054041764662798794,Spain,0.9753694581280788,0.07389162561576355,0.45320197044334976,0.33004926108374383,0.5123152709359606,0.5911330049261084
June 2008,0.42290029346505276,Spain,0.6600985221674877,0.3497536945812808,0.4433497536945813,0.3251231527093596,0.8866995073891626,0.8177339901477833
July 2008,0.46323368487260036,Spain,0.6551724137931034,0.2857142857142857,0.4285714285714286,0.31527093596059114,0.6108374384236454,0.5812807881773399
August 2008,0.4693875314261635,Spain,0.4630541871921182,0.4827586206896552,0.41379310344827586,0.3103448275862069,0.5960591133004927,0.4827586206896552
September 2008,0.36425045521343047,Spain,0.19704433497536947,0.08374384236453201,0.4039408866995074,0.3054187192118227,0.5320197044334976,0.45812807881773415
October 2008,0.189057062748975,Spain,0.3694581280788177,0.1625615763546798,0.39408866995073893,0.29556650246305416,0.33497536945812806,0.4285714285714286
November 2008,0.27196889175515204,Spain,0.270935960591133,0.014778325123152709,0.3793103448275862,0.2857142857142857,0.18226600985221675,0.4433497536945813
December 2008,0.33935217516000094,Spain,0.5763546798029556,0.06403940886699501,0.3694581280788177,0.28078817733990147,0.06896551724137931,0.4236453201970443
January 2009,0.40822476045603906,Spain,0.8374384236453202,0.19211822660098524,0.35960591133004927,0.270935960591133,0.07389162561576329,0.25123152709359436
February 2009,0.6724722485011235,Spain,0.43349753694581283,0.3793103448275862,0.3497536945812808,0.27586206896551724,0.1280788177339901,0.5566502463054187
March 2009,0.29185378716986105,Spain,0.39408866995073893,0.6650246305418719,0.33497536945812806,0.2413793103448276,0.11330049261083744,0.39408866995073893
April 2009,0.19665794790991936,Spain,0.4482758620689655,0.22660098522167488,0.33004926108374383,0.2512315270935961,0.054187192118226604,0.22167487684729065
May 2009,0.22152700090848318,Spain,0.1625615763546798,0.8620689655172414,0.31527093596059114,0.20689655172413793,0.12315270935960591,0.15763546798029557
June 2009,0.31564302009451134,Spain,0.47783251231527096,0.8866995073891626,0.3054187192118227,0.21674876847290642,0.35467980295566504,0.2315270935960591
July 2009,0.3244867276364963,Spain,0.5714285714285714,0.6108374384236454,0.2955665024630542,0.16748768472906403,0.43349753694581283,0.30049261083743833
August 2009,0.3753063565066491,Spain,0.49261083743842365,0.7487684729064039,0.2857142857142857,0.18226600985221675,0.4975369458128079,0.4088669950738916
September 2009,0.14869393885432786,Spain,0.12315270935960591,0.3891625615763547,0.26108374384236455,0.18719211822660098,0.45320197044334976,0.41379310344827586
October 2009,0.16645951181148394,Spain,0.019704433497536946,0.8768472906403941,0.23645320197044334,0.1330049261083744,0.2512315270935961,0.2955665024630542
November 2009,0.12811323633552477,Spain,0.3497536945812808,0.8472906403940886,0.19704433497536947,0.14285714285714285,0.33990147783251234,0.24630541871921183
December 2009,0.2700506228053306,Spain,1.0,0.45320197044334976,0.1724137931034483,0.10837438423645321,0.25615763546798026,0.7832512315270936
January 2010,0.8691218792627349,Spain,0.9605911330049262,0.30049261083743845,0.18719211822659884,0.11330049261083744,0.21674876847290642,0.9655172413793104
February 2010,0.7557501756136635,Spain,0.9852216748768473,0.18719211822660098,0.19211822660098524,0.13793103448275862,0.37438423645320185,0.9901477832512314
March 2010,0.8767359240687916,Spain,0.8620689655172414,0.059113300492610835,0.2019704433497537,0.08374384236453201,0.16748768472906403,1.0
April 2010,0.9347549071971,Spain,0.5024630541871922,0.6748768472906405,0.21182266009852216,0.09359605911330049,0.3842364532019705,0.9852216748768473
May 2010,0.8921569841387758,Spain,0.5566502463054187,0.11822660098522167,0.22660098522167488,0.08866995073891626,0.7881773399014779,0.9556650246305419
June 2010,0.927414592246391,Spain,0.8817733990147784,0.23645320197044334,0.2315270935960591,0.10344827586206896,0.9655172413793104,0.9458128078817734
July 2010,0.7605912318611702,Spain,0.5221674876847291,0.7832512315270936,0.24630541871921183,0.09852216748768473,0.8275862068965517,0.8719211822660098
August 2010,0.838013489325287,Spain,0.6108374384236454,0.7044334975369457,0.25123152709359603,0.11822660098522167,0.7832512315270936,0.8325123152709359
September 2010,0.7242286040967054,Spain,0.10837438423645321,0.4236453201970443,0.2561576354679803,0.15763546798029557,0.6600985221674877,0.7980295566502466
October 2010,0.8571428571428572,Spain,0.2906403940886701,0.10344827586206896,0.270935960591133,0.1477832512315271,0.5566502463054187,0.7881773399014779
November 2010,0.7869790556682087,Spain,0.7044334975369457,0.04926108374384237,0.27586206896551724,0.19211822660098524,0.49261083743842365,0.6847290640394089
December 2010,0.8871349051610108,Spain,0.9556650246305419,0.27586206896551724,0.28078817733990147,0.17733990147783252,0.4433497536945813,0.9310344827586207
January 2011,999.0,Spain,0.5517241379310345,0.4482758620689655,0.2660098522167488,0.21182266009852216,0.5270935960591133,0.9064039408866995
February 2011,0.9175466146759513,Spain,0.458128078817734,0.5073891625615763,0.2413793103448276,0.24630541871921183,0.26108374384236455,0.8472906403940886
March 2011,0.9618935522211419,Spain,0.812807881773399,0.20689655172413793,0.20689655172413793,0.12315270935960591,0.4236453201970443,0.8522167487684729
April 2011,0.921436274899436,Spain,0.7339901477832512,0.9852216748768473,0.18226600985221675,0.1625615763546798,0.6650246305418719,0.768472906403941
May 2011,0.768134522615706,Spain,0.6995073891625616,0.8177339901477833,0.16748768472906403,0.15270935960591134,0.9704433497536946,0.7487684729063995
June 2011,999.0,Spain,0.4039408866995074,0.541871921182266,0.1625615763546798,0.19704433497536947,0.7931034482758621,0.6600985221674877
July 2011,0.8349716137720784,Spain,0.7142857142857143,0.16748768472906403,0.15270935960591134,0.1724137931034483,0.7487684729064036,0.6108374384236454
August 2011,0.7897510541474915,Spain,0.6206896551724138,0.5862068965517228,0.14285714285714285,0.2019704433497537,0.6551724137931032,0.5862068965517242
September 2011,0.8518995842842098,Spain,0.009852216748768473,0.7635467980295566,0.13793103448275862,0.2315270935960591,0.43842364532019706,0.47783251231527096
October 2011,0.4881115524693365,Spain,0.029556650246305417,0.896551724137931,0.12807881773399016,0.22167487684729065,0.2660098522167488,0.3054187192118227
November 2011,0.25114729950464226,Spain,0.8916256157635468,0.6600985221674877,0.12315270935960591,0.2561576354679803,0.22660098522167488,0.4876847290640394
December 2011,999.0,Spain,0.06403940886699508,0.4433497536945813,0.08374384236453201,0.23645320197044334,0.3793103448275862,0.12315270935960591
January 2012,0.6458239284561185,Spain,0.08374384236453201,0.47783251231527096,0.07389162561576355,0.26108374384236455,0.4088669950738916,0.03940886699507389
January 2012,0.5664130408349377,Spain,0.08866995073891626,0.4729064039408867,0.11822660098522167,0.0,0.4039408866995074,0.034482758620689655
February 2012,0.25493270602758294,Spain,0.054187192118226604,0.0049261083743842365,0.11330049261083744,0.009852216748768473,0.034482758620689655,0.014778325123152709
March 2012,0.07194042883709298,Spain,0.11822660098522167,0.7192118226600985,0.10837438423645321,0.0049261083743842365,0.0049261083743842365,0.0049261083743842365
April 2012,0.10210850504084296,Spain,0.9211822660098522,0.04433497536945813,0.10344827586206896,0.014778325123152709,0.0,0.06403940886699505
May 2012,999.0,Spain,0.35960591133004927,0.8719211822660099,0.09852216748768473,0.019704433497536946,0.17733990147783252,0.14285714285714285
June 2012,0.28030281028643306,Spain,0.32019704433497537,0.916256157635468,0.09359605911330049,0.024630541871921183,0.29064039408866993,0.16748768472906403
July 2012,0.2612353397073358,Spain,0.5615763546798029,0.4285714285714286,0.08866995073891626,0.029556650246305417,0.2857142857142857,0.2561576354679803
August 2012,0.33068400870491454,Spain,0.46798029556650245,0.812807881773399,0.07881773399014778,0.034482758620689655,0.2315270935960591,0.33004926108374383
September 2012,0.3088334824201719,Spain,0.3103448275862069,0.5172413793103449,0.06896551724137931,0.03940886699507389,0.23645320197044334,0.3891625615763547
October 2012,999.0,Spain,0.3645320197044335,0.33497536945812806,0.06403940886699508,0.04433497536945813,0.625615763546798,0.5172413793103449
November 2012,0.6550770023829106,Spain,0.9458128078817734,0.4039408866995074,0.059113300492610835,0.04926108374384237,0.8374384236453202,0.7931034482758621
December 2012,0.8454088892142547,Spain,0.31527093596059114,0.5320197044334976,0.054187192118226604,0.054187192118226604,0.8571428571428572,0.43842364532019706
January 2013,0.8115767525886501,Spain,0.8472906403940886,0.5566502463054187,0.14778325123152705,0.059113300492610835,0.8669950738916257,0.6995073891625616
February 2013,0.8134911408989869,Spain,0.7733990147783252,0.06896551724137931,0.21674876847290642,0.06896551724137931,0.9408866995073885,0.8916256157635468
March 2013,999.0,Spain,0.9901477832512314,0.09852216748768473,0.3004926108374384,0.06403940886699508,0.9310344827586207,0.9802955665024631
April 2013,0.9600516724202162,Spain,0.7438423645320197,0.3251231527093596,0.3448275862068966,0.07389162561576355,0.7536945812807881,0.9950738916256158
May 2013,0.9944270986631978,Spain,0.4975369458128079,0.009852216748768473,0.3891625615763545,0.07881773399014778,0.896551724137931,0.9704433497536946
June 2013,1.0,Spain,0.41379310344827586,0.09359605911330032,0.43842364532019706,0.12807881773399016,0.9261083743842364,0.9211822660098522
July 2013,0.8031412426190696,Spain,0.5369458128078818,0.6847290640394089,0.47783251231527096,0.22660098522167488,0.8620689655172414,0.8669950738916257
August 2013,999.0,Spain,0.7192118226600985,0.5911330049261083,0.5221674876847291,0.2660098522167488,0.8522167487684729,0.812807881773399
September 2013,999.0,Spain,0.07389162561576355,0.6009852216748769,0.6206896551724138,0.29064039408866993,0.7339901477832512,0.7241379310344869
October 2013,0.6912971106288344,Spain,0.17733990147783252,0.7389162561576355,0.7339901477832512,0.30049261083743845,0.6995073891625616,0.7339901477832512
November 2013,0.7142857142857143,Spain,0.16748768472906403,0.12807881773399016,0.7881773399014779,0.32019704433497537,0.5862068965517242,0.5270935960591133
December 2013,0.409159155294072,Spain,0.5911330049261081,0.15763546798029557,0.8423645320197044,0.33497536945812806,0.27586206896551724,0.3103448275862069
January 2014,0.6017369549661588,Spain,0.9310344827586207,0.7438423645320197,0.8325123152709359,0.3497536945812808,0.1724137931034483,0.6403940886699507
February 2014,999.0,Spain,0.9655172413793104,0.3645320197044335,0.8177339901477833,0.39408866995073893,0.28078817733990147,0.9408866995073891
March 2014,0.7387841639710293,Spain,0.45320197044334976,0.43349753694581283,0.8078817733990148,0.3793103448275862,0.5221674876847291,0.9507389162561577
April 2014,0.9019342176855275,Spain,0.4187192118226601,0.9507389162561577,0.7980295566502468,0.43842364532019706,0.3694581280788177,0.8866995073891626
May 2014,0.5017951486431637,Spain,0.22167487684729065,0.5714285714285714,0.7832512315270936,0.45320197044334976,0.2019704433497537,0.6354679802955665
June 2014,0.6356076410273624,Spain,0.541871921182266,0.43842364532019706,0.7635467980295566,0.47783251231527096,0.3251231527093596,0.6157635467980296
July 2014,999.0,Spain,0.7586206896551724,0.11330049261083744,0.7536945812807881,0.49261083743842365,0.3990147783251232,0.7142857142857143
August 2014,0.7093092284063742,Spain,0.6009852216748769,0.33990147783251234,0.7389162561576355,0.5123152709359606,0.4187192118226601,0.645320197044335
September 2014,0.6604575011370195,Spain,0.2512315270935961,0.5369458128078818,0.729064039408867,0.5320197044334976,0.47783251231527096,0.6502463054187192
October 2014,0.9398426879044675,Spain,0.10344827586206896,0.9261083743842364,0.7093596059113301,0.541871921182266,0.8078817733990148,0.6305418719211823
November 2014,0.7441889665216811,Spain,0.9802955665024631,0.6995073891625616,0.6798029556650247,0.5615763546798029,0.7586206896551724,0.7389162561576355
December 2014,999.0,Spain,0.15270935960591134,0.2315270935960591,0.6650246305418719,0.5665024630541872,0.9162561576354686,0.6945812807881774
January 2015,0.3988230379437481,Spain,0.4729064039408867,0.21674876847290642,0.6600985221674877,0.5862068965517241,0.6945812807881774,0.31527093596059114
February 2015,0.7240678777271526,Spain,0.5320197044334976,0.029556650246305417,0.645320197044335,0.5960591133004925,0.3497536945812808,0.7044334975369457
March 2015,0.827263305786794,Spain,0.5270935960591133,0.5615763546798029,0.6403940886699507,0.5911330049261084,0.4827586206896552,0.7438423645320197
April 2015,0.49368870015028227,Spain,0.33990147783251234,0.8078817733990148,0.6305418719211823,0.605911330049261,0.7783251231527094,0.3694581280788177
April 2015,0.4411703991296605,Spain,0.3448275862068966,0.7980295566502472,0.6354679802955665,0.35467980295566504,0.7733990147783252,0.3645320197044335
May 2015,999.0,Spain,0.11330049261083744,0.9704433497536946,0.625615763546798,0.37438423645320196,0.2413793103448276,0.19704433497536947
June 2015,999.0,Spain,0.625615763546798,0.8423645320197044,0.6009852216748768,0.4236453201970443,0.22167487684729065,0.35467980295566504
July 2015,0.35880553078962046,Spain,0.6896551724137931,0.9753694581280788,0.5960591133004923,0.4433497536945813,0.270935960591133,0.33497536945812806
August 2015,0.4285714285714286,Spain,0.7487684729064039,0.4876847290640394,0.5812807881773401,0.4630541871921182,0.3645320197044335,0.45320197044334976
September 2015,0.5337929020984047,Spain,0.19211822660098524,0.054187192118226604,0.5763546798029557,0.4729064039408867,0.4876847290640394,0.5221674876847291
October 2015,999.0,Spain,0.3054187192118227,0.4187192118226601,0.5714285714285714,0.4827586206896552,0.41379310344827586,0.4482758620689655
November 2015,999.0,Spain,0.1724137931034483,0.7586206896551724,0.5566502463054187,0.5024630541871921,0.7980295566502464,0.270935960591133
December 2015,0.03922401689202294,Spain,0.04926108374384237,0.9458128078817734,0.5517241379310345,0.5073891625615764,0.9064039408866995,0.06896551724137931
January 2016,0.23932172784718314,Spain,0.9162561576354681,0.9064039408866995,0.5911330049261083,0.5221674876847291,1.0,0.2660098522167488
February 2016,0.4152119562859565,Spain,0.8866995073891626,0.5270935960591133,0.6551724137931033,0.5566502463054187,0.9802955665024631,0.5665024630541872
March 2016,0.5413511313497712,Spain,0.6059113300492611,0.03940886699507389,0.6896551724137931,0.5763546798029558,0.7438423645320197,0.8078817733990148
April 2016,999.0,Spain,0.9408866995073883,0.25615763546797987,0.7241379310344828,0.6108374384236454,0.605911330049261,0.896551724137931
May 2016,0.6451401482384901,Spain,0.8768472906403941,0.1330049261083744,0.7487684729064013,0.6305418719211823,0.8472906403940886,0.8817733990147784
June 2016,0.6236468683572772,Spain,0.30049261083743756,0.6551724137931032,0.7586206896551724,0.6551724137931032,0.8177339901477833,0.7093596059113301
July 2016,0.5111090439080074,Spain,0.4876847290640394,0.7881773399014779,0.7931034482758621,0.6699507389162561,0.6403940886699507,0.6699507389162561
August 2016,0.6202385298977144,Spain,0.4236453201970443,0.7536945812807881,0.812807881773399,0.6896551724137931,0.58128078817734,0.5714285714285714
September 2016,999.0,Spain,0.014778325123152709,0.7783251231527087,0.8275862068965517,0.7093596059113301,0.5517241379310345,0.5073891625615763
October 2016,999.0,Spain,0.09852216748768473,0.768472906403941,0.8472906403940886,0.7241379310344828,0.4285714285714286,0.37438423645320046
November 2016,0.5835536292978093,Spain,0.9064039408866995,0.32019704433497537,0.8620689655172414,0.7389162561576355,0.4482758620689655,0.35960591133004927
December 2016,0.3916592532610096,Spain,0.33497536945812806,0.6059113300492611,0.8719211822660097,0.7536945812807881,0.46798029556650245,0.17733990147783252
January 2017,0.017023375407133702,Spain,0.2315270935960591,0.14285714285714285,0.8571428571428572,0.768472906403941,0.458128078817734,0.059113300492610835
February 2017,999.0,Spain,0.8275862068965517,0.7339901477832512,0.8374384236453202,0.7832512315270936,0.7142857142857143,0.15270935960591134
March 2017,0.013182281358759634,Spain,0.6650246305418719,0.625615763546798,0.8226600985221669,0.7881773399014779,0.9507389162561577,0.11330049261083744
April 2017,0.0,Spain,0.1477832512315271,0.9408866995073891,0.8029556650246306,0.8029556650246306,0.3891625615763547,0.07881773399014778
May 2017,0.02173743042312448,Spain,0.4433497536945813,0.9113300492610837,0.768472906403941,0.812807881773399,0.04926108374384237,0.13793103448275862
June 2017,0.029788006428312405,Spain,0.4088669950738916,0.9950738916256158,0.7438423645320197,0.8226600985221675,0.08374384236453201,0.18719211822660095
July 2017,999.0,Spain,0.6748768472906405,0.6354679802955665,0.7142857142857143,0.8374384236453202,0.20689655172413793,0.26108374384236455
August 2017,999.0,Spain,0.7783251231527094,0.6798029556650247,0.6748768472906405,0.8472906403940886,0.18719211822660087,0.33990147783251234
September 2017,999.0,Spain,0.0049261083743842365,0.3842364532019705,0.6059113300492611,0.8571428571428572,0.19704433497536947,0.3497536945812808
October 2017,999.0,Spain,0.0,0.9802955665024631,0.5615763546798029,0.8669950738916257,0.08866995073891626,0.2019704433497537
November 2017,999.0,Spain,0.13793103448275862,0.49261083743842365,0.5320197044334976,0.8768472906403941,0.029556650246305417,0.10837438423645321
December 2017,999.0,Spain,0.43842364532019706,0.19704433497536947,0.5123152709359604,0.8866995073891626,0.019704433497536946,0.08866995073891626
January 2018,999.0,Spain,0.6798029556650247,0.5467980295566502,0.5172413793103449,0.9014778325123153,0.03940886699507389,0.09852216748768473
February 2018,999.0,Spain,0.7881773399014779,0.024630541871921183,0.5270935960591133,0.916256157635468,0.04433497536945813,0.11822660098522167
March 2018,999.0,Spain,0.9950738916256158,0.019704433497536946,0.5369458128078818,0.9211822660098522,0.09359605911330043,0.8768472906403941
April 2018,999.0,Spain,0.8571428571428572,0.4088669950738916,0.5467980295566502,0.9408866995073578,0.19211822660098524,0.9162561576354689
May 2018,999.0,Spain,0.8029556650246306,0.1724137931034483,0.5665024630541872,0.9507389162561577,0.6798029556650247,0.8423645320197044
June 2018,0.7979142049887684,Spain,0.8522167487684729,0.28078817733990147,0.5862068965517241,0.9655172413793104,0.9359605911330049,0.8571428571428572
July 2018,0.8624023691674784,Spain,0.7389162561576355,0.2955665024630541,0.6108374384236454,0.9704433497536946,0.8719211822660089,0.8226600985221675
August 2018,999.0,Spain,0.6502463054187192,0.7733990147783252,0.6502463054187192,0.9753694581280788,0.8768472906403941,0.6798029556650247
September 2018,999.0,Spain,0.09359605911330049,0.8669950738916257,0.6699507389162561,0.9802955665024631,0.7635467980295566,0.5960591133004927
October 2018,0.24187917575378137,Spain,0.4285714285714286,0.31527093596059114,0.6847290640394089,0.9852216748768473,0.6354679802955665,0.46798029556650245
November 2018,0.34653807386776014,Spain,0.9359605911330049,0.35467980295566504,0.7044334975369458,0.9901477832512314,0.5467980295566502,0.6896551724137931
December 2018,0.5046464316101398,Spain,0.06896551724137931,0.729064039408867,0.7192118226600985,0.9950738916256158,0.645320197044335,0.2857142857142857
January 2019,0.3862707459999114,Spain,0.2413793103448276,0.22167487684729065,0.6995073891625616,1.0,0.6748768472906403,0.10344827586206896
